file name,succeeded,learning_rounds,automaton_size,learning_time,smt_time,eq_oracle_time,total_time,queries_learning,validity_query,rule1,rule2,rule3,rule4,nodes,informative_nodes,analyzed_bases,sul_steps,cache_saved,queries_eq_oracle,steps_eq_oracle
oliveira/04_11/randm04.02.02.01.020_0030.01.aba.beta,True,2,3,0.002854585647583008,0.03812670707702637,0.0013833045959472656,0.04236459732055664,13,2,0,0,6,2,127,11,1,32,0,536,8587
oliveira/04_11/randm04.02.02.01.020_0030.02.aba.beta,True,2,4,0.0032596588134765625,0.037552595138549805,0.0013844966888427734,0.04219675064086914,15,2,0,0,8,2,269,15,1,39,0,538,8590
oliveira/04_11/randm04.02.02.01.020_0030.03.aba.beta,True,3,4,0.0053157806396484375,0.047377586364746094,0.0012469291687011719,0.0539402961730957,22,3,0,0,13,3,500,18,1,73,0,540,8592
oliveira/04_11/randm04.02.02.01.020_0030.04.aba.beta,True,3,4,0.007294178009033203,0.04979276657104492,0.0013015270233154297,0.058388471603393555,24,3,0,0,15,4,1081,16,2,84,0,549,8634
oliveira/04_11/randm04.02.02.01.020_0030.05.aba.beta,True,2,4,0.0028967857360839844,0.03644275665283203,0.0013256072998046875,0.0406651496887207,15,2,0,0,8,2,269,15,1,39,0,544,8612
oliveira/04_11/randm04.02.02.02.020_0030.01.aba.beta,True,1,1,0.0009708404541015625,0.033177852630615234,0.0012814998626708984,0.035430192947387695,3,1,0,0,0,1,9,3,1,2,0,543,8623
oliveira/04_11/randm04.02.02.02.020_0030.02.aba.beta,True,1,1,0.0008666515350341797,0.029830455780029297,0.0012900829315185547,0.03198719024658203,3,1,0,0,0,1,9,3,1,2,0,537,8598
oliveira/04_11/randm04.02.02.02.020_0030.03.aba.beta,True,1,1,0.0008306503295898438,0.03314685821533203,0.0011434555053710938,0.03512096405029297,3,1,0,0,0,1,9,3,1,2,0,527,8532
oliveira/04_11/randm04.02.02.02.020_0030.04.aba.beta,True,1,1,0.0009202957153320312,0.030301332473754883,0.0012776851654052734,0.03249931335449219,3,1,0,0,0,1,9,3,1,2,0,536,8589
oliveira/04_11/randm04.02.02.02.020_0030.05.aba.beta,True,1,1,0.0008995532989501953,0.03076791763305664,0.0011413097381591797,0.032808780670166016,3,1,0,0,0,1,9,3,1,2,0,536,8583
oliveira/04_11/randm04.02.02.03.020_0030.01.aba.beta,True,2,3,0.0036001205444335938,0.039026498794555664,0.0017707347869873047,0.04439735412597656,12,2,0,0,2,4,276,12,3,28,0,536,8563
oliveira/04_11/randm04.02.02.03.020_0030.02.aba.beta,True,4,3,0.00702977180480957,0.05243515968322754,0.0012683868408203125,0.06073331832885742,14,4,0,0,2,6,891,12,3,62,0,597,9269
oliveira/04_11/randm04.02.02.03.020_0030.03.aba.beta,True,2,3,0.0024302005767822266,0.005600452423095703,0.0013005733489990234,0.009331226348876953,10,2,0,0,3,2,129,10,1,21,0,540,8598
oliveira/04_11/randm04.02.02.03.020_0030.04.aba.beta,True,2,3,0.0025954246520996094,0.006184101104736328,0.0012211799621582031,0.01000070571899414,10,2,0,0,3,2,129,10,1,21,0,543,8612
oliveira/04_11/randm04.02.02.03.020_0030.05.aba.beta,True,3,3,0.005687713623046875,0.04508328437805176,0.0012664794921875,0.05203747749328613,14,3,0,0,3,5,551,11,3,42,0,547,8614
oliveira/04_11/randm04.02.02.04.020_0030.01.aba.beta,True,1,1,0.0008883476257324219,0.02992534637451172,0.0015938282012939453,0.032407522201538086,3,1,0,0,0,1,9,3,1,2,0,529,8558
oliveira/04_11/randm04.02.02.04.020_0030.02.aba.beta,True,1,1,0.0008177757263183594,0.02942490577697754,0.0012869834899902344,0.03152966499328613,3,1,0,0,0,1,9,3,1,2,0,531,8570
oliveira/04_11/randm04.02.02.04.020_0030.03.aba.beta,True,1,1,0.0010709762573242188,0.002424955368041992,0.0011341571807861328,0.004630088806152344,3,1,0,0,0,1,9,3,1,2,0,532,8571
oliveira/04_11/randm04.02.02.04.020_0030.04.aba.beta,True,1,1,0.000926971435546875,0.0020093917846679688,0.001834869384765625,0.004771232604980469,3,1,0,0,0,1,9,3,1,2,0,535,8587
oliveira/04_11/randm04.02.02.04.020_0030.05.aba.beta,True,1,1,0.0011200904846191406,0.002209901809692383,0.0011601448059082031,0.0044901371002197266,3,1,0,0,0,1,9,3,1,2,0,539,8598
oliveira/04_11/randm04.02.02.05.020_0030.01.aba.beta,True,1,2,0.0012249946594238281,0.0026483535766601562,0.001153707504272461,0.005027055740356445,5,1,0,0,0,1,23,5,1,6,0,533,8580
oliveira/04_11/randm04.02.02.05.020_0030.02.aba.beta,True,1,2,0.0016362667083740234,0.0029404163360595703,0.0013322830200195312,0.005908966064453125,5,1,0,0,0,1,23,5,1,6,0,529,8561
oliveira/04_11/randm04.02.02.05.020_0030.03.aba.beta,True,1,2,0.001409292221069336,0.003726959228515625,0.0011949539184570312,0.006331205368041992,5,1,0,0,0,1,23,5,1,6,0,538,8604
oliveira/04_11/randm04.02.02.05.020_0030.04.aba.beta,True,1,2,0.0013217926025390625,0.03033733367919922,0.001314401626586914,0.032973527908325195,5,1,0,0,0,1,23,5,1,6,0,531,8548
oliveira/04_11/randm04.02.02.05.020_0030.05.aba.beta,True,1,2,0.001405954360961914,0.002705097198486328,0.0012176036834716797,0.005328655242919922,5,1,0,0,0,1,23,5,1,6,0,528,8549
oliveira/04_11/randm04.02.02.06.020_0030.01.aba.beta,True,2,3,0.0037119388580322266,0.00858616828918457,0.0011348724365234375,0.013432979583740234,19,2,0,0,8,2,364,12,1,83,0,534,8558
oliveira/04_11/randm04.02.02.06.020_0030.02.aba.beta,True,2,3,0.00815439224243164,0.01157522201538086,0.001215219497680664,0.020944833755493164,16,2,0,0,7,3,504,15,2,50,0,552,8677
oliveira/04_11/randm04.02.02.06.020_0030.03.aba.beta,True,2,3,0.003592252731323242,0.0066721439361572266,0.0010640621185302734,0.011328458786010742,11,2,0,0,4,2,136,11,1,26,0,540,8602
oliveira/04_11/randm04.02.02.06.020_0030.04.aba.beta,True,3,3,0.004412651062011719,0.011977910995483398,0.0013840198516845703,0.017774581909179688,11,3,0,0,3,3,240,10,1,33,0,556,8693
oliveira/04_11/randm04.02.02.06.020_0030.05.aba.beta,True,2,3,0.0028448104858398438,0.008035898208618164,0.0011320114135742188,0.012012720108032227,15,2,0,0,6,2,201,13,1,45,0,546,8620
oliveira/04_11/randm04.02.02.07.020_0030.01.aba.beta,True,1,2,0.0011255741119384766,0.0028390884399414062,0.0011479854583740234,0.005112648010253906,5,1,0,0,0,1,20,5,1,6,0,531,8557
oliveira/04_11/randm04.02.02.07.020_0030.02.aba.beta,True,1,2,0.0014276504516601562,0.0032761096954345703,0.001073598861694336,0.0057773590087890625,5,1,0,0,0,1,20,5,1,6,0,531,8567
oliveira/04_11/randm04.02.02.07.020_0030.03.aba.beta,True,1,2,0.0010995864868164062,0.003236532211303711,0.0010571479797363281,0.005393266677856445,5,1,0,0,0,1,20,5,1,6,0,538,8600
oliveira/04_11/randm04.02.02.07.020_0030.04.aba.beta,True,1,2,0.001085042953491211,0.0030748844146728516,0.0011625289916992188,0.005322456359863281,5,1,0,0,0,1,20,5,1,6,0,538,8598
oliveira/04_11/randm04.02.02.07.020_0030.05.aba.beta,True,1,2,0.0010595321655273438,0.0030128955841064453,0.0012805461883544922,0.005352973937988281,5,1,0,0,0,1,20,5,1,6,0,541,8614
oliveira/04_11/randm04.02.02.08.020_0030.01.aba.beta,True,5,4,0.028657197952270508,0.08373093605041504,0.001394033432006836,0.11378216743469238,54,5,0,0,37,11,7523,32,7,298,0,664,10117
oliveira/04_11/randm04.02.02.08.020_0030.02.aba.beta,True,9,4,0.03235983848571777,0.07690072059631348,0.0015895366668701172,0.11085009574890137,38,9,0,0,22,11,6348,21,3,224,0,726,10963
oliveira/04_11/randm04.02.02.08.020_0030.03.aba.beta,True,3,4,0.007375478744506836,0.013274431228637695,0.0013086795806884766,0.021958589553833008,23,3,0,0,14,3,641,19,1,91,0,604,9528
oliveira/04_11/randm04.02.02.08.020_0030.04.aba.beta,True,2,4,0.0050506591796875,0.008138895034790039,0.0010411739349365234,0.014230728149414062,22,2,0,0,14,2,395,18,1,79,0,543,8614
oliveira/04_11/randm04.02.02.08.020_0030.05.aba.beta,True,2,4,0.004617214202880859,0.013818740844726562,0.0011336803436279297,0.01956963539123535,23,2,0,0,12,4,665,21,3,84,0,546,8631
oliveira/04_11/randm04.02.02.09.020_0030.01.aba.beta,True,2,3,0.002988576889038086,0.009034395217895508,0.001191854476928711,0.013214826583862305,11,2,0,0,3,3,167,11,2,29,0,541,8608
oliveira/04_11/randm04.02.02.09.020_0030.02.aba.beta,True,3,3,0.006055593490600586,0.014807701110839844,0.0012958049774169922,0.022159099578857422,11,3,0,0,2,4,387,10,2,51,0,579,9244
oliveira/04_11/randm04.02.02.09.020_0030.03.aba.beta,True,2,3,0.0040781497955322266,0.0202329158782959,0.0012116432189941406,0.025522708892822266,13,2,0,0,1,5,446,12,4,35,0,545,8636
oliveira/04_11/randm04.02.02.09.020_0030.04.aba.beta,True,2,3,0.0065746307373046875,0.022688865661621094,0.0011141300201416016,0.030377626419067383,13,2,0,0,1,5,577,13,4,41,0,553,8716
oliveira/04_11/randm04.02.02.09.020_0030.05.aba.beta,True,2,3,0.0031816959381103516,0.011201858520507812,0.0012655258178710938,0.015649080276489258,11,2,0,0,3,3,265,11,2,36,0,549,8669
oliveira/04_11/randm04.02.02.10.020_0030.01.aba.beta,True,6,4,0.027971982955932617,0.09944462776184082,0.0016264915466308594,0.1290431022644043,30,6,0,0,6,15,6021,24,10,146,0,688,10521
oliveira/04_11/randm04.02.02.10.020_0030.02.aba.beta,True,4,4,0.013933897018432617,0.060883283615112305,0.001306772232055664,0.07612395286560059,23,4,0,0,3,12,2397,19,9,85,0,573,9070
oliveira/04_11/randm04.02.02.10.020_0030.03.aba.beta,True,3,4,0.01571822166442871,0.06579327583312988,0.0013132095336914062,0.08282470703125,22,3,0,0,3,11,3384,19,9,111,0,589,9306
oliveira/04_11/randm04.02.02.10.020_0030.04.aba.beta,True,2,4,0.015424489974975586,0.0631561279296875,0.0011534690856933594,0.07973408699035645,27,2,0,0,7,11,3207,20,10,104,0,555,8784
oliveira/04_11/randm04.02.02.10.020_0030.05.aba.beta,True,2,4,0.011652946472167969,0.06366443634033203,0.001252889633178711,0.07657027244567871,27,2,0,0,7,11,2913,21,10,104,0,560,8819
oliveira/04_11/randm04.02.02.11.020_0030.01.aba.beta,True,3,4,0.00495457649230957,0.013951539993286133,0.0018756389617919922,0.020781755447387695,22,3,0,0,13,3,407,18,1,62,0,844,13361
oliveira/04_11/randm04.02.02.11.020_0030.02.aba.beta,True,3,4,0.007184505462646484,0.013251304626464844,0.0019118785858154297,0.022347688674926758,22,3,0,0,13,3,407,21,1,62,0,841,13341
oliveira/04_11/randm04.02.02.11.020_0030.03.aba.beta,True,3,4,0.004720211029052734,0.011089086532592773,0.0011868476867675781,0.016996145248413086,21,3,0,0,12,3,379,16,1,70,0,551,8634
oliveira/04_11/randm04.02.02.11.020_0030.04.aba.beta,True,4,4,0.009218215942382812,0.017496585845947266,0.0011942386627197266,0.027909040451049805,23,4,0,0,13,4,671,15,1,87,0,554,8644
oliveira/04_11/randm04.02.02.11.020_0030.05.aba.beta,True,5,4,0.008966684341430664,0.02077627182006836,0.0017445087432861328,0.031487464904785156,30,5,0,0,19,5,1031,19,1,115,0,795,12785
oliveira/04_11/randm04.02.02.12.020_0030.01.aba.beta,True,2,3,0.003805398941040039,0.02117300033569336,0.0012459754943847656,0.026224374771118164,16,2,0,0,4,5,474,16,4,50,0,545,8621
oliveira/04_11/randm04.02.02.12.020_0030.02.aba.beta,True,3,3,0.006528139114379883,0.02458786964416504,0.0012023448944091797,0.0323183536529541,18,3,0,0,5,6,796,13,4,62,0,561,8708
oliveira/04_11/randm04.02.02.12.020_0030.03.aba.beta,True,2,3,0.0033969879150390625,0.010094404220581055,0.0011560916900634766,0.014647483825683594,15,2,0,0,7,3,222,14,2,42,0,551,8639
oliveira/04_11/randm04.02.02.12.020_0030.04.aba.beta,True,2,3,0.00284576416015625,0.009834527969360352,0.0012056827545166016,0.013885974884033203,16,2,0,0,8,3,197,15,2,46,0,541,8599
oliveira/04_11/randm04.02.02.12.020_0030.05.aba.beta,True,2,3,0.00511622428894043,0.011634111404418945,0.0012125968933105469,0.017962932586669922,16,2,0,0,8,3,257,16,2,50,0,540,8607
oliveira/04_11/randm04.02.02.13.020_0030.01.aba.beta,True,1,1,0.0012409687042236328,0.001939535140991211,0.0012364387512207031,0.004416942596435547,3,1,0,0,0,1,9,3,1,2,0,528,8539
oliveira/04_11/randm04.02.02.13.020_0030.02.aba.beta,True,1,1,0.0012443065643310547,0.0018088817596435547,0.0012323856353759766,0.004285573959350586,3,1,0,0,0,1,9,3,1,2,0,535,8584
oliveira/04_11/randm04.02.02.13.020_0030.03.aba.beta,True,1,1,0.0007431507110595703,0.0017864704132080078,0.0011453628540039062,0.0036749839782714844,3,1,0,0,0,1,9,3,1,2,0,534,8583
oliveira/04_11/randm04.02.02.13.020_0030.04.aba.beta,True,1,1,0.001117706298828125,0.0020580291748046875,0.0011527538299560547,0.004328489303588867,3,1,0,0,0,1,9,3,1,2,0,537,8593
oliveira/04_11/randm04.02.02.13.020_0030.05.aba.beta,True,1,1,0.001209259033203125,0.0018808841705322266,0.005250215530395508,0.00834035873413086,3,1,0,0,0,1,9,3,1,2,0,543,8623
oliveira/04_11/randm04.02.02.14.020_0030.01.aba.beta,True,3,4,0.005079984664916992,0.010732173919677734,0.0011334419250488281,0.016945600509643555,20,3,0,0,11,3,340,17,1,60,0,547,8613
oliveira/04_11/randm04.02.02.14.020_0030.02.aba.beta,True,3,4,0.004807710647583008,0.009889841079711914,0.0011987686157226562,0.015896320343017578,16,3,0,0,7,3,378,12,1,42,0,542,8599
oliveira/04_11/randm04.02.02.14.020_0030.03.aba.beta,True,4,4,0.015408039093017578,0.05175638198852539,0.0012927055358886719,0.06845712661743164,31,4,0,0,14,10,2475,17,7,142,0,570,8785
oliveira/04_11/randm04.02.02.14.020_0030.04.aba.beta,True,3,4,0.009832620620727539,0.034271240234375,0.0011203289031982422,0.04522418975830078,31,3,0,0,11,7,1573,21,5,141,0,554,8684
oliveira/04_11/randm04.02.02.14.020_0030.05.aba.beta,True,3,4,0.004734039306640625,0.011179924011230469,0.0011649131774902344,0.017078876495361328,18,3,0,0,9,3,340,16,1,48,0,539,8574
oliveira/04_11/randm04.02.02.15.020_0030.01.aba.beta,True,1,2,0.0014352798461914062,0.00252532958984375,0.00115203857421875,0.005112648010253906,5,1,0,0,0,1,25,4,1,6,0,533,8586
oliveira/04_11/randm04.02.02.15.020_0030.02.aba.beta,True,1,2,0.002794027328491211,0.002431631088256836,0.0011622905731201172,0.006387948989868164,5,1,0,0,0,1,20,5,1,6,0,532,8581
oliveira/04_11/randm04.02.02.15.020_0030.03.aba.beta,True,1,2,0.0012598037719726562,0.002566099166870117,0.0011401176452636719,0.004966020584106445,5,1,0,0,0,1,20,5,1,6,0,541,8605
oliveira/04_11/randm04.02.02.15.020_0030.04.aba.beta,True,1,2,0.0011739730834960938,0.0027608871459960938,0.0011281967163085938,0.005063056945800781,5,1,0,0,0,1,20,5,1,6,0,542,8616
oliveira/04_11/randm04.02.02.15.020_0030.05.aba.beta,True,1,2,0.001085519790649414,0.002421140670776367,0.0011463165283203125,0.004652976989746094,5,1,0,0,0,1,20,5,1,6,0,534,8580
oliveira/04_11/randm04.02.02.16.020_0030.01.aba.beta,True,2,3,0.002416372299194336,0.005563497543334961,0.001108407974243164,0.009088277816772461,12,2,0,0,3,2,179,12,1,29,0,536,8574
oliveira/04_11/randm04.02.02.16.020_0030.02.aba.beta,True,2,3,0.004176616668701172,0.011671781539916992,0.0011272430419921875,0.01697564125061035,14,2,0,0,4,4,523,11,3,39,0,540,8589
oliveira/04_11/randm04.02.02.16.020_0030.03.aba.beta,True,2,3,0.0034966468811035156,0.012541770935058594,0.001112222671508789,0.0171506404876709,13,2,0,0,3,4,371,13,3,35,0,546,8632
oliveira/04_11/randm04.02.02.16.020_0030.04.aba.beta,True,2,3,0.0037450790405273438,0.011044502258300781,0.0010972023010253906,0.015886783599853516,13,2,0,0,3,4,362,12,3,34,0,549,8641
oliveira/04_11/randm04.02.02.16.020_0030.05.aba.beta,True,2,3,0.0028390884399414062,0.006666421890258789,0.0012171268463134766,0.010722637176513672,14,2,0,0,3,2,257,13,1,40,0,541,8613
oliveira/04_11/randm04.02.02.17.020_0030.01.aba.beta,True,2,3,0.003655672073364258,0.01882481575012207,0.0011284351348876953,0.023608922958374023,12,2,0,0,0,5,332,12,4,31,0,549,8649
oliveira/04_11/randm04.02.02.17.020_0030.02.aba.beta,True,2,3,0.0036084651947021484,0.02483677864074707,0.0012340545654296875,0.029679298400878906,12,2,0,0,0,5,452,12,4,37,0,553,8710
oliveira/04_11/randm04.02.02.17.020_0030.03.aba.beta,True,2,3,0.0030329227447509766,0.009004592895507812,0.001123666763305664,0.013161182403564453,10,2,0,0,2,3,186,10,2,26,0,535,8562
oliveira/04_11/randm04.02.02.17.020_0030.04.aba.beta,True,2,3,0.0029706954956054688,0.009076356887817383,0.0011556148529052734,0.013202667236328125,10,2,0,0,2,3,212,10,2,28,0,535,8572
oliveira/04_11/randm04.02.02.17.020_0030.05.aba.beta,True,2,3,0.003693103790283203,0.01816534996032715,0.0011789798736572266,0.023037433624267578,12,2,0,0,0,5,352,12,4,32,0,540,8576
oliveira/04_11/randm04.02.02.18.020_0030.01.aba.beta,True,3,4,0.011161327362060547,0.03675079345703125,0.001207113265991211,0.04911923408508301,45,3,0,0,33,7,2185,27,5,202,0,560,8700
oliveira/04_11/randm04.02.02.18.020_0030.02.aba.beta,True,3,4,0.00684356689453125,0.02497124671936035,0.001325368881225586,0.03314018249511719,23,3,0,0,12,6,941,20,4,83,0,561,8719
oliveira/04_11/randm04.02.02.18.020_0030.03.aba.beta,True,3,4,0.011545658111572266,0.048005104064941406,0.0011632442474365234,0.060714006423950195,38,3,0,0,25,9,2503,26,7,151,0,560,8728
oliveira/04_11/randm04.02.02.18.020_0030.04.aba.beta,True,3,4,0.01320505142211914,0.04493832588195801,0.0012118816375732422,0.05935525894165039,48,3,0,0,36,7,2959,30,5,241,0,559,8780
oliveira/04_11/randm04.02.02.18.020_0030.05.aba.beta,True,3,4,0.011353492736816406,0.03815603256225586,0.0011105537414550781,0.050620079040527344,47,3,0,0,35,7,2145,28,5,211,0,547,8625
oliveira/04_11/randm04.02.02.19.020_0030.01.aba.beta,True,2,3,0.007218122482299805,0.018533945083618164,0.0012040138244628906,0.02695608139038086,19,2,0,0,6,5,793,17,4,64,0,541,8599
oliveira/04_11/randm04.02.02.19.020_0030.02.aba.beta,True,2,3,0.005178213119506836,0.02231907844543457,0.001199960708618164,0.02869725227355957,18,2,0,0,5,5,943,16,4,63,0,553,8685
oliveira/04_11/randm04.02.02.19.020_0030.03.aba.beta,True,2,3,0.003253459930419922,0.0105438232421875,0.0011854171752929688,0.01498270034790039,16,2,0,0,7,3,451,14,2,52,0,537,8585
oliveira/04_11/randm04.02.02.19.020_0030.04.aba.beta,True,2,3,0.0036852359771728516,0.010020971298217773,0.0011935234069824219,0.014899730682373047,16,2,0,0,7,3,522,13,2,50,0,538,8589
oliveira/04_11/randm04.02.02.19.020_0030.05.aba.beta,True,3,3,0.006458759307861328,0.025589704513549805,0.0011594295501708984,0.03320789337158203,15,3,0,0,2,6,1061,12,4,61,0,563,8791
oliveira/04_11/randm05.02.02.01.020_0030.01.aba.beta,True,2,3,0.0023887157440185547,0.007391452789306641,0.0011379718780517578,0.010918140411376953,17,2,0,0,8,2,224,16,1,56,0,536,8566
oliveira/04_11/randm05.02.02.01.020_0030.02.aba.beta,True,2,3,0.0027594566345214844,0.007065773010253906,0.0012197494506835938,0.011044979095458984,17,2,0,0,8,2,224,15,1,56,0,542,8607
oliveira/04_11/randm05.02.02.01.020_0030.03.aba.beta,True,3,3,0.005303621292114258,0.011763811111450195,0.0011219978332519531,0.018189430236816406,17,3,0,0,9,3,508,11,1,60,0,557,8677
oliveira/04_11/randm05.02.02.01.020_0030.04.aba.beta,True,2,3,0.0029168128967285156,0.006249666213989258,0.0010979175567626953,0.010264396667480469,13,2,0,0,6,2,159,11,1,36,0,537,8578
oliveira/04_11/randm05.02.02.01.020_0030.05.aba.beta,True,2,3,0.002727031707763672,0.006278514862060547,0.001394033432006836,0.010399580001831055,13,2,0,0,6,2,159,11,1,36,0,525,8509
oliveira/04_11/randm05.02.02.02.020_0030.01.aba.beta,True,2,3,0.0027616024017333984,0.006862163543701172,0.0011916160583496094,0.01081538200378418,18,2,0,0,11,2,307,14,1,62,0,524,8509
oliveira/04_11/randm05.02.02.02.020_0030.02.aba.beta,True,2,3,0.0034682750701904297,0.012213945388793945,0.0011124610900878906,0.016794681549072266,13,2,0,0,3,4,486,10,3,36,0,544,8631
oliveira/04_11/randm05.02.02.02.020_0030.03.aba.beta,True,3,3,0.0058879852294921875,0.018959760665893555,0.0012199878692626953,0.026067733764648438,17,3,0,0,6,5,840,12,3,75,0,563,8853
oliveira/04_11/randm05.02.02.02.020_0030.04.aba.beta,True,2,3,0.0023691654205322266,0.007248640060424805,0.0011506080627441406,0.010768413543701172,17,2,0,0,10,2,181,16,1,56,0,537,8583
oliveira/04_11/randm05.02.02.02.020_0030.05.aba.beta,True,2,3,0.0026619434356689453,0.006599903106689453,0.0011470317840576172,0.010408878326416016,17,2,0,0,10,2,181,14,1,56,0,535,8572
oliveira/04_11/randm05.02.02.03.020_0030.01.aba.beta,True,1,1,0.0011491775512695312,0.0018458366394042969,0.0011126995086669922,0.00410771369934082,3,1,0,0,0,1,9,3,1,2,0,543,8619
oliveira/04_11/randm05.02.02.03.020_0030.02.aba.beta,True,1,1,0.0010676383972167969,0.005267620086669922,0.0011463165283203125,0.007481575012207031,3,1,0,0,0,1,9,3,1,2,0,538,8597
oliveira/04_11/randm05.02.02.03.020_0030.03.aba.beta,True,1,1,0.0010058879852294922,0.001695871353149414,0.0011775493621826172,0.0038793087005615234,3,1,0,0,0,1,9,3,1,2,0,537,8598
oliveira/04_11/randm05.02.02.03.020_0030.04.aba.beta,True,1,1,0.0007665157318115234,0.001966714859008789,0.0011773109436035156,0.003910541534423828,3,1,0,0,0,1,9,3,1,2,0,534,8583
oliveira/04_11/randm05.02.02.03.020_0030.05.aba.beta,True,1,1,0.0008654594421386719,0.002009153366088867,0.0011243820190429688,0.003998994827270508,3,1,0,0,0,1,9,3,1,2,0,521,8531
oliveira/04_11/randm05.02.02.04.020_0030.01.aba.beta,True,3,5,0.020618915557861328,0.044888973236083984,0.0012104511260986328,0.06671833992004395,38,3,0,0,24,8,4861,22,6,175,0,592,9217
oliveira/04_11/randm05.02.02.04.020_0030.02.aba.beta,True,4,5,0.015506267547607422,0.03404974937438965,0.0013394355773925781,0.05089545249938965,30,4,0,0,17,7,3063,21,4,121,0,591,9164
oliveira/04_11/randm05.02.02.04.020_0030.03.aba.beta,True,4,5,0.018916845321655273,0.046390533447265625,0.001245260238647461,0.06655263900756836,41,4,0,0,22,7,4034,28,4,222,0,588,8919
oliveira/04_11/randm05.02.02.04.020_0030.04.aba.beta,True,8,5,0.047737836837768555,0.11229777336120605,0.0015947818756103516,0.16163039207458496,72,8,0,0,55,13,10788,41,6,408,0,738,11116
oliveira/04_11/randm05.02.02.04.020_0030.05.aba.beta,True,6,5,0.03260207176208496,0.09332585334777832,0.0014104843139648438,0.12733840942382812,70,6,0,0,55,11,7721,38,6,364,0,647,9939
oliveira/04_11/randm05.02.02.05.020_0030.01.aba.beta,True,3,4,0.009259700775146484,0.03495621681213379,0.001184225082397461,0.045400142669677734,28,3,0,0,11,8,1308,19,6,113,0,551,8627
oliveira/04_11/randm05.02.02.05.020_0030.02.aba.beta,True,3,4,0.008632898330688477,0.03318166732788086,0.0011928081512451172,0.04300737380981445,36,3,0,0,23,6,1475,22,4,171,0,545,8604
oliveira/04_11/randm05.02.02.05.020_0030.03.aba.beta,True,3,4,0.011251688003540039,0.027062654495239258,0.001093149185180664,0.03940749168395996,42,3,0,0,29,6,1789,23,4,209,0,544,8593
oliveira/04_11/randm05.02.02.05.020_0030.04.aba.beta,True,5,4,0.013299942016601562,0.040474891662597656,0.0012888908386230469,0.055063724517822266,31,5,0,0,16,8,2276,20,4,179,0,609,9408
oliveira/04_11/randm05.02.02.05.020_0030.05.aba.beta,True,3,4,0.009716510772705078,0.03543353080749512,0.0012736320495605469,0.04642367362976074,33,3,0,0,16,8,2108,23,6,161,0,565,8843
oliveira/04_11/randm05.02.02.06.020_0030.01.aba.beta,True,6,5,0.0363767147064209,0.09334206581115723,0.0015721321105957031,0.13129091262817383,51,6,0,0,29,13,8541,26,8,265,0,722,11047
oliveira/04_11/randm05.02.02.06.020_0030.02.aba.beta,True,6,5,0.08135652542114258,0.1592862606048584,0.0012106895446777344,0.2418534755706787,74,6,0,0,53,16,21633,29,11,470,0,590,8859
oliveira/04_11/randm05.02.02.06.020_0030.03.aba.beta,True,5,5,0.06430888175964355,0.12541508674621582,0.0014119148254394531,0.19113588333129883,83,5,0,0,64,15,18663,30,11,524,0,615,9532
oliveira/04_11/randm05.02.02.06.020_0030.04.aba.beta,True,7,5,0.07854127883911133,0.18612456321716309,0.0015552043914794922,0.2662210464477539,78,7,0,0,53,20,24783,34,14,501,0,705,10615
oliveira/04_11/randm05.02.02.06.020_0030.05.aba.beta,True,6,5,0.035761117935180664,0.08151960372924805,0.0012395381927490234,0.11852025985717773,57,6,0,0,35,11,9021,28,6,314,0,596,8919
oliveira/04_11/randm05.02.02.07.020_0030.01.aba.beta,True,6,5,0.050446271896362305,0.13254880905151367,0.0016758441925048828,0.18467092514038086,43,6,0,0,23,15,13980,29,10,250,0,797,12171
oliveira/04_11/randm05.02.02.07.020_0030.02.aba.beta,True,6,5,0.06619119644165039,0.13881707191467285,0.0015816688537597656,0.206589937210083,57,6,0,0,38,15,17688,35,10,322,0,740,11278
oliveira/04_11/randm05.02.02.07.020_0030.03.aba.beta,True,5,5,0.02730560302734375,0.05942559242248535,0.0012509822845458984,0.087982177734375,42,5,0,0,24,10,6901,25,6,215,0,588,9037
oliveira/04_11/randm05.02.02.07.020_0030.04.aba.beta,True,8,5,0.14490437507629395,0.28075575828552246,0.0018966197967529297,0.42755675315856934,63,8,0,0,37,28,48378,32,21,423,0,904,13752
oliveira/04_11/randm05.02.02.07.020_0030.05.aba.beta,True,7,5,0.06160092353820801,0.1390695571899414,0.0020003318786621094,0.20267081260681152,46,7,0,0,27,15,17681,28,9,275,0,834,12679
oliveira/04_11/randm05.02.02.08.020_0030.01.aba.beta,True,3,3,0.0060138702392578125,0.010787487030029297,0.0011458396911621094,0.01794719696044922,13,3,0,0,2,3,313,12,1,39,0,542,8605
oliveira/04_11/randm05.02.02.08.020_0030.02.aba.beta,True,2,3,0.0033571720123291016,0.006562471389770508,0.0012140274047851562,0.011133670806884766,13,2,0,0,2,2,220,13,1,34,0,546,8621
oliveira/04_11/randm05.02.02.08.020_0030.03.aba.beta,True,5,3,0.008151054382324219,0.02051377296447754,0.0012586116790771484,0.029923439025878906,16,5,0,0,6,5,759,10,1,57,0,563,8700
oliveira/04_11/randm05.02.02.08.020_0030.04.aba.beta,True,2,3,0.0024521350860595703,0.0068798065185546875,0.001125335693359375,0.010457277297973633,10,2,0,0,3,2,129,10,1,22,0,539,8597
oliveira/04_11/randm05.02.02.08.020_0030.05.aba.beta,True,2,3,0.0030889511108398438,0.007058620452880859,0.0011930465698242188,0.011340618133544922,12,2,0,0,2,2,193,11,1,28,0,545,8613
oliveira/04_11/randm05.02.02.09.020_0030.01.aba.beta,True,4,4,0.012775897979736328,0.0441889762878418,0.001329183578491211,0.058294057846069336,26,4,0,0,12,9,2064,19,6,137,0,649,10132
oliveira/04_11/randm05.02.02.09.020_0030.02.aba.beta,True,2,4,0.008224248886108398,0.02762627601623535,0.0011899471282958984,0.03704047203063965,25,2,0,0,11,6,1603,15,5,97,0,553,8681
oliveira/04_11/randm05.02.02.09.020_0030.03.aba.beta,True,3,4,0.005633831024169922,0.014717340469360352,0.0011959075927734375,0.02154707908630371,24,3,0,0,14,3,693,13,1,111,0,586,9144
oliveira/04_11/randm05.02.02.09.020_0030.04.aba.beta,True,3,4,0.006483316421508789,0.013649463653564453,0.0011785030364990234,0.021311283111572266,17,3,0,0,7,3,598,12,1,61,0,550,8635
oliveira/04_11/randm05.02.02.09.020_0030.05.aba.beta,True,3,4,0.005288124084472656,0.011860847473144531,0.0011675357818603516,0.01831650733947754,18,3,0,0,8,3,502,11,1,62,0,545,8619
oliveira/04_11/randm05.02.02.10.020_0030.01.aba.beta,True,8,5,0.03129768371582031,0.069183349609375,0.001397848129272461,0.10187888145446777,33,8,0,0,16,9,6692,21,2,210,0,647,9744
oliveira/04_11/randm05.02.02.10.020_0030.02.aba.beta,True,4,5,0.016680002212524414,0.045221805572509766,0.0011837482452392578,0.06308555603027344,32,4,0,0,16,8,3457,24,5,146,0,583,8945
oliveira/04_11/randm05.02.02.10.020_0030.03.aba.beta,True,5,5,0.026242733001708984,0.059099674224853516,0.00131988525390625,0.08666229248046875,33,5,0,0,17,9,4938,23,5,180,0,599,9220
oliveira/04_11/randm05.02.02.10.020_0030.04.aba.beta,True,6,5,0.03541135787963867,0.0837564468383789,0.0023386478424072266,0.1215064525604248,72,6,0,0,50,9,8512,34,4,409,0,1117,17479
oliveira/04_11/randm05.02.02.10.020_0030.05.aba.beta,True,6,5,0.04715681076049805,0.12036800384521484,0.0013408660888671875,0.16886568069458008,57,6,0,0,34,16,12797,32,11,307,0,641,9859
oliveira/04_11/randm05.02.02.11.020_0030.01.aba.beta,True,4,5,0.016819238662719727,0.03412318229675293,0.0024466514587402344,0.05338907241821289,39,4,0,0,23,6,3584,22,3,176,0,1214,19034
oliveira/04_11/randm05.02.02.11.020_0030.02.aba.beta,True,4,5,0.025145530700683594,0.060851335525512695,0.002384662628173828,0.08838152885437012,57,4,0,0,42,9,5774,35,6,267,0,1134,18070
oliveira/04_11/randm05.02.02.11.020_0030.03.aba.beta,True,5,5,0.030811786651611328,0.05676889419555664,0.0012857913970947266,0.0888664722442627,50,5,0,0,37,8,8595,30,4,240,0,612,9532
oliveira/04_11/randm05.02.02.11.020_0030.04.aba.beta,True,3,5,0.026446819305419922,0.05082392692565918,0.0011823177337646484,0.07845306396484375,90,3,0,0,78,7,6466,33,5,537,0,547,8647
oliveira/04_11/randm05.02.02.11.020_0030.05.aba.beta,True,10,5,0.05261564254760742,0.11601090431213379,0.004812002182006836,0.17343854904174805,69,10,0,0,48,15,12362,44,6,346,0,2239,35105
oliveira/04_11/randm05.02.02.12.020_0030.01.aba.beta,True,2,3,0.00396728515625,0.012680768966674805,0.0011479854583740234,0.017796039581298828,13,2,0,0,2,4,367,12,3,32,0,542,8611
oliveira/04_11/randm05.02.02.12.020_0030.02.aba.beta,True,2,3,0.004537820816040039,0.016724348068237305,0.0010938644409179688,0.022356033325195312,15,2,0,0,2,5,571,14,4,41,0,546,8628
oliveira/04_11/randm05.02.02.12.020_0030.03.aba.beta,True,5,3,0.00971221923828125,0.03154253959655762,0.0013098716735839844,0.04256463050842285,15,5,0,0,0,8,1090,12,4,79,0,587,9156
oliveira/04_11/randm05.02.02.12.020_0030.04.aba.beta,True,2,3,0.002813100814819336,0.0062923431396484375,0.0011360645294189453,0.010241508483886719,11,2,0,0,2,2,161,11,1,26,0,547,8625
oliveira/04_11/randm05.02.02.12.020_0030.05.aba.beta,True,3,3,0.004930973052978516,0.012084245681762695,0.0012519359588623047,0.018267154693603516,16,3,0,0,2,3,457,12,1,72,0,588,9202
oliveira/04_11/randm05.02.02.13.020_0030.01.aba.beta,True,3,5,0.02185201644897461,0.0709071159362793,0.0011601448059082031,0.09391927719116211,48,3,0,0,28,12,4936,34,10,213,0,541,8576
oliveira/04_11/randm05.02.02.13.020_0030.02.aba.beta,True,8,5,0.032776594161987305,0.09256696701049805,0.0013663768768310547,0.1267099380493164,43,8,0,0,18,14,6836,25,7,245,0,683,10138
oliveira/04_11/randm05.02.02.13.020_0030.03.aba.beta,True,3,5,0.013662338256835938,0.035549163818359375,0.001199960708618164,0.05041146278381348,36,3,0,0,17,6,2774,25,4,178,0,570,8829
oliveira/04_11/randm05.02.02.13.020_0030.04.aba.beta,True,4,5,0.029355525970458984,0.07488250732421875,0.0012400150299072266,0.10547804832458496,51,4,0,0,33,11,7037,26,8,266,0,573,8847
oliveira/04_11/randm05.02.02.13.020_0030.05.aba.beta,True,3,5,0.01671290397644043,0.07333540916442871,0.0011391639709472656,0.0911874771118164,45,3,0,0,25,12,4357,30,10,192,0,548,8613
oliveira/04_11/randm05.02.02.14.020_0030.01.aba.beta,True,1,1,0.0010423660278320312,0.0018947124481201172,0.0011472702026367188,0.004084348678588867,3,1,0,0,0,1,9,3,1,2,0,531,8569
oliveira/04_11/randm05.02.02.14.020_0030.02.aba.beta,True,1,1,0.0010218620300292969,0.001941680908203125,0.0011310577392578125,0.004094600677490234,3,1,0,0,0,1,9,3,1,2,0,530,8565
oliveira/04_11/randm05.02.02.14.020_0030.03.aba.beta,True,1,1,0.000583648681640625,0.0027725696563720703,0.001218557357788086,0.004574775695800781,3,1,0,0,0,1,9,3,1,2,0,541,8613
oliveira/04_11/randm05.02.02.14.020_0030.04.aba.beta,True,1,1,0.0009481906890869141,0.001931905746459961,0.001211404800415039,0.004091501235961914,3,1,0,0,0,1,9,3,1,2,0,532,8544
oliveira/04_11/randm05.02.02.14.020_0030.05.aba.beta,True,1,1,0.0011219978332519531,0.0017669200897216797,0.0011401176452636719,0.004029035568237305,3,1,0,0,0,1,9,3,1,2,0,530,8544
oliveira/04_11/randm05.02.02.15.020_0030.01.aba.beta,True,2,3,0.005603790283203125,0.01723933219909668,0.0010786056518554688,0.023921728134155273,14,2,0,0,2,5,482,13,4,40,0,537,8584
oliveira/04_11/randm05.02.02.15.020_0030.02.aba.beta,True,2,3,0.0036902427673339844,0.009117603302001953,0.001168966293334961,0.013976812362670898,15,2,0,0,6,3,385,13,2,47,0,542,8602
oliveira/04_11/randm05.02.02.15.020_0030.03.aba.beta,True,2,3,0.006667375564575195,0.00963902473449707,0.0010807514190673828,0.01738715171813965,15,2,0,0,6,3,469,10,2,47,0,540,8590
oliveira/04_11/randm05.02.02.15.020_0030.04.aba.beta,True,2,3,0.004437446594238281,0.01803755760192871,0.0011186599731445312,0.023593664169311523,14,2,0,0,2,5,547,11,4,41,0,546,8654
oliveira/04_11/randm05.02.02.15.020_0030.05.aba.beta,True,2,3,0.005213260650634766,0.017919301986694336,0.0012688636779785156,0.024401426315307617,18,2,0,0,5,5,722,16,4,57,0,549,8644
oliveira/04_11/randm05.02.02.16.020_0030.01.aba.beta,True,1,1,0.0007696151733398438,0.0018546581268310547,0.0012006759643554688,0.003824949264526367,3,1,0,0,0,1,9,3,1,2,0,534,8587
oliveira/04_11/randm05.02.02.16.020_0030.02.aba.beta,True,1,1,0.0011036396026611328,0.002290487289428711,0.001134634017944336,0.00452876091003418,3,1,0,0,0,1,9,3,1,2,0,540,8611
oliveira/04_11/randm05.02.02.16.020_0030.03.aba.beta,True,1,1,0.0007436275482177734,0.0018153190612792969,0.0012140274047851562,0.0037729740142822266,3,1,0,0,0,1,9,3,1,2,0,534,8572
oliveira/04_11/randm05.02.02.16.020_0030.04.aba.beta,True,1,1,0.0008921623229980469,0.001861572265625,0.0013337135314941406,0.0040874481201171875,3,1,0,0,0,1,9,3,1,2,0,543,8622
oliveira/04_11/randm05.02.02.16.020_0030.05.aba.beta,True,1,1,0.0008165836334228516,0.0018298625946044922,0.0011031627655029297,0.0037496089935302734,3,1,0,0,0,1,9,3,1,2,0,543,8624
oliveira/04_11/randm05.02.02.17.020_0030.01.aba.beta,True,4,5,0.008628368377685547,0.01945638656616211,0.0012662410736083984,0.029350996017456055,29,4,0,0,17,4,1071,24,1,140,0,607,9538
oliveira/04_11/randm05.02.02.17.020_0030.02.aba.beta,True,4,5,0.015906572341918945,0.03218984603881836,0.001110076904296875,0.04920649528503418,41,4,0,0,27,6,2801,28,3,179,0,556,8667
oliveira/04_11/randm05.02.02.17.020_0030.03.aba.beta,True,4,5,0.037333011627197266,0.09287405014038086,0.0012385845184326172,0.13144564628601074,54,4,0,0,38,14,10588,33,11,261,0,580,8956
oliveira/04_11/randm05.02.02.17.020_0030.04.aba.beta,True,6,5,0.021063566207885742,0.05823826789855957,0.002016305923461914,0.08131814002990723,23,6,0,0,9,8,4726,18,3,147,0,971,15050
oliveira/04_11/randm05.02.02.17.020_0030.05.aba.beta,True,3,5,0.013915061950683594,0.03496241569519043,0.0012636184692382812,0.050141096115112305,26,3,0,0,15,6,3286,21,4,123,0,635,9891
oliveira/04_11/randm05.02.02.18.020_0030.01.aba.beta,True,1,1,0.0009584426879882812,0.002009868621826172,0.0010907649993896484,0.0040590763092041016,3,1,0,0,0,1,9,3,1,2,0,534,8577
oliveira/04_11/randm05.02.02.18.020_0030.02.aba.beta,True,1,1,0.0007872581481933594,0.0018053054809570312,0.0012149810791015625,0.003807544708251953,3,1,0,0,0,1,9,3,1,2,0,535,8592
oliveira/04_11/randm05.02.02.18.020_0030.03.aba.beta,True,1,1,0.0010387897491455078,0.0017862319946289062,0.0012314319610595703,0.004056453704833984,3,1,0,0,0,1,9,3,1,2,0,529,8564
oliveira/04_11/randm05.02.02.18.020_0030.04.aba.beta,True,1,1,0.0006096363067626953,0.0035026073455810547,0.0012502670288085938,0.005362510681152344,3,1,0,0,0,1,9,3,1,2,0,523,8497
oliveira/04_11/randm05.02.02.18.020_0030.05.aba.beta,True,1,1,0.0008087158203125,0.0019843578338623047,0.0011386871337890625,0.003931760787963867,3,1,0,0,0,1,9,3,1,2,0,533,8555
oliveira/04_11/randm05.02.02.19.020_0030.01.aba.beta,True,2,3,0.0024518966674804688,0.006158113479614258,0.001176595687866211,0.009786605834960938,11,2,0,0,4,2,124,11,1,22,0,543,8612
oliveira/04_11/randm05.02.02.19.020_0030.02.aba.beta,True,2,3,0.0023872852325439453,0.006020784378051758,0.0011508464813232422,0.009558916091918945,11,2,0,0,4,2,124,11,1,22,0,548,8631
oliveira/04_11/randm05.02.02.19.020_0030.03.aba.beta,True,2,3,0.0037412643432617188,0.018120765686035156,0.0012712478637695312,0.023133277893066406,12,2,0,0,0,5,344,12,4,30,0,537,8592
oliveira/04_11/randm05.02.02.19.020_0030.04.aba.beta,True,2,3,0.003552675247192383,0.015511512756347656,0.001178741455078125,0.020242929458618164,12,2,0,0,0,5,272,12,4,27,0,536,8571
oliveira/04_11/randm05.02.02.19.020_0030.05.aba.beta,True,2,3,0.002424478530883789,0.0060749053955078125,0.001092672348022461,0.009592056274414062,11,2,0,0,4,2,124,11,1,22,0,528,8538
oliveira/04_11/randm06.02.02.01.020_0030.01.aba.beta,True,3,4,0.015988588333129883,0.049363136291503906,0.0012676715850830078,0.0666193962097168,44,3,0,0,30,8,3268,29,6,200,0,566,8785
oliveira/04_11/randm06.02.02.01.020_0030.02.aba.beta,True,2,4,0.007991790771484375,0.017929792404174805,0.0011942386627197266,0.027115821838378906,36,2,0,0,24,4,1539,22,3,148,0,545,8623
oliveira/04_11/randm06.02.02.01.020_0030.03.aba.beta,True,4,4,0.011485576629638672,0.027583599090576172,0.0012733936309814453,0.04034256935119629,27,4,0,0,12,5,1100,25,2,100,0,592,9145
oliveira/04_11/randm06.02.02.01.020_0030.04.aba.beta,True,3,4,0.006379127502441406,0.020206689834594727,0.0011386871337890625,0.027724504470825195,27,3,0,0,15,4,885,19,2,110,0,549,8665
oliveira/04_11/randm06.02.02.01.020_0030.05.aba.beta,True,4,4,0.013019084930419922,0.03789830207824707,0.00471806526184082,0.05563545227050781,34,4,0,0,19,5,1941,22,2,187,0,658,10216
oliveira/04_11/randm06.02.02.02.020_0030.01.aba.beta,True,2,3,0.0042438507080078125,0.006037712097167969,0.0011031627655029297,0.011384725570678711,11,2,0,0,4,2,136,10,1,26,0,540,8590
oliveira/04_11/randm06.02.02.02.020_0030.02.aba.beta,True,2,3,0.004778623580932617,0.013031244277954102,0.0011630058288574219,0.01897287368774414,16,2,0,0,5,4,530,11,3,47,0,521,8482
oliveira/04_11/randm06.02.02.02.020_0030.03.aba.beta,True,2,3,0.004493236541748047,0.014548063278198242,0.001255035400390625,0.020296335220336914,14,2,0,0,3,4,568,14,3,41,0,548,8665
oliveira/04_11/randm06.02.02.02.020_0030.04.aba.beta,True,2,3,0.0046329498291015625,0.013771295547485352,0.0011959075927734375,0.01960015296936035,14,2,0,0,3,4,506,14,3,39,0,547,8639
oliveira/04_11/randm06.02.02.02.020_0030.05.aba.beta,True,2,3,0.002906322479248047,0.006206035614013672,0.0011208057403564453,0.010233163833618164,11,2,0,0,4,2,136,11,1,26,0,541,8600
oliveira/04_11/randm06.02.02.03.020_0030.01.aba.beta,True,4,5,0.008692741394042969,0.01842665672302246,0.0018231868743896484,0.028942584991455078,30,4,0,0,17,4,1235,26,1,101,0,879,13800
oliveira/04_11/randm06.02.02.03.020_0030.02.aba.beta,True,3,5,0.006058454513549805,0.01145315170288086,0.0016045570373535156,0.01911616325378418,24,3,0,0,14,3,619,23,1,74,0,784,12454
oliveira/04_11/randm06.02.02.03.020_0030.03.aba.beta,True,9,5,0.03531002998352051,0.0651862621307373,0.0017061233520507812,0.1022024154663086,41,9,0,0,25,10,6263,22,2,229,0,834,12494
oliveira/04_11/randm06.02.02.03.020_0030.04.aba.beta,True,9,5,0.03080439567565918,0.056261539459228516,0.0015308856964111328,0.08859682083129883,37,9,0,0,21,10,4613,22,2,185,0,767,11457
oliveira/04_11/randm06.02.02.03.020_0030.05.aba.beta,True,4,5,0.008861064910888672,0.01869964599609375,0.0016465187072753906,0.029207229614257812,26,4,0,0,15,4,1588,20,1,102,0,786,12329
oliveira/04_11/randm06.02.02.04.020_0030.01.aba.beta,True,1,1,0.0009746551513671875,0.0019860267639160156,0.0010180473327636719,0.003978729248046875,3,1,0,0,0,1,9,3,1,2,0,525,8535
oliveira/04_11/randm06.02.02.04.020_0030.02.aba.beta,True,1,1,0.0011479854583740234,0.0053327083587646484,0.0011415481567382812,0.007622241973876953,3,1,0,0,0,1,9,3,1,2,0,531,8571
oliveira/04_11/randm06.02.02.04.020_0030.03.aba.beta,True,1,1,0.0010142326354980469,0.0017921924591064453,0.0010962486267089844,0.0039026737213134766,3,1,0,0,0,1,9,3,1,2,0,535,8590
oliveira/04_11/randm06.02.02.04.020_0030.04.aba.beta,True,1,1,0.0010683536529541016,0.0017235279083251953,0.0011286735534667969,0.003920555114746094,3,1,0,0,0,1,9,3,1,2,0,532,8555
oliveira/04_11/randm06.02.02.04.020_0030.05.aba.beta,True,1,1,0.001108407974243164,0.0017495155334472656,0.001188039779663086,0.004045963287353516,3,1,0,0,0,1,9,3,1,2,0,525,8541
oliveira/04_11/randm06.02.02.05.020_0030.01.aba.beta,True,6,5,0.04618692398071289,0.10849142074584961,0.0012664794921875,0.15594482421875,43,6,0,0,22,18,12086,21,13,199,0,593,9141
oliveira/04_11/randm06.02.02.05.020_0030.02.aba.beta,True,9,5,0.13766956329345703,0.25313615798950195,0.0014526844024658203,0.3922584056854248,72,9,0,0,49,28,38749,31,20,440,0,683,9982
oliveira/04_11/randm06.02.02.05.020_0030.03.aba.beta,True,2,5,0.006925106048583984,0.009337425231933594,0.0011222362518310547,0.017384767532348633,31,2,0,0,20,2,861,19,1,162,0,551,8642
oliveira/04_11/randm06.02.02.05.020_0030.04.aba.beta,True,4,5,0.015522003173828125,0.023998022079467773,0.0013151168823242188,0.04083514213562012,34,4,0,0,21,4,2157,17,1,183,0,603,9503
oliveira/04_11/randm06.02.02.05.020_0030.05.aba.beta,True,4,5,0.07700371742248535,0.1255943775177002,0.001359701156616211,0.20395779609680176,69,4,0,0,45,13,24418,31,10,415,0,632,9739
oliveira/04_11/randm06.02.02.06.020_0030.01.aba.beta,True,3,5,0.018987655639648438,0.030030488967895508,0.0011501312255859375,0.05016827583312988,45,3,0,0,31,6,4832,24,4,227,0,549,8634
oliveira/04_11/randm06.02.02.06.020_0030.02.aba.beta,True,6,5,0.033632755279541016,0.07007217407226562,0.0013549327850341797,0.10505986213684082,37,6,0,0,21,10,8491,27,5,208,0,652,9814
oliveira/04_11/randm06.02.02.06.020_0030.03.aba.beta,True,5,5,0.045744895935058594,0.07944083213806152,0.0013782978057861328,0.12656402587890625,52,5,0,0,37,9,13109,30,5,315,0,613,9441
oliveira/04_11/randm06.02.02.06.020_0030.04.aba.beta,True,2,5,0.012453317642211914,0.016469717025756836,0.0011529922485351562,0.030076026916503906,32,2,0,0,15,3,2557,20,2,141,0,549,8652
oliveira/04_11/randm06.02.02.06.020_0030.05.aba.beta,True,8,5,0.062268972396850586,0.10378408432006836,0.001642465591430664,0.1676955223083496,54,8,0,0,33,14,15855,28,7,300,0,783,11805
oliveira/04_11/randm06.02.02.07.020_0030.01.aba.beta,True,5,5,0.02692890167236328,0.06176424026489258,0.0012247562408447266,0.08991789817810059,53,5,0,0,43,8,6206,24,4,262,0,563,8697
oliveira/04_11/randm06.02.02.07.020_0030.02.aba.beta,True,3,5,0.014532327651977539,0.03369641304016113,0.001165628433227539,0.04939436912536621,40,3,0,0,30,6,3607,27,4,184,0,560,8748
oliveira/04_11/randm06.02.02.07.020_0030.03.aba.beta,True,5,5,0.020281314849853516,0.05016064643859863,0.0012366771697998047,0.07167863845825195,44,5,0,0,32,8,4812,28,4,219,0,586,8905
oliveira/04_11/randm06.02.02.07.020_0030.04.aba.beta,True,4,5,0.023182392120361328,0.04790329933166504,0.0012111663818359375,0.0722968578338623,50,4,0,0,41,7,5164,24,4,248,0,547,8616
oliveira/04_11/randm06.02.02.07.020_0030.05.aba.beta,True,4,5,0.024439334869384766,0.05091238021850586,0.0013096332550048828,0.07666134834289551,46,4,0,0,37,7,6346,26,4,239,0,609,9539
oliveira/04_11/randm06.02.02.08.020_0030.01.aba.beta,True,3,4,0.006829023361206055,0.0193328857421875,0.0011432170867919922,0.027305126190185547,23,3,0,0,12,5,991,19,3,81,0,556,8662
oliveira/04_11/randm06.02.02.08.020_0030.02.aba.beta,True,3,4,0.005362510681152344,0.018486738204956055,0.001132965087890625,0.024982213973999023,20,3,0,0,9,5,597,18,3,61,0,540,8582
oliveira/04_11/randm06.02.02.08.020_0030.03.aba.beta,True,3,4,0.005518674850463867,0.011566638946533203,0.001233816146850586,0.018319129943847656,21,3,0,0,12,3,372,16,1,65,0,532,8521
oliveira/04_11/randm06.02.02.08.020_0030.04.aba.beta,True,3,4,0.0066411495208740234,0.012316703796386719,0.0011446475982666016,0.020102500915527344,23,3,0,0,14,3,384,18,1,77,0,537,8579
oliveira/04_11/randm06.02.02.08.020_0030.05.aba.beta,True,3,4,0.006869792938232422,0.022255420684814453,0.0011997222900390625,0.030324935913085938,20,3,0,0,9,5,1015,18,3,83,0,581,8953
oliveira/04_11/randm06.02.02.09.020_0030.01.aba.beta,True,5,5,0.017940759658813477,0.05025339126586914,0.0015954971313476562,0.06978964805603027,24,5,0,0,6,10,2653,21,6,117,0,748,11664
oliveira/04_11/randm06.02.02.09.020_0030.02.aba.beta,True,4,5,0.033585548400878906,0.08890771865844727,0.0012485980987548828,0.12374186515808105,46,4,0,0,26,14,9603,29,11,233,0,580,9078
oliveira/04_11/randm06.02.02.09.020_0030.03.aba.beta,True,5,5,0.03267669677734375,0.0813910961151123,0.0014243125915527344,0.11549210548400879,33,5,0,0,13,12,8716,24,8,168,0,609,9326
oliveira/04_11/randm06.02.02.09.020_0030.04.aba.beta,True,10,5,0.053680419921875,0.08750534057617188,0.0025718212127685547,0.14375758171081543,31,10,0,0,8,10,8664,18,1,219,0,1211,18674
oliveira/04_11/randm06.02.02.09.020_0030.05.aba.beta,True,6,5,0.03824925422668457,0.10478496551513672,0.0013065338134765625,0.14434075355529785,42,6,0,0,19,18,9323,25,13,204,0,622,9409
oliveira/04_11/randm06.02.02.10.020_0030.01.aba.beta,True,4,4,0.010312557220458984,0.023415327072143555,0.001157522201538086,0.034885406494140625,26,4,0,0,12,6,944,21,3,96,0,552,8623
oliveira/04_11/randm06.02.02.10.020_0030.02.aba.beta,True,3,4,0.006910085678100586,0.019289731979370117,0.0011086463928222656,0.02730846405029297,19,3,0,0,8,5,921,18,3,71,0,557,8689
oliveira/04_11/randm06.02.02.10.020_0030.03.aba.beta,True,3,4,0.013169527053833008,0.02271747589111328,0.0012192726135253906,0.03710627555847168,19,3,0,0,8,5,878,17,3,68,0,544,8586
oliveira/04_11/randm06.02.02.10.020_0030.04.aba.beta,True,3,4,0.007414817810058594,0.021180152893066406,0.0012006759643554688,0.02979564666748047,18,3,0,0,7,5,1094,15,3,76,0,571,8857
oliveira/04_11/randm06.02.02.10.020_0030.05.aba.beta,True,7,4,0.015559911727905273,0.03816485404968262,0.0012307167053222656,0.054955482482910156,24,7,0,0,7,9,1814,19,3,91,0,579,8726
oliveira/04_11/randm06.02.02.11.020_0030.01.aba.beta,True,4,6,0.07122445106506348,0.12668275833129883,0.00124359130859375,0.19915080070495605,57,4,0,0,42,13,18420,32,10,299,0,632,9822
oliveira/04_11/randm06.02.02.11.020_0030.02.aba.beta,True,7,6,0.26578783988952637,0.331268310546875,0.0015492439270019531,0.5986053943634033,108,7,0,0,81,23,84705,45,17,687,0,697,10496
oliveira/04_11/randm06.02.02.11.020_0030.03.aba.beta,True,7,6,0.2424452304840088,0.35746026039123535,0.0014805793762207031,0.6013860702514648,105,7,0,0,82,28,82085,40,22,656,0,650,9827
oliveira/04_11/randm06.02.02.11.020_0030.04.aba.beta,True,8,6,0.09877204895019531,0.14767169952392578,0.0015532970428466797,0.24799704551696777,69,8,0,0,49,15,27320,36,8,423,0,694,10443
oliveira/04_11/randm06.02.02.11.020_0030.05.aba.beta,True,4,6,0.06833434104919434,0.11742520332336426,0.0012726783752441406,0.18703222274780273,88,4,0,0,67,13,18976,38,10,535,0,610,9290
oliveira/04_11/randm06.02.02.12.020_0030.01.aba.beta,True,3,4,0.012644767761230469,0.04249858856201172,0.0011448860168457031,0.05628824234008789,50,3,0,0,36,8,2077,34,6,227,0,558,8673
oliveira/04_11/randm06.02.02.12.020_0030.02.aba.beta,True,3,4,0.007234096527099609,0.014139652252197266,0.001188516616821289,0.022562265396118164,32,3,0,0,23,3,1062,18,1,141,0,542,8604
oliveira/04_11/randm06.02.02.12.020_0030.03.aba.beta,True,3,4,0.006918191909790039,0.015370368957519531,0.001146078109741211,0.02343463897705078,30,3,0,0,21,3,965,19,1,126,0,552,8715
oliveira/04_11/randm06.02.02.12.020_0030.04.aba.beta,True,3,4,0.016483783721923828,0.05132031440734863,0.0011324882507324219,0.06893658638000488,62,3,0,0,47,9,2750,38,7,293,0,561,8699
oliveira/04_11/randm06.02.02.12.020_0030.05.aba.beta,True,3,4,0.01253819465637207,0.03726029396057129,0.0011513233184814453,0.050949811935424805,62,3,0,0,48,7,2891,37,5,311,0,564,8720
oliveira/04_11/randm06.02.02.13.020_0030.01.aba.beta,True,9,4,0.04205751419067383,0.12229251861572266,0.0014774799346923828,0.16582751274108887,39,9,0,0,11,20,8690,24,12,220,0,670,9924
oliveira/04_11/randm06.02.02.13.020_0030.02.aba.beta,True,4,4,0.022679805755615234,0.08404397964477539,0.0015671253204345703,0.1082909107208252,28,4,0,0,4,15,4082,23,12,121,0,636,9819
oliveira/04_11/randm06.02.02.13.020_0030.03.aba.beta,True,2,4,0.005327939987182617,0.024357318878173828,0.0011096000671386719,0.030794858932495117,19,2,0,0,5,6,693,17,5,62,0,540,8590
oliveira/04_11/randm06.02.02.13.020_0030.04.aba.beta,True,8,4,0.03285837173461914,0.07820320129394531,0.0012888908386230469,0.1123504638671875,27,8,0,0,5,14,4351,21,7,156,0,638,9448
oliveira/04_11/randm06.02.02.13.020_0030.05.aba.beta,True,4,4,0.024810075759887695,0.08298969268798828,0.0012123584747314453,0.10901212692260742,32,4,0,0,8,15,5357,23,12,133,0,565,8757
oliveira/04_11/randm06.02.02.14.020_0030.01.aba.beta,True,6,6,0.0945122241973877,0.14973020553588867,0.0012178421020507812,0.24546027183532715,108,6,0,0,93,15,26877,37,10,600,0,561,8673
oliveira/04_11/randm06.02.02.14.020_0030.02.aba.beta,True,7,6,0.04518270492553711,0.0631265640258789,0.0012388229370117188,0.10954809188842773,67,7,0,0,49,9,8491,40,3,348,0,593,8866
oliveira/04_11/randm06.02.02.14.020_0030.03.aba.beta,True,9,6,0.1664888858795166,0.19871282577514648,0.0014986991882324219,0.3667004108428955,115,9,0,0,89,20,51705,33,12,814,0,665,9987
oliveira/04_11/randm06.02.02.14.020_0030.04.aba.beta,True,7,6,0.1005394458770752,0.15840744972229004,0.0013031959533691406,0.2602500915527344,102,7,0,0,77,17,26993,40,11,654,0,617,9256
oliveira/04_11/randm06.02.02.14.020_0030.05.aba.beta,True,4,6,0.03117680549621582,0.059359073638916016,0.0012922286987304688,0.0918281078338623,60,4,0,0,37,9,4838,30,6,349,0,588,9104
oliveira/04_11/randm06.02.02.15.020_0030.01.aba.beta,True,5,5,0.0764317512512207,0.13608336448669434,0.0012378692626953125,0.21375298500061035,83,5,0,0,63,18,20350,33,14,468,0,605,9270
oliveira/04_11/randm06.02.02.15.020_0030.02.aba.beta,True,8,5,0.03076028823852539,0.06810951232910156,0.0016505718231201172,0.10052037239074707,36,8,0,0,18,11,5984,20,4,246,0,815,12306
oliveira/04_11/randm06.02.02.15.020_0030.03.aba.beta,True,3,5,0.016841888427734375,0.026469945907592773,0.0011343955993652344,0.04444622993469238,50,3,0,0,38,3,2423,27,1,289,0,553,8668
oliveira/04_11/randm06.02.02.15.020_0030.04.aba.beta,True,6,5,0.055133819580078125,0.1304187774658203,0.0012671947479248047,0.18681979179382324,84,6,0,0,64,16,11452,33,11,551,0,611,9150
oliveira/04_11/randm06.02.02.15.020_0030.05.aba.beta,True,7,5,0.05482888221740723,0.1128225326538086,0.0018184185028076172,0.16946983337402344,70,7,0,0,50,15,13425,26,9,453,0,684,10326
oliveira/04_11/randm06.02.02.16.020_0030.01.aba.beta,True,2,3,0.0023648738861083984,0.006882190704345703,0.0011861324310302734,0.010433197021484375,10,2,0,0,2,2,135,10,1,22,0,529,8513
oliveira/04_11/randm06.02.02.16.020_0030.02.aba.beta,True,3,3,0.00470423698425293,0.011116981506347656,0.0011374950408935547,0.01695871353149414,14,3,0,0,2,3,327,13,1,50,0,556,8685
oliveira/04_11/randm06.02.02.16.020_0030.03.aba.beta,True,2,3,0.002560138702392578,0.006071329116821289,0.0018262863159179688,0.010457754135131836,10,2,0,0,3,2,126,10,1,19,0,837,13591
oliveira/04_11/randm06.02.02.16.020_0030.04.aba.beta,True,2,3,0.0024857521057128906,0.0061609745025634766,0.001750946044921875,0.010397672653198242,10,2,0,0,3,2,126,10,1,19,0,838,13337
oliveira/04_11/randm06.02.02.16.020_0030.05.aba.beta,True,2,3,0.002307891845703125,0.006872415542602539,0.001171112060546875,0.010351419448852539,12,2,0,0,2,2,187,12,1,33,0,550,8643
oliveira/04_11/randm06.02.02.17.020_0030.01.aba.beta,True,3,4,0.011426687240600586,0.031018733978271484,0.0011832714080810547,0.043628692626953125,31,3,0,0,19,7,1900,24,5,110,0,552,8664
oliveira/04_11/randm06.02.02.17.020_0030.02.aba.beta,True,3,4,0.006551504135131836,0.017787694931030273,0.0012009143829345703,0.02554011344909668,29,3,0,0,17,4,962,25,2,104,0,557,8666
oliveira/04_11/randm06.02.02.17.020_0030.03.aba.beta,True,3,4,0.0172727108001709,0.0187835693359375,0.0012412071228027344,0.03729748725891113,36,3,0,0,21,4,1433,25,2,151,0,557,8711
oliveira/04_11/randm06.02.02.17.020_0030.04.aba.beta,True,4,4,0.010597944259643555,0.022707462310791016,0.0011653900146484375,0.03447079658508301,28,4,0,0,16,5,1671,19,2,103,0,549,8623
oliveira/04_11/randm06.02.02.17.020_0030.05.aba.beta,True,3,4,0.004995107650756836,0.010529756546020508,0.0011372566223144531,0.016662120819091797,18,3,0,0,9,3,385,16,1,48,0,538,8568
oliveira/04_11/randm06.02.02.18.020_0030.01.aba.beta,True,5,6,0.03532552719116211,0.05974245071411133,0.0012445449829101562,0.0963125228881836,82,5,0,0,70,7,9233,35,3,504,0,592,9016
oliveira/04_11/randm06.02.02.18.020_0030.02.aba.beta,True,4,6,0.026933670043945312,0.0521702766418457,0.0012230873107910156,0.08032703399658203,61,4,0,0,49,9,6541,30,6,285,0,549,8620
oliveira/04_11/randm06.02.02.18.020_0030.03.aba.beta,True,5,6,0.03352689743041992,0.08197426795959473,0.0013051033020019531,0.1168062686920166,71,5,0,0,58,11,8229,38,7,373,0,602,9276
oliveira/04_11/randm06.02.02.18.020_0030.04.aba.beta,True,7,6,0.07993841171264648,0.1706218719482422,0.0014715194702148438,0.2520318031311035,119,7,0,0,103,16,20824,40,10,757,0,666,10328
oliveira/04_11/randm06.02.02.18.020_0030.05.aba.beta,True,7,6,0.03839278221130371,0.07430744171142578,0.001384735107421875,0.11408495903015137,59,7,0,0,45,9,7065,32,3,335,0,665,10097
oliveira/04_11/randm06.02.02.19.020_0030.01.aba.beta,True,1,1,0.0008318424224853516,0.0020449161529541016,0.0011415481567382812,0.004018306732177734,3,1,0,0,0,1,9,3,1,2,0,533,8572
oliveira/04_11/randm06.02.02.19.020_0030.02.aba.beta,True,1,1,0.0007708072662353516,0.0017521381378173828,0.0011169910430908203,0.0036399364471435547,3,1,0,0,0,1,9,3,1,2,0,537,8597
oliveira/04_11/randm06.02.02.19.020_0030.03.aba.beta,True,1,1,0.0008330345153808594,0.0021257400512695312,0.001165628433227539,0.00412440299987793,3,1,0,0,0,1,9,3,1,2,0,533,8578
oliveira/04_11/randm06.02.02.19.020_0030.04.aba.beta,True,1,1,0.0008258819580078125,0.002336740493774414,0.0012638568878173828,0.004426479339599609,3,1,0,0,0,1,9,3,1,2,0,523,8524
oliveira/04_11/randm06.02.02.19.020_0030.05.aba.beta,True,1,1,0.0007615089416503906,0.0018682479858398438,0.0011191368103027344,0.0037488937377929688,3,1,0,0,0,1,9,3,1,2,0,525,8527
oliveira/04_11/randm07.02.02.01.020_0030.01.aba.beta,True,1,1,0.0008900165557861328,0.001931905746459961,0.0011973381042480469,0.004019260406494141,3,1,0,0,0,1,9,3,1,2,0,529,8553
oliveira/04_11/randm07.02.02.01.020_0030.02.aba.beta,True,1,1,0.0007944107055664062,0.0018639564514160156,0.0011527538299560547,0.0038111209869384766,3,1,0,0,0,1,9,3,1,2,0,526,8542
oliveira/04_11/randm07.02.02.01.020_0030.03.aba.beta,True,1,1,0.0007650852203369141,0.0020368099212646484,0.001191854476928711,0.0039937496185302734,3,1,0,0,0,1,9,3,1,2,0,531,8553
oliveira/04_11/randm07.02.02.01.020_0030.04.aba.beta,True,1,1,0.0007824897766113281,0.0017900466918945312,0.0011467933654785156,0.003719329833984375,3,1,0,0,0,1,9,3,1,2,0,530,8550
oliveira/04_11/randm07.02.02.01.020_0030.05.aba.beta,True,1,1,0.0009891986846923828,0.00197601318359375,0.0011665821075439453,0.004131793975830078,3,1,0,0,0,1,9,3,1,2,0,540,8609
oliveira/04_11/randm07.02.02.02.020_0030.01.aba.beta,True,1,1,0.001016378402709961,0.002104043960571289,0.0015048980712890625,0.0046253204345703125,3,1,0,0,0,1,9,3,1,2,0,535,8587
oliveira/04_11/randm07.02.02.02.020_0030.02.aba.beta,True,1,1,0.0007977485656738281,0.0018699169158935547,0.0011479854583740234,0.0038156509399414062,3,1,0,0,0,1,9,3,1,2,0,538,8598
oliveira/04_11/randm07.02.02.02.020_0030.03.aba.beta,True,1,1,0.0007774829864501953,0.001741647720336914,0.001171112060546875,0.0036902427673339844,3,1,0,0,0,1,9,3,1,2,0,533,8583
oliveira/04_11/randm07.02.02.02.020_0030.04.aba.beta,True,1,1,0.0007739067077636719,0.0020775794982910156,0.001161813735961914,0.0040132999420166016,3,1,0,0,0,1,9,3,1,2,0,521,8515
oliveira/04_11/randm07.02.02.02.020_0030.05.aba.beta,True,1,1,0.0008687973022460938,0.0018160343170166016,0.0011126995086669922,0.0037975311279296875,3,1,0,0,0,1,9,3,1,2,0,531,8576
oliveira/04_11/randm07.02.02.03.020_0030.01.aba.beta,True,7,7,1.0036382675170898,1.1266932487487793,0.0013022422790527344,2.131633758544922,240,7,0,0,207,70,333293,51,64,1660,0,583,8777
oliveira/04_11/randm07.02.02.03.020_0030.02.aba.beta,True,7,7,0.25844573974609375,0.3389928340911865,0.0013031959533691406,0.5987417697906494,160,7,0,0,135,26,81658,45,20,1252,0,612,9153
oliveira/04_11/randm07.02.02.03.020_0030.03.aba.beta,True,14,7,1.8408148288726807,2.145073890686035,0.0016639232635498047,3.9875526428222656,252,14,0,0,213,106,656575,52,93,1851,0,785,11241
oliveira/04_11/randm07.02.02.03.020_0030.04.aba.beta,True,10,7,0.7118947505950928,0.6230359077453613,0.001483917236328125,1.3364145755767822,182,10,0,0,155,33,233325,47,24,1419,0,708,10239
oliveira/04_11/randm07.02.02.03.020_0030.05.aba.beta,True,8,7,0.136749267578125,0.21750354766845703,0.0013186931610107422,0.3555715084075928,106,8,0,0,83,24,45677,43,17,673,0,596,8877
oliveira/04_11/randm07.02.02.04.020_0030.01.aba.beta,True,4,4,0.009316444396972656,0.017789125442504883,0.0014743804931640625,0.0285799503326416,19,4,0,0,9,4,775,17,1,69,0,713,11218
oliveira/04_11/randm07.02.02.04.020_0030.02.aba.beta,True,4,4,0.009962797164916992,0.026231050491333008,0.0027761459350585938,0.038969993591308594,27,4,0,0,16,5,1756,23,2,101,0,1287,20328
oliveira/04_11/randm07.02.02.04.020_0030.03.aba.beta,True,5,4,0.010608673095703125,0.0276486873626709,0.002552509307861328,0.04080986976623535,20,5,0,0,9,5,1623,16,1,89,0,1215,19165
oliveira/04_11/randm07.02.02.04.020_0030.04.aba.beta,True,3,4,0.006288290023803711,0.01460576057434082,0.0016779899597167969,0.022572040557861328,18,3,0,0,9,3,683,17,1,83,0,740,11953
oliveira/04_11/randm07.02.02.04.020_0030.05.aba.beta,True,5,4,0.009717702865600586,0.022267818450927734,0.0013325214385986328,0.03331804275512695,19,5,0,0,8,5,945,16,1,71,0,618,9566
oliveira/04_11/randm07.02.02.05.020_0030.01.aba.beta,True,8,6,0.13230156898498535,0.20369553565979004,0.0013337135314941406,0.33733081817626953,79,8,0,0,54,22,42132,30,15,441,0,622,9333
oliveira/04_11/randm07.02.02.05.020_0030.02.aba.beta,True,9,6,0.1279735565185547,0.2178502082824707,0.0015151500701904297,0.3473389148712158,80,9,0,0,55,21,37167,38,13,487,0,740,11006
oliveira/04_11/randm07.02.02.05.020_0030.03.aba.beta,True,4,6,0.023596763610839844,0.04082226753234863,0.001191854476928711,0.06561088562011719,35,4,0,0,21,7,5828,23,4,187,0,584,9067
oliveira/04_11/randm07.02.02.05.020_0030.04.aba.beta,True,6,6,0.032672882080078125,0.05436563491821289,0.0012714862823486328,0.08831000328063965,49,6,0,0,31,7,7410,29,2,281,0,628,9470
oliveira/04_11/randm07.02.02.05.020_0030.05.aba.beta,True,6,6,0.03856945037841797,0.10759639739990234,0.0012445449829101562,0.14741039276123047,68,6,0,0,49,14,10001,40,9,388,0,602,9068
oliveira/04_11/randm07.02.02.06.020_0030.01.aba.beta,True,3,4,0.008414030075073242,0.024207353591918945,0.00116729736328125,0.03378868103027344,26,3,0,0,9,6,1349,21,4,85,0,544,8607
oliveira/04_11/randm07.02.02.06.020_0030.02.aba.beta,True,3,4,0.0063211917877197266,0.019835233688354492,0.001192331314086914,0.027348756790161133,21,3,0,0,5,5,839,19,3,71,0,550,8637
oliveira/04_11/randm07.02.02.06.020_0030.03.aba.beta,True,3,4,0.010724782943725586,0.02508258819580078,0.0011644363403320312,0.0369718074798584,25,3,0,0,9,6,1205,23,4,78,0,549,8627
oliveira/04_11/randm07.02.02.06.020_0030.04.aba.beta,True,3,4,0.0063669681549072266,0.0166323184967041,0.0017962455749511719,0.0247955322265625,19,3,0,0,7,4,930,17,2,60,0,862,13755
oliveira/04_11/randm07.02.02.06.020_0030.05.aba.beta,True,3,4,0.007293224334716797,0.01940751075744629,0.0012369155883789062,0.027937650680541992,19,3,0,0,7,5,1034,17,3,61,0,576,9063
oliveira/04_11/randm07.02.02.07.020_0030.01.aba.beta,True,10,6,0.08516812324523926,0.1898796558380127,0.0015978813171386719,0.2766456604003906,91,10,0,0,68,17,24210,39,8,591,0,725,10683
oliveira/04_11/randm07.02.02.07.020_0030.02.aba.beta,True,13,6,0.4466102123260498,0.5536351203918457,0.0023140907287597656,1.0025594234466553,154,13,0,0,122,33,145501,46,21,1084,0,1096,15992
oliveira/04_11/randm07.02.02.07.020_0030.03.aba.beta,True,7,6,0.08440041542053223,0.13748478889465332,0.0013322830200195312,0.22321748733520508,82,7,0,0,61,14,24919,29,8,528,0,642,9733
oliveira/04_11/randm07.02.02.07.020_0030.04.aba.beta,True,11,6,0.16893959045410156,0.24157142639160156,0.0023941993713378906,0.412905216217041,126,11,0,0,101,17,42656,43,7,944,0,1061,16047
oliveira/04_11/randm07.02.02.07.020_0030.05.aba.beta,True,8,6,0.09786200523376465,0.20128250122070312,0.0020592212677001953,0.30120372772216797,95,8,0,0,72,17,30979,44,10,617,0,981,14753
oliveira/04_11/randm07.02.02.08.020_0030.01.aba.beta,True,1,1,0.00416874885559082,0.0021245479583740234,0.001230478286743164,0.007523775100708008,3,1,0,0,0,1,9,3,1,2,0,542,8613
oliveira/04_11/randm07.02.02.08.020_0030.02.aba.beta,True,1,1,0.0010225772857666016,0.002031087875366211,0.0010890960693359375,0.00414276123046875,3,1,0,0,0,1,9,3,1,2,0,539,8607
oliveira/04_11/randm07.02.02.08.020_0030.03.aba.beta,True,1,1,0.0007865428924560547,0.002074718475341797,0.0011000633239746094,0.003961324691772461,3,1,0,0,0,1,9,3,1,2,0,534,8577
oliveira/04_11/randm07.02.02.08.020_0030.04.aba.beta,True,1,1,0.0007832050323486328,0.001935720443725586,0.0011243820190429688,0.0038433074951171875,3,1,0,0,0,1,9,3,1,2,0,536,8592
oliveira/04_11/randm07.02.02.08.020_0030.05.aba.beta,True,1,1,0.0012404918670654297,0.0021424293518066406,0.0011150836944580078,0.004498004913330078,3,1,0,0,0,1,9,3,1,2,0,536,8587
oliveira/04_11/randm07.02.02.09.020_0030.01.aba.beta,True,2,3,0.0043561458587646484,0.01394033432006836,0.0011150836944580078,0.019411563873291016,16,2,0,0,5,4,651,15,3,46,0,545,8635
oliveira/04_11/randm07.02.02.09.020_0030.02.aba.beta,True,2,3,0.002629518508911133,0.0061643123626708984,0.0011649131774902344,0.009958744049072266,12,2,0,0,3,2,181,12,1,26,0,536,8557
oliveira/04_11/randm07.02.02.09.020_0030.03.aba.beta,True,2,3,0.0032198429107666016,0.007280111312866211,0.001222372055053711,0.011722326278686523,13,2,0,0,3,2,210,12,1,31,0,546,8623
oliveira/04_11/randm07.02.02.09.020_0030.04.aba.beta,True,2,3,0.004652500152587891,0.015381813049316406,0.0012099742889404297,0.021244287490844727,16,2,0,0,5,4,721,15,3,48,0,545,8638
oliveira/04_11/randm07.02.02.09.020_0030.05.aba.beta,True,2,3,0.006983041763305664,0.016668081283569336,0.001165628433227539,0.02481675148010254,18,2,0,0,7,4,643,14,3,54,0,540,8595
oliveira/04_11/randm07.02.02.10.020_0030.01.aba.beta,True,1,1,0.0005903244018554688,0.005274295806884766,0.0013265609741210938,0.007191181182861328,3,1,0,0,0,1,9,3,1,2,0,537,8599
oliveira/04_11/randm07.02.02.10.020_0030.02.aba.beta,True,1,1,0.0011067390441894531,0.0018680095672607422,0.0012669563293457031,0.0042417049407958984,3,1,0,0,0,1,9,3,1,2,0,540,8608
oliveira/04_11/randm07.02.02.10.020_0030.03.aba.beta,True,1,1,0.0006015300750732422,0.0026590824127197266,0.0011529922485351562,0.004413604736328125,3,1,0,0,0,1,9,3,1,2,0,527,8497
oliveira/04_11/randm07.02.02.10.020_0030.04.aba.beta,True,1,1,0.0007688999176025391,0.0017430782318115234,0.0011279582977294922,0.0036399364471435547,3,1,0,0,0,1,9,3,1,2,0,537,8603
oliveira/04_11/randm07.02.02.10.020_0030.05.aba.beta,True,1,1,0.0008177757263183594,0.0017015933990478516,0.0011916160583496094,0.0037109851837158203,3,1,0,0,0,1,9,3,1,2,0,528,8551
oliveira/04_11/randm07.02.02.11.020_0030.01.aba.beta,True,8,5,0.04903292655944824,0.0997157096862793,0.001577138900756836,0.15032577514648438,47,8,0,0,30,13,12636,28,6,234,0,704,10795
oliveira/04_11/randm07.02.02.11.020_0030.02.aba.beta,True,4,5,0.012546300888061523,0.029461383819580078,0.0019342899322509766,0.04394197463989258,27,4,0,0,14,6,1750,23,3,114,0,929,14692
oliveira/04_11/randm07.02.02.11.020_0030.03.aba.beta,True,6,5,0.02815103530883789,0.08348894119262695,0.0019016265869140625,0.1135416030883789,35,6,0,0,15,12,7817,27,7,217,0,865,13656
oliveira/04_11/randm07.02.02.11.020_0030.04.aba.beta,True,8,5,0.0436098575592041,0.10385584831237793,0.0016231536865234375,0.14908885955810547,50,8,0,0,29,16,11263,29,9,255,0,709,10646
oliveira/04_11/randm07.02.02.11.020_0030.05.aba.beta,True,5,5,0.04576992988586426,0.10225200653076172,0.00145721435546875,0.14947915077209473,59,5,0,0,39,15,13507,30,11,340,0,656,10034
oliveira/04_11/randm07.02.02.12.020_0030.01.aba.beta,True,2,3,0.0033991336822509766,0.009563207626342773,0.0011892318725585938,0.014151573181152344,16,2,0,0,8,3,327,16,2,44,0,541,8597
oliveira/04_11/randm07.02.02.12.020_0030.02.aba.beta,True,2,3,0.0026807785034179688,0.006906747817993164,0.0010306835174560547,0.010618209838867188,13,2,0,0,6,2,137,11,1,30,0,538,8593
oliveira/04_11/randm07.02.02.12.020_0030.03.aba.beta,True,2,3,0.005630970001220703,0.0066280364990234375,0.0011959075927734375,0.013454914093017578,13,2,0,0,6,2,137,12,1,30,0,534,8576
oliveira/04_11/randm07.02.02.12.020_0030.04.aba.beta,True,2,3,0.0038619041442871094,0.009806156158447266,0.0011487007141113281,0.014816761016845703,16,2,0,0,8,3,350,15,2,45,0,534,8569
oliveira/04_11/randm07.02.02.12.020_0030.05.aba.beta,True,2,3,0.003981113433837891,0.009978055953979492,0.0011544227600097656,0.015113592147827148,14,2,0,0,6,3,400,12,2,39,0,544,8631
oliveira/04_11/randm07.02.02.13.020_0030.01.aba.beta,True,10,7,0.16118836402893066,0.28476619720458984,0.0016820430755615234,0.44763660430908203,86,10,0,0,60,28,45262,38,19,524,0,824,12198
oliveira/04_11/randm07.02.02.13.020_0030.02.aba.beta,True,13,7,1.0351953506469727,1.0450856685638428,0.0018527507781982422,2.0821337699890137,185,13,0,0,150,49,374961,52,37,1538,0,837,12420
oliveira/04_11/randm07.02.02.13.020_0030.03.aba.beta,True,8,7,0.2133166790008545,0.39630842208862305,0.0018296241760253906,0.6114547252655029,120,8,0,0,91,28,70631,42,21,814,0,850,12698
oliveira/04_11/randm07.02.02.13.020_0030.04.aba.beta,True,13,7,0.8167457580566406,0.8539869785308838,0.0022580623626708984,1.6729907989501953,223,13,0,0,190,44,274913,47,32,1738,0,1028,15142
oliveira/04_11/randm07.02.02.13.020_0030.05.aba.beta,True,10,7,0.8787364959716797,0.8886604309082031,0.0017764568328857422,1.7691733837127686,169,10,0,0,135,47,302570,57,38,1336,0,818,11889
oliveira/04_11/randm07.02.02.14.020_0030.01.aba.beta,True,2,3,0.004254579544067383,0.010877370834350586,0.0011413097381591797,0.01627326011657715,14,2,0,0,5,3,679,13,2,46,0,559,8755
oliveira/04_11/randm07.02.02.14.020_0030.02.aba.beta,True,2,3,0.003804445266723633,0.009926557540893555,0.0011017322540283203,0.014832735061645508,14,2,0,0,5,3,463,14,2,39,0,548,8632
oliveira/04_11/randm07.02.02.14.020_0030.03.aba.beta,True,2,3,0.006314277648925781,0.0116424560546875,0.0011816024780273438,0.019138336181640625,14,2,0,0,5,3,848,13,2,50,0,569,9159
oliveira/04_11/randm07.02.02.14.020_0030.04.aba.beta,True,3,3,0.014101266860961914,0.012297868728637695,0.0011687278747558594,0.02756786346435547,14,3,0,0,2,3,413,11,1,61,0,560,8832
oliveira/04_11/randm07.02.02.14.020_0030.05.aba.beta,True,2,3,0.0028350353240966797,0.006391048431396484,0.0010700225830078125,0.010296106338500977,10,2,0,0,2,2,135,10,1,21,0,544,8613
oliveira/04_11/randm07.02.02.15.020_0030.01.aba.beta,True,7,7,0.11130166053771973,0.15346503257751465,0.001302480697631836,0.2660691738128662,109,7,0,0,89,11,30892,31,5,850,0,610,9040
oliveira/04_11/randm07.02.02.15.020_0030.02.aba.beta,True,7,7,1.376875877380371,1.3794028759002686,0.001369476318359375,2.757648229598999,236,7,0,0,202,63,462303,47,57,1787,0,626,9424
oliveira/04_11/randm07.02.02.15.020_0030.03.aba.beta,True,10,7,2.6164662837982178,2.0185513496398926,0.0020182132720947266,4.637035846710205,259,10,0,0,224,81,911770,51,72,2067,0,934,14012
oliveira/04_11/randm07.02.02.15.020_0030.04.aba.beta,True,8,7,0.07762265205383301,0.09602856636047363,0.001512765884399414,0.17516398429870605,86,8,0,0,68,10,18760,27,3,696,0,712,10639
oliveira/04_11/randm07.02.02.15.020_0030.05.aba.beta,True,15,7,2.590353012084961,2.429767608642578,0.002445697784423828,5.022566318511963,263,15,0,0,223,96,902490,58,82,1938,0,1106,16341
oliveira/04_11/randm07.02.02.16.020_0030.01.aba.beta,True,3,4,0.006299734115600586,0.01613330841064453,0.0011742115020751953,0.023607254028320312,18,3,0,0,8,4,802,17,2,61,0,560,8699
oliveira/04_11/randm07.02.02.16.020_0030.02.aba.beta,True,3,4,0.0061070919036865234,0.016331911087036133,0.0011982917785644531,0.02363729476928711,18,3,0,0,8,4,752,17,2,58,0,551,8641
oliveira/04_11/randm07.02.02.16.020_0030.03.aba.beta,True,5,4,0.010051727294921875,0.03594231605529785,0.0014879703521728516,0.04748201370239258,18,5,0,0,4,7,1206,16,3,57,0,713,11222
oliveira/04_11/randm07.02.02.16.020_0030.04.aba.beta,True,4,4,0.009188652038574219,0.02103900909423828,0.0022203922271728516,0.03244805335998535,33,4,0,0,4,4,1324,17,1,194,0,1001,15876
oliveira/04_11/randm07.02.02.16.020_0030.05.aba.beta,True,4,4,0.009078502655029297,0.022885799407958984,0.0012521743774414062,0.03321647644042969,20,4,0,0,9,5,1231,16,2,86,0,572,8861
oliveira/04_11/randm07.02.02.17.020_0030.01.aba.beta,True,10,6,0.12475299835205078,0.2546694278717041,0.0019350051879882812,0.38135743141174316,80,10,0,0,54,25,36593,43,16,530,0,879,13170
oliveira/04_11/randm07.02.02.17.020_0030.02.aba.beta,True,5,6,0.044716835021972656,0.08858990669250488,0.0013082027435302734,0.1346149444580078,69,5,0,0,47,10,9603,38,6,390,0,599,9128
oliveira/04_11/randm07.02.02.17.020_0030.03.aba.beta,True,8,6,0.07883548736572266,0.16500353813171387,0.0015697479248046875,0.2454087734222412,86,8,0,0,58,16,21675,45,9,526,0,717,10563
oliveira/04_11/randm07.02.02.17.020_0030.04.aba.beta,True,7,6,0.11329007148742676,0.24349260330200195,0.0013408660888671875,0.3581235408782959,97,7,0,0,74,24,34449,43,18,597,0,624,9249
oliveira/04_11/randm07.02.02.17.020_0030.05.aba.beta,True,7,6,0.11497354507446289,0.2128610610961914,0.001413583755493164,0.32924818992614746,80,7,0,0,57,24,35836,42,18,465,0,656,9758
oliveira/04_11/randm07.02.02.18.020_0030.01.aba.beta,True,13,7,0.38187122344970703,0.6324846744537354,0.002137422561645508,1.016493320465088,107,13,0,0,60,41,118611,46,29,760,0,934,13658
oliveira/04_11/randm07.02.02.18.020_0030.02.aba.beta,True,8,7,0.2657947540283203,0.3854520320892334,0.0017521381378173828,0.6529989242553711,158,8,0,0,125,26,86925,51,19,1187,0,774,11720
oliveira/04_11/randm07.02.02.18.020_0030.03.aba.beta,True,16,7,0.222273588180542,0.30549049377441406,0.0027587413787841797,0.5305228233337402,76,16,0,0,37,26,68182,38,11,607,0,1268,18715
oliveira/04_11/randm07.02.02.18.020_0030.04.aba.beta,True,18,7,0.6951291561126709,0.7974543571472168,0.002701997756958008,1.4952855110168457,132,18,0,0,83,42,218135,52,25,1073,0,1200,17276
oliveira/04_11/randm07.02.02.18.020_0030.05.aba.beta,True,16,7,0.7736794948577881,0.7764334678649902,0.003170490264892578,1.553283452987671,128,16,0,0,83,52,279239,50,37,1035,0,1430,20973
oliveira/04_11/randm07.02.02.19.020_0030.01.aba.beta,True,6,5,0.03530120849609375,0.07411599159240723,0.0013759136199951172,0.1107931137084961,47,6,0,0,33,11,5898,27,6,270,0,627,9565
oliveira/04_11/randm07.02.02.19.020_0030.02.aba.beta,True,9,5,0.06428313255310059,0.14775991439819336,0.001650094985961914,0.21369314193725586,62,9,0,0,44,16,16711,28,8,408,0,755,11395
oliveira/04_11/randm07.02.02.19.020_0030.03.aba.beta,True,4,5,0.020766019821166992,0.06909012794494629,0.00118255615234375,0.09103870391845703,50,4,0,0,32,12,4154,35,9,223,0,567,8731
oliveira/04_11/randm07.02.02.19.020_0030.04.aba.beta,True,9,5,0.13464570045471191,0.2779216766357422,0.0017473697662353516,0.41431474685668945,129,9,0,0,104,28,39163,42,20,933,0,788,11772
oliveira/04_11/randm07.02.02.19.020_0030.05.aba.beta,True,4,5,0.022371292114257812,0.07632112503051758,0.0016639232635498047,0.1003563404083252,49,4,0,0,31,12,5080,33,9,215,0,674,10477
oliveira/04_11/randm08.02.02.01.020_0030.01.aba.beta,True,12,7,0.20986652374267578,0.353867769241333,0.0018012523651123047,0.5655355453491211,94,12,0,0,72,29,65824,47,18,646,0,849,12365
oliveira/04_11/randm08.02.02.01.020_0030.02.aba.beta,True,8,7,0.09716629981994629,0.16135907173156738,0.0022106170654296875,0.26073598861694336,100,8,0,0,76,15,26750,51,8,613,0,988,14975
oliveira/04_11/randm08.02.02.01.020_0030.03.aba.beta,True,7,7,0.11545252799987793,0.18078851699829102,0.0016086101531982422,0.2978496551513672,110,7,0,0,90,17,38901,47,11,659,0,639,9660
oliveira/04_11/randm08.02.02.01.020_0030.04.aba.beta,True,4,7,0.0650177001953125,0.09396052360534668,0.0017521381378173828,0.16073036193847656,74,4,0,0,60,11,17962,37,8,474,0,798,12434
oliveira/04_11/randm08.02.02.01.020_0030.05.aba.beta,True,4,7,0.10686922073364258,0.19367194175720215,0.0023374557495117188,0.30287861824035645,127,4,0,0,111,17,30269,47,14,763,0,738,11589
oliveira/04_11/randm08.02.02.02.020_0030.01.aba.beta,True,8,6,0.04175734519958496,0.07373285293579102,0.001333475112915039,0.11682367324829102,73,8,0,0,57,12,9122,37,5,401,0,605,8939
oliveira/04_11/randm08.02.02.02.020_0030.02.aba.beta,True,8,6,0.052756309509277344,0.0724799633026123,0.0014162063598632812,0.12665247917175293,54,8,0,0,38,9,10314,25,2,341,0,639,9681
oliveira/04_11/randm08.02.02.02.020_0030.03.aba.beta,True,10,6,0.10903429985046387,0.16472125053405762,0.0013289451599121094,0.2750844955444336,101,10,0,0,81,16,27915,34,7,700,0,658,9513
oliveira/04_11/randm08.02.02.02.020_0030.04.aba.beta,True,6,6,0.05635333061218262,0.08555197715759277,0.0013473033905029297,0.14325261116027832,83,6,0,0,64,13,13182,36,8,477,0,601,9177
oliveira/04_11/randm08.02.02.02.020_0030.05.aba.beta,True,7,6,0.05836915969848633,0.09487581253051758,0.001971721649169922,0.15521669387817383,81,7,0,0,65,10,16188,35,4,463,0,632,9431
oliveira/04_11/randm08.02.02.03.020_0030.01.aba.beta,True,5,7,0.31189608573913574,0.3650388717651367,0.0012967586517333984,0.6782317161560059,129,5,0,0,112,26,111208,34,22,936,0,569,8743
oliveira/04_11/randm08.02.02.03.020_0030.02.aba.beta,True,8,7,0.2396860122680664,0.3723907470703125,0.0020170211791992188,0.6140937805175781,107,8,0,0,86,25,75371,45,18,692,0,831,12598
oliveira/04_11/randm08.02.02.03.020_0030.03.aba.beta,True,9,7,0.3763463497161865,0.43100762367248535,0.0022068023681640625,0.8095607757568359,130,9,0,0,110,34,128026,37,26,945,0,963,14589
oliveira/04_11/randm08.02.02.03.020_0030.04.aba.beta,True,8,7,0.14869022369384766,0.23088598251342773,0.0014243125915527344,0.3810005187988281,85,8,0,0,66,25,44256,38,18,550,0,658,9814
oliveira/04_11/randm08.02.02.03.020_0030.05.aba.beta,True,8,7,0.22532057762145996,0.4084932804107666,0.001420736312866211,0.6352345943450928,104,8,0,0,78,37,73264,42,30,651,0,634,9289
oliveira/04_11/randm08.02.02.04.020_0030.01.aba.beta,True,4,6,0.09679317474365234,0.2458362579345703,0.0012638568878173828,0.34389328956604004,48,4,0,0,26,31,31454,30,28,242,0,587,9144
oliveira/04_11/randm08.02.02.04.020_0030.02.aba.beta,True,8,6,0.09118986129760742,0.11061215400695801,0.0013895034790039062,0.20319151878356934,68,8,0,0,48,14,22668,27,7,425,0,617,9296
oliveira/04_11/randm08.02.02.04.020_0030.03.aba.beta,True,7,6,0.09075927734375,0.17762207984924316,0.0014832019805908203,0.269864559173584,68,7,0,0,45,21,28856,39,15,383,0,685,10397
oliveira/04_11/randm08.02.02.04.020_0030.04.aba.beta,True,4,6,0.07506895065307617,0.17673730850219727,0.0012993812561035156,0.25310564041137695,69,4,0,0,48,22,23314,43,19,373,0,591,9120
oliveira/04_11/randm08.02.02.04.020_0030.05.aba.beta,True,10,6,0.13384008407592773,0.2984917163848877,0.0015287399291992188,0.43386054039001465,60,10,0,0,33,31,43401,38,22,339,0,736,10867
oliveira/04_11/randm08.02.02.05.020_0030.01.aba.beta,True,3,5,0.022029876708984375,0.03752255439758301,0.001222372055053711,0.060774803161621094,48,3,0,0,33,7,4647,29,5,237,0,560,8722
oliveira/04_11/randm08.02.02.05.020_0030.02.aba.beta,True,3,5,0.022944927215576172,0.0403287410736084,0.0011911392211914062,0.06446480751037598,48,3,0,0,29,7,4387,28,5,232,0,560,8713
oliveira/04_11/randm08.02.02.05.020_0030.03.aba.beta,True,4,5,0.03373265266418457,0.07976889610290527,0.0013146400451660156,0.11481618881225586,56,4,0,0,36,13,8516,31,10,308,0,594,9163
oliveira/04_11/randm08.02.02.05.020_0030.04.aba.beta,True,4,5,0.0251922607421875,0.0876455307006836,0.001348257064819336,0.11418604850769043,49,4,0,0,30,12,6119,29,9,233,0,620,9634
oliveira/04_11/randm08.02.02.05.020_0030.05.aba.beta,True,7,5,0.0761268138885498,0.10854411125183105,0.0018172264099121094,0.18648815155029297,76,7,0,0,50,12,18337,37,6,477,0,863,13124
oliveira/04_11/randm08.02.02.06.020_0030.01.aba.beta,True,8,8,0.18388700485229492,0.2607245445251465,0.0016274452209472656,0.44623899459838867,177,8,0,0,162,14,59367,58,7,1310,0,738,11154
oliveira/04_11/randm08.02.02.06.020_0030.02.aba.beta,True,8,8,1.8005828857421875,1.4755136966705322,0.0013527870178222656,3.277449369430542,374,8,0,0,347,49,645859,63,42,3192,0,642,9543
oliveira/04_11/randm08.02.02.06.020_0030.03.aba.beta,True,9,8,0.1621856689453125,0.15930509567260742,0.0014922618865966797,0.3229830265045166,103,9,0,0,76,13,46227,42,5,659,0,749,11153
oliveira/04_11/randm08.02.02.06.020_0030.04.aba.beta,True,8,8,0.3550143241882324,0.5142004489898682,0.0015053749084472656,0.8707201480865479,218,8,0,0,203,25,121920,65,18,1534,0,702,10374
oliveira/04_11/randm08.02.02.06.020_0030.05.aba.beta,True,15,8,1.7066833972930908,1.3503766059875488,0.0016605854034423828,3.058720588684082,230,15,0,0,204,70,615846,51,56,1601,0,776,10979
oliveira/04_11/randm08.02.02.07.020_0030.01.aba.beta,True,1,1,0.0009520053863525391,0.0020608901977539062,0.001146078109741211,0.004158973693847656,3,1,0,0,0,1,9,3,1,2,0,536,8587
oliveira/04_11/randm08.02.02.07.020_0030.02.aba.beta,True,1,1,0.0011060237884521484,0.0027000904083251953,0.0011456012725830078,0.0049517154693603516,3,1,0,0,0,1,9,3,1,2,0,524,8514
oliveira/04_11/randm08.02.02.07.020_0030.03.aba.beta,True,1,1,0.0007870197296142578,0.002042531967163086,0.0011641979217529297,0.0039937496185302734,3,1,0,0,0,1,9,3,1,2,0,519,8504
oliveira/04_11/randm08.02.02.07.020_0030.04.aba.beta,True,1,1,0.0009729862213134766,0.002563953399658203,0.0011539459228515625,0.004690885543823242,3,1,0,0,0,1,9,3,1,2,0,539,8604
oliveira/04_11/randm08.02.02.07.020_0030.05.aba.beta,True,1,1,0.0008161067962646484,0.0019042491912841797,0.0010290145874023438,0.003749370574951172,3,1,0,0,0,1,9,3,1,2,0,530,8566
oliveira/04_11/randm08.02.02.08.020_0030.01.aba.beta,True,9,6,0.48493528366088867,1.22212553024292,0.0017273426055908203,1.7087881565093994,86,9,0,0,31,80,175408,44,72,510,0,832,12252
oliveira/04_11/randm08.02.02.08.020_0030.02.aba.beta,True,16,6,5.188274145126343,5.787587881088257,0.0025970935821533203,10.978459119796753,277,16,0,0,188,220,1886482,63,205,2340,0,1140,16791
oliveira/04_11/randm08.02.02.08.020_0030.03.aba.beta,True,14,6,0.36382198333740234,0.5574431419372559,0.002392292022705078,0.9236574172973633,124,14,0,0,83,46,117274,46,33,915,0,1088,16377
oliveira/04_11/randm08.02.02.08.020_0030.04.aba.beta,True,9,6,2.6299126148223877,3.5768702030181885,0.0017158985137939453,6.20849871635437,180,9,0,0,106,161,923911,53,153,1339,0,780,11435
oliveira/04_11/randm08.02.02.08.020_0030.05.aba.beta,True,8,6,1.322075605392456,1.7179009914398193,0.001817464828491211,3.0417940616607666,145,8,0,0,91,109,442196,45,102,999,0,788,11831
oliveira/04_11/randm08.02.02.09.020_0030.01.aba.beta,True,11,7,0.2964787483215332,0.30931568145751953,0.0022890567779541016,0.6080834865570068,118,11,0,0,87,24,89880,48,14,802,0,1004,15200
oliveira/04_11/randm08.02.02.09.020_0030.02.aba.beta,True,12,7,0.18703913688659668,0.2722890377044678,0.0034668445587158203,0.4627950191497803,89,12,0,0,61,23,54104,39,12,646,0,1536,23722
oliveira/04_11/randm08.02.02.09.020_0030.03.aba.beta,True,9,7,0.8758111000061035,0.8867297172546387,0.0016736984252929688,1.7642145156860352,193,9,0,0,158,52,308904,50,44,1408,0,781,11676
oliveira/04_11/randm08.02.02.09.020_0030.04.aba.beta,True,11,7,0.11941885948181152,0.18865394592285156,0.002133607864379883,0.31020641326904297,61,11,0,0,35,19,36442,34,9,376,0,967,14468
oliveira/04_11/randm08.02.02.09.020_0030.05.aba.beta,True,6,7,0.5729842185974121,0.5460882186889648,0.0012333393096923828,1.1203057765960693,216,6,0,0,193,34,199129,44,29,1451,0,562,8665
oliveira/04_11/randm08.02.02.10.020_0030.01.aba.beta,True,15,7,0.28937339782714844,0.36145448684692383,0.0030121803283691406,0.6538400650024414,110,15,0,0,83,26,95633,45,12,781,0,1380,20460
oliveira/04_11/randm08.02.02.10.020_0030.02.aba.beta,True,16,7,0.43939852714538574,0.5305056571960449,0.003378629684448242,0.9732828140258789,108,16,0,0,64,40,150863,49,25,795,0,1544,23314
oliveira/04_11/randm08.02.02.10.020_0030.03.aba.beta,True,11,7,0.326308012008667,0.4623875617980957,0.002111673355102539,0.7908072471618652,118,11,0,0,79,37,105150,50,27,802,0,974,14407
oliveira/04_11/randm08.02.02.10.020_0030.04.aba.beta,True,15,7,0.41252779960632324,0.6077306270599365,0.0031528472900390625,1.0234112739562988,110,15,0,0,62,45,140235,53,31,774,0,1475,21974
oliveira/04_11/randm08.02.02.10.020_0030.05.aba.beta,True,11,7,0.44031858444213867,0.5564138889312744,0.004575967788696289,1.0013084411621094,181,11,0,0,147,37,152908,57,27,1447,0,1628,25585
oliveira/04_11/randm08.02.02.11.020_0030.01.aba.beta,True,25,8,28.057535648345947,15.00083303451538,0.003877401351928711,43.06224608421326,616,25,0,0,553,329,9386383,63,305,6529,0,1551,21921
oliveira/04_11/randm08.02.02.11.020_0030.02.aba.beta,True,22,8,1.7876334190368652,1.4831037521362305,0.00534510612487793,3.2760822772979736,293,22,0,0,252,57,630777,55,36,2460,0,2375,36350
oliveira/04_11/randm08.02.02.11.020_0030.03.aba.beta,True,16,8,1.3587925434112549,1.2745051383972168,0.0029981136322021484,2.636295795440674,235,16,0,0,198,65,464734,58,50,1893,0,1310,19864
oliveira/04_11/randm08.02.02.11.020_0030.04.aba.beta,True,11,8,1.3779354095458984,1.0743176937103271,0.002079486846923828,2.4543325901031494,242,11,0,0,213,50,466665,70,40,2109,0,931,13576
oliveira/04_11/randm08.02.02.11.020_0030.05.aba.beta,True,16,8,1.1831789016723633,1.139279842376709,0.003458261489868164,2.3259170055389404,197,16,0,0,156,59,401440,56,44,1569,0,1597,23785
oliveira/04_11/randm08.02.02.12.020_0030.01.aba.beta,True,7,5,0.03847193717956543,0.054238080978393555,0.001600027084350586,0.09431004524230957,23,7,0,0,7,9,4114,19,3,133,0,746,11452
oliveira/04_11/randm08.02.02.12.020_0030.02.aba.beta,True,4,5,0.018793344497680664,0.06803441047668457,0.0018970966339111328,0.08872485160827637,38,4,0,0,21,11,4834,30,8,187,0,816,12877
oliveira/04_11/randm08.02.02.12.020_0030.03.aba.beta,True,6,5,0.06263923645019531,0.1281452178955078,0.002257108688354492,0.19304156303405762,50,6,0,0,31,14,11655,33,9,294,0,1025,15801
oliveira/04_11/randm08.02.02.12.020_0030.04.aba.beta,True,10,5,0.03782844543457031,0.09398508071899414,0.0020248889923095703,0.13383841514587402,31,10,0,0,13,11,8168,21,2,195,0,923,13864
oliveira/04_11/randm08.02.02.12.020_0030.05.aba.beta,True,5,5,0.027191638946533203,0.0609130859375,0.0014674663543701172,0.08957219123840332,47,5,0,0,27,10,5704,28,6,271,0,667,10215
oliveira/04_11/randm08.02.02.13.020_0030.01.aba.beta,True,12,8,4.608466148376465,2.712808609008789,0.0021140575408935547,7.3233888149261475,300,12,0,0,254,81,1594007,65,70,2351,0,941,13919
oliveira/04_11/randm08.02.02.13.020_0030.02.aba.beta,True,11,8,0.31711363792419434,0.38822007179260254,0.003383159637451172,0.708716869354248,107,11,0,0,76,26,114538,50,16,713,0,1505,23022
oliveira/04_11/randm08.02.02.13.020_0030.03.aba.beta,True,7,8,0.29311180114746094,0.27710437774658203,0.002143383026123047,0.572359561920166,168,7,0,0,144,15,101051,49,9,1208,0,956,14775
oliveira/04_11/randm08.02.02.13.020_0030.04.aba.beta,True,10,8,1.1429672241210938,1.19266939163208,0.002823352813720703,2.3384599685668945,216,10,0,0,184,39,415010,62,30,1679,0,1294,19821
oliveira/04_11/randm08.02.02.13.020_0030.05.aba.beta,True,10,8,0.5863766670227051,0.4861884117126465,0.0031740665435791016,1.0757391452789307,148,10,0,0,109,25,200745,48,16,1090,0,1354,21062
oliveira/04_11/randm08.02.02.14.020_0030.01.aba.beta,True,9,6,0.11777234077453613,0.21152806282043457,0.0022118091583251953,0.3315122127532959,59,9,0,0,32,23,39781,39,15,384,0,976,14819
oliveira/04_11/randm08.02.02.14.020_0030.02.aba.beta,True,12,6,0.18644428253173828,0.306476354598999,0.0022492408752441406,0.49516987800598145,67,12,0,0,37,24,56117,43,13,472,0,1013,15196
oliveira/04_11/randm08.02.02.14.020_0030.03.aba.beta,True,11,6,0.17166614532470703,0.2910153865814209,0.002458810806274414,0.46514034271240234,63,11,0,0,31,25,51040,41,15,416,0,1118,17034
oliveira/04_11/randm08.02.02.14.020_0030.04.aba.beta,True,15,6,0.2272953987121582,0.43436551094055176,0.003277301788330078,0.66493821144104,64,15,0,0,25,36,77378,40,22,502,0,1477,22827
oliveira/04_11/randm08.02.02.14.020_0030.05.aba.beta,True,9,6,0.21793532371520996,0.3717520236968994,0.0018315315246582031,0.5915188789367676,79,9,0,0,47,33,68302,41,25,508,0,848,12516
oliveira/04_11/randm08.02.02.15.020_0030.01.aba.beta,True,7,5,0.043294429779052734,0.0878899097442627,0.0017993450164794922,0.13298368453979492,41,7,0,0,20,10,9974,29,4,236,0,799,12166
oliveira/04_11/randm08.02.02.15.020_0030.02.aba.beta,True,6,5,0.039604902267456055,0.07971715927124023,0.00189971923828125,0.12122178077697754,41,6,0,0,25,10,11255,27,5,210,0,835,12920
oliveira/04_11/randm08.02.02.15.020_0030.03.aba.beta,True,6,5,0.03077530860900879,0.060511112213134766,0.0020198822021484375,0.09330630302429199,32,6,0,0,17,9,7273,25,4,164,0,850,13087
oliveira/04_11/randm08.02.02.15.020_0030.04.aba.beta,True,3,5,0.014523983001708984,0.03141951560974121,0.0012881755828857422,0.04723167419433594,29,3,0,0,17,6,4192,20,4,124,0,584,9194
oliveira/04_11/randm08.02.02.15.020_0030.05.aba.beta,True,13,5,0.07321858406066895,0.1587522029876709,0.0020399093627929688,0.2340106964111328,44,13,0,0,20,17,19601,34,5,288,0,907,13402
oliveira/04_11/randm08.02.02.16.020_0030.01.aba.beta,True,8,5,0.03480935096740723,0.09451651573181152,0.0015358924865722656,0.13086175918579102,31,8,0,0,10,15,8442,22,8,173,0,711,10584
oliveira/04_11/randm08.02.02.16.020_0030.02.aba.beta,True,7,5,0.03382372856140137,0.0969703197479248,0.0013816356658935547,0.13217568397521973,34,7,0,0,13,15,8855,20,9,185,0,639,9724
oliveira/04_11/randm08.02.02.16.020_0030.03.aba.beta,True,6,5,0.05997109413146973,0.14991450309753418,0.0016214847564697266,0.21150708198547363,38,6,0,0,11,21,13460,31,16,211,0,710,10847
oliveira/04_11/randm08.02.02.16.020_0030.04.aba.beta,True,7,5,0.0542147159576416,0.15515875816345215,0.0020372867584228516,0.2114107608795166,41,7,0,0,13,22,13769,28,16,224,0,896,13707
oliveira/04_11/randm08.02.02.16.020_0030.05.aba.beta,True,12,5,0.08678126335144043,0.22194981575012207,0.0020308494567871094,0.3107619285583496,53,12,0,0,17,28,22835,38,17,340,0,935,13917
oliveira/04_11/randm08.02.02.17.020_0030.01.aba.beta,True,10,6,0.09657049179077148,0.15731000900268555,0.0014312267303466797,0.2553117275238037,77,10,0,0,60,18,27189,31,9,487,0,676,9942
oliveira/04_11/randm08.02.02.17.020_0030.02.aba.beta,True,10,6,0.09050941467285156,0.14600157737731934,0.0017969608306884766,0.23830795288085938,82,10,0,0,65,14,27266,42,5,531,0,794,11915
oliveira/04_11/randm08.02.02.17.020_0030.03.aba.beta,True,7,6,0.06222057342529297,0.0917658805847168,0.0015902519226074219,0.1555767059326172,77,7,0,0,59,11,16110,37,5,426,0,646,9783
oliveira/04_11/randm08.02.02.17.020_0030.04.aba.beta,True,8,6,0.0485074520111084,0.08899497985839844,0.0013871192932128906,0.13888955116271973,73,8,0,0,58,13,12136,34,6,413,0,626,9344
oliveira/04_11/randm08.02.02.17.020_0030.05.aba.beta,True,7,6,0.07717108726501465,0.11098170280456543,0.0020384788513183594,0.19019126892089844,86,7,0,0,72,12,17491,32,6,541,0,841,13449
oliveira/04_11/randm08.02.02.18.020_0030.01.aba.beta,True,7,6,0.08783316612243652,0.1429736614227295,0.001287698745727539,0.23209452629089355,78,7,0,0,58,16,26463,33,10,513,0,609,9244
oliveira/04_11/randm08.02.02.18.020_0030.02.aba.beta,True,11,6,0.21871542930603027,0.3698148727416992,0.003448486328125,0.5919787883758545,84,11,0,0,59,28,71771,40,18,539,0,1435,22340
oliveira/04_11/randm08.02.02.18.020_0030.03.aba.beta,True,7,6,0.051369428634643555,0.11029386520385742,0.002467632293701172,0.16413092613220215,50,7,0,0,29,11,14777,31,5,267,0,1120,17313
oliveira/04_11/randm08.02.02.18.020_0030.04.aba.beta,True,6,6,0.7724459171295166,1.0408501625061035,0.002005338668823242,1.8153014183044434,179,6,0,0,150,53,270445,48,48,1361,0,883,13751
oliveira/04_11/randm08.02.02.18.020_0030.05.aba.beta,True,10,6,0.09854483604431152,0.189544677734375,0.002819061279296875,0.2909085750579834,73,10,0,0,52,15,30046,41,6,516,0,1274,19658
oliveira/04_11/randm08.02.02.19.020_0030.01.aba.beta,True,8,8,1.548189401626587,1.094275712966919,0.0014696121215820312,2.643934726715088,291,8,0,0,267,43,552980,57,36,2329,0,655,9647
oliveira/04_11/randm08.02.02.19.020_0030.02.aba.beta,True,13,8,0.9464147090911865,0.8893077373504639,0.0017833709716796875,1.83750581741333,229,13,0,0,201,49,343280,55,37,1631,0,811,12032
oliveira/04_11/randm08.02.02.19.020_0030.03.aba.beta,True,6,8,0.09258437156677246,0.12192034721374512,0.0016875267028808594,0.21619224548339844,107,6,0,0,92,11,30817,43,6,660,0,648,9831
oliveira/04_11/randm08.02.02.19.020_0030.04.aba.beta,True,13,8,1.4502391815185547,1.2952966690063477,0.001725912094116211,2.7472617626190186,228,13,0,0,200,65,533841,53,53,1732,0,802,11754
oliveira/04_11/randm08.02.02.19.020_0030.05.aba.beta,True,12,8,0.3308439254760742,0.40853238105773926,0.002419710159301758,0.7417960166931152,148,12,0,0,119,28,106195,57,17,1059,0,1087,16168
oliveira/04_11/randm09.02.02.01.020_0030.01.aba.beta,True,15,9,1.1425597667694092,0.7943077087402344,0.0027735233306884766,1.939640998840332,205,15,0,0,168,33,388803,52,19,1736,0,1247,18881
oliveira/04_11/randm09.02.02.01.020_0030.02.aba.beta,True,7,7,0.21555423736572266,0.260800838470459,0.001506805419921875,0.4778618812561035,125,7,0,0,103,21,70124,43,15,900,0,685,10380
oliveira/04_11/randm09.02.02.01.020_0030.03.aba.beta,True,24,9,4.594236135482788,3.0435478687286377,0.0050699710845947266,7.6428539752960205,310,24,0,0,250,92,1681432,56,69,2613,0,2253,33760
oliveira/04_11/randm09.02.02.01.020_0030.04.aba.beta,True,10,9,28.497808933258057,14.811149597167969,0.00201416015625,43.310972690582275,591,10,0,0,537,201,9078924,73,192,5510,0,886,13076
oliveira/04_11/randm09.02.02.01.020_0030.05.aba.beta,True,12,9,11.877300024032593,6.061384916305542,0.0025691986083984375,17.941254138946533,522,12,0,0,475,129,3899307,69,118,4886,0,1109,16582
oliveira/04_11/randm09.02.02.02.020_0030.01.aba.beta,True,19,8,7.584882736206055,4.500120401382446,0.0039560794830322266,12.088959217071533,497,19,0,0,465,110,2593786,80,92,4131,0,1770,26182
oliveira/04_11/randm09.02.02.02.020_0030.02.aba.beta,True,9,7,0.07559585571289062,0.11477112770080566,0.0021877288818359375,0.19255471229553223,66,9,0,0,48,9,21506,36,1,364,0,974,14946
oliveira/04_11/randm09.02.02.02.020_0030.03.aba.beta,True,16,8,0.14668011665344238,0.2272813320159912,0.0042514801025390625,0.37821292877197266,86,16,0,0,58,19,33259,48,4,581,0,1925,29083
oliveira/04_11/randm09.02.02.02.020_0030.04.aba.beta,True,21,8,5.741020202636719,4.838589191436768,0.004530191421508789,10.584139585494995,344,21,0,0,291,150,2064525,65,130,2751,0,2035,31049
oliveira/04_11/randm09.02.02.02.020_0030.05.aba.beta,True,17,7,0.3793449401855469,0.43362998962402344,0.003052949905395508,0.8160278797149658,117,17,0,0,86,31,120861,45,15,859,0,1414,20847
oliveira/04_11/randm09.02.02.03.020_0030.01.aba.beta,True,19,8,2.2479605674743652,1.839911699295044,0.0037157535552978516,4.091588020324707,306,19,0,0,264,56,743690,58,38,2820,0,1634,24404
oliveira/04_11/randm09.02.02.03.020_0030.02.aba.beta,True,13,8,0.43245935440063477,0.6152517795562744,0.002825021743774414,1.0505361557006836,213,13,0,0,181,32,141431,58,20,1594,0,1180,18268
oliveira/04_11/randm09.02.02.03.020_0030.03.aba.beta,True,19,8,1.8112156391143799,2.0176796913146973,0.0026237964630126953,3.83151912689209,300,19,0,0,254,75,616493,68,57,2388,0,1173,17170
oliveira/04_11/randm09.02.02.03.020_0030.04.aba.beta,True,12,8,0.16634273529052734,0.2537996768951416,0.0027608871459960938,0.42290329933166504,105,12,0,0,81,20,53653,51,9,706,0,1225,18471
oliveira/04_11/randm09.02.02.03.020_0030.05.aba.beta,True,8,8,0.13580012321472168,0.1848299503326416,0.0018773078918457031,0.322507381439209,118,8,0,0,98,16,41360,44,9,768,0,847,12800
oliveira/04_11/randm09.02.02.04.020_0030.01.aba.beta,True,10,7,0.6430244445800781,0.8526139259338379,0.002149820327758789,1.4977881908416748,239,10,0,0,214,42,222418,59,33,1747,0,987,14729
oliveira/04_11/randm09.02.02.04.020_0030.02.aba.beta,True,10,7,0.08617854118347168,0.14312481880187988,0.001943826675415039,0.2312471866607666,74,10,0,0,54,15,22906,42,6,441,0,844,12594
oliveira/04_11/randm09.02.02.04.020_0030.03.aba.beta,True,8,7,0.06287074089050293,0.15785622596740723,0.0015530586242675781,0.22228002548217773,70,8,0,0,49,17,18185,46,10,362,0,712,10723
oliveira/04_11/randm09.02.02.04.020_0030.04.aba.beta,True,5,7,0.02709650993347168,0.05121946334838867,0.0012593269348144531,0.0795753002166748,57,5,0,0,42,8,6605,36,4,288,0,578,8846
oliveira/04_11/randm09.02.02.04.020_0030.05.aba.beta,True,10,7,0.4457871913909912,0.5722572803497314,0.0019071102142333984,1.019951581954956,196,10,0,0,171,37,153027,56,28,1309,0,856,12762
oliveira/04_11/randm09.02.02.05.020_0030.01.aba.beta,True,13,8,0.28768348693847656,0.3041880130767822,0.0017249584197998047,0.5935964584350586,194,13,0,0,169,21,92578,52,9,1323,0,782,11106
oliveira/04_11/randm09.02.02.05.020_0030.02.aba.beta,True,10,8,0.41330599784851074,0.3807101249694824,0.0013995170593261719,0.7954156398773193,236,10,0,0,216,22,138339,44,13,2003,0,649,9301
oliveira/04_11/randm09.02.02.05.020_0030.03.aba.beta,True,16,8,3.087392807006836,2.2007575035095215,0.0021948814392089844,5.290345191955566,448,16,0,0,416,68,1100999,63,53,3902,0,1077,15624
oliveira/04_11/randm09.02.02.05.020_0030.04.aba.beta,True,10,8,0.28891491889953613,0.2892649173736572,0.0017414093017578125,0.5799212455749512,185,10,0,0,159,21,91821,49,12,1370,0,808,12026
oliveira/04_11/randm09.02.02.05.020_0030.05.aba.beta,True,6,8,0.0660238265991211,0.09209656715393066,0.0014271736145019531,0.1595475673675537,74,6,0,0,58,8,17601,33,3,486,0,621,9451
oliveira/04_11/randm09.02.02.06.020_0030.01.aba.beta,True,17,9,1.4426367282867432,1.1727733612060547,0.0024640560150146484,2.6178741455078125,224,17,0,0,189,59,518758,59,43,1816,0,1086,15703
oliveira/04_11/randm09.02.02.06.020_0030.02.aba.beta,True,18,9,2.668872117996216,1.7521085739135742,0.002033710479736328,4.423014402389526,275,18,0,0,242,66,948497,60,49,2367,0,948,13139
oliveira/04_11/randm09.02.02.06.020_0030.03.aba.beta,True,9,9,1.0071113109588623,1.202134132385254,0.0016510486602783203,2.2108964920043945,365,9,0,0,348,37,355157,73,29,2927,0,754,11365
oliveira/04_11/randm09.02.02.06.020_0030.04.aba.beta,True,16,9,17.185617685317993,8.66034984588623,0.0017466545104980469,25.84771418571472,618,16,0,0,561,156,5796125,72,141,5768,0,826,11386
oliveira/04_11/randm09.02.02.06.020_0030.05.aba.beta,True,16,9,1.6420965194702148,1.2322373390197754,0.002160787582397461,2.8764946460723877,287,16,0,0,252,52,600912,65,37,2149,0,1045,15130
oliveira/04_11/randm09.02.02.07.020_0030.01.aba.beta,True,1,1,0.0009694099426269531,0.0030019283294677734,0.001148223876953125,0.0051195621490478516,3,1,0,0,0,1,9,3,1,2,0,511,8445
oliveira/04_11/randm09.02.02.07.020_0030.02.aba.beta,True,1,1,0.0008594989776611328,0.0020520687103271484,0.0017464160919189453,0.0046579837799072266,3,1,0,0,0,1,9,3,1,2,0,530,8553
oliveira/04_11/randm09.02.02.07.020_0030.03.aba.beta,True,1,1,0.0008432865142822266,0.0019752979278564453,0.0013468265533447266,0.0041654109954833984,3,1,0,0,0,1,9,3,1,2,0,533,8573
oliveira/04_11/randm09.02.02.07.020_0030.04.aba.beta,True,1,1,0.0008208751678466797,0.0017457008361816406,0.0011196136474609375,0.003686189651489258,3,1,0,0,0,1,9,3,1,2,0,527,8550
oliveira/04_11/randm09.02.02.07.020_0030.05.aba.beta,True,1,1,0.0008215904235839844,0.0019173622131347656,0.001153707504272461,0.003892660140991211,3,1,0,0,0,1,9,3,1,2,0,536,8586
oliveira/04_11/randm09.02.02.08.020_0030.01.aba.beta,True,7,6,0.059909820556640625,0.0663154125213623,0.0017211437225341797,0.1279463768005371,58,7,0,0,45,9,8743,27,3,296,0,760,11726
oliveira/04_11/randm09.02.02.08.020_0030.02.aba.beta,True,6,6,0.06017017364501953,0.12118411064147949,0.0013573169708251953,0.18271160125732422,104,6,0,0,89,14,17365,50,9,588,0,622,9431
oliveira/04_11/randm09.02.02.08.020_0030.03.aba.beta,True,6,6,0.05228233337402344,0.04548978805541992,0.0015795230865478516,0.09935164451599121,52,6,0,0,38,7,5345,32,2,256,0,701,10804
oliveira/04_11/randm09.02.02.08.020_0030.04.aba.beta,True,5,6,0.01787090301513672,0.036029815673828125,0.003995180130004883,0.05789589881896973,50,5,0,0,33,6,3046,31,2,224,0,1650,26240
oliveira/04_11/randm09.02.02.08.020_0030.05.aba.beta,True,6,6,0.02213764190673828,0.04345107078552246,0.003130197525024414,0.06871891021728516,49,6,0,0,31,7,3213,33,2,226,0,1409,22351
oliveira/04_11/randm09.02.02.09.020_0030.01.aba.beta,True,13,9,0.9275503158569336,0.7360291481018066,0.0035152435302734375,1.6670947074890137,228,13,0,0,201,35,341509,57,23,1522,0,1465,22796
oliveira/04_11/randm09.02.02.09.020_0030.02.aba.beta,True,13,9,1.14530348777771,1.0620996952056885,0.002568483352661133,2.2099716663360596,304,13,0,0,267,44,389545,65,32,2348,0,1119,16636
oliveira/04_11/randm09.02.02.09.020_0030.03.aba.beta,True,13,9,0.4175577163696289,0.4045536518096924,0.0017883777618408203,0.8238997459411621,168,13,0,0,136,25,135703,55,13,1204,0,810,11766
oliveira/04_11/randm09.02.02.09.020_0030.04.aba.beta,True,16,9,0.2887270450592041,0.4212372303009033,0.003563404083251953,0.7135276794433594,178,16,0,0,147,24,89826,65,9,1327,0,1624,24196
oliveira/04_11/randm09.02.02.09.020_0030.05.aba.beta,True,15,9,0.4430809020996094,0.45610952377319336,0.002595663070678711,0.9017860889434814,172,15,0,0,139,28,151645,54,14,1202,0,1172,17257
oliveira/04_11/randm09.02.02.10.020_0030.01.aba.beta,True,7,6,0.06396341323852539,0.16077613830566406,0.0017690658569335938,0.22650861740112305,95,7,0,0,77,20,16804,39,14,566,0,750,11548
oliveira/04_11/randm09.02.02.10.020_0030.02.aba.beta,True,8,6,0.09599065780639648,0.19127249717712402,0.0014181137084960938,0.2886812686920166,72,8,0,0,50,23,26340,34,16,435,0,651,9806
oliveira/04_11/randm09.02.02.10.020_0030.03.aba.beta,True,8,6,0.0921790599822998,0.15195012092590332,0.0018432140350341797,0.2459723949432373,92,8,0,0,73,15,26689,40,8,576,0,804,12075
oliveira/04_11/randm09.02.02.10.020_0030.04.aba.beta,True,9,6,0.10057663917541504,0.16308999061584473,0.0013473033905029297,0.2650139331817627,105,9,0,0,80,17,28625,36,9,689,0,644,9366
oliveira/04_11/randm09.02.02.10.020_0030.05.aba.beta,True,5,6,0.04975581169128418,0.12827205657958984,0.0012907981872558594,0.17931866645812988,75,5,0,0,58,20,13142,35,16,420,0,585,8864
oliveira/04_11/randm09.02.02.11.020_0030.01.aba.beta,True,6,8,0.0678553581237793,0.12863898277282715,0.0014581680297851562,0.1979525089263916,87,6,0,0,66,13,21053,46,8,520,0,674,10233
oliveira/04_11/randm09.02.02.11.020_0030.02.aba.beta,True,5,8,0.1428985595703125,0.22107887268066406,0.00136566162109375,0.3653430938720703,161,5,0,0,140,19,50349,49,15,1020,0,588,9135
oliveira/04_11/randm09.02.02.11.020_0030.03.aba.beta,True,9,8,0.2614574432373047,0.44219160079956055,0.0015649795532226562,0.7052140235900879,182,9,0,0,156,30,82930,53,22,1232,0,727,10868
oliveira/04_11/randm09.02.02.11.020_0030.04.aba.beta,True,9,8,0.13213229179382324,0.18682026863098145,0.0014202594757080078,0.3203728199005127,107,9,0,0,85,17,40985,43,9,649,0,631,9190
oliveira/04_11/randm09.02.02.11.020_0030.05.aba.beta,True,8,8,0.27571892738342285,0.3066670894622803,0.0015156269073486328,0.5839016437530518,141,8,0,0,116,23,91759,45,16,907,0,692,10521
oliveira/04_11/randm09.02.02.12.020_0030.01.aba.beta,True,5,8,0.09067106246948242,0.1256113052368164,0.0013124942779541016,0.21759486198425293,74,5,0,0,57,14,30711,36,10,408,0,568,8726
oliveira/04_11/randm09.02.02.12.020_0030.02.aba.beta,True,11,8,0.4817216396331787,0.4603400230407715,0.002251148223876953,0.9443128108978271,144,11,0,0,124,34,151898,41,24,1070,0,1000,14957
oliveira/04_11/randm09.02.02.12.020_0030.03.aba.beta,True,10,8,1.9705443382263184,1.8910603523254395,0.0018858909606933594,3.863490581512451,337,10,0,0,313,74,693901,55,65,2687,0,839,12298
oliveira/04_11/randm09.02.02.12.020_0030.04.aba.beta,True,6,8,0.16684627532958984,0.2978343963623047,0.0016813278198242188,0.46636199951171875,147,6,0,0,132,22,54310,47,17,988,0,713,10938
oliveira/04_11/randm09.02.02.12.020_0030.05.aba.beta,True,10,8,0.40978264808654785,0.3246164321899414,0.0018515586853027344,0.736250638961792,210,10,0,0,185,21,143574,51,12,1605,0,851,12470
oliveira/04_11/randm09.02.02.13.020_0030.01.aba.beta,True,13,8,0.21690940856933594,0.32164978981018066,0.0026590824127197266,0.5412182807922363,112,13,0,0,83,26,70055,44,14,754,0,1183,17834
oliveira/04_11/randm09.02.02.13.020_0030.02.aba.beta,True,9,8,0.42043638229370117,0.6005735397338867,0.0019295215606689453,1.0229394435882568,204,9,0,0,178,34,146747,62,26,1537,0,864,12950
oliveira/04_11/randm09.02.02.13.020_0030.03.aba.beta,True,22,8,26.91575002670288,19.885690212249756,0.0036182403564453125,46.80505847930908,1135,22,0,0,1078,247,8507047,90,226,10569,0,1584,23251
oliveira/04_11/randm09.02.02.13.020_0030.04.aba.beta,True,9,8,0.2760171890258789,0.3314645290374756,0.0019559860229492188,0.6094377040863037,131,9,0,0,105,24,94472,51,16,925,0,890,13465
oliveira/04_11/randm09.02.02.13.020_0030.05.aba.beta,True,14,8,1.6984827518463135,1.242849588394165,0.0023975372314453125,2.943729877471924,375,14,0,0,346,52,602521,71,39,3032,0,1067,15571
oliveira/04_11/randm09.02.02.14.020_0030.01.aba.beta,True,9,6,0.06891393661499023,0.11077761650085449,0.0020444393157958984,0.18173599243164062,54,9,0,0,29,12,16632,28,4,352,0,836,12529
oliveira/04_11/randm09.02.02.14.020_0030.02.aba.beta,True,6,6,0.08495426177978516,0.17346787452697754,0.0014579296112060547,0.25988006591796875,59,6,0,0,31,19,26511,29,14,374,0,663,10026
oliveira/04_11/randm09.02.02.14.020_0030.03.aba.beta,True,6,6,0.044812917709350586,0.10847926139831543,0.001680612564086914,0.15497279167175293,52,6,0,0,31,17,11484,30,12,304,0,630,9594
oliveira/04_11/randm09.02.02.14.020_0030.04.aba.beta,True,2,6,0.04817628860473633,0.12109756469726562,0.0012288093566894531,0.1705026626586914,55,2,0,0,31,17,13923,36,16,254,0,545,8614
oliveira/04_11/randm09.02.02.14.020_0030.05.aba.beta,True,9,6,0.19888997077941895,0.26195859909057617,0.0019373893737792969,0.4627859592437744,81,9,0,0,50,21,64321,33,13,537,0,876,13132
oliveira/04_11/randm09.02.02.15.020_0030.01.aba.beta,True,3,8,0.03865528106689453,0.08007574081420898,0.0011513233184814453,0.11988234519958496,90,3,0,0,73,12,11881,46,10,495,0,617,9654
oliveira/04_11/randm09.02.02.15.020_0030.02.aba.beta,True,7,8,0.6405210494995117,0.5418322086334229,0.0014715194702148438,1.1838247776031494,222,7,0,0,200,31,227117,63,25,1496,0,642,9596
oliveira/04_11/randm09.02.02.15.020_0030.03.aba.beta,True,5,8,0.08686661720275879,0.10889577865600586,0.0013141632080078125,0.19707655906677246,97,5,0,0,82,12,27559,43,8,525,0,561,8751
oliveira/04_11/randm09.02.02.15.020_0030.04.aba.beta,True,7,8,0.13843488693237305,0.18079662322998047,0.0013210773468017578,0.3205525875091553,145,7,0,0,131,15,46768,53,9,952,0,596,8981
oliveira/04_11/randm09.02.02.15.020_0030.05.aba.beta,True,9,8,0.17815470695495605,0.21825456619262695,0.002706766128540039,0.39911603927612305,123,9,0,0,96,18,58429,43,10,772,0,1122,18104
oliveira/04_11/randm09.02.02.16.020_0030.01.aba.beta,True,3,6,0.018065214157104492,0.0391688346862793,0.0012230873107910156,0.058457136154174805,35,3,0,0,19,8,3507,27,6,145,0,546,8642
oliveira/04_11/randm09.02.02.16.020_0030.02.aba.beta,True,5,6,0.05268073081970215,0.1424877643585205,0.0017459392547607422,0.1969144344329834,69,5,0,0,49,17,14992,33,13,374,0,809,12490
oliveira/04_11/randm09.02.02.16.020_0030.03.aba.beta,True,4,6,0.04042243957519531,0.08749842643737793,0.0016765594482421875,0.12959742546081543,86,4,0,0,66,12,11652,31,9,456,0,740,11692
oliveira/04_11/randm09.02.02.16.020_0030.04.aba.beta,True,2,6,0.04070472717285156,0.039121150970458984,0.0012478828430175781,0.08107376098632812,41,2,0,0,28,7,4616,28,6,188,0,548,8694
oliveira/04_11/randm09.02.02.16.020_0030.05.aba.beta,True,3,6,0.045525550842285156,0.11422920227050781,0.001531362533569336,0.1612861156463623,68,3,0,0,48,11,13392,35,9,410,0,595,9361
oliveira/04_11/randm09.02.02.17.020_0030.01.aba.beta,True,11,9,6.573460102081299,4.125239372253418,0.0026955604553222656,10.701395034790039,481,11,0,0,452,112,2316081,75,102,4238,0,1147,17837
oliveira/04_11/randm09.02.02.17.020_0030.02.aba.beta,True,7,9,0.15069317817687988,0.21113348007202148,0.0019314289093017578,0.3637580871582031,110,7,0,0,92,15,44566,52,9,687,0,844,12929
oliveira/04_11/randm09.02.02.17.020_0030.03.aba.beta,True,6,9,0.13180208206176758,0.21745920181274414,0.0014433860778808594,0.3507046699523926,144,6,0,0,125,17,35837,59,12,910,0,651,9915
oliveira/04_11/randm09.02.02.17.020_0030.04.aba.beta,True,14,9,3.8664259910583496,2.4452366828918457,0.0018239021301269531,6.313486576080322,602,14,0,0,568,77,1371004,75,64,5076,0,834,11949
oliveira/04_11/randm09.02.02.17.020_0030.05.aba.beta,True,17,9,1.4575066566467285,1.1102406978607178,0.004416227340698242,2.5721635818481445,291,17,0,0,259,49,514545,64,33,2258,0,1937,29510
oliveira/04_11/randm09.02.02.18.020_0030.01.aba.beta,True,12,7,0.7594945430755615,0.8783130645751953,0.0020132064819335938,1.6398208141326904,245,12,0,0,209,48,262255,63,37,2051,0,864,12784
oliveira/04_11/randm09.02.02.18.020_0030.02.aba.beta,True,12,7,1.071589469909668,0.9598784446716309,0.0013930797576904297,2.0328609943389893,225,12,0,0,194,62,384907,51,51,1750,0,690,10012
oliveira/04_11/randm09.02.02.18.020_0030.03.aba.beta,True,13,7,0.3725318908691406,0.4603877067565918,0.0025641918182373047,0.8354837894439697,143,13,0,0,115,37,134386,48,25,1182,0,1146,17128
oliveira/04_11/randm09.02.02.18.020_0030.04.aba.beta,True,14,7,0.48903465270996094,0.5917606353759766,0.0029726028442382812,1.0837678909301758,171,14,0,0,138,39,165193,56,26,1262,0,1312,19378
oliveira/04_11/randm09.02.02.18.020_0030.05.aba.beta,True,10,7,0.1965930461883545,0.29630565643310547,0.0018291473388671875,0.49472784996032715,145,10,0,0,116,23,57464,48,14,1079,0,823,12298
oliveira/04_11/randm09.02.02.19.020_0030.01.aba.beta,True,16,8,1.7897188663482666,1.788583517074585,0.0025670528411865234,3.580869436264038,309,16,0,0,259,83,654259,63,68,2531,0,1154,17001
oliveira/04_11/randm09.02.02.19.020_0030.02.aba.beta,True,11,8,16.73604989051819,10.497611284255981,0.0035903453826904297,27.23725152015686,723,11,0,0,670,197,5097213,65,187,6652,0,1551,24001
oliveira/04_11/randm09.02.02.19.020_0030.03.aba.beta,True,11,8,1.0427987575531006,1.1193132400512695,0.001911163330078125,2.1640231609344482,294,11,0,0,254,58,358622,60,48,2427,0,875,12873
oliveira/04_11/randm09.02.02.19.020_0030.04.aba.beta,True,13,8,4.835529804229736,4.181376934051514,0.0030066967010498047,9.0199134349823,498,13,0,0,440,122,1674076,64,110,4186,0,1269,19010
oliveira/04_11/randm09.02.02.19.020_0030.05.aba.beta,True,14,8,1.9786748886108398,1.6783223152160645,0.0030164718627929688,3.6600136756896973,241,14,0,0,202,70,682717,52,57,2094,0,1405,21133
oliveira/04_11/randm10.02.02.01.020_0030.01.aba.beta,True,5,6,0.02699756622314453,0.03369474411010742,0.0016112327575683594,0.06230354309082031,59,5,0,0,49,5,4749,32,1,292,0,730,11296
oliveira/04_11/randm10.02.02.01.020_0030.02.aba.beta,True,4,6,0.02527761459350586,0.036246299743652344,0.0014386177062988281,0.06296253204345703,58,4,0,0,46,5,6441,26,2,298,0,620,9665
oliveira/04_11/randm10.02.02.01.020_0030.03.aba.beta,True,3,6,0.014977455139160156,0.0259549617767334,0.0012233257293701172,0.04215574264526367,41,3,0,0,30,5,2414,25,3,183,0,549,8634
oliveira/04_11/randm10.02.02.01.020_0030.04.aba.beta,True,4,6,0.02790546417236328,0.04828357696533203,0.0013289451599121094,0.07751798629760742,53,4,0,0,34,6,5537,29,3,267,0,569,8759
oliveira/04_11/randm10.02.02.01.020_0030.05.aba.beta,True,10,6,0.08386850357055664,0.14295411109924316,0.003802061080932617,0.23062467575073242,83,10,0,0,66,15,21654,35,6,447,0,1608,25116
oliveira/04_11/randm10.02.02.02.020_0030.01.aba.beta,True,10,9,0.5455124378204346,0.6250247955322266,0.001941680908203125,1.1724789142608643,238,10,0,0,212,34,188354,61,25,1797,0,902,13252
oliveira/04_11/randm10.02.02.02.020_0030.02.aba.beta,True,12,9,3.4525153636932373,2.668651580810547,0.00249481201171875,6.123661756515503,329,12,0,0,288,96,1233739,70,85,2476,0,1044,15514
oliveira/04_11/randm10.02.02.02.020_0030.03.aba.beta,True,17,9,1.2306411266326904,1.1345715522766113,0.003724336624145508,2.3689370155334473,309,17,0,0,280,40,441034,56,24,2743,0,1631,25095
oliveira/04_11/randm10.02.02.02.020_0030.04.aba.beta,True,13,9,2.733227491378784,1.8030056953430176,0.002075672149658203,4.53830885887146,457,13,0,0,424,64,948180,71,52,4132,0,918,13631
oliveira/04_11/randm10.02.02.02.020_0030.05.aba.beta,True,15,9,1.1569433212280273,1.1547231674194336,0.0018775463104248047,2.3135440349578857,214,15,0,0,179,55,387141,58,41,1571,0,891,12624
oliveira/04_11/randm10.02.02.03.020_0030.01.aba.beta,True,13,8,0.5104618072509766,0.5863184928894043,0.001739501953125,1.0985198020935059,170,13,0,0,139,45,178787,51,33,1141,0,813,11694
oliveira/04_11/randm10.02.02.03.020_0030.02.aba.beta,True,6,8,0.30536556243896484,0.3843052387237549,0.0014574527740478516,0.6911282539367676,128,6,0,0,105,34,96432,48,29,818,0,654,9743
oliveira/04_11/randm10.02.02.03.020_0030.03.aba.beta,True,15,8,1.177530288696289,0.8611083030700684,0.002223968505859375,2.040862560272217,235,15,0,0,204,48,436224,60,34,1807,0,1032,15353
oliveira/04_11/randm10.02.02.03.020_0030.04.aba.beta,True,9,8,0.5593795776367188,0.6097571849822998,0.001926422119140625,1.1710631847381592,242,9,0,0,219,33,197234,58,25,1750,0,886,13266
oliveira/04_11/randm10.02.02.03.020_0030.05.aba.beta,True,14,8,0.4658687114715576,0.49390745162963867,0.0023877620697021484,0.9621639251708984,182,14,0,0,148,35,163538,48,22,1430,0,1068,15690
oliveira/04_11/randm10.02.02.04.020_0030.01.aba.beta,True,2,5,0.007369279861450195,0.020421504974365234,0.0013043880462646484,0.029095172882080078,31,2,0,0,20,5,1511,27,4,115,0,548,8643
oliveira/04_11/randm10.02.02.04.020_0030.02.aba.beta,True,4,5,0.028026580810546875,0.07613563537597656,0.0012676715850830078,0.10542988777160645,62,4,0,0,49,11,6459,39,8,300,0,579,8849
oliveira/04_11/randm10.02.02.04.020_0030.03.aba.beta,True,6,5,0.029023170471191406,0.05490469932556152,0.0012881755828857422,0.08521604537963867,40,6,0,0,24,11,5834,20,6,179,0,554,8646
oliveira/04_11/randm10.02.02.04.020_0030.04.aba.beta,True,4,5,0.01356363296508789,0.02052140235900879,0.0014219284057617188,0.0355069637298584,30,4,0,0,18,4,1323,18,1,135,0,554,8629
oliveira/04_11/randm10.02.02.04.020_0030.05.aba.beta,True,3,5,0.012667655944824219,0.03756356239318848,0.0012524127960205078,0.0514836311340332,34,3,0,0,22,8,2073,31,6,130,0,565,8735
oliveira/04_11/randm10.02.02.05.020_0030.01.aba.beta,True,13,8,1.1387395858764648,1.2364692687988281,0.0024023056030273438,2.3776111602783203,362,13,0,0,330,53,394492,66,41,2652,0,1074,16527
oliveira/04_11/randm10.02.02.05.020_0030.02.aba.beta,True,9,7,0.5340924263000488,0.8072872161865234,0.002691507339477539,1.3440711498260498,251,9,0,0,223,42,191358,55,34,1793,0,1215,18589
oliveira/04_11/randm10.02.02.05.020_0030.03.aba.beta,True,8,8,0.8876192569732666,1.2005212306976318,0.002259969711303711,2.090400457382202,386,8,0,0,359,49,297118,71,42,2852,0,983,15057
oliveira/04_11/randm10.02.02.05.020_0030.04.aba.beta,True,7,8,1.0658273696899414,1.1473631858825684,0.0029861927032470703,2.216176748275757,208,7,0,0,174,66,389390,53,60,1430,0,1160,17849
oliveira/04_11/randm10.02.02.05.020_0030.05.aba.beta,True,18,8,9.4615318775177,7.69077467918396,0.007564544677734375,17.159871101379395,516,18,0,0,464,178,3254770,82,161,4232,0,2857,44311
oliveira/04_11/randm10.02.02.06.020_0030.01.aba.beta,True,10,9,0.250399112701416,0.20238828659057617,0.0016112327575683594,0.45439863204956055,152,10,0,0,129,11,83082,46,2,1121,0,717,10557
oliveira/04_11/randm10.02.02.06.020_0030.02.aba.beta,True,20,9,2.8053038120269775,2.211259126663208,0.0035424232482910156,5.020105361938477,381,20,0,0,340,72,1004907,73,53,3347,0,1547,22941
oliveira/04_11/randm10.02.02.06.020_0030.03.aba.beta,True,17,9,0.8894829750061035,0.6899065971374512,0.0023424625396728516,1.5817320346832275,223,17,0,0,186,37,328400,54,21,1724,0,1104,15839
oliveira/04_11/randm10.02.02.06.020_0030.04.aba.beta,True,16,9,42.026551246643066,18.13823437690735,0.0022203922271728516,60.16700601577759,1096,16,0,0,1057,227,13015061,79,212,11091,0,954,13920
oliveira/04_11/randm10.02.02.06.020_0030.05.aba.beta,True,18,9,36.818026542663574,15.950813293457031,0.0027039051055908203,52.771543741226196,1220,18,0,0,1168,213,11100853,86,196,13134,0,1175,17318
oliveira/04_11/randm10.02.02.07.020_0030.01.aba.beta,True,13,9,7.385138988494873,4.723704099655151,0.0033721923828125,12.112215280532837,644,13,0,0,613,102,2431885,79,90,5637,0,1428,21768
oliveira/04_11/randm10.02.02.07.020_0030.02.aba.beta,True,20,9,4.377574682235718,2.625300645828247,0.002177000045776367,7.005052328109741,386,20,0,0,354,79,1597781,61,60,3103,0,983,14038
oliveira/04_11/randm10.02.02.07.020_0030.03.aba.beta,True,10,9,0.4885883331298828,0.5873730182647705,0.0018258094787597656,1.077787160873413,223,10,0,0,193,31,167878,62,22,1618,0,811,12149
oliveira/04_11/randm10.02.02.07.020_0030.04.aba.beta,True,15,9,2.867952823638916,2.2845492362976074,0.0031447410583496094,5.155646800994873,447,15,0,0,415,66,987070,80,52,3723,0,1385,20435
oliveira/04_11/randm10.02.02.07.020_0030.05.aba.beta,True,16,9,0.8849103450775146,0.9256119728088379,0.0021975040435791016,1.8127198219299316,277,16,0,0,249,42,292856,64,27,2218,0,1069,15507
oliveira/04_11/randm10.02.02.08.020_0030.01.aba.beta,True,12,9,0.2508666515350342,0.3182642459869385,0.0016505718231201172,0.5707814693450928,134,12,0,0,110,23,89270,57,12,833,0,754,11101
oliveira/04_11/randm10.02.02.08.020_0030.02.aba.beta,True,7,9,0.23327088356018066,0.21143031120300293,0.0013573169708251953,0.4460585117340088,158,7,0,0,141,16,86742,50,10,983,0,595,8979
oliveira/04_11/randm10.02.02.08.020_0030.03.aba.beta,True,12,9,2.3998115062713623,1.4854178428649902,0.0014138221740722656,3.886643171310425,331,12,0,0,301,61,862853,60,50,2661,0,681,9644
oliveira/04_11/randm10.02.02.08.020_0030.04.aba.beta,True,8,9,4.67334246635437,2.8165316581726074,0.0014646053314208984,7.491338729858398,581,8,0,0,546,81,1645374,53,74,4783,0,632,9467
oliveira/04_11/randm10.02.02.08.020_0030.05.aba.beta,True,7,9,0.32083606719970703,0.37961363792419434,0.001291513442993164,0.7017412185668945,239,7,0,0,220,21,107653,62,15,1627,0,654,9858
oliveira/04_11/randm10.02.02.09.020_0030.01.aba.beta,True,10,7,0.09152340888977051,0.13343214988708496,0.0016760826110839844,0.22663164138793945,71,10,0,0,53,13,23039,33,4,426,0,721,10744
oliveira/04_11/randm10.02.02.09.020_0030.02.aba.beta,True,11,7,0.24020862579345703,0.2688472270965576,0.001468658447265625,0.5105245113372803,149,11,0,0,124,23,68098,49,13,1033,0,683,9807
oliveira/04_11/randm10.02.02.09.020_0030.03.aba.beta,True,7,7,0.0686495304107666,0.11773109436035156,0.0014531612396240234,0.1878337860107422,106,7,0,0,90,12,18191,49,6,654,0,637,9626
oliveira/04_11/randm10.02.02.09.020_0030.04.aba.beta,True,16,7,0.23849797248840332,0.32474827766418457,0.0021886825561523438,0.5654349327087402,108,16,0,0,81,26,75402,44,11,802,0,967,14100
oliveira/04_11/randm10.02.02.09.020_0030.05.aba.beta,True,11,7,1.144181489944458,1.1328411102294922,0.0016980171203613281,2.2787206172943115,319,11,0,0,296,51,379942,64,41,2415,0,732,10689
oliveira/04_11/randm10.02.02.10.020_0030.01.aba.beta,True,8,7,0.051961660385131836,0.07894134521484375,0.0014312267303466797,0.13233423233032227,50,8,0,0,37,9,11819,27,2,275,0,653,9737
oliveira/04_11/randm10.02.02.10.020_0030.02.aba.beta,True,7,7,0.09923005104064941,0.09133625030517578,0.0016443729400634766,0.19221067428588867,66,7,0,0,54,9,17369,26,3,423,0,763,11555
oliveira/04_11/randm10.02.02.10.020_0030.03.aba.beta,True,5,7,0.029767274856567383,0.05491161346435547,0.0014541149139404297,0.08613300323486328,48,5,0,0,35,7,5534,33,3,291,0,645,9971
oliveira/04_11/randm10.02.02.10.020_0030.04.aba.beta,True,8,7,0.08821630477905273,0.12926101684570312,0.0013720989227294922,0.21884942054748535,85,8,0,0,68,15,26439,37,8,468,0,613,9059
oliveira/04_11/randm10.02.02.10.020_0030.05.aba.beta,True,8,7,0.12971949577331543,0.22887754440307617,0.0015816688537597656,0.36017870903015137,127,8,0,0,109,21,44156,48,14,816,0,735,11057
oliveira/04_11/randm10.02.02.11.020_0030.01.aba.beta,True,5,7,0.036528587341308594,0.05369257926940918,0.0013582706451416016,0.09157943725585938,73,5,0,0,59,7,8132,39,3,388,0,577,8794
oliveira/04_11/randm10.02.02.11.020_0030.02.aba.beta,True,9,7,0.07260012626647949,0.12654852867126465,0.001542806625366211,0.20069146156311035,114,9,0,0,97,13,18513,53,5,717,0,677,10071
oliveira/04_11/randm10.02.02.11.020_0030.03.aba.beta,True,12,7,0.18759727478027344,0.1814250946044922,0.0013885498046875,0.3704109191894531,122,12,0,0,102,18,62433,39,7,758,0,667,9590
oliveira/04_11/randm10.02.02.11.020_0030.04.aba.beta,True,4,7,0.0778341293334961,0.05223798751831055,0.0013082027435302734,0.13138031959533691,99,4,0,0,86,6,15291,40,3,583,0,565,8745
oliveira/04_11/randm10.02.02.11.020_0030.05.aba.beta,True,4,7,0.020036935806274414,0.0343775749206543,0.0013318061828613281,0.05574631690979004,67,4,0,0,54,5,3960,37,2,342,0,588,9112
oliveira/04_11/randm10.02.02.12.020_0030.01.aba.beta,True,4,8,0.7449414730072021,0.9294109344482422,0.0013768672943115234,1.6757292747497559,367,4,0,0,345,45,260896,65,42,2871,0,584,9014
oliveira/04_11/randm10.02.02.12.020_0030.02.aba.beta,True,17,8,11.11614203453064,7.567351341247559,0.0021224021911621094,18.68561577796936,374,17,0,0,338,227,3870555,57,211,3217,0,974,14095
oliveira/04_11/randm10.02.02.12.020_0030.03.aba.beta,True,9,8,0.16660666465759277,0.2048625946044922,0.0016756057739257812,0.37314486503601074,107,9,0,0,90,17,48944,40,9,794,0,725,10950
oliveira/04_11/randm10.02.02.12.020_0030.04.aba.beta,True,14,8,0.5883679389953613,0.6053977012634277,0.00154876708984375,1.1953144073486328,151,14,0,0,126,39,201249,49,26,1149,0,729,10244
oliveira/04_11/randm10.02.02.12.020_0030.05.aba.beta,True,12,8,0.8040640354156494,0.668856143951416,0.002055644989013672,1.474975824356079,194,12,0,0,170,36,270219,60,25,1497,0,941,13743
oliveira/04_11/randm10.02.02.13.020_0030.01.aba.beta,True,11,6,0.12992286682128906,0.15927815437316895,0.0015614032745361328,0.29076242446899414,59,11,0,0,34,17,29402,30,7,417,0,689,10004
oliveira/04_11/randm10.02.02.13.020_0030.02.aba.beta,True,13,6,0.11034059524536133,0.16694355010986328,0.0033011436462402344,0.28058528900146484,54,13,0,0,27,16,32495,35,4,446,0,1393,21669
oliveira/04_11/randm10.02.02.13.020_0030.03.aba.beta,True,7,6,0.06814074516296387,0.1740250587463379,0.0019068717956542969,0.24407267570495605,64,7,0,0,40,18,18570,37,12,384,0,799,12219
oliveira/04_11/randm10.02.02.13.020_0030.04.aba.beta,True,4,6,0.023032665252685547,0.052594900131225586,0.0016231536865234375,0.07725071907043457,49,4,0,0,33,8,5161,32,5,264,0,682,10749
oliveira/04_11/randm10.02.02.13.020_0030.05.aba.beta,True,8,6,0.05174422264099121,0.10809326171875,0.0023834705352783203,0.16222095489501953,47,8,0,0,28,13,14066,29,6,270,0,973,14833
oliveira/04_11/randm10.02.02.14.020_0030.01.aba.beta,True,14,9,23.527397871017456,13.54237413406372,0.0028221607208251953,37.072594165802,986,14,0,0,935,182,6970121,86,169,9424,0,1202,17735
oliveira/04_11/randm10.02.02.14.020_0030.02.aba.beta,True,12,9,3.6724321842193604,2.247025728225708,0.0018413066864013672,5.92129921913147,451,12,0,0,414,68,1280748,64,57,3997,0,768,11279
oliveira/04_11/randm10.02.02.14.020_0030.03.aba.beta,True,16,9,8.06481122970581,6.057018518447876,0.0035102367401123047,14.125339984893799,445,16,0,0,403,123,2595132,68,108,4085,0,1543,23436
oliveira/04_11/randm10.02.02.14.020_0030.04.aba.beta,True,17,9,71.9503800868988,31.22204279899597,0.003123760223388672,103.17554664611816,1252,17,0,0,1193,364,21901220,84,348,12897,0,1639,24869
oliveira/04_11/randm10.02.02.14.020_0030.05.aba.beta,True,11,9,12.383874893188477,7.438700199127197,0.001714468002319336,19.824289560317993,645,11,0,0,601,148,3891050,63,138,5775,0,757,11171
oliveira/04_11/randm10.02.02.15.020_0030.01.aba.beta,True,13,8,0.537304162979126,0.6473455429077148,0.001966714859008789,1.1866164207458496,225,13,0,0,202,40,172750,61,28,1687,0,895,13148
oliveira/04_11/randm10.02.02.15.020_0030.02.aba.beta,True,13,8,0.6302490234375,0.6456072330474854,0.0015707015991210938,1.2774269580841064,250,13,0,0,229,35,226410,51,23,1946,0,714,10260
oliveira/04_11/randm10.02.02.15.020_0030.03.aba.beta,True,16,8,0.5943455696105957,0.6028363704681396,0.0026760101318359375,1.1998579502105713,229,16,0,0,199,33,209697,62,18,1662,0,1226,18009
oliveira/04_11/randm10.02.02.15.020_0030.04.aba.beta,True,13,8,0.223283052444458,0.2973923683166504,0.0017879009246826172,0.522463321685791,145,13,0,0,120,23,70324,54,11,967,0,844,12040
oliveira/04_11/randm10.02.02.15.020_0030.05.aba.beta,True,16,8,3.2016983032226562,1.7941758632659912,0.0022449493408203125,4.998119115829468,378,16,0,0,356,59,827433,56,44,3197,0,991,14118
oliveira/04_11/randm10.02.02.16.020_0030.01.aba.beta,True,14,8,14.323331594467163,11.965126752853394,0.0019965171813964844,26.290454864501953,718,14,0,0,650,263,4395421,72,250,6410,0,961,13924
oliveira/04_11/randm10.02.02.16.020_0030.02.aba.beta,True,25,8,3.5595414638519287,2.486459732055664,0.004111051559448242,6.050112247467041,297,25,0,0,249,86,1004404,58,62,2486,0,1721,24891
oliveira/04_11/randm10.02.02.16.020_0030.03.aba.beta,True,21,8,2.299201250076294,1.7650055885314941,0.004845380783081055,4.069052219390869,276,21,0,0,229,57,681209,58,37,2416,0,1388,19826
oliveira/04_11/randm10.02.02.16.020_0030.04.aba.beta,True,18,8,21.671685457229614,13.309759378433228,0.0026531219482421875,34.984097957611084,608,18,0,0,551,279,7024017,80,262,5850,0,1196,17015
oliveira/04_11/randm10.02.02.16.020_0030.05.aba.beta,True,12,8,3.366093397140503,3.2439558506011963,0.0023241043090820312,6.612373352050781,416,12,0,0,366,99,1074652,68,88,3473,0,1034,15553
oliveira/04_11/randm10.02.02.17.020_0030.01.aba.beta,True,9,7,0.2010195255279541,0.3437967300415039,0.0017061233520507812,0.5465223789215088,131,9,0,0,111,24,61514,57,16,979,0,754,11252
oliveira/04_11/randm10.02.02.17.020_0030.02.aba.beta,True,9,7,5.6938862800598145,4.1848366260528564,0.0018939971923828125,9.880616903305054,365,9,0,0,337,96,1820253,60,88,2883,0,888,13522
oliveira/04_11/randm10.02.02.17.020_0030.03.aba.beta,True,6,7,0.18681931495666504,0.38321685791015625,0.001726388931274414,0.5717625617980957,126,6,0,0,109,22,55913,47,17,866,0,786,12187
oliveira/04_11/randm10.02.02.17.020_0030.04.aba.beta,True,10,7,0.18052244186401367,0.21176815032958984,0.0018856525421142578,0.3941762447357178,85,10,0,0,64,20,42922,39,11,530,0,796,11708
oliveira/04_11/randm10.02.02.17.020_0030.05.aba.beta,True,14,7,0.17316675186157227,0.24040007591247559,0.0020689964294433594,0.4156358242034912,88,14,0,0,62,20,53372,38,7,626,0,901,13097
oliveira/04_11/randm10.02.02.18.020_0030.01.aba.beta,True,1,1,0.0009942054748535156,0.0019109249114990234,0.0011072158813476562,0.004012346267700195,3,1,0,0,0,1,9,3,1,2,0,539,8607
oliveira/04_11/randm10.02.02.18.020_0030.02.aba.beta,True,1,1,0.0008804798126220703,0.0019450187683105469,0.0011448860168457031,0.00397038459777832,3,1,0,0,0,1,9,3,1,2,0,537,8599
oliveira/04_11/randm10.02.02.18.020_0030.03.aba.beta,True,1,1,0.0008442401885986328,0.002118825912475586,0.0010542869567871094,0.004017353057861328,3,1,0,0,0,1,9,3,1,2,0,537,8596
oliveira/04_11/randm10.02.02.18.020_0030.04.aba.beta,True,1,1,0.020215272903442383,0.002032756805419922,0.0009992122650146484,0.023247241973876953,3,1,0,0,0,1,9,3,1,2,0,536,8587
oliveira/04_11/randm10.02.02.18.020_0030.05.aba.beta,True,1,1,0.0011947154998779297,0.002042055130004883,0.0011420249938964844,0.004378795623779297,3,1,0,0,0,1,9,3,1,2,0,537,8596
oliveira/04_11/randm10.02.02.19.020_0030.01.aba.beta,True,14,10,1.035388708114624,0.6811747550964355,0.002872943878173828,1.7194364070892334,293,14,0,0,268,29,362736,72,16,2286,0,1266,18849
oliveira/04_11/randm10.02.02.19.020_0030.02.aba.beta,True,7,10,0.295046329498291,0.28049588203430176,0.0016529560089111328,0.5771951675415039,193,7,0,0,172,21,105639,63,15,1297,0,682,10371
oliveira/04_11/randm10.02.02.19.020_0030.03.aba.beta,True,22,10,1.6207709312438965,1.2050538063049316,0.00415349006652832,2.8299782276153564,266,22,0,0,222,52,595189,64,31,2049,0,1729,25273
oliveira/04_11/randm10.02.02.19.020_0030.04.aba.beta,True,18,10,1.2628207206726074,0.9419939517974854,0.0037751197814941406,2.208589792251587,267,18,0,0,238,37,461464,61,20,2073,0,1644,24520
oliveira/04_11/randm10.02.02.19.020_0030.05.aba.beta,True,25,10,0.6842241287231445,0.7152230739593506,0.00397944450378418,1.4034266471862793,148,25,0,0,108,42,239937,65,18,1133,0,1681,24454
oliveira/04_11/randm11.02.02.01.020_0030.01.aba.beta,True,18,10,2.5599446296691895,1.7903978824615479,0.0029153823852539062,4.353257894515991,377,18,0,0,345,63,969740,70,46,3199,0,1289,18583
oliveira/04_11/randm11.02.02.01.020_0030.02.aba.beta,True,14,10,6.212249994277954,3.869478225708008,0.002819538116455078,10.084547758102417,639,14,0,0,612,96,2183592,79,83,5921,0,1223,18093
oliveira/04_11/randm11.02.02.01.020_0030.03.aba.beta,True,32,10,134.9922230243683,62.52099108695984,0.005555391311645508,197.51876950263977,1614,32,0,0,1560,548,52210820,97,517,15571,0,3226,48970
oliveira/04_11/randm11.02.02.01.020_0030.04.aba.beta,True,20,10,5.182332515716553,2.7886457443237305,0.003463268280029297,7.9744415283203125,605,20,0,0,570,66,1787938,79,47,5438,0,1477,21788
oliveira/04_11/randm11.02.02.01.020_0030.05.aba.beta,True,9,10,7.352869033813477,4.689738035202026,0.001375436782836914,12.04398250579834,669,9,0,0,648,104,2588999,73,96,5904,0,697,10237
oliveira/04_11/randm11.02.02.02.020_0030.01.aba.beta,True,4,9,0.04764866828918457,0.07722306251525879,0.0013768672943115234,0.12624859809875488,80,4,0,0,64,9,14324,40,6,456,0,604,9373
oliveira/04_11/randm11.02.02.02.020_0030.02.aba.beta,True,11,10,1.0121989250183105,0.9663000106811523,0.0030739307403564453,1.9815728664398193,310,11,0,0,275,42,360657,72,32,2432,0,1207,18472
oliveira/04_11/randm11.02.02.02.020_0030.03.aba.beta,True,11,10,0.4852728843688965,0.4644966125488281,0.0027251243591308594,0.9524946212768555,214,11,0,0,180,25,178214,58,15,1536,0,1246,18756
oliveira/04_11/randm11.02.02.02.020_0030.04.aba.beta,True,11,10,0.6340072154998779,0.6758379936218262,0.003316640853881836,1.313161849975586,260,11,0,0,228,33,230594,66,23,1953,0,1344,20394
oliveira/04_11/randm11.02.02.02.020_0030.05.aba.beta,True,15,10,1.2194304466247559,0.7808480262756348,0.0020263195037841797,2.002304792404175,275,15,0,0,240,40,436752,63,26,2032,0,900,12852
oliveira/04_11/randm11.02.02.03.020_0030.01.aba.beta,True,14,10,14.380333423614502,7.326274633407593,0.0013589859008789062,21.707967042922974,778,14,0,0,747,131,4626676,81,118,7153,0,716,9799
oliveira/04_11/randm11.02.02.03.020_0030.02.aba.beta,True,9,10,69.80489945411682,31.446845293045044,0.0014853477478027344,101.25323009490967,1407,9,0,0,1361,370,23692808,88,362,13735,0,880,13257
oliveira/04_11/randm11.02.02.03.020_0030.03.aba.beta,True,13,10,9.577904224395752,5.807063102722168,0.0025739669799804688,15.3875412940979,676,13,0,0,625,113,3104397,86,101,6493,0,1018,15093
oliveira/04_11/randm11.02.02.03.020_0030.04.aba.beta,True,20,10,232.17395162582397,76.1745355129242,0.0015347003936767578,308.35002183914185,1983,20,0,0,1928,774,99165838,92,755,20449,0,937,12925
oliveira/04_11/randm11.02.02.03.020_0030.05.aba.beta,True,9,10,69.00389432907104,28.30049228668213,0.002220630645751953,97.30660724639893,1506,9,0,0,1485,273,22054499,93,265,15528,0,1102,16829
oliveira/04_11/randm11.02.02.04.020_0030.01.aba.beta,True,10,9,0.5549612045288086,0.5564515590667725,0.001691579818725586,1.1131043434143066,183,10,0,0,162,33,203165,56,24,1217,0,721,10540
oliveira/04_11/randm11.02.02.04.020_0030.02.aba.beta,True,15,9,4.571401357650757,2.3958346843719482,0.0025415420532226562,6.969777584075928,457,15,0,0,428,76,1590279,66,62,3808,0,1134,16526
oliveira/04_11/randm11.02.02.04.020_0030.03.aba.beta,True,6,9,0.0851597785949707,0.09144783020019531,0.0014841556549072266,0.17809176445007324,89,6,0,0,69,9,25911,40,4,522,0,650,9797
oliveira/04_11/randm11.02.02.04.020_0030.04.aba.beta,True,15,9,0.5551655292510986,0.4676055908203125,0.001878499984741211,1.0246496200561523,224,15,0,0,195,24,197922,57,10,1870,0,857,12094
oliveira/04_11/randm11.02.02.04.020_0030.05.aba.beta,True,11,9,0.7729990482330322,0.6579782962799072,0.0016429424285888672,1.4326202869415283,242,11,0,0,217,38,276019,62,28,1721,0,758,11065
oliveira/04_11/randm11.02.02.05.020_0030.01.aba.beta,True,14,8,0.44473886489868164,0.39137911796569824,0.0021393299102783203,0.8382573127746582,186,14,0,0,161,25,143211,47,12,1500,0,941,13829
oliveira/04_11/randm11.02.02.05.020_0030.02.aba.beta,True,11,8,0.7936882972717285,0.7402787208557129,0.0016808509826660156,1.5356478691101074,191,11,0,0,159,39,276538,52,29,1430,0,772,11257
oliveira/04_11/randm11.02.02.05.020_0030.03.aba.beta,True,21,8,0.6365199089050293,0.6161627769470215,0.0020401477813720703,1.2547228336334229,171,21,0,0,133,35,224092,53,15,1335,0,1086,15058
oliveira/04_11/randm11.02.02.05.020_0030.04.aba.beta,True,14,8,0.4672410488128662,0.4839816093444824,0.0018482208251953125,0.953070878982544,186,14,0,0,161,28,155802,54,15,1330,0,890,13022
oliveira/04_11/randm11.02.02.05.020_0030.05.aba.beta,True,13,8,0.25141000747680664,0.2567558288574219,0.0016367435455322266,0.5098025798797607,136,13,0,0,115,21,88735,50,9,890,0,760,10944
oliveira/04_11/randm11.02.02.06.020_0030.01.aba.beta,True,8,8,0.3170955181121826,0.4054093360900879,0.001779317855834961,0.7242841720581055,179,8,0,0,159,23,96578,54,16,1267,0,887,13607
oliveira/04_11/randm11.02.02.06.020_0030.02.aba.beta,True,15,8,0.7900619506835938,0.8694384098052979,0.004655122756958008,1.6641554832458496,189,15,0,0,161,51,277569,50,37,1336,0,2045,32730
oliveira/04_11/randm11.02.02.06.020_0030.03.aba.beta,True,5,8,0.20569729804992676,0.19675040245056152,0.0011053085327148438,0.4035530090332031,133,5,0,0,115,18,69577,34,14,858,0,573,8766
oliveira/04_11/randm11.02.02.06.020_0030.04.aba.beta,True,16,8,0.6496100425720215,0.6197576522827148,0.0024580955505371094,1.2718257904052734,146,16,0,0,121,38,224774,47,23,996,0,1129,16486
oliveira/04_11/randm11.02.02.06.020_0030.05.aba.beta,True,11,8,0.3279094696044922,0.5114302635192871,0.002093791961669922,0.8414335250854492,148,11,0,0,128,33,113543,49,23,990,0,918,13585
oliveira/04_11/randm11.02.02.07.020_0030.01.aba.beta,True,13,9,2.790740489959717,1.639566421508789,0.0033593177795410156,4.433666229248047,426,13,0,0,398,48,928512,77,36,3390,0,1644,24794
oliveira/04_11/randm11.02.02.07.020_0030.02.aba.beta,True,9,9,0.8379344940185547,0.9648735523223877,0.001984119415283203,1.8047921657562256,265,9,0,0,239,43,290841,66,35,1891,0,920,13761
oliveira/04_11/randm11.02.02.07.020_0030.03.aba.beta,True,10,9,4.35988450050354,2.50719952583313,0.003058195114135742,6.870142221450806,607,10,0,0,577,64,1507692,77,55,5079,0,1299,19979
oliveira/04_11/randm11.02.02.07.020_0030.04.aba.beta,True,15,9,2.7117245197296143,2.289973735809326,0.002251148223876953,5.003949403762817,417,15,0,0,383,74,981867,62,60,3159,0,1028,15345
oliveira/04_11/randm11.02.02.07.020_0030.05.aba.beta,True,5,9,0.16242456436157227,0.33687543869018555,0.001554727554321289,0.5008547306060791,171,5,0,0,152,22,56013,64,18,1115,0,710,10848
oliveira/04_11/randm11.02.02.08.020_0030.01.aba.beta,True,6,6,0.2696096897125244,0.36414074897766113,0.0013051033020019531,0.6350555419921875,167,6,0,0,147,30,93646,50,25,1131,0,594,9008
oliveira/04_11/randm11.02.02.08.020_0030.02.aba.beta,True,5,6,0.07689213752746582,0.10216426849365234,0.001287221908569336,0.1803436279296875,84,5,0,0,70,12,22966,36,8,479,0,569,8733
oliveira/04_11/randm11.02.02.08.020_0030.03.aba.beta,True,4,6,0.0703885555267334,0.12380242347717285,0.0013284683227539062,0.19551944732666016,118,4,0,0,104,13,23044,47,10,682,0,562,8688
oliveira/04_11/randm11.02.02.08.020_0030.04.aba.beta,True,8,6,0.05776047706604004,0.10315537452697754,0.0015943050384521484,0.16251015663146973,85,8,0,0,69,11,14532,39,4,527,0,696,10417
oliveira/04_11/randm11.02.02.08.020_0030.05.aba.beta,True,6,6,0.17057085037231445,0.26975178718566895,0.001344919204711914,0.4416675567626953,142,6,0,0,124,23,53110,41,18,887,0,587,8888
oliveira/04_11/randm11.02.02.09.020_0030.01.aba.beta,True,8,6,0.09111571311950684,0.19035720825195312,0.0016491413116455078,0.28312206268310547,65,8,0,0,41,22,24584,35,15,389,0,822,12706
oliveira/04_11/randm11.02.02.09.020_0030.02.aba.beta,True,10,6,0.05231285095214844,0.12372374534606934,0.001956462860107422,0.1779930591583252,48,10,0,0,28,15,13535,31,6,341,0,872,13108
oliveira/04_11/randm11.02.02.09.020_0030.03.aba.beta,True,8,6,0.05013084411621094,0.10616040229797363,0.0028123855590820312,0.1591036319732666,36,8,0,0,14,12,11329,28,5,231,0,1041,15906
oliveira/04_11/randm11.02.02.09.020_0030.04.aba.beta,True,7,6,0.043701887130737305,0.10796880722045898,0.0017609596252441406,0.15343165397644043,46,7,0,0,28,14,10751,28,8,256,0,883,13603
oliveira/04_11/randm11.02.02.09.020_0030.05.aba.beta,True,9,6,0.04911375045776367,0.09709692001342773,0.0016808509826660156,0.14789152145385742,41,9,0,0,22,14,11207,26,6,252,0,773,11419
oliveira/04_11/randm11.02.02.10.020_0030.01.aba.beta,True,29,9,68.072345495224,42.10931849479675,0.007838726043701172,110.18950271606445,1190,29,0,0,1134,451,24704512,97,423,11499,0,4273,66023
oliveira/04_11/randm11.02.02.10.020_0030.02.aba.beta,True,21,9,17.044182300567627,9.759542465209961,0.0046844482421875,26.808409214019775,693,21,0,0,654,178,5704384,90,158,6753,0,2087,31314
oliveira/04_11/randm11.02.02.10.020_0030.03.aba.beta,True,14,9,37.11589312553406,19.33041286468506,0.0028159618377685547,56.449121952056885,1253,14,0,0,1214,258,11733107,87,245,12364,0,1157,17466
oliveira/04_11/randm11.02.02.10.020_0030.04.aba.beta,True,21,9,154.94107699394226,63.11086344718933,0.0025527477264404297,218.05449318885803,1673,21,0,0,1625,645,62705713,96,625,17401,0,1538,22800
oliveira/04_11/randm11.02.02.10.020_0030.05.aba.beta,True,11,8,2.156316041946411,1.5563697814941406,0.003364086151123047,3.716049909591675,436,11,0,0,409,61,730721,80,51,3900,0,1416,21737
oliveira/04_11/randm11.02.02.11.020_0030.01.aba.beta,True,16,11,0.46793293952941895,0.38905835151672363,0.010499954223632812,0.8674912452697754,159,16,0,0,132,25,167712,50,10,1001,0,4409,70189
oliveira/04_11/randm11.02.02.11.020_0030.02.aba.beta,True,9,10,0.2361447811126709,0.17287325859069824,0.0019271373748779297,0.41094517707824707,169,9,0,0,149,12,83165,59,4,1084,0,926,13985
oliveira/04_11/randm11.02.02.11.020_0030.03.aba.beta,True,15,11,2.2723445892333984,1.4380557537078857,0.0043375492095947266,3.714737892150879,340,15,0,0,310,54,832858,71,40,2444,0,1844,28580
oliveira/04_11/randm11.02.02.11.020_0030.04.aba.beta,True,16,11,0.9661576747894287,0.744011640548706,0.00692439079284668,1.7170937061309814,274,16,0,0,239,38,361689,60,23,1937,0,2952,46155
oliveira/04_11/randm11.02.02.11.020_0030.05.aba.beta,True,11,11,1.3437306880950928,0.8087561130523682,0.0077054500579833984,2.1601922512054443,298,11,0,0,272,33,467264,65,23,2122,0,3141,49706
oliveira/04_11/randm11.02.02.12.020_0030.01.aba.beta,True,15,6,0.49347352981567383,0.6540091037750244,0.0035398006439208984,1.1510224342346191,203,15,0,0,176,34,150044,59,20,1511,0,1560,23535
oliveira/04_11/randm11.02.02.12.020_0030.02.aba.beta,True,4,6,0.022345542907714844,0.029606342315673828,0.0012927055358886719,0.053244590759277344,41,4,0,0,28,4,4041,29,1,203,0,591,9364
oliveira/04_11/randm11.02.02.12.020_0030.03.aba.beta,True,5,6,0.11061739921569824,0.21149349212646484,0.001402139663696289,0.3235130310058594,79,5,0,0,56,23,37876,32,19,518,0,629,9789
oliveira/04_11/randm11.02.02.12.020_0030.04.aba.beta,True,8,6,0.12201666831970215,0.24735808372497559,0.0013625621795654297,0.37073731422424316,102,8,0,0,77,27,38029,53,20,574,0,640,9494
oliveira/04_11/randm11.02.02.12.020_0030.05.aba.beta,True,8,6,0.16338419914245605,0.23398947715759277,0.001567840576171875,0.3989415168762207,116,8,0,0,99,17,53562,44,10,786,0,782,11916
oliveira/04_11/randm11.02.02.13.020_0030.01.aba.beta,True,15,9,1.789790391921997,1.456343173980713,0.002272367477416992,3.248405933380127,265,15,0,0,223,56,633936,62,42,2005,0,1025,14764
oliveira/04_11/randm11.02.02.13.020_0030.02.aba.beta,True,14,9,1.0328688621520996,0.8043560981750488,0.002167224884033203,1.8393921852111816,244,14,0,0,213,36,354644,56,23,1917,0,989,14382
oliveira/04_11/randm11.02.02.13.020_0030.03.aba.beta,True,6,9,1.389751672744751,1.4293766021728516,0.0013432502746582031,2.8204715251922607,377,6,0,0,346,49,483558,69,44,2869,0,597,8904
oliveira/04_11/randm11.02.02.13.020_0030.04.aba.beta,True,9,9,1.1613743305206299,1.2772400379180908,0.0017933845520019531,2.4404077529907227,303,9,0,0,271,45,393084,64,37,2331,0,804,12016
oliveira/04_11/randm11.02.02.13.020_0030.05.aba.beta,True,12,9,1.817521572113037,1.554267406463623,0.0022706985473632812,3.3740596771240234,395,12,0,0,361,47,626216,74,36,3313,0,1021,15081
oliveira/04_11/randm11.02.02.14.020_0030.01.aba.beta,True,17,9,8.078481912612915,4.1015026569366455,0.002400636672973633,12.182385206222534,389,17,0,0,355,102,2701379,74,86,3290,0,1103,16011
oliveira/04_11/randm11.02.02.14.020_0030.02.aba.beta,True,29,9,5.601293325424194,3.7368690967559814,0.007913827896118164,9.346076250076294,394,29,0,0,348,90,1900211,81,62,3511,0,3391,51065
oliveira/04_11/randm11.02.02.14.020_0030.03.aba.beta,True,23,9,4.277401447296143,2.563755750656128,0.0037610530853271484,6.844918251037598,304,23,0,0,264,89,1480205,70,67,2394,0,1721,25340
oliveira/04_11/randm11.02.02.14.020_0030.04.aba.beta,True,15,9,2.036104202270508,1.6420397758483887,0.002942323684692383,3.681086301803589,312,15,0,0,277,59,746563,80,45,2441,0,1302,19268
oliveira/04_11/randm11.02.02.14.020_0030.05.aba.beta,True,20,9,4.226230144500732,3.1327412128448486,0.003286123275756836,7.362257480621338,350,20,0,0,308,86,1462420,80,67,2956,0,1429,21389
oliveira/04_11/randm11.02.02.15.020_0030.01.aba.beta,True,15,10,0.9819879531860352,0.6787436008453369,0.001661062240600586,1.6623926162719727,283,15,0,0,252,32,343178,57,18,2326,0,779,11008
oliveira/04_11/randm11.02.02.15.020_0030.02.aba.beta,True,15,10,3.5607314109802246,1.687415361404419,0.0017926692962646484,5.249939441680908,477,15,0,0,448,52,1217163,60,38,4456,0,876,12505
oliveira/04_11/randm11.02.02.15.020_0030.03.aba.beta,True,12,10,0.48203611373901367,0.48581767082214355,0.002032041549682617,0.9698858261108398,244,12,0,0,218,22,157556,64,11,1766,0,871,12798
oliveira/04_11/randm11.02.02.15.020_0030.04.aba.beta,True,5,10,3.9494948387145996,2.4909002780914307,0.0013401508331298828,6.44173526763916,602,5,0,0,582,64,1374498,84,60,4937,0,569,8718
oliveira/04_11/randm11.02.02.15.020_0030.05.aba.beta,True,9,10,0.4536898136138916,0.29937195777893066,0.0016911029815673828,0.7547528743743896,160,9,0,0,136,18,162319,43,10,1158,0,832,12702
oliveira/04_11/randm11.02.02.16.020_0030.01.aba.beta,True,6,9,0.15305471420288086,0.20139575004577637,0.0016674995422363281,0.35611796379089355,174,6,0,0,155,13,49013,59,8,1162,0,664,10032
oliveira/04_11/randm11.02.02.16.020_0030.02.aba.beta,True,19,9,4.144546747207642,2.4961986541748047,0.004156827926635742,6.644902229309082,510,19,0,0,479,68,1371501,73,50,4505,0,1843,28125
oliveira/04_11/randm11.02.02.16.020_0030.03.aba.beta,True,24,9,5.244220495223999,2.890474796295166,0.0032510757446289062,8.137946367263794,556,24,0,0,522,85,1757435,72,62,4966,0,1457,20562
oliveira/04_11/randm11.02.02.16.020_0030.04.aba.beta,True,17,9,3.2831273078918457,1.8060636520385742,0.002009153366088867,5.091200113296509,464,17,0,0,428,58,1142366,69,42,3703,0,918,13003
oliveira/04_11/randm11.02.02.16.020_0030.05.aba.beta,True,20,9,0.6183493137359619,0.548375129699707,0.0032987594604492188,1.1700232028961182,187,20,0,0,152,28,210986,60,9,1463,0,1446,21058
oliveira/04_11/randm11.02.02.17.020_0030.01.aba.beta,True,23,11,31.055516958236694,11.491237878799438,0.0029878616333007812,42.549742698669434,782,23,0,0,726,194,10442894,84,172,7706,0,1385,19895
oliveira/04_11/randm11.02.02.17.020_0030.02.aba.beta,True,21,11,1.4341740608215332,0.9235200881958008,0.0028972625732421875,2.360591411590576,276,21,0,0,236,39,493020,67,19,2330,0,1297,19049
oliveira/04_11/randm11.02.02.17.020_0030.03.aba.beta,True,21,11,7.614859342575073,3.0619513988494873,0.0031456947326660156,10.679956436157227,450,21,0,0,407,68,2439235,75,48,3841,0,1345,19366
oliveira/04_11/randm11.02.02.17.020_0030.04.aba.beta,True,12,11,32.97397565841675,12.656995296478271,0.0012743473052978516,45.63224530220032,1084,12,0,0,1045,164,10522496,79,153,9996,0,802,11690
oliveira/04_11/randm11.02.02.17.020_0030.05.aba.beta,True,24,11,71.62270450592041,27.39911699295044,0.002650737762451172,99.0244722366333,1261,24,0,0,1203,401,27297711,101,378,11970,0,1404,20679
oliveira/04_11/randm11.02.02.18.020_0030.01.aba.beta,True,13,7,0.19602322578430176,0.3010373115539551,0.002104043960571289,0.4991645812988281,88,13,0,0,60,28,61175,44,16,555,0,951,13800
oliveira/04_11/randm11.02.02.18.020_0030.02.aba.beta,True,17,7,0.9728069305419922,1.1297411918640137,0.0034894943237304688,2.1060376167297363,166,17,0,0,122,55,332876,56,39,1222,0,1529,22590
oliveira/04_11/randm11.02.02.18.020_0030.03.aba.beta,True,8,7,0.4931654930114746,0.5496745109558105,0.0015552043914794922,1.0443952083587646,152,8,0,0,125,36,162321,43,29,1068,0,703,10359
oliveira/04_11/randm11.02.02.18.020_0030.04.aba.beta,True,6,7,0.03779482841491699,0.03845405578613281,0.0014033317565917969,0.0776522159576416,66,6,0,0,51,6,8941,26,1,358,0,618,9511
oliveira/04_11/randm11.02.02.18.020_0030.05.aba.beta,True,8,7,0.047025203704833984,0.06654787063598633,0.0021605491638183594,0.11573362350463867,65,8,0,0,48,9,12136,30,2,374,0,1001,15606
oliveira/04_11/randm11.02.02.19.020_0030.01.aba.beta,True,35,11,61.85948467254639,49.47066879272461,0.0033922195434570312,111.33354568481445,790,35,0,0,726,498,27285368,73,464,7318,0,2078,30112
oliveira/04_11/randm11.02.02.19.020_0030.02.aba.beta,True,27,11,310.6447784900665,111.11981892585754,0.003240823745727539,421.7678382396698,1955,27,0,0,1906,1279,150015607,113,1253,19714,0,2134,31652
oliveira/04_11/randm11.02.02.19.020_0030.03.aba.beta,True,21,11,70.30128955841064,29.55565857887268,0.0031795501708984375,99.86012768745422,1068,21,0,0,1019,485,27949603,94,465,10211,0,1832,27169
oliveira/04_11/randm11.02.02.19.020_0030.04.aba.beta,True,21,11,127.94006419181824,46.78597950935364,0.0018460750579833984,174.72788977622986,1388,21,0,0,1334,642,56041718,95,622,15354,0,1141,16678
oliveira/04_11/randm11.02.02.19.020_0030.05.aba.beta,True,27,11,23.77018117904663,11.381844758987427,0.00379180908203125,35.15581774711609,523,27,0,0,457,307,8169202,79,281,4978,0,1856,27535
