file name,succeeded,learning_rounds,automaton_size,learning_time,smt_time,eq_oracle_time,total_time,queries_learning,validity_query,rule1,rule2,rule3,rule4,nodes,informative_nodes,analyzed_bases,sul_steps,cache_saved,queries_eq_oracle,steps_eq_oracle
oliveira/04_11/randm04.02.02.01.020_0030.01.aba.beta,True,2,3,0.0024220943450927734,0.043958187103271484,0.0012803077697753906,0.04766058921813965,7,2,0,0,0,2,7,7,1,12,0,536,8587
oliveira/04_11/randm04.02.02.01.020_0030.02.aba.beta,True,6,4,0.008233785629272461,0.06900238990783691,0.0037279129028320312,0.0809640884399414,11,6,0,0,0,6,12,11,1,24,0,1378,21897
oliveira/04_11/randm04.02.02.01.020_0030.03.aba.beta,True,6,4,0.008273124694824219,0.06796646118164062,0.0023956298828125,0.07863521575927734,13,6,0,0,0,7,14,13,2,32,0,1044,16720
oliveira/04_11/randm04.02.02.01.020_0030.04.aba.beta,True,5,4,0.007679462432861328,0.07334494590759277,0.002076864242553711,0.08310127258300781,13,5,0,0,0,6,16,12,2,34,0,817,12918
oliveira/04_11/randm04.02.02.01.020_0030.05.aba.beta,True,6,4,0.008423089981079102,0.06969475746154785,0.003718137741088867,0.08183598518371582,11,6,0,0,0,6,15,11,1,27,0,1610,25420
oliveira/04_11/randm04.02.02.02.020_0030.01.aba.beta,True,1,1,0.0009486675262451172,0.038144826889038086,0.0012271404266357422,0.040320634841918945,3,1,0,0,0,1,3,3,1,2,0,543,8623
oliveira/04_11/randm04.02.02.02.020_0030.02.aba.beta,True,1,1,0.0009388923645019531,0.0358734130859375,0.0013735294342041016,0.038185834884643555,3,1,0,0,0,1,3,3,1,2,0,537,8598
oliveira/04_11/randm04.02.02.02.020_0030.03.aba.beta,True,1,1,0.0008969306945800781,0.0343019962310791,0.012312889099121094,0.04751181602478027,3,1,0,0,0,1,3,3,1,2,0,527,8532
oliveira/04_11/randm04.02.02.02.020_0030.04.aba.beta,True,1,1,0.0009002685546875,0.03775668144226074,0.0012755393981933594,0.0399324893951416,3,1,0,0,0,1,3,3,1,2,0,536,8589
oliveira/04_11/randm04.02.02.02.020_0030.05.aba.beta,True,1,1,0.0014808177947998047,0.046869516372680664,0.0011594295501708984,0.04950976371765137,3,1,0,0,0,1,3,3,1,2,0,536,8583
oliveira/04_11/randm04.02.02.03.020_0030.01.aba.beta,True,2,3,0.013427972793579102,0.043038129806518555,0.0013229846954345703,0.05778908729553223,10,2,0,0,0,4,12,10,3,21,0,536,8563
oliveira/04_11/randm04.02.02.03.020_0030.02.aba.beta,True,2,3,0.002458810806274414,0.05173444747924805,0.0012478828430175781,0.05544114112854004,10,2,0,0,0,4,20,9,3,29,0,545,8658
oliveira/04_11/randm04.02.02.03.020_0030.03.aba.beta,True,2,3,0.0024123191833496094,0.04874587059020996,0.0012850761413574219,0.05244326591491699,7,2,0,0,0,2,7,7,1,12,0,540,8598
oliveira/04_11/randm04.02.02.03.020_0030.04.aba.beta,True,2,3,0.0023708343505859375,0.03873443603515625,0.0011668205261230469,0.042272090911865234,7,2,0,0,0,2,7,7,1,12,0,543,8612
oliveira/04_11/randm04.02.02.03.020_0030.05.aba.beta,True,3,3,0.004204750061035156,0.05979657173156738,0.0013275146484375,0.06532883644104004,11,3,0,0,0,5,15,10,3,31,0,547,8614
oliveira/04_11/randm04.02.02.04.020_0030.01.aba.beta,True,1,1,0.0008451938629150391,0.031317710876464844,0.0013058185577392578,0.03346872329711914,3,1,0,0,0,1,3,3,1,2,0,529,8558
oliveira/04_11/randm04.02.02.04.020_0030.02.aba.beta,True,1,1,0.001140594482421875,0.002222776412963867,0.0011322498321533203,0.0044956207275390625,3,1,0,0,0,1,3,3,1,2,0,531,8570
oliveira/04_11/randm04.02.02.04.020_0030.03.aba.beta,True,1,1,0.0009922981262207031,0.0021216869354248047,0.0011565685272216797,0.0042705535888671875,3,1,0,0,0,1,3,3,1,2,0,532,8571
oliveira/04_11/randm04.02.02.04.020_0030.04.aba.beta,True,1,1,0.0007908344268798828,0.002378225326538086,0.0011806488037109375,0.004349708557128906,3,1,0,0,0,1,3,3,1,2,0,535,8587
oliveira/04_11/randm04.02.02.04.020_0030.05.aba.beta,True,1,1,0.0010960102081298828,0.0022590160369873047,0.0011370182037353516,0.004492044448852539,3,1,0,0,0,1,3,3,1,2,0,539,8598
oliveira/04_11/randm04.02.02.05.020_0030.01.aba.beta,True,1,2,0.0014045238494873047,0.002962827682495117,0.0011115074157714844,0.005478858947753906,5,1,0,0,0,1,5,5,1,6,0,533,8580
oliveira/04_11/randm04.02.02.05.020_0030.02.aba.beta,True,1,2,0.0013294219970703125,0.0028908252716064453,0.0012078285217285156,0.0054280757904052734,5,1,0,0,0,1,5,5,1,6,0,529,8561
oliveira/04_11/randm04.02.02.05.020_0030.03.aba.beta,True,1,2,0.0014884471893310547,0.002614736557006836,0.0012552738189697266,0.005358457565307617,5,1,0,0,0,1,5,5,1,6,0,538,8604
oliveira/04_11/randm04.02.02.05.020_0030.04.aba.beta,True,1,2,0.0010650157928466797,0.0027098655700683594,0.0011174678802490234,0.0048923492431640625,5,1,0,0,0,1,5,5,1,6,0,531,8548
oliveira/04_11/randm04.02.02.05.020_0030.05.aba.beta,True,1,2,0.0011601448059082031,0.0025658607482910156,0.001237630844116211,0.00496363639831543,5,1,0,0,0,1,5,5,1,6,0,528,8549
oliveira/04_11/randm04.02.02.06.020_0030.01.aba.beta,True,2,3,0.0026564598083496094,0.009821176528930664,0.0011324882507324219,0.013610124588012695,8,2,0,0,0,3,12,8,2,17,0,534,8558
oliveira/04_11/randm04.02.02.06.020_0030.02.aba.beta,True,2,3,0.0022237300872802734,0.010172367095947266,0.0011925697326660156,0.013588666915893555,8,2,0,0,0,3,16,8,2,21,0,552,8677
oliveira/04_11/randm04.02.02.06.020_0030.03.aba.beta,True,4,3,0.0044612884521484375,0.013666868209838867,0.0011916160583496094,0.019319772720336914,9,4,0,0,0,4,19,9,1,33,0,563,8743
oliveira/04_11/randm04.02.02.06.020_0030.04.aba.beta,True,4,3,0.005198478698730469,0.01825881004333496,0.0013523101806640625,0.024809598922729492,9,4,0,0,0,4,29,9,1,49,0,582,9018
oliveira/04_11/randm04.02.02.06.020_0030.05.aba.beta,True,2,3,0.002355813980102539,0.008889913558959961,0.0011513233184814453,0.012397050857543945,8,2,0,0,0,3,10,8,2,15,0,546,8620
oliveira/04_11/randm04.02.02.07.020_0030.01.aba.beta,True,1,2,0.001047372817993164,0.002752065658569336,0.0011665821075439453,0.004966020584106445,5,1,0,0,0,1,5,5,1,6,0,531,8557
oliveira/04_11/randm04.02.02.07.020_0030.02.aba.beta,True,1,2,0.0010950565338134766,0.0027823448181152344,0.0010640621185302734,0.004941463470458984,5,1,0,0,0,1,5,5,1,6,0,531,8567
oliveira/04_11/randm04.02.02.07.020_0030.03.aba.beta,True,1,2,0.0010559558868408203,0.0026640892028808594,0.0011820793151855469,0.0049021244049072266,5,1,0,0,0,1,5,5,1,6,0,538,8600
oliveira/04_11/randm04.02.02.07.020_0030.04.aba.beta,True,1,2,0.001008749008178711,0.0025472640991210938,0.0011119842529296875,0.004667997360229492,5,1,0,0,0,1,5,5,1,6,0,538,8598
oliveira/04_11/randm04.02.02.07.020_0030.05.aba.beta,True,1,2,0.0013213157653808594,0.0026748180389404297,0.0013270378112792969,0.005323171615600586,5,1,0,0,0,1,5,5,1,6,0,541,8614
oliveira/04_11/randm04.02.02.08.020_0030.01.aba.beta,True,11,4,0.01916193962097168,0.13092350959777832,0.0017788410186767578,0.15186429023742676,25,11,0,0,0,17,61,24,7,194,0,813,11862
oliveira/04_11/randm04.02.02.08.020_0030.02.aba.beta,True,9,4,0.014368534088134766,0.07194638252258301,0.0015268325805664062,0.08784174919128418,20,9,0,0,0,12,48,18,4,153,0,715,10801
oliveira/04_11/randm04.02.02.08.020_0030.03.aba.beta,True,7,4,0.011043071746826172,0.03150033950805664,0.0015180110931396484,0.04406142234802246,13,7,0,0,0,7,20,13,1,52,0,685,10478
oliveira/04_11/randm04.02.02.08.020_0030.04.aba.beta,True,5,4,0.006007671356201172,0.016828298568725586,0.0012662410736083984,0.024102210998535156,11,5,0,0,0,5,11,11,1,31,0,561,8660
oliveira/04_11/randm04.02.02.08.020_0030.05.aba.beta,True,8,4,0.011451959609985352,0.07644367218017578,0.001436471939086914,0.08933210372924805,22,8,0,0,0,14,46,21,7,127,0,689,10150
oliveira/04_11/randm04.02.02.09.020_0030.01.aba.beta,True,2,3,0.0027408599853515625,0.016666650772094727,0.0010292530059814453,0.020436763763427734,12,2,0,0,0,5,13,12,4,27,0,541,8608
oliveira/04_11/randm04.02.02.09.020_0030.02.aba.beta,True,2,3,0.0031251907348632812,0.018024921417236328,0.001123189926147461,0.02227330207824707,12,2,0,0,0,5,17,11,4,31,0,534,8569
oliveira/04_11/randm04.02.02.09.020_0030.03.aba.beta,True,2,3,0.003384113311767578,0.01377725601196289,0.0011522769927978516,0.01831364631652832,10,2,0,0,0,4,16,10,3,25,0,545,8636
oliveira/04_11/randm04.02.02.09.020_0030.04.aba.beta,True,2,3,0.0029418468475341797,0.016375064849853516,0.001129150390625,0.020446062088012695,10,2,0,0,0,4,22,10,3,31,0,553,8716
oliveira/04_11/randm04.02.02.09.020_0030.05.aba.beta,True,2,3,0.008612394332885742,0.018701553344726562,0.0011162757873535156,0.02843022346496582,12,2,0,0,0,5,20,12,4,34,0,549,8669
oliveira/04_11/randm04.02.02.10.020_0030.01.aba.beta,True,3,4,0.004873752593994141,0.0401921272277832,0.0013203620910644531,0.0463862419128418,15,3,0,0,0,7,38,14,5,57,0,593,9290
oliveira/04_11/randm04.02.02.10.020_0030.02.aba.beta,True,2,4,0.003343343734741211,0.024255752563476562,0.0012645721435546875,0.02886366844177246,14,2,0,0,0,6,19,13,5,37,0,530,8565
oliveira/04_11/randm04.02.02.10.020_0030.03.aba.beta,True,2,4,0.004854440689086914,0.05918073654174805,0.0012481212615966797,0.06528329849243164,16,2,0,0,0,9,39,16,8,61,0,562,8955
oliveira/04_11/randm04.02.02.10.020_0030.04.aba.beta,True,2,4,0.0031774044036865234,0.02907848358154297,0.0012145042419433594,0.03347039222717285,14,2,0,0,0,6,30,13,5,47,0,555,8784
oliveira/04_11/randm04.02.02.10.020_0030.05.aba.beta,True,5,4,0.007809877395629883,0.053342342376708984,0.0014472007751464844,0.06259942054748535,17,5,0,0,0,9,51,16,5,101,0,670,10208
oliveira/04_11/randm04.02.02.11.020_0030.01.aba.beta,True,7,4,0.012101411819458008,0.026160478591918945,0.0030188560485839844,0.04128074645996094,13,7,0,0,0,7,18,13,1,36,0,1329,20771
oliveira/04_11/randm04.02.02.11.020_0030.02.aba.beta,True,7,4,0.010582208633422852,0.027068376541137695,0.002975940704345703,0.04062652587890625,13,7,0,0,0,7,13,13,1,31,0,1290,20261
oliveira/04_11/randm04.02.02.11.020_0030.03.aba.beta,True,7,4,0.011364936828613281,0.027111530303955078,0.0019376277923583984,0.04041409492492676,13,7,0,0,0,7,14,13,1,38,0,846,13003
oliveira/04_11/randm04.02.02.11.020_0030.04.aba.beta,True,7,4,0.01127314567565918,0.029210329055786133,0.002000093460083008,0.04248356819152832,13,7,0,0,0,7,14,12,1,38,0,940,14680
oliveira/04_11/randm04.02.02.11.020_0030.05.aba.beta,True,8,4,0.011800289154052734,0.03162121772766113,0.002616405487060547,0.046037912368774414,14,8,0,0,0,8,15,13,1,39,0,1183,19109
oliveira/04_11/randm04.02.02.12.020_0030.01.aba.beta,True,2,3,0.002449512481689453,0.013286352157592773,0.0011305809020996094,0.016866445541381836,10,2,0,0,0,4,16,10,3,25,0,545,8621
oliveira/04_11/randm04.02.02.12.020_0030.02.aba.beta,True,2,3,0.0023949146270751953,0.013869524002075195,0.0011241436004638672,0.017388582229614258,10,2,0,0,0,4,15,10,3,24,0,550,8653
oliveira/04_11/randm04.02.02.12.020_0030.03.aba.beta,True,2,3,0.0030596256256103516,0.016875267028808594,0.0016894340515136719,0.021624326705932617,12,2,0,0,0,5,15,12,4,29,0,551,8639
oliveira/04_11/randm04.02.02.12.020_0030.04.aba.beta,True,2,3,0.004882335662841797,0.015614986419677734,0.0011615753173828125,0.021658897399902344,12,2,0,0,0,5,13,12,4,27,0,541,8599
oliveira/04_11/randm04.02.02.12.020_0030.05.aba.beta,True,2,3,0.005306243896484375,0.01774311065673828,0.001142263412475586,0.024191617965698242,12,2,0,0,0,5,17,12,4,31,0,540,8607
oliveira/04_11/randm04.02.02.13.020_0030.01.aba.beta,True,1,1,0.0008203983306884766,0.0021653175354003906,0.0010972023010253906,0.004082918167114258,3,1,0,0,0,1,3,3,1,2,0,528,8539
oliveira/04_11/randm04.02.02.13.020_0030.02.aba.beta,True,1,1,0.0006215572357177734,0.004331827163696289,0.0011317729949951172,0.00608515739440918,3,1,0,0,0,1,3,3,1,2,0,535,8584
oliveira/04_11/randm04.02.02.13.020_0030.03.aba.beta,True,1,1,0.0007519721984863281,0.0020062923431396484,0.001169443130493164,0.003927707672119141,3,1,0,0,0,1,3,3,1,2,0,534,8583
oliveira/04_11/randm04.02.02.13.020_0030.04.aba.beta,True,1,1,0.0021228790283203125,0.0019333362579345703,0.0011951923370361328,0.005251407623291016,3,1,0,0,0,1,3,3,1,2,0,537,8593
oliveira/04_11/randm04.02.02.13.020_0030.05.aba.beta,True,1,1,0.0007965564727783203,0.0020792484283447266,0.001148223876953125,0.004024028778076172,3,1,0,0,0,1,3,3,1,2,0,543,8623
oliveira/04_11/randm04.02.02.14.020_0030.01.aba.beta,True,5,4,0.008097410202026367,0.0195159912109375,0.0012624263763427734,0.02887582778930664,11,5,0,0,0,5,26,11,1,44,0,577,8859
oliveira/04_11/randm04.02.02.14.020_0030.02.aba.beta,True,5,4,0.009968757629394531,0.021358013153076172,0.0013496875762939453,0.03267645835876465,11,5,0,0,0,5,12,10,1,27,0,555,8635
oliveira/04_11/randm04.02.02.14.020_0030.03.aba.beta,True,5,4,0.0074617862701416016,0.0397341251373291,0.0013082027435302734,0.04850411415100098,17,5,0,0,0,9,24,17,5,72,0,583,8877
oliveira/04_11/randm04.02.02.14.020_0030.04.aba.beta,True,3,4,0.0049512386322021484,0.03814268112182617,0.0012595653533935547,0.044353485107421875,17,3,0,0,0,9,22,16,7,53,0,554,8684
oliveira/04_11/randm04.02.02.14.020_0030.05.aba.beta,True,4,4,0.0051691532135009766,0.014120340347290039,0.0010890960693359375,0.020378589630126953,10,4,0,0,0,4,12,10,1,22,0,546,8595
oliveira/04_11/randm04.02.02.15.020_0030.01.aba.beta,True,1,2,0.0010309219360351562,0.0027272701263427734,0.0016109943389892578,0.0053691864013671875,5,1,0,0,0,1,5,4,1,6,0,533,8586
oliveira/04_11/randm04.02.02.15.020_0030.02.aba.beta,True,1,2,0.0010466575622558594,0.0028791427612304688,0.0011172294616699219,0.00504302978515625,5,1,0,0,0,1,5,5,1,6,0,532,8581
oliveira/04_11/randm04.02.02.15.020_0030.03.aba.beta,True,1,2,0.001216888427734375,0.0025522708892822266,0.0010986328125,0.0048677921295166016,5,1,0,0,0,1,5,5,1,6,0,541,8605
oliveira/04_11/randm04.02.02.15.020_0030.04.aba.beta,True,1,2,0.0011563301086425781,0.002518892288208008,0.0013408660888671875,0.0050160884857177734,5,1,0,0,0,1,5,5,1,6,0,542,8616
oliveira/04_11/randm04.02.02.15.020_0030.05.aba.beta,True,1,2,0.0011982917785644531,0.0026068687438964844,0.0011172294616699219,0.004922389984130859,5,1,0,0,0,1,5,5,1,6,0,534,8580
oliveira/04_11/randm04.02.02.16.020_0030.01.aba.beta,True,6,3,0.007137298583984375,0.03255486488342285,0.0013360977172851562,0.04102826118469238,12,6,0,0,0,7,40,12,2,71,0,621,9478
oliveira/04_11/randm04.02.02.16.020_0030.02.aba.beta,True,5,3,0.007668256759643555,0.025080442428588867,0.0012423992156982422,0.033991098403930664,13,5,0,0,0,7,23,12,3,56,0,576,8806
oliveira/04_11/randm04.02.02.16.020_0030.03.aba.beta,True,5,3,0.005608797073364258,0.039788007736206055,0.0014460086822509766,0.04684281349182129,13,5,0,0,0,7,54,13,3,84,0,636,9785
oliveira/04_11/randm04.02.02.16.020_0030.04.aba.beta,True,5,3,0.006178855895996094,0.028168201446533203,0.0012328624725341797,0.03557991981506348,13,5,0,0,0,7,32,13,3,82,0,611,9297
oliveira/04_11/randm04.02.02.16.020_0030.05.aba.beta,True,6,3,0.0068531036376953125,0.02696990966796875,0.0013589859008789062,0.03518199920654297,12,6,0,0,0,7,28,12,2,77,0,604,9151
oliveira/04_11/randm04.02.02.17.020_0030.01.aba.beta,True,2,3,0.0024118423461914062,0.013284444808959961,0.0012366771697998047,0.016932964324951172,10,2,0,0,0,4,16,10,3,25,0,549,8649
oliveira/04_11/randm04.02.02.17.020_0030.02.aba.beta,True,2,3,0.0025229454040527344,0.014159679412841797,0.0011539459228515625,0.017836570739746094,10,2,0,0,0,4,22,10,3,31,0,553,8710
oliveira/04_11/randm04.02.02.17.020_0030.03.aba.beta,True,2,3,0.003119945526123047,0.017148494720458984,0.0011899471282958984,0.02145838737487793,12,2,0,0,0,5,16,12,4,30,0,535,8562
oliveira/04_11/randm04.02.02.17.020_0030.04.aba.beta,True,2,3,0.0031595230102539062,0.019903182983398438,0.0010845661163330078,0.02414727210998535,12,2,0,0,0,5,18,12,4,32,0,535,8572
oliveira/04_11/randm04.02.02.17.020_0030.05.aba.beta,True,2,3,0.0024068355560302734,0.01353001594543457,0.0011608600616455078,0.01709771156311035,10,2,0,0,0,4,17,10,3,26,0,540,8576
oliveira/04_11/randm04.02.02.18.020_0030.01.aba.beta,True,6,4,0.008476972579956055,0.03569293022155762,0.001378774642944336,0.04554867744445801,15,6,0,0,0,8,22,15,3,52,0,608,9200
oliveira/04_11/randm04.02.02.18.020_0030.02.aba.beta,True,3,4,0.0039293766021728516,0.022130966186523438,0.0012047290802001953,0.027265071868896484,13,3,0,0,0,6,19,13,4,42,0,561,8719
oliveira/04_11/randm04.02.02.18.020_0030.03.aba.beta,True,4,4,0.005720376968383789,0.04256629943847656,0.0012857913970947266,0.04957246780395508,16,4,0,0,0,9,22,15,6,56,0,567,8749
oliveira/04_11/randm04.02.02.18.020_0030.04.aba.beta,True,5,4,0.007963180541992188,0.04046487808227539,0.001538991928100586,0.049967050552368164,14,5,0,0,0,7,44,14,3,73,0,726,11214
oliveira/04_11/randm04.02.02.18.020_0030.05.aba.beta,True,6,4,0.008341312408447266,0.033574819564819336,0.0012230873107910156,0.04313921928405762,15,6,0,0,0,8,28,15,3,66,0,587,8928
oliveira/04_11/randm04.02.02.19.020_0030.01.aba.beta,True,3,3,0.0036458969116210938,0.01944255828857422,0.001233816146850586,0.0243222713470459,11,3,0,0,0,5,21,11,3,39,0,556,8704
oliveira/04_11/randm04.02.02.19.020_0030.02.aba.beta,True,3,3,0.0036683082580566406,0.021866321563720703,0.0012524127960205078,0.02678704261779785,11,3,0,0,0,5,21,11,3,43,0,568,8790
oliveira/04_11/randm04.02.02.19.020_0030.03.aba.beta,True,4,3,0.005255937576293945,0.0281827449798584,0.0012714862823486328,0.03471016883850098,14,4,0,0,0,7,23,13,4,52,0,562,8741
oliveira/04_11/randm04.02.02.19.020_0030.04.aba.beta,True,5,3,0.005631208419799805,0.029042482376098633,0.0012044906616210938,0.03587818145751953,15,5,0,0,0,8,17,14,4,48,0,561,8672
oliveira/04_11/randm04.02.02.19.020_0030.05.aba.beta,True,4,3,0.0048520565032958984,0.027280092239379883,0.004840850830078125,0.036972999572753906,12,4,0,0,0,6,23,11,3,55,0,573,8836
oliveira/04_11/randm05.02.02.01.020_0030.01.aba.beta,True,4,3,0.0048046112060546875,0.014802217483520508,0.001239776611328125,0.02084660530090332,10,4,0,0,0,5,16,10,2,34,0,556,8660
oliveira/04_11/randm05.02.02.01.020_0030.02.aba.beta,True,4,3,0.004519939422607422,0.015380620956420898,0.0012090206146240234,0.021109580993652344,10,4,0,0,0,5,22,10,2,39,0,567,8781
oliveira/04_11/randm05.02.02.01.020_0030.03.aba.beta,True,6,3,0.006484508514404297,0.020209789276123047,0.00127410888671875,0.027968406677246094,11,6,0,0,0,6,16,10,1,45,0,584,8801
oliveira/04_11/randm05.02.02.01.020_0030.04.aba.beta,True,3,3,0.0036215782165527344,0.010443687438964844,0.001140594482421875,0.015205860137939453,8,3,0,0,0,3,14,8,1,22,0,548,8633
oliveira/04_11/randm05.02.02.01.020_0030.05.aba.beta,True,4,3,0.005435943603515625,0.016798019409179688,0.0011105537414550781,0.02334451675415039,9,4,0,0,0,4,19,9,1,33,0,548,8650
oliveira/04_11/randm05.02.02.02.020_0030.01.aba.beta,True,2,3,0.0022301673889160156,0.005212306976318359,0.0011968612670898438,0.008639335632324219,7,2,0,0,0,2,7,7,1,12,0,524,8509
oliveira/04_11/randm05.02.02.02.020_0030.02.aba.beta,True,2,3,0.002193927764892578,0.011553525924682617,0.001165151596069336,0.014912605285644531,10,2,0,0,0,4,16,9,3,25,0,544,8631
oliveira/04_11/randm05.02.02.02.020_0030.03.aba.beta,True,2,3,0.002325773239135742,0.013881444931030273,0.0011951923370361328,0.01740241050720215,10,2,0,0,0,4,23,10,3,32,0,544,8682
oliveira/04_11/randm05.02.02.02.020_0030.04.aba.beta,True,2,3,0.0023550987243652344,0.005181312561035156,0.0012056827545166016,0.008742094039916992,7,2,0,0,0,2,7,7,1,12,0,537,8583
oliveira/04_11/randm05.02.02.02.020_0030.05.aba.beta,True,2,3,0.0017213821411132812,0.0049631595611572266,0.0011496543884277344,0.007834196090698242,7,2,0,0,0,2,7,7,1,12,0,535,8572
oliveira/04_11/randm05.02.02.03.020_0030.01.aba.beta,True,1,1,0.0008935928344726562,0.001714468002319336,0.0011320114135742188,0.003740072250366211,3,1,0,0,0,1,3,3,1,2,0,543,8619
oliveira/04_11/randm05.02.02.03.020_0030.02.aba.beta,True,1,1,0.0010309219360351562,0.0018754005432128906,0.0012669563293457031,0.00417327880859375,3,1,0,0,0,1,3,3,1,2,0,538,8597
oliveira/04_11/randm05.02.02.03.020_0030.03.aba.beta,True,1,1,0.0010228157043457031,0.0017540454864501953,0.0010750293731689453,0.0038518905639648438,3,1,0,0,0,1,3,3,1,2,0,537,8598
oliveira/04_11/randm05.02.02.03.020_0030.04.aba.beta,True,1,1,0.0007364749908447266,0.0019419193267822266,0.0011453628540039062,0.0038237571716308594,3,1,0,0,0,1,3,3,1,2,0,534,8583
oliveira/04_11/randm05.02.02.03.020_0030.05.aba.beta,True,1,1,0.0010118484497070312,0.0018949508666992188,0.0010983943939208984,0.0040051937103271484,3,1,0,0,0,1,3,3,1,2,0,521,8531
oliveira/04_11/randm05.02.02.04.020_0030.01.aba.beta,True,5,5,0.011512517929077148,0.06363558769226074,0.0012664794921875,0.07641458511352539,23,5,0,0,0,13,36,21,9,84,0,603,9242
oliveira/04_11/randm05.02.02.04.020_0030.02.aba.beta,True,3,5,0.0059087276458740234,0.034554481506347656,0.0012693405151367188,0.0417325496673584,15,3,0,0,0,8,24,15,6,47,0,581,9119
oliveira/04_11/randm05.02.02.04.020_0030.03.aba.beta,True,3,5,0.004929065704345703,0.05144214630126953,0.0012128353118896484,0.05758404731750488,15,3,0,0,0,10,24,15,8,51,0,571,8783
oliveira/04_11/randm05.02.02.04.020_0030.04.aba.beta,True,9,5,0.017475605010986328,0.06522297859191895,0.0014085769653320312,0.0841071605682373,19,9,0,0,0,11,40,19,3,111,0,687,10183
oliveira/04_11/randm05.02.02.04.020_0030.05.aba.beta,True,11,5,0.020008087158203125,0.08071160316467285,0.0014727115631103516,0.10219240188598633,21,11,0,0,0,13,43,21,3,143,0,691,10125
oliveira/04_11/randm05.02.02.05.020_0030.01.aba.beta,True,3,4,0.004968881607055664,0.040198326110839844,0.0012409687042236328,0.04640817642211914,17,3,0,0,0,10,20,16,8,51,0,551,8627
oliveira/04_11/randm05.02.02.05.020_0030.02.aba.beta,True,4,4,0.00632023811340332,0.03854537010192871,0.0013523101806640625,0.046217918395996094,17,4,0,0,0,8,19,17,5,53,0,554,8640
oliveira/04_11/randm05.02.02.05.020_0030.03.aba.beta,True,4,4,0.0051422119140625,0.03306150436401367,0.001245260238647461,0.03944897651672363,17,4,0,0,0,8,31,16,5,65,0,565,8803
oliveira/04_11/randm05.02.02.05.020_0030.04.aba.beta,True,5,4,0.008924245834350586,0.04197549819946289,0.001302957534790039,0.052202701568603516,18,5,0,0,0,9,38,17,5,103,0,609,9408
oliveira/04_11/randm05.02.02.05.020_0030.05.aba.beta,True,5,4,0.007680416107177734,0.0738687515258789,0.0013959407806396484,0.08294510841369629,19,5,0,0,0,12,42,19,8,97,0,627,9606
oliveira/04_11/randm05.02.02.06.020_0030.01.aba.beta,True,8,5,0.015261411666870117,0.0803840160369873,0.0017063617706298828,0.0973517894744873,22,8,0,0,0,14,45,19,7,112,0,824,12486
oliveira/04_11/randm05.02.02.06.020_0030.02.aba.beta,True,6,5,0.012992382049560547,0.05445265769958496,0.0012767314910888672,0.06872177124023438,20,6,0,0,0,12,27,19,7,82,0,614,9273
oliveira/04_11/randm05.02.02.06.020_0030.03.aba.beta,True,7,5,0.011619091033935547,0.10180115699768066,0.0013322830200195312,0.11475253105163574,27,7,0,0,0,18,37,24,12,136,0,609,9080
oliveira/04_11/randm05.02.02.06.020_0030.04.aba.beta,True,11,5,0.02278900146484375,0.23207449913024902,0.0018391609191894531,0.2567026615142822,37,11,0,0,0,31,69,30,21,237,0,790,11474
oliveira/04_11/randm05.02.02.06.020_0030.05.aba.beta,True,9,5,0.017833948135375977,0.09652280807495117,0.0014493465423583984,0.11580610275268555,23,9,0,0,0,16,28,21,8,120,0,680,9947
oliveira/04_11/randm05.02.02.07.020_0030.01.aba.beta,True,13,5,0.03077387809753418,0.34456658363342285,0.0030014514923095703,0.3783419132232666,42,13,0,0,0,33,119,37,21,295,0,1355,20392
oliveira/04_11/randm05.02.02.07.020_0030.02.aba.beta,True,9,5,0.019524812698364258,0.17710185050964355,0.0018830299377441406,0.19850969314575195,28,9,0,0,0,21,92,27,13,203,0,852,12927
oliveira/04_11/randm05.02.02.07.020_0030.03.aba.beta,True,13,5,0.026750802993774414,0.2425217628479004,0.003523111343383789,0.2727956771850586,34,13,0,0,0,26,81,31,14,246,0,1016,15079
oliveira/04_11/randm05.02.02.07.020_0030.04.aba.beta,True,11,5,0.02273106575012207,0.21691489219665527,0.003064870834350586,0.24271082878112793,32,11,0,0,0,24,111,29,14,225,0,1318,20244
oliveira/04_11/randm05.02.02.07.020_0030.05.aba.beta,True,14,5,0.031725406646728516,0.4010894298553467,0.007625102996826172,0.44043993949890137,43,14,0,0,0,34,120,32,21,295,0,1364,20366
oliveira/04_11/randm05.02.02.08.020_0030.01.aba.beta,True,4,3,0.007045269012451172,0.017880916595458984,0.0017333030700683594,0.026659488677978516,10,4,0,0,0,5,18,10,2,30,0,789,12484
oliveira/04_11/randm05.02.02.08.020_0030.02.aba.beta,True,4,3,0.005118608474731445,0.022762537002563477,0.002086162567138672,0.029967308044433594,10,4,0,0,0,5,20,10,2,33,0,962,15132
oliveira/04_11/randm05.02.02.08.020_0030.03.aba.beta,True,4,3,0.004645109176635742,0.014093875885009766,0.0011997222900390625,0.01993870735168457,9,4,0,0,0,4,16,8,1,29,0,558,8690
oliveira/04_11/randm05.02.02.08.020_0030.04.aba.beta,True,4,3,0.004668235778808594,0.013218879699707031,0.001220703125,0.019107818603515625,9,4,0,0,0,4,13,9,1,25,0,554,8652
oliveira/04_11/randm05.02.02.08.020_0030.05.aba.beta,True,4,3,0.0052144527435302734,0.016039609909057617,0.001874685287475586,0.023128747940063477,10,4,0,0,0,5,14,10,2,26,0,851,13362
oliveira/04_11/randm05.02.02.09.020_0030.01.aba.beta,True,5,4,0.007718086242675781,0.05218195915222168,0.0014863014221191406,0.0613863468170166,15,5,0,0,0,10,43,15,6,86,0,657,10160
oliveira/04_11/randm05.02.02.09.020_0030.02.aba.beta,True,4,4,0.0078089237213134766,0.056654930114746094,0.0013229846954345703,0.06578683853149414,18,4,0,0,0,11,34,15,8,79,0,585,8957
oliveira/04_11/randm05.02.02.09.020_0030.03.aba.beta,True,3,4,0.004616737365722656,0.02287459373474121,0.0012822151184082031,0.02877354621887207,12,3,0,0,0,5,20,11,3,37,0,586,9144
oliveira/04_11/randm05.02.02.09.020_0030.04.aba.beta,True,4,4,0.0074615478515625,0.023452043533325195,0.0017468929290771484,0.032660484313964844,13,4,0,0,0,6,19,12,3,43,0,563,8713
oliveira/04_11/randm05.02.02.09.020_0030.05.aba.beta,True,4,4,0.005674600601196289,0.02721238136291504,0.0012214183807373047,0.03410840034484863,13,4,0,0,0,6,28,12,3,56,0,570,8880
oliveira/04_11/randm05.02.02.10.020_0030.01.aba.beta,True,11,5,0.01916337013244629,0.12012004852294922,0.0025377273559570312,0.14182114601135254,26,11,0,0,0,16,46,24,6,188,0,1128,17097
oliveira/04_11/randm05.02.02.10.020_0030.02.aba.beta,True,7,5,0.013834953308105469,0.12254738807678223,0.0021135807037353516,0.13849592208862305,27,7,0,0,0,19,45,25,13,144,0,923,14052
oliveira/04_11/randm05.02.02.10.020_0030.03.aba.beta,True,8,5,0.013725519180297852,0.09802770614624023,0.0013816356658935547,0.11313486099243164,26,8,0,0,0,17,40,25,10,161,0,643,9523
oliveira/04_11/randm05.02.02.10.020_0030.04.aba.beta,True,8,5,0.015344381332397461,0.10412120819091797,0.002588033676147461,0.12205362319946289,24,8,0,0,0,16,32,22,9,111,0,1136,17560
oliveira/04_11/randm05.02.02.10.020_0030.05.aba.beta,True,8,5,0.013467550277709961,0.12423896789550781,0.0022423267364501953,0.13994884490966797,25,8,0,0,0,17,50,22,10,118,0,1023,15871
oliveira/04_11/randm05.02.02.11.020_0030.01.aba.beta,True,8,5,0.011980056762695312,0.05355405807495117,0.003353118896484375,0.06888723373413086,18,8,0,0,0,12,24,17,5,61,0,1539,23863
oliveira/04_11/randm05.02.02.11.020_0030.02.aba.beta,True,9,5,0.013074636459350586,0.061803579330444336,0.003652334213256836,0.07853055000305176,18,9,0,0,0,13,35,18,5,70,0,1769,27998
oliveira/04_11/randm05.02.02.11.020_0030.03.aba.beta,True,11,5,0.019316434860229492,0.0983724594116211,0.001512289047241211,0.1192011833190918,22,11,0,0,0,15,55,19,5,173,0,762,11372
oliveira/04_11/randm05.02.02.11.020_0030.04.aba.beta,True,9,5,0.013160228729248047,0.07797503471374512,0.0015337467193603516,0.09266901016235352,19,9,0,0,0,13,48,19,5,130,0,695,10374
oliveira/04_11/randm05.02.02.11.020_0030.05.aba.beta,True,9,5,0.012988090515136719,0.05871009826660156,0.0040416717529296875,0.07573986053466797,18,9,0,0,0,13,24,17,5,60,0,1808,28423
oliveira/04_11/randm05.02.02.12.020_0030.01.aba.beta,True,4,3,0.005068063735961914,0.022490262985229492,0.0011715888977050781,0.028729915618896484,13,4,0,0,0,6,21,12,3,48,0,568,8771
oliveira/04_11/randm05.02.02.12.020_0030.02.aba.beta,True,3,3,0.0035333633422851562,0.021387815475463867,0.0012080669403076172,0.02612924575805664,13,3,0,0,0,6,19,13,4,39,0,558,8694
oliveira/04_11/randm05.02.02.12.020_0030.03.aba.beta,True,5,3,0.008552789688110352,0.03195357322692871,0.001249551773071289,0.04175591468811035,15,5,0,0,0,8,35,12,4,79,0,587,9156
oliveira/04_11/randm05.02.02.12.020_0030.04.aba.beta,True,5,3,0.0056610107421875,0.033925771713256836,0.0012049674987792969,0.04079174995422363,13,5,0,0,0,7,33,13,3,69,0,598,9126
oliveira/04_11/randm05.02.02.12.020_0030.05.aba.beta,True,4,3,0.005069732666015625,0.028969287872314453,0.0012781620025634766,0.035317182540893555,12,4,0,0,0,6,28,12,3,53,0,601,9280
oliveira/04_11/randm05.02.02.13.020_0030.01.aba.beta,True,11,5,0.019606590270996094,0.09606504440307617,0.0016667842864990234,0.11733841896057129,25,11,0,0,0,14,65,24,4,171,0,764,11394
oliveira/04_11/randm05.02.02.13.020_0030.02.aba.beta,True,7,5,0.018970489501953125,0.17603135108947754,0.0013880729675292969,0.19638991355895996,37,7,0,0,0,27,49,32,21,174,0,611,9122
oliveira/04_11/randm05.02.02.13.020_0030.03.aba.beta,True,5,5,0.014905452728271484,0.16209769248962402,0.0014090538024902344,0.17841219902038574,31,5,0,0,0,22,64,29,18,148,0,661,10151
oliveira/04_11/randm05.02.02.13.020_0030.04.aba.beta,True,5,5,0.018135786056518555,0.10874819755554199,0.0015270709991455078,0.12841105461120605,25,5,0,0,0,18,41,22,14,130,0,606,9270
oliveira/04_11/randm05.02.02.13.020_0030.05.aba.beta,True,9,5,0.016213178634643555,0.1159813404083252,0.0014977455139160156,0.13369226455688477,27,9,0,0,0,18,47,23,10,142,0,690,10264
oliveira/04_11/randm05.02.02.14.020_0030.01.aba.beta,True,1,1,0.0037534236907958984,0.0017852783203125,0.0011377334594726562,0.006676435470581055,3,1,0,0,0,1,3,3,1,2,0,531,8569
oliveira/04_11/randm05.02.02.14.020_0030.02.aba.beta,True,1,1,0.0009100437164306641,0.0020384788513183594,0.0011513233184814453,0.004099845886230469,3,1,0,0,0,1,3,3,1,2,0,530,8565
oliveira/04_11/randm05.02.02.14.020_0030.03.aba.beta,True,1,1,0.0011129379272460938,0.0016965866088867188,0.0010523796081542969,0.0038619041442871094,3,1,0,0,0,1,3,3,1,2,0,541,8613
oliveira/04_11/randm05.02.02.14.020_0030.04.aba.beta,True,1,1,0.0007562637329101562,0.002040386199951172,0.001173257827758789,0.003969907760620117,3,1,0,0,0,1,3,3,1,2,0,532,8544
oliveira/04_11/randm05.02.02.14.020_0030.05.aba.beta,True,1,1,0.0030431747436523438,0.0019822120666503906,0.0010831356048583984,0.006108522415161133,3,1,0,0,0,1,3,3,1,2,0,530,8544
oliveira/04_11/randm05.02.02.15.020_0030.01.aba.beta,True,2,3,0.0026693344116210938,0.0235443115234375,0.0048830509185791016,0.031096696853637695,10,2,0,0,0,4,17,10,3,26,0,537,8584
oliveira/04_11/randm05.02.02.15.020_0030.02.aba.beta,True,4,3,0.006671905517578125,0.0248870849609375,0.0012507438659667969,0.03280973434448242,14,4,0,0,0,7,17,14,4,42,0,559,8668
oliveira/04_11/randm05.02.02.15.020_0030.03.aba.beta,True,4,3,0.010243654251098633,0.02696990966796875,0.0013561248779296875,0.03856968879699707,14,4,0,0,0,7,18,14,4,43,0,558,8666
oliveira/04_11/randm05.02.02.15.020_0030.04.aba.beta,True,2,3,0.003341197967529297,0.014021873474121094,0.008483648300170898,0.02584671974182129,10,2,0,0,0,4,18,10,3,27,0,546,8654
oliveira/04_11/randm05.02.02.15.020_0030.05.aba.beta,True,2,3,0.0028982162475585938,0.014059305191040039,0.0011363029479980469,0.01809382438659668,10,2,0,0,0,4,15,10,3,24,0,549,8644
oliveira/04_11/randm05.02.02.16.020_0030.01.aba.beta,True,1,1,0.003622293472290039,0.0017871856689453125,0.0011305809020996094,0.006540060043334961,3,1,0,0,0,1,3,3,1,2,0,534,8587
oliveira/04_11/randm05.02.02.16.020_0030.02.aba.beta,True,1,1,0.0007834434509277344,0.0018208026885986328,0.0011372566223144531,0.0037415027618408203,3,1,0,0,0,1,3,3,1,2,0,540,8611
oliveira/04_11/randm05.02.02.16.020_0030.03.aba.beta,True,1,1,0.0007266998291015625,0.0019505023956298828,0.0011501312255859375,0.003827333450317383,3,1,0,0,0,1,3,3,1,2,0,534,8572
oliveira/04_11/randm05.02.02.16.020_0030.04.aba.beta,True,1,1,0.0007734298706054688,0.0019986629486083984,0.0011036396026611328,0.003875732421875,3,1,0,0,0,1,3,3,1,2,0,543,8622
oliveira/04_11/randm05.02.02.16.020_0030.05.aba.beta,True,1,1,0.003165006637573242,0.0019063949584960938,0.0011675357818603516,0.0062389373779296875,3,1,0,0,0,1,3,3,1,2,0,543,8624
oliveira/04_11/randm05.02.02.17.020_0030.01.aba.beta,True,8,5,0.01201176643371582,0.05311942100524902,0.00141143798828125,0.0665426254272461,17,8,0,0,0,9,38,17,2,83,0,676,10236
oliveira/04_11/randm05.02.02.17.020_0030.02.aba.beta,True,9,5,0.01372838020324707,0.06171607971191406,0.0015947818756103516,0.07703924179077148,18,9,0,0,0,10,33,18,2,105,0,707,10530
oliveira/04_11/randm05.02.02.17.020_0030.03.aba.beta,True,9,5,0.015958547592163086,0.13816356658935547,0.0013382434844970703,0.15546035766601562,28,9,0,0,0,23,37,27,15,139,0,625,9174
oliveira/04_11/randm05.02.02.17.020_0030.04.aba.beta,True,13,5,0.021551847457885742,0.13705968856811523,0.0023124217987060547,0.16092395782470703,26,13,0,0,0,18,91,24,6,206,0,1066,15799
oliveira/04_11/randm05.02.02.17.020_0030.05.aba.beta,True,4,5,0.007238149642944336,0.061753273010253906,0.001453399658203125,0.07044482231140137,18,4,0,0,0,10,50,17,7,97,0,657,10122
oliveira/04_11/randm05.02.02.18.020_0030.01.aba.beta,True,1,1,0.001580953598022461,0.0018308162689208984,0.0011355876922607422,0.0045473575592041016,3,1,0,0,0,1,3,3,1,2,0,534,8577
oliveira/04_11/randm05.02.02.18.020_0030.02.aba.beta,True,1,1,0.0007615089416503906,0.0018630027770996094,0.0011451244354248047,0.0037696361541748047,3,1,0,0,0,1,3,3,1,2,0,535,8592
oliveira/04_11/randm05.02.02.18.020_0030.03.aba.beta,True,1,1,0.0007853507995605469,0.0022351741790771484,0.0011830329895019531,0.0042035579681396484,3,1,0,0,0,1,3,3,1,2,0,529,8564
oliveira/04_11/randm05.02.02.18.020_0030.04.aba.beta,True,1,1,0.0011823177337646484,0.0019385814666748047,0.0011456012725830078,0.004266500473022461,3,1,0,0,0,1,3,3,1,2,0,523,8497
oliveira/04_11/randm05.02.02.18.020_0030.05.aba.beta,True,1,1,0.0007860660552978516,0.0018830299377441406,0.0011272430419921875,0.0037963390350341797,3,1,0,0,0,1,3,3,1,2,0,533,8555
oliveira/04_11/randm05.02.02.19.020_0030.01.aba.beta,True,2,3,0.0020990371704101562,0.005648612976074219,0.0011568069458007812,0.008904457092285156,7,2,0,0,0,2,7,7,1,12,0,543,8612
oliveira/04_11/randm05.02.02.19.020_0030.02.aba.beta,True,2,3,0.002385854721069336,0.0055389404296875,0.0010666847229003906,0.008991479873657227,7,2,0,0,0,2,7,7,1,12,0,548,8631
oliveira/04_11/randm05.02.02.19.020_0030.03.aba.beta,True,2,3,0.0026094913482666016,0.016929149627685547,0.0012366771697998047,0.020775318145751953,12,2,0,0,0,5,16,12,4,30,0,537,8592
oliveira/04_11/randm05.02.02.19.020_0030.04.aba.beta,True,2,3,0.0028100013732910156,0.016933679580688477,0.0010938644409179688,0.02083754539489746,12,2,0,0,0,5,13,12,4,27,0,536,8571
oliveira/04_11/randm05.02.02.19.020_0030.05.aba.beta,True,2,3,0.002251148223876953,0.005511045455932617,0.0011646747589111328,0.008926868438720703,7,2,0,0,0,2,7,7,1,12,0,528,8538
oliveira/04_11/randm06.02.02.01.020_0030.01.aba.beta,True,7,4,0.0109710693359375,0.06145215034484863,0.0013875961303710938,0.07381081581115723,19,7,0,0,0,12,31,19,6,122,0,639,9437
oliveira/04_11/randm06.02.02.01.020_0030.02.aba.beta,True,3,4,0.004290103912353516,0.03262472152709961,0.0012564659118652344,0.03817129135131836,15,3,0,0,0,8,17,15,6,40,0,551,8638
oliveira/04_11/randm06.02.02.01.020_0030.03.aba.beta,True,5,4,0.007082939147949219,0.03994607925415039,0.0013146400451660156,0.048343658447265625,15,5,0,0,0,9,23,15,5,57,0,605,9223
oliveira/04_11/randm06.02.02.01.020_0030.04.aba.beta,True,6,4,0.00936436653137207,0.05435657501220703,0.0012962818145751953,0.0650172233581543,18,6,0,0,0,11,38,18,6,89,0,619,9442
oliveira/04_11/randm06.02.02.01.020_0030.05.aba.beta,True,9,4,0.01346445083618164,0.07834839820861816,0.001567840576171875,0.09338068962097168,21,9,0,0,0,14,60,20,6,151,0,728,10771
oliveira/04_11/randm06.02.02.02.020_0030.01.aba.beta,True,3,3,0.003361940383911133,0.010143518447875977,0.0012311935424804688,0.014736652374267578,8,3,0,0,0,3,10,8,1,18,0,573,9040
oliveira/04_11/randm06.02.02.02.020_0030.02.aba.beta,True,2,3,0.002847433090209961,0.012816667556762695,0.0011756420135498047,0.01683974266052246,10,2,0,0,0,4,13,10,3,23,0,521,8482
oliveira/04_11/randm06.02.02.02.020_0030.03.aba.beta,True,2,3,0.002511262893676758,0.014965057373046875,0.001192331314086914,0.018668651580810547,10,2,0,0,0,4,17,10,3,27,0,548,8665
oliveira/04_11/randm06.02.02.02.020_0030.04.aba.beta,True,2,3,0.0024161338806152344,0.013093233108520508,0.0011432170867919922,0.016652584075927734,10,2,0,0,0,4,15,10,3,25,0,547,8639
oliveira/04_11/randm06.02.02.02.020_0030.05.aba.beta,True,3,3,0.003610372543334961,0.012381553649902344,0.0011782646179199219,0.017170190811157227,8,3,0,0,0,3,10,8,1,18,0,548,8621
oliveira/04_11/randm06.02.02.03.020_0030.01.aba.beta,True,8,5,0.016247272491455078,0.059092044830322266,0.0036509037017822266,0.07899022102355957,21,8,0,0,0,12,23,18,5,63,0,1685,26336
oliveira/04_11/randm06.02.02.03.020_0030.02.aba.beta,True,8,5,0.010916709899902344,0.057061195373535156,0.003439664840698242,0.07141757011413574,20,8,0,0,0,12,23,19,5,61,0,1914,30139
oliveira/04_11/randm06.02.02.03.020_0030.03.aba.beta,True,8,5,0.01677680015563965,0.04152083396911621,0.0014061927795410156,0.059703826904296875,16,8,0,0,0,9,26,15,2,65,0,650,9748
oliveira/04_11/randm06.02.02.03.020_0030.04.aba.beta,True,10,5,0.014473915100097656,0.05591320991516113,0.0012660026550292969,0.07165312767028809,18,10,0,0,0,11,21,17,2,76,0,635,9306
oliveira/04_11/randm06.02.02.03.020_0030.05.aba.beta,True,12,5,0.01924920082092285,0.1003117561340332,0.005233287811279297,0.12479424476623535,25,12,0,0,0,16,42,23,5,126,0,2441,38093
oliveira/04_11/randm06.02.02.04.020_0030.01.aba.beta,True,1,1,0.0007240772247314453,0.0019097328186035156,0.00115203857421875,0.003785848617553711,3,1,0,0,0,1,3,3,1,2,0,525,8535
oliveira/04_11/randm06.02.02.04.020_0030.02.aba.beta,True,1,1,0.0007171630859375,0.0018553733825683594,0.0012021064758300781,0.0037746429443359375,3,1,0,0,0,1,3,3,1,2,0,531,8571
oliveira/04_11/randm06.02.02.04.020_0030.03.aba.beta,True,1,1,0.0009839534759521484,0.0020461082458496094,0.0012359619140625,0.004266023635864258,3,1,0,0,0,1,3,3,1,2,0,535,8590
oliveira/04_11/randm06.02.02.04.020_0030.04.aba.beta,True,1,1,0.0007488727569580078,0.0018546581268310547,0.0011773109436035156,0.003780841827392578,3,1,0,0,0,1,3,3,1,2,0,532,8555
oliveira/04_11/randm06.02.02.04.020_0030.05.aba.beta,True,1,1,0.0007274150848388672,0.001798868179321289,0.0011949539184570312,0.0037212371826171875,3,1,0,0,0,1,3,3,1,2,0,525,8541
oliveira/04_11/randm06.02.02.05.020_0030.01.aba.beta,True,6,5,0.011223793029785156,0.09568643569946289,0.0013306140899658203,0.10824084281921387,24,6,0,0,0,19,31,20,14,91,0,593,9141
oliveira/04_11/randm06.02.02.05.020_0030.02.aba.beta,True,10,5,0.02413034439086914,0.22397947311401367,0.0014600753784179688,0.24956989288330078,36,10,0,0,0,30,53,26,21,223,0,702,10153
oliveira/04_11/randm06.02.02.05.020_0030.03.aba.beta,True,8,5,0.01409602165222168,0.05980372428894043,0.0014619827270507812,0.07536172866821289,19,8,0,0,0,10,36,19,3,158,0,681,10087
oliveira/04_11/randm06.02.02.05.020_0030.04.aba.beta,True,8,5,0.013906240463256836,0.052619218826293945,0.0014278888702392578,0.06795334815979004,19,8,0,0,0,10,48,18,3,135,0,691,10448
oliveira/04_11/randm06.02.02.05.020_0030.05.aba.beta,True,4,5,0.012536287307739258,0.13112187385559082,0.0012943744659423828,0.14495253562927246,26,4,0,0,0,20,48,23,17,133,0,608,9388
oliveira/04_11/randm06.02.02.06.020_0030.01.aba.beta,True,10,5,0.020386219024658203,0.15849614143371582,0.0016894340515136719,0.1805717945098877,32,10,0,0,0,23,60,30,14,179,0,761,11205
oliveira/04_11/randm06.02.02.06.020_0030.02.aba.beta,True,13,5,0.02180933952331543,0.19708585739135742,0.0019795894622802734,0.22087478637695312,32,13,0,0,0,25,66,30,13,213,0,897,13192
oliveira/04_11/randm06.02.02.06.020_0030.03.aba.beta,True,14,5,0.02889084815979004,0.2198195457458496,0.001718282699584961,0.2504286766052246,31,14,0,0,0,26,68,27,13,266,0,807,11711
oliveira/04_11/randm06.02.02.06.020_0030.04.aba.beta,True,11,5,0.02431964874267578,0.16078758239746094,0.0019147396087646484,0.18702197074890137,31,11,0,0,0,22,78,30,12,252,0,875,12918
oliveira/04_11/randm06.02.02.06.020_0030.05.aba.beta,True,13,5,0.02617645263671875,0.20063424110412598,0.002089262008666992,0.22889995574951172,33,13,0,0,0,24,90,28,12,217,0,991,14684
oliveira/04_11/randm06.02.02.07.020_0030.01.aba.beta,True,9,5,0.013578653335571289,0.07800579071044922,0.001386880874633789,0.0929713249206543,24,9,0,0,0,15,30,21,7,93,0,671,10101
oliveira/04_11/randm06.02.02.07.020_0030.02.aba.beta,True,10,5,0.019602537155151367,0.09883975982666016,0.0014338493347167969,0.11987614631652832,28,10,0,0,0,18,39,28,9,160,0,655,9464
oliveira/04_11/randm06.02.02.07.020_0030.03.aba.beta,True,10,5,0.019940614700317383,0.11812877655029297,0.0014367103576660156,0.13950610160827637,28,10,0,0,0,18,56,27,9,170,0,694,10068
oliveira/04_11/randm06.02.02.07.020_0030.04.aba.beta,True,10,5,0.018205642700195312,0.09598731994628906,0.0013723373413085938,0.11556529998779297,27,10,0,0,0,17,40,24,8,141,0,631,9308
oliveira/04_11/randm06.02.02.07.020_0030.05.aba.beta,True,15,5,0.027408599853515625,0.14487457275390625,0.0017154216766357422,0.17399859428405762,30,15,0,0,0,21,63,30,7,251,0,869,12504
oliveira/04_11/randm06.02.02.08.020_0030.01.aba.beta,True,4,4,0.006568193435668945,0.04112410545349121,0.0013196468353271484,0.049011945724487305,16,4,0,0,0,9,21,16,6,58,0,568,8728
oliveira/04_11/randm06.02.02.08.020_0030.02.aba.beta,True,5,4,0.009876489639282227,0.03842616081237793,0.0012555122375488281,0.049558162689208984,17,5,0,0,0,9,20,16,5,59,0,560,8673
oliveira/04_11/randm06.02.02.08.020_0030.03.aba.beta,True,6,4,0.008318424224853516,0.023070096969604492,0.0012559890747070312,0.03264451026916504,12,6,0,0,0,6,25,12,1,44,0,563,8736
oliveira/04_11/randm06.02.02.08.020_0030.04.aba.beta,True,6,4,0.00763249397277832,0.022848844528198242,0.0010895729064941406,0.0315709114074707,12,6,0,0,0,6,29,12,1,50,0,574,8893
oliveira/04_11/randm06.02.02.08.020_0030.05.aba.beta,True,5,4,0.008087635040283203,0.049388885498046875,0.0014226436614990234,0.0588991641998291,17,5,0,0,0,10,32,17,6,84,0,655,9934
oliveira/04_11/randm06.02.02.09.020_0030.01.aba.beta,True,6,5,0.01076650619506836,0.1062014102935791,0.0016503334045410156,0.11861824989318848,24,6,0,0,0,17,66,24,12,120,0,763,11769
oliveira/04_11/randm06.02.02.09.020_0030.02.aba.beta,True,6,5,0.010565996170043945,0.08649969100952148,0.0015442371368408203,0.09860992431640625,22,6,0,0,0,15,60,20,10,136,0,700,10781
oliveira/04_11/randm06.02.02.09.020_0030.03.aba.beta,True,5,5,0.009429693222045898,0.07924914360046387,0.0014638900756835938,0.09014272689819336,21,5,0,0,0,14,54,19,10,120,0,671,10300
oliveira/04_11/randm06.02.02.09.020_0030.04.aba.beta,True,7,5,0.014697551727294922,0.08691835403442383,0.001999378204345703,0.10361528396606445,23,7,0,0,0,14,63,22,8,116,0,897,13754
oliveira/04_11/randm06.02.02.09.020_0030.05.aba.beta,True,6,5,0.011256217956542969,0.09278750419616699,0.0013363361358642578,0.10538005828857422,24,6,0,0,0,18,45,21,13,132,0,612,9354
oliveira/04_11/randm06.02.02.10.020_0030.01.aba.beta,True,5,4,0.006769895553588867,0.020371437072753906,0.0012347698211669922,0.028376102447509766,12,5,0,0,0,6,13,12,2,31,0,559,8644
oliveira/04_11/randm06.02.02.10.020_0030.02.aba.beta,True,4,4,0.006827354431152344,0.04457712173461914,0.0012450218200683594,0.052649497985839844,18,4,0,0,0,10,33,18,7,68,0,575,8882
oliveira/04_11/randm06.02.02.10.020_0030.03.aba.beta,True,2,4,0.0033578872680664062,0.030990123748779297,0.0011527538299560547,0.03550076484680176,16,2,0,0,0,8,18,16,7,40,0,535,8550
oliveira/04_11/randm06.02.02.10.020_0030.04.aba.beta,True,2,4,0.0034813880920410156,0.0368039608001709,0.0012085437774658203,0.041493892669677734,16,2,0,0,0,8,19,16,7,41,0,550,8647
oliveira/04_11/randm06.02.02.10.020_0030.05.aba.beta,True,5,4,0.007012128829956055,0.02098536491394043,0.0014033317565917969,0.02940082550048828,12,5,0,0,0,6,13,12,2,31,0,562,8662
oliveira/04_11/randm06.02.02.11.020_0030.01.aba.beta,True,10,6,0.026146888732910156,0.33028125762939453,0.0017452239990234375,0.3581733703613281,40,10,0,0,0,39,65,34,30,225,0,818,12231
oliveira/04_11/randm06.02.02.11.020_0030.02.aba.beta,True,12,6,0.038606882095336914,0.5694153308868408,0.001895904541015625,0.6099181175231934,54,12,0,0,0,55,86,41,44,313,0,880,12954
oliveira/04_11/randm06.02.02.11.020_0030.03.aba.beta,True,14,6,0.034714460372924805,0.5788190364837646,0.001758575439453125,0.6152920722961426,50,14,0,0,0,60,78,43,47,313,0,863,12459
oliveira/04_11/randm06.02.02.11.020_0030.04.aba.beta,True,14,6,0.03082108497619629,0.30928993225097656,0.001905679702758789,0.34201669692993164,35,14,0,0,0,36,72,33,23,253,0,901,13034
oliveira/04_11/randm06.02.02.11.020_0030.05.aba.beta,True,18,6,0.04516887664794922,0.40108537673950195,0.0020155906677246094,0.4482698440551758,46,18,0,0,0,43,79,39,26,311,0,994,13844
oliveira/04_11/randm06.02.02.12.020_0030.01.aba.beta,True,3,4,0.004597902297973633,0.03385186195373535,0.0012934207916259766,0.03974318504333496,17,3,0,0,0,9,21,17,7,52,0,558,8673
oliveira/04_11/randm06.02.02.12.020_0030.02.aba.beta,True,5,4,0.006248950958251953,0.03580045700073242,0.0012462139129638672,0.04329562187194824,15,5,0,0,0,8,25,14,4,53,0,564,8750
oliveira/04_11/randm06.02.02.12.020_0030.03.aba.beta,True,5,4,0.009151935577392578,0.019649982452392578,0.0013232231140136719,0.030125141143798828,11,5,0,0,0,5,22,10,1,39,0,643,10025
oliveira/04_11/randm06.02.02.12.020_0030.04.aba.beta,True,3,4,0.004328250885009766,0.0348963737487793,0.001232147216796875,0.04045677185058594,17,3,0,0,0,9,23,17,7,56,0,561,8699
oliveira/04_11/randm06.02.02.12.020_0030.05.aba.beta,True,4,4,0.005812883377075195,0.04530763626098633,0.001123189926147461,0.052243709564208984,18,4,0,0,0,10,24,17,7,65,0,574,8765
oliveira/04_11/randm06.02.02.13.020_0030.01.aba.beta,True,7,4,0.014373779296875,0.08637523651123047,0.0014264583587646484,0.10217547416687012,23,7,0,0,0,15,42,21,9,133,0,650,9825
oliveira/04_11/randm06.02.02.13.020_0030.02.aba.beta,True,7,4,0.011111736297607422,0.08768343925476074,0.0016124248504638672,0.10040760040283203,23,7,0,0,0,15,65,22,9,146,0,726,10953
oliveira/04_11/randm06.02.02.13.020_0030.03.aba.beta,True,6,4,0.011480569839477539,0.09381723403930664,0.0013263225555419922,0.10662412643432617,26,6,0,0,0,17,42,24,12,115,0,621,9380
oliveira/04_11/randm06.02.02.13.020_0030.04.aba.beta,True,3,4,0.0055959224700927734,0.06909799575805664,0.001313924789428711,0.07600784301757812,23,3,0,0,0,14,28,22,12,79,0,562,8717
oliveira/04_11/randm06.02.02.13.020_0030.05.aba.beta,True,7,4,0.014224052429199219,0.10422849655151367,0.0014047622680664062,0.1198573112487793,25,7,0,0,0,16,60,22,10,156,0,668,10182
oliveira/04_11/randm06.02.02.14.020_0030.01.aba.beta,True,9,6,0.0203249454498291,0.11946320533752441,0.001382589340209961,0.14117074012756348,29,9,0,0,0,19,41,25,11,156,0,624,9314
oliveira/04_11/randm06.02.02.14.020_0030.02.aba.beta,True,9,6,0.01853799819946289,0.09015727043151855,0.0013911724090576172,0.11008644104003906,25,9,0,0,0,15,30,22,7,123,0,644,9463
oliveira/04_11/randm06.02.02.14.020_0030.03.aba.beta,True,8,6,0.020934581756591797,0.13588237762451172,0.0013699531555175781,0.1581869125366211,30,8,0,0,0,21,48,27,14,154,0,641,9662
oliveira/04_11/randm06.02.02.14.020_0030.04.aba.beta,True,9,6,0.02090287208557129,0.1431736946105957,0.0016367435455322266,0.16571331024169922,31,9,0,0,0,21,64,28,13,213,0,736,11002
oliveira/04_11/randm06.02.02.14.020_0030.05.aba.beta,True,10,6,0.020836353302001953,0.17108774185180664,0.0017435550689697266,0.19366765022277832,32,10,0,0,0,22,75,30,13,199,0,857,12750
oliveira/04_11/randm06.02.02.15.020_0030.01.aba.beta,True,11,5,0.019808053970336914,0.16904544830322266,0.0014100074768066406,0.1902635097503662,33,11,0,0,0,27,64,22,17,206,0,696,10124
oliveira/04_11/randm06.02.02.15.020_0030.02.aba.beta,True,7,5,0.016344070434570312,0.07052135467529297,0.001581430435180664,0.08844685554504395,23,7,0,0,0,12,52,21,6,146,0,745,11277
oliveira/04_11/randm06.02.02.15.020_0030.03.aba.beta,True,6,5,0.010163068771362305,0.035483598709106445,0.0013341903686523438,0.046980857849121094,17,6,0,0,0,8,27,17,3,74,0,637,9689
oliveira/04_11/randm06.02.02.15.020_0030.04.aba.beta,True,8,5,0.016988515853881836,0.10896921157836914,0.001390218734741211,0.1273479461669922,24,8,0,0,0,18,38,22,11,163,0,658,9668
oliveira/04_11/randm06.02.02.15.020_0030.05.aba.beta,True,12,5,0.02246570587158203,0.15851044654846191,0.0016391277313232422,0.1826152801513672,32,12,0,0,0,22,57,25,11,261,0,787,11457
oliveira/04_11/randm06.02.02.16.020_0030.01.aba.beta,True,3,3,0.003704547882080078,0.011728525161743164,0.0011348724365234375,0.01656794548034668,9,3,0,0,0,4,10,9,2,19,0,535,8528
oliveira/04_11/randm06.02.02.16.020_0030.02.aba.beta,True,4,3,0.005397319793701172,0.017650127410888672,0.0011930465698242188,0.024240493774414062,10,4,0,0,0,5,15,10,2,36,0,566,8730
oliveira/04_11/randm06.02.02.16.020_0030.03.aba.beta,True,2,3,0.0025281906127929688,0.0064351558685302734,0.0017669200897216797,0.010730266571044922,7,2,0,0,0,2,7,7,1,10,0,837,13591
oliveira/04_11/randm06.02.02.16.020_0030.04.aba.beta,True,2,3,0.0022330284118652344,0.0059697628021240234,0.001758575439453125,0.009961366653442383,7,2,0,0,0,2,7,7,1,10,0,838,13337
oliveira/04_11/randm06.02.02.16.020_0030.05.aba.beta,True,3,3,0.0040318965911865234,0.012474775314331055,0.001094818115234375,0.017601490020751953,9,3,0,0,0,4,12,9,2,23,0,558,8671
oliveira/04_11/randm06.02.02.17.020_0030.01.aba.beta,True,5,4,0.010126113891601562,0.025937318801879883,0.0012197494506835938,0.03728318214416504,13,5,0,0,0,7,17,13,3,48,0,571,8751
oliveira/04_11/randm06.02.02.17.020_0030.02.aba.beta,True,6,4,0.008511781692504883,0.031716346740722656,0.0013065338134765625,0.0415346622467041,14,6,0,0,0,8,21,14,3,54,0,612,9216
oliveira/04_11/randm06.02.02.17.020_0030.03.aba.beta,True,6,4,0.008485555648803711,0.03814339637756348,0.0012958049774169922,0.04792475700378418,14,6,0,0,0,8,25,14,3,75,0,599,9015
oliveira/04_11/randm06.02.02.17.020_0030.04.aba.beta,True,6,4,0.008700847625732422,0.029969215393066406,0.0012633800506591797,0.03993344306945801,15,6,0,0,0,8,17,15,3,48,0,566,8685
oliveira/04_11/randm06.02.02.17.020_0030.05.aba.beta,True,7,4,0.009721040725708008,0.02718353271484375,0.0012714862823486328,0.03817605972290039,13,7,0,0,0,7,20,13,1,49,0,575,8747
oliveira/04_11/randm06.02.02.18.020_0030.01.aba.beta,True,12,6,0.022930145263671875,0.12702655792236328,0.0014281272888183594,0.15138483047485352,29,12,0,0,0,19,42,27,8,184,0,711,10196
oliveira/04_11/randm06.02.02.18.020_0030.02.aba.beta,True,10,6,0.023129701614379883,0.09418749809265137,0.0012886524200439453,0.1186058521270752,27,10,0,0,0,16,44,22,7,142,0,625,9268
oliveira/04_11/randm06.02.02.18.020_0030.03.aba.beta,True,17,6,0.033080101013183594,0.17190933227539062,0.0019125938415527344,0.20690202713012695,32,17,0,0,0,23,61,28,7,281,0,965,13899
oliveira/04_11/randm06.02.02.18.020_0030.04.aba.beta,True,11,6,0.023153066635131836,0.09941625595092773,0.0017766952514648438,0.12434601783752441,26,11,0,0,0,17,51,23,7,150,0,819,12261
oliveira/04_11/randm06.02.02.18.020_0030.05.aba.beta,True,14,6,0.029204607009887695,0.14887094497680664,0.0016603469848632812,0.17973589897155762,30,14,0,0,0,23,63,28,10,221,0,771,11122
oliveira/04_11/randm06.02.02.19.020_0030.01.aba.beta,True,1,1,0.0010743141174316406,0.001802682876586914,0.0011327266693115234,0.004009723663330078,3,1,0,0,0,1,3,3,1,2,0,533,8572
oliveira/04_11/randm06.02.02.19.020_0030.02.aba.beta,True,1,1,0.0008184909820556641,0.0020301342010498047,0.0011293888092041016,0.00397801399230957,3,1,0,0,0,1,3,3,1,2,0,537,8597
oliveira/04_11/randm06.02.02.19.020_0030.03.aba.beta,True,1,1,0.0008244514465332031,0.00202178955078125,0.0011260509490966797,0.003972291946411133,3,1,0,0,0,1,3,3,1,2,0,533,8578
oliveira/04_11/randm06.02.02.19.020_0030.04.aba.beta,True,1,1,0.0011749267578125,0.0017511844635009766,0.0011055469512939453,0.004031658172607422,3,1,0,0,0,1,3,3,1,2,0,523,8524
oliveira/04_11/randm06.02.02.19.020_0030.05.aba.beta,True,1,1,0.0009434223175048828,0.001621246337890625,0.0012047290802001953,0.003769397735595703,3,1,0,0,0,1,3,3,1,2,0,525,8527
oliveira/04_11/randm07.02.02.01.020_0030.01.aba.beta,True,1,1,0.0008544921875,0.001943826675415039,0.001255035400390625,0.004053354263305664,3,1,0,0,0,1,3,3,1,2,0,529,8553
oliveira/04_11/randm07.02.02.01.020_0030.02.aba.beta,True,1,1,0.0008094310760498047,0.0021352767944335938,0.001435995101928711,0.004380702972412109,3,1,0,0,0,1,3,3,1,2,0,526,8542
oliveira/04_11/randm07.02.02.01.020_0030.03.aba.beta,True,1,1,0.003209352493286133,0.0018341541290283203,0.0010595321655273438,0.006103038787841797,3,1,0,0,0,1,3,3,1,2,0,531,8553
oliveira/04_11/randm07.02.02.01.020_0030.04.aba.beta,True,1,1,0.0007586479187011719,0.0017695426940917969,0.0010900497436523438,0.0036182403564453125,3,1,0,0,0,1,3,3,1,2,0,530,8550
oliveira/04_11/randm07.02.02.01.020_0030.05.aba.beta,True,1,1,0.0007786750793457031,0.0018477439880371094,0.001142263412475586,0.0037686824798583984,3,1,0,0,0,1,3,3,1,2,0,540,8609
oliveira/04_11/randm07.02.02.02.020_0030.01.aba.beta,True,1,1,0.0007500648498535156,0.0018658638000488281,0.0011379718780517578,0.0037539005279541016,3,1,0,0,0,1,3,3,1,2,0,535,8587
oliveira/04_11/randm07.02.02.02.020_0030.02.aba.beta,True,1,1,0.0007159709930419922,0.002032041549682617,0.0017137527465820312,0.004461765289306641,3,1,0,0,0,1,3,3,1,2,0,538,8598
oliveira/04_11/randm07.02.02.02.020_0030.03.aba.beta,True,1,1,0.0008215904235839844,0.0024194717407226562,0.0014030933380126953,0.004644155502319336,3,1,0,0,0,1,3,3,1,2,0,533,8583
oliveira/04_11/randm07.02.02.02.020_0030.04.aba.beta,True,1,1,0.0007872581481933594,0.0018854141235351562,0.0012836456298828125,0.003956317901611328,3,1,0,0,0,1,3,3,1,2,0,521,8515
oliveira/04_11/randm07.02.02.02.020_0030.05.aba.beta,True,1,1,0.0007691383361816406,0.0017693042755126953,0.0010962486267089844,0.0036346912384033203,3,1,0,0,0,1,3,3,1,2,0,531,8576
oliveira/04_11/randm07.02.02.03.020_0030.01.aba.beta,True,11,7,0.03126883506774902,0.23882770538330078,0.0014388561248779297,0.27153539657592773,39,11,0,0,0,36,52,34,26,239,0,673,9775
oliveira/04_11/randm07.02.02.03.020_0030.02.aba.beta,True,14,7,0.03755927085876465,0.26761770248413086,0.0013897418975830078,0.3065667152404785,40,14,0,0,0,37,44,33,24,282,0,718,9940
oliveira/04_11/randm07.02.02.03.020_0030.03.aba.beta,True,19,7,0.10119009017944336,1.8244154453277588,0.001913309097290039,1.9275188446044922,94,19,0,0,0,133,118,51,115,612,0,844,11782
oliveira/04_11/randm07.02.02.03.020_0030.04.aba.beta,True,18,7,0.05054044723510742,0.48163557052612305,0.0029129981994628906,0.5350890159606934,51,18,0,0,0,53,77,43,36,389,0,1355,19908
oliveira/04_11/randm07.02.02.03.020_0030.05.aba.beta,True,14,7,0.039328575134277344,0.36232900619506836,0.0016603469848632812,0.403317928314209,47,14,0,0,0,43,76,37,30,280,0,792,11382
oliveira/04_11/randm07.02.02.04.020_0030.01.aba.beta,True,8,4,0.010792732238769531,0.039476633071899414,0.0021653175354003906,0.052434682846069336,15,8,0,0,0,9,24,15,2,54,0,977,15151
oliveira/04_11/randm07.02.02.04.020_0030.02.aba.beta,True,9,4,0.01657581329345703,0.045793771743774414,0.003945589065551758,0.0663151741027832,15,9,0,0,0,10,30,15,2,73,0,1679,26179
oliveira/04_11/randm07.02.02.04.020_0030.03.aba.beta,True,13,4,0.02209019660949707,0.07944273948669434,0.0055544376373291016,0.10708737373352051,19,13,0,0,0,14,45,19,2,101,0,2624,41205
oliveira/04_11/randm07.02.02.04.020_0030.04.aba.beta,True,9,4,0.013407230377197266,0.05870938301086426,0.0019507408142089844,0.07406735420227051,16,9,0,0,0,10,51,16,2,96,0,949,14786
oliveira/04_11/randm07.02.02.04.020_0030.05.aba.beta,True,7,4,0.009371042251586914,0.03432416915893555,0.0013911724090576172,0.04508638381958008,14,7,0,0,0,8,30,14,2,67,0,703,10653
oliveira/04_11/randm07.02.02.05.020_0030.01.aba.beta,True,11,6,0.025154590606689453,0.24114751815795898,0.0016210079193115234,0.26792311668395996,33,11,0,0,0,35,58,28,25,169,0,748,10978
oliveira/04_11/randm07.02.02.05.020_0030.02.aba.beta,True,14,6,0.030473947525024414,0.1829845905303955,0.0017819404602050781,0.215240478515625,33,14,0,0,0,25,63,29,12,205,0,886,12743
oliveira/04_11/randm07.02.02.05.020_0030.03.aba.beta,True,9,6,0.01851820945739746,0.16979718208312988,0.0018224716186523438,0.1901378631591797,31,9,0,0,0,23,78,29,15,204,0,845,12826
oliveira/04_11/randm07.02.02.05.020_0030.04.aba.beta,True,12,6,0.022110939025878906,0.17293405532836914,0.0016188621520996094,0.19666385650634766,33,12,0,0,0,21,50,29,10,213,0,749,10761
oliveira/04_11/randm07.02.02.05.020_0030.05.aba.beta,True,10,6,0.021582841873168945,0.1440417766571045,0.001531839370727539,0.16715645790100098,29,10,0,0,0,23,41,26,14,161,0,728,10622
oliveira/04_11/randm07.02.02.06.020_0030.01.aba.beta,True,6,4,0.007356405258178711,0.029565811157226562,0.001529693603515625,0.0384519100189209,13,6,0,0,0,7,21,13,2,45,0,719,11232
oliveira/04_11/randm07.02.02.06.020_0030.02.aba.beta,True,7,4,0.013425111770629883,0.03710770606994629,0.0016937255859375,0.05222654342651367,15,7,0,0,0,8,27,15,2,75,0,767,11618
oliveira/04_11/randm07.02.02.06.020_0030.03.aba.beta,True,6,4,0.008313417434692383,0.02692270278930664,0.0013756752014160156,0.03661179542541504,13,6,0,0,0,7,18,13,2,39,0,650,9979
oliveira/04_11/randm07.02.02.06.020_0030.04.aba.beta,True,4,4,0.005576133728027344,0.030962705612182617,0.0012340545654296875,0.03777289390563965,14,4,0,0,0,7,22,13,4,58,0,573,8821
oliveira/04_11/randm07.02.02.06.020_0030.05.aba.beta,True,3,4,0.004534721374511719,0.022127151489257812,0.0011675357818603516,0.027829408645629883,13,3,0,0,0,6,17,13,4,39,0,553,8658
oliveira/04_11/randm07.02.02.07.020_0030.01.aba.beta,True,13,6,0.025306224822998047,0.17603111267089844,0.0014646053314208984,0.20280194282531738,33,13,0,0,0,27,52,31,15,211,0,719,10169
oliveira/04_11/randm07.02.02.07.020_0030.02.aba.beta,True,15,6,0.03938627243041992,0.40618228912353516,0.0023958683013916016,0.4479644298553467,51,15,0,0,0,40,76,34,26,318,0,1124,16238
oliveira/04_11/randm07.02.02.07.020_0030.03.aba.beta,True,12,6,0.02789449691772461,0.11047577857971191,0.001527547836303711,0.13989782333374023,27,12,0,0,0,16,43,23,5,166,0,736,10702
oliveira/04_11/randm07.02.02.07.020_0030.04.aba.beta,True,7,6,0.014141559600830078,0.054749488830566406,0.001302480697631836,0.07019352912902832,22,7,0,0,0,11,27,18,5,98,0,585,8814
oliveira/04_11/randm07.02.02.07.020_0030.05.aba.beta,True,14,6,0.026508808135986328,0.19811606407165527,0.001990795135498047,0.22661566734313965,34,14,0,0,0,28,59,32,15,224,0,913,12971
oliveira/04_11/randm07.02.02.08.020_0030.01.aba.beta,True,1,1,0.0008242130279541016,0.0020308494567871094,0.0012018680572509766,0.0040569305419921875,3,1,0,0,0,1,3,3,1,2,0,542,8613
oliveira/04_11/randm07.02.02.08.020_0030.02.aba.beta,True,1,1,0.0008878707885742188,0.0019664764404296875,0.0011563301086425781,0.004010677337646484,3,1,0,0,0,1,3,3,1,2,0,539,8607
oliveira/04_11/randm07.02.02.08.020_0030.03.aba.beta,True,1,1,0.0046863555908203125,0.0018208026885986328,0.0011470317840576172,0.0076541900634765625,3,1,0,0,0,1,3,3,1,2,0,534,8577
oliveira/04_11/randm07.02.02.08.020_0030.04.aba.beta,True,1,1,0.0007953643798828125,0.0018498897552490234,0.0010466575622558594,0.0036919116973876953,3,1,0,0,0,1,3,3,1,2,0,536,8592
oliveira/04_11/randm07.02.02.08.020_0030.05.aba.beta,True,1,1,0.0007762908935546875,0.0018885135650634766,0.0010890960693359375,0.0037539005279541016,3,1,0,0,0,1,3,3,1,2,0,536,8587
oliveira/04_11/randm07.02.02.09.020_0030.01.aba.beta,True,5,3,0.006515979766845703,0.02451491355895996,0.0012743473052978516,0.032305240631103516,11,5,0,0,0,6,26,11,2,57,0,585,8963
oliveira/04_11/randm07.02.02.09.020_0030.02.aba.beta,True,3,3,0.0035123825073242188,0.011847972869873047,0.001146554946899414,0.01650691032409668,9,3,0,0,0,4,10,9,2,19,0,542,8572
oliveira/04_11/randm07.02.02.09.020_0030.03.aba.beta,True,3,3,0.0036072731018066406,0.011968374252319336,0.0012009143829345703,0.016776561737060547,9,3,0,0,0,4,11,9,2,21,0,553,8644
oliveira/04_11/randm07.02.02.09.020_0030.04.aba.beta,True,5,3,0.006346940994262695,0.02364039421081543,0.0012638568878173828,0.03125119209289551,11,5,0,0,0,6,20,11,2,54,0,580,8869
oliveira/04_11/randm07.02.02.09.020_0030.05.aba.beta,True,5,3,0.0058748722076416016,0.02127861976623535,0.0029058456420898438,0.030059337615966797,11,5,0,0,0,6,16,11,2,42,0,567,8722
oliveira/04_11/randm07.02.02.10.020_0030.01.aba.beta,True,1,1,0.0007479190826416016,0.0018014907836914062,0.0011096000671386719,0.0036590099334716797,3,1,0,0,0,1,3,3,1,2,0,537,8599
oliveira/04_11/randm07.02.02.10.020_0030.02.aba.beta,True,1,1,0.005249500274658203,0.0017478466033935547,0.0012595653533935547,0.008256912231445312,3,1,0,0,0,1,3,3,1,2,0,540,8608
oliveira/04_11/randm07.02.02.10.020_0030.03.aba.beta,True,1,1,0.0007450580596923828,0.0018336772918701172,0.0011334419250488281,0.003712177276611328,3,1,0,0,0,1,3,3,1,2,0,527,8497
oliveira/04_11/randm07.02.02.10.020_0030.04.aba.beta,True,1,1,0.0007712841033935547,0.0023415088653564453,0.0012519359588623047,0.004364728927612305,3,1,0,0,0,1,3,3,1,2,0,537,8603
oliveira/04_11/randm07.02.02.10.020_0030.05.aba.beta,True,1,1,0.0007393360137939453,0.0019638538360595703,0.0011332035064697266,0.003836393356323242,3,1,0,0,0,1,3,3,1,2,0,528,8551
oliveira/04_11/randm07.02.02.11.020_0030.01.aba.beta,True,11,5,0.021904945373535156,0.08849906921386719,0.0015861988067626953,0.11199021339416504,23,11,0,0,0,15,55,22,5,116,0,785,11788
oliveira/04_11/randm07.02.02.11.020_0030.02.aba.beta,True,8,5,0.012266159057617188,0.10465669631958008,0.0018396377563476562,0.11876249313354492,25,8,0,0,0,17,41,24,10,118,0,804,12423
oliveira/04_11/randm07.02.02.11.020_0030.03.aba.beta,True,8,5,0.013844728469848633,0.10587334632873535,0.002264738082885742,0.12198281288146973,22,8,0,0,0,13,103,21,6,193,0,962,15166
oliveira/04_11/randm07.02.02.11.020_0030.04.aba.beta,True,8,5,0.012958765029907227,0.07452654838562012,0.001581430435180664,0.08906674385070801,22,8,0,0,0,14,31,20,7,98,0,705,10604
oliveira/04_11/randm07.02.02.11.020_0030.05.aba.beta,True,10,5,0.01574563980102539,0.09023523330688477,0.002029895782470703,0.10801076889038086,22,10,0,0,0,15,59,21,6,169,0,924,13807
oliveira/04_11/randm07.02.02.12.020_0030.01.aba.beta,True,3,3,0.0035583972930908203,0.011589765548706055,0.0011265277862548828,0.016274690628051758,9,3,0,0,0,4,11,9,2,21,0,548,8618
oliveira/04_11/randm07.02.02.12.020_0030.02.aba.beta,True,4,3,0.008070945739746094,0.012648820877075195,0.001184701919555664,0.021904468536376953,9,4,0,0,0,4,12,9,1,21,0,551,8631
oliveira/04_11/randm07.02.02.12.020_0030.03.aba.beta,True,4,3,0.004624605178833008,0.012575864791870117,0.0012054443359375,0.018405914306640625,9,4,0,0,0,4,15,9,1,24,0,550,8641
oliveira/04_11/randm07.02.02.12.020_0030.04.aba.beta,True,3,3,0.0040531158447265625,0.01320791244506836,0.0012099742889404297,0.01847100257873535,9,3,0,0,0,4,19,9,2,30,0,549,8674
oliveira/04_11/randm07.02.02.12.020_0030.05.aba.beta,True,3,3,0.003949880599975586,0.013337135314941406,0.0012712478637695312,0.018558263778686523,9,3,0,0,0,4,15,9,2,29,0,555,8686
oliveira/04_11/randm07.02.02.13.020_0030.01.aba.beta,True,13,7,0.036649465560913086,0.3522510528564453,0.0018150806427001953,0.3907155990600586,50,13,0,0,0,40,72,36,28,337,0,826,11883
oliveira/04_11/randm07.02.02.13.020_0030.02.aba.beta,True,12,7,0.027437448501586914,0.3003218173980713,0.0017867088317871094,0.3295459747314453,35,12,0,0,0,34,65,31,23,287,0,825,12425
oliveira/04_11/randm07.02.02.13.020_0030.03.aba.beta,True,14,7,0.05056500434875488,0.4151735305786133,0.0032269954681396484,0.4689655303955078,44,14,0,0,0,42,93,39,29,285,0,1409,20905
oliveira/04_11/randm07.02.02.13.020_0030.04.aba.beta,True,14,7,0.055991411209106445,0.5068848133087158,0.002205371856689453,0.5650815963745117,52,14,0,0,0,58,81,41,45,363,0,1043,15247
oliveira/04_11/randm07.02.02.13.020_0030.05.aba.beta,True,16,7,0.05535125732421875,0.3068368434906006,0.0017666816711425781,0.3639547824859619,43,16,0,0,0,36,56,40,21,296,0,873,12205
oliveira/04_11/randm07.02.02.14.020_0030.01.aba.beta,True,5,3,0.006345987319946289,0.024780750274658203,0.0013287067413330078,0.0324554443359375,11,5,0,0,0,6,26,11,2,71,0,607,9167
oliveira/04_11/randm07.02.02.14.020_0030.02.aba.beta,True,4,3,0.008545875549316406,0.0174407958984375,0.001188039779663086,0.027174711227416992,10,4,0,0,0,5,15,10,2,34,0,565,8702
oliveira/04_11/randm07.02.02.14.020_0030.03.aba.beta,True,3,3,0.003966569900512695,0.015665054321289062,0.0013666152954101562,0.020998239517211914,9,3,0,0,0,4,26,9,2,51,0,614,9804
oliveira/04_11/randm07.02.02.14.020_0030.04.aba.beta,True,4,3,0.004873991012573242,0.018680572509765625,0.0012001991271972656,0.024754762649536133,10,4,0,0,0,5,27,10,2,49,0,571,8887
oliveira/04_11/randm07.02.02.14.020_0030.05.aba.beta,True,3,3,0.003920555114746094,0.01386880874633789,0.0013151168823242188,0.019104480743408203,9,3,0,0,0,4,36,9,2,43,0,602,9482
oliveira/04_11/randm07.02.02.15.020_0030.01.aba.beta,True,13,7,0.03502011299133301,0.1858506202697754,0.0016903877258300781,0.22256112098693848,36,13,0,0,0,23,61,31,11,227,0,775,11098
oliveira/04_11/randm07.02.02.15.020_0030.02.aba.beta,True,11,7,0.04002785682678223,0.6867413520812988,0.0017209053039550781,0.7284901142120361,53,11,0,0,0,72,81,42,62,321,0,772,11433
oliveira/04_11/randm07.02.02.15.020_0030.03.aba.beta,True,15,7,0.04105997085571289,0.49744105339050293,0.0029065608978271484,0.541407585144043,51,15,0,0,0,52,104,46,38,374,0,1328,19880
oliveira/04_11/randm07.02.02.15.020_0030.04.aba.beta,True,13,7,0.03988146781921387,0.18358683586120605,0.0017473697662353516,0.22521567344665527,36,13,0,0,0,26,70,33,14,207,0,810,11745
oliveira/04_11/randm07.02.02.15.020_0030.05.aba.beta,True,18,7,0.058428049087524414,1.0816168785095215,0.003105640411376953,1.1431505680084229,63,18,0,0,0,72,105,43,55,413,0,1398,20777
oliveira/04_11/randm07.02.02.16.020_0030.01.aba.beta,True,7,4,0.021639347076416016,0.04618096351623535,0.002009868621826172,0.06983017921447754,17,7,0,0,0,10,35,17,4,107,0,953,14628
oliveira/04_11/randm07.02.02.16.020_0030.02.aba.beta,True,6,4,0.00833892822265625,0.039737701416015625,0.0019235610961914062,0.05000019073486328,17,6,0,0,0,10,21,17,5,62,0,894,13896
oliveira/04_11/randm07.02.02.16.020_0030.03.aba.beta,True,5,4,0.0072803497314453125,0.02680349349975586,0.0018703937530517578,0.03595423698425293,12,5,0,0,0,7,15,11,3,30,0,834,13303
oliveira/04_11/randm07.02.02.16.020_0030.04.aba.beta,True,7,4,0.010014533996582031,0.05722761154174805,0.0017309188842773438,0.06897306442260742,17,7,0,0,0,11,35,17,5,93,0,820,12465
oliveira/04_11/randm07.02.02.16.020_0030.05.aba.beta,True,6,4,0.008347511291503906,0.038697242736816406,0.0020630359649658203,0.04910778999328613,17,6,0,0,0,10,22,16,5,62,0,942,14748
oliveira/04_11/randm07.02.02.17.020_0030.01.aba.beta,True,13,6,0.027191877365112305,0.32193470001220703,0.002080202102661133,0.35120677947998047,39,13,0,0,0,34,94,33,22,280,0,968,14250
oliveira/04_11/randm07.02.02.17.020_0030.02.aba.beta,True,11,6,0.0338597297668457,0.27916479110717773,0.0016810894012451172,0.31470561027526855,41,11,0,0,0,33,78,36,23,275,0,763,11200
oliveira/04_11/randm07.02.02.17.020_0030.03.aba.beta,True,11,6,0.023943662643432617,0.15782952308654785,0.0017156600952148438,0.1834888458251953,29,11,0,0,0,22,79,27,12,210,0,812,11838
oliveira/04_11/randm07.02.02.17.020_0030.04.aba.beta,True,13,6,0.037630558013916016,0.34381794929504395,0.0018968582153320312,0.383345365524292,39,13,0,0,0,34,93,33,22,294,0,878,12860
oliveira/04_11/randm07.02.02.17.020_0030.05.aba.beta,True,10,6,0.03586769104003906,0.20236873626708984,0.0018968582153320312,0.24013328552246094,36,10,0,0,0,25,81,31,16,242,0,868,12805
oliveira/04_11/randm07.02.02.18.020_0030.01.aba.beta,True,23,7,0.06287980079650879,0.7718183994293213,0.0036554336547851562,0.8383536338806152,61,23,0,0,0,54,138,50,32,522,0,1646,24084
oliveira/04_11/randm07.02.02.18.020_0030.02.aba.beta,True,13,7,0.03985142707824707,0.6661083698272705,0.0020782947540283203,0.7080380916595459,55,13,0,0,0,52,92,41,40,390,0,964,14395
oliveira/04_11/randm07.02.02.18.020_0030.03.aba.beta,True,17,7,0.06487154960632324,0.8722200393676758,0.003186464309692383,0.9402780532836914,59,17,0,0,0,60,142,39,44,471,0,1484,22077
oliveira/04_11/randm07.02.02.18.020_0030.04.aba.beta,True,21,7,0.06509184837341309,0.9329409599304199,0.0029914379119873047,1.0010242462158203,50,21,0,0,0,53,106,39,33,388,0,1414,20449
oliveira/04_11/randm07.02.02.18.020_0030.05.aba.beta,True,29,7,0.2037665843963623,3.371860980987549,0.004948139190673828,3.580575704574585,90,29,0,0,0,171,174,58,143,760,0,2273,32716
oliveira/04_11/randm07.02.02.19.020_0030.01.aba.beta,True,10,5,0.015433788299560547,0.08857846260070801,0.0013549327850341797,0.10536718368530273,24,10,0,0,0,16,52,23,7,139,0,693,10203
oliveira/04_11/randm07.02.02.19.020_0030.02.aba.beta,True,11,5,0.02507948875427246,0.16882991790771484,0.0014843940734863281,0.19539380073547363,31,11,0,0,0,24,58,26,14,213,0,716,10597
oliveira/04_11/randm07.02.02.19.020_0030.03.aba.beta,True,5,5,0.009594440460205078,0.09271430969238281,0.0015943050384521484,0.10390305519104004,25,5,0,0,0,17,53,25,13,109,0,724,11191
oliveira/04_11/randm07.02.02.19.020_0030.04.aba.beta,True,11,5,0.02242875099182129,0.13606882095336914,0.001560211181640625,0.16005778312683105,31,11,0,0,0,23,69,28,13,213,0,781,11455
oliveira/04_11/randm07.02.02.19.020_0030.05.aba.beta,True,5,5,0.00917363166809082,0.09382033348083496,0.0014820098876953125,0.1044759750366211,25,5,0,0,0,17,37,23,13,98,0,685,10532
oliveira/04_11/randm08.02.02.01.020_0030.01.aba.beta,True,15,7,0.0404057502746582,0.4766526222229004,0.0016260147094726562,0.5186843872070312,55,15,0,0,0,52,80,43,38,313,0,796,11195
oliveira/04_11/randm08.02.02.01.020_0030.02.aba.beta,True,18,7,0.05012774467468262,0.5953032970428467,0.0026662349700927734,0.6480972766876221,58,18,0,0,0,54,107,47,37,415,0,1204,17559
oliveira/04_11/randm08.02.02.01.020_0030.03.aba.beta,True,12,7,0.03397798538208008,0.4338545799255371,0.0013930797576904297,0.4692256450653076,51,12,0,0,0,50,72,42,39,276,0,699,10005
oliveira/04_11/randm08.02.02.01.020_0030.04.aba.beta,True,21,7,0.05879473686218262,0.5146842002868652,0.0028913021087646484,0.5763702392578125,54,21,0,0,0,48,103,48,28,445,0,1388,19963
oliveira/04_11/randm08.02.02.01.020_0030.05.aba.beta,True,17,7,0.054273128509521484,0.5803611278533936,0.002077817916870117,0.6367120742797852,59,17,0,0,0,59,104,44,43,394,0,1018,14551
oliveira/04_11/randm08.02.02.02.020_0030.01.aba.beta,True,15,6,0.0327150821685791,0.39373779296875,0.0016026496887207031,0.4280555248260498,45,15,0,0,0,50,62,35,36,292,0,788,11087
oliveira/04_11/randm08.02.02.02.020_0030.02.aba.beta,True,16,6,0.03213310241699219,0.17482566833496094,0.0016815662384033203,0.20864033699035645,34,16,0,0,0,26,45,29,11,291,0,772,11009
oliveira/04_11/randm08.02.02.02.020_0030.03.aba.beta,True,9,6,0.02082538604736328,0.2205181121826172,0.0013275146484375,0.24267101287841797,39,9,0,0,0,33,47,28,25,188,0,622,9120
oliveira/04_11/randm08.02.02.02.020_0030.04.aba.beta,True,9,6,0.023260831832885742,0.31505632400512695,0.0013382434844970703,0.33965539932250977,41,9,0,0,0,45,45,30,37,179,0,603,8892
oliveira/04_11/randm08.02.02.02.020_0030.05.aba.beta,True,17,6,0.030371665954589844,0.21181845664978027,0.0018603801727294922,0.2440505027770996,35,17,0,0,0,28,57,30,12,291,0,840,11689
oliveira/04_11/randm08.02.02.03.020_0030.01.aba.beta,True,5,7,0.019242525100708008,0.25770092010498047,0.0012614727020263672,0.27820491790771484,34,5,0,0,0,36,42,29,32,133,0,596,9187
oliveira/04_11/randm08.02.02.03.020_0030.02.aba.beta,True,14,7,0.04184103012084961,0.5114071369171143,0.0019545555114746094,0.5552027225494385,45,14,0,0,0,50,104,40,37,312,0,932,13581
oliveira/04_11/randm08.02.02.03.020_0030.03.aba.beta,True,11,7,0.09382081031799316,1.4244358539581299,0.00213623046875,1.520392894744873,68,11,0,0,0,125,88,45,115,380,0,987,14776
oliveira/04_11/randm08.02.02.03.020_0030.04.aba.beta,True,13,7,0.09811806678771973,1.557180643081665,0.001527547836303711,1.6568262577056885,64,13,0,0,0,130,97,40,118,426,0,732,10518
oliveira/04_11/randm08.02.02.03.020_0030.05.aba.beta,True,13,7,0.060834646224975586,1.0221011638641357,0.0015146732330322266,1.0844504833221436,60,13,0,0,0,105,82,40,93,365,0,726,10295
oliveira/04_11/randm08.02.02.04.020_0030.01.aba.beta,True,6,6,0.013135194778442383,0.12402939796447754,0.0014760494232177734,0.1386406421661377,28,6,0,0,0,22,54,25,17,130,0,650,9907
oliveira/04_11/randm08.02.02.04.020_0030.02.aba.beta,True,12,6,0.02286815643310547,0.20487761497497559,0.0015604496002197266,0.22930622100830078,34,12,0,0,0,28,52,27,17,194,0,716,10378
oliveira/04_11/randm08.02.02.04.020_0030.03.aba.beta,True,10,6,0.02183842658996582,0.175368070602417,0.0017054080963134766,0.1989119052886963,33,10,0,0,0,28,74,32,19,182,0,730,10851
oliveira/04_11/randm08.02.02.04.020_0030.04.aba.beta,True,5,6,0.010298490524291992,0.09990835189819336,0.0013263225555419922,0.11153316497802734,25,5,0,0,0,18,43,23,14,114,0,597,9135
oliveira/04_11/randm08.02.02.04.020_0030.05.aba.beta,True,15,6,0.034297943115234375,0.29262256622314453,0.0019791126251220703,0.328899621963501,37,15,0,0,0,33,77,32,19,252,0,914,13165
oliveira/04_11/randm08.02.02.05.020_0030.01.aba.beta,True,5,5,0.008396387100219727,0.05123400688171387,0.0013973712921142578,0.06102776527404785,18,5,0,0,0,11,27,18,7,61,0,621,9592
oliveira/04_11/randm08.02.02.05.020_0030.02.aba.beta,True,3,5,0.008961200714111328,0.035002708435058594,0.0011639595031738281,0.04512786865234375,17,3,0,0,0,9,23,17,7,58,0,560,8713
oliveira/04_11/randm08.02.02.05.020_0030.03.aba.beta,True,5,5,0.014740705490112305,0.07872748374938965,0.0013420581817626953,0.09481024742126465,23,5,0,0,0,14,47,22,10,114,0,655,10062
oliveira/04_11/randm08.02.02.05.020_0030.04.aba.beta,True,4,5,0.007635593414306641,0.08142948150634766,0.001271963119506836,0.09033703804016113,22,4,0,0,0,14,33,20,11,91,0,578,8897
oliveira/04_11/randm08.02.02.05.020_0030.05.aba.beta,True,5,5,0.012824058532714844,0.04976534843444824,0.001752614974975586,0.06434202194213867,19,5,0,0,0,11,33,17,7,104,0,611,9217
oliveira/04_11/randm08.02.02.06.020_0030.01.aba.beta,True,14,8,0.058248281478881836,0.8491990566253662,0.0014705657958984375,0.9089179039001465,48,14,0,0,0,80,70,40,67,316,0,759,10766
oliveira/04_11/randm08.02.02.06.020_0030.02.aba.beta,True,20,8,0.07006692886352539,0.9227814674377441,0.002351999282836914,0.9952003955841064,58,20,0,0,0,77,78,49,58,434,0,1095,15558
oliveira/04_11/randm08.02.02.06.020_0030.03.aba.beta,True,20,8,0.07056307792663574,0.9659943580627441,0.002087831497192383,1.0386452674865723,61,20,0,0,0,89,85,48,70,462,0,986,13884
oliveira/04_11/randm08.02.02.06.020_0030.04.aba.beta,True,17,8,0.055644989013671875,0.8154401779174805,0.0017292499542236328,0.872814416885376,49,17,0,0,0,76,66,42,60,338,0,824,11473
oliveira/04_11/randm08.02.02.06.020_0030.05.aba.beta,True,22,8,0.14494848251342773,2.655717134475708,0.002112865447998047,2.802778482437134,105,22,0,0,0,184,127,53,163,707,0,1005,13835
oliveira/04_11/randm08.02.02.07.020_0030.01.aba.beta,True,1,1,0.0015208721160888672,0.0019011497497558594,0.0013191699981689453,0.004741191864013672,3,1,0,0,0,1,3,3,1,2,0,536,8587
oliveira/04_11/randm08.02.02.07.020_0030.02.aba.beta,True,1,1,0.0010476112365722656,0.001992464065551758,0.001096487045288086,0.004136562347412109,3,1,0,0,0,1,3,3,1,2,0,524,8514
oliveira/04_11/randm08.02.02.07.020_0030.03.aba.beta,True,1,1,0.0007441043853759766,0.002065896987915039,0.0011649131774902344,0.00397491455078125,3,1,0,0,0,1,3,3,1,2,0,519,8504
oliveira/04_11/randm08.02.02.07.020_0030.04.aba.beta,True,1,1,0.0008671283721923828,0.0021126270294189453,0.0010614395141601562,0.004041194915771484,3,1,0,0,0,1,3,3,1,2,0,539,8604
oliveira/04_11/randm08.02.02.07.020_0030.05.aba.beta,True,1,1,0.0008664131164550781,0.0020394325256347656,0.0014445781707763672,0.004350423812866211,3,1,0,0,0,1,3,3,1,2,0,530,8566
oliveira/04_11/randm08.02.02.08.020_0030.01.aba.beta,True,14,6,0.07420539855957031,1.7690730094909668,0.0020558834075927734,1.8453342914581299,80,14,0,0,0,120,115,59,107,459,0,950,13647
oliveira/04_11/randm08.02.02.08.020_0030.02.aba.beta,True,18,6,0.11367487907409668,2.281224489212036,0.002633333206176758,2.3975327014923096,96,18,0,0,0,139,153,57,122,650,0,1172,17320
oliveira/04_11/randm08.02.02.08.020_0030.03.aba.beta,True,15,6,0.03637552261352539,0.335113525390625,0.0022614002227783203,0.3737504482269287,39,15,0,0,0,43,75,33,29,294,0,1061,15744
oliveira/04_11/randm08.02.02.08.020_0030.04.aba.beta,True,7,6,0.05647730827331543,1.4148318767547607,0.0014500617980957031,1.4727592468261719,69,7,0,0,0,105,88,54,99,336,0,658,9721
oliveira/04_11/randm08.02.02.08.020_0030.05.aba.beta,True,11,6,0.04286336898803711,0.7946600914001465,0.002201557159423828,0.8397250175476074,61,11,0,0,0,82,97,38,72,389,0,961,14308
oliveira/04_11/randm08.02.02.09.020_0030.01.aba.beta,True,14,7,0.037874460220336914,0.40869736671447754,0.0031287670135498047,0.44970059394836426,52,14,0,0,0,47,69,41,34,272,0,1418,21366
oliveira/04_11/randm08.02.02.09.020_0030.02.aba.beta,True,19,7,0.062009334564208984,0.7529644966125488,0.004349470138549805,0.8193233013153076,61,19,0,0,0,61,178,51,43,483,0,1963,29968
oliveira/04_11/randm08.02.02.09.020_0030.03.aba.beta,True,18,7,0.0633249282836914,0.7480432987213135,0.003092050552368164,0.814460277557373,63,18,0,0,0,70,109,44,53,382,0,1420,21114
oliveira/04_11/randm08.02.02.09.020_0030.04.aba.beta,True,21,7,0.07818078994750977,0.6878848075866699,0.004021883010864258,0.770087480545044,63,21,0,0,0,60,129,49,40,447,0,1802,26578
oliveira/04_11/randm08.02.02.09.020_0030.05.aba.beta,True,10,7,0.030618667602539062,0.39368605613708496,0.0026197433471679688,0.426924467086792,51,10,0,0,0,50,66,37,41,239,0,1169,17956
oliveira/04_11/randm08.02.02.10.020_0030.01.aba.beta,True,29,7,0.08115696907043457,0.6169230937957764,0.00411534309387207,0.702195405960083,54,29,0,0,0,53,130,45,25,551,0,1942,28039
oliveira/04_11/randm08.02.02.10.020_0030.02.aba.beta,True,17,7,0.04173922538757324,0.5065271854400635,0.003541707992553711,0.5518081188201904,43,17,0,0,0,43,92,35,27,385,0,1503,22636
oliveira/04_11/randm08.02.02.10.020_0030.03.aba.beta,True,13,7,0.04546046257019043,0.5080544948577881,0.0021882057189941406,0.5557031631469727,49,13,0,0,0,45,98,42,33,337,0,998,14509
oliveira/04_11/randm08.02.02.10.020_0030.04.aba.beta,True,21,7,0.05979752540588379,0.679755687713623,0.005528688430786133,0.745081901550293,57,21,0,0,0,53,125,49,33,401,0,2417,36434
oliveira/04_11/randm08.02.02.10.020_0030.05.aba.beta,True,17,7,0.0416262149810791,0.48396801948547363,0.0051326751708984375,0.5307269096374512,43,17,0,0,0,43,134,38,27,346,0,2249,35308
oliveira/04_11/randm08.02.02.11.020_0030.01.aba.beta,True,31,8,0.6933760643005371,7.271224498748779,0.004296064376831055,7.9688966274261475,127,31,0,0,0,375,165,62,345,1041,0,1967,28032
oliveira/04_11/randm08.02.02.11.020_0030.02.aba.beta,True,28,8,0.07934117317199707,0.8681285381317139,0.006588459014892578,0.9540581703186035,58,28,0,0,0,53,77,42,26,427,0,3075,47115
oliveira/04_11/randm08.02.02.11.020_0030.03.aba.beta,True,20,8,0.08389782905578613,0.9618370532989502,0.002876758575439453,1.0486116409301758,69,20,0,0,0,82,99,50,63,490,0,1350,20032
oliveira/04_11/randm08.02.02.11.020_0030.04.aba.beta,True,16,8,0.05299806594848633,0.6763062477111816,0.0040130615234375,0.7333173751831055,57,16,0,0,0,64,83,48,49,364,0,1764,26331
oliveira/04_11/randm08.02.02.11.020_0030.05.aba.beta,True,22,8,0.07732868194580078,0.875823974609375,0.0037796497344970703,0.9569323062896729,63,22,0,0,0,67,94,47,46,466,0,1788,26142
oliveira/04_11/randm08.02.02.12.020_0030.01.aba.beta,True,8,5,0.019211292266845703,0.0702981948852539,0.001828908920288086,0.0913383960723877,20,8,0,0,0,11,64,19,4,129,0,790,12015
oliveira/04_11/randm08.02.02.12.020_0030.02.aba.beta,True,7,5,0.014731407165527344,0.10715293884277344,0.002218961715698242,0.12410330772399902,21,7,0,0,0,16,63,21,10,130,0,945,14677
oliveira/04_11/randm08.02.02.12.020_0030.03.aba.beta,True,6,5,0.010772228240966797,0.12526917457580566,0.002214193344116211,0.13825559616088867,20,6,0,0,0,15,101,20,10,137,0,1025,15801
oliveira/04_11/randm08.02.02.12.020_0030.04.aba.beta,True,9,5,0.013510704040527344,0.07333111763000488,0.0019359588623046875,0.08877778053283691,18,9,0,0,0,10,70,17,2,126,0,889,13426
oliveira/04_11/randm08.02.02.12.020_0030.05.aba.beta,True,5,5,0.011199474334716797,0.14347553253173828,0.001573801040649414,0.1562488079071045,27,5,0,0,0,21,51,25,17,127,0,683,10479
oliveira/04_11/randm08.02.02.13.020_0030.01.aba.beta,True,31,8,0.23174500465393066,5.136327028274536,0.0038022994995117188,5.3718743324279785,90,31,0,0,0,184,128,62,154,762,0,1711,24253
oliveira/04_11/randm08.02.02.13.020_0030.02.aba.beta,True,41,8,0.17154431343078613,2.926382064819336,0.005822181701660156,3.1037485599517822,91,41,0,0,0,118,163,71,78,761,0,2719,39091
oliveira/04_11/randm08.02.02.13.020_0030.03.aba.beta,True,30,8,0.23531055450439453,4.740128755569458,0.006212711334228516,4.981652021408081,95,30,0,0,0,196,167,62,167,734,0,2626,38985
oliveira/04_11/randm08.02.02.13.020_0030.04.aba.beta,True,25,8,0.13387036323547363,3.4042632579803467,0.004233121871948242,3.5423667430877686,69,25,0,0,0,137,158,61,113,590,0,1876,27505
oliveira/04_11/randm08.02.02.13.020_0030.05.aba.beta,True,29,8,0.1622297763824463,2.853444814682007,0.004112958908081055,3.019787549972534,85,29,0,0,0,127,152,61,99,656,0,1915,27934
oliveira/04_11/randm08.02.02.14.020_0030.01.aba.beta,True,18,6,0.04533958435058594,0.5847797393798828,0.003455638885498047,0.6335749626159668,44,18,0,0,0,42,130,42,25,401,0,1527,22672
oliveira/04_11/randm08.02.02.14.020_0030.02.aba.beta,True,19,6,0.047283172607421875,0.3087286949157715,0.0027923583984375,0.35880422592163086,36,19,0,0,0,32,101,35,14,335,0,1279,18688
oliveira/04_11/randm08.02.02.14.020_0030.03.aba.beta,True,17,6,0.04583573341369629,0.28669214248657227,0.0038230419158935547,0.3363509178161621,35,17,0,0,0,27,116,34,11,318,0,1738,26519
oliveira/04_11/randm08.02.02.14.020_0030.04.aba.beta,True,19,6,0.05100059509277344,0.5265998840332031,0.004033565521240234,0.5816340446472168,49,19,0,0,0,45,133,42,27,421,0,1823,28191
oliveira/04_11/randm08.02.02.14.020_0030.05.aba.beta,True,22,6,0.04546046257019043,0.5686118602752686,0.003381013870239258,0.6174533367156982,48,22,0,0,0,45,129,43,24,430,0,1530,22084
oliveira/04_11/randm08.02.02.15.020_0030.01.aba.beta,True,13,5,0.026615142822265625,0.13093209266662598,0.0018491744995117188,0.15939640998840332,28,13,0,0,0,20,73,27,8,215,0,910,13352
oliveira/04_11/randm08.02.02.15.020_0030.02.aba.beta,True,7,5,0.012180805206298828,0.08647441864013672,0.0017557144165039062,0.10041093826293945,21,7,0,0,0,13,60,19,7,124,0,792,12174
oliveira/04_11/randm08.02.02.15.020_0030.03.aba.beta,True,9,5,0.02595829963684082,0.10230183601379395,0.0015339851379394531,0.12979412078857422,23,9,0,0,0,15,50,22,7,146,0,709,10372
oliveira/04_11/randm08.02.02.15.020_0030.04.aba.beta,True,16,5,0.028359651565551758,0.2589859962463379,0.0025243759155273438,0.289870023727417,37,16,0,0,0,28,116,31,13,331,0,1198,17970
oliveira/04_11/randm08.02.02.15.020_0030.05.aba.beta,True,16,5,0.027803421020507812,0.19246721267700195,0.0035037994384765625,0.22377443313598633,34,16,0,0,0,24,130,33,9,264,0,1608,24258
oliveira/04_11/randm08.02.02.16.020_0030.01.aba.beta,True,8,5,0.01586318016052246,0.13874363899230957,0.0015637874603271484,0.15617060661315918,30,8,0,0,0,22,51,26,15,157,0,715,10674
oliveira/04_11/randm08.02.02.16.020_0030.02.aba.beta,True,12,5,0.026839017868041992,0.19414615631103516,0.0015087127685546875,0.22249388694763184,35,12,0,0,0,26,58,28,15,194,0,713,10380
oliveira/04_11/randm08.02.02.16.020_0030.03.aba.beta,True,10,5,0.017716169357299805,0.15531396865844727,0.0019452571868896484,0.17497539520263672,28,10,0,0,0,22,83,28,13,205,0,903,13617
oliveira/04_11/randm08.02.02.16.020_0030.04.aba.beta,True,7,5,0.024927139282226562,0.12225961685180664,0.0016217231750488281,0.14880847930908203,25,7,0,0,0,19,64,24,13,136,0,752,11441
oliveira/04_11/randm08.02.02.16.020_0030.05.aba.beta,True,7,5,0.01675128936767578,0.12927031517028809,0.0019156932830810547,0.14793729782104492,25,7,0,0,0,19,77,25,13,159,0,848,13142
oliveira/04_11/randm08.02.02.17.020_0030.01.aba.beta,True,13,6,0.03220820426940918,0.19148039817810059,0.0017087459564208984,0.22539734840393066,33,13,0,0,0,27,62,28,15,213,0,780,11227
oliveira/04_11/randm08.02.02.17.020_0030.02.aba.beta,True,14,6,0.0251157283782959,0.14502239227294922,0.0019464492797851562,0.17208456993103027,28,14,0,0,0,18,58,24,5,256,0,891,13043
oliveira/04_11/randm08.02.02.17.020_0030.03.aba.beta,True,13,6,0.025626420974731445,0.17091083526611328,0.0017955303192138672,0.1983327865600586,30,13,0,0,0,21,72,26,9,212,0,830,12322
oliveira/04_11/randm08.02.02.17.020_0030.04.aba.beta,True,12,6,0.03197741508483887,0.11718416213989258,0.0013880729675292969,0.15054965019226074,27,12,0,0,0,19,42,25,8,155,0,705,10135
oliveira/04_11/randm08.02.02.17.020_0030.05.aba.beta,True,13,6,0.038054466247558594,0.14368534088134766,0.0016951560974121094,0.18343496322631836,30,13,0,0,0,21,50,27,9,196,0,765,11386
oliveira/04_11/randm08.02.02.18.020_0030.01.aba.beta,True,17,6,0.051817893981933594,0.798797607421875,0.0020079612731933594,0.852623462677002,56,17,0,0,0,66,99,42,50,389,0,920,13240
oliveira/04_11/randm08.02.02.18.020_0030.02.aba.beta,True,17,6,0.05393028259277344,0.9526336193084717,0.0033919811248779297,1.009955883026123,54,17,0,0,0,66,133,43,50,379,0,1525,23222
oliveira/04_11/randm08.02.02.18.020_0030.03.aba.beta,True,14,6,0.04172325134277344,0.22693991661071777,0.0032057762145996094,0.2718689441680908,34,14,0,0,0,25,101,32,12,226,0,1459,22004
oliveira/04_11/randm08.02.02.18.020_0030.04.aba.beta,True,13,6,0.05592751502990723,1.0519237518310547,0.002508878707885742,1.1103601455688477,66,13,0,0,0,76,146,45,64,422,0,1131,16917
oliveira/04_11/randm08.02.02.18.020_0030.05.aba.beta,True,15,6,0.04836010932922363,0.8508493900299072,0.002490520477294922,0.9017000198364258,55,15,0,0,0,64,127,46,50,376,0,1139,17018
oliveira/04_11/randm08.02.02.19.020_0030.01.aba.beta,True,14,8,0.03916311264038086,0.4189012050628662,0.0018439292907714844,0.45990824699401855,45,14,0,0,0,43,87,38,30,337,0,887,12794
oliveira/04_11/randm08.02.02.19.020_0030.02.aba.beta,True,14,8,0.0552365779876709,0.8603322505950928,0.002634286880493164,0.9182031154632568,58,14,0,0,0,76,121,43,63,419,0,1188,18194
oliveira/04_11/randm08.02.02.19.020_0030.03.aba.beta,True,13,8,0.03437376022338867,0.3867936134338379,0.00150299072265625,0.4226703643798828,41,13,0,0,0,47,56,38,35,219,0,751,10737
oliveira/04_11/randm08.02.02.19.020_0030.04.aba.beta,True,18,8,0.07438826560974121,0.8864660263061523,0.002058267593383789,0.9629125595092773,67,18,0,0,0,89,97,48,72,438,0,962,13762
oliveira/04_11/randm08.02.02.19.020_0030.05.aba.beta,True,21,8,0.054312944412231445,0.6576199531555176,0.0029599666595458984,0.7148928642272949,48,21,0,0,0,55,98,41,35,415,0,1375,19711
oliveira/04_11/randm09.02.02.01.020_0030.01.aba.beta,True,22,9,0.24856996536254883,3.7814879417419434,0.00541234016418457,4.035470247268677,82,22,0,0,0,201,146,51,180,580,0,2352,36745
oliveira/04_11/randm09.02.02.01.020_0030.02.aba.beta,True,12,7,0.037055015563964844,0.6690576076507568,0.001711130142211914,0.7078237533569336,47,12,0,0,0,65,72,38,54,298,0,806,11794
oliveira/04_11/randm09.02.02.01.020_0030.03.aba.beta,True,34,9,0.510765552520752,8.723175764083862,0.006607770919799805,9.240549087524414,106,34,0,0,0,323,169,60,290,826,0,2675,39514
oliveira/04_11/randm09.02.02.01.020_0030.04.aba.beta,True,23,9,0.8124535083770752,8.604851722717285,0.0058498382568359375,9.423155069351196,133,23,0,0,0,342,181,72,320,905,0,2626,39561
oliveira/04_11/randm09.02.02.01.020_0030.05.aba.beta,True,29,9,0.2858433723449707,3.7540857791900635,0.011209964752197266,4.0511391162872314,94,29,0,0,0,201,150,61,173,654,0,4983,77744
oliveira/04_11/randm09.02.02.02.020_0030.01.aba.beta,True,30,8,0.12383246421813965,1.4131965637207031,0.005272388458251953,1.5423014163970947,83,30,0,0,0,105,100,58,76,536,0,2474,36165
oliveira/04_11/randm09.02.02.02.020_0030.02.aba.beta,True,33,7,0.08157086372375488,0.46146297454833984,0.004895448684692383,0.5479292869567871,56,33,0,0,0,43,79,51,11,478,0,2226,32533
oliveira/04_11/randm09.02.02.02.020_0030.03.aba.beta,True,20,8,0.04922056198120117,0.49813079833984375,0.002634286880493164,0.5499856472015381,48,20,0,0,0,52,68,43,33,350,0,1259,18031
oliveira/04_11/randm09.02.02.02.020_0030.04.aba.beta,True,37,8,0.7057347297668457,7.487483739852905,0.008283376693725586,8.201501846313477,154,37,0,0,0,350,192,80,314,1056,0,3712,56857
oliveira/04_11/randm09.02.02.02.020_0030.05.aba.beta,True,24,7,0.10775971412658691,1.63761568069458,0.0038149356842041016,1.749190330505371,84,24,0,0,0,112,124,63,89,600,0,1861,27140
oliveira/04_11/randm09.02.02.03.020_0030.01.aba.beta,True,35,8,0.11335444450378418,1.8421993255615234,0.005850791931152344,1.96140456199646,66,35,0,0,0,72,186,54,38,663,0,2665,39144
oliveira/04_11/randm09.02.02.03.020_0030.02.aba.beta,True,29,8,0.08540558815002441,0.5886127948760986,0.004544973373413086,0.6785633563995361,57,29,0,0,0,47,165,47,19,626,0,2042,31039
oliveira/04_11/randm09.02.02.03.020_0030.03.aba.beta,True,24,8,0.08886051177978516,1.5087110996246338,0.0029392242431640625,1.600510835647583,70,24,0,0,0,85,104,55,62,605,0,1341,19360
oliveira/04_11/randm09.02.02.03.020_0030.04.aba.beta,True,22,8,0.06389093399047852,0.998795747756958,0.003169536590576172,1.0658562183380127,59,22,0,0,0,71,105,46,50,478,0,1498,21673
oliveira/04_11/randm09.02.02.03.020_0030.05.aba.beta,True,19,8,0.07175350189208984,0.9713170528411865,0.002101421356201172,1.0451719760894775,63,19,0,0,0,83,101,48,65,431,0,1040,14554
oliveira/04_11/randm09.02.02.04.020_0030.01.aba.beta,True,15,7,0.04071307182312012,0.5313694477081299,0.002430438995361328,0.5745129585266113,47,15,0,0,0,48,123,39,34,328,0,1171,17151
oliveira/04_11/randm09.02.02.04.020_0030.02.aba.beta,True,13,7,0.03720259666442871,0.17024636268615723,0.0015628337860107422,0.20901179313659668,33,13,0,0,0,26,58,28,14,212,0,712,10206
oliveira/04_11/randm09.02.02.04.020_0030.03.aba.beta,True,16,7,0.031714439392089844,0.22013401985168457,0.001811981201171875,0.2536604404449463,35,16,0,0,0,28,72,33,13,240,0,908,13080
oliveira/04_11/randm09.02.02.04.020_0030.04.aba.beta,True,12,7,0.02937793731689453,0.17172551155090332,0.0017011165618896484,0.2028045654296875,33,12,0,0,0,25,47,29,14,183,0,772,11200
oliveira/04_11/randm09.02.02.04.020_0030.05.aba.beta,True,16,7,0.045784711837768555,0.4204401969909668,0.0026314258575439453,0.4688563346862793,45,16,0,0,0,43,76,38,28,333,0,1187,17434
oliveira/04_11/randm09.02.02.05.020_0030.01.aba.beta,True,23,8,0.06827282905578613,0.42194390296936035,0.002790689468383789,0.4930074214935303,48,23,0,0,0,35,76,41,13,378,0,1253,17777
oliveira/04_11/randm09.02.02.05.020_0030.02.aba.beta,True,14,8,0.04069948196411133,0.2189652919769287,0.001617431640625,0.26128220558166504,40,14,0,0,0,30,50,37,17,250,0,716,9999
oliveira/04_11/randm09.02.02.05.020_0030.03.aba.beta,True,29,8,0.11407709121704102,1.4204380512237549,0.003104686737060547,1.5376198291778564,74,29,0,0,0,102,115,53,74,614,0,1478,20476
oliveira/04_11/randm09.02.02.05.020_0030.04.aba.beta,True,20,8,0.08169984817504883,0.8752305507659912,0.002811431884765625,0.9597418308258057,68,20,0,0,0,63,124,50,44,462,0,1200,17291
oliveira/04_11/randm09.02.02.05.020_0030.05.aba.beta,True,19,8,0.049773216247558594,0.49892425537109375,0.0027589797973632812,0.5514564514160156,43,19,0,0,0,40,84,38,22,360,0,1277,18621
oliveira/04_11/randm09.02.02.06.020_0030.01.aba.beta,True,18,9,0.10194945335388184,1.291269063949585,0.0022521018981933594,1.3954706192016602,84,18,0,0,0,101,105,58,84,630,0,1026,14650
oliveira/04_11/randm09.02.02.06.020_0030.02.aba.beta,True,28,9,0.24670100212097168,3.0518605709075928,0.002960205078125,3.3015217781066895,92,28,0,0,0,152,114,55,125,705,0,1397,19373
oliveira/04_11/randm09.02.02.06.020_0030.03.aba.beta,True,22,9,0.08701229095458984,0.9370317459106445,0.0024530887603759766,1.0264971256256104,69,22,0,0,0,71,95,56,50,544,0,1030,14333
oliveira/04_11/randm09.02.02.06.020_0030.04.aba.beta,True,22,9,0.14943718910217285,1.8800899982452393,0.0030291080474853516,2.0325562953948975,84,22,0,0,0,123,110,51,102,610,0,1404,19914
oliveira/04_11/randm09.02.02.06.020_0030.05.aba.beta,True,20,9,0.07629108428955078,1.0002210140228271,0.0023615360260009766,1.078873634338379,62,20,0,0,0,77,89,47,58,432,0,1153,16432
oliveira/04_11/randm09.02.02.07.020_0030.01.aba.beta,True,1,1,0.0006296634674072266,0.0021512508392333984,0.0010614395141601562,0.0038423538208007812,3,1,0,0,0,1,3,3,1,2,0,511,8445
oliveira/04_11/randm09.02.02.07.020_0030.02.aba.beta,True,1,1,0.0006098747253417969,0.001955270767211914,0.0012192726135253906,0.0037844181060791016,3,1,0,0,0,1,3,3,1,2,0,530,8553
oliveira/04_11/randm09.02.02.07.020_0030.03.aba.beta,True,1,1,0.0008525848388671875,0.001956939697265625,0.001161336898803711,0.0039708614349365234,3,1,0,0,0,1,3,3,1,2,0,533,8573
oliveira/04_11/randm09.02.02.07.020_0030.04.aba.beta,True,1,1,0.0007221698760986328,0.0019049644470214844,0.0010793209075927734,0.0037064552307128906,3,1,0,0,0,1,3,3,1,2,0,527,8550
oliveira/04_11/randm09.02.02.07.020_0030.05.aba.beta,True,1,1,0.0008397102355957031,0.001905202865600586,0.0011131763458251953,0.0038580894470214844,3,1,0,0,0,1,3,3,1,2,0,536,8586
oliveira/04_11/randm09.02.02.08.020_0030.01.aba.beta,True,16,6,0.029695987701416016,0.11487269401550293,0.001844644546508789,0.14641332626342773,26,16,0,0,0,18,31,23,3,147,0,845,12196
oliveira/04_11/randm09.02.02.08.020_0030.02.aba.beta,True,9,6,0.01874995231628418,0.12723565101623535,0.0015208721160888672,0.1475064754486084,30,9,0,0,0,20,59,27,12,181,0,710,10502
oliveira/04_11/randm09.02.02.08.020_0030.03.aba.beta,True,11,6,0.026378154754638672,0.09952569007873535,0.0019659996032714844,0.1278698444366455,24,11,0,0,0,17,43,23,7,154,0,905,13562
oliveira/04_11/randm09.02.02.08.020_0030.04.aba.beta,True,9,6,0.016756534576416016,0.05932426452636719,0.00461268424987793,0.08069348335266113,23,9,0,0,0,12,28,23,4,88,0,2084,32816
oliveira/04_11/randm09.02.02.08.020_0030.05.aba.beta,True,12,6,0.026093244552612305,0.09939956665039062,0.00616145133972168,0.1316542625427246,24,12,0,0,0,17,31,24,6,93,0,2798,44281
oliveira/04_11/randm09.02.02.09.020_0030.01.aba.beta,True,25,9,0.25978684425354004,3.542191505432129,0.004828691482543945,3.806807041168213,93,25,0,0,0,165,174,54,141,646,0,2106,32167
oliveira/04_11/randm09.02.02.09.020_0030.02.aba.beta,True,14,9,0.13692212104797363,1.645575761795044,0.0021605491638183594,1.784658432006836,72,14,0,0,0,143,85,51,130,423,0,1015,14874
oliveira/04_11/randm09.02.02.09.020_0030.03.aba.beta,True,21,9,0.09555315971374512,0.8768420219421387,0.0020596981048583984,0.9744548797607422,54,21,0,0,0,75,101,41,55,427,0,992,13724
oliveira/04_11/randm09.02.02.09.020_0030.04.aba.beta,True,24,9,0.09511590003967285,1.1525914669036865,0.003436565399169922,1.2511439323425293,58,24,0,0,0,94,95,50,71,455,0,1538,22054
oliveira/04_11/randm09.02.02.09.020_0030.05.aba.beta,True,24,9,0.1274244785308838,1.7272579669952393,0.003587484359741211,1.8582699298858643,72,24,0,0,0,122,129,52,99,538,0,1661,24078
oliveira/04_11/randm09.02.02.10.020_0030.01.aba.beta,True,12,6,0.024222135543823242,0.18248343467712402,0.002645254135131836,0.2093508243560791,33,12,0,0,0,25,67,30,14,248,0,1119,17018
oliveira/04_11/randm09.02.02.10.020_0030.02.aba.beta,True,7,6,0.017846345901489258,0.09988832473754883,0.001317739486694336,0.11905241012573242,28,7,0,0,0,18,37,24,12,123,0,592,8888
oliveira/04_11/randm09.02.02.10.020_0030.03.aba.beta,True,11,6,0.028612375259399414,0.11947035789489746,0.001653909683227539,0.14973664283752441,27,11,0,0,0,18,48,23,8,156,0,790,11495
oliveira/04_11/randm09.02.02.10.020_0030.04.aba.beta,True,8,6,0.019785404205322266,0.07941174507141113,0.0013260841369628906,0.10052323341369629,24,8,0,0,0,15,40,21,8,122,0,665,9932
oliveira/04_11/randm09.02.02.10.020_0030.05.aba.beta,True,7,6,0.016932249069213867,0.08255267143249512,0.0013434886932373047,0.10082840919494629,24,7,0,0,0,15,35,23,9,125,0,620,9165
oliveira/04_11/randm09.02.02.11.020_0030.01.aba.beta,True,19,8,0.09678196907043457,0.8386204242706299,0.0021114349365234375,0.9375138282775879,49,19,0,0,0,72,77,44,54,403,0,1009,14259
oliveira/04_11/randm09.02.02.11.020_0030.02.aba.beta,True,16,8,0.04393935203552246,0.35236382484436035,0.001813650131225586,0.3981168270111084,44,16,0,0,0,36,62,38,21,317,0,838,11925
oliveira/04_11/randm09.02.02.11.020_0030.03.aba.beta,True,19,8,0.05846714973449707,0.49839043617248535,0.0026407241821289062,0.5594983100891113,48,19,0,0,0,51,91,39,33,406,0,1228,17890
oliveira/04_11/randm09.02.02.11.020_0030.04.aba.beta,True,13,8,0.051275014877319336,0.5990653038024902,0.0015676021575927734,0.6519079208374023,47,13,0,0,0,61,55,38,49,274,0,718,10186
oliveira/04_11/randm09.02.02.11.020_0030.05.aba.beta,True,20,8,0.06723237037658691,0.5475537776947021,0.002384662628173828,0.6171708106994629,51,20,0,0,0,51,88,44,32,384,0,1117,16246
oliveira/04_11/randm09.02.02.12.020_0030.01.aba.beta,True,15,8,0.06928420066833496,0.7594547271728516,0.0023338794708251953,0.8310728073120117,56,15,0,0,0,71,110,42,57,366,0,1048,15477
oliveira/04_11/randm09.02.02.12.020_0030.02.aba.beta,True,23,8,0.05784463882446289,0.4328465461730957,0.002549409866333008,0.4932405948638916,49,23,0,0,0,46,95,44,24,346,0,1249,17694
oliveira/04_11/randm09.02.02.12.020_0030.03.aba.beta,True,22,8,0.05938911437988281,0.5753006935119629,0.002492666244506836,0.6371824741363525,54,22,0,0,0,53,94,46,32,404,0,1159,16101
oliveira/04_11/randm09.02.02.12.020_0030.04.aba.beta,True,22,8,0.0695030689239502,0.5492010116577148,0.0022220611572265625,0.6209261417388916,57,22,0,0,0,57,82,50,36,389,0,1059,14804
oliveira/04_11/randm09.02.02.12.020_0030.05.aba.beta,True,25,8,0.07582831382751465,0.8167433738708496,0.002442598342895508,0.8950142860412598,66,25,0,0,0,64,109,53,40,526,0,1207,16601
oliveira/04_11/randm09.02.02.13.020_0030.01.aba.beta,True,22,8,0.05078721046447754,0.3475062847137451,0.0031359195709228516,0.4014294147491455,45,22,0,0,0,35,91,40,14,434,0,1455,21436
oliveira/04_11/randm09.02.02.13.020_0030.02.aba.beta,True,22,8,0.07239103317260742,0.8233246803283691,0.004109621047973633,0.8998253345489502,63,22,0,0,0,67,135,52,46,583,0,1900,28235
oliveira/04_11/randm09.02.02.13.020_0030.03.aba.beta,True,27,8,0.8358752727508545,9.258720636367798,0.004051685333251953,10.098647594451904,170,27,0,0,0,395,204,84,369,1208,0,1793,25762
oliveira/04_11/randm09.02.02.13.020_0030.04.aba.beta,True,22,8,0.07686376571655273,0.7243351936340332,0.002847433090209961,0.8040463924407959,65,22,0,0,0,65,139,53,44,596,0,1370,20020
oliveira/04_11/randm09.02.02.13.020_0030.05.aba.beta,True,21,8,0.06934523582458496,0.751218318939209,0.0026884078979492188,0.8232519626617432,70,21,0,0,0,77,90,51,57,431,0,1268,18008
oliveira/04_11/randm09.02.02.14.020_0030.01.aba.beta,True,11,6,0.02725505828857422,0.148087739944458,0.0016448497772216797,0.1769876480102539,30,11,0,0,0,22,69,26,12,175,0,800,11723
oliveira/04_11/randm09.02.02.14.020_0030.02.aba.beta,True,7,6,0.02691817283630371,0.3189277648925781,0.0014946460723876953,0.34734058380126953,35,7,0,0,0,40,60,29,34,207,0,684,10236
oliveira/04_11/randm09.02.02.14.020_0030.03.aba.beta,True,11,6,0.024446487426757812,0.186234712600708,0.001514434814453125,0.21219563484191895,33,11,0,0,0,28,64,31,18,220,0,723,10447
oliveira/04_11/randm09.02.02.14.020_0030.04.aba.beta,True,8,6,0.01990485191345215,0.15257954597473145,0.0018558502197265625,0.17434024810791016,32,8,0,0,0,24,76,29,17,192,0,855,13060
oliveira/04_11/randm09.02.02.14.020_0030.05.aba.beta,True,9,6,0.025115489959716797,0.2419121265411377,0.0016944408416748047,0.2687220573425293,31,9,0,0,0,34,69,26,26,213,0,788,11734
oliveira/04_11/randm09.02.02.15.020_0030.01.aba.beta,True,17,8,0.061948299407958984,0.5632386207580566,0.0026051998138427734,0.6277921199798584,56,17,0,0,0,53,99,42,37,331,0,1206,17542
oliveira/04_11/randm09.02.02.15.020_0030.02.aba.beta,True,12,8,0.028766632080078125,0.2512545585632324,0.0015730857849121094,0.28159427642822266,38,12,0,0,0,31,68,33,20,254,0,771,11096
oliveira/04_11/randm09.02.02.15.020_0030.03.aba.beta,True,24,8,0.06351137161254883,0.43044590950012207,0.002574920654296875,0.4965322017669678,50,24,0,0,0,44,84,43,21,356,0,1192,16829
oliveira/04_11/randm09.02.02.15.020_0030.04.aba.beta,True,20,8,0.07296371459960938,0.4053926467895508,0.002163410186767578,0.48051977157592773,49,20,0,0,0,41,76,41,22,388,0,1038,14721
oliveira/04_11/randm09.02.02.15.020_0030.05.aba.beta,True,12,8,0.06807088851928711,0.6119964122772217,0.0022420883178710938,0.6823093891143799,54,12,0,0,0,65,79,36,54,306,0,968,15024
oliveira/04_11/randm09.02.02.16.020_0030.01.aba.beta,True,13,6,0.03682088851928711,0.40526413917541504,0.0028274059295654297,0.4449124336242676,49,13,0,0,0,44,87,41,32,324,0,1247,18993
oliveira/04_11/randm09.02.02.16.020_0030.02.aba.beta,True,14,6,0.038343191146850586,0.46687912940979004,0.002234220504760742,0.5074565410614014,49,14,0,0,0,45,87,43,32,316,0,1041,15249
oliveira/04_11/randm09.02.02.16.020_0030.03.aba.beta,True,18,6,0.040024757385253906,0.5459039211273193,0.003789186477661133,0.5897178649902344,53,18,0,0,0,49,127,44,32,408,0,1709,26058
oliveira/04_11/randm09.02.02.16.020_0030.04.aba.beta,True,7,6,0.02078557014465332,0.12770891189575195,0.0013692378997802734,0.14986371994018555,29,7,0,0,0,21,40,26,15,140,0,611,9131
oliveira/04_11/randm09.02.02.16.020_0030.05.aba.beta,True,7,6,0.018701553344726562,0.24219322204589844,0.001332998275756836,0.26222777366638184,37,7,0,0,0,31,54,32,25,212,0,644,9716
oliveira/04_11/randm09.02.02.17.020_0030.01.aba.beta,True,22,9,0.2941138744354248,4.158050537109375,0.005482912063598633,4.457647323608398,103,22,0,0,0,254,156,67,233,787,0,2270,34996
oliveira/04_11/randm09.02.02.17.020_0030.02.aba.beta,True,27,9,0.11634159088134766,1.8720920085906982,0.004189968109130859,1.9926235675811768,77,27,0,0,0,113,143,64,87,647,0,1965,29067
oliveira/04_11/randm09.02.02.17.020_0030.03.aba.beta,True,17,9,0.08234095573425293,1.041372299194336,0.002364635467529297,1.1260778903961182,64,17,0,0,0,84,117,52,68,421,0,1112,16216
oliveira/04_11/randm09.02.02.17.020_0030.04.aba.beta,True,19,9,0.07496023178100586,0.8224880695343018,0.002197742462158203,0.8996460437774658,56,19,0,0,0,73,85,46,55,378,0,1027,14527
oliveira/04_11/randm09.02.02.17.020_0030.05.aba.beta,True,27,9,0.11368274688720703,1.4675164222717285,0.003961086273193359,1.585160255432129,72,27,0,0,0,91,144,62,65,565,0,1776,25919
oliveira/04_11/randm09.02.02.18.020_0030.01.aba.beta,True,18,7,0.06347894668579102,0.8228528499603271,0.0023012161254882812,0.8886330127716064,54,18,0,0,0,70,93,43,53,424,0,1086,15701
oliveira/04_11/randm09.02.02.18.020_0030.02.aba.beta,True,22,7,0.07243108749389648,0.7095329761505127,0.0022792816162109375,0.7842433452606201,64,22,0,0,0,67,109,42,46,523,0,1093,15459
oliveira/04_11/randm09.02.02.18.020_0030.03.aba.beta,True,17,7,0.04332876205444336,0.4621427059173584,0.002839803695678711,0.5083112716674805,45,17,0,0,0,44,118,37,28,429,0,1351,20129
oliveira/04_11/randm09.02.02.18.020_0030.04.aba.beta,True,18,7,0.04627180099487305,0.4283773899078369,0.0028426647186279297,0.4774918556213379,45,18,0,0,0,40,104,38,23,353,0,1356,19789
oliveira/04_11/randm09.02.02.18.020_0030.05.aba.beta,True,16,7,0.04090476036071777,0.4464867115020752,0.002988100051879883,0.49037957191467285,50,16,0,0,0,48,126,44,33,415,0,1384,20968
oliveira/04_11/randm09.02.02.19.020_0030.01.aba.beta,True,14,8,0.2411959171295166,3.007828950881958,0.002035379409790039,3.2510602474212646,98,14,0,0,0,262,123,58,249,610,0,892,12892
oliveira/04_11/randm09.02.02.19.020_0030.02.aba.beta,True,15,8,0.05048108100891113,0.5759227275848389,0.0039522647857666016,0.6303560733795166,60,15,0,0,0,60,137,47,46,383,0,1776,27085
oliveira/04_11/randm09.02.02.19.020_0030.03.aba.beta,True,18,8,0.11824536323547363,2.2005553245544434,0.0023348331451416016,2.3211355209350586,74,18,0,0,0,161,114,54,144,488,0,1126,16151
oliveira/04_11/randm09.02.02.19.020_0030.04.aba.beta,True,17,8,0.20513677597045898,3.214280128479004,0.0022242069244384766,3.4216411113739014,93,17,0,0,0,241,122,59,225,612,0,982,14095
oliveira/04_11/randm09.02.02.19.020_0030.05.aba.beta,True,29,8,0.08760499954223633,0.9965343475341797,0.006337165832519531,1.0904765129089355,62,29,0,0,0,70,208,51,42,596,0,2861,43168
oliveira/04_11/randm10.02.02.01.020_0030.01.aba.beta,True,11,6,0.020978927612304688,0.1160590648651123,0.0023920536041259766,0.13943004608154297,25,11,0,0,0,19,27,24,9,109,0,1139,17112
oliveira/04_11/randm10.02.02.01.020_0030.02.aba.beta,True,14,6,0.03104710578918457,0.14961600303649902,0.0022954940795898438,0.18295860290527344,30,14,0,0,0,22,41,27,9,181,0,937,13781
oliveira/04_11/randm10.02.02.01.020_0030.03.aba.beta,True,6,6,0.02325129508972168,0.12842774391174316,0.0013499259948730469,0.1530289649963379,32,6,0,0,0,23,33,28,18,120,0,575,8736
oliveira/04_11/randm10.02.02.01.020_0030.04.aba.beta,True,9,6,0.021470308303833008,0.12491726875305176,0.0013611316680908203,0.14774870872497559,30,9,0,0,0,21,47,26,13,174,0,640,9414
oliveira/04_11/randm10.02.02.01.020_0030.05.aba.beta,True,13,6,0.026526212692260742,0.09461402893066406,0.004815578460693359,0.12595582008361816,26,13,0,0,0,17,32,24,5,112,0,2263,35510
oliveira/04_11/randm10.02.02.02.020_0030.01.aba.beta,True,22,9,0.0713045597076416,0.8522899150848389,0.0035409927368164062,0.9271354675292969,59,22,0,0,0,73,124,53,52,430,0,1606,23252
oliveira/04_11/randm10.02.02.02.020_0030.02.aba.beta,True,28,9,0.1876993179321289,2.4032819271087646,0.0038900375366210938,2.5948712825775146,89,28,0,0,0,138,160,64,111,700,0,1833,26616
oliveira/04_11/randm10.02.02.02.020_0030.03.aba.beta,True,31,9,0.13376379013061523,2.179903507232666,0.004771709442138672,2.31843900680542,80,31,0,0,0,117,144,62,87,678,0,2138,31652
oliveira/04_11/randm10.02.02.02.020_0030.04.aba.beta,True,28,9,0.20107173919677734,2.978503704071045,0.002986431121826172,3.1825618743896484,86,28,0,0,0,163,126,59,136,719,0,1397,20158
oliveira/04_11/randm10.02.02.02.020_0030.05.aba.beta,True,29,9,0.35358214378356934,5.039968729019165,0.003117084503173828,5.396667957305908,130,29,0,0,0,267,179,67,239,1047,0,1530,21183
oliveira/04_11/randm10.02.02.03.020_0030.01.aba.beta,True,17,8,0.06058979034423828,0.5418334007263184,0.0028357505798339844,0.6052589416503906,57,17,0,0,0,56,98,46,40,360,0,1291,18879
oliveira/04_11/randm10.02.02.03.020_0030.02.aba.beta,True,14,8,0.04923653602600098,0.5508475303649902,0.0022356510162353516,0.6023197174072266,52,14,0,0,0,61,87,46,48,316,0,1060,15244
oliveira/04_11/randm10.02.02.03.020_0030.03.aba.beta,True,20,8,0.07178044319152832,1.0318009853363037,0.003120899200439453,1.1067023277282715,63,20,0,0,0,84,114,48,65,514,0,1420,21079
oliveira/04_11/randm10.02.02.03.020_0030.04.aba.beta,True,19,8,0.07980465888977051,0.9720485210418701,0.0028090476989746094,1.0546622276306152,63,19,0,0,0,80,107,51,62,422,0,1325,19308
oliveira/04_11/randm10.02.02.03.020_0030.05.aba.beta,True,22,8,0.06830024719238281,0.45471692085266113,0.002954244613647461,0.5259714126586914,51,22,0,0,0,43,97,41,22,374,0,1415,20432
oliveira/04_11/randm10.02.02.04.020_0030.01.aba.beta,True,5,5,0.009192228317260742,0.04972672462463379,0.0013108253479003906,0.06022977828979492,19,5,0,0,0,11,28,18,7,86,0,590,8925
oliveira/04_11/randm10.02.02.04.020_0030.02.aba.beta,True,6,5,0.011691808700561523,0.08138632774353027,0.0015530586242675781,0.09463119506835938,24,6,0,0,0,15,30,23,10,100,0,595,8914
oliveira/04_11/randm10.02.02.04.020_0030.03.aba.beta,True,9,5,0.019611597061157227,0.0926213264465332,0.0013687610626220703,0.1136016845703125,23,9,0,0,0,18,38,19,10,128,0,618,9349
oliveira/04_11/randm10.02.02.04.020_0030.04.aba.beta,True,11,5,0.024196863174438477,0.09087228775024414,0.0018012523651123047,0.11687040328979492,19,11,0,0,0,11,58,19,1,132,0,817,12024
oliveira/04_11/randm10.02.02.04.020_0030.05.aba.beta,True,6,5,0.009672164916992188,0.06536674499511719,0.0012559890747070312,0.0762948989868164,21,6,0,0,0,14,26,21,9,81,0,587,8829
oliveira/04_11/randm10.02.02.05.020_0030.01.aba.beta,True,26,8,0.10005450248718262,0.6556942462921143,0.004568815231323242,0.7603175640106201,61,26,0,0,0,61,84,52,36,441,0,2092,31923
oliveira/04_11/randm10.02.02.05.020_0030.02.aba.beta,True,14,7,0.04092240333557129,0.32544970512390137,0.005250215530395508,0.37162232398986816,43,14,0,0,0,37,91,38,24,237,0,1447,21722
oliveira/04_11/randm10.02.02.05.020_0030.03.aba.beta,True,18,8,0.05446338653564453,0.5728678703308105,0.0034079551696777344,0.6307392120361328,53,18,0,0,0,50,122,48,33,375,0,1526,22841
oliveira/04_11/randm10.02.02.05.020_0030.04.aba.beta,True,18,8,0.07256293296813965,0.7063629627227783,0.005262136459350586,0.7841880321502686,62,18,0,0,0,66,120,51,49,403,0,2442,37230
oliveira/04_11/randm10.02.02.05.020_0030.05.aba.beta,True,26,8,0.2530949115753174,4.0844502449035645,0.0057010650634765625,4.343246221542358,109,26,0,0,0,172,210,67,147,848,0,2574,38835
oliveira/04_11/randm10.02.02.06.020_0030.01.aba.beta,True,26,9,0.07611322402954102,0.5320746898651123,0.0027008056640625,0.6108887195587158,54,26,0,0,0,43,81,47,18,503,0,1253,17411
oliveira/04_11/randm10.02.02.06.020_0030.02.aba.beta,True,23,9,0.12007570266723633,2.2339584827423096,0.0035746097564697266,2.3576087951660156,79,23,0,0,0,105,151,52,83,645,0,1613,23686
oliveira/04_11/randm10.02.02.06.020_0030.03.aba.beta,True,31,9,0.13566851615905762,2.2203657627105713,0.003995656967163086,2.360029935836792,81,31,0,0,0,118,126,58,88,765,0,1849,26357
oliveira/04_11/randm10.02.02.06.020_0030.04.aba.beta,True,17,9,0.050797462463378906,0.5576708316802979,0.0019843578338623047,0.6104526519775391,53,17,0,0,0,52,80,47,36,427,0,911,13093
oliveira/04_11/randm10.02.02.06.020_0030.05.aba.beta,True,24,9,0.1586778163909912,1.9545254707336426,0.0028693675994873047,2.116072654724121,78,24,0,0,0,112,115,53,89,664,0,1302,18882
oliveira/04_11/randm10.02.02.07.020_0030.01.aba.beta,True,37,9,0.4381062984466553,5.610985517501831,0.006923675537109375,6.056015491485596,131,37,0,0,0,236,209,86,200,1070,0,3162,47594
oliveira/04_11/randm10.02.02.07.020_0030.02.aba.beta,True,23,9,0.39769625663757324,4.279770612716675,0.002573251724243164,4.680040121078491,114,23,0,0,0,276,154,56,254,783,0,1173,16801
oliveira/04_11/randm10.02.02.07.020_0030.03.aba.beta,True,27,9,0.14003515243530273,1.9014673233032227,0.0038900375366210938,2.0453925132751465,84,27,0,0,0,142,130,61,116,590,0,1775,25868
oliveira/04_11/randm10.02.02.07.020_0030.04.aba.beta,True,27,9,0.09310722351074219,1.0711300373077393,0.004130363464355469,1.168367624282837,57,27,0,0,0,69,127,53,43,559,0,1936,27846
oliveira/04_11/randm10.02.02.07.020_0030.05.aba.beta,True,28,9,0.09271407127380371,0.980271577835083,0.0036220550537109375,1.0766077041625977,61,28,0,0,0,73,144,52,46,600,0,1733,24825
oliveira/04_11/randm10.02.02.08.020_0030.01.aba.beta,True,29,9,0.09980392456054688,1.005389928817749,0.002660036087036133,1.107853889465332,60,29,0,0,0,78,92,53,50,531,0,1289,18213
oliveira/04_11/randm10.02.02.08.020_0030.02.aba.beta,True,17,9,0.04691362380981445,0.5112884044647217,0.0015778541564941406,0.5597798824310303,48,17,0,0,0,53,51,39,37,321,0,755,10297
oliveira/04_11/randm10.02.02.08.020_0030.03.aba.beta,True,24,9,0.10351753234863281,1.464667558670044,0.002588987350463867,1.5707740783691406,68,24,0,0,0,104,72,45,81,533,0,1243,17259
oliveira/04_11/randm10.02.02.08.020_0030.04.aba.beta,True,14,9,0.14803123474121094,2.2286670207977295,0.0017313957214355469,2.378429651260376,74,14,0,0,0,154,86,47,141,399,0,752,10758
oliveira/04_11/randm10.02.02.08.020_0030.05.aba.beta,True,17,9,0.08228492736816406,1.0321674346923828,0.0017442703247070312,1.116196632385254,64,17,0,0,0,86,85,50,70,406,0,848,11924
oliveira/04_11/randm10.02.02.09.020_0030.01.aba.beta,True,18,7,0.06659507751464844,0.6521365642547607,0.002542734146118164,0.7212743759155273,55,18,0,0,0,60,95,43,43,339,0,1187,17602
oliveira/04_11/randm10.02.02.09.020_0030.02.aba.beta,True,15,7,0.039440155029296875,0.3312571048736572,0.0018105506896972656,0.37250781059265137,39,15,0,0,0,35,78,34,21,310,0,824,11872
oliveira/04_11/randm10.02.02.09.020_0030.03.aba.beta,True,20,7,0.05039405822753906,0.3164806365966797,0.0020720958709716797,0.36894679069519043,44,20,0,0,0,39,60,40,20,317,0,921,12874
oliveira/04_11/randm10.02.02.09.020_0030.04.aba.beta,True,21,7,0.047273874282836914,0.36249804496765137,0.002073526382446289,0.41184544563293457,44,21,0,0,0,38,86,34,18,361,0,1015,14302
oliveira/04_11/randm10.02.02.09.020_0030.05.aba.beta,True,17,7,0.04692554473876953,0.6046261787414551,0.0021200180053710938,0.6536717414855957,47,17,0,0,0,56,84,38,40,341,0,993,14422
oliveira/04_11/randm10.02.02.10.020_0030.01.aba.beta,True,16,7,0.03049492835998535,0.20873308181762695,0.0019299983978271484,0.24115800857543945,36,16,0,0,0,27,74,35,12,280,0,877,12707
oliveira/04_11/randm10.02.02.10.020_0030.02.aba.beta,True,17,7,0.040376901626586914,0.25513291358947754,0.00218963623046875,0.2976994514465332,37,17,0,0,0,31,90,35,15,259,0,1072,15455
oliveira/04_11/randm10.02.02.10.020_0030.03.aba.beta,True,15,7,0.0316920280456543,0.2297956943511963,0.0018248558044433594,0.26331257820129395,37,15,0,0,0,31,72,36,17,318,0,851,12102
oliveira/04_11/randm10.02.02.10.020_0030.04.aba.beta,True,18,7,0.04945182800292969,0.40937328338623047,0.001992464065551758,0.4608175754547119,52,18,0,0,0,50,71,42,33,328,0,901,12622
oliveira/04_11/randm10.02.02.10.020_0030.05.aba.beta,True,10,7,0.0406646728515625,0.48291826248168945,0.0018131732940673828,0.5253961086273193,46,10,0,0,0,56,73,36,47,280,0,821,12165
oliveira/04_11/randm10.02.02.11.020_0030.01.aba.beta,True,12,7,0.030756711959838867,0.28569459915161133,0.0013661384582519531,0.31781744956970215,43,12,0,0,0,37,44,38,26,218,0,655,9233
oliveira/04_11/randm10.02.02.11.020_0030.02.aba.beta,True,18,7,0.04024362564086914,0.21349668502807617,0.0019316673278808594,0.25567197799682617,35,18,0,0,0,26,54,33,9,266,0,927,13076
oliveira/04_11/randm10.02.02.11.020_0030.03.aba.beta,True,16,7,0.041408538818359375,0.27068495750427246,0.0040705204010009766,0.3161640167236328,38,16,0,0,0,32,69,28,17,240,0,941,13594
oliveira/04_11/randm10.02.02.11.020_0030.04.aba.beta,True,18,7,0.03877592086791992,0.21991491317749023,0.0018715858459472656,0.2605624198913574,36,18,0,0,0,24,62,33,7,281,0,942,13080
oliveira/04_11/randm10.02.02.11.020_0030.05.aba.beta,True,16,7,0.03362679481506348,0.18012738227844238,0.0027484893798828125,0.21650266647338867,34,16,0,0,0,22,68,34,7,220,0,1315,19538
oliveira/04_11/randm10.02.02.12.020_0030.01.aba.beta,True,15,8,0.05363321304321289,0.5877337455749512,0.00170135498046875,0.6430683135986328,48,15,0,0,0,61,70,40,47,305,0,835,11845
oliveira/04_11/randm10.02.02.12.020_0030.02.aba.beta,True,17,8,0.19765329360961914,2.8691017627716064,0.0022478103637695312,3.069002866744995,87,17,0,0,0,193,112,51,177,566,0,1005,14701
oliveira/04_11/randm10.02.02.12.020_0030.03.aba.beta,True,26,8,0.0696115493774414,0.39941930770874023,0.0021982192993164062,0.47122907638549805,45,26,0,0,0,36,64,40,11,399,0,1033,14079
oliveira/04_11/randm10.02.02.12.020_0030.04.aba.beta,True,15,8,0.04921889305114746,0.5849943161010742,0.0014121532440185547,0.6356253623962402,52,15,0,0,0,62,57,41,48,316,0,713,9930
oliveira/04_11/randm10.02.02.12.020_0030.05.aba.beta,True,23,8,0.06934952735900879,0.958305835723877,0.0036776065826416016,1.0313329696655273,64,23,0,0,0,76,131,50,54,522,0,1551,22361
oliveira/04_11/randm10.02.02.13.020_0030.01.aba.beta,True,12,6,0.030717134475708008,0.18585467338562012,0.001493215560913086,0.2180650234222412,33,12,0,0,0,26,45,31,15,244,0,728,10500
oliveira/04_11/randm10.02.02.13.020_0030.02.aba.beta,True,9,6,0.01729106903076172,0.15356063842773438,0.0019741058349609375,0.17282581329345703,27,9,0,0,0,21,70,27,13,197,0,936,14387
oliveira/04_11/randm10.02.02.13.020_0030.03.aba.beta,True,12,6,0.027214527130126953,0.22188687324523926,0.0021948814392089844,0.2512962818145752,34,12,0,0,0,26,111,29,15,262,0,1031,15421
oliveira/04_11/randm10.02.02.13.020_0030.04.aba.beta,True,17,6,0.042385101318359375,0.3849220275878906,0.002413034439086914,0.4297201633453369,43,17,0,0,0,39,102,36,23,324,0,1101,16131
oliveira/04_11/randm10.02.02.13.020_0030.05.aba.beta,True,17,6,0.04304099082946777,0.38170528411865234,0.0030994415283203125,0.42784571647644043,43,17,0,0,0,38,114,36,22,323,0,1445,21361
oliveira/04_11/randm10.02.02.14.020_0030.01.aba.beta,True,24,9,0.5350594520568848,5.9439661502838135,0.0033180713653564453,6.482343673706055,118,24,0,0,0,322,161,76,299,906,0,1554,22193
oliveira/04_11/randm10.02.02.14.020_0030.02.aba.beta,True,20,9,0.613396167755127,6.179609298706055,0.001977205276489258,6.794982671737671,114,20,0,0,0,375,137,64,356,784,0,917,12854
oliveira/04_11/randm10.02.02.14.020_0030.03.aba.beta,True,27,9,0.5705094337463379,8.199278593063354,0.00551295280456543,8.775300979614258,127,27,0,0,0,384,234,72,358,953,0,2397,36062
oliveira/04_11/randm10.02.02.14.020_0030.04.aba.beta,True,29,9,4.10250186920166,28.95231866836548,0.004154682159423828,33.05897521972656,191,29,0,0,0,1271,254,89,1243,1447,0,2310,34438
oliveira/04_11/randm10.02.02.14.020_0030.05.aba.beta,True,25,9,1.1097126007080078,8.877409934997559,0.003063201904296875,9.990185737609863,135,25,0,0,0,436,185,73,412,1054,0,1376,19904
oliveira/04_11/randm10.02.02.15.020_0030.01.aba.beta,True,21,8,0.07768392562866211,0.9791209697723389,0.0023272037506103516,1.0591320991516113,65,21,0,0,0,100,98,50,80,440,0,1092,15482
oliveira/04_11/randm10.02.02.15.020_0030.02.aba.beta,True,20,8,0.07017850875854492,0.6499567031860352,0.0017087459564208984,0.721843957901001,55,20,0,0,0,58,72,42,39,413,0,849,11654
oliveira/04_11/randm10.02.02.15.020_0030.03.aba.beta,True,24,8,0.0964665412902832,1.0658650398254395,0.003217458724975586,1.1655490398406982,72,24,0,0,0,82,113,53,59,544,0,1502,21453
oliveira/04_11/randm10.02.02.15.020_0030.04.aba.beta,True,21,8,0.06679391860961914,0.8001832962036133,0.002214193344116211,0.8691914081573486,54,21,0,0,0,78,75,45,58,455,0,1018,14092
oliveira/04_11/randm10.02.02.15.020_0030.05.aba.beta,True,25,8,0.0756680965423584,0.7592208385467529,0.0022530555725097656,0.8371419906616211,56,25,0,0,0,68,69,43,44,397,0,1143,15480
oliveira/04_11/randm10.02.02.16.020_0030.01.aba.beta,True,14,8,0.26044559478759766,3.7494454383850098,0.002602815628051758,4.012493848800659,121,14,0,0,0,229,174,67,216,841,0,1122,16582
oliveira/04_11/randm10.02.02.16.020_0030.02.aba.beta,True,30,8,0.1320812702178955,1.7502105236053467,0.0047419071197509766,1.8870337009429932,75,30,0,0,0,102,154,58,73,705,0,2168,31673
oliveira/04_11/randm10.02.02.16.020_0030.03.aba.beta,True,14,8,0.06816315650939941,0.7690773010253906,0.0015668869018554688,0.8388073444366455,61,14,0,0,0,67,71,43,54,384,0,782,10998
oliveira/04_11/randm10.02.02.16.020_0030.04.aba.beta,True,18,8,0.10645389556884766,1.5574302673339844,0.0020575523376464844,1.6659417152404785,94,18,0,0,0,129,130,66,112,585,0,985,13731
oliveira/04_11/randm10.02.02.16.020_0030.05.aba.beta,True,31,8,0.24658513069152832,4.209629774093628,0.00484919548034668,4.461064100265503,124,31,0,0,0,218,216,74,188,998,0,2198,32290
oliveira/04_11/randm10.02.02.17.020_0030.01.aba.beta,True,12,7,0.029541492462158203,0.2754392623901367,0.0014789104461669922,0.3064596652984619,38,12,0,0,0,35,51,36,24,286,0,748,10780
oliveira/04_11/randm10.02.02.17.020_0030.02.aba.beta,True,17,7,0.06869101524353027,0.8182651996612549,0.0024302005767822266,0.8893864154815674,73,17,0,0,0,79,121,48,63,434,0,1134,16661
oliveira/04_11/randm10.02.02.17.020_0030.03.aba.beta,True,17,7,0.049965620040893555,0.45710253715515137,0.00234222412109375,0.5094103813171387,45,17,0,0,0,44,86,40,28,332,0,1084,15922
oliveira/04_11/randm10.02.02.17.020_0030.04.aba.beta,True,15,7,0.04933810234069824,0.5435786247253418,0.0018596649169921875,0.5947763919830322,49,15,0,0,0,56,77,38,42,281,0,863,12283
oliveira/04_11/randm10.02.02.17.020_0030.05.aba.beta,True,22,7,0.06307101249694824,0.4873933792114258,0.0027141571044921875,0.5531785488128662,57,22,0,0,0,51,117,47,30,481,0,1263,18262
oliveira/04_11/randm10.02.02.18.020_0030.01.aba.beta,True,1,1,0.0008938312530517578,0.0018682479858398438,0.0012421607971191406,0.004004240036010742,3,1,0,0,0,1,3,3,1,2,0,539,8607
oliveira/04_11/randm10.02.02.18.020_0030.02.aba.beta,True,1,1,0.0007829666137695312,0.001863718032836914,0.0011816024780273438,0.003828287124633789,3,1,0,0,0,1,3,3,1,2,0,537,8599
oliveira/04_11/randm10.02.02.18.020_0030.03.aba.beta,True,1,1,0.0008153915405273438,0.001955747604370117,0.0012116432189941406,0.0039827823638916016,3,1,0,0,0,1,3,3,1,2,0,537,8596
oliveira/04_11/randm10.02.02.18.020_0030.04.aba.beta,True,1,1,0.0008039474487304688,0.0019817352294921875,0.001203298568725586,0.003988981246948242,3,1,0,0,0,1,3,3,1,2,0,536,8587
oliveira/04_11/randm10.02.02.18.020_0030.05.aba.beta,True,1,1,0.0007708072662353516,0.0019378662109375,0.0011706352233886719,0.0038793087005615234,3,1,0,0,0,1,3,3,1,2,0,537,8596
oliveira/04_11/randm10.02.02.19.020_0030.01.aba.beta,True,27,10,0.11037874221801758,1.2410638332366943,0.0030422210693359375,1.3544847965240479,69,27,0,0,0,93,94,59,67,508,0,1472,20832
oliveira/04_11/randm10.02.02.19.020_0030.02.aba.beta,True,17,10,0.18196988105773926,2.2887721061706543,0.0026650428771972656,2.473407030105591,91,17,0,0,0,169,130,57,153,599,0,1202,17518
oliveira/04_11/randm10.02.02.19.020_0030.03.aba.beta,True,33,10,0.21515297889709473,2.855919361114502,0.005836963653564453,3.076909303665161,86,33,0,0,0,145,157,65,113,725,0,2646,38961
oliveira/04_11/randm10.02.02.19.020_0030.04.aba.beta,True,23,10,0.12197184562683105,1.29636549949646,0.0021402835845947266,1.4204776287078857,76,23,0,0,0,103,106,55,81,543,0,1054,14345
oliveira/04_11/randm10.02.02.19.020_0030.05.aba.beta,True,33,10,0.19535326957702637,4.206714391708374,0.0036754608154296875,4.40574312210083,84,33,0,0,0,155,141,65,123,731,0,1663,23425
oliveira/04_11/randm11.02.02.01.020_0030.01.aba.beta,True,25,10,0.1613597869873047,2.4410898685455322,0.003152132034301758,2.6056017875671387,90,25,0,0,0,141,135,61,117,703,0,1481,20950
oliveira/04_11/randm11.02.02.01.020_0030.02.aba.beta,True,25,10,0.2342815399169922,2.394211530685425,0.0033807754516601562,2.631873846054077,90,25,0,0,0,151,125,61,127,651,0,1470,20813
oliveira/04_11/randm11.02.02.01.020_0030.03.aba.beta,True,30,10,2.2200911045074463,27.121456623077393,0.004869937896728516,29.346417665481567,174,30,0,0,0,722,251,79,693,1323,0,2674,40056
oliveira/04_11/randm11.02.02.01.020_0030.04.aba.beta,True,27,10,0.4569852352142334,4.848103761672974,0.00377655029296875,5.308865547180176,105,27,0,0,0,240,164,66,214,844,0,1740,25497
oliveira/04_11/randm11.02.02.01.020_0030.05.aba.beta,True,27,10,0.3028879165649414,3.5097718238830566,0.0034842491149902344,3.8161439895629883,102,27,0,0,0,211,151,65,185,799,0,1575,22407
oliveira/04_11/randm11.02.02.02.020_0030.01.aba.beta,True,25,9,0.07798385620117188,0.6175754070281982,0.0038018226623535156,0.6993610858917236,59,25,0,0,0,54,135,49,30,477,0,1803,26626
oliveira/04_11/randm11.02.02.02.020_0030.02.aba.beta,True,28,10,0.2017052173614502,2.031416416168213,0.006846904754638672,2.2399685382843018,81,28,0,0,0,115,129,61,88,672,0,3060,46913
oliveira/04_11/randm11.02.02.02.020_0030.03.aba.beta,True,25,10,0.09641170501708984,1.1872713565826416,0.002280712127685547,1.285963773727417,74,25,0,0,0,94,89,60,70,526,0,1094,14904
oliveira/04_11/randm11.02.02.02.020_0030.04.aba.beta,True,24,10,0.11721420288085938,1.6315257549285889,0.00405430793762207,1.7527942657470703,73,24,0,0,0,109,133,53,86,605,0,1842,27039
oliveira/04_11/randm11.02.02.02.020_0030.05.aba.beta,True,35,10,0.13027691841125488,1.2804453372955322,0.004015922546386719,1.4147381782531738,71,35,0,0,0,89,122,55,55,649,0,1896,26842
oliveira/04_11/randm11.02.02.03.020_0030.01.aba.beta,True,25,10,0.556523323059082,4.942169666290283,0.0045146942138671875,5.503207683563232,110,25,0,0,0,285,124,64,261,705,0,2102,30642
oliveira/04_11/randm11.02.02.03.020_0030.02.aba.beta,True,24,10,1.0375778675079346,8.326882123947144,0.0035009384155273438,9.367960929870605,134,24,0,0,0,386,175,74,363,988,0,1571,22976
oliveira/04_11/randm11.02.02.03.020_0030.03.aba.beta,True,23,10,2.0401382446289062,15.250000238418579,0.0035295486450195312,17.293668031692505,149,23,0,0,0,547,189,75,525,1102,0,1612,23549
oliveira/04_11/randm11.02.02.03.020_0030.04.aba.beta,True,26,10,3.354609966278076,26.092913389205933,0.0019617080688476562,29.449485063552856,161,26,0,0,0,1069,199,71,1044,1118,0,1227,16795
oliveira/04_11/randm11.02.02.03.020_0030.05.aba.beta,True,26,10,0.4002244472503662,4.345212697982788,0.007205486297607422,4.752642631530762,100,26,0,0,0,236,152,65,211,656,0,3227,49046
oliveira/04_11/randm11.02.02.04.020_0030.01.aba.beta,True,15,9,0.05611467361450195,0.6624228954315186,0.0015943050384521484,0.7201318740844727,57,15,0,0,0,66,80,46,52,375,0,819,11487
oliveira/04_11/randm11.02.02.04.020_0030.02.aba.beta,True,20,9,0.19431352615356445,1.9843482971191406,0.002516031265258789,2.181177854537964,78,20,0,0,0,147,113,46,128,466,0,1194,16997
oliveira/04_11/randm11.02.02.04.020_0030.03.aba.beta,True,21,9,0.08637404441833496,0.6656627655029297,0.0019071102142333984,0.753943920135498,64,21,0,0,0,59,71,52,39,485,0,928,12662
oliveira/04_11/randm11.02.02.04.020_0030.04.aba.beta,True,25,9,0.0806875228881836,0.6450283527374268,0.0026674270629882812,0.7283833026885986,57,25,0,0,0,56,92,48,32,452,0,1276,17749
oliveira/04_11/randm11.02.02.04.020_0030.05.aba.beta,True,27,9,0.09633445739746094,0.8865950107574463,0.0027692317962646484,0.9856986999511719,59,27,0,0,0,73,93,48,47,451,0,1366,18962
oliveira/04_11/randm11.02.02.05.020_0030.01.aba.beta,True,19,8,0.058400630950927734,0.6376399993896484,0.002071857452392578,0.6981124877929688,53,19,0,0,0,55,87,42,37,437,0,1002,14245
oliveira/04_11/randm11.02.02.05.020_0030.02.aba.beta,True,20,8,0.06194567680358887,0.5355198383331299,0.0029516220092773438,0.6004171371459961,49,20,0,0,0,41,122,42,22,447,0,1374,20049
oliveira/04_11/randm11.02.02.05.020_0030.03.aba.beta,True,24,8,0.05994677543640137,0.5695431232452393,0.0024077892303466797,0.6318976879119873,53,24,0,0,0,51,78,46,28,437,0,1161,15933
oliveira/04_11/randm11.02.02.05.020_0030.04.aba.beta,True,24,8,0.0886681079864502,1.0673186779022217,0.0024530887603759766,1.1584398746490479,64,24,0,0,0,86,90,50,63,572,0,1162,16352
oliveira/04_11/randm11.02.02.05.020_0030.05.aba.beta,True,31,8,0.12328505516052246,1.2557446956634521,0.0029916763305664062,1.382021427154541,67,31,0,0,0,83,103,51,53,646,0,1430,19790
oliveira/04_11/randm11.02.02.06.020_0030.01.aba.beta,True,17,8,0.04588437080383301,0.3468146324157715,0.002439737319946289,0.3951387405395508,45,17,0,0,0,34,96,41,18,340,0,1123,16362
oliveira/04_11/randm11.02.02.06.020_0030.02.aba.beta,True,18,8,0.0593109130859375,0.6313252449035645,0.004010438919067383,0.6946465969085693,49,18,0,0,0,53,108,40,36,338,0,1842,29004
oliveira/04_11/randm11.02.02.06.020_0030.03.aba.beta,True,18,8,0.047477006912231445,0.32124853134155273,0.0019216537475585938,0.3706471920013428,46,18,0,0,0,35,50,34,18,333,0,904,12500
oliveira/04_11/randm11.02.02.06.020_0030.04.aba.beta,True,17,8,0.04114484786987305,0.3483695983886719,0.002068758010864258,0.3915832042694092,40,17,0,0,0,36,85,31,20,272,0,974,13961
oliveira/04_11/randm11.02.02.06.020_0030.05.aba.beta,True,17,8,0.048029184341430664,0.28095126152038574,0.0028040409088134766,0.3317844867706299,40,17,0,0,0,32,94,35,16,303,0,1264,18522
oliveira/04_11/randm11.02.02.07.020_0030.01.aba.beta,True,26,9,0.11304020881652832,1.359980821609497,0.004136323928833008,1.4771573543548584,67,26,0,0,0,84,125,53,59,505,0,1942,28152
oliveira/04_11/randm11.02.02.07.020_0030.02.aba.beta,True,26,9,0.11421585083007812,1.7083079814910889,0.0040476322174072266,1.8265714645385742,79,26,0,0,0,99,176,64,74,654,0,1881,27431
oliveira/04_11/randm11.02.02.07.020_0030.03.aba.beta,True,31,9,0.15371298789978027,2.038760185241699,0.005719661712646484,2.198192834854126,81,31,0,0,0,119,192,59,89,714,0,2595,38802
oliveira/04_11/randm11.02.02.07.020_0030.04.aba.beta,True,26,9,0.20617032051086426,2.8856003284454346,0.003858804702758789,3.0956294536590576,94,26,0,0,0,158,143,61,133,686,0,1687,24948
oliveira/04_11/randm11.02.02.07.020_0030.05.aba.beta,True,20,9,0.09659838676452637,1.3665452003479004,0.003093242645263672,1.4662368297576904,65,20,0,0,0,107,103,55,88,432,0,1440,20820
oliveira/04_11/randm11.02.02.08.020_0030.01.aba.beta,True,13,6,0.039162635803222656,0.3062283992767334,0.0015254020690917969,0.34691643714904785,46,13,0,0,0,37,60,34,25,320,0,735,10587
oliveira/04_11/randm11.02.02.08.020_0030.02.aba.beta,True,15,6,0.029192447662353516,0.20034575462341309,0.0016825199127197266,0.23122072219848633,38,15,0,0,0,29,58,31,15,229,0,833,11772
oliveira/04_11/randm11.02.02.08.020_0030.03.aba.beta,True,13,6,0.026177167892456055,0.12182497978210449,0.0025205612182617188,0.15052270889282227,27,13,0,0,0,21,44,27,9,148,0,1238,18745
oliveira/04_11/randm11.02.02.08.020_0030.04.aba.beta,True,12,6,0.028043746948242188,0.30315089225769043,0.0013763904571533203,0.33257102966308594,45,12,0,0,0,40,57,34,29,273,0,696,10005
oliveira/04_11/randm11.02.02.08.020_0030.05.aba.beta,True,12,6,0.0307314395904541,0.2578706741333008,0.001386880874633789,0.28998899459838867,45,12,0,0,0,36,54,32,25,240,0,656,9361
oliveira/04_11/randm11.02.02.09.020_0030.01.aba.beta,True,11,6,0.029501914978027344,0.2629365921020508,0.00200653076171875,0.2944450378417969,43,11,0,0,0,34,77,34,24,251,0,958,14613
oliveira/04_11/randm11.02.02.09.020_0030.02.aba.beta,True,13,6,0.028495073318481445,0.14144182205200195,0.0017445087432861328,0.17168140411376953,27,13,0,0,0,18,61,26,6,275,0,866,12620
oliveira/04_11/randm11.02.02.09.020_0030.03.aba.beta,True,15,6,0.030456066131591797,0.23534893989562988,0.0025167465209960938,0.2683217525482178,37,15,0,0,0,30,111,35,16,316,0,1231,18059
oliveira/04_11/randm11.02.02.09.020_0030.04.aba.beta,True,17,6,0.04284071922302246,0.387500524520874,0.0022802352905273438,0.43262147903442383,49,17,0,0,0,41,98,40,25,400,0,1119,16371
oliveira/04_11/randm11.02.02.09.020_0030.05.aba.beta,True,18,6,0.03836464881896973,0.2884833812713623,0.0024650096893310547,0.3293130397796631,39,18,0,0,0,36,95,36,19,307,0,1125,16128
oliveira/04_11/randm11.02.02.10.020_0030.01.aba.beta,True,33,9,1.839263677597046,22.50898790359497,0.008173465728759766,24.356425046920776,191,33,0,0,0,648,326,91,616,1533,0,4602,70834
oliveira/04_11/randm11.02.02.10.020_0030.02.aba.beta,True,34,9,1.4930760860443115,15.43078088760376,0.0066792964935302734,16.9305362701416,168,34,0,0,0,494,275,95,461,1371,0,3081,45708
oliveira/04_11/randm11.02.02.10.020_0030.03.aba.beta,True,23,9,1.562215805053711,16.20540738105774,0.004438161849975586,17.772061347961426,156,23,0,0,0,506,207,77,484,1149,0,1991,30253
oliveira/04_11/randm11.02.02.10.020_0030.04.aba.beta,True,33,9,1.6903667449951172,16.506799697875977,0.003554105758666992,18.20072054862976,181,33,0,0,0,550,224,83,518,1317,0,1985,28724
oliveira/04_11/randm11.02.02.10.020_0030.05.aba.beta,True,16,8,0.07679581642150879,1.3395090103149414,0.0023889541625976562,1.4186937808990479,68,16,0,0,0,103,127,54,88,467,0,1107,16161
oliveira/04_11/randm11.02.02.11.020_0030.01.aba.beta,True,27,11,0.11544466018676758,1.040900468826294,0.008794307708740234,1.1651394367218018,68,27,0,0,0,78,90,53,52,468,0,4001,62254
oliveira/04_11/randm11.02.02.11.020_0030.02.aba.beta,True,16,10,0.04840683937072754,0.4987361431121826,0.0016567707061767578,0.5487997531890869,48,16,0,0,0,47,59,41,32,299,0,812,11310
oliveira/04_11/randm11.02.02.11.020_0030.03.aba.beta,True,24,11,0.12404274940490723,1.441357135772705,0.003437042236328125,1.5688369274139404,71,24,0,0,0,110,96,55,87,475,0,1591,23601
oliveira/04_11/randm11.02.02.11.020_0030.04.aba.beta,True,28,11,0.174149751663208,1.9982717037200928,0.00979161262512207,2.182213068008423,81,28,0,0,0,121,120,57,94,616,0,4074,63142
oliveira/04_11/randm11.02.02.11.020_0030.05.aba.beta,True,19,11,0.09619379043579102,1.3322818279266357,0.008678913116455078,1.4371545314788818,64,19,0,0,0,99,76,48,81,387,0,3732,58479
oliveira/04_11/randm11.02.02.12.020_0030.01.aba.beta,True,21,6,0.04454851150512695,0.34697818756103516,0.00348663330078125,0.39501333236694336,42,21,0,0,0,34,112,38,14,373,0,1615,23745
oliveira/04_11/randm11.02.02.12.020_0030.02.aba.beta,True,16,6,0.037294864654541016,0.2433326244354248,0.002001047134399414,0.28262853622436523,39,16,0,0,0,29,80,35,14,283,0,909,13142
oliveira/04_11/randm11.02.02.12.020_0030.03.aba.beta,True,11,6,0.024216175079345703,0.14592409133911133,0.0017559528350830078,0.17189621925354004,31,11,0,0,0,22,75,29,12,172,0,826,12423
oliveira/04_11/randm11.02.02.12.020_0030.04.aba.beta,True,8,6,0.020025014877319336,0.08220624923706055,0.0014081001281738281,0.10363936424255371,24,8,0,0,0,15,35,22,8,110,0,609,9045
oliveira/04_11/randm11.02.02.12.020_0030.05.aba.beta,True,22,6,0.04069852828979492,0.40725207328796387,0.0030558109283447266,0.4510064125061035,43,22,0,0,0,35,117,39,14,465,0,1443,21369
oliveira/04_11/randm11.02.02.13.020_0030.01.aba.beta,True,19,9,0.11264824867248535,2.0649826526641846,0.002142190933227539,2.1797730922698975,79,19,0,0,0,128,107,54,110,548,0,1026,14257
oliveira/04_11/randm11.02.02.13.020_0030.02.aba.beta,True,19,9,0.10942196846008301,1.410360336303711,0.002351522445678711,1.5221338272094727,75,19,0,0,0,110,108,53,92,529,0,1109,15758
oliveira/04_11/randm11.02.02.13.020_0030.03.aba.beta,True,13,9,0.0976109504699707,1.411696195602417,0.0016167163848876953,1.5109238624572754,67,13,0,0,0,129,79,51,117,386,0,732,10263
oliveira/04_11/randm11.02.02.13.020_0030.04.aba.beta,True,22,9,0.15124130249023438,2.4662208557128906,0.003101348876953125,2.620563507080078,83,22,0,0,0,152,170,64,131,627,0,1467,21081
oliveira/04_11/randm11.02.02.13.020_0030.05.aba.beta,True,17,9,0.1098935604095459,1.9562792778015137,0.0024492740631103516,2.06862211227417,76,17,0,0,0,147,145,59,131,523,0,1169,16946
oliveira/04_11/randm11.02.02.14.020_0030.01.aba.beta,True,36,9,0.15206623077392578,2.6079185009002686,0.006318092346191406,2.7663028240203857,89,36,0,0,0,114,197,67,79,815,0,2825,42112
oliveira/04_11/randm11.02.02.14.020_0030.02.aba.beta,True,36,9,0.2962937355041504,5.393789529800415,0.009209156036376953,5.699292421340942,96,36,0,0,0,207,233,67,172,851,0,4042,60649
oliveira/04_11/randm11.02.02.14.020_0030.03.aba.beta,True,36,9,0.9850804805755615,12.002821207046509,0.00613856315612793,12.994040250778198,135,36,0,0,0,440,245,73,405,1155,0,2911,43189
oliveira/04_11/randm11.02.02.14.020_0030.04.aba.beta,True,26,9,0.11447548866271973,1.762519359588623,0.0036776065826416016,1.8806724548339844,84,26,0,0,0,119,148,68,94,654,0,1700,24520
oliveira/04_11/randm11.02.02.14.020_0030.05.aba.beta,True,33,9,0.1852569580078125,2.363699436187744,0.004346132278442383,2.553302526473999,85,33,0,0,0,126,148,68,94,704,0,2002,29576
oliveira/04_11/randm11.02.02.15.020_0030.01.aba.beta,True,23,10,0.11855459213256836,1.5765268802642822,0.0024290084838867188,1.6975104808807373,66,23,0,0,0,116,91,47,94,490,0,1160,16188
oliveira/04_11/randm11.02.02.15.020_0030.02.aba.beta,True,25,10,0.1582965850830078,1.697021245956421,0.002468585968017578,1.8577864170074463,74,25,0,0,0,111,95,50,87,564,0,1118,15252
oliveira/04_11/randm11.02.02.15.020_0030.03.aba.beta,True,20,10,0.0749964714050293,0.5640087127685547,0.002173900604248047,0.641179084777832,58,20,0,0,0,54,81,51,35,390,0,1035,14563
oliveira/04_11/randm11.02.02.15.020_0030.04.aba.beta,True,14,10,0.14594173431396484,1.71824049949646,0.001819610595703125,1.866001844406128,90,14,0,0,0,144,109,59,131,506,0,855,12475
oliveira/04_11/randm11.02.02.15.020_0030.05.aba.beta,True,23,10,0.126723051071167,1.3714406490325928,0.002185344696044922,1.5003490447998047,65,23,0,0,0,103,89,51,81,476,0,1041,14280
oliveira/04_11/randm11.02.02.16.020_0030.01.aba.beta,True,13,9,0.04187178611755371,0.45620012283325195,0.001550436019897461,0.4996223449707031,45,13,0,0,0,50,55,41,38,269,0,758,10783
oliveira/04_11/randm11.02.02.16.020_0030.02.aba.beta,True,24,9,0.08759570121765137,0.8428959846496582,0.0031147003173828125,0.9336063861846924,59,24,0,0,0,72,104,47,49,516,0,1396,20361
oliveira/04_11/randm11.02.02.16.020_0030.03.aba.beta,True,27,9,0.20173859596252441,2.28212571144104,0.005597829818725586,2.48946213722229,90,27,0,0,0,176,180,64,150,640,0,2472,36884
oliveira/04_11/randm11.02.02.16.020_0030.04.aba.beta,True,27,9,0.0821845531463623,0.6838498115539551,0.0023124217987060547,0.7683467864990234,54,27,0,0,0,51,68,44,25,488,0,1139,15436
oliveira/04_11/randm11.02.02.16.020_0030.05.aba.beta,True,29,9,0.11248326301574707,0.5396208763122559,0.003129243850708008,0.6552333831787109,55,29,0,0,0,44,99,45,16,514,0,1473,20512
oliveira/04_11/randm11.02.02.17.020_0030.01.aba.beta,True,25,11,2.842660427093506,17.733678579330444,0.0022666454315185547,20.57860565185547,167,25,0,0,0,855,209,77,831,1286,0,1513,21728
oliveira/04_11/randm11.02.02.17.020_0030.02.aba.beta,True,25,11,0.19961762428283691,3.528866767883301,0.003051280975341797,3.7315356731414795,84,25,0,0,0,179,136,61,155,681,0,1407,20440
oliveira/04_11/randm11.02.02.17.020_0030.03.aba.beta,True,26,11,0.2028043270111084,3.5282533168792725,0.004779338836669922,3.735836982727051,87,26,0,0,0,174,158,56,149,709,0,1583,22694
oliveira/04_11/randm11.02.02.17.020_0030.04.aba.beta,True,27,11,0.9396464824676514,7.220581531524658,0.002969026565551758,8.163197040557861,123,27,0,0,0,362,151,71,336,909,0,1388,19417
oliveira/04_11/randm11.02.02.17.020_0030.05.aba.beta,True,40,11,2.329953193664551,32.26779556274414,0.0044858455657958984,34.60223460197449,181,40,0,0,0,749,243,85,710,1553,0,2330,34356
oliveira/04_11/randm11.02.02.18.020_0030.01.aba.beta,True,15,7,0.04963231086730957,0.5042188167572021,0.0029234886169433594,0.5567746162414551,49,15,0,0,0,53,71,41,39,312,0,1405,20872
oliveira/04_11/randm11.02.02.18.020_0030.02.aba.beta,True,20,7,0.06312155723571777,1.2424931526184082,0.00399470329284668,1.3096094131469727,64,20,0,0,0,87,130,49,68,472,0,1841,27341
oliveira/04_11/randm11.02.02.18.020_0030.03.aba.beta,True,15,7,0.05054354667663574,0.6594808101654053,0.001901865005493164,0.7119262218475342,51,15,0,0,0,72,85,36,58,329,0,933,13153
oliveira/04_11/randm11.02.02.18.020_0030.04.aba.beta,True,22,7,0.04844331741333008,0.3282439708709717,0.004035234451293945,0.3807225227355957,46,22,0,0,0,32,79,40,11,319,0,1853,27522
oliveira/04_11/randm11.02.02.18.020_0030.05.aba.beta,True,24,7,0.051007747650146484,0.3682987689971924,0.004566192626953125,0.423872709274292,48,24,0,0,0,40,82,41,17,303,0,2040,30951
oliveira/04_11/randm11.02.02.19.020_0030.01.aba.beta,True,41,11,1.4265711307525635,72.95746111869812,0.003220796585083008,74.38725304603577,160,41,0,0,0,659,208,68,619,1408,0,2150,30497
oliveira/04_11/randm11.02.02.19.020_0030.02.aba.beta,True,33,11,3.1746597290039062,19.134839296340942,0.0035440921783447266,22.313043117523193,199,33,0,0,0,1025,256,93,993,1453,0,2246,32772
oliveira/04_11/randm11.02.02.19.020_0030.03.aba.beta,True,37,11,0.24878549575805664,3.3013558387756348,0.0064694881439208984,3.5566108226776123,102,37,0,0,0,163,196,74,127,926,0,2930,43087
oliveira/04_11/randm11.02.02.19.020_0030.04.aba.beta,True,24,11,1.0142467021942139,8.630868673324585,0.0024213790893554688,9.647536754608154,116,24,0,0,0,489,141,65,466,850,0,1362,20054
oliveira/04_11/randm11.02.02.19.020_0030.05.aba.beta,True,24,11,5.533672332763672,27.902716636657715,0.0018558502197265625,33.43824481964111,201,24,0,0,0,1844,238,79,1821,1485,0,1415,20483
