file name,succeeded,learning_rounds,automaton_size,learning_time,smt_time,eq_oracle_time,total_time,queries_learning,validity_query,rule1,rule2,rule3,rule4,nodes,informative_nodes,analyzed_bases,sul_steps,cache_saved,queries_eq_oracle,steps_eq_oracle
oliveira/04_11/randm04.02.02.01.020_0030.01.aba.beta,True,2,3,0.002973318099975586,0.037374019622802734,0.001316070556640625,0.041663408279418945,13,2,0,0,6,2,127,11,1,32,0,536,8587
oliveira/04_11/randm04.02.02.01.020_0030.02.aba.beta,True,2,4,0.0033092498779296875,0.04005289077758789,0.0028014183044433594,0.04616355895996094,15,2,0,0,8,2,269,15,1,39,0,538,8590
oliveira/04_11/randm04.02.02.01.020_0030.03.aba.beta,True,3,4,0.0050661563873291016,0.04148530960083008,0.0013582706451416016,0.04790973663330078,22,3,0,0,13,3,500,18,1,73,0,540,8592
oliveira/04_11/randm04.02.02.01.020_0030.04.aba.beta,True,3,4,0.0071239471435546875,0.04924464225769043,0.0011811256408691406,0.05754971504211426,24,3,0,0,15,4,1081,16,2,84,0,549,8634
oliveira/04_11/randm04.02.02.01.020_0030.05.aba.beta,True,2,4,0.003874063491821289,0.0400238037109375,0.0012369155883789062,0.045134782791137695,15,2,0,0,8,2,269,15,1,39,0,544,8612
oliveira/04_11/randm04.02.02.02.020_0030.01.aba.beta,True,1,1,0.0008387565612792969,0.03144192695617676,0.0012640953063964844,0.03354477882385254,3,1,0,0,0,1,9,3,1,2,0,543,8623
oliveira/04_11/randm04.02.02.02.020_0030.02.aba.beta,True,1,1,0.0008814334869384766,0.03070855140686035,0.0010783672332763672,0.032668352127075195,3,1,0,0,0,1,9,3,1,2,0,537,8598
oliveira/04_11/randm04.02.02.02.020_0030.03.aba.beta,True,1,1,0.0009064674377441406,0.03136467933654785,0.0013706684112548828,0.033641815185546875,3,1,0,0,0,1,9,3,1,2,0,527,8532
oliveira/04_11/randm04.02.02.02.020_0030.04.aba.beta,True,1,1,0.0008234977722167969,0.033742666244506836,0.001207113265991211,0.035773277282714844,3,1,0,0,0,1,9,3,1,2,0,536,8589
oliveira/04_11/randm04.02.02.02.020_0030.05.aba.beta,True,1,1,0.0009510517120361328,0.03174567222595215,0.001132965087890625,0.033829689025878906,3,1,0,0,0,1,9,3,1,2,0,536,8583
oliveira/04_11/randm04.02.02.03.020_0030.01.aba.beta,True,2,3,0.004006147384643555,0.03991222381591797,0.0013628005981445312,0.045281171798706055,12,2,0,0,2,4,276,12,3,28,0,536,8563
oliveira/04_11/randm04.02.02.03.020_0030.02.aba.beta,True,4,3,0.0070421695709228516,0.054479122161865234,0.00125885009765625,0.06278014183044434,14,4,0,0,2,6,891,12,3,62,0,597,9269
oliveira/04_11/randm04.02.02.03.020_0030.03.aba.beta,True,2,3,0.0028946399688720703,0.03498268127441406,0.0013270378112792969,0.03920435905456543,10,2,0,0,3,2,129,10,1,21,0,540,8598
oliveira/04_11/randm04.02.02.03.020_0030.04.aba.beta,True,2,3,0.0025904178619384766,0.006693840026855469,0.0011491775512695312,0.010433435440063477,10,2,0,0,3,2,129,10,1,21,0,543,8612
oliveira/04_11/randm04.02.02.03.020_0030.05.aba.beta,True,3,3,0.007356882095336914,0.045066118240356445,0.0013966560363769531,0.05381965637207031,14,3,0,0,3,5,551,11,3,42,0,547,8614
oliveira/04_11/randm04.02.02.04.020_0030.01.aba.beta,True,1,1,0.0009763240814208984,0.0030946731567382812,0.0011930465698242188,0.0052640438079833984,3,1,0,0,0,1,9,3,1,2,0,529,8558
oliveira/04_11/randm04.02.02.04.020_0030.02.aba.beta,True,1,1,0.0010228157043457031,0.002002716064453125,0.001051187515258789,0.004076719284057617,3,1,0,0,0,1,9,3,1,2,0,531,8570
oliveira/04_11/randm04.02.02.04.020_0030.03.aba.beta,True,1,1,0.0011475086212158203,0.0022399425506591797,0.0011773109436035156,0.004564762115478516,3,1,0,0,0,1,9,3,1,2,0,532,8571
oliveira/04_11/randm04.02.02.04.020_0030.04.aba.beta,True,1,1,0.0008800029754638672,0.028813838958740234,0.0011293888092041016,0.030823230743408203,3,1,0,0,0,1,9,3,1,2,0,535,8587
oliveira/04_11/randm04.02.02.04.020_0030.05.aba.beta,True,1,1,0.0009438991546630859,0.030870914459228516,0.0012483596801757812,0.03306317329406738,3,1,0,0,0,1,9,3,1,2,0,539,8598
oliveira/04_11/randm04.02.02.05.020_0030.01.aba.beta,True,1,2,0.004042625427246094,0.0027010440826416016,0.001161813735961914,0.00790548324584961,5,1,0,0,0,1,23,5,1,6,0,533,8580
oliveira/04_11/randm04.02.02.05.020_0030.02.aba.beta,True,1,2,0.0013675689697265625,0.002939462661743164,0.0013201236724853516,0.005627155303955078,5,1,0,0,0,1,23,5,1,6,0,529,8561
oliveira/04_11/randm04.02.02.05.020_0030.03.aba.beta,True,1,2,0.0013990402221679688,0.0031881332397460938,0.0012238025665283203,0.005810976028442383,5,1,0,0,0,1,23,5,1,6,0,538,8604
oliveira/04_11/randm04.02.02.05.020_0030.04.aba.beta,True,1,2,0.0014362335205078125,0.002801656723022461,0.001168966293334961,0.005406856536865234,5,1,0,0,0,1,23,5,1,6,0,531,8548
oliveira/04_11/randm04.02.02.05.020_0030.05.aba.beta,True,1,2,0.00112152099609375,0.00270843505859375,0.0011873245239257812,0.005017280578613281,5,1,0,0,0,1,23,5,1,6,0,528,8549
oliveira/04_11/randm04.02.02.06.020_0030.01.aba.beta,True,2,3,0.003821849822998047,0.009207725524902344,0.0011899471282958984,0.014219522476196289,19,2,0,0,8,2,364,12,1,83,0,534,8558
oliveira/04_11/randm04.02.02.06.020_0030.02.aba.beta,True,2,3,0.0038022994995117188,0.012795209884643555,0.0012314319610595703,0.017828941345214844,16,2,0,0,7,3,504,15,2,50,0,552,8677
oliveira/04_11/randm04.02.02.06.020_0030.03.aba.beta,True,2,3,0.002610445022583008,0.0068089962005615234,0.0011208057403564453,0.010540246963500977,11,2,0,0,4,2,136,11,1,26,0,540,8602
oliveira/04_11/randm04.02.02.06.020_0030.04.aba.beta,True,3,3,0.004590272903442383,0.011372804641723633,0.0012214183807373047,0.01718449592590332,11,3,0,0,3,3,240,10,1,33,0,556,8693
oliveira/04_11/randm04.02.02.06.020_0030.05.aba.beta,True,2,3,0.002859354019165039,0.007258415222167969,0.0011780261993408203,0.011295795440673828,15,2,0,0,6,2,201,13,1,45,0,546,8620
oliveira/04_11/randm04.02.02.07.020_0030.01.aba.beta,True,1,2,0.0011472702026367188,0.0030472278594970703,0.001260519027709961,0.00545501708984375,5,1,0,0,0,1,20,5,1,6,0,531,8557
oliveira/04_11/randm04.02.02.07.020_0030.02.aba.beta,True,1,2,0.0012960433959960938,0.0032172203063964844,0.002045869827270508,0.006559133529663086,5,1,0,0,0,1,20,5,1,6,0,531,8567
oliveira/04_11/randm04.02.02.07.020_0030.03.aba.beta,True,1,2,0.0010857582092285156,0.0025963783264160156,0.0010924339294433594,0.004774570465087891,5,1,0,0,0,1,20,5,1,6,0,538,8600
oliveira/04_11/randm04.02.02.07.020_0030.04.aba.beta,True,1,2,0.0010828971862792969,0.002785921096801758,0.0011439323425292969,0.0050127506256103516,5,1,0,0,0,1,20,5,1,6,0,538,8598
oliveira/04_11/randm04.02.02.07.020_0030.05.aba.beta,True,1,2,0.00103759765625,0.0025992393493652344,0.0012445449829101562,0.004881381988525391,5,1,0,0,0,1,20,5,1,6,0,541,8614
oliveira/04_11/randm04.02.02.08.020_0030.01.aba.beta,True,4,4,0.025139570236206055,0.0730295181274414,0.001407623291015625,0.09957671165466309,53,4,0,0,37,10,6508,31,7,275,0,614,9436
oliveira/04_11/randm04.02.02.08.020_0030.02.aba.beta,True,9,4,0.027739763259887695,0.07765340805053711,0.0015799999237060547,0.10697317123413086,38,9,0,0,22,11,6348,21,3,224,0,726,10963
oliveira/04_11/randm04.02.02.08.020_0030.03.aba.beta,True,3,4,0.006039857864379883,0.01454615592956543,0.0014569759368896484,0.02204298973083496,23,3,0,0,14,3,641,19,1,91,0,604,9528
oliveira/04_11/randm04.02.02.08.020_0030.04.aba.beta,True,2,4,0.0035805702209472656,0.009239435195922852,0.0011615753173828125,0.01398158073425293,22,2,0,0,14,2,395,18,1,79,0,543,8614
oliveira/04_11/randm04.02.02.08.020_0030.05.aba.beta,True,2,4,0.0045664310455322266,0.013707160949707031,0.0013031959533691406,0.0195767879486084,23,2,0,0,12,4,665,21,3,84,0,546,8631
oliveira/04_11/randm04.02.02.09.020_0030.01.aba.beta,True,2,3,0.0028738975524902344,0.00893855094909668,0.0011844635009765625,0.012996912002563477,11,2,0,0,3,3,167,11,2,29,0,541,8608
oliveira/04_11/randm04.02.02.09.020_0030.02.aba.beta,True,2,3,0.0035953521728515625,0.011261224746704102,0.001180410385131836,0.0160369873046875,10,2,0,0,2,3,228,9,2,28,0,534,8569
oliveira/04_11/randm04.02.02.09.020_0030.03.aba.beta,True,2,3,0.003610372543334961,0.020287752151489258,0.0012199878692626953,0.025118112564086914,13,2,0,0,1,5,446,12,4,35,0,545,8636
oliveira/04_11/randm04.02.02.09.020_0030.04.aba.beta,True,2,3,0.006176471710205078,0.02007770538330078,0.0011889934539794922,0.02744317054748535,13,2,0,0,1,5,577,13,4,41,0,553,8716
oliveira/04_11/randm04.02.02.09.020_0030.05.aba.beta,True,2,3,0.004873991012573242,0.01025533676147461,0.001203775405883789,0.01633310317993164,11,2,0,0,3,3,265,11,2,36,0,549,8669
oliveira/04_11/randm04.02.02.10.020_0030.01.aba.beta,True,6,4,0.031227588653564453,0.09905028343200684,0.001558065414428711,0.1318359375,30,6,0,0,6,15,6105,24,10,146,0,688,10521
oliveira/04_11/randm04.02.02.10.020_0030.02.aba.beta,True,5,4,0.016993045806884766,0.07047510147094727,0.0012862682342529297,0.08875441551208496,24,5,0,0,3,13,3227,20,9,101,0,590,9206
oliveira/04_11/randm04.02.02.10.020_0030.03.aba.beta,True,3,4,0.015496015548706055,0.066192626953125,0.0013175010681152344,0.08300614356994629,22,3,0,0,3,11,3384,19,9,111,0,589,9306
oliveira/04_11/randm04.02.02.10.020_0030.04.aba.beta,True,2,4,0.015788555145263672,0.06573963165283203,0.0012078285217285156,0.08273601531982422,27,2,0,0,7,11,3207,20,10,104,0,555,8784
oliveira/04_11/randm04.02.02.10.020_0030.05.aba.beta,True,2,4,0.014320850372314453,0.06651949882507324,0.0012042522430419922,0.08204460144042969,27,2,0,0,7,11,2913,21,10,104,0,560,8819
oliveira/04_11/randm04.02.02.11.020_0030.01.aba.beta,True,3,4,0.005448818206787109,0.015480995178222656,0.0019156932830810547,0.02284550666809082,22,3,0,0,13,3,407,18,1,62,0,844,13361
oliveira/04_11/randm04.02.02.11.020_0030.02.aba.beta,True,3,4,0.007765293121337891,0.012118816375732422,0.0020294189453125,0.021913528442382812,22,3,0,0,13,3,407,21,1,62,0,841,13341
oliveira/04_11/randm04.02.02.11.020_0030.03.aba.beta,True,3,4,0.0066640377044677734,0.013035297393798828,0.0012183189392089844,0.020917654037475586,21,3,0,0,12,3,379,16,1,70,0,551,8634
oliveira/04_11/randm04.02.02.11.020_0030.04.aba.beta,True,4,4,0.008036613464355469,0.018436670303344727,0.0011813640594482422,0.027654647827148438,23,4,0,0,13,4,671,15,1,87,0,554,8644
oliveira/04_11/randm04.02.02.11.020_0030.05.aba.beta,True,5,4,0.00959920883178711,0.024205923080444336,0.0017459392547607422,0.03555107116699219,30,5,0,0,19,5,1031,19,1,115,0,795,12785
oliveira/04_11/randm04.02.02.12.020_0030.01.aba.beta,True,2,3,0.004804372787475586,0.018074512481689453,0.0011703968048095703,0.02404928207397461,16,2,0,0,4,5,474,16,4,50,0,545,8621
oliveira/04_11/randm04.02.02.12.020_0030.02.aba.beta,True,4,3,0.007597208023071289,0.031629323959350586,0.0012707710266113281,0.0404973030090332,18,4,0,0,5,7,924,13,4,62,0,564,8711
oliveira/04_11/randm04.02.02.12.020_0030.03.aba.beta,True,2,3,0.0031538009643554688,0.009976387023925781,0.0011646747589111328,0.014294862747192383,15,2,0,0,7,3,222,14,2,42,0,551,8639
oliveira/04_11/randm04.02.02.12.020_0030.04.aba.beta,True,2,3,0.003269195556640625,0.011778831481933594,0.0011339187622070312,0.01618194580078125,16,2,0,0,8,3,197,15,2,46,0,541,8599
oliveira/04_11/randm04.02.02.12.020_0030.05.aba.beta,True,2,3,0.004997968673706055,0.010527372360229492,0.0011909008026123047,0.01671624183654785,16,2,0,0,8,3,257,16,2,50,0,540,8607
oliveira/04_11/randm04.02.02.13.020_0030.01.aba.beta,True,1,1,0.0013267993927001953,0.0018482208251953125,0.0010974407196044922,0.0042724609375,3,1,0,0,0,1,9,3,1,2,0,528,8539
oliveira/04_11/randm04.02.02.13.020_0030.02.aba.beta,True,1,1,0.0010986328125,0.00191497802734375,0.0011222362518310547,0.004135847091674805,3,1,0,0,0,1,9,3,1,2,0,535,8584
oliveira/04_11/randm04.02.02.13.020_0030.03.aba.beta,True,1,1,0.0006103515625,0.0025491714477539062,0.001123666763305664,0.00428318977355957,3,1,0,0,0,1,9,3,1,2,0,534,8583
oliveira/04_11/randm04.02.02.13.020_0030.04.aba.beta,True,1,1,0.0010519027709960938,0.0019011497497558594,0.0011553764343261719,0.004108428955078125,3,1,0,0,0,1,9,3,1,2,0,537,8593
oliveira/04_11/randm04.02.02.13.020_0030.05.aba.beta,True,1,1,0.0007996559143066406,0.0019404888153076172,0.0012214183807373047,0.0039615631103515625,3,1,0,0,0,1,9,3,1,2,0,543,8623
oliveira/04_11/randm04.02.02.14.020_0030.01.aba.beta,True,3,4,0.0064923763275146484,0.010944128036499023,0.0011849403381347656,0.018621444702148438,20,3,0,0,11,3,340,17,1,60,0,547,8613
oliveira/04_11/randm04.02.02.14.020_0030.02.aba.beta,True,4,4,0.007274150848388672,0.014955759048461914,0.0011763572692871094,0.023406267166137695,17,4,0,0,7,4,524,13,1,48,0,549,8620
oliveira/04_11/randm04.02.02.14.020_0030.03.aba.beta,True,4,4,0.013071775436401367,0.04726362228393555,0.0013282299041748047,0.06166362762451172,31,4,0,0,14,10,2475,17,7,142,0,570,8785
oliveira/04_11/randm04.02.02.14.020_0030.04.aba.beta,True,3,4,0.009465694427490234,0.03294181823730469,0.0012574195861816406,0.04366493225097656,31,3,0,0,11,7,1573,21,5,141,0,554,8684
oliveira/04_11/randm04.02.02.14.020_0030.05.aba.beta,True,3,4,0.00487065315246582,0.011662483215332031,0.001127004623413086,0.017660140991210938,18,3,0,0,9,3,340,16,1,48,0,539,8574
oliveira/04_11/randm04.02.02.15.020_0030.01.aba.beta,True,1,2,0.0012238025665283203,0.0026161670684814453,0.0010945796966552734,0.004934549331665039,5,1,0,0,0,1,25,4,1,6,0,533,8586
oliveira/04_11/randm04.02.02.15.020_0030.02.aba.beta,True,1,2,0.0010917186737060547,0.002387523651123047,0.0011730194091796875,0.004652261734008789,5,1,0,0,0,1,20,5,1,6,0,532,8581
oliveira/04_11/randm04.02.02.15.020_0030.03.aba.beta,True,1,2,0.00128936767578125,0.0031354427337646484,0.0012531280517578125,0.005677938461303711,5,1,0,0,0,1,20,5,1,6,0,541,8605
oliveira/04_11/randm04.02.02.15.020_0030.04.aba.beta,True,1,2,0.0011391639709472656,0.0026099681854248047,0.0014014244079589844,0.005150556564331055,5,1,0,0,0,1,20,5,1,6,0,542,8616
oliveira/04_11/randm04.02.02.15.020_0030.05.aba.beta,True,1,2,0.0014946460723876953,0.0024917125701904297,0.001094818115234375,0.0050811767578125,5,1,0,0,0,1,20,5,1,6,0,534,8580
oliveira/04_11/randm04.02.02.16.020_0030.01.aba.beta,True,2,3,0.002351999282836914,0.006208896636962891,0.0010802745819091797,0.009641170501708984,12,2,0,0,3,2,179,12,1,29,0,536,8574
oliveira/04_11/randm04.02.02.16.020_0030.02.aba.beta,True,3,3,0.004915475845336914,0.016139984130859375,0.0013391971588134766,0.022394657135009766,15,3,0,0,4,5,651,12,3,48,0,550,8634
oliveira/04_11/randm04.02.02.16.020_0030.03.aba.beta,True,2,3,0.004951000213623047,0.01248931884765625,0.0016613006591796875,0.019101619720458984,13,2,0,0,3,4,371,13,3,35,0,546,8632
oliveira/04_11/randm04.02.02.16.020_0030.04.aba.beta,True,2,3,0.004059314727783203,0.012129783630371094,0.002838611602783203,0.0190277099609375,13,2,0,0,3,4,362,12,3,34,0,549,8641
oliveira/04_11/randm04.02.02.16.020_0030.05.aba.beta,True,2,3,0.0030868053436279297,0.006891965866088867,0.0010607242584228516,0.011039495468139648,14,2,0,0,3,2,257,13,1,40,0,541,8613
oliveira/04_11/randm04.02.02.17.020_0030.01.aba.beta,True,2,3,0.003924846649169922,0.019982337951660156,0.0015797615051269531,0.02548694610595703,12,2,0,0,0,5,332,12,4,31,0,549,8649
oliveira/04_11/randm04.02.02.17.020_0030.02.aba.beta,True,2,3,0.004233837127685547,0.020601987838745117,0.0013585090637207031,0.026194334030151367,12,2,0,0,0,5,452,12,4,37,0,553,8710
oliveira/04_11/randm04.02.02.17.020_0030.03.aba.beta,True,2,3,0.0029954910278320312,0.009208917617797852,0.001138925552368164,0.013343334197998047,10,2,0,0,2,3,186,10,2,26,0,535,8562
oliveira/04_11/randm04.02.02.17.020_0030.04.aba.beta,True,2,3,0.0031287670135498047,0.013072490692138672,0.001287221908569336,0.017488479614257812,10,2,0,0,2,3,212,10,2,28,0,535,8572
oliveira/04_11/randm04.02.02.17.020_0030.05.aba.beta,True,2,3,0.004263162612915039,0.02064967155456543,0.001806497573852539,0.026719331741333008,12,2,0,0,0,5,352,12,4,32,0,540,8576
oliveira/04_11/randm04.02.02.18.020_0030.01.aba.beta,True,3,4,0.010705947875976562,0.03912615776062012,0.0011832714080810547,0.051015377044677734,45,3,0,0,33,7,2185,27,5,202,0,560,8700
oliveira/04_11/randm04.02.02.18.020_0030.02.aba.beta,True,3,4,0.008401155471801758,0.025282859802246094,0.0011687278747558594,0.03485274314880371,23,3,0,0,12,6,941,20,4,83,0,561,8719
oliveira/04_11/randm04.02.02.18.020_0030.03.aba.beta,True,3,4,0.013088464736938477,0.046268463134765625,0.0011925697326660156,0.06054949760437012,38,3,0,0,25,9,2503,26,7,151,0,560,8728
oliveira/04_11/randm04.02.02.18.020_0030.04.aba.beta,True,3,4,0.013496637344360352,0.044933319091796875,0.0013270378112792969,0.05975699424743652,48,3,0,0,36,7,2959,30,5,241,0,559,8780
oliveira/04_11/randm04.02.02.18.020_0030.05.aba.beta,True,3,4,0.011251211166381836,0.03984522819519043,0.001275777816772461,0.05237221717834473,47,3,0,0,35,7,2145,28,5,211,0,547,8625
oliveira/04_11/randm04.02.02.19.020_0030.01.aba.beta,True,2,3,0.007318258285522461,0.020648479461669922,0.0011928081512451172,0.0291595458984375,19,2,0,0,6,5,793,17,4,64,0,541,8599
oliveira/04_11/randm04.02.02.19.020_0030.02.aba.beta,True,2,3,0.006978511810302734,0.024362564086914062,0.0012485980987548828,0.03258967399597168,18,2,0,0,5,5,943,16,4,63,0,553,8685
oliveira/04_11/randm04.02.02.19.020_0030.03.aba.beta,True,2,3,0.003998994827270508,0.012248754501342773,0.0012919902801513672,0.01753973960876465,16,2,0,0,7,3,451,14,2,52,0,537,8585
oliveira/04_11/randm04.02.02.19.020_0030.04.aba.beta,True,2,3,0.0038604736328125,0.010744810104370117,0.001093149185180664,0.01569843292236328,16,2,0,0,7,3,522,13,2,50,0,538,8589
oliveira/04_11/randm04.02.02.19.020_0030.05.aba.beta,True,3,3,0.008512020111083984,0.029161930084228516,0.001344442367553711,0.03901839256286621,15,3,0,0,2,6,1061,12,4,61,0,563,8791
oliveira/04_11/randm05.02.02.01.020_0030.01.aba.beta,True,2,3,0.0029838085174560547,0.0074045658111572266,0.0023496150970458984,0.01273798942565918,17,2,0,0,8,2,224,16,1,56,0,536,8566
oliveira/04_11/randm05.02.02.01.020_0030.02.aba.beta,True,2,3,0.0038378238677978516,0.008452892303466797,0.0014815330505371094,0.013772249221801758,17,2,0,0,8,2,224,15,1,56,0,542,8607
oliveira/04_11/randm05.02.02.01.020_0030.03.aba.beta,True,3,3,0.007153511047363281,0.01299428939819336,0.0013527870178222656,0.021500587463378906,17,3,0,0,9,3,508,11,1,60,0,557,8677
oliveira/04_11/randm05.02.02.01.020_0030.04.aba.beta,True,2,3,0.002605438232421875,0.006049633026123047,0.0011823177337646484,0.00983738899230957,13,2,0,0,6,2,159,11,1,36,0,537,8578
oliveira/04_11/randm05.02.02.01.020_0030.05.aba.beta,True,2,3,0.0032303333282470703,0.0073053836822509766,0.001207113265991211,0.011742830276489258,13,2,0,0,6,2,159,11,1,36,0,525,8509
oliveira/04_11/randm05.02.02.02.020_0030.01.aba.beta,True,2,3,0.0039806365966796875,0.00788259506225586,0.001186370849609375,0.013049602508544922,18,2,0,0,11,2,307,14,1,62,0,524,8509
oliveira/04_11/randm05.02.02.02.020_0030.02.aba.beta,True,2,3,0.004039764404296875,0.01333761215209961,0.0012273788452148438,0.018604755401611328,13,2,0,0,3,4,486,10,3,36,0,544,8631
oliveira/04_11/randm05.02.02.02.020_0030.03.aba.beta,True,3,3,0.006022453308105469,0.02513909339904785,0.0011630058288574219,0.03232455253601074,17,3,0,0,6,5,840,12,3,75,0,563,8853
oliveira/04_11/randm05.02.02.02.020_0030.04.aba.beta,True,2,3,0.0031778812408447266,0.007297992706298828,0.0012791156768798828,0.011754989624023438,17,2,0,0,10,2,181,16,1,56,0,537,8583
oliveira/04_11/randm05.02.02.02.020_0030.05.aba.beta,True,2,3,0.002743244171142578,0.00629878044128418,0.0012483596801757812,0.010290384292602539,17,2,0,0,10,2,181,14,1,56,0,535,8572
oliveira/04_11/randm05.02.02.03.020_0030.01.aba.beta,True,1,1,0.0009808540344238281,0.001973867416381836,0.0011010169982910156,0.00405573844909668,3,1,0,0,0,1,9,3,1,2,0,543,8619
oliveira/04_11/randm05.02.02.03.020_0030.02.aba.beta,True,1,1,0.0006306171417236328,0.002844095230102539,0.001171112060546875,0.004645824432373047,3,1,0,0,0,1,9,3,1,2,0,538,8597
oliveira/04_11/randm05.02.02.03.020_0030.03.aba.beta,True,1,1,0.0012652873992919922,0.0053539276123046875,0.0012652873992919922,0.007884502410888672,3,1,0,0,0,1,9,3,1,2,0,537,8598
oliveira/04_11/randm05.02.02.03.020_0030.04.aba.beta,True,1,1,0.0009357929229736328,0.0022268295288085938,0.0011031627655029297,0.004265785217285156,3,1,0,0,0,1,9,3,1,2,0,534,8583
oliveira/04_11/randm05.02.02.03.020_0030.05.aba.beta,True,1,1,0.0008001327514648438,0.0019521713256835938,0.0011239051818847656,0.003876209259033203,3,1,0,0,0,1,9,3,1,2,0,521,8531
oliveira/04_11/randm05.02.02.04.020_0030.01.aba.beta,True,3,5,0.02492547035217285,0.04913163185119629,0.001249551773071289,0.07530665397644043,38,3,0,0,24,8,4861,22,6,175,0,592,9217
oliveira/04_11/randm05.02.02.04.020_0030.02.aba.beta,True,4,5,0.017116308212280273,0.03516244888305664,0.0014576911926269531,0.05373644828796387,30,4,0,0,17,7,3063,21,4,121,0,591,9164
oliveira/04_11/randm05.02.02.04.020_0030.03.aba.beta,True,4,5,0.020367145538330078,0.050568342208862305,0.001190185546875,0.07212567329406738,41,4,0,0,22,7,4034,28,4,222,0,588,8919
oliveira/04_11/randm05.02.02.04.020_0030.04.aba.beta,True,8,5,0.0455784797668457,0.1262962818145752,0.0016884803771972656,0.17356324195861816,72,8,0,0,55,13,10782,41,6,408,0,738,11116
oliveira/04_11/randm05.02.02.04.020_0030.05.aba.beta,True,6,5,0.03315877914428711,0.09417724609375,0.0013942718505859375,0.12873029708862305,70,6,0,0,55,11,7721,38,6,364,0,647,9939
oliveira/04_11/randm05.02.02.05.020_0030.01.aba.beta,True,3,4,0.009534835815429688,0.038930416107177734,0.001194000244140625,0.04965925216674805,28,3,0,0,11,8,1308,19,6,113,0,551,8627
oliveira/04_11/randm05.02.02.05.020_0030.02.aba.beta,True,3,4,0.010883808135986328,0.02755427360534668,0.0012555122375488281,0.039693593978881836,36,3,0,0,23,6,1475,22,4,171,0,545,8604
oliveira/04_11/randm05.02.02.05.020_0030.03.aba.beta,True,3,4,0.01474618911743164,0.0323028564453125,0.0011878013610839844,0.048236846923828125,42,3,0,0,29,6,1789,23,4,209,0,544,8593
oliveira/04_11/randm05.02.02.05.020_0030.04.aba.beta,True,5,4,0.014232873916625977,0.04610776901245117,0.00127410888671875,0.0616147518157959,31,5,0,0,16,8,2276,20,4,179,0,609,9408
oliveira/04_11/randm05.02.02.05.020_0030.05.aba.beta,True,3,4,0.012577295303344727,0.03635549545288086,0.0012416839599609375,0.05017447471618652,33,3,0,0,16,8,2108,23,6,161,0,565,8843
oliveira/04_11/randm05.02.02.06.020_0030.01.aba.beta,True,6,5,0.040688276290893555,0.10227370262145996,0.0015544891357421875,0.1445164680480957,51,6,0,0,29,13,8541,26,8,265,0,722,11047
oliveira/04_11/randm05.02.02.06.020_0030.02.aba.beta,True,6,5,0.0807192325592041,0.16049575805664062,0.0013201236724853516,0.24253511428833008,74,6,0,0,53,16,21633,29,11,470,0,590,8859
oliveira/04_11/randm05.02.02.06.020_0030.03.aba.beta,True,4,5,0.05506134033203125,0.11071515083312988,0.0012629032135009766,0.1670393943786621,82,4,0,0,64,14,16518,29,11,497,0,564,8740
oliveira/04_11/randm05.02.02.06.020_0030.04.aba.beta,True,10,5,0.11046648025512695,0.24294328689575195,0.001804351806640625,0.35521411895751953,81,10,0,0,53,23,30677,37,14,553,0,839,12383
oliveira/04_11/randm05.02.02.06.020_0030.05.aba.beta,True,6,5,0.04167294502258301,0.09091305732727051,0.0012853145599365234,0.13387131690979004,57,6,0,0,35,11,9021,28,6,314,0,596,8919
oliveira/04_11/randm05.02.02.07.020_0030.01.aba.beta,True,7,5,0.060607194900512695,0.15654635429382324,0.0018939971923828125,0.21904754638671875,44,7,0,0,23,16,15590,30,10,263,0,837,12691
oliveira/04_11/randm05.02.02.07.020_0030.02.aba.beta,True,6,5,0.06593918800354004,0.14971232414245605,0.0016105175018310547,0.21726202964782715,57,6,0,0,38,15,17688,35,10,322,0,740,11278
oliveira/04_11/randm05.02.02.07.020_0030.03.aba.beta,True,7,5,0.044501304626464844,0.09631204605102539,0.0016548633575439453,0.14246821403503418,44,7,0,0,24,12,9611,27,6,250,0,703,10647
oliveira/04_11/randm05.02.02.07.020_0030.04.aba.beta,True,8,5,0.14589619636535645,0.2887270450592041,0.002490997314453125,0.43711423873901367,63,8,0,0,37,28,48378,32,21,423,0,904,13752
oliveira/04_11/randm05.02.02.07.020_0030.05.aba.beta,True,7,5,0.061118125915527344,0.14223432540893555,0.0019342899322509766,0.20528674125671387,46,7,0,0,27,15,17798,28,9,275,0,834,12679
oliveira/04_11/randm05.02.02.08.020_0030.01.aba.beta,True,3,3,0.0045964717864990234,0.013537168502807617,0.0013692378997802734,0.019502878189086914,13,3,0,0,2,3,313,12,1,39,0,542,8605
oliveira/04_11/randm05.02.02.08.020_0030.02.aba.beta,True,2,3,0.003950595855712891,0.010028600692749023,0.001226186752319336,0.01520538330078125,13,2,0,0,2,2,220,13,1,34,0,546,8621
oliveira/04_11/randm05.02.02.08.020_0030.03.aba.beta,True,5,3,0.010030746459960938,0.023772239685058594,0.0012118816375732422,0.03501486778259277,16,5,0,0,6,5,759,10,1,57,0,563,8700
oliveira/04_11/randm05.02.02.08.020_0030.04.aba.beta,True,2,3,0.0026934146881103516,0.0064046382904052734,0.0011680126190185547,0.01026606559753418,10,2,0,0,3,2,129,10,1,22,0,539,8597
oliveira/04_11/randm05.02.02.08.020_0030.05.aba.beta,True,2,3,0.0031609535217285156,0.006678342819213867,0.0022046566009521484,0.012043952941894531,12,2,0,0,2,2,193,11,1,28,0,545,8613
oliveira/04_11/randm05.02.02.09.020_0030.01.aba.beta,True,3,4,0.011524677276611328,0.04452848434448242,0.0012471675872802734,0.05730032920837402,25,3,0,0,12,8,1725,18,6,108,0,592,9265
oliveira/04_11/randm05.02.02.09.020_0030.02.aba.beta,True,2,4,0.009404420852661133,0.02917766571044922,0.0012159347534179688,0.03979802131652832,25,2,0,0,11,6,1603,15,5,97,0,553,8681
oliveira/04_11/randm05.02.02.09.020_0030.03.aba.beta,True,3,4,0.0060236454010009766,0.019804000854492188,0.0012936592102050781,0.027121305465698242,24,3,0,0,14,3,693,13,1,111,0,586,9144
oliveira/04_11/randm05.02.02.09.020_0030.04.aba.beta,True,3,4,0.0072443485260009766,0.016030311584472656,0.0018165111541748047,0.025091171264648438,17,3,0,0,7,3,598,12,1,61,0,550,8635
oliveira/04_11/randm05.02.02.09.020_0030.05.aba.beta,True,3,4,0.005858659744262695,0.013420581817626953,0.0012726783752441406,0.02055191993713379,18,3,0,0,8,3,520,11,1,64,0,547,8638
oliveira/04_11/randm05.02.02.10.020_0030.01.aba.beta,True,8,5,0.03505301475524902,0.0740365982055664,0.0014290809631347656,0.1105186939239502,33,8,0,0,16,9,6692,21,2,210,0,647,9744
oliveira/04_11/randm05.02.02.10.020_0030.02.aba.beta,True,4,5,0.018244504928588867,0.05900883674621582,0.002816438674926758,0.08006978034973145,32,4,0,0,16,8,3457,24,5,146,0,583,8945
oliveira/04_11/randm05.02.02.10.020_0030.03.aba.beta,True,6,5,0.032835960388183594,0.07077860832214355,0.00135040283203125,0.1049649715423584,34,6,0,0,17,10,5708,24,5,195,0,615,9340
oliveira/04_11/randm05.02.02.10.020_0030.04.aba.beta,True,6,5,0.03903484344482422,0.10080456733703613,0.0024666786193847656,0.14230608940124512,72,6,0,0,50,9,8512,34,4,409,0,1117,17479
oliveira/04_11/randm05.02.02.10.020_0030.05.aba.beta,True,6,5,0.048143625259399414,0.1314239501953125,0.001519918441772461,0.18108749389648438,57,6,0,0,34,16,12797,32,11,307,0,641,9859
oliveira/04_11/randm05.02.02.11.020_0030.01.aba.beta,True,5,5,0.031464576721191406,0.050971269607543945,0.003371000289916992,0.08580684661865234,40,5,0,0,23,7,4303,23,3,185,0,1602,25109
oliveira/04_11/randm05.02.02.11.020_0030.02.aba.beta,True,4,5,0.02508854866027832,0.06631588935852051,0.0029516220092773438,0.09435606002807617,57,4,0,0,42,9,5774,35,6,267,0,1134,18070
oliveira/04_11/randm05.02.02.11.020_0030.03.aba.beta,True,5,5,0.030480384826660156,0.06135392189025879,0.0012934207916259766,0.09312772750854492,50,5,0,0,37,8,8595,30,4,240,0,612,9532
oliveira/04_11/randm05.02.02.11.020_0030.04.aba.beta,True,3,5,0.02708125114440918,0.05631613731384277,0.0011610984802246094,0.08455848693847656,90,3,0,0,78,7,6466,33,5,537,0,547,8647
oliveira/04_11/randm05.02.02.11.020_0030.05.aba.beta,True,6,5,0.04276227951049805,0.08522987365722656,0.004239797592163086,0.1322319507598877,64,6,0,0,47,11,9160,40,6,300,0,1825,28856
oliveira/04_11/randm05.02.02.12.020_0030.01.aba.beta,True,2,3,0.004104137420654297,0.012196779251098633,0.0012142658233642578,0.017515182495117188,13,2,0,0,2,4,367,12,3,32,0,542,8611
oliveira/04_11/randm05.02.02.12.020_0030.02.aba.beta,True,2,3,0.008044958114624023,0.017954349517822266,0.0012814998626708984,0.027280807495117188,15,2,0,0,2,5,571,14,4,41,0,546,8628
oliveira/04_11/randm05.02.02.12.020_0030.03.aba.beta,True,5,3,0.009789466857910156,0.03220796585083008,0.0015456676483154297,0.043543100357055664,15,5,0,0,0,8,1090,12,4,79,0,587,9156
oliveira/04_11/randm05.02.02.12.020_0030.04.aba.beta,True,2,3,0.004650592803955078,0.007488250732421875,0.0012004375457763672,0.01333928108215332,11,2,0,0,2,2,161,11,1,26,0,547,8625
oliveira/04_11/randm05.02.02.12.020_0030.05.aba.beta,True,3,3,0.005576372146606445,0.012897729873657227,0.0017588138580322266,0.0202329158782959,16,3,0,0,2,3,457,12,1,72,0,588,9202
oliveira/04_11/randm05.02.02.13.020_0030.01.aba.beta,True,3,5,0.021767139434814453,0.07116246223449707,0.001224517822265625,0.09415411949157715,48,3,0,0,28,12,4936,34,10,213,0,541,8576
oliveira/04_11/randm05.02.02.13.020_0030.02.aba.beta,True,9,5,0.03889894485473633,0.10003089904785156,0.0013968944549560547,0.14032673835754395,44,9,0,0,18,15,7196,26,7,276,0,660,9728
oliveira/04_11/randm05.02.02.13.020_0030.03.aba.beta,True,3,5,0.015928030014038086,0.03708052635192871,0.0011646747589111328,0.05417323112487793,36,3,0,0,17,6,2774,25,4,178,0,570,8829
oliveira/04_11/randm05.02.02.13.020_0030.04.aba.beta,True,4,5,0.02695751190185547,0.07134103775024414,0.0012392997741699219,0.09953784942626953,51,4,0,0,33,11,7037,26,8,266,0,573,8847
oliveira/04_11/randm05.02.02.13.020_0030.05.aba.beta,True,3,5,0.018956661224365234,0.06924629211425781,0.0013492107391357422,0.08955216407775879,45,3,0,0,25,12,4357,30,10,192,0,548,8613
oliveira/04_11/randm05.02.02.14.020_0030.01.aba.beta,True,1,1,0.0036144256591796875,0.001983165740966797,0.0010840892791748047,0.006681680679321289,3,1,0,0,0,1,9,3,1,2,0,531,8569
oliveira/04_11/randm05.02.02.14.020_0030.02.aba.beta,True,1,1,0.0007185935974121094,0.003635883331298828,0.0011441707611083984,0.005498647689819336,3,1,0,0,0,1,9,3,1,2,0,530,8565
oliveira/04_11/randm05.02.02.14.020_0030.03.aba.beta,True,1,1,0.0011343955993652344,0.0018780231475830078,0.0011298656463623047,0.004142284393310547,3,1,0,0,0,1,9,3,1,2,0,541,8613
oliveira/04_11/randm05.02.02.14.020_0030.04.aba.beta,True,1,1,0.0014405250549316406,0.002007007598876953,0.0012104511260986328,0.0046579837799072266,3,1,0,0,0,1,9,3,1,2,0,532,8544
oliveira/04_11/randm05.02.02.14.020_0030.05.aba.beta,True,1,1,0.0008530616760253906,0.0018982887268066406,0.0010695457458496094,0.0038208961486816406,3,1,0,0,0,1,9,3,1,2,0,530,8544
oliveira/04_11/randm05.02.02.15.020_0030.01.aba.beta,True,2,3,0.0043828487396240234,0.018605709075927734,0.0011715888977050781,0.024160146713256836,14,2,0,0,2,5,482,13,4,40,0,537,8584
oliveira/04_11/randm05.02.02.15.020_0030.02.aba.beta,True,2,3,0.004218578338623047,0.010035991668701172,0.0012593269348144531,0.015513896942138672,15,2,0,0,6,3,385,13,2,47,0,542,8602
oliveira/04_11/randm05.02.02.15.020_0030.03.aba.beta,True,2,3,0.003904581069946289,0.009912252426147461,0.0011479854583740234,0.014964818954467773,15,2,0,0,6,3,469,10,2,47,0,540,8590
oliveira/04_11/randm05.02.02.15.020_0030.04.aba.beta,True,2,3,0.005617618560791016,0.019344091415405273,0.0012102127075195312,0.02617192268371582,14,2,0,0,2,5,547,11,4,41,0,546,8654
oliveira/04_11/randm05.02.02.15.020_0030.05.aba.beta,True,2,3,0.004750251770019531,0.01779007911682129,0.0011959075927734375,0.023736238479614258,18,2,0,0,5,5,722,16,4,57,0,549,8644
oliveira/04_11/randm05.02.02.16.020_0030.01.aba.beta,True,1,1,0.0007953643798828125,0.0020592212677001953,0.0010666847229003906,0.0039212703704833984,3,1,0,0,0,1,9,3,1,2,0,534,8587
oliveira/04_11/randm05.02.02.16.020_0030.02.aba.beta,True,1,1,0.0008006095886230469,0.0018224716186523438,0.0011720657348632812,0.003795146942138672,3,1,0,0,0,1,9,3,1,2,0,540,8611
oliveira/04_11/randm05.02.02.16.020_0030.03.aba.beta,True,1,1,0.000804901123046875,0.0020623207092285156,0.0011148452758789062,0.003982067108154297,3,1,0,0,0,1,9,3,1,2,0,534,8572
oliveira/04_11/randm05.02.02.16.020_0030.04.aba.beta,True,1,1,0.0010838508605957031,0.0019779205322265625,0.0011734962463378906,0.004235267639160156,3,1,0,0,0,1,9,3,1,2,0,543,8622
oliveira/04_11/randm05.02.02.16.020_0030.05.aba.beta,True,1,1,0.0008218288421630859,0.0020461082458496094,0.0012202262878417969,0.004088163375854492,3,1,0,0,0,1,9,3,1,2,0,543,8624
oliveira/04_11/randm05.02.02.17.020_0030.01.aba.beta,True,4,5,0.011196374893188477,0.0200955867767334,0.001285552978515625,0.0325775146484375,29,4,0,0,17,4,1071,24,1,140,0,607,9538
oliveira/04_11/randm05.02.02.17.020_0030.02.aba.beta,True,4,5,0.014346122741699219,0.03013443946838379,0.0013849735260009766,0.045865535736083984,41,4,0,0,27,6,2801,28,3,179,0,556,8667
oliveira/04_11/randm05.02.02.17.020_0030.03.aba.beta,True,4,5,0.0392000675201416,0.09846234321594238,0.001312255859375,0.13897466659545898,54,4,0,0,38,14,10588,33,11,261,0,580,8956
oliveira/04_11/randm05.02.02.17.020_0030.04.aba.beta,True,5,5,0.01633620262145996,0.04754209518432617,0.0017838478088378906,0.06566214561462402,22,5,0,0,9,7,3872,17,3,121,0,841,13009
oliveira/04_11/randm05.02.02.17.020_0030.05.aba.beta,True,3,5,0.012173891067504883,0.0363764762878418,0.001468658447265625,0.050019025802612305,26,3,0,0,15,6,3286,21,4,123,0,635,9891
oliveira/04_11/randm05.02.02.18.020_0030.01.aba.beta,True,1,1,0.0009696483612060547,0.0018715858459472656,0.0011076927185058594,0.00394892692565918,3,1,0,0,0,1,9,3,1,2,0,534,8577
oliveira/04_11/randm05.02.02.18.020_0030.02.aba.beta,True,1,1,0.0007915496826171875,0.0018084049224853516,0.0011069774627685547,0.0037069320678710938,3,1,0,0,0,1,9,3,1,2,0,535,8592
oliveira/04_11/randm05.02.02.18.020_0030.03.aba.beta,True,1,1,0.0030202865600585938,0.0019114017486572266,0.0012259483337402344,0.006157636642456055,3,1,0,0,0,1,9,3,1,2,0,529,8564
oliveira/04_11/randm05.02.02.18.020_0030.04.aba.beta,True,1,1,0.0007627010345458984,0.0018296241760253906,0.001157522201538086,0.003749847412109375,3,1,0,0,0,1,9,3,1,2,0,523,8497
oliveira/04_11/randm05.02.02.18.020_0030.05.aba.beta,True,1,1,0.0009119510650634766,0.0023326873779296875,0.0013613700866699219,0.004606008529663086,3,1,0,0,0,1,9,3,1,2,0,533,8555
oliveira/04_11/randm05.02.02.19.020_0030.01.aba.beta,True,2,3,0.0024144649505615234,0.006150484085083008,0.0011653900146484375,0.009730339050292969,11,2,0,0,4,2,124,11,1,22,0,543,8612
oliveira/04_11/randm05.02.02.19.020_0030.02.aba.beta,True,2,3,0.0026216506958007812,0.005966901779174805,0.0011425018310546875,0.009731054306030273,11,2,0,0,4,2,124,11,1,22,0,548,8631
oliveira/04_11/randm05.02.02.19.020_0030.03.aba.beta,True,2,3,0.004724979400634766,0.01656055450439453,0.0011866092681884766,0.022472143173217773,12,2,0,0,0,5,344,12,4,30,0,537,8592
oliveira/04_11/randm05.02.02.19.020_0030.04.aba.beta,True,2,3,0.003563404083251953,0.015831947326660156,0.0011434555053710938,0.020538806915283203,12,2,0,0,0,5,272,12,4,27,0,536,8571
oliveira/04_11/randm05.02.02.19.020_0030.05.aba.beta,True,2,3,0.0024445056915283203,0.00643157958984375,0.0011072158813476562,0.009983301162719727,11,2,0,0,4,2,124,11,1,22,0,528,8538
oliveira/04_11/randm06.02.02.01.020_0030.01.aba.beta,True,3,4,0.016469240188598633,0.05077552795410156,0.0014102458953857422,0.06865501403808594,44,3,0,0,30,8,3268,29,6,200,0,566,8785
oliveira/04_11/randm06.02.02.01.020_0030.02.aba.beta,True,2,4,0.009325504302978516,0.017723560333251953,0.0011816024780273438,0.028230667114257812,36,2,0,0,24,4,1539,22,3,148,0,545,8623
oliveira/04_11/randm06.02.02.01.020_0030.03.aba.beta,True,4,4,0.009164810180664062,0.024888277053833008,0.0012450218200683594,0.03529810905456543,27,4,0,0,12,5,1100,25,2,100,0,592,9145
oliveira/04_11/randm06.02.02.01.020_0030.04.aba.beta,True,3,4,0.008077859878540039,0.022404193878173828,0.001134634017944336,0.0316166877746582,27,3,0,0,15,4,885,19,2,110,0,549,8665
oliveira/04_11/randm06.02.02.01.020_0030.05.aba.beta,True,3,4,0.008566856384277344,0.027850866317749023,0.0012652873992919922,0.03768301010131836,33,3,0,0,19,4,1381,21,2,163,0,580,9055
oliveira/04_11/randm06.02.02.02.020_0030.01.aba.beta,True,2,3,0.003644227981567383,0.006214141845703125,0.0011489391326904297,0.011007308959960938,11,2,0,0,4,2,136,10,1,26,0,540,8590
oliveira/04_11/randm06.02.02.02.020_0030.02.aba.beta,True,2,3,0.004823207855224609,0.013880014419555664,0.0015931129455566406,0.020296335220336914,16,2,0,0,5,4,530,11,3,47,0,521,8482
oliveira/04_11/randm06.02.02.02.020_0030.03.aba.beta,True,2,3,0.004887104034423828,0.01446676254272461,0.0012209415435791016,0.02057480812072754,14,2,0,0,3,4,568,14,3,41,0,548,8665
oliveira/04_11/randm06.02.02.02.020_0030.04.aba.beta,True,2,3,0.003789186477661133,0.017867088317871094,0.0011677742004394531,0.02282404899597168,14,2,0,0,3,4,506,14,3,39,0,547,8639
oliveira/04_11/randm06.02.02.02.020_0030.05.aba.beta,True,2,3,0.0028269290924072266,0.006578683853149414,0.001184701919555664,0.010590314865112305,11,2,0,0,4,2,136,11,1,26,0,541,8600
oliveira/04_11/randm06.02.02.03.020_0030.01.aba.beta,True,4,5,0.010763168334960938,0.016973495483398438,0.001968860626220703,0.029705524444580078,30,4,0,0,17,4,1235,26,1,101,0,879,13800
oliveira/04_11/randm06.02.02.03.020_0030.02.aba.beta,True,3,5,0.006645679473876953,0.011707782745361328,0.0023415088653564453,0.020694971084594727,24,3,0,0,14,3,619,23,1,74,0,784,12454
oliveira/04_11/randm06.02.02.03.020_0030.03.aba.beta,True,9,5,0.033196449279785156,0.06435155868530273,0.0017745494842529297,0.09932255744934082,41,9,0,0,25,10,6083,22,2,229,0,834,12494
oliveira/04_11/randm06.02.02.03.020_0030.04.aba.beta,True,10,5,0.03404593467712402,0.06634855270385742,0.001661062240600586,0.10205554962158203,38,10,0,0,21,11,5117,23,2,194,0,777,11502
oliveira/04_11/randm06.02.02.03.020_0030.05.aba.beta,True,4,5,0.008755683898925781,0.01872110366821289,0.0016524791717529297,0.0291292667388916,26,4,0,0,15,4,1588,20,1,102,0,786,12329
oliveira/04_11/randm06.02.02.04.020_0030.01.aba.beta,True,1,1,0.0009443759918212891,0.0020461082458496094,0.0010607242584228516,0.00405120849609375,3,1,0,0,0,1,9,3,1,2,0,525,8535
oliveira/04_11/randm06.02.02.04.020_0030.02.aba.beta,True,1,1,0.0011208057403564453,0.0018465518951416016,0.0011937618255615234,0.00416111946105957,3,1,0,0,0,1,9,3,1,2,0,531,8571
oliveira/04_11/randm06.02.02.04.020_0030.03.aba.beta,True,1,1,0.0009174346923828125,0.0019986629486083984,0.0010960102081298828,0.004012107849121094,3,1,0,0,0,1,9,3,1,2,0,535,8590
oliveira/04_11/randm06.02.02.04.020_0030.04.aba.beta,True,1,1,0.0008590221405029297,0.0020575523376464844,0.0010993480682373047,0.004015922546386719,3,1,0,0,0,1,9,3,1,2,0,532,8555
oliveira/04_11/randm06.02.02.04.020_0030.05.aba.beta,True,1,1,0.0013704299926757812,0.0019621849060058594,0.0011103153228759766,0.004442930221557617,3,1,0,0,0,1,9,3,1,2,0,525,8541
oliveira/04_11/randm06.02.02.05.020_0030.01.aba.beta,True,4,5,0.03612875938415527,0.08677220344543457,0.0012602806091308594,0.1241612434387207,41,4,0,0,22,16,9800,19,13,181,0,546,8618
oliveira/04_11/randm06.02.02.05.020_0030.02.aba.beta,True,9,5,0.1332106590270996,0.24850702285766602,0.0014715194702148438,0.38318920135498047,72,9,0,0,49,28,38749,31,20,440,0,683,9982
oliveira/04_11/randm06.02.02.05.020_0030.03.aba.beta,True,2,5,0.006280422210693359,0.010716438293457031,0.0011451244354248047,0.018141984939575195,31,2,0,0,20,2,861,19,1,162,0,551,8642
oliveira/04_11/randm06.02.02.05.020_0030.04.aba.beta,True,4,5,0.01302957534790039,0.024102449417114258,0.0013179779052734375,0.038450002670288086,34,4,0,0,21,4,2157,17,1,183,0,603,9503
oliveira/04_11/randm06.02.02.05.020_0030.05.aba.beta,True,5,5,0.08350801467895508,0.14093589782714844,0.0025222301483154297,0.22696614265441895,70,5,0,0,45,14,25795,32,10,428,0,673,10262
oliveira/04_11/randm06.02.02.06.020_0030.01.aba.beta,True,3,5,0.019773244857788086,0.030704736709594727,0.001207590103149414,0.05168557167053223,45,3,0,0,31,6,4832,24,4,227,0,549,8634
oliveira/04_11/randm06.02.02.06.020_0030.02.aba.beta,True,6,5,0.03345012664794922,0.07150602340698242,0.0016050338745117188,0.10656118392944336,37,6,0,0,21,10,8461,27,5,206,0,730,11088
oliveira/04_11/randm06.02.02.06.020_0030.03.aba.beta,True,3,5,0.03326082229614258,0.05159163475036621,0.0013096332550048828,0.08616209030151367,50,3,0,0,37,7,9637,28,5,267,0,563,8840
oliveira/04_11/randm06.02.02.06.020_0030.04.aba.beta,True,4,5,0.01863718032836914,0.03176164627075195,0.0013241767883300781,0.05172300338745117,34,4,0,0,15,5,4540,22,2,192,0,602,9330
oliveira/04_11/randm06.02.02.06.020_0030.05.aba.beta,True,9,5,0.06531119346618652,0.11787152290344238,0.0017936229705810547,0.18497633934020996,55,9,0,0,33,15,17128,29,7,312,0,822,12312
oliveira/04_11/randm06.02.02.07.020_0030.01.aba.beta,True,5,5,0.026662588119506836,0.05683255195617676,0.0012063980102539062,0.0847015380859375,53,5,0,0,43,8,6206,24,4,262,0,563,8697
oliveira/04_11/randm06.02.02.07.020_0030.02.aba.beta,True,4,5,0.016994237899780273,0.03974509239196777,0.0013959407806396484,0.058135271072387695,41,4,0,0,30,7,3775,28,4,196,0,573,8826
oliveira/04_11/randm06.02.02.07.020_0030.03.aba.beta,True,5,5,0.023689985275268555,0.04630851745605469,0.001150369644165039,0.07114887237548828,44,5,0,0,32,8,4812,28,4,219,0,586,8905
oliveira/04_11/randm06.02.02.07.020_0030.04.aba.beta,True,5,5,0.02618885040283203,0.062490224838256836,0.0012140274047851562,0.08989310264587402,51,5,0,0,41,8,5993,25,4,261,0,561,8707
oliveira/04_11/randm06.02.02.07.020_0030.05.aba.beta,True,4,5,0.023639440536499023,0.048363447189331055,0.0013430118560791016,0.07334589958190918,46,4,0,0,37,7,6346,26,4,239,0,609,9539
oliveira/04_11/randm06.02.02.08.020_0030.01.aba.beta,True,4,4,0.01918315887451172,0.027287960052490234,0.0012028217315673828,0.047673940658569336,24,4,0,0,12,6,1228,20,3,100,0,576,8852
oliveira/04_11/randm06.02.02.08.020_0030.02.aba.beta,True,3,4,0.008518695831298828,0.021336078643798828,0.0011615753173828125,0.03101634979248047,20,3,0,0,9,5,597,18,3,61,0,540,8582
oliveira/04_11/randm06.02.02.08.020_0030.03.aba.beta,True,3,4,0.007149219512939453,0.011341094970703125,0.0012052059173583984,0.019695520401000977,21,3,0,0,12,3,372,16,1,65,0,532,8521
oliveira/04_11/randm06.02.02.08.020_0030.04.aba.beta,True,3,4,0.004888296127319336,0.011373043060302734,0.0011818408966064453,0.017443180084228516,23,3,0,0,14,3,384,18,1,77,0,537,8579
oliveira/04_11/randm06.02.02.08.020_0030.05.aba.beta,True,3,4,0.007986307144165039,0.023916244506835938,0.0013127326965332031,0.03321528434753418,20,3,0,0,9,5,1015,18,3,83,0,581,8953
oliveira/04_11/randm06.02.02.09.020_0030.01.aba.beta,True,5,5,0.016510009765625,0.049056053161621094,0.0016908645629882812,0.06725692749023438,24,5,0,0,6,10,2653,21,6,117,0,748,11664
oliveira/04_11/randm06.02.02.09.020_0030.02.aba.beta,True,4,5,0.034441471099853516,0.08913803100585938,0.0014536380767822266,0.12503314018249512,46,4,0,0,26,14,9603,29,11,233,0,580,9078
oliveira/04_11/randm06.02.02.09.020_0030.03.aba.beta,True,5,5,0.03168201446533203,0.07328438758850098,0.001318216323852539,0.10628461837768555,33,5,0,0,13,12,8716,24,8,168,0,609,9326
oliveira/04_11/randm06.02.02.09.020_0030.04.aba.beta,True,10,5,0.04760265350341797,0.08569049835205078,0.0026183128356933594,0.1359114646911621,31,10,0,0,8,10,8664,18,1,219,0,1211,18674
oliveira/04_11/randm06.02.02.09.020_0030.05.aba.beta,True,6,5,0.03805208206176758,0.10445141792297363,0.00136566162109375,0.14386916160583496,42,6,0,0,19,18,9343,25,13,204,0,622,9409
oliveira/04_11/randm06.02.02.10.020_0030.01.aba.beta,True,4,4,0.008932113647460938,0.027042627334594727,0.0012276172637939453,0.03720235824584961,26,4,0,0,12,6,944,21,3,96,0,552,8623
oliveira/04_11/randm06.02.02.10.020_0030.02.aba.beta,True,3,4,0.007368803024291992,0.019445180892944336,0.0011508464813232422,0.02796483039855957,19,3,0,0,8,5,921,18,3,71,0,557,8689
oliveira/04_11/randm06.02.02.10.020_0030.03.aba.beta,True,3,4,0.008366823196411133,0.019352436065673828,0.0011286735534667969,0.028847932815551758,19,3,0,0,8,5,878,17,3,68,0,544,8586
oliveira/04_11/randm06.02.02.10.020_0030.04.aba.beta,True,3,4,0.008954048156738281,0.021339893341064453,0.0011951923370361328,0.03148913383483887,18,3,0,0,7,5,1094,15,3,76,0,571,8857
oliveira/04_11/randm06.02.02.10.020_0030.05.aba.beta,True,5,4,0.012745141983032227,0.03165030479431152,0.0011429786682128906,0.04553842544555664,22,5,0,0,7,7,1380,17,3,76,0,562,8662
oliveira/04_11/randm06.02.02.11.020_0030.01.aba.beta,True,4,6,0.06168985366821289,0.12323880195617676,0.001373291015625,0.18630194664001465,57,4,0,0,42,13,18420,32,10,299,0,632,9822
oliveira/04_11/randm06.02.02.11.020_0030.02.aba.beta,True,7,6,0.26200175285339355,0.32453179359436035,0.0015246868133544922,0.5880582332611084,108,7,0,0,81,23,85760,45,17,687,0,697,10496
oliveira/04_11/randm06.02.02.11.020_0030.03.aba.beta,True,8,6,0.25715184211730957,0.38724684715270996,0.0014843940734863281,0.6458830833435059,106,8,0,0,82,29,82917,41,22,678,0,673,10080
oliveira/04_11/randm06.02.02.11.020_0030.04.aba.beta,True,8,6,0.09682130813598633,0.1574695110321045,0.001458883285522461,0.2557497024536133,69,8,0,0,49,15,29520,36,8,412,0,711,10668
oliveira/04_11/randm06.02.02.11.020_0030.05.aba.beta,True,4,6,0.06704235076904297,0.1243288516998291,0.0013761520385742188,0.1927473545074463,88,4,0,0,67,13,19146,38,10,535,0,610,9290
oliveira/04_11/randm06.02.02.12.020_0030.01.aba.beta,True,3,4,0.010391950607299805,0.04105091094970703,0.0011849403381347656,0.0526278018951416,50,3,0,0,36,8,2077,34,6,227,0,558,8673
oliveira/04_11/randm06.02.02.12.020_0030.02.aba.beta,True,3,4,0.0071756839752197266,0.013860464096069336,0.0011970996856689453,0.022233247756958008,32,3,0,0,23,3,1062,18,1,141,0,542,8604
oliveira/04_11/randm06.02.02.12.020_0030.03.aba.beta,True,3,4,0.0068776607513427734,0.016960620880126953,0.0012786388397216797,0.025116920471191406,30,3,0,0,21,3,965,19,1,126,0,552,8715
oliveira/04_11/randm06.02.02.12.020_0030.04.aba.beta,True,3,4,0.014172077178955078,0.05392718315124512,0.0012824535369873047,0.0693817138671875,62,3,0,0,47,9,2750,38,7,293,0,561,8699
oliveira/04_11/randm06.02.02.12.020_0030.05.aba.beta,True,3,4,0.014671802520751953,0.03433799743652344,0.0011823177337646484,0.05019211769104004,62,3,0,0,48,7,2891,37,5,311,0,564,8720
oliveira/04_11/randm06.02.02.13.020_0030.01.aba.beta,True,8,4,0.04490470886230469,0.11527037620544434,0.0014586448669433594,0.16163372993469238,38,8,0,0,11,19,7926,23,12,188,0,637,9516
oliveira/04_11/randm06.02.02.13.020_0030.02.aba.beta,True,5,4,0.022371530532836914,0.09623503684997559,0.0016679763793945312,0.12027454376220703,29,5,0,0,4,16,4783,24,12,146,0,688,10578
oliveira/04_11/randm06.02.02.13.020_0030.03.aba.beta,True,2,4,0.005449056625366211,0.022639036178588867,0.0012154579162597656,0.029303550720214844,19,2,0,0,5,6,693,17,5,62,0,540,8590
oliveira/04_11/randm06.02.02.13.020_0030.04.aba.beta,True,6,4,0.01911187171936035,0.06548595428466797,0.0013659000396728516,0.08596372604370117,25,6,0,0,5,12,3572,19,7,121,0,601,9014
oliveira/04_11/randm06.02.02.13.020_0030.05.aba.beta,True,4,4,0.030646562576293945,0.08355450630187988,0.0011889934539794922,0.11539006233215332,32,4,0,0,8,15,5357,23,12,133,0,565,8757
oliveira/04_11/randm06.02.02.14.020_0030.01.aba.beta,True,6,6,0.09736800193786621,0.14444875717163086,0.0012881755828857422,0.2431049346923828,108,6,0,0,93,15,26877,37,10,600,0,561,8673
oliveira/04_11/randm06.02.02.14.020_0030.02.aba.beta,True,7,6,0.040795087814331055,0.06607556343078613,0.0012965202331542969,0.10816717147827148,67,7,0,0,49,9,8491,40,3,348,0,593,8866
oliveira/04_11/randm06.02.02.14.020_0030.03.aba.beta,True,9,6,0.16357779502868652,0.19234347343444824,0.001535177230834961,0.3574564456939697,115,9,0,0,89,20,51705,33,12,814,0,665,9987
oliveira/04_11/randm06.02.02.14.020_0030.04.aba.beta,True,5,6,0.08245849609375,0.12681174278259277,0.002465486526489258,0.21173572540283203,100,5,0,0,77,15,21788,38,11,609,0,570,8727
oliveira/04_11/randm06.02.02.14.020_0030.05.aba.beta,True,5,6,0.026204824447631836,0.06551504135131836,0.0010983943939208984,0.0928182601928711,61,5,0,0,37,10,5763,31,6,360,0,600,9170
oliveira/04_11/randm06.02.02.15.020_0030.01.aba.beta,True,5,5,0.0841209888458252,0.13254642486572266,0.0013897418975830078,0.21805715560913086,83,5,0,0,63,18,20350,33,14,468,0,605,9270
oliveira/04_11/randm06.02.02.15.020_0030.02.aba.beta,True,10,5,0.03740072250366211,0.0957798957824707,0.0018606185913085938,0.1350412368774414,38,10,0,0,18,13,7403,22,4,275,0,874,12985
oliveira/04_11/randm06.02.02.15.020_0030.03.aba.beta,True,2,5,0.015167236328125,0.012807607650756836,0.001260519027709961,0.029235363006591797,48,2,0,0,37,2,1344,26,1,267,0,541,8602
oliveira/04_11/randm06.02.02.15.020_0030.04.aba.beta,True,6,5,0.0541682243347168,0.12160205841064453,0.0013952255249023438,0.17716550827026367,84,6,0,0,64,16,11452,33,11,551,0,611,9150
oliveira/04_11/randm06.02.02.15.020_0030.05.aba.beta,True,7,5,0.05070614814758301,0.11577439308166504,0.00141143798828125,0.1678919792175293,70,7,0,0,50,15,13425,26,9,453,0,684,10326
oliveira/04_11/randm06.02.02.16.020_0030.01.aba.beta,True,2,3,0.0025556087493896484,0.006208658218383789,0.0012173652648925781,0.009981632232666016,10,2,0,0,2,2,135,10,1,22,0,529,8513
oliveira/04_11/randm06.02.02.16.020_0030.02.aba.beta,True,3,3,0.0066454410552978516,0.01128530502319336,0.001172780990600586,0.019103527069091797,14,3,0,0,2,3,327,13,1,50,0,556,8685
oliveira/04_11/randm06.02.02.16.020_0030.03.aba.beta,True,2,3,0.0024983882904052734,0.006947040557861328,0.001920461654663086,0.011365890502929688,10,2,0,0,3,2,126,10,1,19,0,837,13591
oliveira/04_11/randm06.02.02.16.020_0030.04.aba.beta,True,2,3,0.002590179443359375,0.0059452056884765625,0.001920938491821289,0.010456323623657227,10,2,0,0,3,2,126,10,1,19,0,838,13337
oliveira/04_11/randm06.02.02.16.020_0030.05.aba.beta,True,2,3,0.0030956268310546875,0.006478071212768555,0.0011527538299560547,0.010726451873779297,12,2,0,0,2,2,187,12,1,33,0,550,8643
oliveira/04_11/randm06.02.02.17.020_0030.01.aba.beta,True,3,4,0.011894702911376953,0.03129267692565918,0.0011894702911376953,0.04437685012817383,31,3,0,0,19,7,1900,24,5,110,0,552,8664
oliveira/04_11/randm06.02.02.17.020_0030.02.aba.beta,True,3,4,0.007204771041870117,0.019123554229736328,0.0011637210845947266,0.027492046356201172,29,3,0,0,17,4,962,25,2,104,0,557,8666
oliveira/04_11/randm06.02.02.17.020_0030.03.aba.beta,True,3,4,0.008060455322265625,0.019576549530029297,0.0011942386627197266,0.02883124351501465,36,3,0,0,21,4,1433,25,2,151,0,557,8711
oliveira/04_11/randm06.02.02.17.020_0030.04.aba.beta,True,4,4,0.010426998138427734,0.023162364959716797,0.0012662410736083984,0.03485560417175293,28,4,0,0,16,5,1671,19,2,103,0,549,8623
oliveira/04_11/randm06.02.02.17.020_0030.05.aba.beta,True,3,4,0.012277364730834961,0.011365175247192383,0.0012233257293701172,0.02486586570739746,18,3,0,0,9,3,385,16,1,48,0,538,8568
oliveira/04_11/randm06.02.02.18.020_0030.01.aba.beta,True,4,6,0.0309298038482666,0.04510927200317383,0.001153707504272461,0.07719278335571289,81,4,0,0,70,6,7909,34,3,481,0,568,8740
oliveira/04_11/randm06.02.02.18.020_0030.02.aba.beta,True,4,6,0.029320716857910156,0.05611395835876465,0.0012271404266357422,0.08666181564331055,61,4,0,0,49,9,6541,30,6,285,0,549,8620
oliveira/04_11/randm06.02.02.18.020_0030.03.aba.beta,True,5,6,0.03338027000427246,0.08417367935180664,0.0013365745544433594,0.11889052391052246,71,5,0,0,58,11,8229,38,7,373,0,602,9276
oliveira/04_11/randm06.02.02.18.020_0030.04.aba.beta,True,6,6,0.0678257942199707,0.15255331993103027,0.0014088153839111328,0.2217879295349121,118,6,0,0,103,15,19011,39,10,728,0,636,9893
oliveira/04_11/randm06.02.02.18.020_0030.05.aba.beta,True,8,6,0.03547835350036621,0.08785843849182129,0.001504659652709961,0.12484145164489746,60,8,0,0,45,10,8699,33,3,364,0,720,10957
oliveira/04_11/randm06.02.02.19.020_0030.01.aba.beta,True,1,1,0.0011470317840576172,0.0020041465759277344,0.0011069774627685547,0.004258155822753906,3,1,0,0,0,1,9,3,1,2,0,533,8572
oliveira/04_11/randm06.02.02.19.020_0030.02.aba.beta,True,1,1,0.0007863044738769531,0.0020852088928222656,0.0011496543884277344,0.004021167755126953,3,1,0,0,0,1,9,3,1,2,0,537,8597
oliveira/04_11/randm06.02.02.19.020_0030.03.aba.beta,True,1,1,0.0007865428924560547,0.0019941329956054688,0.0011973381042480469,0.00397801399230957,3,1,0,0,0,1,9,3,1,2,0,533,8578
oliveira/04_11/randm06.02.02.19.020_0030.04.aba.beta,True,1,1,0.0010449886322021484,0.0019338130950927734,0.001178741455078125,0.004157543182373047,3,1,0,0,0,1,9,3,1,2,0,523,8524
oliveira/04_11/randm06.02.02.19.020_0030.05.aba.beta,True,1,1,0.001190185546875,0.0020089149475097656,0.0010755062103271484,0.004274606704711914,3,1,0,0,0,1,9,3,1,2,0,525,8527
oliveira/04_11/randm07.02.02.01.020_0030.01.aba.beta,True,1,1,0.0007817745208740234,0.0027277469635009766,0.0013005733489990234,0.0048100948333740234,3,1,0,0,0,1,9,3,1,2,0,529,8553
oliveira/04_11/randm07.02.02.01.020_0030.02.aba.beta,True,1,1,0.0010230541229248047,0.0021638870239257812,0.0013263225555419922,0.004513263702392578,3,1,0,0,0,1,9,3,1,2,0,526,8542
oliveira/04_11/randm07.02.02.01.020_0030.03.aba.beta,True,1,1,0.0009915828704833984,0.001821756362915039,0.0011258125305175781,0.003939151763916016,3,1,0,0,0,1,9,3,1,2,0,531,8553
oliveira/04_11/randm07.02.02.01.020_0030.04.aba.beta,True,1,1,0.0007691383361816406,0.001833200454711914,0.0011527538299560547,0.0037550926208496094,3,1,0,0,0,1,9,3,1,2,0,530,8550
oliveira/04_11/randm07.02.02.01.020_0030.05.aba.beta,True,1,1,0.0012369155883789062,0.0019495487213134766,0.0010635852813720703,0.004250049591064453,3,1,0,0,0,1,9,3,1,2,0,540,8609
oliveira/04_11/randm07.02.02.02.020_0030.01.aba.beta,True,1,1,0.0007483959197998047,0.0018434524536132812,0.001230478286743164,0.00382232666015625,3,1,0,0,0,1,9,3,1,2,0,535,8587
oliveira/04_11/randm07.02.02.02.020_0030.02.aba.beta,True,1,1,0.0023751258850097656,0.002023458480834961,0.0013277530670166016,0.005726337432861328,3,1,0,0,0,1,9,3,1,2,0,538,8598
oliveira/04_11/randm07.02.02.02.020_0030.03.aba.beta,True,1,1,0.0007798671722412109,0.002069234848022461,0.0012373924255371094,0.004086494445800781,3,1,0,0,0,1,9,3,1,2,0,533,8583
oliveira/04_11/randm07.02.02.02.020_0030.04.aba.beta,True,1,1,0.0009131431579589844,0.002015829086303711,0.0011372566223144531,0.0040662288665771484,3,1,0,0,0,1,9,3,1,2,0,521,8515
oliveira/04_11/randm07.02.02.02.020_0030.05.aba.beta,True,1,1,0.0007522106170654297,0.0019600391387939453,0.0011646747589111328,0.003876924514770508,3,1,0,0,0,1,9,3,1,2,0,531,8576
oliveira/04_11/randm07.02.02.03.020_0030.01.aba.beta,True,9,7,1.0457582473754883,1.1536891460418701,0.0015151500701904297,2.200962543487549,242,9,0,0,207,72,348902,53,64,1683,0,687,10209
oliveira/04_11/randm07.02.02.03.020_0030.02.aba.beta,True,7,7,0.24960041046142578,0.333467960357666,0.001317739486694336,0.5843861103057861,160,7,0,0,135,26,83541,45,20,1254,0,614,9190
oliveira/04_11/randm07.02.02.03.020_0030.03.aba.beta,True,14,7,2.3877134323120117,2.4366471767425537,0.0016970634460449219,4.82605767250061,256,14,0,0,217,126,844195,53,113,1883,0,785,11241
oliveira/04_11/randm07.02.02.03.020_0030.04.aba.beta,True,11,7,0.7190020084381104,0.661945104598999,0.0022318363189697266,1.383178949356079,183,11,0,0,155,34,247642,48,24,1424,0,974,14478
oliveira/04_11/randm07.02.02.03.020_0030.05.aba.beta,True,7,7,0.1349778175354004,0.20695114135742188,0.0012371540069580078,0.3431661128997803,105,7,0,0,83,23,42478,42,17,660,0,582,8786
oliveira/04_11/randm07.02.02.04.020_0030.01.aba.beta,True,4,4,0.007383108139038086,0.01855611801147461,0.0015780925750732422,0.027517318725585938,19,4,0,0,9,4,775,17,1,69,0,713,11218
oliveira/04_11/randm07.02.02.04.020_0030.02.aba.beta,True,4,4,0.010620594024658203,0.02413320541381836,0.0028121471405029297,0.03756594657897949,27,4,0,0,16,5,1756,23,2,101,0,1287,20328
oliveira/04_11/randm07.02.02.04.020_0030.03.aba.beta,True,5,4,0.010954141616821289,0.027465105056762695,0.0028929710388183594,0.041312217712402344,20,5,0,0,9,5,1623,16,1,89,0,1215,19165
oliveira/04_11/randm07.02.02.04.020_0030.04.aba.beta,True,3,4,0.005693197250366211,0.014696598052978516,0.001752614974975586,0.022142410278320312,18,3,0,0,9,3,683,17,1,83,0,740,11953
oliveira/04_11/randm07.02.02.04.020_0030.05.aba.beta,True,5,4,0.009649991989135742,0.022138118743896484,0.0012955665588378906,0.03308367729187012,19,5,0,0,8,5,945,16,1,71,0,618,9566
oliveira/04_11/randm07.02.02.05.020_0030.01.aba.beta,True,8,6,0.13223648071289062,0.2178199291229248,0.0014371871948242188,0.35149359703063965,79,8,0,0,54,22,42228,30,15,441,0,622,9333
oliveira/04_11/randm07.02.02.05.020_0030.02.aba.beta,True,11,6,0.14201998710632324,0.26380157470703125,0.0018455982208251953,0.4076671600341797,82,11,0,0,55,23,41822,40,13,524,0,883,13087
oliveira/04_11/randm07.02.02.05.020_0030.03.aba.beta,True,4,6,0.022936344146728516,0.044621944427490234,0.0013175010681152344,0.06887578964233398,35,4,0,0,21,7,5828,23,4,187,0,584,9067
oliveira/04_11/randm07.02.02.05.020_0030.04.aba.beta,True,3,6,0.015876054763793945,0.02057957649230957,0.001230001449584961,0.03768563270568848,45,3,0,0,30,4,3416,26,2,228,0,554,8654
oliveira/04_11/randm07.02.02.05.020_0030.05.aba.beta,True,6,6,0.04181671142578125,0.11600637435913086,0.0015113353729248047,0.15933442115783691,68,6,0,0,49,14,10001,40,9,388,0,602,9068
oliveira/04_11/randm07.02.02.06.020_0030.01.aba.beta,True,3,4,0.010023117065429688,0.02491927146911621,0.001245737075805664,0.03618812561035156,26,3,0,0,9,6,1349,21,4,85,0,544,8607
oliveira/04_11/randm07.02.02.06.020_0030.02.aba.beta,True,3,4,0.007204532623291016,0.02065443992614746,0.0011899471282958984,0.029048919677734375,21,3,0,0,5,5,839,19,3,71,0,550,8637
oliveira/04_11/randm07.02.02.06.020_0030.03.aba.beta,True,3,4,0.007947206497192383,0.02369999885559082,0.0012383460998535156,0.03288555145263672,25,3,0,0,9,6,1205,23,4,78,0,549,8627
oliveira/04_11/randm07.02.02.06.020_0030.04.aba.beta,True,3,4,0.0061054229736328125,0.016300678253173828,0.001856088638305664,0.024262189865112305,19,3,0,0,7,4,930,17,2,60,0,862,13755
oliveira/04_11/randm07.02.02.06.020_0030.05.aba.beta,True,3,4,0.007692098617553711,0.020827770233154297,0.0012171268463134766,0.029736995697021484,19,3,0,0,7,5,1034,17,3,61,0,576,9063
oliveira/04_11/randm07.02.02.07.020_0030.01.aba.beta,True,9,6,0.0813150405883789,0.17783355712890625,0.001500844955444336,0.2606494426727295,90,9,0,0,68,16,22626,38,8,570,0,703,10452
oliveira/04_11/randm07.02.02.07.020_0030.02.aba.beta,True,10,6,0.3547029495239258,0.45818376541137695,0.0015993118286132812,0.814486026763916,151,10,0,0,122,30,121733,43,21,1055,0,749,11057
oliveira/04_11/randm07.02.02.07.020_0030.03.aba.beta,True,7,6,0.08463501930236816,0.13918852806091309,0.0014317035675048828,0.22525525093078613,82,7,0,0,61,14,24919,29,8,528,0,642,9733
oliveira/04_11/randm07.02.02.07.020_0030.04.aba.beta,True,11,6,0.15918898582458496,0.25345277786254883,0.0023593902587890625,0.41500115394592285,126,11,0,0,101,17,42796,43,7,944,0,1061,16047
oliveira/04_11/randm07.02.02.07.020_0030.05.aba.beta,True,6,6,0.08637428283691406,0.1649477481842041,0.0015950202941894531,0.2529170513153076,93,6,0,0,72,15,25543,42,10,576,0,748,11276
oliveira/04_11/randm07.02.02.08.020_0030.01.aba.beta,True,1,1,0.0011701583862304688,0.002071857452392578,0.0011401176452636719,0.004382133483886719,3,1,0,0,0,1,9,3,1,2,0,542,8613
oliveira/04_11/randm07.02.02.08.020_0030.02.aba.beta,True,1,1,0.0008265972137451172,0.002190113067626953,0.001055002212524414,0.004071712493896484,3,1,0,0,0,1,9,3,1,2,0,539,8607
oliveira/04_11/randm07.02.02.08.020_0030.03.aba.beta,True,1,1,0.0008034706115722656,0.002101898193359375,0.0011072158813476562,0.004012584686279297,3,1,0,0,0,1,9,3,1,2,0,534,8577
oliveira/04_11/randm07.02.02.08.020_0030.04.aba.beta,True,1,1,0.0009369850158691406,0.0021626949310302734,0.001116037368774414,0.004215717315673828,3,1,0,0,0,1,9,3,1,2,0,536,8592
oliveira/04_11/randm07.02.02.08.020_0030.05.aba.beta,True,1,1,0.0007636547088623047,0.001764535903930664,0.0011289119720458984,0.003657102584838867,3,1,0,0,0,1,9,3,1,2,0,536,8587
oliveira/04_11/randm07.02.02.09.020_0030.01.aba.beta,True,2,3,0.004302978515625,0.018636465072631836,0.0011610984802246094,0.024100542068481445,16,2,0,0,5,4,651,15,3,46,0,545,8635
oliveira/04_11/randm07.02.02.09.020_0030.02.aba.beta,True,2,3,0.0025687217712402344,0.0064923763275146484,0.0011568069458007812,0.010217905044555664,12,2,0,0,3,2,181,12,1,26,0,536,8557
oliveira/04_11/randm07.02.02.09.020_0030.03.aba.beta,True,2,3,0.0029730796813964844,0.0062999725341796875,0.0012483596801757812,0.010521411895751953,13,2,0,0,3,2,210,12,1,31,0,546,8623
oliveira/04_11/randm07.02.02.09.020_0030.04.aba.beta,True,2,3,0.005272865295410156,0.01550745964050293,0.0012433528900146484,0.022023677825927734,16,2,0,0,5,4,721,15,3,48,0,545,8638
oliveira/04_11/randm07.02.02.09.020_0030.05.aba.beta,True,2,3,0.005202293395996094,0.014952898025512695,0.0012984275817871094,0.0214536190032959,18,2,0,0,7,4,643,14,3,54,0,540,8595
oliveira/04_11/randm07.02.02.10.020_0030.01.aba.beta,True,1,1,0.0012688636779785156,0.001886606216430664,0.0010962486267089844,0.004251718521118164,3,1,0,0,0,1,9,3,1,2,0,537,8599
oliveira/04_11/randm07.02.02.10.020_0030.02.aba.beta,True,1,1,0.0029439926147460938,0.002081632614135742,0.001173257827758789,0.006198883056640625,3,1,0,0,0,1,9,3,1,2,0,540,8608
oliveira/04_11/randm07.02.02.10.020_0030.03.aba.beta,True,1,1,0.0026438236236572266,0.0018718242645263672,0.0012941360473632812,0.005809783935546875,3,1,0,0,0,1,9,3,1,2,0,527,8497
oliveira/04_11/randm07.02.02.10.020_0030.04.aba.beta,True,1,1,0.0011515617370605469,0.0018925666809082031,0.0013773441314697266,0.0044214725494384766,3,1,0,0,0,1,9,3,1,2,0,537,8603
oliveira/04_11/randm07.02.02.10.020_0030.05.aba.beta,True,1,1,0.0007891654968261719,0.0018382072448730469,0.0011720657348632812,0.0037994384765625,3,1,0,0,0,1,9,3,1,2,0,528,8551
oliveira/04_11/randm07.02.02.11.020_0030.01.aba.beta,True,7,5,0.04923653602600098,0.09539008140563965,0.0015587806701660156,0.14618539810180664,47,7,0,0,30,12,12506,28,6,234,0,699,10785
oliveira/04_11/randm07.02.02.11.020_0030.02.aba.beta,True,3,5,0.008362054824829102,0.0217740535736084,0.0014770030975341797,0.03161311149597168,26,3,0,0,14,5,1434,22,3,104,0,598,9491
oliveira/04_11/randm07.02.02.11.020_0030.03.aba.beta,True,6,5,0.032199859619140625,0.08747696876525879,0.0034601688385009766,0.12313699722290039,35,6,0,0,15,12,7817,27,7,217,0,865,13656
oliveira/04_11/randm07.02.02.11.020_0030.04.aba.beta,True,7,5,0.0407559871673584,0.09366583824157715,0.0014569759368896484,0.1358788013458252,49,7,0,0,29,15,10206,28,9,243,0,696,10568
oliveira/04_11/randm07.02.02.11.020_0030.05.aba.beta,True,5,5,0.04647493362426758,0.10715150833129883,0.0014693737030029297,0.15509581565856934,59,5,0,0,39,15,13507,30,11,340,0,656,10034
oliveira/04_11/randm07.02.02.12.020_0030.01.aba.beta,True,2,3,0.003434419631958008,0.009673118591308594,0.0013010501861572266,0.014408588409423828,16,2,0,0,8,3,327,16,2,44,0,541,8597
oliveira/04_11/randm07.02.02.12.020_0030.02.aba.beta,True,2,3,0.0027208328247070312,0.006314516067504883,0.0011334419250488281,0.010168790817260742,13,2,0,0,6,2,137,11,1,30,0,538,8593
oliveira/04_11/randm07.02.02.12.020_0030.03.aba.beta,True,2,3,0.002663850784301758,0.007653236389160156,0.0012505054473876953,0.01156759262084961,13,2,0,0,6,2,137,12,1,30,0,534,8576
oliveira/04_11/randm07.02.02.12.020_0030.04.aba.beta,True,2,3,0.0038509368896484375,0.01064753532409668,0.002356290817260742,0.01685476303100586,16,2,0,0,8,3,350,15,2,45,0,534,8569
oliveira/04_11/randm07.02.02.12.020_0030.05.aba.beta,True,2,3,0.005603313446044922,0.009553670883178711,0.0011777877807617188,0.01633477210998535,14,2,0,0,6,3,400,12,2,39,0,544,8631
oliveira/04_11/randm07.02.02.13.020_0030.01.aba.beta,True,8,7,0.13350319862365723,0.24052023887634277,0.0013773441314697266,0.3754007816314697,82,8,0,0,59,26,35933,35,19,478,0,629,9332
oliveira/04_11/randm07.02.02.13.020_0030.02.aba.beta,True,13,7,1.1010046005249023,1.0851681232452393,0.0020835399627685547,2.18825626373291,185,13,0,0,150,49,385020,52,37,1532,0,903,13571
oliveira/04_11/randm07.02.02.13.020_0030.03.aba.beta,True,10,7,0.24760174751281738,0.44664883613586426,0.0022051334381103516,0.696455717086792,129,10,0,0,91,30,79828,44,21,912,0,1040,15488
oliveira/04_11/randm07.02.02.13.020_0030.04.aba.beta,True,15,7,0.9121427536010742,0.9401383399963379,0.002405405044555664,1.8546864986419678,225,15,0,0,190,46,288751,49,32,1772,0,1090,15913
oliveira/04_11/randm07.02.02.13.020_0030.05.aba.beta,True,10,7,0.8701159954071045,0.8705487251281738,0.0017883777618408203,1.7424530982971191,169,10,0,0,135,47,303434,57,38,1336,0,818,11889
oliveira/04_11/randm07.02.02.14.020_0030.01.aba.beta,True,2,3,0.0048046112060546875,0.01223897933959961,0.0013859272003173828,0.01842951774597168,14,2,0,0,5,3,679,13,2,46,0,559,8755
oliveira/04_11/randm07.02.02.14.020_0030.02.aba.beta,True,2,3,0.007830381393432617,0.010527372360229492,0.00127410888671875,0.01963186264038086,14,2,0,0,5,3,463,14,2,39,0,548,8632
oliveira/04_11/randm07.02.02.14.020_0030.03.aba.beta,True,2,3,0.0048885345458984375,0.01173257827758789,0.001234292984008789,0.017855405807495117,14,2,0,0,5,3,848,13,2,50,0,569,9159
oliveira/04_11/randm07.02.02.14.020_0030.04.aba.beta,True,3,3,0.007292747497558594,0.013178586959838867,0.0010561943054199219,0.021527528762817383,14,3,0,0,2,3,413,11,1,61,0,560,8832
oliveira/04_11/randm07.02.02.14.020_0030.05.aba.beta,True,2,3,0.003076791763305664,0.005936861038208008,0.0011398792266845703,0.010153532028198242,10,2,0,0,2,2,135,10,1,21,0,544,8613
oliveira/04_11/randm07.02.02.15.020_0030.01.aba.beta,True,8,7,0.1183781623840332,0.14902186393737793,0.0013256072998046875,0.2687256336212158,110,8,0,0,89,12,34532,32,5,859,0,620,9085
oliveira/04_11/randm07.02.02.15.020_0030.02.aba.beta,True,7,7,1.4090192317962646,1.3273911476135254,0.0014786720275878906,2.737889051437378,236,7,0,0,202,63,462303,47,57,1787,0,626,9424
oliveira/04_11/randm07.02.02.15.020_0030.03.aba.beta,True,12,7,2.6210484504699707,2.049992799758911,0.0022125244140625,4.673253774642944,261,12,0,0,224,83,921546,53,72,2101,0,970,14439
oliveira/04_11/randm07.02.02.15.020_0030.04.aba.beta,True,9,7,0.09841585159301758,0.13299918174743652,0.0014433860778808594,0.23285841941833496,87,9,0,0,68,11,22875,28,3,744,0,681,10105
oliveira/04_11/randm07.02.02.15.020_0030.05.aba.beta,True,15,7,2.9568088054656982,2.6551992893218994,0.0025641918182373047,5.614572286605835,264,15,0,0,227,99,1022531,54,85,1995,0,1103,16308
oliveira/04_11/randm07.02.02.16.020_0030.01.aba.beta,True,3,4,0.006663799285888672,0.016307353973388672,0.0012481212615966797,0.024219274520874023,18,3,0,0,8,4,802,17,2,61,0,560,8699
oliveira/04_11/randm07.02.02.16.020_0030.02.aba.beta,True,3,4,0.006455421447753906,0.016893863677978516,0.001222372055053711,0.024571657180786133,18,3,0,0,8,4,752,17,2,58,0,551,8641
oliveira/04_11/randm07.02.02.16.020_0030.03.aba.beta,True,4,4,0.008795738220214844,0.02691054344177246,0.0011627674102783203,0.036869049072265625,17,4,0,0,4,6,963,15,3,51,0,552,8646
oliveira/04_11/randm07.02.02.16.020_0030.04.aba.beta,True,4,4,0.009184122085571289,0.02340078353881836,0.0023157596588134766,0.034900665283203125,33,4,0,0,4,4,1324,17,1,194,0,1001,15876
oliveira/04_11/randm07.02.02.16.020_0030.05.aba.beta,True,2,4,0.004637718200683594,0.010241031646728516,0.0011601448059082031,0.016038894653320312,18,2,0,0,9,3,697,14,2,55,0,539,8593
oliveira/04_11/randm07.02.02.17.020_0030.01.aba.beta,True,10,6,0.1236729621887207,0.27042651176452637,0.0018601417541503906,0.39595961570739746,80,10,0,0,54,25,36537,43,16,530,0,879,13170
oliveira/04_11/randm07.02.02.17.020_0030.02.aba.beta,True,5,6,0.03924107551574707,0.08856058120727539,0.001344442367553711,0.12914609909057617,69,5,0,0,47,10,9603,38,6,390,0,599,9128
oliveira/04_11/randm07.02.02.17.020_0030.03.aba.beta,True,6,6,0.06538105010986328,0.14206957817077637,0.001470327377319336,0.20892095565795898,84,6,0,0,58,14,18672,43,9,483,0,672,10079
oliveira/04_11/randm07.02.02.17.020_0030.04.aba.beta,True,6,6,0.10979986190795898,0.2202301025390625,0.001443624496459961,0.33147358894348145,96,6,0,0,74,23,32755,42,18,591,0,641,9716
oliveira/04_11/randm07.02.02.17.020_0030.05.aba.beta,True,7,6,0.11918139457702637,0.21916866302490234,0.0014858245849609375,0.33983588218688965,80,7,0,0,57,24,36432,42,18,465,0,656,9758
oliveira/04_11/randm07.02.02.18.020_0030.01.aba.beta,True,14,7,0.3806586265563965,0.6622142791748047,0.0022859573364257812,1.045158863067627,108,14,0,0,60,42,124278,47,29,781,0,1066,15619
oliveira/04_11/randm07.02.02.18.020_0030.02.aba.beta,True,8,7,0.26271700859069824,0.3906667232513428,0.0017058849334716797,0.6550896167755127,158,8,0,0,125,26,86845,51,19,1187,0,774,11720
oliveira/04_11/randm07.02.02.18.020_0030.03.aba.beta,True,16,7,0.22843432426452637,0.3098430633544922,0.0029554367065429688,0.5412328243255615,76,16,0,0,37,26,66915,38,11,610,0,1355,20106
oliveira/04_11/randm07.02.02.18.020_0030.04.aba.beta,True,21,7,0.7372786998748779,0.8996455669403076,0.002994537353515625,1.6399188041687012,135,21,0,0,83,45,239186,55,25,1119,0,1299,18576
oliveira/04_11/randm07.02.02.18.020_0030.05.aba.beta,True,17,7,0.8098385334014893,0.800391435623169,0.0035288333892822266,1.6137588024139404,129,17,0,0,83,53,293879,51,37,1058,0,1592,23379
oliveira/04_11/randm07.02.02.19.020_0030.01.aba.beta,True,7,5,0.03353595733642578,0.08382534980773926,0.0013310909271240234,0.11869239807128906,48,7,0,0,33,12,6794,28,6,280,0,638,9620
oliveira/04_11/randm07.02.02.19.020_0030.02.aba.beta,True,7,5,0.04674577713012695,0.11582350730895996,0.0014491081237792969,0.1640183925628662,60,7,0,0,44,14,12413,26,8,362,0,627,9515
oliveira/04_11/randm07.02.02.19.020_0030.03.aba.beta,True,5,5,0.022449970245361328,0.07813549041748047,0.0014154911041259766,0.10200095176696777,51,5,0,0,32,13,4800,36,9,248,0,647,9919
oliveira/04_11/randm07.02.02.19.020_0030.04.aba.beta,True,8,5,0.13880109786987305,0.2840452194213867,0.0015518665313720703,0.42439818382263184,128,8,0,0,104,27,39825,41,20,935,0,709,10672
oliveira/04_11/randm07.02.02.19.020_0030.05.aba.beta,True,5,5,0.025472164154052734,0.08221745491027832,0.0017476081848144531,0.10943722724914551,50,5,0,0,31,13,5687,34,9,223,0,790,12237
oliveira/04_11/randm08.02.02.01.020_0030.01.aba.beta,True,10,7,0.18915414810180664,0.31522274017333984,0.001611471176147461,0.505988359451294,92,10,0,0,72,27,59923,45,18,607,0,755,11106
oliveira/04_11/randm08.02.02.01.020_0030.02.aba.beta,True,5,7,0.07272624969482422,0.10186052322387695,0.0018608570098876953,0.17644762992858887,97,5,0,0,76,12,19661,48,8,564,0,834,12852
oliveira/04_11/randm08.02.02.01.020_0030.03.aba.beta,True,7,7,0.1251680850982666,0.2017834186553955,0.0014619827270507812,0.3284134864807129,110,7,0,0,90,17,38901,47,11,659,0,639,9660
oliveira/04_11/randm08.02.02.01.020_0030.04.aba.beta,True,7,7,0.11041474342346191,0.1501474380493164,0.0024476051330566406,0.26300978660583496,77,7,0,0,60,14,30730,40,8,534,0,1022,15755
oliveira/04_11/randm08.02.02.01.020_0030.05.aba.beta,True,4,7,0.08992791175842285,0.1936049461364746,0.0016722679138183594,0.2852051258087158,127,4,0,0,111,17,30269,47,14,763,0,738,11589
oliveira/04_11/randm08.02.02.02.020_0030.01.aba.beta,True,8,6,0.04050946235656738,0.07237887382507324,0.0013041496276855469,0.11419248580932617,73,8,0,0,57,12,9122,37,5,401,0,605,8939
oliveira/04_11/randm08.02.02.02.020_0030.02.aba.beta,True,7,6,0.04199028015136719,0.0633857250213623,0.0013568401336669922,0.10673284530639648,53,7,0,0,38,8,9456,24,2,331,0,628,9626
oliveira/04_11/randm08.02.02.02.020_0030.03.aba.beta,True,10,6,0.10561728477478027,0.1610105037689209,0.0014796257019042969,0.26810741424560547,101,10,0,0,81,16,27717,34,7,700,0,658,9513
oliveira/04_11/randm08.02.02.02.020_0030.04.aba.beta,True,5,6,0.04443764686584473,0.07332777976989746,0.0012671947479248047,0.11903262138366699,79,5,0,0,64,12,11344,35,8,447,0,566,8707
oliveira/04_11/randm08.02.02.02.020_0030.05.aba.beta,True,7,6,0.05916953086853027,0.09314107894897461,0.0012297630310058594,0.15354037284851074,81,7,0,0,65,10,15895,35,4,465,0,607,9028
oliveira/04_11/randm08.02.02.03.020_0030.01.aba.beta,True,5,7,0.3252105712890625,0.34819483757019043,0.0012583732604980469,0.674663782119751,129,5,0,0,112,26,111208,34,22,936,0,569,8743
oliveira/04_11/randm08.02.02.03.020_0030.02.aba.beta,True,7,7,0.2034778594970703,0.3469264507293701,0.0017254352569580078,0.5521297454833984,106,7,0,0,86,24,70948,44,18,675,0,813,12445
oliveira/04_11/randm08.02.02.03.020_0030.03.aba.beta,True,9,7,0.3900871276855469,0.476102352142334,0.002067089080810547,0.8682565689086914,130,9,0,0,110,34,131442,37,26,945,0,963,14589
oliveira/04_11/randm08.02.02.03.020_0030.04.aba.beta,True,8,7,0.13480591773986816,0.24599075317382812,0.001451253890991211,0.3822479248046875,85,8,0,0,66,25,44256,38,18,550,0,658,9814
oliveira/04_11/randm08.02.02.03.020_0030.05.aba.beta,True,8,7,0.2266087532043457,0.4066636562347412,0.0012569427490234375,0.6345293521881104,104,8,0,0,78,37,73264,42,30,651,0,634,9289
oliveira/04_11/randm08.02.02.04.020_0030.01.aba.beta,True,4,6,0.10571789741516113,0.2397773265838623,0.0014429092407226562,0.3469381332397461,48,4,0,0,26,31,31569,30,28,236,0,634,9850
oliveira/04_11/randm08.02.02.04.020_0030.02.aba.beta,True,8,6,0.07763814926147461,0.11190414428710938,0.0013551712036132812,0.19089746475219727,68,8,0,0,48,14,22220,27,7,425,0,617,9296
oliveira/04_11/randm08.02.02.04.020_0030.03.aba.beta,True,8,6,0.1047978401184082,0.20264196395874023,0.0015742778778076172,0.30901408195495605,69,8,0,0,45,22,30723,40,15,405,0,708,10650
oliveira/04_11/randm08.02.02.04.020_0030.04.aba.beta,True,4,6,0.07799124717712402,0.17658710479736328,0.0028808116912841797,0.2574591636657715,69,4,0,0,48,22,23314,43,19,373,0,591,9120
oliveira/04_11/randm08.02.02.04.020_0030.05.aba.beta,True,9,6,0.12455320358276367,0.28015780448913574,0.00148773193359375,0.40619874000549316,59,9,0,0,33,30,40670,37,22,325,0,693,10328
oliveira/04_11/randm08.02.02.05.020_0030.01.aba.beta,True,3,5,0.01905965805053711,0.03842449188232422,0.0012061595916748047,0.05869030952453613,48,3,0,0,33,7,4647,29,5,237,0,560,8722
oliveira/04_11/randm08.02.02.05.020_0030.02.aba.beta,True,3,5,0.017415761947631836,0.0414736270904541,0.001272439956665039,0.06016182899475098,48,3,0,0,29,7,4387,28,5,232,0,560,8713
oliveira/04_11/randm08.02.02.05.020_0030.03.aba.beta,True,4,5,0.03568601608276367,0.0823831558227539,0.0013206005096435547,0.11938977241516113,56,4,0,0,36,13,8516,31,10,308,0,594,9163
oliveira/04_11/randm08.02.02.05.020_0030.04.aba.beta,True,4,5,0.03162384033203125,0.07234764099121094,0.0014262199401855469,0.10539770126342773,49,4,0,0,30,12,6119,29,9,233,0,620,9634
oliveira/04_11/randm08.02.02.05.020_0030.05.aba.beta,True,6,5,0.057837724685668945,0.0910348892211914,0.0019032955169677734,0.15077590942382812,75,6,0,0,50,11,16334,36,6,456,0,841,12893
oliveira/04_11/randm08.02.02.06.020_0030.01.aba.beta,True,7,8,0.17894864082336426,0.2351393699645996,0.0015995502471923828,0.41568756103515625,176,7,0,0,162,13,54351,57,7,1293,0,694,10572
oliveira/04_11/randm08.02.02.06.020_0030.02.aba.beta,True,8,8,1.81636643409729,1.4332633018493652,0.0014317035675048828,3.25106143951416,374,8,0,0,347,49,645859,63,42,3192,0,642,9543
oliveira/04_11/randm08.02.02.06.020_0030.03.aba.beta,True,10,8,0.16587114334106445,0.1824946403503418,0.00186920166015625,0.3502349853515625,104,10,0,0,76,14,50743,43,5,694,0,812,12105
oliveira/04_11/randm08.02.02.06.020_0030.04.aba.beta,True,8,8,0.3201925754547119,0.4650576114654541,0.0016438961029052734,0.7868940830230713,206,8,0,0,191,23,104953,63,16,1448,0,708,10503
oliveira/04_11/randm08.02.02.06.020_0030.05.aba.beta,True,13,8,1.6756412982940674,1.2775921821594238,0.0015513896942138672,2.954784870147705,228,13,0,0,204,68,593566,49,56,1579,0,670,9541
oliveira/04_11/randm08.02.02.07.020_0030.01.aba.beta,True,1,1,0.0015170574188232422,0.002081632614135742,0.004213094711303711,0.007811784744262695,3,1,0,0,0,1,9,3,1,2,0,536,8587
oliveira/04_11/randm08.02.02.07.020_0030.02.aba.beta,True,1,1,0.0008394718170166016,0.002917051315307617,0.0011718273162841797,0.0049283504486083984,3,1,0,0,0,1,9,3,1,2,0,524,8514
oliveira/04_11/randm08.02.02.07.020_0030.03.aba.beta,True,1,1,0.0009305477142333984,0.0021562576293945312,0.0012607574462890625,0.004347562789916992,3,1,0,0,0,1,9,3,1,2,0,519,8504
oliveira/04_11/randm08.02.02.07.020_0030.04.aba.beta,True,1,1,0.0009341239929199219,0.0019533634185791016,0.0011439323425292969,0.00403141975402832,3,1,0,0,0,1,9,3,1,2,0,539,8604
oliveira/04_11/randm08.02.02.07.020_0030.05.aba.beta,True,1,1,0.002061605453491211,0.002082347869873047,0.0012018680572509766,0.005345821380615234,3,1,0,0,0,1,9,3,1,2,0,530,8566
oliveira/04_11/randm08.02.02.08.020_0030.01.aba.beta,True,9,6,0.49355483055114746,1.2164385318756104,0.0017864704132080078,1.7117798328399658,86,9,0,0,31,80,175646,44,72,510,0,832,12252
oliveira/04_11/randm08.02.02.08.020_0030.02.aba.beta,True,16,6,0.8783540725708008,1.6319615840911865,0.0024492740631103516,2.5127649307250977,120,16,0,0,53,95,329184,51,80,847,0,1119,16577
oliveira/04_11/randm08.02.02.08.020_0030.03.aba.beta,True,14,6,0.35919666290283203,0.5543649196624756,0.002765178680419922,0.9163267612457275,135,14,0,0,94,46,121071,47,33,1036,0,1220,18633
oliveira/04_11/randm08.02.02.08.020_0030.04.aba.beta,True,10,6,2.661816120147705,3.1144938468933105,0.0016148090362548828,5.7779247760772705,181,10,0,0,107,164,953578,53,155,1349,0,759,10999
oliveira/04_11/randm08.02.02.08.020_0030.05.aba.beta,True,8,6,1.3481054306030273,1.6563889980316162,0.0020704269409179688,3.0065648555755615,148,8,0,0,94,112,460691,45,105,1016,0,880,13278
oliveira/04_11/randm08.02.02.09.020_0030.01.aba.beta,True,11,7,0.2767462730407715,0.3044908046722412,0.002273082733154297,0.583510160446167,118,11,0,0,87,24,89880,48,14,802,0,1004,15200
oliveira/04_11/randm08.02.02.09.020_0030.02.aba.beta,True,9,7,0.1516585350036621,0.2214353084564209,0.0023987293243408203,0.37549257278442383,86,9,0,0,61,20,44687,36,12,585,0,1079,16589
oliveira/04_11/randm08.02.02.09.020_0030.03.aba.beta,True,9,7,0.8646957874298096,0.900773286819458,0.0016989707946777344,1.7671680450439453,193,9,0,0,158,52,308904,50,44,1408,0,781,11676
oliveira/04_11/randm08.02.02.09.020_0030.04.aba.beta,True,13,7,0.13763785362243652,0.21195697784423828,0.0023670196533203125,0.3519618511199951,63,13,0,0,33,21,37831,36,9,407,0,1113,16503
oliveira/04_11/randm08.02.02.09.020_0030.05.aba.beta,True,7,7,0.6202037334442139,0.5765440464019775,0.0013072490692138672,1.1980550289154053,217,7,0,0,193,35,207086,45,29,1461,0,573,8720
oliveira/04_11/randm08.02.02.10.020_0030.01.aba.beta,True,14,7,0.28133487701416016,0.3732481002807617,0.0024709701538085938,0.6570539474487305,109,14,0,0,83,25,93842,44,12,753,0,1114,16227
oliveira/04_11/randm08.02.02.10.020_0030.02.aba.beta,True,18,7,0.49286961555480957,0.5857803821563721,0.004914760589599609,1.0835647583007812,110,18,0,0,64,42,165122,51,25,851,0,2108,32270
oliveira/04_11/randm08.02.02.10.020_0030.03.aba.beta,True,10,7,0.3053743839263916,0.42494869232177734,0.0017518997192382812,0.7320749759674072,117,10,0,0,79,36,98898,49,27,763,0,801,11700
oliveira/04_11/randm08.02.02.10.020_0030.04.aba.beta,True,16,7,0.4109959602355957,0.6147794723510742,0.0034813880920410156,1.029256820678711,111,16,0,0,62,46,141554,54,31,787,0,1542,22999
oliveira/04_11/randm08.02.02.10.020_0030.05.aba.beta,True,12,7,0.4889202117919922,0.5965204238891602,0.00420379638671875,1.089644432067871,182,12,0,0,147,38,162855,58,27,1473,0,1730,27210
oliveira/04_11/randm08.02.02.11.020_0030.01.aba.beta,True,26,8,26.153001070022583,13.777440547943115,0.0038721561431884766,39.93431377410889,575,26,0,0,513,315,8726224,64,290,5988,0,1780,25519
oliveira/04_11/randm08.02.02.11.020_0030.02.aba.beta,True,25,8,2.4389164447784424,1.649890661239624,0.00678253173828125,4.095589637756348,269,25,0,0,225,60,831734,55,36,2253,0,2780,42602
oliveira/04_11/randm08.02.02.11.020_0030.03.aba.beta,True,14,8,1.3013803958892822,1.1922698020935059,0.002226591110229492,2.4958767890930176,232,14,0,0,198,63,440939,55,50,1834,0,1027,15331
oliveira/04_11/randm08.02.02.11.020_0030.04.aba.beta,True,11,8,1.3473820686340332,1.0706298351287842,0.002046346664428711,2.420058250427246,242,11,0,0,213,50,458461,70,40,2109,0,931,13576
oliveira/04_11/randm08.02.02.11.020_0030.05.aba.beta,True,13,8,0.8720066547393799,0.9482877254486084,0.002828359603881836,1.8231227397918701,168,13,0,0,130,54,308404,53,42,1252,0,1278,19076
oliveira/04_11/randm08.02.02.12.020_0030.01.aba.beta,True,8,5,0.030619382858276367,0.06200981140136719,0.001829385757446289,0.09445858001708984,24,8,0,0,7,10,4895,20,3,154,0,847,12969
oliveira/04_11/randm08.02.02.12.020_0030.02.aba.beta,True,4,5,0.019316673278808594,0.0688784122467041,0.0018012523651123047,0.089996337890625,38,4,0,0,21,11,4834,30,8,187,0,816,12877
oliveira/04_11/randm08.02.02.12.020_0030.03.aba.beta,True,6,5,0.0457005500793457,0.12981271743774414,0.002286672592163086,0.17779994010925293,50,6,0,0,31,14,11655,33,9,294,0,1025,15801
oliveira/04_11/randm08.02.02.12.020_0030.04.aba.beta,True,8,5,0.030336380004882812,0.05905723571777344,0.0016436576843261719,0.09103727340698242,28,8,0,0,12,9,5483,19,2,176,0,750,11257
oliveira/04_11/randm08.02.02.12.020_0030.05.aba.beta,True,5,5,0.027617931365966797,0.06608986854553223,0.0015099048614501953,0.09521770477294922,47,5,0,0,27,10,5704,28,6,271,0,667,10215
oliveira/04_11/randm08.02.02.13.020_0030.01.aba.beta,True,12,8,4.602137804031372,2.781270742416382,0.002261638641357422,7.385670185089111,300,12,0,0,254,81,1592415,65,70,2351,0,941,13919
oliveira/04_11/randm08.02.02.13.020_0030.02.aba.beta,True,12,8,0.3686814308166504,0.41283178329467773,0.003921031951904297,0.7854342460632324,108,12,0,0,76,27,124073,51,16,733,0,1661,25412
oliveira/04_11/randm08.02.02.13.020_0030.03.aba.beta,True,8,8,0.32113194465637207,0.33594250679016113,0.0025653839111328125,0.659639835357666,169,8,0,0,144,16,110669,50,9,1232,0,1088,16798
oliveira/04_11/randm08.02.02.13.020_0030.04.aba.beta,True,13,8,1.2890236377716064,1.392535924911499,0.0030333995819091797,2.6845929622650146,222,13,0,0,187,42,467447,65,30,1768,0,1326,20043
oliveira/04_11/randm08.02.02.13.020_0030.05.aba.beta,True,11,8,0.5922665596008301,0.511181116104126,0.0034105777740478516,1.106858253479004,149,11,0,0,109,26,207059,49,16,1117,0,1486,23123
oliveira/04_11/randm08.02.02.14.020_0030.01.aba.beta,True,10,6,0.14163970947265625,0.24107027053833008,0.002343416213989258,0.3850533962249756,60,10,0,0,32,24,43682,40,15,396,0,1069,16188
oliveira/04_11/randm08.02.02.14.020_0030.02.aba.beta,True,14,6,0.1952981948852539,0.3645648956298828,0.0031273365020751953,0.5629904270172119,69,14,0,0,37,26,64361,45,13,504,0,1414,21460
oliveira/04_11/randm08.02.02.14.020_0030.03.aba.beta,True,12,6,0.14053630828857422,0.2950420379638672,0.0024819374084472656,0.43806028366088867,58,12,0,0,25,24,44881,42,13,398,0,1093,16509
oliveira/04_11/randm08.02.02.14.020_0030.04.aba.beta,True,10,6,0.16680002212524414,0.325244665145874,0.0019235610961914062,0.49396824836730957,59,10,0,0,25,31,58683,35,22,421,0,858,13133
oliveira/04_11/randm08.02.02.14.020_0030.05.aba.beta,True,10,6,0.23225164413452148,0.3996570110321045,0.002551555633544922,0.6344602108001709,80,10,0,0,47,34,72712,42,25,521,0,1129,16907
oliveira/04_11/randm08.02.02.15.020_0030.01.aba.beta,True,3,5,0.019101858139038086,0.0374903678894043,0.0013747215270996094,0.05796694755554199,37,3,0,0,20,6,5278,25,4,177,0,604,9499
oliveira/04_11/randm08.02.02.15.020_0030.02.aba.beta,True,7,5,0.045543670654296875,0.08589458465576172,0.002015352249145508,0.1334536075592041,42,7,0,0,25,11,12702,28,5,230,0,904,13961
oliveira/04_11/randm08.02.02.15.020_0030.03.aba.beta,True,6,5,0.032660484313964844,0.06129097938537598,0.0018489360809326172,0.09580039978027344,32,6,0,0,17,9,7273,25,4,164,0,850,13087
oliveira/04_11/randm08.02.02.15.020_0030.04.aba.beta,True,4,5,0.02030634880065918,0.04357028007507324,0.0017023086547851562,0.06557893753051758,30,4,0,0,17,7,5228,21,4,139,0,757,11863
oliveira/04_11/randm08.02.02.15.020_0030.05.aba.beta,True,12,5,0.08272385597229004,0.13358187675476074,0.001966238021850586,0.21827197074890137,43,12,0,0,20,16,18095,33,5,280,0,898,13366
oliveira/04_11/randm08.02.02.16.020_0030.01.aba.beta,True,10,5,0.05173778533935547,0.12590956687927246,0.0017514228820800781,0.179398775100708,39,10,0,0,16,17,13503,27,8,240,0,823,12240
oliveira/04_11/randm08.02.02.16.020_0030.02.aba.beta,True,10,5,0.04937744140625,0.1241006851196289,0.0014007091522216797,0.17487883567810059,37,10,0,0,13,18,11491,23,9,214,0,671,9883
oliveira/04_11/randm08.02.02.16.020_0030.03.aba.beta,True,6,5,0.06752347946166992,0.15270686149597168,0.0014989376068115234,0.22172927856445312,38,6,0,0,11,21,13460,31,16,211,0,710,10847
oliveira/04_11/randm08.02.02.16.020_0030.04.aba.beta,True,6,5,0.05367326736450195,0.14670228958129883,0.0015411376953125,0.20191669464111328,40,6,0,0,13,21,12525,27,16,207,0,690,10539
oliveira/04_11/randm08.02.02.16.020_0030.05.aba.beta,True,10,5,0.0751044750213623,0.20309925079345703,0.0021123886108398438,0.2803161144256592,48,10,0,0,15,26,20282,36,17,287,0,852,12788
oliveira/04_11/randm08.02.02.17.020_0030.01.aba.beta,True,13,6,0.12674522399902344,0.2007136344909668,0.0017192363739013672,0.3291780948638916,80,13,0,0,60,21,33577,34,9,524,0,797,11488
oliveira/04_11/randm08.02.02.17.020_0030.02.aba.beta,True,10,6,0.11191368103027344,0.15300297737121582,0.0023374557495117188,0.267254114151001,82,10,0,0,65,14,28981,42,5,529,0,1078,16552
oliveira/04_11/randm08.02.02.17.020_0030.03.aba.beta,True,9,6,0.07249832153320312,0.11253595352172852,0.001371145248413086,0.18640542030334473,79,9,0,0,59,13,17702,39,5,450,0,672,9940
oliveira/04_11/randm08.02.02.17.020_0030.04.aba.beta,True,8,6,0.05096888542175293,0.09337925910949707,0.0013446807861328125,0.1456928253173828,73,8,0,0,58,13,12148,34,6,413,0,626,9344
oliveira/04_11/randm08.02.02.17.020_0030.05.aba.beta,True,5,6,0.061982154846191406,0.08045673370361328,0.0017082691192626953,0.14414715766906738,84,5,0,0,72,10,12124,30,6,502,0,753,12149
oliveira/04_11/randm08.02.02.18.020_0030.01.aba.beta,True,6,6,0.08007121086120605,0.13005685806274414,0.0012655258178710938,0.2113935947418213,77,6,0,0,58,15,24005,32,10,487,0,582,8893
oliveira/04_11/randm08.02.02.18.020_0030.02.aba.beta,True,11,6,0.2051689624786377,0.3766210079193115,0.003309965133666992,0.5850999355316162,84,11,0,0,59,28,72041,40,18,539,0,1435,22340
oliveira/04_11/randm08.02.02.18.020_0030.03.aba.beta,True,7,6,0.06859111785888672,0.10922956466674805,0.0025260448455810547,0.18034672737121582,50,7,0,0,29,11,14777,31,5,267,0,1120,17313
oliveira/04_11/randm08.02.02.18.020_0030.04.aba.beta,True,6,6,0.756932258605957,1.0220866203308105,0.0019927024841308594,1.7810115814208984,179,6,0,0,150,53,270445,48,48,1361,0,883,13751
oliveira/04_11/randm08.02.02.18.020_0030.05.aba.beta,True,8,6,0.08370471000671387,0.1569657325744629,0.003721475601196289,0.24439191818237305,71,8,0,0,52,13,26328,39,6,470,0,1201,18677
oliveira/04_11/randm08.02.02.19.020_0030.01.aba.beta,True,9,8,1.5680866241455078,1.1526732444763184,0.0016660690307617188,2.722425937652588,292,9,0,0,267,44,572150,58,36,2337,0,746,10981
oliveira/04_11/randm08.02.02.19.020_0030.02.aba.beta,True,12,8,0.9331433773040771,0.8611531257629395,0.002389192581176758,1.7966856956481934,228,12,0,0,201,48,331837,54,37,1620,0,1065,16329
oliveira/04_11/randm08.02.02.19.020_0030.03.aba.beta,True,6,8,0.09399104118347168,0.1274709701538086,0.001489877700805664,0.22295188903808594,107,6,0,0,92,11,30817,43,6,660,0,648,9831
oliveira/04_11/randm08.02.02.19.020_0030.04.aba.beta,True,13,8,1.5084776878356934,1.3185737133026123,0.001870870590209961,2.8289222717285156,228,13,0,0,200,65,537825,53,53,1732,0,802,11754
oliveira/04_11/randm08.02.02.19.020_0030.05.aba.beta,True,12,8,0.32784271240234375,0.38918328285217285,0.0024471282958984375,0.719473123550415,148,12,0,0,119,28,106195,57,17,1059,0,1087,16168
oliveira/04_11/randm09.02.02.01.020_0030.01.aba.beta,True,19,9,2.2338075637817383,1.617340087890625,0.005476713180541992,3.8566243648529053,237,19,0,0,194,47,769912,57,29,2047,0,2324,36122
oliveira/04_11/randm09.02.02.01.020_0030.02.aba.beta,True,6,7,0.18898797035217285,0.24703121185302734,0.0013942718505859375,0.43741345405578613,124,6,0,0,103,20,66095,42,15,880,0,640,9750
oliveira/04_11/randm09.02.02.01.020_0030.03.aba.beta,True,23,9,4.66629958152771,2.815934419631958,0.0036382675170898438,7.485872268676758,313,23,0,0,254,91,1711173,55,69,2662,0,1636,24014
oliveira/04_11/randm09.02.02.01.020_0030.04.aba.beta,True,8,9,28.370637893676758,13.327299356460571,0.0019500255584716797,41.6998872756958,589,8,0,0,537,199,9064236,71,192,5483,0,857,12880
oliveira/04_11/randm09.02.02.01.020_0030.05.aba.beta,True,10,9,9.023907661437988,4.884476184844971,0.001531362533569336,13.909915208816528,477,10,0,0,434,114,3102194,67,105,4419,0,693,10088
oliveira/04_11/randm09.02.02.02.020_0030.01.aba.beta,True,19,8,7.569326162338257,4.422317028045654,0.004117250442504883,11.995760440826416,458,19,0,0,426,110,2431861,80,92,3699,0,1770,26182
oliveira/04_11/randm09.02.02.02.020_0030.02.aba.beta,True,9,7,0.09318351745605469,0.11262965202331543,0.002302885055541992,0.2081160545349121,66,9,0,0,48,9,21264,36,1,361,0,1049,16200
oliveira/04_11/randm09.02.02.02.020_0030.03.aba.beta,True,20,8,0.19397687911987305,0.30158352851867676,0.006187915802001953,0.5017483234405518,91,20,0,0,59,23,52013,52,4,631,0,2559,38777
oliveira/04_11/randm09.02.02.02.020_0030.04.aba.beta,True,20,8,3.533409833908081,2.9847168922424316,0.004563808441162109,6.522690534591675,294,20,0,0,243,117,1272919,61,98,2308,0,2030,31088
oliveira/04_11/randm09.02.02.02.020_0030.05.aba.beta,True,19,7,0.7078211307525635,0.73453688621521,0.0033249855041503906,1.4456830024719238,142,19,0,0,107,41,243615,47,23,1124,0,1498,21956
oliveira/04_11/randm09.02.02.03.020_0030.01.aba.beta,True,23,8,1.2381479740142822,1.0940015316009521,0.004187583923339844,2.336337089538574,221,23,0,0,183,38,381640,57,16,2009,0,1821,26852
oliveira/04_11/randm09.02.02.03.020_0030.02.aba.beta,True,14,8,0.4585404396057129,0.6713743209838867,0.003198385238647461,1.133113145828247,214,14,0,0,181,33,148741,59,20,1626,0,1369,21341
oliveira/04_11/randm09.02.02.03.020_0030.03.aba.beta,True,19,8,4.1162800788879395,4.8930957317352295,0.0022487640380859375,9.011624574661255,406,19,0,0,357,114,1374057,72,96,3418,0,996,14168
oliveira/04_11/randm09.02.02.03.020_0030.04.aba.beta,True,12,8,0.2113947868347168,0.2539229393005371,0.003830432891845703,0.4691481590270996,105,12,0,0,81,20,53192,51,9,715,0,1287,19467
oliveira/04_11/randm09.02.02.03.020_0030.05.aba.beta,True,8,8,0.1253070831298828,0.1828927993774414,0.00173187255859375,0.30993175506591797,118,8,0,0,98,16,40411,44,9,754,0,805,12177
oliveira/04_11/randm09.02.02.04.020_0030.01.aba.beta,True,9,7,0.6877458095550537,0.8636744022369385,0.0018343925476074219,1.5532546043395996,238,9,0,0,214,41,216309,58,33,1735,0,811,12061
oliveira/04_11/randm09.02.02.04.020_0030.02.aba.beta,True,9,7,0.07764577865600586,0.13336992263793945,0.0017936229705810547,0.21280932426452637,73,9,0,0,54,14,21846,41,6,429,0,831,12516
oliveira/04_11/randm09.02.02.04.020_0030.03.aba.beta,True,8,7,0.07956695556640625,0.16970252990722656,0.0017883777618408203,0.25105786323547363,70,8,0,0,49,17,18185,46,10,362,0,712,10723
oliveira/04_11/randm09.02.02.04.020_0030.04.aba.beta,True,5,7,0.03915119171142578,0.06254172325134277,0.0012600421905517578,0.10295295715332031,57,5,0,0,42,8,6605,36,4,288,0,578,8846
oliveira/04_11/randm09.02.02.04.020_0030.05.aba.beta,True,10,7,0.4385640621185303,0.5857391357421875,0.00191497802734375,1.0262181758880615,196,10,0,0,171,37,153027,56,28,1309,0,856,12762
oliveira/04_11/randm09.02.02.05.020_0030.01.aba.beta,True,13,8,0.29677724838256836,0.33553552627563477,0.0016369819641113281,0.6339497566223145,194,13,0,0,169,21,97430,52,9,1323,0,782,11106
oliveira/04_11/randm09.02.02.05.020_0030.02.aba.beta,True,10,8,0.41317296028137207,0.3938863277435303,0.0013360977172851562,0.8083953857421875,236,10,0,0,216,22,138251,44,13,2003,0,649,9301
oliveira/04_11/randm09.02.02.05.020_0030.03.aba.beta,True,17,8,3.1008362770080566,2.1867830753326416,0.0024793148040771484,5.290098667144775,449,17,0,0,416,69,1120056,64,53,3924,0,1022,14631
oliveira/04_11/randm09.02.02.05.020_0030.04.aba.beta,True,14,8,0.38823914527893066,0.40627622604370117,0.0023419857025146484,0.7968573570251465,189,14,0,0,159,25,124147,53,12,1443,0,1071,15805
oliveira/04_11/randm09.02.02.05.020_0030.05.aba.beta,True,9,8,0.09759259223937988,0.14487314224243164,0.0028429031372070312,0.24530863761901855,77,9,0,0,58,11,27856,36,3,551,0,1109,17130
oliveira/04_11/randm09.02.02.06.020_0030.01.aba.beta,True,18,9,1.417442798614502,1.1930058002471924,0.0027534961700439453,2.6132020950317383,222,18,0,0,186,58,494500,60,41,1795,0,1231,17900
oliveira/04_11/randm09.02.02.06.020_0030.02.aba.beta,True,15,9,2.8723676204681396,1.6631429195404053,0.0018124580383300781,4.537322998046875,313,15,0,0,283,63,1062105,61,49,2714,0,820,11448
oliveira/04_11/randm09.02.02.06.020_0030.03.aba.beta,True,7,9,0.904895544052124,1.1029529571533203,0.001434326171875,2.0092828273773193,357,7,0,0,342,35,324609,71,29,2842,0,680,10366
oliveira/04_11/randm09.02.02.06.020_0030.04.aba.beta,True,16,9,15.7468900680542,7.416329860687256,0.0016705989837646484,23.16489052772522,591,16,0,0,533,149,5272008,72,134,5342,0,826,11386
oliveira/04_11/randm09.02.02.06.020_0030.05.aba.beta,True,15,9,1.5984845161437988,1.2210144996643066,0.002253293991088867,2.8217523097991943,286,15,0,0,252,51,588438,64,37,2137,0,1005,14620
oliveira/04_11/randm09.02.02.07.020_0030.01.aba.beta,True,1,1,0.0009088516235351562,0.0019807815551757812,0.0011754035949707031,0.004065036773681641,3,1,0,0,0,1,9,3,1,2,0,511,8445
oliveira/04_11/randm09.02.02.07.020_0030.02.aba.beta,True,1,1,0.0007879734039306641,0.0019390583038330078,0.001062631607055664,0.003789663314819336,3,1,0,0,0,1,9,3,1,2,0,530,8553
oliveira/04_11/randm09.02.02.07.020_0030.03.aba.beta,True,1,1,0.0008516311645507812,0.0018301010131835938,0.001119375228881836,0.003801107406616211,3,1,0,0,0,1,9,3,1,2,0,533,8573
oliveira/04_11/randm09.02.02.07.020_0030.04.aba.beta,True,1,1,0.0007836818695068359,0.0022318363189697266,0.001300811767578125,0.0043163299560546875,3,1,0,0,0,1,9,3,1,2,0,527,8550
oliveira/04_11/randm09.02.02.07.020_0030.05.aba.beta,True,1,1,0.0009419918060302734,0.002226114273071289,0.001169443130493164,0.0043375492095947266,3,1,0,0,0,1,9,3,1,2,0,536,8586
oliveira/04_11/randm09.02.02.08.020_0030.01.aba.beta,True,8,6,0.04749584197998047,0.07516312599182129,0.0020134449005126953,0.12467241287231445,60,8,0,0,46,10,10760,28,3,307,0,896,13866
oliveira/04_11/randm09.02.02.08.020_0030.02.aba.beta,True,6,6,0.06313276290893555,0.13857817649841309,0.0013959407806396484,0.20310688018798828,104,6,0,0,89,14,17365,50,9,588,0,622,9431
oliveira/04_11/randm09.02.02.08.020_0030.03.aba.beta,True,6,6,0.02725529670715332,0.04481840133666992,0.00146484375,0.07353854179382324,52,6,0,0,38,7,5345,32,2,256,0,701,10804
oliveira/04_11/randm09.02.02.08.020_0030.04.aba.beta,True,5,6,0.015618562698364258,0.035379648208618164,0.0036401748657226562,0.05463838577270508,50,5,0,0,33,6,3046,31,2,224,0,1650,26240
oliveira/04_11/randm09.02.02.08.020_0030.05.aba.beta,True,5,6,0.03328680992126465,0.03834271430969238,0.002405881881713867,0.0740354061126709,48,5,0,0,31,6,2707,32,2,221,0,1165,18489
oliveira/04_11/randm09.02.02.09.020_0030.01.aba.beta,True,14,9,0.9219992160797119,0.7726502418518066,0.003276348114013672,1.6979258060455322,229,14,0,0,201,36,344181,58,23,1533,0,1477,22862
oliveira/04_11/randm09.02.02.09.020_0030.02.aba.beta,True,14,9,1.1805169582366943,1.1238560676574707,0.0024988651275634766,2.3068718910217285,305,14,0,0,267,45,411905,66,32,2376,0,1148,17042
oliveira/04_11/randm09.02.02.09.020_0030.03.aba.beta,True,13,9,0.4194626808166504,0.40604329109191895,0.0019490718841552734,0.8274550437927246,168,13,0,0,136,25,135839,55,13,1204,0,810,11766
oliveira/04_11/randm09.02.02.09.020_0030.04.aba.beta,True,14,9,0.2829134464263916,0.37511348724365234,0.003574848175048828,0.6616017818450928,176,14,0,0,147,22,81268,63,9,1291,0,1586,23850
oliveira/04_11/randm09.02.02.09.020_0030.05.aba.beta,True,14,9,0.5231642723083496,0.5150713920593262,0.0028967857360839844,1.0411324501037598,198,14,0,0,165,29,181215,56,16,1395,0,1155,17121
oliveira/04_11/randm09.02.02.10.020_0030.01.aba.beta,True,8,6,0.08469009399414062,0.16715002059936523,0.0020837783813476562,0.2539238929748535,96,8,0,0,77,21,18457,40,14,586,0,896,13868
oliveira/04_11/randm09.02.02.10.020_0030.02.aba.beta,True,7,6,0.08639883995056152,0.17929744720458984,0.0013728141784667969,0.26706910133361816,71,7,0,0,50,22,24344,33,16,419,0,614,9184
oliveira/04_11/randm09.02.02.10.020_0030.03.aba.beta,True,8,6,0.09133672714233398,0.15784549713134766,0.0017597675323486328,0.2509419918060303,92,8,0,0,73,15,26539,40,8,583,0,786,11726
oliveira/04_11/randm09.02.02.10.020_0030.04.aba.beta,True,9,6,0.10502457618713379,0.16314005851745605,0.0014462471008300781,0.2696108818054199,105,9,0,0,80,17,28647,36,9,689,0,644,9366
oliveira/04_11/randm09.02.02.10.020_0030.05.aba.beta,True,5,6,0.04768633842468262,0.14432048797607422,0.0013055801391601562,0.193312406539917,75,5,0,0,58,20,13142,35,16,420,0,585,8864
oliveira/04_11/randm09.02.02.11.020_0030.01.aba.beta,True,6,8,0.07320809364318848,0.12572026252746582,0.0014879703521728516,0.20041632652282715,87,6,0,0,66,13,21053,46,8,520,0,674,10233
oliveira/04_11/randm09.02.02.11.020_0030.02.aba.beta,True,8,8,0.18332505226135254,0.30580925941467285,0.0016210079193115234,0.4907553195953369,164,8,0,0,140,22,63019,52,15,1054,0,700,10622
oliveira/04_11/randm09.02.02.11.020_0030.03.aba.beta,True,9,8,0.2615320682525635,0.43468165397644043,0.0015015602111816406,0.6977152824401855,182,9,0,0,156,30,81208,53,22,1240,0,682,10147
oliveira/04_11/randm09.02.02.11.020_0030.04.aba.beta,True,9,8,0.12715601921081543,0.1834869384765625,0.0014045238494873047,0.31204748153686523,107,9,0,0,85,17,38535,43,9,651,0,633,9209
oliveira/04_11/randm09.02.02.11.020_0030.05.aba.beta,True,9,8,0.2752561569213867,0.3133678436279297,0.001729726791381836,0.5903537273406982,142,9,0,0,116,24,90595,46,16,930,0,716,10789
oliveira/04_11/randm09.02.02.12.020_0030.01.aba.beta,True,8,8,0.13813400268554688,0.16842293739318848,0.0015575885772705078,0.30811452865600586,81,8,0,0,61,17,43403,39,10,482,0,705,10689
oliveira/04_11/randm09.02.02.12.020_0030.02.aba.beta,True,10,8,0.4307076930999756,0.42983388900756836,0.0021114349365234375,0.8626530170440674,143,10,0,0,124,33,143181,40,24,1059,0,933,14025
oliveira/04_11/randm09.02.02.12.020_0030.03.aba.beta,True,10,8,2.1126298904418945,1.9045896530151367,0.0017344951629638672,4.018954038619995,337,10,0,0,313,74,717832,55,65,2687,0,839,12298
oliveira/04_11/randm09.02.02.12.020_0030.04.aba.beta,True,7,8,0.1935417652130127,0.30300402641296387,0.0020270347595214844,0.49857282638549805,148,7,0,0,132,23,58799,48,17,1011,0,764,11646
oliveira/04_11/randm09.02.02.12.020_0030.05.aba.beta,True,9,8,0.39031982421875,0.31441736221313477,0.0017833709716796875,0.7065205574035645,211,9,0,0,187,20,138487,50,12,1608,0,807,11916
oliveira/04_11/randm09.02.02.13.020_0030.01.aba.beta,True,12,8,0.37225842475891113,0.4089939594268799,0.0024521350860595703,0.7837045192718506,164,12,0,0,135,28,127065,49,17,1211,0,1108,16734
oliveira/04_11/randm09.02.02.13.020_0030.02.aba.beta,True,11,8,0.4313199520111084,0.6299400329589844,0.003077983856201172,1.064337968826294,199,11,0,0,171,34,142743,62,24,1529,0,1312,19969
oliveira/04_11/randm09.02.02.13.020_0030.03.aba.beta,True,21,8,26.866143703460693,19.68313694000244,0.0035543441772460938,46.55283498764038,1134,21,0,0,1078,246,8540198,89,226,10559,0,1573,23196
oliveira/04_11/randm09.02.02.13.020_0030.04.aba.beta,True,9,8,0.24998140335083008,0.3218538761138916,0.0019083023071289062,0.5737435817718506,131,9,0,0,105,24,92031,51,16,910,0,849,12708
oliveira/04_11/randm09.02.02.13.020_0030.05.aba.beta,True,16,8,1.8617634773254395,1.4363229274749756,0.0036573410034179688,3.301743745803833,377,16,0,0,346,54,639824,73,39,3086,0,1599,24043
oliveira/04_11/randm09.02.02.14.020_0030.01.aba.beta,True,8,6,0.06422758102416992,0.09967446327209473,0.001705169677734375,0.16560721397399902,53,8,0,0,29,11,14932,27,4,335,0,766,11522
oliveira/04_11/randm09.02.02.14.020_0030.02.aba.beta,True,7,6,0.08661413192749023,0.18311572074890137,0.001493692398071289,0.2712235450744629,60,7,0,0,31,20,27321,30,14,389,0,679,10146
oliveira/04_11/randm09.02.02.14.020_0030.03.aba.beta,True,7,6,0.051491498947143555,0.11600923538208008,0.00136566162109375,0.16886639595031738,53,7,0,0,31,18,12137,31,12,312,0,612,9108
oliveira/04_11/randm09.02.02.14.020_0030.04.aba.beta,True,2,6,0.04603171348571777,0.11934781074523926,0.0012831687927246094,0.16666269302368164,55,2,0,0,31,17,13923,36,16,254,0,545,8614
oliveira/04_11/randm09.02.02.14.020_0030.05.aba.beta,True,9,6,0.19160127639770508,0.2586336135864258,0.0019989013671875,0.45223379135131836,81,9,0,0,50,21,64321,33,13,537,0,876,13132
oliveira/04_11/randm09.02.02.15.020_0030.01.aba.beta,True,3,8,0.060790300369262695,0.08521437644958496,0.0013797283172607422,0.1473844051361084,90,3,0,0,73,12,11881,46,10,495,0,617,9654
oliveira/04_11/randm09.02.02.15.020_0030.02.aba.beta,True,8,8,0.6708099842071533,0.5626399517059326,0.0014793872833251953,1.2349293231964111,223,8,0,0,200,32,236637,64,25,1518,0,665,9849
oliveira/04_11/randm09.02.02.15.020_0030.03.aba.beta,True,5,8,0.08713269233703613,0.11057925224304199,0.0013349056243896484,0.19904685020446777,97,5,0,0,82,12,27559,43,8,525,0,561,8751
oliveira/04_11/randm09.02.02.15.020_0030.04.aba.beta,True,8,8,0.1436905860900879,0.18304133415222168,0.001371622085571289,0.32810354232788086,147,8,0,0,132,16,47790,55,9,967,0,604,9009
oliveira/04_11/randm09.02.02.15.020_0030.05.aba.beta,True,7,8,0.16834020614624023,0.18060517311096191,0.0025947093963623047,0.35154008865356445,121,7,0,0,96,16,48805,41,10,730,0,842,13538
oliveira/04_11/randm09.02.02.16.020_0030.01.aba.beta,True,3,6,0.014726877212524414,0.038855552673339844,0.0012478828430175781,0.054830312728881836,35,3,0,0,19,8,3507,27,6,145,0,546,8642
oliveira/04_11/randm09.02.02.16.020_0030.02.aba.beta,True,6,6,0.05669808387756348,0.15018248558044434,0.0021567344665527344,0.20903730392456055,70,6,0,0,49,18,16666,34,13,380,0,924,14238
oliveira/04_11/randm09.02.02.16.020_0030.03.aba.beta,True,4,6,0.04052090644836426,0.0916132926940918,0.001547098159790039,0.1336812973022461,86,4,0,0,66,12,11652,31,9,456,0,740,11692
oliveira/04_11/randm09.02.02.16.020_0030.04.aba.beta,True,2,6,0.020000457763671875,0.03751564025878906,0.001280069351196289,0.05879616737365723,41,2,0,0,28,7,4616,28,6,188,0,548,8694
oliveira/04_11/randm09.02.02.16.020_0030.05.aba.beta,True,4,6,0.06563520431518555,0.11281204223632812,0.001463174819946289,0.17991042137145996,69,4,0,0,48,12,14670,36,9,437,0,623,9739
oliveira/04_11/randm09.02.02.17.020_0030.01.aba.beta,True,11,9,6.500213146209717,4.029850482940674,0.002710103988647461,10.532773733139038,481,11,0,0,452,112,2286364,75,102,4252,0,1136,17761
oliveira/04_11/randm09.02.02.17.020_0030.02.aba.beta,True,7,9,0.15582585334777832,0.21405577659606934,0.0018303394317626953,0.37171196937561035,110,7,0,0,92,15,45081,52,9,683,0,813,12415
oliveira/04_11/randm09.02.02.17.020_0030.03.aba.beta,True,6,9,0.11353182792663574,0.22866225242614746,0.0014996528625488281,0.34369373321533203,144,6,0,0,125,17,35837,59,12,910,0,651,9915
oliveira/04_11/randm09.02.02.17.020_0030.04.aba.beta,True,13,9,3.7915573120117188,2.405153751373291,0.0017008781433105469,6.19841194152832,605,13,0,0,572,76,1366483,75,64,5104,0,799,11489
oliveira/04_11/randm09.02.02.17.020_0030.05.aba.beta,True,17,9,1.378244400024414,1.1280391216278076,0.00417327880859375,2.5104568004608154,291,17,0,0,259,49,496200,64,33,2246,0,1739,26253
oliveira/04_11/randm09.02.02.18.020_0030.01.aba.beta,True,13,7,0.7480099201202393,0.8712964057922363,0.0021753311157226562,1.6214816570281982,223,13,0,0,187,48,249727,64,36,1846,0,942,13963
oliveira/04_11/randm09.02.02.18.020_0030.02.aba.beta,True,12,7,0.4614560604095459,0.5559055805206299,0.001501321792602539,1.0188629627227783,127,12,0,0,97,47,168344,45,36,946,0,703,10202
oliveira/04_11/randm09.02.02.18.020_0030.03.aba.beta,True,12,7,0.4215061664581299,0.4538712501525879,0.0026214122772216797,0.8779988288879395,162,12,0,0,135,33,148825,50,22,1344,0,1126,16933
oliveira/04_11/randm09.02.02.18.020_0030.04.aba.beta,True,14,7,0.49412035942077637,0.6178648471832275,0.0028426647186279297,1.1148278713226318,165,14,0,0,138,39,166979,55,26,1252,0,1283,19016
oliveira/04_11/randm09.02.02.18.020_0030.05.aba.beta,True,9,7,0.17254853248596191,0.2898561954498291,0.0018475055694580078,0.464252233505249,144,9,0,0,116,22,56568,47,14,1066,0,809,12207
oliveira/04_11/randm09.02.02.19.020_0030.01.aba.beta,True,17,8,1.8914875984191895,1.8024542331695557,0.002810239791870117,3.6967520713806152,310,17,0,0,259,84,669433,64,68,2558,0,1285,19081
oliveira/04_11/randm09.02.02.19.020_0030.02.aba.beta,True,16,8,16.01416540145874,10.601207256317139,0.005587339401245117,26.620959997177124,752,16,0,0,693,203,5391483,71,188,7008,0,2276,35146
oliveira/04_11/randm09.02.02.19.020_0030.03.aba.beta,True,12,8,1.04638671875,1.14579176902771,0.0020093917846679688,2.194187879562378,287,12,0,0,247,58,363024,60,47,2366,0,863,12535
oliveira/04_11/randm09.02.02.19.020_0030.04.aba.beta,True,14,8,4.948310613632202,4.255650043487549,0.0025870800018310547,9.206547737121582,500,14,0,0,441,123,1714735,65,110,4213,0,1147,17023
oliveira/04_11/randm09.02.02.19.020_0030.05.aba.beta,True,13,8,1.499495267868042,1.3296198844909668,0.003455638885498047,2.832570791244507,212,13,0,0,175,61,524281,52,49,1742,0,1398,21112
oliveira/04_11/randm10.02.02.01.020_0030.01.aba.beta,True,5,6,0.025198936462402344,0.03294658660888672,0.0016434192657470703,0.05978894233703613,59,5,0,0,49,5,4749,32,1,292,0,730,11296
oliveira/04_11/randm10.02.02.01.020_0030.02.aba.beta,True,4,6,0.026637792587280273,0.03699660301208496,0.0013382434844970703,0.0649726390838623,58,4,0,0,46,5,6441,26,2,298,0,620,9665
oliveira/04_11/randm10.02.02.01.020_0030.03.aba.beta,True,3,6,0.01271510124206543,0.027994871139526367,0.0011200904846191406,0.04183006286621094,41,3,0,0,30,5,2414,25,3,183,0,549,8634
oliveira/04_11/randm10.02.02.01.020_0030.04.aba.beta,True,6,6,0.03707599639892578,0.0735635757446289,0.001359701156616211,0.1119992733001709,55,6,0,0,34,8,7880,31,3,296,0,600,8984
oliveira/04_11/randm10.02.02.01.020_0030.05.aba.beta,True,9,6,0.07117295265197754,0.1278982162475586,0.002454519271850586,0.20152568817138672,80,9,0,0,64,14,18504,34,6,425,0,1096,16936
oliveira/04_11/randm10.02.02.02.020_0030.01.aba.beta,True,13,9,0.6539876461029053,0.7357058525085449,0.002935171127319336,1.3926286697387695,247,13,0,0,218,37,229682,64,25,1904,0,1350,20083
oliveira/04_11/randm10.02.02.02.020_0030.02.aba.beta,True,12,9,3.5649757385253906,2.5837085247039795,0.002360105514526367,6.1510443687438965,329,12,0,0,288,96,1215738,70,85,2482,0,1024,15178
oliveira/04_11/randm10.02.02.02.020_0030.03.aba.beta,True,18,9,1.2469813823699951,1.149355411529541,0.0039048194885253906,2.4002416133880615,310,18,0,0,280,41,446672,57,24,2740,0,1678,25689
oliveira/04_11/randm10.02.02.02.020_0030.04.aba.beta,True,13,9,2.8873324394226074,1.8680739402770996,0.00217437744140625,4.757580757141113,457,13,0,0,424,64,961408,71,52,4132,0,896,13263
oliveira/04_11/randm10.02.02.02.020_0030.05.aba.beta,True,14,9,1.1036036014556885,1.0915446281433105,0.001979351043701172,2.1971275806427,213,14,0,0,179,54,376115,57,41,1558,0,849,12099
oliveira/04_11/randm10.02.02.03.020_0030.01.aba.beta,True,14,8,0.5657284259796143,0.607245922088623,0.002046346664428711,1.175020694732666,171,14,0,0,139,46,185474,52,33,1157,0,911,13152
oliveira/04_11/randm10.02.02.03.020_0030.02.aba.beta,True,6,8,0.3057219982147217,0.37363147735595703,0.0017354488372802734,0.681088924407959,128,6,0,0,105,34,96351,48,29,815,0,678,10139
oliveira/04_11/randm10.02.02.03.020_0030.03.aba.beta,True,14,8,1.1262543201446533,0.8518657684326172,0.0022668838500976562,1.9803869724273682,217,14,0,0,187,47,435196,59,34,1641,0,1001,14922
oliveira/04_11/randm10.02.02.03.020_0030.04.aba.beta,True,9,8,0.5764420032501221,0.6502625942230225,0.0021381378173828125,1.2288427352905273,242,9,0,0,219,33,197658,58,25,1750,0,912,13695
oliveira/04_11/randm10.02.02.03.020_0030.05.aba.beta,True,15,8,0.48929476737976074,0.5690999031066895,0.0029239654541015625,1.0613186359405518,183,15,0,0,148,36,174161,49,22,1443,0,1294,19197
oliveira/04_11/randm10.02.02.04.020_0030.01.aba.beta,True,2,5,0.014220237731933594,0.024256467819213867,0.0011610984802246094,0.03963780403137207,31,2,0,0,20,5,1511,27,4,115,0,548,8643
oliveira/04_11/randm10.02.02.04.020_0030.02.aba.beta,True,4,5,0.03380846977233887,0.07301068305969238,0.0013511180877685547,0.1081702709197998,62,4,0,0,49,11,6459,39,8,300,0,579,8849
oliveira/04_11/randm10.02.02.04.020_0030.03.aba.beta,True,7,5,0.031789302825927734,0.06412696838378906,0.0011243820190429688,0.09704065322875977,41,7,0,0,24,12,6970,21,6,204,0,580,8971
oliveira/04_11/randm10.02.02.04.020_0030.04.aba.beta,True,4,5,0.009431600570678711,0.017980337142944336,0.0011839866638183594,0.028595924377441406,30,4,0,0,18,4,1323,18,1,135,0,554,8629
oliveira/04_11/randm10.02.02.04.020_0030.05.aba.beta,True,3,5,0.014267921447753906,0.03677678108215332,0.0012066364288330078,0.052251338958740234,34,3,0,0,22,8,2073,31,6,130,0,565,8735
oliveira/04_11/randm10.02.02.05.020_0030.01.aba.beta,True,14,8,1.192054033279419,1.3378932476043701,0.003043651580810547,2.5329909324645996,379,14,0,0,346,54,423195,71,41,2813,0,1334,20644
oliveira/04_11/randm10.02.02.05.020_0030.02.aba.beta,True,10,7,0.5791711807250977,0.8436441421508789,0.0035445690155029297,1.4263598918914795,252,10,0,0,223,43,198107,56,34,1807,0,1578,24282
oliveira/04_11/randm10.02.02.05.020_0030.03.aba.beta,True,11,8,0.9591677188873291,1.3638439178466797,0.0030040740966796875,2.3260157108306885,384,11,0,0,354,52,319417,73,42,2869,0,1250,19040
oliveira/04_11/randm10.02.02.05.020_0030.04.aba.beta,True,9,8,1.1459403038024902,1.2125804424285889,0.0028395652770996094,2.3613603115081787,210,9,0,0,174,68,407498,55,60,1448,0,1236,18808
oliveira/04_11/randm10.02.02.05.020_0030.05.aba.beta,True,19,8,9.174766063690186,7.674572467803955,0.007312297821044922,16.856650829315186,517,19,0,0,464,179,3209822,83,161,4248,0,3115,48295
oliveira/04_11/randm10.02.02.06.020_0030.01.aba.beta,True,10,9,0.24112343788146973,0.20134377479553223,0.0014395713806152344,0.4439067840576172,152,10,0,0,129,11,82109,46,2,1120,0,666,9684
oliveira/04_11/randm10.02.02.06.020_0030.02.aba.beta,True,20,9,2.7513463497161865,2.2379097938537598,0.0034351348876953125,4.992691278457642,381,20,0,0,340,72,1001232,73,53,3338,0,1514,22413
oliveira/04_11/randm10.02.02.06.020_0030.03.aba.beta,True,17,9,0.9196836948394775,0.7426943778991699,0.002972841262817383,1.6653509140014648,223,17,0,0,186,37,346481,54,21,1735,0,1323,19531
oliveira/04_11/randm10.02.02.06.020_0030.04.aba.beta,True,18,9,45.1409637928009,19.359631299972534,0.002253293991088867,64.50284838676453,1109,18,0,0,1068,237,14097841,80,220,11268,0,992,14362
oliveira/04_11/randm10.02.02.06.020_0030.05.aba.beta,True,18,9,35.68275165557861,15.438817262649536,0.002844095230102539,51.12441301345825,1220,18,0,0,1168,213,11100853,86,196,13134,0,1175,17318
oliveira/04_11/randm10.02.02.07.020_0030.01.aba.beta,True,16,9,7.797911882400513,4.880743980407715,0.0043485164642333984,12.683004379272461,647,16,0,0,613,105,2556118,82,90,5708,0,1782,27316
oliveira/04_11/randm10.02.02.07.020_0030.02.aba.beta,True,23,9,2.1851589679718018,1.596907138824463,0.0033631324768066406,3.7854292392730713,306,23,0,0,272,57,747187,58,35,2421,0,1400,20423
oliveira/04_11/randm10.02.02.07.020_0030.03.aba.beta,True,9,9,0.4789083003997803,0.5720326900482178,0.0017344951629638672,1.052675485610962,226,9,0,0,197,30,167192,61,22,1636,0,787,11873
oliveira/04_11/randm10.02.02.07.020_0030.04.aba.beta,True,13,9,2.666764259338379,2.1562442779541016,0.0032880306243896484,4.82629656791687,444,13,0,0,414,64,941500,78,52,3678,0,1261,18791
oliveira/04_11/randm10.02.02.07.020_0030.05.aba.beta,True,16,9,2.4199135303497314,1.8952770233154297,0.0023221969604492188,4.31751275062561,400,16,0,0,371,62,804067,65,47,3387,0,1087,15828
oliveira/04_11/randm10.02.02.08.020_0030.01.aba.beta,True,15,9,0.2741873264312744,0.3556215763092041,0.0019524097442626953,0.6317613124847412,139,15,0,0,111,26,96435,60,12,916,0,867,12646
oliveira/04_11/randm10.02.02.08.020_0030.02.aba.beta,True,10,9,0.285733699798584,0.2867140769958496,0.0015614032745361328,0.5740091800689697,161,10,0,0,141,19,104856,53,10,1038,0,701,10361
oliveira/04_11/randm10.02.02.08.020_0030.03.aba.beta,True,13,9,1.9328327178955078,1.2392239570617676,0.0015540122985839844,3.1736106872558594,304,13,0,0,274,55,694465,61,43,2344,0,690,9680
oliveira/04_11/randm10.02.02.08.020_0030.04.aba.beta,True,9,9,3.994866132736206,2.4432902336120605,0.0014622211456298828,6.4396185874938965,531,9,0,0,497,76,1401306,53,68,4310,0,646,9576
oliveira/04_11/randm10.02.02.08.020_0030.05.aba.beta,True,6,9,0.2844247817993164,0.35881829261779785,0.0014312267303466797,0.6446743011474609,238,6,0,0,220,20,104637,61,15,1612,0,638,9738
oliveira/04_11/randm10.02.02.09.020_0030.01.aba.beta,True,10,7,0.0865018367767334,0.12599444389343262,0.0015935897827148438,0.21408987045288086,71,10,0,0,53,13,22975,33,4,426,0,721,10744
oliveira/04_11/randm10.02.02.09.020_0030.02.aba.beta,True,10,7,0.20070433616638184,0.2551119327545166,0.0014772415161132812,0.4572935104370117,141,10,0,0,117,22,67297,47,13,983,0,668,9702
oliveira/04_11/randm10.02.02.09.020_0030.03.aba.beta,True,8,7,0.07383275032043457,0.1400318145751953,0.0015010833740234375,0.21536564826965332,107,8,0,0,90,13,20802,50,6,673,0,679,10223
oliveira/04_11/randm10.02.02.09.020_0030.04.aba.beta,True,15,7,0.25727272033691406,0.30011701583862305,0.002109527587890625,0.5594992637634277,107,15,0,0,81,25,71060,43,11,778,0,942,13800
oliveira/04_11/randm10.02.02.09.020_0030.05.aba.beta,True,11,7,1.0820872783660889,1.1388866901397705,0.0017025470733642578,2.2226765155792236,319,11,0,0,296,51,379777,64,41,2415,0,732,10689
oliveira/04_11/randm10.02.02.10.020_0030.01.aba.beta,True,8,7,0.050406455993652344,0.08809494972229004,0.0013535022735595703,0.13985490798950195,50,8,0,0,37,9,11363,27,2,275,0,653,9737
oliveira/04_11/randm10.02.02.10.020_0030.02.aba.beta,True,7,7,0.0870208740234375,0.08522915840148926,0.001967906951904297,0.17421793937683105,67,7,0,0,55,9,15763,26,3,412,0,694,10536
oliveira/04_11/randm10.02.02.10.020_0030.03.aba.beta,True,3,7,0.016186237335205078,0.03396487236022949,0.0013837814331054688,0.05153489112854004,46,3,0,0,35,5,3470,31,3,248,0,573,9025
oliveira/04_11/randm10.02.02.10.020_0030.04.aba.beta,True,5,7,0.06341075897216797,0.0920264720916748,0.0013952255249023438,0.15683245658874512,82,5,0,0,68,12,19010,34,8,427,0,569,8746
oliveira/04_11/randm10.02.02.10.020_0030.05.aba.beta,True,8,7,0.10583043098449707,0.19196510314941406,0.0016341209411621094,0.29942965507507324,123,8,0,0,105,19,33063,48,12,819,0,735,11057
oliveira/04_11/randm10.02.02.11.020_0030.01.aba.beta,True,5,7,0.034949541091918945,0.05172586441040039,0.0013155937194824219,0.08799099922180176,73,5,0,0,59,7,8132,39,3,388,0,577,8794
oliveira/04_11/randm10.02.02.11.020_0030.02.aba.beta,True,9,7,0.07033133506774902,0.12779498100280762,0.0019342899322509766,0.20006060600280762,114,9,0,0,97,13,18564,53,5,717,0,677,10071
oliveira/04_11/randm10.02.02.11.020_0030.03.aba.beta,True,10,7,0.1726384162902832,0.1618659496307373,0.0013666152954101562,0.33587098121643066,120,10,0,0,102,16,56783,37,7,737,0,616,9030
oliveira/04_11/randm10.02.02.11.020_0030.04.aba.beta,True,4,7,0.053412675857543945,0.056659698486328125,0.0014123916625976562,0.11148476600646973,99,4,0,0,86,6,15291,40,3,583,0,565,8745
oliveira/04_11/randm10.02.02.11.020_0030.05.aba.beta,True,4,7,0.01962447166442871,0.032631874084472656,0.0013477802276611328,0.0536041259765625,67,4,0,0,54,5,3960,37,2,342,0,588,9112
oliveira/04_11/randm10.02.02.12.020_0030.01.aba.beta,True,6,8,0.8528885841369629,1.004425287246704,0.0015549659729003906,1.8588688373565674,369,6,0,0,345,47,285181,67,42,2896,0,663,10041
oliveira/04_11/randm10.02.02.12.020_0030.02.aba.beta,True,19,8,8.623766899108887,5.7160234451293945,0.002680063247680664,14.342470407485962,366,19,0,0,328,198,2999059,59,180,3095,0,1163,17097
oliveira/04_11/randm10.02.02.12.020_0030.03.aba.beta,True,9,8,0.14264559745788574,0.17525815963745117,0.0015323162078857422,0.31943607330322266,107,9,0,0,90,17,46239,40,9,784,0,690,10340
oliveira/04_11/randm10.02.02.12.020_0030.04.aba.beta,True,11,8,0.9189555644989014,0.8048849105834961,0.0014493465423583984,1.7252898216247559,201,11,0,0,178,46,323170,51,36,1534,0,660,9484
oliveira/04_11/randm10.02.02.12.020_0030.05.aba.beta,True,13,8,0.8476250171661377,0.7296910285949707,0.0024437904357910156,1.5797598361968994,195,13,0,0,170,37,289682,61,25,1513,0,1061,15599
oliveira/04_11/randm10.02.02.13.020_0030.01.aba.beta,True,11,6,0.10302138328552246,0.1700284481048584,0.001451730728149414,0.2745015621185303,59,11,0,0,34,17,30487,30,7,428,0,700,10180
oliveira/04_11/randm10.02.02.13.020_0030.02.aba.beta,True,12,6,0.09208917617797852,0.14527034759521484,0.0022535324096679688,0.23961305618286133,53,12,0,0,27,15,26702,34,4,402,0,977,14998
oliveira/04_11/randm10.02.02.13.020_0030.03.aba.beta,True,6,6,0.05820822715759277,0.17447900772094727,0.0016980171203613281,0.23438525199890137,63,6,0,0,40,17,16222,36,12,356,0,743,11381
oliveira/04_11/randm10.02.02.13.020_0030.04.aba.beta,True,7,6,0.037384748458862305,0.08538985252380371,0.0019898414611816406,0.12476444244384766,52,7,0,0,33,11,8298,35,5,293,0,922,14317
oliveira/04_11/randm10.02.02.13.020_0030.05.aba.beta,True,9,6,0.0604860782623291,0.11386466026306152,0.0019266605377197266,0.17627739906311035,48,9,0,0,28,14,16062,30,6,278,0,872,13139
oliveira/04_11/randm10.02.02.14.020_0030.01.aba.beta,True,15,9,21.916319131851196,13.463811159133911,0.002912282943725586,35.38304257392883,987,15,0,0,935,183,7105669,87,169,9432,0,1319,19483
oliveira/04_11/randm10.02.02.14.020_0030.02.aba.beta,True,14,9,21.488577127456665,11.221800327301025,0.0016641616821289062,32.71204161643982,680,14,0,0,632,186,6926828,64,173,6282,0,789,11409
oliveira/04_11/randm10.02.02.14.020_0030.03.aba.beta,True,13,9,7.515964984893799,5.749471426010132,0.003421306610107422,13.268857717514038,442,13,0,0,403,120,2529271,65,108,4028,0,1406,21504
oliveira/04_11/randm10.02.02.14.020_0030.04.aba.beta,True,17,9,71.97103309631348,30.389227867126465,0.003771543502807617,102.36403250694275,1252,17,0,0,1193,364,21941452,84,348,12909,0,1643,25018
oliveira/04_11/randm10.02.02.14.020_0030.05.aba.beta,True,16,9,12.139225482940674,7.756448268890381,0.002391338348388672,19.898065090179443,650,16,0,0,601,153,4096467,68,138,5876,0,1083,16088
oliveira/04_11/randm10.02.02.15.020_0030.01.aba.beta,True,13,8,0.4824817180633545,0.6163077354431152,0.00196075439453125,1.100750207901001,225,13,0,0,202,40,166354,61,28,1687,0,895,13148
oliveira/04_11/randm10.02.02.15.020_0030.02.aba.beta,True,12,8,0.6645095348358154,0.6280548572540283,0.0016720294952392578,1.294236421585083,236,12,0,0,216,34,222420,50,23,1813,0,706,10232
oliveira/04_11/randm10.02.02.15.020_0030.03.aba.beta,True,15,8,0.5929825305938721,0.5422625541687012,0.0024764537811279297,1.1377215385437012,228,15,0,0,199,32,202570,61,18,1645,0,1104,16147
oliveira/04_11/randm10.02.02.15.020_0030.04.aba.beta,True,15,8,0.32488489151000977,0.39647555351257324,0.0018696784973144531,0.7232301235198975,178,15,0,0,151,28,109851,56,14,1239,0,885,12455
oliveira/04_11/randm10.02.02.15.020_0030.05.aba.beta,True,16,8,2.9181714057922363,1.8966009616851807,0.0020656585693359375,4.816838026046753,402,16,0,0,380,67,1034144,58,52,3414,0,992,14127
oliveira/04_11/randm10.02.02.16.020_0030.01.aba.beta,True,20,8,21.65756869316101,16.206486225128174,0.004151344299316406,37.8682062625885,829,20,0,0,754,314,7208915,80,295,7935,0,1860,27743
oliveira/04_11/randm10.02.02.16.020_0030.02.aba.beta,True,27,8,4.571599721908569,3.098524570465088,0.004752159118652344,7.67487645149231,391,27,0,0,340,107,1578476,78,81,3389,0,1970,28739
oliveira/04_11/randm10.02.02.16.020_0030.03.aba.beta,True,21,8,1.9674668312072754,1.5148565769195557,0.002817392349243164,3.485140800476074,276,21,0,0,229,57,684317,58,37,2428,0,1374,19611
oliveira/04_11/randm10.02.02.16.020_0030.04.aba.beta,True,17,8,20.395614862442017,12.692679405212402,0.0025000572204589844,33.09079432487488,607,17,0,0,551,278,7000779,79,262,5839,0,1128,16113
oliveira/04_11/randm10.02.02.16.020_0030.05.aba.beta,True,17,8,3.4101145267486572,3.142224073410034,0.0035851001739501953,6.555923700332642,421,17,0,0,366,103,1186759,73,87,3558,0,1521,22851
oliveira/04_11/randm10.02.02.17.020_0030.01.aba.beta,True,8,7,0.17859172821044922,0.3040592670440674,0.0017237663269042969,0.4843747615814209,130,8,0,0,111,23,57065,56,16,953,0,727,10903
oliveira/04_11/randm10.02.02.17.020_0030.02.aba.beta,True,8,7,5.661707162857056,3.870136022567749,0.002028942108154297,9.533872127532959,364,8,0,0,337,95,1790774,59,88,2869,0,848,12992
oliveira/04_11/randm10.02.02.17.020_0030.03.aba.beta,True,5,7,0.1797490119934082,0.2500300407409668,0.0017826557159423828,0.4315617084503174,110,5,0,0,94,20,46107,45,16,696,0,756,11752
oliveira/04_11/randm10.02.02.17.020_0030.04.aba.beta,True,9,7,0.17915868759155273,0.19429993629455566,0.0013027191162109375,0.37476134300231934,84,9,0,0,64,19,39671,38,11,512,0,670,9786
oliveira/04_11/randm10.02.02.17.020_0030.05.aba.beta,True,16,7,0.19773244857788086,0.2792317867279053,0.002331256866455078,0.4792954921722412,90,16,0,0,62,22,59319,40,7,695,0,1048,15422
oliveira/04_11/randm10.02.02.18.020_0030.01.aba.beta,True,1,1,0.0008847713470458984,0.002086162567138672,0.0011320114135742188,0.004102945327758789,3,1,0,0,0,1,9,3,1,2,0,539,8607
oliveira/04_11/randm10.02.02.18.020_0030.02.aba.beta,True,1,1,0.0041658878326416016,0.0024595260620117188,0.0012297630310058594,0.00785517692565918,3,1,0,0,0,1,9,3,1,2,0,537,8599
oliveira/04_11/randm10.02.02.18.020_0030.03.aba.beta,True,1,1,0.0009255409240722656,0.0019965171813964844,0.0011944770812988281,0.004116535186767578,3,1,0,0,0,1,9,3,1,2,0,537,8596
oliveira/04_11/randm10.02.02.18.020_0030.04.aba.beta,True,1,1,0.0008301734924316406,0.0020232200622558594,0.0012140274047851562,0.004067420959472656,3,1,0,0,0,1,9,3,1,2,0,536,8587
oliveira/04_11/randm10.02.02.18.020_0030.05.aba.beta,True,1,1,0.0008046627044677734,0.0019812583923339844,0.0011265277862548828,0.003912448883056641,3,1,0,0,0,1,9,3,1,2,0,537,8596
oliveira/04_11/randm10.02.02.19.020_0030.01.aba.beta,True,14,10,0.9787282943725586,0.6650080680847168,0.002680540084838867,1.6464169025421143,293,14,0,0,268,29,349072,72,16,2294,0,1193,17654
oliveira/04_11/randm10.02.02.19.020_0030.02.aba.beta,True,7,10,0.29791808128356934,0.27570152282714844,0.001516103744506836,0.5751357078552246,193,7,0,0,172,21,104741,63,15,1283,0,641,9624
oliveira/04_11/randm10.02.02.19.020_0030.03.aba.beta,True,22,10,1.6877171993255615,1.189647912979126,0.0049152374267578125,2.8822803497314453,267,22,0,0,223,52,594449,64,31,2075,0,2146,31988
oliveira/04_11/randm10.02.02.19.020_0030.04.aba.beta,True,18,10,1.2945268154144287,0.9524831771850586,0.003672361373901367,2.2506823539733887,276,18,0,0,247,37,454103,61,20,2158,0,1644,24520
oliveira/04_11/randm10.02.02.19.020_0030.05.aba.beta,True,23,10,0.7517235279083252,0.7974522113800049,0.003792285919189453,1.5529680252075195,185,23,0,0,147,44,269846,69,22,1394,0,1664,24415
oliveira/04_11/randm11.02.02.01.020_0030.01.aba.beta,True,18,10,2.6054530143737793,1.7833805084228516,0.003017425537109375,4.39185094833374,377,18,0,0,345,63,967608,70,46,3203,0,1265,18235
oliveira/04_11/randm11.02.02.01.020_0030.02.aba.beta,True,14,10,6.350115776062012,3.9926750659942627,0.0027244091033935547,10.345515251159668,631,14,0,0,604,96,2095613,78,83,5841,0,1222,18081
oliveira/04_11/randm11.02.02.01.020_0030.03.aba.beta,True,29,10,172.82213616371155,82.66755795478821,0.0041463375091552734,255.4938404560089,1910,29,0,0,1861,631,69039957,95,603,19156,0,2425,36106
oliveira/04_11/randm11.02.02.01.020_0030.04.aba.beta,True,18,10,5.18017840385437,2.6470072269439697,0.003031492233276367,7.830217123031616,603,18,0,0,570,64,1722214,77,47,5412,0,1266,18635
oliveira/04_11/randm11.02.02.01.020_0030.05.aba.beta,True,8,10,7.441990852355957,4.540522813796997,0.0014083385467529297,11.983922004699707,668,8,0,0,648,103,2564513,72,96,5888,0,627,9240
oliveira/04_11/randm11.02.02.02.020_0030.01.aba.beta,True,3,9,0.04633307456970215,0.05849289894104004,0.0013041496276855469,0.10613012313842773,79,3,0,0,64,8,11946,39,6,447,0,567,8896
oliveira/04_11/randm11.02.02.02.020_0030.02.aba.beta,True,12,10,1.097898006439209,1.0016601085662842,0.0035958290100097656,2.103153944015503,311,12,0,0,275,43,375361,73,32,2437,0,1547,23978
oliveira/04_11/randm11.02.02.02.020_0030.03.aba.beta,True,12,10,0.5731191635131836,0.5045828819274902,0.0028345584869384766,1.0805366039276123,215,12,0,0,180,26,189898,59,15,1544,0,1255,18792
oliveira/04_11/randm11.02.02.02.020_0030.04.aba.beta,True,13,10,0.7315108776092529,0.7611970901489258,0.0039403438568115234,1.4966483116149902,269,13,0,0,235,35,266511,68,23,2054,0,1405,21174
oliveira/04_11/randm11.02.02.02.020_0030.05.aba.beta,True,14,10,1.417015790939331,0.8523170948028564,0.001819610595703125,2.2711524963378906,292,14,0,0,259,41,487766,63,28,2186,0,811,11546
oliveira/04_11/randm11.02.02.03.020_0030.01.aba.beta,True,15,10,11.226805210113525,6.124148368835449,0.0017328262329101562,17.352686405181885,681,15,0,0,649,119,3730259,82,105,6052,0,787,10785
oliveira/04_11/randm11.02.02.03.020_0030.02.aba.beta,True,11,10,84.16936254501343,35.529685258865356,0.001657724380493164,119.70070552825928,1561,11,0,0,1513,400,28004078,91,390,15527,0,943,14086
oliveira/04_11/randm11.02.02.03.020_0030.03.aba.beta,True,12,10,11.017267942428589,5.9489476680755615,0.0024900436401367188,16.968705654144287,706,12,0,0,656,115,3384467,84,104,7038,0,994,14817
oliveira/04_11/randm11.02.02.03.020_0030.04.aba.beta,True,24,10,244.716899394989,79.06650733947754,0.0018680095672607422,323.7852747440338,1985,24,0,0,1928,786,101043574,95,763,20503,0,1156,15970
oliveira/04_11/randm11.02.02.03.020_0030.05.aba.beta,True,9,10,71.26845932006836,27.900403261184692,0.0022432804107666016,99.17110586166382,1506,9,0,0,1485,273,22053220,93,265,15528,0,1102,16829
oliveira/04_11/randm11.02.02.04.020_0030.01.aba.beta,True,9,9,0.5952322483062744,0.5113439559936523,0.0016167163848876953,1.1081929206848145,182,9,0,0,162,32,193743,55,24,1197,0,672,9896
oliveira/04_11/randm11.02.02.04.020_0030.02.aba.beta,True,15,9,4.238415956497192,2.235002279281616,0.0027098655700683594,6.476128101348877,436,15,0,0,407,74,1452096,66,60,3556,0,1134,16526
oliveira/04_11/randm11.02.02.04.020_0030.03.aba.beta,True,8,9,0.16955208778381348,0.11919665336608887,0.0015361309051513672,0.2902848720550537,91,8,0,0,69,11,33236,42,4,559,0,689,10164
oliveira/04_11/randm11.02.02.04.020_0030.04.aba.beta,True,18,9,0.7213854789733887,0.5534470081329346,0.0028405189514160156,1.2776730060577393,227,18,0,0,195,27,220725,60,10,1933,0,1087,15367
oliveira/04_11/randm11.02.02.04.020_0030.05.aba.beta,True,12,9,0.46823978424072266,0.48699283599853516,0.001718282699584961,0.9569509029388428,186,12,0,0,161,34,172079,60,23,1268,0,771,11143
oliveira/04_11/randm11.02.02.05.020_0030.01.aba.beta,True,14,8,0.24114060401916504,0.27592897415161133,0.002089262008666992,0.5191588401794434,140,14,0,0,116,21,78676,46,8,1152,0,912,13370
oliveira/04_11/randm11.02.02.05.020_0030.02.aba.beta,True,11,8,0.7585875988006592,0.7188646793365479,0.0017015933990478516,1.4791538715362549,190,11,0,0,158,38,271151,52,28,1422,0,772,11257
oliveira/04_11/randm11.02.02.05.020_0030.03.aba.beta,True,18,8,0.5759034156799316,0.5581741333007812,0.0020225048065185547,1.1361000537872314,200,18,0,0,165,33,196795,60,16,1535,0,923,12786
oliveira/04_11/randm11.02.02.05.020_0030.04.aba.beta,True,9,8,0.36940455436706543,0.3315286636352539,0.0014600753784179688,0.7023932933807373,178,9,0,0,158,23,113806,49,15,1234,0,666,9967
oliveira/04_11/randm11.02.02.05.020_0030.05.aba.beta,True,15,8,0.31578683853149414,0.28928399085998535,0.0017712116241455078,0.606842041015625,138,15,0,0,115,23,89440,52,9,927,0,799,11307
oliveira/04_11/randm11.02.02.06.020_0030.01.aba.beta,True,10,8,0.31522321701049805,0.42838048934936523,0.0023641586303710938,0.7459678649902344,181,10,0,0,159,25,106262,56,16,1316,0,999,15138
oliveira/04_11/randm11.02.02.06.020_0030.02.aba.beta,True,15,8,0.736778736114502,0.8312170505523682,0.005761623382568359,1.5737574100494385,189,15,0,0,161,51,278953,50,37,1353,0,2383,38494
oliveira/04_11/randm11.02.02.06.020_0030.03.aba.beta,True,5,8,0.21090483665466309,0.20407390594482422,0.0013155937194824219,0.4162943363189697,133,5,0,0,115,18,69469,34,14,855,0,570,8724
oliveira/04_11/randm11.02.02.06.020_0030.04.aba.beta,True,14,8,0.664846658706665,0.6026942729949951,0.0020618438720703125,1.2696027755737305,144,14,0,0,121,37,213354,45,24,952,0,921,13395
oliveira/04_11/randm11.02.02.06.020_0030.05.aba.beta,True,12,8,0.4255788326263428,0.5549333095550537,0.0021691322326660156,0.9826812744140625,149,12,0,0,128,34,122824,50,23,1012,0,1021,15129
oliveira/04_11/randm11.02.02.07.020_0030.01.aba.beta,True,11,9,2.518864870071411,1.5296404361724854,0.0033369064331054688,4.051842212677002,411,11,0,0,384,46,880381,76,36,3239,0,1553,23478
oliveira/04_11/randm11.02.02.07.020_0030.02.aba.beta,True,8,9,0.8362021446228027,0.9137463569641113,0.0020034313201904297,1.7519519329071045,264,8,0,0,239,42,287277,65,35,1870,0,871,13098
oliveira/04_11/randm11.02.02.07.020_0030.03.aba.beta,True,11,9,3.9759812355041504,2.2757768630981445,0.003769397735595703,6.255527496337891,558,11,0,0,527,62,1342231,72,52,4608,0,1602,24727
oliveira/04_11/randm11.02.02.07.020_0030.04.aba.beta,True,15,9,2.7874879837036133,2.257455587387085,0.0022735595703125,5.047217130661011,426,15,0,0,392,75,1007025,62,61,3244,0,990,14777
oliveira/04_11/randm11.02.02.07.020_0030.05.aba.beta,True,4,9,0.1566636562347412,0.2921111583709717,0.0015130043029785156,0.4502878189086914,170,4,0,0,152,21,52561,63,18,1096,0,664,10229
oliveira/04_11/randm11.02.02.08.020_0030.01.aba.beta,True,6,6,0.2716507911682129,0.3503732681274414,0.0013985633850097656,0.6234226226806641,167,6,0,0,147,30,93646,50,25,1131,0,594,9008
oliveira/04_11/randm11.02.02.08.020_0030.02.aba.beta,True,5,6,0.08001208305358887,0.10309004783630371,0.0011250972747802734,0.18422722816467285,84,5,0,0,70,12,22966,36,8,479,0,569,8733
oliveira/04_11/randm11.02.02.08.020_0030.03.aba.beta,True,5,6,0.07850837707519531,0.1318678855895996,0.0013954639434814453,0.21177172660827637,119,5,0,0,104,14,25042,48,10,694,0,575,8766
oliveira/04_11/randm11.02.02.08.020_0030.04.aba.beta,True,8,6,0.057462453842163086,0.10165905952453613,0.0014820098876953125,0.16060352325439453,85,8,0,0,69,11,14532,39,4,527,0,696,10417
oliveira/04_11/randm11.02.02.08.020_0030.05.aba.beta,True,6,6,0.1666109561920166,0.26166653633117676,0.0016443729400634766,0.42992186546325684,142,6,0,0,124,23,53110,41,18,887,0,587,8888
oliveira/04_11/randm11.02.02.09.020_0030.01.aba.beta,True,8,6,0.0797719955444336,0.1851494312286377,0.0017006397247314453,0.26662206649780273,65,8,0,0,41,22,24030,35,15,392,0,753,11524
oliveira/04_11/randm11.02.02.09.020_0030.02.aba.beta,True,7,6,0.039463043212890625,0.08452606201171875,0.0014197826385498047,0.12540888786315918,45,7,0,0,28,12,8135,28,6,260,0,712,10691
oliveira/04_11/randm11.02.02.09.020_0030.03.aba.beta,True,6,6,0.03653144836425781,0.07681012153625488,0.0016937255859375,0.1150352954864502,34,6,0,0,14,10,8361,26,5,180,0,909,13946
oliveira/04_11/randm11.02.02.09.020_0030.04.aba.beta,True,7,6,0.038021087646484375,0.09649324417114258,0.0017635822296142578,0.1362779140472412,46,7,0,0,28,14,10357,28,8,258,0,809,12357
oliveira/04_11/randm11.02.02.09.020_0030.05.aba.beta,True,7,6,0.041292428970336914,0.08072638511657715,0.0015232563018798828,0.12354207038879395,39,7,0,0,22,12,9601,24,6,209,0,672,10035
oliveira/04_11/randm11.02.02.10.020_0030.01.aba.beta,True,24,9,66.46678400039673,44.31696367263794,0.007719278335571289,110.79146695137024,1180,24,0,0,1129,432,22686731,92,409,11313,0,3815,59119
oliveira/04_11/randm11.02.02.10.020_0030.02.aba.beta,True,21,9,16.895625352859497,9.083402872085571,0.005122661590576172,25.984150886535645,696,21,0,0,657,169,5329340,90,149,6794,0,2277,34322
oliveira/04_11/randm11.02.02.10.020_0030.03.aba.beta,True,15,9,37.172452211380005,18.70618462562561,0.0027191638946533203,55.88135600090027,1254,15,0,0,1214,258,11735022,88,244,12378,0,1220,18402
oliveira/04_11/randm11.02.02.10.020_0030.04.aba.beta,True,23,9,131.263592004776,57.174177408218384,0.0025556087493896484,188.44032502174377,1619,23,0,0,1570,603,52193035,97,581,16814,0,1616,23732
oliveira/04_11/randm11.02.02.10.020_0030.05.aba.beta,True,13,8,1.0435118675231934,0.9427065849304199,0.003582477569580078,1.9898009300231934,254,13,0,0,224,47,366728,60,35,2216,0,1586,24278
oliveira/04_11/randm11.02.02.11.020_0030.01.aba.beta,True,13,11,0.381206750869751,0.32697010040283203,0.007087230682373047,0.715264081954956,152,13,0,0,128,22,134354,47,10,943,0,2966,47010
oliveira/04_11/randm11.02.02.11.020_0030.02.aba.beta,True,7,10,0.24823951721191406,0.1356949806213379,0.0019445419311523438,0.3858790397644043,147,7,0,0,130,10,62934,53,4,936,0,896,13759
oliveira/04_11/randm11.02.02.11.020_0030.03.aba.beta,True,14,11,2.3116965293884277,1.4077253341674805,0.004338979721069336,3.7237608432769775,339,14,0,0,310,53,813096,70,40,2427,0,1779,27593
oliveira/04_11/randm11.02.02.11.020_0030.04.aba.beta,True,13,11,0.8917708396911621,0.6373751163482666,0.003429412841796875,1.5325753688812256,232,13,0,0,204,32,343100,55,20,1612,0,1587,24222
oliveira/04_11/randm11.02.02.11.020_0030.05.aba.beta,True,10,11,1.2706599235534668,0.7240724563598633,0.007660865783691406,2.0023932456970215,297,10,0,0,272,32,446982,64,23,2110,0,2630,41533
oliveira/04_11/randm11.02.02.12.020_0030.01.aba.beta,True,13,6,0.399061918258667,0.61423659324646,0.002790689468383789,1.0160892009735107,201,13,0,0,176,32,140477,57,20,1467,0,1246,18728
oliveira/04_11/randm11.02.02.12.020_0030.02.aba.beta,True,5,6,0.02420783042907715,0.047016143798828125,0.00142669677734375,0.07265067100524902,42,5,0,0,28,5,3951,30,1,228,0,617,9689
oliveira/04_11/randm11.02.02.12.020_0030.03.aba.beta,True,8,6,0.15302324295043945,0.25310540199279785,0.0016050338745117188,0.407733678817749,82,8,0,0,56,26,50795,35,19,564,0,802,12294
oliveira/04_11/randm11.02.02.12.020_0030.04.aba.beta,True,8,6,0.21406817436218262,0.3034834861755371,0.0014834403991699219,0.5190351009368896,130,8,0,0,105,30,54399,54,23,792,0,657,9749
oliveira/04_11/randm11.02.02.12.020_0030.05.aba.beta,True,6,6,0.1459496021270752,0.20486712455749512,0.0016279220581054688,0.3524446487426758,114,6,0,0,99,15,49501,42,10,746,0,688,10635
oliveira/04_11/randm11.02.02.13.020_0030.01.aba.beta,True,16,9,1.3814098834991455,1.2510695457458496,0.0021719932556152344,2.6346514225006104,255,16,0,0,214,50,500929,60,35,1958,0,967,13656
oliveira/04_11/randm11.02.02.13.020_0030.02.aba.beta,True,15,9,1.0041537284851074,0.8869471549987793,0.0022683143615722656,1.893369197845459,245,15,0,0,213,37,369719,57,23,1925,0,998,14386
oliveira/04_11/randm11.02.02.13.020_0030.03.aba.beta,True,8,9,1.57198166847229,1.524505853652954,0.0015149116516113281,3.0980024337768555,379,8,0,0,346,51,508211,71,44,2901,0,631,9185
oliveira/04_11/randm11.02.02.13.020_0030.04.aba.beta,True,13,9,1.4053676128387451,1.512650489807129,0.0023941993713378906,2.920412302017212,326,13,0,0,289,50,473101,69,38,2607,0,1089,16096
oliveira/04_11/randm11.02.02.13.020_0030.05.aba.beta,True,9,9,1.8331575393676758,1.4811060428619385,0.001981973648071289,3.3162455558776855,438,9,0,0,407,44,596901,74,36,3742,0,812,12123
oliveira/04_11/randm11.02.02.14.020_0030.01.aba.beta,True,17,9,8.201730012893677,4.0496416091918945,0.0023136138916015625,12.253685235977173,389,17,0,0,355,102,2779173,74,86,3278,0,1091,15816
oliveira/04_11/randm11.02.02.14.020_0030.02.aba.beta,True,30,9,5.509696960449219,3.6248199939727783,0.007451534271240234,9.141968488693237,395,30,0,0,348,91,1889539,82,62,3516,0,3209,47931
oliveira/04_11/randm11.02.02.14.020_0030.03.aba.beta,True,23,9,4.060290098190308,2.567788600921631,0.0038945674896240234,6.6319732666015625,304,23,0,0,264,89,1480205,70,67,2394,0,1721,25340
oliveira/04_11/randm11.02.02.14.020_0030.04.aba.beta,True,17,9,2.2269885540008545,1.8501663208007812,0.0038604736328125,4.081015348434448,315,17,0,0,278,61,806496,83,45,2503,0,1685,25209
oliveira/04_11/randm11.02.02.14.020_0030.05.aba.beta,True,21,9,4.442620277404785,3.213353157043457,0.003421306610107422,7.65939474105835,359,21,0,0,316,86,1449957,81,66,3063,0,1400,20769
oliveira/04_11/randm11.02.02.15.020_0030.01.aba.beta,True,18,10,0.43666744232177734,0.4066934585571289,0.0028345584869384766,0.8461954593658447,133,18,0,0,102,23,140759,47,6,992,0,1233,17912
oliveira/04_11/randm11.02.02.15.020_0030.02.aba.beta,True,14,10,3.6308085918426514,1.6685216426849365,0.002029895782470703,5.301360130310059,489,14,0,0,461,51,1229689,61,38,4600,0,838,12002
oliveira/04_11/randm11.02.02.15.020_0030.03.aba.beta,True,10,10,0.4628462791442871,0.4342997074127197,0.0017211437225341797,0.898867130279541,242,10,0,0,218,20,144130,62,11,1725,0,775,11476
oliveira/04_11/randm11.02.02.15.020_0030.04.aba.beta,True,7,10,4.17276930809021,2.671560287475586,0.0015103816986083984,6.845839977264404,604,7,0,0,582,66,1420245,86,60,4975,0,634,9623
oliveira/04_11/randm11.02.02.15.020_0030.05.aba.beta,True,11,10,0.5620074272155762,0.3575472831726074,0.0020935535430908203,0.9216482639312744,162,11,0,0,136,20,184671,45,10,1188,0,891,13479
oliveira/04_11/randm11.02.02.16.020_0030.01.aba.beta,True,6,9,0.15137219429016113,0.205855131149292,0.0015094280242919922,0.3587367534637451,174,6,0,0,155,13,49013,59,8,1162,0,664,10032
oliveira/04_11/randm11.02.02.16.020_0030.02.aba.beta,True,19,9,4.007719278335571,2.4947245121002197,0.0038743019104003906,6.506318092346191,510,19,0,0,479,68,1345146,73,50,4494,0,1677,25375
oliveira/04_11/randm11.02.02.16.020_0030.03.aba.beta,True,25,9,5.251201868057251,3.0255537033081055,0.005186796188354492,8.281942367553711,586,25,0,0,551,86,1823359,76,62,5307,0,2239,33179
oliveira/04_11/randm11.02.02.16.020_0030.04.aba.beta,True,17,9,2.9880545139312744,1.6940643787384033,0.0020475387573242188,4.684166431427002,392,17,0,0,356,56,995292,65,40,3031,0,878,12343
oliveira/04_11/randm11.02.02.16.020_0030.05.aba.beta,True,18,9,0.7164196968078613,0.5505132675170898,0.003020048141479492,1.2699530124664307,185,18,0,0,152,26,213920,58,9,1428,0,1325,19432
oliveira/04_11/randm11.02.02.17.020_0030.01.aba.beta,True,23,11,30.962023496627808,11.399193286895752,0.003037691116333008,42.36425447463989,782,23,0,0,725,194,10308894,84,172,7690,0,1473,21277
oliveira/04_11/randm11.02.02.17.020_0030.02.aba.beta,True,16,11,1.1824314594268799,0.7905011177062988,0.0023775100708007812,1.9753100872039795,282,16,0,0,247,34,412570,65,19,2324,0,1088,15981
oliveira/04_11/randm11.02.02.17.020_0030.03.aba.beta,True,25,11,9.979102849960327,4.2433412075042725,0.0036818981170654297,14.226125955581665,558,25,0,0,505,83,3296591,81,59,4990,0,1595,23055
oliveira/04_11/randm11.02.02.17.020_0030.04.aba.beta,True,10,11,32.449891090393066,12.409627199172974,0.0015323162078857422,44.861050605773926,1080,10,0,0,1043,162,10168915,77,153,9938,0,662,9657
oliveira/04_11/randm11.02.02.17.020_0030.05.aba.beta,True,22,11,81.4885106086731,33.73569130897522,0.002355813980102539,115.22655773162842,1306,22,0,0,1248,452,31493983,99,431,12685,0,1312,19296
oliveira/04_11/randm11.02.02.18.020_0030.01.aba.beta,True,14,7,0.2032477855682373,0.3209714889526367,0.0021462440490722656,0.5263655185699463,89,14,0,0,60,29,63567,45,16,562,0,959,13798
oliveira/04_11/randm11.02.02.18.020_0030.02.aba.beta,True,15,7,0.9681816101074219,1.068810224533081,0.0060999393463134766,2.0430917739868164,164,15,0,0,122,53,322217,54,39,1189,0,1467,21847
oliveira/04_11/randm11.02.02.18.020_0030.03.aba.beta,True,9,7,0.5754826068878174,0.5736348628997803,0.0016155242919921875,1.1507329940795898,153,9,0,0,125,37,169631,44,29,1077,0,740,10836
oliveira/04_11/randm11.02.02.18.020_0030.04.aba.beta,True,6,7,0.0401911735534668,0.03916430473327637,0.0015377998352050781,0.08089327812194824,66,6,0,0,51,6,8941,26,1,358,0,618,9511
oliveira/04_11/randm11.02.02.18.020_0030.05.aba.beta,True,9,7,0.053844451904296875,0.0857231616973877,0.0026819705963134766,0.14224958419799805,66,9,0,0,48,10,13984,31,2,384,0,1193,18647
oliveira/04_11/randm11.02.02.19.020_0030.01.aba.beta,True,35,11,87.09587144851685,67.31998372077942,0.003445148468017578,154.41930031776428,789,35,0,0,724,602,36728223,73,568,7454,0,1988,28684
oliveira/04_11/randm11.02.02.19.020_0030.02.aba.beta,True,25,11,214.76040077209473,69.0452606678009,0.003245830535888672,283.8089072704315,1850,25,0,0,1805,935,98936057,109,911,18917,0,1967,29163
oliveira/04_11/randm11.02.02.19.020_0030.03.aba.beta,True,21,11,80.70100164413452,31.911776542663574,0.002596139907836914,112.61537432670593,1218,21,0,0,1172,484,31719019,98,464,11959,0,1594,23384
oliveira/04_11/randm11.02.02.19.020_0030.04.aba.beta,True,23,11,134.53294038772583,47.98924970626831,0.0022764205932617188,182.5244665145874,1372,23,0,0,1317,699,57475700,97,677,14704,0,1401,20847
oliveira/04_11/randm11.02.02.19.020_0030.05.aba.beta,True,26,11,22.619591236114502,10.669498205184937,0.004332542419433594,33.29342198371887,522,26,0,0,457,306,8042754,78,281,4955,0,1808,26811
