file name,succeeded,learning_rounds,automaton_size,learning_time,smt_time,eq_oracle_time,total_time,queries_learning,validity_query,rule1,rule2,rule3,rule4,nodes,informative_nodes,analyzed_bases,sul_steps,cache_saved,queries_eq_oracle,steps_eq_oracle
oliveira/04_12/randm04.02.02.01.020_0030.01.aba.beta,True,2,3,0.0026161670684814453,0.039877891540527344,0.0012199878692626953,0.043714046478271484,7,2,0,0,0,2,69,7,1,12,0,536,8587
oliveira/04_12/randm04.02.02.01.020_0030.02.aba.beta,True,6,4,0.00908803939819336,0.05546998977661133,0.0032320022583007812,0.06779003143310547,11,6,0,0,0,6,391,11,1,24,0,1378,21897
oliveira/04_12/randm04.02.02.01.020_0030.03.aba.beta,True,8,4,0.013093233108520508,0.06921601295471191,0.004941701889038086,0.08725094795227051,15,8,0,0,0,8,685,14,1,41,0,1866,29995
oliveira/04_12/randm04.02.02.01.020_0030.04.aba.beta,True,5,4,0.007892847061157227,0.05857658386230469,0.0019421577453613281,0.06841158866882324,13,5,0,0,0,6,561,12,2,34,0,817,12918
oliveira/04_12/randm04.02.02.01.020_0030.05.aba.beta,True,6,4,0.012439966201782227,0.061606645584106445,0.0035784244537353516,0.07762503623962402,11,6,0,0,0,6,469,11,1,27,0,1610,25420
oliveira/04_12/randm04.02.02.02.020_0030.01.aba.beta,True,1,1,0.0011856555938720703,0.03240489959716797,0.0011615753173828125,0.03475213050842285,3,1,0,0,0,1,9,3,1,2,0,543,8623
oliveira/04_12/randm04.02.02.02.020_0030.02.aba.beta,True,1,1,0.0008845329284667969,0.030940771102905273,0.0011806488037109375,0.03300595283508301,3,1,0,0,0,1,9,3,1,2,0,537,8598
oliveira/04_12/randm04.02.02.02.020_0030.03.aba.beta,True,1,1,0.0010001659393310547,0.03301239013671875,0.0012865066528320312,0.035299062728881836,3,1,0,0,0,1,9,3,1,2,0,527,8532
oliveira/04_12/randm04.02.02.02.020_0030.04.aba.beta,True,1,1,0.0009407997131347656,0.030346393585205078,0.0010991096496582031,0.03238630294799805,3,1,0,0,0,1,9,3,1,2,0,536,8589
oliveira/04_12/randm04.02.02.02.020_0030.05.aba.beta,True,1,1,0.0009057521820068359,0.03151249885559082,0.0012242794036865234,0.03364253044128418,3,1,0,0,0,1,9,3,1,2,0,536,8583
oliveira/04_12/randm04.02.02.03.020_0030.01.aba.beta,True,2,3,0.003598928451538086,0.04337048530578613,0.0013034343719482422,0.04827284812927246,10,2,0,0,0,4,218,10,3,21,0,536,8563
oliveira/04_12/randm04.02.02.03.020_0030.02.aba.beta,True,4,3,0.006401777267456055,0.05523347854614258,0.0008072853088378906,0.06244254112243652,12,4,0,0,0,6,783,11,3,55,0,597,9269
oliveira/04_12/randm04.02.02.03.020_0030.03.aba.beta,True,2,3,0.002602815628051758,0.03471112251281738,0.001249551773071289,0.03856348991394043,7,2,0,0,0,2,86,7,1,12,0,540,8598
oliveira/04_12/randm04.02.02.03.020_0030.04.aba.beta,True,2,3,0.0026962757110595703,0.006798267364501953,0.001276254653930664,0.010770797729492188,7,2,0,0,0,2,86,7,1,12,0,543,8612
oliveira/04_12/randm04.02.02.03.020_0030.05.aba.beta,True,3,3,0.00495457649230957,0.018590688705444336,0.0012824535369873047,0.02482771873474121,11,3,0,0,0,5,423,10,3,31,0,547,8614
oliveira/04_12/randm04.02.02.04.020_0030.01.aba.beta,True,1,1,0.0008454322814941406,0.02935314178466797,0.0016422271728515625,0.03184080123901367,3,1,0,0,0,1,9,3,1,2,0,529,8558
oliveira/04_12/randm04.02.02.04.020_0030.02.aba.beta,True,1,1,0.0009098052978515625,0.03203153610229492,0.001207590103149414,0.0341489315032959,3,1,0,0,0,1,9,3,1,2,0,531,8570
oliveira/04_12/randm04.02.02.04.020_0030.03.aba.beta,True,1,1,0.0008168220520019531,0.02972722053527832,0.001100778579711914,0.03164482116699219,3,1,0,0,0,1,9,3,1,2,0,532,8571
oliveira/04_12/randm04.02.02.04.020_0030.04.aba.beta,True,1,1,0.0011377334594726562,0.002452850341796875,0.001247406005859375,0.004837989807128906,3,1,0,0,0,1,9,3,1,2,0,535,8587
oliveira/04_12/randm04.02.02.04.020_0030.05.aba.beta,True,1,1,0.0011432170867919922,0.002170562744140625,0.001157522201538086,0.004471302032470703,3,1,0,0,0,1,9,3,1,2,0,539,8598
oliveira/04_12/randm04.02.02.05.020_0030.01.aba.beta,True,1,2,0.0014102458953857422,0.002882242202758789,0.002021312713623047,0.006313800811767578,5,1,0,0,0,1,23,5,1,6,0,533,8580
oliveira/04_12/randm04.02.02.05.020_0030.02.aba.beta,True,1,2,0.0013947486877441406,0.003225564956665039,0.0011806488037109375,0.005800962448120117,5,1,0,0,0,1,23,5,1,6,0,529,8561
oliveira/04_12/randm04.02.02.05.020_0030.03.aba.beta,True,1,2,0.0014579296112060547,0.002595186233520508,0.0012357234954833984,0.005288839340209961,5,1,0,0,0,1,23,5,1,6,0,538,8604
oliveira/04_12/randm04.02.02.05.020_0030.04.aba.beta,True,1,2,0.0013232231140136719,0.0027942657470703125,0.0011522769927978516,0.005269765853881836,5,1,0,0,0,1,23,5,1,6,0,531,8548
oliveira/04_12/randm04.02.02.05.020_0030.05.aba.beta,True,1,2,0.0011246204376220703,0.0026776790618896484,0.0007460117340087891,0.004548311233520508,5,1,0,0,0,1,23,5,1,6,0,528,8549
oliveira/04_12/randm04.02.02.06.020_0030.01.aba.beta,True,3,3,0.0053746700286865234,0.013138294219970703,0.0012030601501464844,0.01971602439880371,12,3,0,0,0,3,355,11,1,53,0,554,8748
oliveira/04_12/randm04.02.02.06.020_0030.02.aba.beta,True,2,3,0.002901792526245117,0.010305166244506836,0.001211404800415039,0.014418363571166992,8,2,0,0,0,3,185,8,2,21,0,552,8677
oliveira/04_12/randm04.02.02.06.020_0030.03.aba.beta,True,4,3,0.005685091018676758,0.015964746475219727,0.001444101333618164,0.02309393882751465,9,4,0,0,0,4,298,9,1,33,0,563,8743
oliveira/04_12/randm04.02.02.06.020_0030.04.aba.beta,True,4,3,0.007858037948608398,0.01603865623474121,0.0012059211730957031,0.025102615356445312,9,4,0,0,0,4,420,9,1,49,0,582,9018
oliveira/04_12/randm04.02.02.06.020_0030.05.aba.beta,True,3,3,0.0041162967681884766,0.01168370246887207,0.001188039779663086,0.016988039016723633,10,3,0,0,0,3,220,10,1,33,0,559,8698
oliveira/04_12/randm04.02.02.07.020_0030.01.aba.beta,True,1,2,0.0013535022735595703,0.003559589385986328,0.0011968612670898438,0.006109952926635742,5,1,0,0,0,1,20,5,1,6,0,531,8557
oliveira/04_12/randm04.02.02.07.020_0030.02.aba.beta,True,1,2,0.003056049346923828,0.003726959228515625,0.0012717247009277344,0.008054733276367188,5,1,0,0,0,1,20,5,1,6,0,531,8567
oliveira/04_12/randm04.02.02.07.020_0030.03.aba.beta,True,1,2,0.0014801025390625,0.002950429916381836,0.0010678768157958984,0.005498409271240234,5,1,0,0,0,1,20,5,1,6,0,538,8600
oliveira/04_12/randm04.02.02.07.020_0030.04.aba.beta,True,1,2,0.0010938644409179688,0.002817392349243164,0.0010886192321777344,0.004999876022338867,5,1,0,0,0,1,20,5,1,6,0,538,8598
oliveira/04_12/randm04.02.02.07.020_0030.05.aba.beta,True,1,2,0.0011076927185058594,0.003141164779663086,0.0011484622955322266,0.005397319793701172,5,1,0,0,0,1,20,5,1,6,0,541,8614
oliveira/04_12/randm04.02.02.08.020_0030.01.aba.beta,True,11,4,0.037839412689208984,0.11551761627197266,0.0017900466918945312,0.15514707565307617,25,11,0,0,0,17,7202,24,7,193,0,864,12764
oliveira/04_12/randm04.02.02.08.020_0030.02.aba.beta,True,10,4,0.0248715877532959,0.06996631622314453,0.001626729965209961,0.09646463394165039,19,10,0,0,0,12,4336,18,3,154,0,751,11263
oliveira/04_12/randm04.02.02.08.020_0030.03.aba.beta,True,7,4,0.012960433959960938,0.027895212173461914,0.0015044212341308594,0.04236006736755371,13,7,0,0,0,7,1014,13,1,52,0,685,10478
oliveira/04_12/randm04.02.02.08.020_0030.04.aba.beta,True,5,4,0.0070421695709228516,0.018201112747192383,0.00128173828125,0.026525020599365234,11,5,0,0,0,5,430,11,1,31,0,561,8660
oliveira/04_12/randm04.02.02.08.020_0030.05.aba.beta,True,7,4,0.016618013381958008,0.06480908393859863,0.0014026165008544922,0.08282971382141113,19,7,0,0,0,12,2687,19,6,106,0,673,10030
oliveira/04_12/randm04.02.02.09.020_0030.01.aba.beta,True,2,3,0.002935647964477539,0.009377479553222656,0.0011360645294189453,0.01344919204711914,8,2,0,0,0,3,112,8,2,17,0,541,8608
oliveira/04_12/randm04.02.02.09.020_0030.02.aba.beta,True,2,3,0.002967357635498047,0.009804725646972656,0.0011692047119140625,0.013941287994384766,8,2,0,0,0,3,152,8,2,21,0,534,8569
oliveira/04_12/randm04.02.02.09.020_0030.03.aba.beta,True,2,3,0.003350496292114258,0.019304513931274414,0.0011289119720458984,0.02378392219543457,12,2,0,0,0,5,350,12,4,31,0,545,8636
oliveira/04_12/randm04.02.02.09.020_0030.04.aba.beta,True,2,3,0.005290508270263672,0.02075982093811035,0.0012509822845458984,0.027301311492919922,12,2,0,0,0,5,476,12,4,37,0,553,8716
oliveira/04_12/randm04.02.02.09.020_0030.05.aba.beta,True,2,3,0.0029058456420898438,0.010480880737304688,0.0011532306671142578,0.014539957046508789,8,2,0,0,0,3,182,8,2,24,0,549,8669
oliveira/04_12/randm04.02.02.10.020_0030.01.aba.beta,True,6,4,0.026228904724121094,0.10291838645935059,0.0014863014221191406,0.13063359260559082,24,6,0,0,0,15,5595,21,10,115,0,688,10521
oliveira/04_12/randm04.02.02.10.020_0030.02.aba.beta,True,5,4,0.026001930236816406,0.06858205795288086,0.0012857913970947266,0.09586977958679199,21,5,0,0,0,13,2948,18,9,87,0,590,9206
oliveira/04_12/randm04.02.02.10.020_0030.03.aba.beta,True,3,4,0.01510310173034668,0.06746792793273926,0.0012295246124267578,0.0838005542755127,19,3,0,0,0,11,3049,18,9,97,0,589,9306
oliveira/04_12/randm04.02.02.10.020_0030.04.aba.beta,True,2,4,0.014079093933105469,0.07467770576477051,0.0012984275817871094,0.09005522727966309,20,2,0,0,0,11,2425,19,10,69,0,555,8784
oliveira/04_12/randm04.02.02.10.020_0030.05.aba.beta,True,5,4,0.02180194854736328,0.08814692497253418,0.0014624595642089844,0.11141133308410645,23,5,0,0,0,14,4110,21,10,123,0,670,10208
oliveira/04_12/randm04.02.02.11.020_0030.01.aba.beta,True,7,4,0.011915445327758789,0.02597188949584961,0.0028934478759765625,0.04078078269958496,13,7,0,0,0,7,627,13,1,36,0,1329,20771
oliveira/04_12/randm04.02.02.11.020_0030.02.aba.beta,True,7,4,0.011108636856079102,0.025302410125732422,0.0026636123657226562,0.03907465934753418,13,7,0,0,0,7,527,13,1,31,0,1290,20261
oliveira/04_12/randm04.02.02.11.020_0030.03.aba.beta,True,7,4,0.01294708251953125,0.027774572372436523,0.0018565654754638672,0.04257822036743164,13,7,0,0,0,7,613,13,1,38,0,846,13003
oliveira/04_12/randm04.02.02.11.020_0030.04.aba.beta,True,7,4,0.011898279190063477,0.028423786163330078,0.0020525455474853516,0.042374610900878906,13,7,0,0,0,7,729,12,1,38,0,940,14680
oliveira/04_12/randm04.02.02.11.020_0030.05.aba.beta,True,8,4,0.011031150817871094,0.03267359733581543,0.002645730972290039,0.04635047912597656,14,8,0,0,0,8,720,13,1,39,0,1183,19109
oliveira/04_12/randm04.02.02.12.020_0030.01.aba.beta,True,2,3,0.004503965377807617,0.018187999725341797,0.0011889934539794922,0.023880958557128906,12,2,0,0,0,5,382,12,4,31,0,545,8621
oliveira/04_12/randm04.02.02.12.020_0030.02.aba.beta,True,4,3,0.008738279342651367,0.026761770248413086,0.0011622905731201172,0.03666234016418457,13,4,0,0,0,7,639,12,4,40,0,564,8711
oliveira/04_12/randm04.02.02.12.020_0030.03.aba.beta,True,4,3,0.006497859954833984,0.01868438720703125,0.0013027191162109375,0.026484966278076172,10,4,0,0,0,5,515,10,2,59,0,593,9123
oliveira/04_12/randm04.02.02.12.020_0030.04.aba.beta,True,4,3,0.00510406494140625,0.015761375427246094,0.0011565685272216797,0.022022008895874023,10,4,0,0,0,5,249,10,2,26,0,552,8626
oliveira/04_12/randm04.02.02.12.020_0030.05.aba.beta,True,4,3,0.0060176849365234375,0.0170137882232666,0.008098363876342773,0.031129837036132812,10,4,0,0,0,5,341,10,2,34,0,555,8668
oliveira/04_12/randm04.02.02.13.020_0030.01.aba.beta,True,1,1,0.001073598861694336,0.0017414093017578125,0.0011022090911865234,0.003917217254638672,3,1,0,0,0,1,9,3,1,2,0,528,8539
oliveira/04_12/randm04.02.02.13.020_0030.02.aba.beta,True,1,1,0.0008070468902587891,0.0017960071563720703,0.0011792182922363281,0.0037822723388671875,3,1,0,0,0,1,9,3,1,2,0,535,8584
oliveira/04_12/randm04.02.02.13.020_0030.03.aba.beta,True,1,1,0.0007841587066650391,0.0017969608306884766,0.0011148452758789062,0.003695964813232422,3,1,0,0,0,1,9,3,1,2,0,534,8583
oliveira/04_12/randm04.02.02.13.020_0030.04.aba.beta,True,1,1,0.0008196830749511719,0.0019490718841552734,0.001184225082397461,0.003952980041503906,3,1,0,0,0,1,9,3,1,2,0,537,8593
oliveira/04_12/randm04.02.02.13.020_0030.05.aba.beta,True,1,1,0.0012683868408203125,0.003433704376220703,0.001146078109741211,0.0058481693267822266,3,1,0,0,0,1,9,3,1,2,0,543,8623
oliveira/04_12/randm04.02.02.14.020_0030.01.aba.beta,True,7,4,0.013263702392578125,0.03527331352233887,0.0012357234954833984,0.04977273941040039,13,7,0,0,0,7,820,13,1,55,0,590,8897
oliveira/04_12/randm04.02.02.14.020_0030.02.aba.beta,True,6,4,0.010272741317749023,0.026458740234375,0.001253366470336914,0.03798484802246094,12,6,0,0,0,6,688,11,1,37,0,566,8687
oliveira/04_12/randm04.02.02.14.020_0030.03.aba.beta,True,3,4,0.00757908821105957,0.03955507278442383,0.0011858940124511719,0.04832005500793457,15,3,0,0,0,8,907,15,6,53,0,562,8757
oliveira/04_12/randm04.02.02.14.020_0030.04.aba.beta,True,3,4,0.00742650032043457,0.03899431228637695,0.0011243820190429688,0.04754519462585449,21,3,0,0,0,7,1030,17,5,83,0,554,8684
oliveira/04_12/randm04.02.02.14.020_0030.05.aba.beta,True,4,4,0.01276087760925293,0.013679981231689453,0.001176595687866211,0.027617454528808594,10,4,0,0,0,4,319,10,1,22,0,546,8595
oliveira/04_12/randm04.02.02.15.020_0030.01.aba.beta,True,1,2,0.0011889934539794922,0.003912925720214844,0.0009496212005615234,0.006051540374755859,5,1,0,0,0,1,25,4,1,6,0,533,8586
oliveira/04_12/randm04.02.02.15.020_0030.02.aba.beta,True,1,2,0.0012960433959960938,0.002700328826904297,0.0011446475982666016,0.005141019821166992,5,1,0,0,0,1,20,5,1,6,0,532,8581
oliveira/04_12/randm04.02.02.15.020_0030.03.aba.beta,True,1,2,0.001178741455078125,0.0029840469360351562,0.001100778579711914,0.005263566970825195,5,1,0,0,0,1,20,5,1,6,0,541,8605
oliveira/04_12/randm04.02.02.15.020_0030.04.aba.beta,True,1,2,0.0011322498321533203,0.002691030502319336,0.0011429786682128906,0.004966259002685547,5,1,0,0,0,1,20,5,1,6,0,542,8616
oliveira/04_12/randm04.02.02.15.020_0030.05.aba.beta,True,1,2,0.0015354156494140625,0.002540111541748047,0.0011172294616699219,0.005192756652832031,5,1,0,0,0,1,20,5,1,6,0,534,8580
oliveira/04_12/randm04.02.02.16.020_0030.01.aba.beta,True,2,3,0.002390623092651367,0.008960485458374023,0.0011048316955566406,0.012455940246582031,9,2,0,0,0,2,124,9,1,19,0,536,8574
oliveira/04_12/randm04.02.02.16.020_0030.02.aba.beta,True,5,3,0.008046865463256836,0.026071786880493164,0.0014493465423583984,0.0355679988861084,13,5,0,0,0,7,799,12,3,56,0,576,8806
oliveira/04_12/randm04.02.02.16.020_0030.03.aba.beta,True,5,3,0.009501934051513672,0.03189873695373535,0.0013284683227539062,0.04272913932800293,13,5,0,0,0,7,1301,13,3,84,0,636,9785
oliveira/04_12/randm04.02.02.16.020_0030.04.aba.beta,True,5,3,0.008227109909057617,0.02854013442993164,0.0012812614440917969,0.038048505783081055,13,5,0,0,0,7,964,13,3,82,0,611,9297
oliveira/04_12/randm04.02.02.16.020_0030.05.aba.beta,True,2,3,0.002492189407348633,0.006015300750732422,0.0012278556823730469,0.009735345840454102,11,2,0,0,0,2,186,10,1,30,0,541,8613
oliveira/04_12/randm04.02.02.17.020_0030.01.aba.beta,True,2,3,0.0038487911224365234,0.016915321350097656,0.0011758804321289062,0.021939992904663086,12,2,0,0,0,5,332,12,4,31,0,549,8649
oliveira/04_12/randm04.02.02.17.020_0030.02.aba.beta,True,2,3,0.0036818981170654297,0.020154953002929688,0.0012462139129638672,0.025083065032958984,12,2,0,0,0,5,452,12,4,37,0,553,8710
oliveira/04_12/randm04.02.02.17.020_0030.03.aba.beta,True,2,3,0.0031282901763916016,0.008676290512084961,0.001110076904296875,0.012914657592773438,8,2,0,0,0,3,129,8,2,20,0,535,8562
oliveira/04_12/randm04.02.02.17.020_0030.04.aba.beta,True,2,3,0.002644777297973633,0.009258031845092773,0.001100778579711914,0.01300358772277832,8,2,0,0,0,3,147,8,2,22,0,535,8572
oliveira/04_12/randm04.02.02.17.020_0030.05.aba.beta,True,2,3,0.003998517990112305,0.01737689971923828,0.0011129379272460938,0.02248835563659668,12,2,0,0,0,5,352,12,4,32,0,540,8576
oliveira/04_12/randm04.02.02.18.020_0030.01.aba.beta,True,6,4,0.013272523880004883,0.04302167892456055,0.001291513442993164,0.057585716247558594,19,6,0,0,0,10,1296,18,5,68,0,608,9200
oliveira/04_12/randm04.02.02.18.020_0030.02.aba.beta,True,3,4,0.0074787139892578125,0.022100448608398438,0.0012488365173339844,0.030827999114990234,13,3,0,0,0,6,574,13,4,42,0,561,8719
oliveira/04_12/randm04.02.02.18.020_0030.03.aba.beta,True,4,4,0.009586334228515625,0.04525947570800781,0.001280069351196289,0.05612587928771973,18,4,0,0,0,10,1384,17,7,62,0,567,8749
oliveira/04_12/randm04.02.02.18.020_0030.04.aba.beta,True,8,4,0.018642187118530273,0.0675055980682373,0.0016295909881591797,0.08777737617492676,21,8,0,0,0,12,2580,20,5,118,0,758,11389
oliveira/04_12/randm04.02.02.18.020_0030.05.aba.beta,True,5,4,0.010531425476074219,0.03824949264526367,0.0012364387512207031,0.050017356872558594,18,5,0,0,0,9,1088,17,5,70,0,574,8850
oliveira/04_12/randm04.02.02.19.020_0030.01.aba.beta,True,3,3,0.0074694156646728516,0.02735757827758789,0.0012886524200439453,0.03611564636230469,13,3,0,0,0,6,543,13,4,45,0,556,8704
oliveira/04_12/randm04.02.02.19.020_0030.02.aba.beta,True,4,3,0.006981611251831055,0.03207039833068848,0.0012230873107910156,0.04027509689331055,14,4,0,0,0,7,794,14,4,66,0,586,8943
oliveira/04_12/randm04.02.02.19.020_0030.03.aba.beta,True,4,3,0.007936954498291016,0.01852250099182129,0.0017542839050292969,0.0282137393951416,10,4,0,0,0,5,472,10,2,36,0,770,12133
oliveira/04_12/randm04.02.02.19.020_0030.04.aba.beta,True,4,3,0.005433320999145508,0.01738595962524414,0.0013189315795898438,0.024138212203979492,10,4,0,0,0,5,329,10,2,29,0,551,8627
oliveira/04_12/randm04.02.02.19.020_0030.05.aba.beta,True,3,3,0.005881786346435547,0.026030540466308594,0.0012421607971191406,0.03315448760986328,13,3,0,0,0,6,816,12,4,52,0,563,8791
oliveira/04_12/randm05.02.02.01.020_0030.01.aba.beta,True,4,3,0.007417201995849609,0.013228654861450195,0.0011873245239257812,0.021833181381225586,11,4,0,0,0,4,301,11,1,37,0,556,8660
oliveira/04_12/randm05.02.02.01.020_0030.02.aba.beta,True,4,3,0.006242275238037109,0.013284683227539062,0.0012383460998535156,0.020765304565429688,11,4,0,0,0,4,337,11,1,42,0,567,8781
oliveira/04_12/randm05.02.02.01.020_0030.03.aba.beta,True,6,3,0.007922649383544922,0.02011871337890625,0.001374959945678711,0.029416322708129883,11,6,0,0,0,6,501,10,1,45,0,584,8801
oliveira/04_12/randm05.02.02.01.020_0030.04.aba.beta,True,3,3,0.005733966827392578,0.008567333221435547,0.0011980533599853516,0.015499353408813477,8,3,0,0,0,3,191,8,1,22,0,548,8633
oliveira/04_12/randm05.02.02.01.020_0030.05.aba.beta,True,4,3,0.005075216293334961,0.015050888061523438,0.00118255615234375,0.02130866050720215,9,4,0,0,0,4,364,9,1,33,0,548,8650
oliveira/04_12/randm05.02.02.02.020_0030.01.aba.beta,True,2,3,0.002249002456665039,0.005052328109741211,0.0011086463928222656,0.008409976959228516,7,2,0,0,0,2,93,7,1,12,0,524,8509
oliveira/04_12/randm05.02.02.02.020_0030.02.aba.beta,True,2,3,0.003718137741088867,0.011476516723632812,0.0012068748474121094,0.01640152931213379,10,2,0,0,0,4,350,9,3,25,0,544,8631
oliveira/04_12/randm05.02.02.02.020_0030.03.aba.beta,True,2,3,0.0031027793884277344,0.013638734817504883,0.0011789798736572266,0.017920494079589844,10,2,0,0,0,4,472,10,3,32,0,544,8682
oliveira/04_12/randm05.02.02.02.020_0030.04.aba.beta,True,2,3,0.0039598941802978516,0.005143165588378906,0.0011625289916992188,0.010265588760375977,7,2,0,0,0,2,93,7,1,12,0,537,8583
oliveira/04_12/randm05.02.02.02.020_0030.05.aba.beta,True,2,3,0.0020842552185058594,0.005497455596923828,0.0012698173522949219,0.00885152816772461,7,2,0,0,0,2,93,7,1,12,0,535,8572
oliveira/04_12/randm05.02.02.03.020_0030.01.aba.beta,True,1,1,0.0008802413940429688,0.0026280879974365234,0.0013353824615478516,0.004843711853027344,3,1,0,0,0,1,9,3,1,2,0,543,8619
oliveira/04_12/randm05.02.02.03.020_0030.02.aba.beta,True,1,1,0.0005676746368408203,0.0023157596588134766,0.0011475086212158203,0.004030942916870117,3,1,0,0,0,1,9,3,1,2,0,538,8597
oliveira/04_12/randm05.02.02.03.020_0030.03.aba.beta,True,1,1,0.0012257099151611328,0.0021240711212158203,0.0011589527130126953,0.0045087337493896484,3,1,0,0,0,1,9,3,1,2,0,537,8598
oliveira/04_12/randm05.02.02.03.020_0030.04.aba.beta,True,1,1,0.0008118152618408203,0.0020499229431152344,0.0011525154113769531,0.004014253616333008,3,1,0,0,0,1,9,3,1,2,0,534,8583
oliveira/04_12/randm05.02.02.03.020_0030.05.aba.beta,True,1,1,0.0007483959197998047,0.0019655227661132812,0.001111745834350586,0.003825664520263672,3,1,0,0,0,1,9,3,1,2,0,521,8531
oliveira/04_12/randm05.02.02.04.020_0030.01.aba.beta,True,7,5,0.021701574325561523,0.06526422500610352,0.0014438629150390625,0.0884096622467041,22,7,0,0,0,12,3610,20,6,110,0,691,10460
oliveira/04_12/randm05.02.02.04.020_0030.02.aba.beta,True,9,5,0.02476048469543457,0.0626223087310791,0.0013759136199951172,0.08875870704650879,18,9,0,0,0,12,3430,17,4,104,0,678,10013
oliveira/04_12/randm05.02.02.04.020_0030.03.aba.beta,True,7,5,0.020191431045532227,0.06727337837219238,0.0013048648834228516,0.08876967430114746,23,7,0,0,0,11,3623,20,5,130,0,626,9162
oliveira/04_12/randm05.02.02.04.020_0030.04.aba.beta,True,8,5,0.02212977409362793,0.061261892318725586,0.0014162063598632812,0.0848078727722168,20,8,0,0,0,11,3089,20,4,96,0,665,9935
oliveira/04_12/randm05.02.02.04.020_0030.05.aba.beta,True,10,5,0.024637222290039062,0.08889365196228027,0.001402139663696289,0.11493301391601562,22,10,0,0,0,13,4032,22,4,143,0,684,10104
oliveira/04_12/randm05.02.02.05.020_0030.01.aba.beta,True,3,4,0.007778644561767578,0.031177759170532227,0.0011565685272216797,0.040112972259521484,17,3,0,0,0,8,901,16,6,51,0,551,8627
oliveira/04_12/randm05.02.02.05.020_0030.02.aba.beta,True,4,4,0.006953001022338867,0.027091264724731445,0.0011930465698242188,0.03523731231689453,15,4,0,0,0,7,584,15,4,47,0,554,8640
oliveira/04_12/randm05.02.02.05.020_0030.03.aba.beta,True,5,4,0.011443138122558594,0.03571963310241699,0.0013289451599121094,0.048491716384887695,16,5,0,0,0,8,960,15,4,68,0,575,8848
oliveira/04_12/randm05.02.02.05.020_0030.04.aba.beta,True,6,4,0.011474609375,0.0452427864074707,0.001348733901977539,0.05806612968444824,17,6,0,0,0,9,1704,16,4,106,0,619,9453
oliveira/04_12/randm05.02.02.05.020_0030.05.aba.beta,True,4,4,0.00923919677734375,0.042305707931518555,0.0012657642364501953,0.0528106689453125,18,4,0,0,0,9,1553,17,6,74,0,603,9330
oliveira/04_12/randm05.02.02.06.020_0030.01.aba.beta,True,7,5,0.0272367000579834,0.0935065746307373,0.0018105506896972656,0.12255382537841797,25,7,0,0,0,17,6331,20,11,127,0,792,12044
oliveira/04_12/randm05.02.02.06.020_0030.02.aba.beta,True,7,5,0.02963089942932129,0.08112740516662598,0.0014853477478027344,0.11224365234375,23,7,0,0,0,14,3921,22,8,125,0,705,10559
oliveira/04_12/randm05.02.02.06.020_0030.03.aba.beta,True,7,5,0.028792619705200195,0.10331583023071289,0.0013167858123779297,0.13342523574829102,25,7,0,0,0,17,4861,23,11,133,0,612,9107
oliveira/04_12/randm05.02.02.06.020_0030.04.aba.beta,True,11,5,0.06000089645385742,0.20403528213500977,0.0019185543060302734,0.26595473289489746,33,11,0,0,0,26,16169,28,16,223,0,871,12799
oliveira/04_12/randm05.02.02.06.020_0030.05.aba.beta,True,7,5,0.02176523208618164,0.0838470458984375,0.0012543201446533203,0.10686659812927246,29,7,0,0,0,15,4482,24,9,140,0,608,8985
oliveira/04_12/randm05.02.02.07.020_0030.01.aba.beta,True,12,5,0.11241340637207031,0.34064340591430664,0.0029294490814208984,0.45598626136779785,41,12,0,0,0,32,33193,36,21,276,0,1309,19794
oliveira/04_12/randm05.02.02.07.020_0030.02.aba.beta,True,9,5,0.07601213455200195,0.2461991310119629,0.0018563270568847656,0.3240675926208496,36,9,0,0,0,26,20547,31,18,243,0,852,12927
oliveira/04_12/randm05.02.02.07.020_0030.03.aba.beta,True,11,5,0.07736587524414062,0.23520517349243164,0.0017490386962890625,0.31432008743286133,38,11,0,0,0,28,19809,32,18,237,0,816,11959
oliveira/04_12/randm05.02.02.07.020_0030.04.aba.beta,True,12,5,0.1133885383605957,0.33363914489746094,0.002484560012817383,0.449512243270874,42,12,0,0,0,32,37322,34,21,295,0,1187,17966
oliveira/04_12/randm05.02.02.07.020_0030.05.aba.beta,True,15,5,0.107940673828125,0.2971627712249756,0.0031380653381347656,0.40824151039123535,36,15,0,0,0,28,33142,32,14,255,0,1420,21341
oliveira/04_12/randm05.02.02.08.020_0030.01.aba.beta,True,4,3,0.00561833381652832,0.01618480682373047,0.0017452239990234375,0.023548364639282227,12,4,0,0,0,4,371,12,1,37,0,789,12484
oliveira/04_12/randm05.02.02.08.020_0030.02.aba.beta,True,4,3,0.006134510040283203,0.016403913497924805,0.00196075439453125,0.024499177932739258,13,4,0,0,0,4,403,13,1,45,0,962,15132
oliveira/04_12/randm05.02.02.08.020_0030.03.aba.beta,True,4,3,0.005708932876586914,0.013177633285522461,0.0011572837829589844,0.02004384994506836,9,4,0,0,0,4,302,8,1,29,0,558,8690
oliveira/04_12/randm05.02.02.08.020_0030.04.aba.beta,True,4,3,0.005757808685302734,0.013263225555419922,0.001547098159790039,0.020568132400512695,9,4,0,0,0,4,218,9,1,25,0,554,8652
oliveira/04_12/randm05.02.02.08.020_0030.05.aba.beta,True,4,3,0.00590205192565918,0.014115095138549805,0.0017223358154296875,0.021739482879638672,12,4,0,0,0,4,313,11,1,33,0,851,13362
oliveira/04_12/randm05.02.02.09.020_0030.01.aba.beta,True,4,4,0.008778095245361328,0.04500174522399902,0.0014526844024658203,0.05523252487182617,14,4,0,0,0,9,1575,14,6,79,0,649,10132
oliveira/04_12/randm05.02.02.09.020_0030.02.aba.beta,True,3,4,0.011571407318115234,0.03741288185119629,0.001180410385131836,0.05016469955444336,15,3,0,0,0,7,1228,14,5,62,0,575,8912
oliveira/04_12/randm05.02.02.09.020_0030.03.aba.beta,True,5,4,0.011141777038574219,0.022773027420043945,0.0013594627380371094,0.03527426719665527,12,5,0,0,0,5,1025,11,1,66,0,647,9952
oliveira/04_12/randm05.02.02.09.020_0030.04.aba.beta,True,3,4,0.005444526672363281,0.011477231979370117,0.001123666763305664,0.018045425415039062,10,3,0,0,0,3,344,9,1,27,0,550,8635
oliveira/04_12/randm05.02.02.09.020_0030.05.aba.beta,True,5,4,0.012862443923950195,0.021663427352905273,0.0012786388397216797,0.03580451011657715,12,5,0,0,0,5,853,11,1,59,0,578,8905
oliveira/04_12/randm05.02.02.10.020_0030.01.aba.beta,True,11,5,0.03023219108581543,0.07278633117675781,0.0023882389068603516,0.1054067611694336,20,11,0,0,0,12,4675,19,2,140,0,1071,16222
oliveira/04_12/randm05.02.02.10.020_0030.02.aba.beta,True,8,5,0.026384353637695312,0.08526134490966797,0.0019044876098632812,0.11355018615722656,24,8,0,0,0,15,4277,23,8,145,0,941,14235
oliveira/04_12/randm05.02.02.10.020_0030.03.aba.beta,True,8,5,0.03263425827026367,0.12048482894897461,0.0013642311096191406,0.15448331832885742,28,8,0,0,0,20,6319,25,13,175,0,643,9523
oliveira/04_12/randm05.02.02.10.020_0030.04.aba.beta,True,7,5,0.02348613739013672,0.07171392440795898,0.003256559371948242,0.09845662117004395,24,7,0,0,0,10,4143,21,4,106,0,1487,23465
oliveira/04_12/randm05.02.02.10.020_0030.05.aba.beta,True,9,5,0.045714378356933594,0.1545403003692627,0.002327442169189453,0.20258212089538574,35,9,0,0,0,21,11157,24,13,175,0,1053,16288
oliveira/04_12/randm05.02.02.11.020_0030.01.aba.beta,True,11,5,0.03521609306335449,0.08477902412414551,0.005935192108154297,0.1259303092956543,27,11,0,0,0,14,4904,22,4,116,0,2592,40327
oliveira/04_12/randm05.02.02.11.020_0030.02.aba.beta,True,12,5,0.03720211982727051,0.10712528228759766,0.0047757625579833984,0.14910316467285156,28,12,0,0,0,17,6055,26,6,127,0,2119,33330
oliveira/04_12/randm05.02.02.11.020_0030.03.aba.beta,True,10,5,0.028857707977294922,0.0832681655883789,0.0016248226165771484,0.11375069618225098,21,10,0,0,0,13,6414,18,4,166,0,752,11327
oliveira/04_12/randm05.02.02.11.020_0030.04.aba.beta,True,8,5,0.021442651748657227,0.06197333335876465,0.001256704330444336,0.08467268943786621,18,8,0,0,0,11,3744,17,4,98,0,635,9498
oliveira/04_12/randm05.02.02.11.020_0030.05.aba.beta,True,10,5,0.025195598602294922,0.08538603782653809,0.004921913146972656,0.11550354957580566,27,10,0,0,0,15,4348,23,6,113,0,2279,35891
oliveira/04_12/randm05.02.02.12.020_0030.01.aba.beta,True,4,3,0.007921695709228516,0.02173447608947754,0.0013914108276367188,0.031047582626342773,13,4,0,0,0,6,633,12,3,48,0,568,8771
oliveira/04_12/randm05.02.02.12.020_0030.02.aba.beta,True,3,3,0.004723548889160156,0.02110600471496582,0.0011742115020751953,0.027003765106201172,13,3,0,0,0,6,410,13,4,39,0,558,8694
oliveira/04_12/randm05.02.02.12.020_0030.03.aba.beta,True,5,3,0.010896682739257812,0.03451180458068848,0.0013203620910644531,0.04672884941101074,15,5,0,0,0,8,1090,12,4,79,0,587,9156
oliveira/04_12/randm05.02.02.12.020_0030.04.aba.beta,True,2,3,0.002546072006225586,0.01745438575744629,0.001161336898803711,0.021161794662475586,9,2,0,0,0,2,111,9,1,21,0,547,8625
oliveira/04_12/randm05.02.02.12.020_0030.05.aba.beta,True,2,3,0.002928495407104492,0.006876945495605469,0.001111745834350586,0.010917186737060547,13,2,0,0,0,2,201,9,1,51,0,547,8646
oliveira/04_12/randm05.02.02.13.020_0030.01.aba.beta,True,11,5,0.04542255401611328,0.12683415412902832,0.0018618106842041016,0.1741185188293457,27,11,0,0,0,18,10173,26,8,220,0,908,13795
oliveira/04_12/randm05.02.02.13.020_0030.02.aba.beta,True,9,5,0.030272245407104492,0.09615254402160645,0.0014765262603759766,0.12790131568908691,29,9,0,0,0,15,5984,24,7,175,0,702,10386
oliveira/04_12/randm05.02.02.13.020_0030.03.aba.beta,True,7,5,0.0308530330657959,0.10879874229431152,0.0016090869903564453,0.14126086235046387,29,7,0,0,0,16,6403,26,10,200,0,744,11276
oliveira/04_12/randm05.02.02.13.020_0030.04.aba.beta,True,9,5,0.030315637588500977,0.12717771530151367,0.0014903545379638672,0.15898370742797852,27,9,0,0,0,19,7167,24,11,175,0,721,10756
oliveira/04_12/randm05.02.02.13.020_0030.05.aba.beta,True,12,5,0.05215787887573242,0.15056610107421875,0.0018737316131591797,0.20459771156311035,28,12,0,0,0,24,11276,26,13,190,0,862,12715
oliveira/04_12/randm05.02.02.14.020_0030.01.aba.beta,True,1,1,0.0026726722717285156,0.001813650131225586,0.0011577606201171875,0.005644083023071289,3,1,0,0,0,1,9,3,1,2,0,531,8569
oliveira/04_12/randm05.02.02.14.020_0030.02.aba.beta,True,1,1,0.0012798309326171875,0.002032756805419922,0.0011780261993408203,0.00449061393737793,3,1,0,0,0,1,9,3,1,2,0,530,8565
oliveira/04_12/randm05.02.02.14.020_0030.03.aba.beta,True,1,1,0.0011444091796875,0.0022847652435302734,0.0011453628540039062,0.00457453727722168,3,1,0,0,0,1,9,3,1,2,0,541,8613
oliveira/04_12/randm05.02.02.14.020_0030.04.aba.beta,True,1,1,0.0008289813995361328,0.0018992424011230469,0.0011072158813476562,0.003835439682006836,3,1,0,0,0,1,9,3,1,2,0,532,8544
oliveira/04_12/randm05.02.02.14.020_0030.05.aba.beta,True,1,1,0.0013039112091064453,0.0019974708557128906,0.0011470317840576172,0.004448413848876953,3,1,0,0,0,1,9,3,1,2,0,530,8544
oliveira/04_12/randm05.02.02.15.020_0030.01.aba.beta,True,2,3,0.003298044204711914,0.017976045608520508,0.0012023448944091797,0.0224764347076416,12,2,0,0,0,5,375,12,4,32,0,537,8584
oliveira/04_12/randm05.02.02.15.020_0030.02.aba.beta,True,3,3,0.0038259029388427734,0.012563943862915039,0.0011577606201171875,0.017547607421875,9,3,0,0,0,4,200,9,2,23,0,549,8623
oliveira/04_12/randm05.02.02.15.020_0030.03.aba.beta,True,3,3,0.003812074661254883,0.012620687484741211,0.001184225082397461,0.017616987228393555,9,3,0,0,0,4,200,9,2,23,0,547,8611
oliveira/04_12/randm05.02.02.15.020_0030.04.aba.beta,True,2,3,0.00396418571472168,0.01771068572998047,0.0012829303741455078,0.022957801818847656,12,2,0,0,0,5,413,11,4,33,0,546,8654
oliveira/04_12/randm05.02.02.15.020_0030.05.aba.beta,True,2,3,0.0032935142517089844,0.017347097396850586,0.0011029243469238281,0.0217435359954834,12,2,0,0,0,5,333,12,4,30,0,549,8644
oliveira/04_12/randm05.02.02.16.020_0030.01.aba.beta,True,1,1,0.0012521743774414062,0.0021376609802246094,0.0011653900146484375,0.004555225372314453,3,1,0,0,0,1,9,3,1,2,0,534,8587
oliveira/04_12/randm05.02.02.16.020_0030.02.aba.beta,True,1,1,0.0007789134979248047,0.0019636154174804688,0.0012416839599609375,0.003984212875366211,3,1,0,0,0,1,9,3,1,2,0,540,8611
oliveira/04_12/randm05.02.02.16.020_0030.03.aba.beta,True,1,1,0.0008862018585205078,0.0017621517181396484,0.0011813640594482422,0.0038297176361083984,3,1,0,0,0,1,9,3,1,2,0,534,8572
oliveira/04_12/randm05.02.02.16.020_0030.04.aba.beta,True,1,1,0.000997781753540039,0.002017974853515625,0.0012218952178955078,0.004237651824951172,3,1,0,0,0,1,9,3,1,2,0,543,8622
oliveira/04_12/randm05.02.02.16.020_0030.05.aba.beta,True,1,1,0.0009984970092773438,0.0017697811126708984,0.0011305809020996094,0.0038988590240478516,3,1,0,0,0,1,9,3,1,2,0,543,8624
oliveira/04_12/randm05.02.02.17.020_0030.01.aba.beta,True,6,5,0.012398242950439453,0.03549647331237793,0.0013437271118164062,0.04923844337463379,17,6,0,0,0,8,1388,16,3,67,0,624,9602
oliveira/04_12/randm05.02.02.17.020_0030.02.aba.beta,True,9,5,0.01982283592224121,0.05680537223815918,0.0014863014221191406,0.07811450958251953,20,9,0,0,0,11,2233,20,3,94,0,714,10674
oliveira/04_12/randm05.02.02.17.020_0030.03.aba.beta,True,9,5,0.029378652572631836,0.10708904266357422,0.001405954360961914,0.13787364959716797,24,9,0,0,0,19,5616,23,11,132,0,689,10121
oliveira/04_12/randm05.02.02.17.020_0030.04.aba.beta,True,13,5,0.06318521499633789,0.18316888809204102,0.002218961715698242,0.24857306480407715,28,13,0,0,0,22,13669,26,10,228,0,1055,15681
oliveira/04_12/randm05.02.02.17.020_0030.05.aba.beta,True,8,5,0.030038118362426758,0.09307456016540527,0.0016617774963378906,0.12477445602416992,22,8,0,0,0,14,5926,22,7,168,0,786,11742
oliveira/04_12/randm05.02.02.18.020_0030.01.aba.beta,True,1,1,0.0007653236389160156,0.0017163753509521484,0.0010738372802734375,0.0035555362701416016,3,1,0,0,0,1,9,3,1,2,0,534,8577
oliveira/04_12/randm05.02.02.18.020_0030.02.aba.beta,True,1,1,0.0008916854858398438,0.0018825531005859375,0.0010986328125,0.0038728713989257812,3,1,0,0,0,1,9,3,1,2,0,535,8592
oliveira/04_12/randm05.02.02.18.020_0030.03.aba.beta,True,1,1,0.0010700225830078125,0.002537250518798828,0.0011441707611083984,0.004751443862915039,3,1,0,0,0,1,9,3,1,2,0,529,8564
oliveira/04_12/randm05.02.02.18.020_0030.04.aba.beta,True,1,1,0.0007646083831787109,0.0017266273498535156,0.0010945796966552734,0.0035858154296875,3,1,0,0,0,1,9,3,1,2,0,523,8497
oliveira/04_12/randm05.02.02.18.020_0030.05.aba.beta,True,1,1,0.003909587860107422,0.0018889904022216797,0.0011043548583984375,0.006902933120727539,3,1,0,0,0,1,9,3,1,2,0,533,8555
oliveira/04_12/randm05.02.02.19.020_0030.01.aba.beta,True,2,3,0.003128528594970703,0.005753755569458008,0.001220703125,0.010102987289428711,7,2,0,0,0,2,76,7,1,12,0,543,8612
oliveira/04_12/randm05.02.02.19.020_0030.02.aba.beta,True,2,3,0.002224445343017578,0.005798816680908203,0.0011608600616455078,0.009184122085571289,7,2,0,0,0,2,76,7,1,12,0,548,8631
oliveira/04_12/randm05.02.02.19.020_0030.03.aba.beta,True,2,3,0.0032358169555664062,0.017533302307128906,0.001188516616821289,0.0219576358795166,12,2,0,0,0,5,344,12,4,30,0,537,8592
oliveira/04_12/randm05.02.02.19.020_0030.04.aba.beta,True,2,3,0.0034875869750976562,0.015786170959472656,0.001157522201538086,0.0204312801361084,12,2,0,0,0,5,272,12,4,27,0,536,8571
oliveira/04_12/randm05.02.02.19.020_0030.05.aba.beta,True,2,3,0.0024254322052001953,0.005482196807861328,0.0011703968048095703,0.009078025817871094,7,2,0,0,0,2,76,7,1,12,0,528,8538
oliveira/04_12/randm06.02.02.01.020_0030.01.aba.beta,True,3,4,0.010995149612426758,0.04071164131164551,0.0011324882507324219,0.05283927917480469,17,3,0,0,0,9,1664,16,7,63,0,566,8785
oliveira/04_12/randm06.02.02.01.020_0030.02.aba.beta,True,5,4,0.008159160614013672,0.02395462989807129,0.0011692047119140625,0.03328299522399902,14,5,0,0,0,6,687,14,2,56,0,575,8779
oliveira/04_12/randm06.02.02.01.020_0030.03.aba.beta,True,5,4,0.012011289596557617,0.03365898132324219,0.0012869834899902344,0.04695725440979004,15,5,0,0,0,6,1111,14,2,76,0,592,8980
oliveira/04_12/randm06.02.02.01.020_0030.04.aba.beta,True,4,4,0.006186246871948242,0.019990205764770508,0.0012264251708984375,0.027402877807617188,13,4,0,0,0,5,574,13,2,44,0,581,9091
oliveira/04_12/randm06.02.02.01.020_0030.05.aba.beta,True,6,4,0.010976076126098633,0.03864455223083496,0.001438140869140625,0.05105876922607422,17,6,0,0,0,7,1482,17,2,104,0,678,10310
oliveira/04_12/randm06.02.02.02.020_0030.01.aba.beta,True,3,3,0.004148006439208984,0.009012699127197266,0.0017125606536865234,0.014873266220092773,8,3,0,0,0,3,156,8,1,18,0,573,9040
oliveira/04_12/randm06.02.02.02.020_0030.02.aba.beta,True,2,3,0.003441333770751953,0.012564659118652344,0.0011637210845947266,0.017169713973999023,10,2,0,0,0,4,232,10,3,23,0,521,8482
oliveira/04_12/randm06.02.02.02.020_0030.03.aba.beta,True,2,3,0.003985166549682617,0.013775110244750977,0.0011610984802246094,0.018921375274658203,10,2,0,0,0,4,304,10,3,27,0,548,8665
oliveira/04_12/randm06.02.02.02.020_0030.04.aba.beta,True,2,3,0.003616809844970703,0.01321268081665039,0.0011301040649414062,0.0179595947265625,10,2,0,0,0,4,268,10,3,25,0,547,8639
oliveira/04_12/randm06.02.02.02.020_0030.05.aba.beta,True,3,3,0.004505157470703125,0.009360313415527344,0.0011758804321289062,0.015041351318359375,8,3,0,0,0,3,156,8,1,18,0,548,8621
oliveira/04_12/randm06.02.02.03.020_0030.01.aba.beta,True,9,5,0.015542030334472656,0.03857111930847168,0.0042493343353271484,0.058362483978271484,18,9,0,0,0,9,1340,18,1,54,0,2065,32362
oliveira/04_12/randm06.02.02.03.020_0030.02.aba.beta,True,9,5,0.018993377685546875,0.04514622688293457,0.005314826965332031,0.06945443153381348,18,9,0,0,0,9,1377,17,1,55,0,2396,37858
oliveira/04_12/randm06.02.02.03.020_0030.03.aba.beta,True,6,5,0.013289451599121094,0.03321576118469238,0.0011992454528808594,0.047704458236694336,16,6,0,0,0,8,1192,15,3,51,0,572,8704
oliveira/04_12/randm06.02.02.03.020_0030.04.aba.beta,True,8,5,0.014940261840820312,0.05050945281982422,0.0012676715850830078,0.06671738624572754,18,8,0,0,0,10,1611,17,3,71,0,592,8817
oliveira/04_12/randm06.02.02.03.020_0030.05.aba.beta,True,11,5,0.022251367568969727,0.06224870681762695,0.004210948944091797,0.08871102333068848,20,11,0,0,0,11,3558,19,1,110,0,1984,30788
oliveira/04_12/randm06.02.02.04.020_0030.01.aba.beta,True,1,1,0.0009150505065917969,0.0017848014831542969,0.0011105537414550781,0.003810405731201172,3,1,0,0,0,1,9,3,1,2,0,525,8535
oliveira/04_12/randm06.02.02.04.020_0030.02.aba.beta,True,1,1,0.0007865428924560547,0.0018486976623535156,0.0011289119720458984,0.0037641525268554688,3,1,0,0,0,1,9,3,1,2,0,531,8571
oliveira/04_12/randm06.02.02.04.020_0030.03.aba.beta,True,1,1,0.0007848739624023438,0.002089262008666992,0.0011076927185058594,0.003981828689575195,3,1,0,0,0,1,9,3,1,2,0,535,8590
oliveira/04_12/randm06.02.02.04.020_0030.04.aba.beta,True,1,1,0.0009250640869140625,0.0019385814666748047,0.0010652542114257812,0.0039288997650146484,3,1,0,0,0,1,9,3,1,2,0,532,8555
oliveira/04_12/randm06.02.02.04.020_0030.05.aba.beta,True,1,1,0.0008437633514404297,0.0018620491027832031,0.0011606216430664062,0.003866434097290039,3,1,0,0,0,1,9,3,1,2,0,525,8541
oliveira/04_12/randm06.02.02.05.020_0030.01.aba.beta,True,6,5,0.02550029754638672,0.08655333518981934,0.0012652873992919922,0.11331892013549805,22,6,0,0,0,18,4702,18,13,89,0,570,8751
oliveira/04_12/randm06.02.02.05.020_0030.02.aba.beta,True,10,5,0.06899785995483398,0.20384764671325684,0.0015139579772949219,0.27435946464538574,36,10,0,0,0,29,17182,26,20,223,0,702,10153
oliveira/04_12/randm06.02.02.05.020_0030.03.aba.beta,True,10,5,0.028771400451660156,0.07398653030395508,0.0015459060668945312,0.10430383682250977,19,10,0,0,0,10,4450,19,1,185,0,740,10802
oliveira/04_12/randm06.02.02.05.020_0030.04.aba.beta,True,8,5,0.02277994155883789,0.045748233795166016,0.0015664100646972656,0.07009458541870117,17,8,0,0,0,8,3112,16,1,116,0,676,10126
oliveira/04_12/randm06.02.02.05.020_0030.05.aba.beta,True,8,5,0.049013376235961914,0.13677668571472168,0.0017838478088378906,0.18757390975952148,32,8,0,0,0,16,10248,26,9,233,0,817,12238
oliveira/04_12/randm06.02.02.06.020_0030.01.aba.beta,True,10,5,0.04237532615661621,0.11842751502990723,0.001608133316040039,0.16241097450256348,24,10,0,0,0,18,10436,24,9,148,0,779,11572
oliveira/04_12/randm06.02.02.06.020_0030.02.aba.beta,True,9,5,0.037868499755859375,0.11172819137573242,0.0013647079467773438,0.15096139907836914,23,9,0,0,0,17,7962,22,9,168,0,681,10036
oliveira/04_12/randm06.02.02.06.020_0030.03.aba.beta,True,11,5,0.04688382148742676,0.1296675205230713,0.0015103816986083984,0.17806172370910645,29,11,0,0,0,19,10573,25,9,232,0,721,10587
oliveira/04_12/randm06.02.02.06.020_0030.04.aba.beta,True,5,5,0.01762557029724121,0.03585958480834961,0.001466512680053711,0.05495166778564453,20,5,0,0,0,6,4402,16,2,133,0,673,10344
oliveira/04_12/randm06.02.02.06.020_0030.05.aba.beta,True,10,5,0.051932334899902344,0.13150739669799805,0.0018134117126464844,0.18525314331054688,27,10,0,0,0,18,11807,21,9,158,0,828,12337
oliveira/04_12/randm06.02.02.07.020_0030.01.aba.beta,True,10,5,0.035730600357055664,0.10181856155395508,0.0015141963958740234,0.13906335830688477,27,10,0,0,0,17,6559,25,8,137,0,683,10078
oliveira/04_12/randm06.02.02.07.020_0030.02.aba.beta,True,11,5,0.03615283966064453,0.10983777046203613,0.001352071762084961,0.14734268188476562,29,11,0,0,0,18,6792,28,8,179,0,675,9710
oliveira/04_12/randm06.02.02.07.020_0030.03.aba.beta,True,9,5,0.02547478675842285,0.06493782997131348,0.001401662826538086,0.09181427955627441,19,9,0,0,0,12,4151,19,4,166,0,690,10143
oliveira/04_12/randm06.02.02.07.020_0030.04.aba.beta,True,11,5,0.032869815826416016,0.10849452018737793,0.001392364501953125,0.14275670051574707,26,11,0,0,0,17,5504,24,7,133,0,660,9630
oliveira/04_12/randm06.02.02.07.020_0030.05.aba.beta,True,11,5,0.047440290451049805,0.11722540855407715,0.0015649795532226562,0.1662306785583496,28,11,0,0,0,18,8011,27,8,185,0,737,10817
oliveira/04_12/randm06.02.02.08.020_0030.01.aba.beta,True,8,4,0.015512228012084961,0.046874046325683594,0.0014095306396484375,0.06379580497741699,16,8,0,0,0,10,1754,16,3,110,0,636,9327
oliveira/04_12/randm06.02.02.08.020_0030.02.aba.beta,True,6,4,0.009940385818481445,0.031235933303833008,0.0012516975402832031,0.042428016662597656,14,6,0,0,0,8,957,14,3,62,0,576,8808
oliveira/04_12/randm06.02.02.08.020_0030.03.aba.beta,True,7,4,0.011202096939086914,0.03291630744934082,0.0012712478637695312,0.045389652252197266,14,7,0,0,0,7,873,14,1,53,0,624,9617
oliveira/04_12/randm06.02.02.08.020_0030.04.aba.beta,True,7,4,0.012367725372314453,0.027112960815429688,0.001256704330444336,0.04073739051818848,13,7,0,0,0,7,828,13,1,60,0,585,8948
oliveira/04_12/randm06.02.02.08.020_0030.05.aba.beta,True,6,4,0.011533021926879883,0.038523197174072266,0.0014939308166503906,0.05155014991760254,14,6,0,0,0,8,1755,14,3,101,0,685,10369
oliveira/04_12/randm06.02.02.09.020_0030.01.aba.beta,True,5,5,0.02124476432800293,0.05097699165344238,0.001683950424194336,0.07390570640563965,19,5,0,0,0,10,2132,19,6,92,0,748,11664
oliveira/04_12/randm06.02.02.09.020_0030.02.aba.beta,True,8,5,0.05460047721862793,0.1476888656616211,0.002483844757080078,0.2047731876373291,29,8,0,0,0,22,11701,24,15,169,0,1103,17194
oliveira/04_12/randm06.02.02.09.020_0030.03.aba.beta,True,7,5,0.025414228439331055,0.07877397537231445,0.001556396484375,0.10574460029602051,21,7,0,0,0,13,4658,20,7,139,0,700,10538
oliveira/04_12/randm06.02.02.09.020_0030.04.aba.beta,True,11,5,0.04846835136413574,0.0795125961303711,0.002791881561279297,0.13077282905578613,24,11,0,0,0,11,7037,19,1,155,0,1314,20210
oliveira/04_12/randm06.02.02.09.020_0030.05.aba.beta,True,8,5,0.038947343826293945,0.13571691513061523,0.0013895034790039062,0.17605376243591309,26,8,0,0,0,22,9105,23,15,167,0,678,10169
oliveira/04_12/randm06.02.02.10.020_0030.01.aba.beta,True,5,4,0.008556365966796875,0.02611064910888672,0.0013055801391601562,0.03597259521484375,15,5,0,0,0,7,708,15,3,41,0,559,8644
oliveira/04_12/randm06.02.02.10.020_0030.02.aba.beta,True,4,4,0.0077686309814453125,0.02337193489074707,0.0012664794921875,0.03240704536437988,12,4,0,0,0,6,820,12,3,54,0,579,8920
oliveira/04_12/randm06.02.02.10.020_0030.03.aba.beta,True,3,4,0.00480198860168457,0.02317643165588379,0.0011930465698242188,0.029171466827392578,11,3,0,0,0,5,483,11,3,30,0,544,8586
oliveira/04_12/randm06.02.02.10.020_0030.04.aba.beta,True,4,4,0.010185480117797852,0.024155139923095703,0.0011622905731201172,0.03550291061401367,12,4,0,0,0,6,933,12,3,58,0,587,8977
oliveira/04_12/randm06.02.02.10.020_0030.05.aba.beta,True,6,4,0.011122465133666992,0.0309293270111084,0.0011658668518066406,0.04321765899658203,16,6,0,0,0,8,941,15,3,48,0,570,8690
oliveira/04_12/randm06.02.02.11.020_0030.01.aba.beta,True,15,6,0.11092281341552734,0.32214951515197754,0.0018968582153320312,0.4349691867828369,36,15,0,0,0,39,31389,33,25,226,0,891,12920
oliveira/04_12/randm06.02.02.11.020_0030.02.aba.beta,True,11,6,0.16418099403381348,0.40580177307128906,0.0018351078033447266,0.5718178749084473,46,11,0,0,0,39,51090,37,29,293,0,854,12619
oliveira/04_12/randm06.02.02.11.020_0030.03.aba.beta,True,17,6,0.25364041328430176,0.7122132778167725,0.0020749568939208984,0.9679286479949951,53,17,0,0,0,67,77507,46,51,350,0,984,14044
oliveira/04_12/randm06.02.02.11.020_0030.04.aba.beta,True,16,6,0.1988077163696289,0.5356760025024414,0.002133607864379883,0.7366173267364502,47,16,0,0,0,53,61879,39,38,323,0,1032,14874
oliveira/04_12/randm06.02.02.11.020_0030.05.aba.beta,True,14,6,0.09961366653442383,0.2387681007385254,0.0016493797302246094,0.34003114700317383,41,14,0,0,0,28,23434,35,15,248,0,820,11487
oliveira/04_12/randm06.02.02.12.020_0030.01.aba.beta,True,4,4,0.007891178131103516,0.03410792350769043,0.0014507770538330078,0.04344987869262695,16,4,0,0,0,9,991,16,6,50,0,647,9984
oliveira/04_12/randm06.02.02.12.020_0030.02.aba.beta,True,6,4,0.01957225799560547,0.03512239456176758,0.001567840576171875,0.05626249313354492,14,6,0,0,0,8,1183,13,3,50,0,723,11316
oliveira/04_12/randm06.02.02.12.020_0030.03.aba.beta,True,5,4,0.008182764053344727,0.0205996036529541,0.0015680789947509766,0.030350446701049805,11,5,0,0,0,5,743,10,1,39,0,643,10025
oliveira/04_12/randm06.02.02.12.020_0030.04.aba.beta,True,3,4,0.008042097091674805,0.03503274917602539,0.001222848892211914,0.04429769515991211,17,3,0,0,0,9,1076,17,7,56,0,561,8699
oliveira/04_12/randm06.02.02.12.020_0030.05.aba.beta,True,4,4,0.010371923446655273,0.03519558906555176,0.001207590103149414,0.046775102615356445,16,4,0,0,0,9,1204,15,6,59,0,574,8765
oliveira/04_12/randm06.02.02.13.020_0030.01.aba.beta,True,8,4,0.029566287994384766,0.10895299911499023,0.0026044845581054688,0.14112377166748047,28,8,0,0,0,19,5501,23,12,135,0,637,9516
oliveira/04_12/randm06.02.02.13.020_0030.02.aba.beta,True,6,4,0.021223783493041992,0.10537958145141602,0.00151824951171875,0.12812161445617676,26,6,0,0,0,17,4654,25,12,141,0,704,10668
oliveira/04_12/randm06.02.02.13.020_0030.03.aba.beta,True,3,4,0.00872039794921875,0.027910709381103516,0.0011219978332519531,0.03775310516357422,15,3,0,0,0,7,707,15,5,45,0,548,8618
oliveira/04_12/randm06.02.02.13.020_0030.04.aba.beta,True,8,4,0.02474045753479004,0.07698869705200195,0.0014934539794921875,0.10322260856628418,22,8,0,0,0,14,3567,20,7,130,0,664,9877
oliveira/04_12/randm06.02.02.13.020_0030.05.aba.beta,True,4,4,0.021241188049316406,0.08158087730407715,0.001295328140258789,0.10411739349365234,24,4,0,0,0,15,3487,21,12,91,0,565,8757
oliveira/04_12/randm06.02.02.14.020_0030.01.aba.beta,True,11,6,0.05895805358886719,0.18394994735717773,0.0013103485107421875,0.2442183494567871,35,11,0,0,0,27,14564,29,17,202,0,652,9545
oliveira/04_12/randm06.02.02.14.020_0030.02.aba.beta,True,12,6,0.03457140922546387,0.09680724143981934,0.001413106918334961,0.13279175758361816,27,12,0,0,0,15,5783,24,4,166,0,662,9329
oliveira/04_12/randm06.02.02.14.020_0030.03.aba.beta,True,10,6,0.06683492660522461,0.13554835319519043,0.0015723705291748047,0.20395565032958984,29,10,0,0,0,20,14154,22,11,188,0,753,11320
oliveira/04_12/randm06.02.02.14.020_0030.04.aba.beta,True,11,6,0.06573772430419922,0.142622709274292,0.001646280288696289,0.2100067138671875,31,11,0,0,0,19,12792,28,9,221,0,767,11343
oliveira/04_12/randm06.02.02.14.020_0030.05.aba.beta,True,10,6,0.06891155242919922,0.17616677284240723,0.0018177032470703125,0.24689602851867676,34,10,0,0,0,23,16727,29,14,218,0,853,12684
oliveira/04_12/randm06.02.02.15.020_0030.01.aba.beta,True,8,5,0.03694033622741699,0.15961909294128418,0.001394510269165039,0.1979539394378662,32,8,0,0,0,26,7968,30,19,163,0,615,9322
oliveira/04_12/randm06.02.02.15.020_0030.02.aba.beta,True,7,5,0.020979642868041992,0.05530667304992676,0.0017004013061523438,0.0779867172241211,23,7,0,0,0,9,4014,20,3,147,0,745,11277
oliveira/04_12/randm06.02.02.15.020_0030.03.aba.beta,True,6,5,0.013752222061157227,0.0317533016204834,0.0013887882232666016,0.04689431190490723,15,6,0,0,0,6,1970,15,1,79,0,620,9422
oliveira/04_12/randm06.02.02.15.020_0030.04.aba.beta,True,9,5,0.030681371688842773,0.11824202537536621,0.001270294189453125,0.1501936912536621,27,9,0,0,0,18,6777,23,10,176,0,662,9555
oliveira/04_12/randm06.02.02.15.020_0030.05.aba.beta,True,13,5,0.054331302642822266,0.166762113571167,0.0016388893127441406,0.2227323055267334,31,13,0,0,0,23,12997,25,11,282,0,815,11835
oliveira/04_12/randm06.02.02.16.020_0030.01.aba.beta,True,4,3,0.005872488021850586,0.013582706451416016,0.0021865367889404297,0.02164173126220703,10,4,0,0,0,4,199,10,1,23,0,899,14447
oliveira/04_12/randm06.02.02.16.020_0030.02.aba.beta,True,4,3,0.0055506229400634766,0.017096996307373047,0.0018091201782226562,0.02445673942565918,13,4,0,0,0,4,368,13,1,48,0,776,12141
oliveira/04_12/randm06.02.02.16.020_0030.03.aba.beta,True,2,3,0.0029506683349609375,0.006234169006347656,0.001795053482055664,0.010979890823364258,7,2,0,0,0,2,83,7,1,10,0,837,13591
oliveira/04_12/randm06.02.02.16.020_0030.04.aba.beta,True,2,3,0.0020742416381835938,0.007613182067871094,0.0017876625061035156,0.011475086212158203,7,2,0,0,0,2,83,7,1,10,0,838,13337
oliveira/04_12/randm06.02.02.16.020_0030.05.aba.beta,True,4,3,0.005332231521606445,0.018244504928588867,0.0017719268798828125,0.025348663330078125,12,4,0,0,0,4,328,12,1,42,0,779,12143
oliveira/04_12/randm06.02.02.17.020_0030.01.aba.beta,True,6,4,0.014332771301269531,0.05001354217529297,0.0012197494506835938,0.0655660629272461,18,6,0,0,0,11,1373,18,6,86,0,594,9004
oliveira/04_12/randm06.02.02.17.020_0030.02.aba.beta,True,7,4,0.014107465744018555,0.03371381759643555,0.0019145011901855469,0.04973578453063965,17,7,0,0,0,8,1070,17,2,64,0,909,13943
oliveira/04_12/randm06.02.02.17.020_0030.03.aba.beta,True,6,4,0.010696649551391602,0.031761884689331055,0.0018117427825927734,0.04427027702331543,18,6,0,0,0,7,1231,16,2,84,0,829,12802
oliveira/04_12/randm06.02.02.17.020_0030.04.aba.beta,True,6,4,0.009629964828491211,0.026732444763183594,0.0012087821960449219,0.03757119178771973,13,6,0,0,0,7,575,13,2,42,0,566,8685
oliveira/04_12/randm06.02.02.17.020_0030.05.aba.beta,True,5,4,0.008141279220581055,0.01834845542907715,0.0011687278747558594,0.027658462524414062,11,5,0,0,0,5,486,11,1,31,0,555,8632
oliveira/04_12/randm06.02.02.18.020_0030.01.aba.beta,True,9,6,0.033356428146362305,0.09543657302856445,0.0013339519500732422,0.130126953125,26,9,0,0,0,16,5640,24,8,148,0,646,9433
oliveira/04_12/randm06.02.02.18.020_0030.02.aba.beta,True,9,6,0.04319143295288086,0.14124011993408203,0.0012843608856201172,0.185715913772583,32,9,0,0,0,25,9704,24,17,140,0,596,8862
oliveira/04_12/randm06.02.02.18.020_0030.03.aba.beta,True,15,6,0.06858468055725098,0.1671137809753418,0.0020470619201660156,0.2377455234527588,31,15,0,0,0,22,17167,26,8,263,0,970,14297
oliveira/04_12/randm06.02.02.18.020_0030.04.aba.beta,True,13,6,0.04338240623474121,0.09979820251464844,0.001806497573852539,0.1449871063232422,25,13,0,0,0,16,8310,24,4,181,0,838,12467
oliveira/04_12/randm06.02.02.18.020_0030.05.aba.beta,True,16,6,0.05419588088989258,0.14491987228393555,0.0015821456909179688,0.2006978988647461,30,16,0,0,0,22,10507,28,7,238,0,770,10923
oliveira/04_12/randm06.02.02.19.020_0030.01.aba.beta,True,1,1,0.00191497802734375,0.002393960952758789,0.0011217594146728516,0.005430698394775391,3,1,0,0,0,1,9,3,1,2,0,533,8572
oliveira/04_12/randm06.02.02.19.020_0030.02.aba.beta,True,1,1,0.0009708404541015625,0.0019004344940185547,0.0010921955108642578,0.003963470458984375,3,1,0,0,0,1,9,3,1,2,0,537,8597
oliveira/04_12/randm06.02.02.19.020_0030.03.aba.beta,True,1,1,0.0008425712585449219,0.00182342529296875,0.0011527538299560547,0.0038187503814697266,3,1,0,0,0,1,9,3,1,2,0,533,8578
oliveira/04_12/randm06.02.02.19.020_0030.04.aba.beta,True,1,1,0.0008196830749511719,0.0019526481628417969,0.0010752677917480469,0.0038475990295410156,3,1,0,0,0,1,9,3,1,2,0,523,8524
oliveira/04_12/randm06.02.02.19.020_0030.05.aba.beta,True,1,1,0.002519845962524414,0.0018396377563476562,0.0012624263763427734,0.005621910095214844,3,1,0,0,0,1,9,3,1,2,0,525,8527
oliveira/04_12/randm07.02.02.01.020_0030.01.aba.beta,True,1,1,0.0007767677307128906,0.0018246173858642578,0.0011136531829833984,0.003715038299560547,3,1,0,0,0,1,9,3,1,2,0,529,8553
oliveira/04_12/randm07.02.02.01.020_0030.02.aba.beta,True,1,1,0.0007717609405517578,0.0019752979278564453,0.001142263412475586,0.003889322280883789,3,1,0,0,0,1,9,3,1,2,0,526,8542
oliveira/04_12/randm07.02.02.01.020_0030.03.aba.beta,True,1,1,0.00078582763671875,0.0018117427825927734,0.00118255615234375,0.0037801265716552734,3,1,0,0,0,1,9,3,1,2,0,531,8553
oliveira/04_12/randm07.02.02.01.020_0030.04.aba.beta,True,1,1,0.0008542537689208984,0.0019392967224121094,0.0011219978332519531,0.003915548324584961,3,1,0,0,0,1,9,3,1,2,0,530,8550
oliveira/04_12/randm07.02.02.01.020_0030.05.aba.beta,True,1,1,0.0007493495941162109,0.0020351409912109375,0.0011317729949951172,0.003916263580322266,3,1,0,0,0,1,9,3,1,2,0,540,8609
oliveira/04_12/randm07.02.02.02.020_0030.01.aba.beta,True,1,1,0.0007307529449462891,0.0017783641815185547,0.0011835098266601562,0.003692626953125,3,1,0,0,0,1,9,3,1,2,0,535,8587
oliveira/04_12/randm07.02.02.02.020_0030.02.aba.beta,True,1,1,0.0007727146148681641,0.0017812252044677734,0.001146554946899414,0.0037004947662353516,3,1,0,0,0,1,9,3,1,2,0,538,8598
oliveira/04_12/randm07.02.02.02.020_0030.03.aba.beta,True,1,1,0.0009038448333740234,0.001981973648071289,0.001104593276977539,0.0039904117584228516,3,1,0,0,0,1,9,3,1,2,0,533,8583
oliveira/04_12/randm07.02.02.02.020_0030.04.aba.beta,True,1,1,0.0007467269897460938,0.001817941665649414,0.001209259033203125,0.003773927688598633,3,1,0,0,0,1,9,3,1,2,0,521,8515
oliveira/04_12/randm07.02.02.02.020_0030.05.aba.beta,True,1,1,0.0007505416870117188,0.001870870590209961,0.0011386871337890625,0.003760099411010742,3,1,0,0,0,1,9,3,1,2,0,531,8576
oliveira/04_12/randm07.02.02.03.020_0030.01.aba.beta,True,14,7,0.2149040699005127,0.5809669494628906,0.001611948013305664,0.797482967376709,51,14,0,0,0,70,66317,35,57,338,0,723,10283
oliveira/04_12/randm07.02.02.03.020_0030.02.aba.beta,True,14,7,0.09508657455444336,0.2587087154388428,0.0014672279357910156,0.35526251792907715,40,14,0,0,0,35,22225,33,22,289,0,725,10101
oliveira/04_12/randm07.02.02.03.020_0030.03.aba.beta,True,20,7,0.301053524017334,0.8153975009918213,0.0018851757049560547,1.1183362007141113,58,20,0,0,0,78,101093,40,59,434,0,945,13431
oliveira/04_12/randm07.02.02.03.020_0030.04.aba.beta,True,15,7,0.08292460441589355,0.2601356506347656,0.0020902156829833984,0.3451504707336426,36,15,0,0,0,33,22114,31,19,280,0,1039,15044
oliveira/04_12/randm07.02.02.03.020_0030.05.aba.beta,True,15,7,0.13361144065856934,0.37149643898010254,0.0017981529235839844,0.5069060325622559,43,15,0,0,0,45,37595,36,31,289,0,801,11328
oliveira/04_12/randm07.02.02.04.020_0030.01.aba.beta,True,10,4,0.01857161521911621,0.06213068962097168,0.0033071041107177734,0.08400940895080566,20,10,0,0,0,11,2408,20,2,82,0,1525,23797
oliveira/04_12/randm07.02.02.04.020_0030.02.aba.beta,True,9,4,0.01964402198791504,0.04700040817260742,0.0028557777404785156,0.06950020790100098,15,9,0,0,0,10,2238,15,2,91,0,1322,20489
oliveira/04_12/randm07.02.02.04.020_0030.03.aba.beta,True,9,4,0.0169980525970459,0.0459442138671875,0.0025582313537597656,0.06550049781799316,15,9,0,0,0,10,2206,15,2,75,0,1236,19236
oliveira/04_12/randm07.02.02.04.020_0030.04.aba.beta,True,12,4,0.026001930236816406,0.07529902458190918,0.004622459411621094,0.10592341423034668,19,12,0,0,0,12,4289,19,1,108,0,2108,33588
oliveira/04_12/randm07.02.02.04.020_0030.05.aba.beta,True,7,4,0.013808965682983398,0.03247880935668945,0.0013933181762695312,0.04768109321594238,14,7,0,0,0,7,1409,14,1,79,0,656,9909
oliveira/04_12/randm07.02.02.05.020_0030.01.aba.beta,True,12,6,0.06777405738830566,0.2027297019958496,0.0015094280242919922,0.27201318740844727,31,12,0,0,0,31,16890,24,20,153,0,717,10411
oliveira/04_12/randm07.02.02.05.020_0030.02.aba.beta,True,13,6,0.05793476104736328,0.16351008415222168,0.0017702579498291016,0.22321510314941406,33,13,0,0,0,23,14831,29,11,223,0,862,12440
oliveira/04_12/randm07.02.02.05.020_0030.03.aba.beta,True,10,6,0.06396985054016113,0.21004915237426758,0.0017209053039550781,0.2757399082183838,39,10,0,0,0,26,18987,32,17,251,0,829,12458
oliveira/04_12/randm07.02.02.05.020_0030.04.aba.beta,True,9,6,0.0341796875,0.12294316291809082,0.0013775825500488281,0.15850043296813965,33,9,0,0,0,20,6779,29,12,180,0,678,9966
oliveira/04_12/randm07.02.02.05.020_0030.05.aba.beta,True,9,6,0.034723520278930664,0.10792684555053711,0.0014142990112304688,0.14406466484069824,25,9,0,0,0,17,7317,21,9,157,0,702,10317
oliveira/04_12/randm07.02.02.06.020_0030.01.aba.beta,True,4,4,0.01033473014831543,0.027584552764892578,0.0012652873992919922,0.0391845703125,18,4,0,0,0,7,716,16,4,58,0,553,8643
oliveira/04_12/randm07.02.02.06.020_0030.02.aba.beta,True,5,4,0.010006427764892578,0.03125429153442383,0.0015742778778076172,0.04283499717712402,19,5,0,0,0,7,1100,17,3,77,0,738,11410
oliveira/04_12/randm07.02.02.06.020_0030.03.aba.beta,True,4,4,0.007562398910522461,0.02749347686767578,0.0011887550354003906,0.03624463081359863,17,4,0,0,0,7,658,15,4,50,0,557,8655
oliveira/04_12/randm07.02.02.06.020_0030.04.aba.beta,True,7,4,0.01201486587524414,0.03458094596862793,0.003149271011352539,0.04974508285522461,15,7,0,0,0,8,1089,15,2,62,0,1349,21246
oliveira/04_12/randm07.02.02.06.020_0030.05.aba.beta,True,6,4,0.010239124298095703,0.03311800956726074,0.002167940139770508,0.04552507400512695,14,6,0,0,0,8,1021,14,3,46,0,968,15122
oliveira/04_12/randm07.02.02.07.020_0030.01.aba.beta,True,11,6,0.037363290786743164,0.10846924781799316,0.001485586166381836,0.14731812477111816,32,11,0,0,0,17,7328,30,7,203,0,705,10301
oliveira/04_12/randm07.02.02.07.020_0030.02.aba.beta,True,14,6,0.1051030158996582,0.29519176483154297,0.0020987987518310547,0.4023935794830322,42,14,0,0,0,32,33026,31,19,263,0,997,14434
oliveira/04_12/randm07.02.02.07.020_0030.03.aba.beta,True,11,6,0.04263639450073242,0.11561155319213867,0.0014324188232421875,0.15968036651611328,28,11,0,0,0,18,9084,24,8,165,0,730,10687
oliveira/04_12/randm07.02.02.07.020_0030.04.aba.beta,True,11,6,0.04184579849243164,0.11132645606994629,0.0020644664764404297,0.15523672103881836,26,11,0,0,0,16,6796,24,6,151,0,933,13984
oliveira/04_12/randm07.02.02.07.020_0030.05.aba.beta,True,16,6,0.07430481910705566,0.2213599681854248,0.002462625503540039,0.2981274127960205,37,16,0,0,0,26,18796,34,11,276,0,1179,16930
oliveira/04_12/randm07.02.02.08.020_0030.01.aba.beta,True,1,1,0.0008807182312011719,0.001928567886352539,0.0011894702911376953,0.003998756408691406,3,1,0,0,0,1,9,3,1,2,0,542,8613
oliveira/04_12/randm07.02.02.08.020_0030.02.aba.beta,True,1,1,0.0007810592651367188,0.002070903778076172,0.0011425018310546875,0.003994464874267578,3,1,0,0,0,1,9,3,1,2,0,539,8607
oliveira/04_12/randm07.02.02.08.020_0030.03.aba.beta,True,1,1,0.0007758140563964844,0.0018358230590820312,0.0011348724365234375,0.003746509552001953,3,1,0,0,0,1,9,3,1,2,0,534,8577
oliveira/04_12/randm07.02.02.08.020_0030.04.aba.beta,True,1,1,0.001283884048461914,0.002058744430541992,0.0010724067687988281,0.004415035247802734,3,1,0,0,0,1,9,3,1,2,0,536,8592
oliveira/04_12/randm07.02.02.08.020_0030.05.aba.beta,True,1,1,0.0010652542114257812,0.001953125,0.0010356903076171875,0.004054069519042969,3,1,0,0,0,1,9,3,1,2,0,536,8587
oliveira/04_12/randm07.02.02.09.020_0030.01.aba.beta,True,4,3,0.00662994384765625,0.022999286651611328,0.0012505054473876953,0.030879735946655273,12,4,0,0,0,6,645,12,3,60,0,581,8957
oliveira/04_12/randm07.02.02.09.020_0030.02.aba.beta,True,3,3,0.006348133087158203,0.010726451873779297,0.0011382102966308594,0.01821279525756836,10,3,0,0,0,3,204,10,1,22,0,542,8572
oliveira/04_12/randm07.02.02.09.020_0030.03.aba.beta,True,3,3,0.005142688751220703,0.01002812385559082,0.0011467933654785156,0.01631760597229004,11,3,0,0,0,3,239,10,1,28,0,553,8644
oliveira/04_12/randm07.02.02.09.020_0030.04.aba.beta,True,3,3,0.004765987396240234,0.02062249183654785,0.0011801719665527344,0.02656865119934082,11,3,0,0,0,5,491,11,3,43,0,561,8758
oliveira/04_12/randm07.02.02.09.020_0030.05.aba.beta,True,3,3,0.0045337677001953125,0.017769336700439453,0.0011587142944335938,0.02346181869506836,11,3,0,0,0,5,391,11,3,35,0,552,8661
oliveira/04_12/randm07.02.02.10.020_0030.01.aba.beta,True,1,1,0.0008287429809570312,0.0018551349639892578,0.0011038780212402344,0.0037877559661865234,3,1,0,0,0,1,9,3,1,2,0,537,8599
oliveira/04_12/randm07.02.02.10.020_0030.02.aba.beta,True,1,1,0.0008301734924316406,0.0018379688262939453,0.0011126995086669922,0.003780841827392578,3,1,0,0,0,1,9,3,1,2,0,540,8608
oliveira/04_12/randm07.02.02.10.020_0030.03.aba.beta,True,1,1,0.0009579658508300781,0.0018813610076904297,0.0011816024780273438,0.0040209293365478516,3,1,0,0,0,1,9,3,1,2,0,527,8497
oliveira/04_12/randm07.02.02.10.020_0030.04.aba.beta,True,1,1,0.0008594989776611328,0.001829385757446289,0.001157522201538086,0.003846406936645508,3,1,0,0,0,1,9,3,1,2,0,537,8603
oliveira/04_12/randm07.02.02.10.020_0030.05.aba.beta,True,1,1,0.0010814666748046875,0.0017347335815429688,0.0011456012725830078,0.003961801528930664,3,1,0,0,0,1,9,3,1,2,0,528,8551
oliveira/04_12/randm07.02.02.11.020_0030.01.aba.beta,True,9,5,0.02058887481689453,0.05451822280883789,0.0015714168548583984,0.07667851448059082,16,9,0,0,0,10,3105,15,2,89,0,743,11285
oliveira/04_12/randm07.02.02.11.020_0030.02.aba.beta,True,11,5,0.04021930694580078,0.11911320686340332,0.0017673969268798828,0.16109991073608398,27,11,0,0,0,19,6941,26,9,153,0,846,12742
oliveira/04_12/randm07.02.02.11.020_0030.03.aba.beta,True,9,5,0.04845142364501953,0.1625230312347412,0.001878976821899414,0.21285343170166016,25,9,0,0,0,20,11712,24,12,230,0,859,13409
oliveira/04_12/randm07.02.02.11.020_0030.04.aba.beta,True,7,5,0.019803285598754883,0.06443333625793457,0.0014069080352783203,0.08564352989196777,23,7,0,0,0,14,2916,21,8,94,0,694,10549
oliveira/04_12/randm07.02.02.11.020_0030.05.aba.beta,True,8,5,0.025852680206298828,0.09362196922302246,0.0018029212951660156,0.1212775707244873,24,8,0,0,0,16,4670,23,9,149,0,890,13470
oliveira/04_12/randm07.02.02.12.020_0030.01.aba.beta,True,2,3,0.002670764923095703,0.008579492568969727,0.0010890960693359375,0.012339353561401367,8,2,0,0,0,3,112,8,2,17,0,541,8597
oliveira/04_12/randm07.02.02.12.020_0030.02.aba.beta,True,4,3,0.00514674186706543,0.012646675109863281,0.0011126995086669922,0.018906116485595703,9,4,0,0,0,4,210,9,1,21,0,551,8631
oliveira/04_12/randm07.02.02.12.020_0030.03.aba.beta,True,4,3,0.00677943229675293,0.012883424758911133,0.0012297630310058594,0.020892620086669922,9,4,0,0,0,4,231,9,1,24,0,550,8641
oliveira/04_12/randm07.02.02.12.020_0030.04.aba.beta,True,4,3,0.005603790283203125,0.01808619499206543,0.001653909683227539,0.025343894958496094,11,4,0,0,0,5,451,11,2,36,0,792,12532
oliveira/04_12/randm07.02.02.12.020_0030.05.aba.beta,True,3,3,0.004797220230102539,0.014618635177612305,0.0011320114135742188,0.020547866821289062,9,3,0,0,0,4,243,9,2,31,0,555,8686
oliveira/04_12/randm07.02.02.13.020_0030.01.aba.beta,True,15,7,0.1125791072845459,0.31108880043029785,0.001917123794555664,0.4255850315093994,44,15,0,0,0,36,30547,35,22,318,0,926,13253
oliveira/04_12/randm07.02.02.13.020_0030.02.aba.beta,True,15,7,0.13374543190002441,0.404127836227417,0.0027358531951904297,0.5406091213226318,46,15,0,0,0,41,37518,41,27,389,0,1256,19304
oliveira/04_12/randm07.02.02.13.020_0030.03.aba.beta,True,13,7,0.10882186889648438,0.27460718154907227,0.002771139144897461,0.3862001895904541,43,13,0,0,0,30,29190,36,18,300,0,1270,18893
oliveira/04_12/randm07.02.02.13.020_0030.04.aba.beta,True,18,7,0.16025352478027344,0.4611325263977051,0.002138376235961914,0.6235244274139404,49,18,0,0,0,53,45354,42,36,359,0,1040,14791
oliveira/04_12/randm07.02.02.13.020_0030.05.aba.beta,True,14,7,0.07950997352600098,0.24703049659729004,0.0020728111267089844,0.32861328125,41,14,0,0,0,34,18868,39,21,259,0,968,13878
oliveira/04_12/randm07.02.02.14.020_0030.01.aba.beta,True,5,3,0.009768247604370117,0.026851892471313477,0.001245737075805664,0.03786587715148926,11,5,0,0,0,6,735,11,2,71,0,607,9167
oliveira/04_12/randm07.02.02.14.020_0030.02.aba.beta,True,4,3,0.005933523178100586,0.018116474151611328,0.0011487007141113281,0.025198698043823242,10,4,0,0,0,5,374,10,2,34,0,565,8702
oliveira/04_12/randm07.02.02.14.020_0030.03.aba.beta,True,3,3,0.004736423492431641,0.016126632690429688,0.0013585090637207031,0.02222156524658203,9,3,0,0,0,4,467,9,2,51,0,614,9804
oliveira/04_12/randm07.02.02.14.020_0030.04.aba.beta,True,5,3,0.008324623107910156,0.0217742919921875,0.001277923583984375,0.03137683868408203,14,5,0,0,0,5,801,11,1,75,0,604,9346
oliveira/04_12/randm07.02.02.14.020_0030.05.aba.beta,True,3,3,0.0038840770721435547,0.00910806655883789,0.0011706352233886719,0.014162778854370117,9,3,0,0,0,3,155,9,1,22,0,551,8634
oliveira/04_12/randm07.02.02.15.020_0030.01.aba.beta,True,11,7,0.06205177307128906,0.15362834930419922,0.0014467239379882812,0.21712684631347656,34,11,0,0,0,18,14601,27,8,201,0,709,10189
oliveira/04_12/randm07.02.02.15.020_0030.02.aba.beta,True,11,7,0.1434168815612793,0.4050476551055908,0.0016219615936279297,0.550086498260498,46,11,0,0,0,44,39378,39,34,310,0,757,11243
oliveira/04_12/randm07.02.02.15.020_0030.03.aba.beta,True,16,7,0.17503118515014648,0.4688289165496826,0.003495454788208008,0.6473555564880371,48,16,0,0,0,47,56450,41,32,381,0,1596,24129
oliveira/04_12/randm07.02.02.15.020_0030.04.aba.beta,True,13,7,0.06157064437866211,0.11790800094604492,0.0018019676208496094,0.18128061294555664,29,13,0,0,0,16,14920,26,4,206,0,852,12449
oliveira/04_12/randm07.02.02.15.020_0030.05.aba.beta,True,22,7,0.7836794853210449,1.8449068069458008,0.0034813880920410156,2.6320676803588867,77,22,0,0,0,101,256422,47,80,537,0,1586,23400
oliveira/04_12/randm07.02.02.16.020_0030.01.aba.beta,True,7,4,0.015433549880981445,0.03599214553833008,0.0028846263885498047,0.05431032180786133,14,7,0,0,0,9,1216,14,3,68,0,1243,19349
oliveira/04_12/randm07.02.02.16.020_0030.02.aba.beta,True,10,4,0.020350933074951172,0.052751779556274414,0.004279136657714844,0.07738184928894043,17,10,0,0,0,12,1781,17,3,75,0,1981,31129
oliveira/04_12/randm07.02.02.16.020_0030.03.aba.beta,True,5,4,0.009645462036132812,0.02750396728515625,0.0013854503631591797,0.03853487968444824,14,5,0,0,0,7,708,13,3,40,0,684,10778
oliveira/04_12/randm07.02.02.16.020_0030.04.aba.beta,True,7,4,0.029832839965820312,0.05577969551086426,0.0026481151580810547,0.08826065063476562,38,7,0,0,0,9,3532,22,3,244,0,1236,19255
oliveira/04_12/randm07.02.02.16.020_0030.05.aba.beta,True,7,4,0.011050701141357422,0.0354006290435791,0.0027201175689697266,0.04917144775390625,14,7,0,0,0,9,956,14,3,50,0,1309,20702
oliveira/04_12/randm07.02.02.17.020_0030.01.aba.beta,True,15,6,0.1825547218322754,0.46001553535461426,0.002185344696044922,0.6447556018829346,49,15,0,0,0,43,59118,37,29,374,0,1016,14806
oliveira/04_12/randm07.02.02.17.020_0030.02.aba.beta,True,11,6,0.055649757385253906,0.12070393562316895,0.0015206336975097656,0.17787432670593262,30,11,0,0,0,16,10960,30,6,224,0,733,10638
oliveira/04_12/randm07.02.02.17.020_0030.03.aba.beta,True,16,6,0.08721327781677246,0.1935889720916748,0.002087831497192383,0.28289008140563965,41,16,0,0,0,24,18725,35,9,340,0,990,14081
oliveira/04_12/randm07.02.02.17.020_0030.04.aba.beta,True,12,6,0.12339591979980469,0.4362528324127197,0.0017457008361816406,0.561394453048706,46,12,0,0,0,41,41234,37,30,325,0,840,12295
oliveira/04_12/randm07.02.02.17.020_0030.05.aba.beta,True,11,6,0.14811491966247559,0.4376718997955322,0.0017490386962890625,0.5875358581542969,45,11,0,0,0,39,46036,33,29,300,0,818,11935
oliveira/04_12/randm07.02.02.18.020_0030.01.aba.beta,True,16,7,0.23173093795776367,0.5915355682373047,0.0028238296508789062,0.8260903358459473,54,16,0,0,0,44,79096,43,29,395,0,1219,18070
oliveira/04_12/randm07.02.02.18.020_0030.02.aba.beta,True,13,7,0.23231863975524902,0.5949664115905762,0.002096891403198242,0.8293819427490234,44,13,0,0,0,43,76587,36,31,335,0,1021,15370
oliveira/04_12/randm07.02.02.18.020_0030.03.aba.beta,True,18,7,0.22657465934753418,0.45360565185546875,0.0029718875885009766,0.6831521987915039,50,18,0,0,0,37,74717,36,20,420,0,1353,19802
oliveira/04_12/randm07.02.02.18.020_0030.04.aba.beta,True,23,7,0.5479011535644531,1.5571281909942627,0.003074169158935547,2.1081035137176514,69,23,0,0,0,63,202786,46,41,562,0,1445,20754
oliveira/04_12/randm07.02.02.18.020_0030.05.aba.beta,True,27,7,2.6617496013641357,4.044485092163086,0.0043621063232421875,6.710596799850464,96,27,0,0,0,184,1032536,56,158,814,0,2027,29057
oliveira/04_12/randm07.02.02.19.020_0030.01.aba.beta,True,13,5,0.03820180892944336,0.11823177337646484,0.0016562938690185547,0.15808987617492676,27,13,0,0,0,19,7295,26,7,174,0,783,11302
oliveira/04_12/randm07.02.02.19.020_0030.02.aba.beta,True,12,5,0.04560089111328125,0.12572836875915527,0.0017383098602294922,0.17306756973266602,26,12,0,0,0,18,9880,21,7,199,0,829,12319
oliveira/04_12/randm07.02.02.19.020_0030.03.aba.beta,True,7,5,0.02143573760986328,0.0700070858001709,0.0013813972473144531,0.09282422065734863,23,7,0,0,0,14,3141,23,8,132,0,629,9405
oliveira/04_12/randm07.02.02.19.020_0030.04.aba.beta,True,13,5,0.07673883438110352,0.23290443420410156,0.0018260478973388672,0.31146931648254395,41,13,0,0,0,32,20114,32,20,285,0,839,12154
oliveira/04_12/randm07.02.02.19.020_0030.05.aba.beta,True,10,5,0.03374624252319336,0.10723757743835449,0.00199127197265625,0.1429750919342041,26,10,0,0,0,18,5966,24,9,159,0,949,14302
oliveira/04_12/randm08.02.02.01.020_0030.01.aba.beta,True,19,7,0.1277303695678711,0.3363630771636963,0.0019121170043945312,0.4660055637359619,44,19,0,0,0,35,35552,36,17,299,0,963,13320
oliveira/04_12/randm08.02.02.01.020_0030.02.aba.beta,True,18,7,0.1365957260131836,0.3720071315765381,0.0022869110107421875,0.5108897686004639,49,18,0,0,0,38,38871,44,21,349,0,1060,15003
oliveira/04_12/randm08.02.02.01.020_0030.03.aba.beta,True,12,7,0.058393239974975586,0.19318318367004395,0.0017137527465820312,0.25329017639160156,36,12,0,0,0,25,15351,34,14,219,0,783,11447
oliveira/04_12/randm08.02.02.01.020_0030.04.aba.beta,True,22,7,0.29931139945983887,0.7081918716430664,0.003315448760986328,1.0108187198638916,67,22,0,0,0,60,93518,56,39,521,0,1570,22990
oliveira/04_12/randm08.02.02.01.020_0030.05.aba.beta,True,12,7,0.09256362915039062,0.27794480323791504,0.0015063285827636719,0.37201476097106934,41,12,0,0,0,36,27433,34,25,226,0,741,10618
oliveira/04_12/randm08.02.02.02.020_0030.01.aba.beta,True,15,6,0.1298658847808838,0.4221940040588379,0.0014739036560058594,0.5535337924957275,47,15,0,0,0,54,40427,37,40,286,0,772,10831
oliveira/04_12/randm08.02.02.02.020_0030.02.aba.beta,True,13,6,0.06405758857727051,0.2198042869567871,0.0014524459838867188,0.28531432151794434,37,13,0,0,0,31,15983,30,19,211,0,667,9589
oliveira/04_12/randm08.02.02.02.020_0030.03.aba.beta,True,6,6,0.020166397094726562,0.050755977630615234,0.0012102127075195312,0.07213258743286133,23,6,0,0,0,11,3505,16,6,103,0,581,8845
oliveira/04_12/randm08.02.02.02.020_0030.04.aba.beta,True,12,6,0.09667491912841797,0.3047196865081787,0.0014388561248779297,0.4028334617614746,39,12,0,0,0,44,24670,28,33,182,0,684,9889
oliveira/04_12/randm08.02.02.02.020_0030.05.aba.beta,True,18,6,0.08909010887145996,0.28289198875427246,0.001802206039428711,0.37378430366516113,43,18,0,0,0,37,22588,37,20,323,0,894,12351
oliveira/04_12/randm08.02.02.03.020_0030.01.aba.beta,True,8,7,0.11667752265930176,0.3425168991088867,0.0013110637664794922,0.46050548553466797,47,8,0,0,0,43,33411,33,36,222,0,628,9380
oliveira/04_12/randm08.02.02.03.020_0030.02.aba.beta,True,16,7,0.16095304489135742,0.4400038719177246,0.0020287036895751953,0.6029856204986572,47,16,0,0,0,44,50279,43,29,347,0,965,13843
oliveira/04_12/randm08.02.02.03.020_0030.03.aba.beta,True,11,7,0.20584988594055176,0.5620102882385254,0.0022125244140625,0.7700726985931396,52,11,0,0,0,65,65553,39,55,286,0,982,14676
oliveira/04_12/randm08.02.02.03.020_0030.04.aba.beta,True,14,7,0.7726180553436279,1.5068235397338867,0.0015101432800292969,2.280951738357544,69,14,0,0,0,127,266312,43,114,455,0,742,10563
oliveira/04_12/randm08.02.02.03.020_0030.05.aba.beta,True,11,7,0.39728736877441406,0.9512546062469482,0.001470327377319336,1.3500123023986816,59,11,0,0,0,96,136935,39,86,344,0,702,10127
oliveira/04_12/randm08.02.02.04.020_0030.01.aba.beta,True,6,6,0.054732322692871094,0.21855449676513672,0.001373291015625,0.2746601104736328,36,6,0,0,0,33,14483,31,28,162,0,650,9907
oliveira/04_12/randm08.02.02.04.020_0030.02.aba.beta,True,11,6,0.06578850746154785,0.21056580543518066,0.001336812973022461,0.277691125869751,34,11,0,0,0,28,17800,26,18,178,0,664,9723
oliveira/04_12/randm08.02.02.04.020_0030.03.aba.beta,True,9,6,0.03196573257446289,0.11911725997924805,0.0014595985412597656,0.1525425910949707,28,9,0,0,0,22,5860,28,14,136,0,675,10066
oliveira/04_12/randm08.02.02.04.020_0030.04.aba.beta,True,9,6,0.05494976043701172,0.17224764823913574,0.0015387535095214844,0.22873616218566895,29,9,0,0,0,25,11017,27,17,174,0,715,10552
oliveira/04_12/randm08.02.02.04.020_0030.05.aba.beta,True,15,6,0.10186982154846191,0.28678202629089355,0.002037525177001953,0.3906893730163574,37,15,0,0,0,33,24227,35,19,253,0,919,13272
oliveira/04_12/randm08.02.02.05.020_0030.01.aba.beta,True,4,5,0.011630058288574219,0.03693222999572754,0.0011627674102783203,0.04972505569458008,17,4,0,0,0,8,1852,17,5,58,0,564,8728
oliveira/04_12/randm08.02.02.05.020_0030.02.aba.beta,True,3,5,0.012540817260742188,0.03267717361450195,0.0012264251708984375,0.04644441604614258,20,3,0,0,0,7,2150,17,5,82,0,560,8713
oliveira/04_12/randm08.02.02.05.020_0030.03.aba.beta,True,5,5,0.022756099700927734,0.07998275756835938,0.001444101333618164,0.10418295860290527,23,5,0,0,0,14,5110,22,10,114,0,655,10062
oliveira/04_12/randm08.02.02.05.020_0030.04.aba.beta,True,2,5,0.010298728942871094,0.04932522773742676,0.0012459754943847656,0.06086993217468262,18,2,0,0,0,10,2317,17,9,55,0,546,8653
oliveira/04_12/randm08.02.02.05.020_0030.05.aba.beta,True,9,5,0.03824615478515625,0.10199427604675293,0.0030875205993652344,0.14332795143127441,30,9,0,0,0,14,9059,23,6,168,0,1428,22127
oliveira/04_12/randm08.02.02.06.020_0030.01.aba.beta,True,13,8,0.30704426765441895,0.8855633735656738,0.0016450881958007812,1.1942527294158936,59,13,0,0,0,81,109105,45,69,390,0,794,11514
oliveira/04_12/randm08.02.02.06.020_0030.02.aba.beta,True,16,8,0.42458271980285645,1.1033892631530762,0.0023584365844726562,1.5303304195404053,64,16,0,0,0,80,145942,47,65,428,0,1066,15367
oliveira/04_12/randm08.02.02.06.020_0030.03.aba.beta,True,25,8,0.25517964363098145,0.5749619007110596,0.0024900436401367188,0.8326315879821777,57,25,0,0,0,47,88642,48,23,525,0,1234,17406
oliveira/04_12/randm08.02.02.06.020_0030.04.aba.beta,True,23,8,0.5222704410552979,1.1861701011657715,0.002318143844604492,1.7107586860656738,74,23,0,0,0,98,192381,53,76,558,0,1041,14145
oliveira/04_12/randm08.02.02.06.020_0030.05.aba.beta,True,20,8,1.0351028442382812,1.9056224822998047,0.0017251968383789062,2.942450523376465,80,20,0,0,0,146,382452,45,127,552,0,845,11582
oliveira/04_12/randm08.02.02.07.020_0030.01.aba.beta,True,1,1,0.0014765262603759766,0.00232696533203125,0.0010688304901123047,0.004872322082519531,3,1,0,0,0,1,9,3,1,2,0,536,8587
oliveira/04_12/randm08.02.02.07.020_0030.02.aba.beta,True,1,1,0.0010089874267578125,0.0021462440490722656,0.001050710678100586,0.004205942153930664,3,1,0,0,0,1,9,3,1,2,0,524,8514
oliveira/04_12/randm08.02.02.07.020_0030.03.aba.beta,True,1,1,0.0008103847503662109,0.0019872188568115234,0.0011563301086425781,0.0039539337158203125,3,1,0,0,0,1,9,3,1,2,0,519,8504
oliveira/04_12/randm08.02.02.07.020_0030.04.aba.beta,True,1,1,0.0009238719940185547,0.0023016929626464844,0.0011453628540039062,0.004370927810668945,3,1,0,0,0,1,9,3,1,2,0,539,8604
oliveira/04_12/randm08.02.02.07.020_0030.05.aba.beta,True,1,1,0.0008349418640136719,0.0019903182983398438,0.0011410713195800781,0.003966331481933594,3,1,0,0,0,1,9,3,1,2,0,530,8566
oliveira/04_12/randm08.02.02.08.020_0030.01.aba.beta,True,10,6,0.3179609775543213,1.0462849140167236,0.002024412155151367,1.3662703037261963,60,10,0,0,0,75,116786,45,66,363,0,930,13760
oliveira/04_12/randm08.02.02.08.020_0030.02.aba.beta,True,15,6,0.5795326232910156,1.4220454692840576,0.0023953914642333984,2.0039734840393066,71,15,0,0,0,94,209279,50,80,484,0,1097,16282
oliveira/04_12/randm08.02.02.08.020_0030.03.aba.beta,True,15,6,0.1759650707244873,0.5016779899597168,0.0021283626556396484,0.6797714233398438,50,15,0,0,0,55,57478,37,41,370,0,1048,15512
oliveira/04_12/randm08.02.02.08.020_0030.04.aba.beta,True,9,6,0.7023632526397705,1.7134933471679688,0.001741170883178711,2.417597770690918,87,9,0,0,0,130,256983,51,122,525,0,796,11699
oliveira/04_12/randm08.02.02.08.020_0030.05.aba.beta,True,10,6,0.474578857421875,1.0452005863189697,0.002032756805419922,1.5218122005462646,64,10,0,0,0,104,159049,39,95,369,0,936,14007
oliveira/04_12/randm08.02.02.09.020_0030.01.aba.beta,True,18,7,0.2280728816986084,0.5273571014404297,0.0040242671966552734,0.7594542503356934,55,18,0,0,0,46,78749,42,29,344,0,1872,28470
oliveira/04_12/randm08.02.02.09.020_0030.02.aba.beta,True,23,7,0.3172454833984375,0.7298424243927002,0.004588603973388672,1.0516765117645264,61,23,0,0,0,62,110893,50,40,489,0,2070,31320
oliveira/04_12/randm08.02.02.09.020_0030.03.aba.beta,True,15,7,0.26950621604919434,0.649810791015625,0.0024793148040771484,0.9217963218688965,58,15,0,0,0,55,97058,40,41,350,0,1161,17204
oliveira/04_12/randm08.02.02.09.020_0030.04.aba.beta,True,20,7,0.19733858108520508,0.450930118560791,0.0031256675720214844,0.6513943672180176,50,20,0,0,0,42,61810,44,23,365,0,1459,21149
oliveira/04_12/randm08.02.02.09.020_0030.05.aba.beta,True,13,7,0.12584853172302246,0.316603422164917,0.003076791763305664,0.4455287456512451,45,13,0,0,0,37,32593,35,25,221,0,1434,21933
oliveira/04_12/randm08.02.02.10.020_0030.01.aba.beta,True,29,7,0.37087297439575195,0.7132019996643066,0.004289388656616211,1.0883643627166748,53,29,0,0,0,52,128045,44,24,531,0,1981,28530
oliveira/04_12/randm08.02.02.10.020_0030.02.aba.beta,True,23,7,0.29511189460754395,0.625819206237793,0.005004405975341797,0.9259355068206787,53,23,0,0,0,53,102800,44,31,500,0,2276,34345
oliveira/04_12/randm08.02.02.10.020_0030.03.aba.beta,True,16,7,0.16914820671081543,0.4010002613067627,0.002330780029296875,0.572479248046875,48,16,0,0,0,41,48290,41,26,356,0,1091,15679
oliveira/04_12/randm08.02.02.10.020_0030.04.aba.beta,True,17,7,0.22423338890075684,0.5770070552825928,0.00438690185546875,0.8056273460388184,53,17,0,0,0,47,75809,45,31,336,0,1918,28904
oliveira/04_12/randm08.02.02.10.020_0030.05.aba.beta,True,17,7,0.1980748176574707,0.49721670150756836,0.005362749099731445,0.7006542682647705,47,17,0,0,0,45,64560,39,29,367,0,2214,34795
oliveira/04_12/randm08.02.02.11.020_0030.01.aba.beta,True,28,8,1.862112283706665,3.0456199645996094,0.004018306732177734,4.911750555038452,102,28,0,0,0,200,709419,53,173,811,0,1858,26668
oliveira/04_12/randm08.02.02.11.020_0030.02.aba.beta,True,24,8,0.2830944061279297,0.7320640087127686,0.005110979080200195,1.0202693939208984,57,24,0,0,0,51,93361,43,28,377,0,2345,35671
oliveira/04_12/randm08.02.02.11.020_0030.03.aba.beta,True,21,8,0.3907508850097656,0.8077006340026855,0.0032210350036621094,1.2016725540161133,66,21,0,0,0,66,137308,48,46,501,0,1533,22938
oliveira/04_12/randm08.02.02.11.020_0030.04.aba.beta,True,18,8,0.33274340629577637,0.812035083770752,0.0040225982666015625,1.1488010883331299,59,18,0,0,0,72,117540,47,55,405,0,1825,26997
oliveira/04_12/randm08.02.02.11.020_0030.05.aba.beta,True,17,8,0.3739933967590332,0.8131604194641113,0.002924203872680664,1.1900780200958252,64,17,0,0,0,70,132702,44,54,437,0,1352,19726
oliveira/04_12/randm08.02.02.12.020_0030.01.aba.beta,True,8,5,0.02208852767944336,0.05550336837768555,0.0018203258514404297,0.07941222190856934,18,8,0,0,0,10,3260,18,3,127,0,848,12980
oliveira/04_12/randm08.02.02.12.020_0030.02.aba.beta,True,7,5,0.0352327823638916,0.09363508224487305,0.002009868621826172,0.13087773323059082,25,7,0,0,0,15,5550,24,9,167,0,911,14216
oliveira/04_12/randm08.02.02.12.020_0030.03.aba.beta,True,6,5,0.029965639114379883,0.11751127243041992,0.0024330615997314453,0.14990997314453125,22,6,0,0,0,14,7882,22,9,145,0,1025,15801
oliveira/04_12/randm08.02.02.12.020_0030.04.aba.beta,True,8,5,0.029320955276489258,0.05104708671569824,0.0016422271728515625,0.08201026916503906,17,8,0,0,0,9,3384,16,2,121,0,751,11274
oliveira/04_12/randm08.02.02.12.020_0030.05.aba.beta,True,4,5,0.024756908416748047,0.10348892211914062,0.001255035400390625,0.1295008659362793,24,4,0,0,0,17,5766,20,14,109,0,589,9117
oliveira/04_12/randm08.02.02.13.020_0030.01.aba.beta,True,26,8,1.2436976432800293,2.9146976470947266,0.0041043758392333984,4.162499666213989,77,26,0,0,0,124,415956,56,99,659,0,1882,27592
oliveira/04_12/randm08.02.02.13.020_0030.02.aba.beta,True,29,8,0.6379404067993164,1.8697912693023682,0.005684375762939453,2.513416051864624,75,29,0,0,0,69,244615,57,41,640,0,2608,38601
oliveira/04_12/randm08.02.02.13.020_0030.03.aba.beta,True,28,8,1.5120606422424316,3.145420789718628,0.005265712738037109,4.662747144699097,81,28,0,0,0,154,563503,58,127,646,0,2519,37358
oliveira/04_12/randm08.02.02.13.020_0030.04.aba.beta,True,27,8,0.8569846153259277,2.0750489234924316,0.00419163703918457,2.936225175857544,77,27,0,0,0,115,310433,62,89,657,0,1890,27468
oliveira/04_12/randm08.02.02.13.020_0030.05.aba.beta,True,27,8,0.7348837852478027,1.2257137298583984,0.004276752471923828,1.964874267578125,77,27,0,0,0,66,286630,53,40,675,0,1939,28600
oliveira/04_12/randm08.02.02.14.020_0030.01.aba.beta,True,20,6,0.20622706413269043,0.4821650981903076,0.004465579986572266,0.6928577423095703,42,20,0,0,0,38,65103,41,19,399,0,2004,30206
oliveira/04_12/randm08.02.02.14.020_0030.02.aba.beta,True,19,6,0.18397879600524902,0.39440226554870605,0.0030531883239746094,0.5814342498779297,46,19,0,0,0,32,56933,42,14,395,0,1456,21542
oliveira/04_12/randm08.02.02.14.020_0030.03.aba.beta,True,18,6,0.16475772857666016,0.3647162914276123,0.0033478736877441406,0.5328218936920166,47,18,0,0,0,30,54963,40,13,408,0,1507,22584
oliveira/04_12/randm08.02.02.14.020_0030.04.aba.beta,True,18,6,0.17077159881591797,0.39752984046936035,0.002916574478149414,0.5712180137634277,44,18,0,0,0,39,52957,38,22,360,0,1293,19530
oliveira/04_12/randm08.02.02.14.020_0030.05.aba.beta,True,19,6,0.2070474624633789,0.5011379718780518,0.003773212432861328,0.711958646774292,47,19,0,0,0,43,73619,42,25,400,0,1703,25193
oliveira/04_12/randm08.02.02.15.020_0030.01.aba.beta,True,12,5,0.05708646774291992,0.14088010787963867,0.0020983219146728516,0.20006489753723145,31,12,0,0,0,18,15290,29,7,231,0,986,14712
oliveira/04_12/randm08.02.02.15.020_0030.02.aba.beta,True,18,5,0.0853872299194336,0.17624330520629883,0.0037343502044677734,0.2653648853302002,32,18,0,0,0,20,21417,29,3,303,0,1683,25662
oliveira/04_12/randm08.02.02.15.020_0030.03.aba.beta,True,14,5,0.057195425033569336,0.1243898868560791,0.0029478073120117188,0.18453311920166016,28,14,0,0,0,17,13997,26,4,245,0,1358,20465
oliveira/04_12/randm08.02.02.15.020_0030.04.aba.beta,True,14,5,0.06356644630432129,0.13507556915283203,0.0024080276489257812,0.2010500431060791,28,14,0,0,0,18,16296,25,5,244,0,1135,17138
oliveira/04_12/randm08.02.02.15.020_0030.05.aba.beta,True,15,5,0.06354069709777832,0.14714908599853516,0.0019147396087646484,0.21260452270507812,28,15,0,0,0,19,16019,28,5,237,0,927,13537
oliveira/04_12/randm08.02.02.16.020_0030.01.aba.beta,True,9,5,0.027668237686157227,0.06961941719055176,0.0015864372253417969,0.09887409210205078,25,9,0,0,0,13,4893,22,5,135,0,764,11409
oliveira/04_12/randm08.02.02.16.020_0030.02.aba.beta,True,18,5,0.07838582992553711,0.2160031795501709,0.00189208984375,0.296281099319458,32,18,0,0,0,28,18813,28,11,261,0,920,13262
oliveira/04_12/randm08.02.02.16.020_0030.03.aba.beta,True,9,5,0.053276777267456055,0.18858718872070312,0.0019092559814453125,0.2437732219696045,31,9,0,0,0,24,13913,30,16,225,0,882,13401
oliveira/04_12/randm08.02.02.16.020_0030.04.aba.beta,True,9,5,0.05337095260620117,0.16091680526733398,0.001905202865600586,0.21619296073913574,31,9,0,0,0,24,12203,28,16,172,0,853,12844
oliveira/04_12/randm08.02.02.16.020_0030.05.aba.beta,True,11,5,0.06394648551940918,0.22057533264160156,0.0020782947540283203,0.28660011291503906,37,11,0,0,0,27,16375,33,17,242,0,974,14733
oliveira/04_12/randm08.02.02.17.020_0030.01.aba.beta,True,12,6,0.07290863990783691,0.23697566986083984,0.001668691635131836,0.3115530014038086,40,12,0,0,0,31,18985,33,20,227,0,785,11408
oliveira/04_12/randm08.02.02.17.020_0030.02.aba.beta,True,14,6,0.08854269981384277,0.18820977210998535,0.0024242401123046875,0.2791767120361328,31,14,0,0,0,24,19592,26,11,260,0,1140,17152
oliveira/04_12/randm08.02.02.17.020_0030.03.aba.beta,True,17,6,0.10189414024353027,0.21671628952026367,0.002026081085205078,0.320636510848999,34,17,0,0,0,27,21020,30,11,259,0,932,13489
oliveira/04_12/randm08.02.02.17.020_0030.04.aba.beta,True,12,6,0.04311633110046387,0.11818957328796387,0.0014295578002929688,0.1627354621887207,27,12,0,0,0,20,7282,25,9,168,0,718,10417
oliveira/04_12/randm08.02.02.17.020_0030.05.aba.beta,True,13,6,0.04739999771118164,0.12790226936340332,0.001943826675415039,0.17724609375,27,13,0,0,0,20,9229,25,8,227,0,910,13946
oliveira/04_12/randm08.02.02.18.020_0030.01.aba.beta,True,14,6,0.39565205574035645,1.003810167312622,0.0020766258239746094,1.4015388488769531,69,14,0,0,0,77,140403,43,64,436,0,922,13595
oliveira/04_12/randm08.02.02.18.020_0030.02.aba.beta,True,16,6,0.5001559257507324,1.1614696979522705,0.0033426284790039062,1.6649682521820068,69,16,0,0,0,79,177878,47,64,447,0,1498,22871
oliveira/04_12/randm08.02.02.18.020_0030.03.aba.beta,True,12,6,0.06052660942077637,0.1397402286529541,0.0030782222747802734,0.20334506034851074,30,12,0,0,0,16,14975,29,5,186,0,1428,21686
oliveira/04_12/randm08.02.02.18.020_0030.04.aba.beta,True,12,6,0.15491485595703125,0.45044755935668945,0.003068685531616211,0.6084311008453369,41,12,0,0,0,39,54883,35,28,283,0,1119,16851
oliveira/04_12/randm08.02.02.18.020_0030.05.aba.beta,True,15,6,0.3900148868560791,1.0711236000061035,0.002389192581176758,1.4635276794433594,66,15,0,0,0,77,144808,49,63,428,0,1069,15828
oliveira/04_12/randm08.02.02.19.020_0030.01.aba.beta,True,14,8,0.14770793914794922,0.40558576583862305,0.001819610595703125,0.5551133155822754,44,14,0,0,0,47,37366,39,34,281,0,841,11970
oliveira/04_12/randm08.02.02.19.020_0030.02.aba.beta,True,18,8,0.33922576904296875,0.8300008773803711,0.00281524658203125,1.172041893005371,52,18,0,0,0,78,118426,41,61,423,0,1316,19894
oliveira/04_12/randm08.02.02.19.020_0030.03.aba.beta,True,21,8,0.12892985343933105,0.36080026626586914,0.0018765926361083984,0.4916067123413086,49,21,0,0,0,43,33402,45,23,377,0,941,12831
oliveira/04_12/randm08.02.02.19.020_0030.04.aba.beta,True,16,8,0.45235157012939453,1.038398265838623,0.0019328594207763672,1.492682695388794,72,16,0,0,0,96,155899,50,81,466,0,890,12795
oliveira/04_12/randm08.02.02.19.020_0030.05.aba.beta,True,18,8,0.20953822135925293,0.579810619354248,0.0020079612731933594,0.7913568019866943,51,18,0,0,0,55,67467,43,38,362,0,988,13867
oliveira/04_12/randm09.02.02.01.020_0030.01.aba.beta,True,30,9,1.4994854927062988,2.391413688659668,0.006731271743774414,3.897630453109741,83,30,0,0,0,137,591697,56,108,645,0,3044,47103
oliveira/04_12/randm09.02.02.01.020_0030.02.aba.beta,True,17,7,0.22500157356262207,0.5504777431488037,0.002635955810546875,0.7781152725219727,51,17,0,0,0,52,74843,40,36,354,0,1217,18129
oliveira/04_12/randm09.02.02.01.020_0030.03.aba.beta,True,23,9,3.2656023502349854,5.786437511444092,0.004473686218261719,9.056513547897339,101,23,0,0,0,223,1326455,49,201,686,0,1957,29137
oliveira/04_12/randm09.02.02.01.020_0030.04.aba.beta,True,31,9,8.615509033203125,12.323470115661621,0.008318901062011719,20.947298049926758,155,31,0,0,0,419,3364849,75,389,1197,0,3674,55498
oliveira/04_12/randm09.02.02.01.020_0030.05.aba.beta,True,38,9,4.07399320602417,6.310947418212891,0.012131214141845703,10.397071838378906,116,38,0,0,0,297,1608207,70,260,878,0,5462,84638
oliveira/04_12/randm09.02.02.02.020_0030.01.aba.beta,True,35,8,1.1959209442138672,2.0281174182891846,0.005300998687744141,3.229339361190796,98,35,0,0,0,127,459973,63,93,717,0,2530,36577
oliveira/04_12/randm09.02.02.02.020_0030.02.aba.beta,True,32,7,0.18944144248962402,0.4026906490325928,0.00466156005859375,0.5967936515808105,55,32,0,0,0,40,53698,50,9,466,0,2187,32013
oliveira/04_12/randm09.02.02.02.020_0030.03.aba.beta,True,23,8,0.24181294441223145,0.567633867263794,0.0040628910064697266,0.8135097026824951,55,23,0,0,0,56,75341,47,34,410,0,1941,28676
oliveira/04_12/randm09.02.02.02.020_0030.04.aba.beta,True,39,8,2.1590383052825928,3.4989495277404785,0.0077953338623046875,5.665783166885376,118,39,0,0,0,198,799749,72,160,841,0,3463,52543
oliveira/04_12/randm09.02.02.02.020_0030.05.aba.beta,True,25,7,0.5274357795715332,1.0647380352020264,0.0048236846923828125,1.5969974994659424,75,25,0,0,0,79,194718,59,55,560,0,2235,33134
oliveira/04_12/randm09.02.02.03.020_0030.01.aba.beta,True,29,8,0.3792247772216797,0.9744243621826172,0.004946470260620117,1.358595609664917,61,29,0,0,0,61,124216,50,33,599,0,2240,33050
oliveira/04_12/randm09.02.02.03.020_0030.02.aba.beta,True,17,8,0.24173402786254883,0.5420582294464111,0.002761363983154297,0.7865536212921143,59,17,0,0,0,56,76557,45,40,440,0,1274,19409
oliveira/04_12/randm09.02.02.03.020_0030.03.aba.beta,True,23,8,0.33480358123779297,1.1345233917236328,0.0028159618377685547,1.4721429347991943,71,23,0,0,0,67,107456,55,45,582,0,1330,19339
oliveira/04_12/randm09.02.02.03.020_0030.04.aba.beta,True,21,8,0.4884626865386963,1.307039499282837,0.0032770633697509766,1.7987792491912842,68,21,0,0,0,81,180389,50,61,549,0,1536,22280
oliveira/04_12/randm09.02.02.03.020_0030.05.aba.beta,True,21,8,0.358630895614624,0.8990519046783447,0.0026984214782714844,1.2603812217712402,63,21,0,0,0,79,121829,46,59,478,0,1245,17729
oliveira/04_12/randm09.02.02.04.020_0030.01.aba.beta,True,15,7,0.13141322135925293,0.33348584175109863,0.002415180206298828,0.4673142433166504,38,15,0,0,0,33,42340,32,19,328,0,1150,16893
oliveira/04_12/randm09.02.02.04.020_0030.02.aba.beta,True,14,7,0.06122565269470215,0.17329716682434082,0.0019922256469726562,0.23651504516601562,35,14,0,0,0,25,13316,33,12,260,0,944,13803
oliveira/04_12/randm09.02.02.04.020_0030.03.aba.beta,True,18,7,0.12508392333984375,0.3200950622558594,0.002070188522338867,0.447249174118042,41,18,0,0,0,36,30103,36,19,287,0,979,14022
oliveira/04_12/randm09.02.02.04.020_0030.04.aba.beta,True,14,7,0.05352377891540527,0.15614843368530273,0.0018274784088134766,0.21149969100952148,33,14,0,0,0,21,10484,32,8,208,0,865,12461
oliveira/04_12/randm09.02.02.04.020_0030.05.aba.beta,True,20,7,0.14385104179382324,0.3290102481842041,0.002719879150390625,0.47558116912841797,41,20,0,0,0,35,36562,35,16,390,0,1300,18854
oliveira/04_12/randm09.02.02.05.020_0030.01.aba.beta,True,21,8,0.14142751693725586,0.4692509174346924,0.0021507740020751953,0.6128292083740234,45,21,0,0,0,31,40547,39,11,360,0,1049,14614
oliveira/04_12/randm09.02.02.05.020_0030.02.aba.beta,True,14,8,0.24872493743896484,0.5747690200805664,0.0015408992767333984,0.8250348567962646,58,14,0,0,0,56,81622,37,43,353,0,690,9546
oliveira/04_12/randm09.02.02.05.020_0030.03.aba.beta,True,28,8,0.6947798728942871,1.3764455318450928,0.0031752586364746094,2.0744006633758545,80,28,0,0,0,100,261004,56,73,614,0,1524,21355
oliveira/04_12/randm09.02.02.05.020_0030.04.aba.beta,True,23,8,0.42077088356018066,0.8811955451965332,0.0030317306518554688,1.3049981594085693,66,23,0,0,0,62,154435,49,40,491,0,1414,20446
oliveira/04_12/randm09.02.02.05.020_0030.05.aba.beta,True,15,8,0.1435706615447998,0.4975283145904541,0.001767873764038086,0.642866849899292,43,15,0,0,0,35,43328,34,21,302,0,823,11647
oliveira/04_12/randm09.02.02.06.020_0030.01.aba.beta,True,29,9,1.2745845317840576,3.3476028442382812,0.003294229507446289,4.625481605529785,92,29,0,0,0,133,478536,61,105,822,0,1522,21419
oliveira/04_12/randm09.02.02.06.020_0030.02.aba.beta,True,27,9,2.759498119354248,4.598823070526123,0.0023882389068603516,7.3607094287872314,96,27,0,0,0,187,960576,51,161,754,0,1175,15948
oliveira/04_12/randm09.02.02.06.020_0030.03.aba.beta,True,31,9,0.5334625244140625,1.0699796676635742,0.0026297569274902344,1.606071949005127,76,31,0,0,0,71,178343,61,41,718,0,1310,17893
oliveira/04_12/randm09.02.02.06.020_0030.04.aba.beta,True,20,9,2.4804835319519043,3.656463861465454,0.0028040409088134766,6.139751434326172,94,20,0,0,0,249,897707,61,230,588,0,1333,19038
oliveira/04_12/randm09.02.02.06.020_0030.05.aba.beta,True,17,9,0.40718770027160645,0.8078083992004395,0.0022187232971191406,1.217214822769165,59,17,0,0,0,67,146402,44,51,399,0,1043,15004
oliveira/04_12/randm09.02.02.07.020_0030.01.aba.beta,True,1,1,0.0011296272277832031,0.0021948814392089844,0.0013394355773925781,0.004663944244384766,3,1,0,0,0,1,9,3,1,2,0,511,8445
oliveira/04_12/randm09.02.02.07.020_0030.02.aba.beta,True,1,1,0.0008018016815185547,0.001931905746459961,0.0011544227600097656,0.0038881301879882812,3,1,0,0,0,1,9,3,1,2,0,530,8553
oliveira/04_12/randm09.02.02.07.020_0030.03.aba.beta,True,1,1,0.0009472370147705078,0.0022149085998535156,0.0012917518615722656,0.004453897476196289,3,1,0,0,0,1,9,3,1,2,0,533,8573
oliveira/04_12/randm09.02.02.07.020_0030.04.aba.beta,True,1,1,0.0033538341522216797,0.0018389225006103516,0.0012030601501464844,0.006395816802978516,3,1,0,0,0,1,9,3,1,2,0,527,8550
oliveira/04_12/randm09.02.02.07.020_0030.05.aba.beta,True,1,1,0.0008332729339599609,0.002043008804321289,0.0013451576232910156,0.004221439361572266,3,1,0,0,0,1,9,3,1,2,0,536,8586
oliveira/04_12/randm09.02.02.08.020_0030.01.aba.beta,True,11,6,0.03777050971984863,0.09088516235351562,0.0015959739685058594,0.13025164604187012,25,11,0,0,0,17,6085,20,7,108,0,731,10936
oliveira/04_12/randm09.02.02.08.020_0030.02.aba.beta,True,12,6,0.05565071105957031,0.14823436737060547,0.0016584396362304688,0.20554351806640625,30,12,0,0,0,23,9382,27,12,187,0,755,10915
oliveira/04_12/randm09.02.02.08.020_0030.03.aba.beta,True,8,6,0.03754472732543945,0.08473491668701172,0.0013086795806884766,0.12358832359313965,24,8,0,0,0,16,4699,23,9,122,0,616,9193
oliveira/04_12/randm09.02.02.08.020_0030.04.aba.beta,True,13,6,0.03663802146911621,0.0935525894165039,0.00788116455078125,0.13807177543640137,27,13,0,0,0,14,5536,27,2,105,0,3675,58175
oliveira/04_12/randm09.02.02.08.020_0030.05.aba.beta,True,11,6,0.03182816505432129,0.07014346122741699,0.0054819583892822266,0.10745358467102051,25,11,0,0,0,12,4768,24,2,96,0,2473,39123
oliveira/04_12/randm09.02.02.09.020_0030.01.aba.beta,True,27,9,0.7434136867523193,1.4184069633483887,0.00531315803527832,2.1671338081359863,60,27,0,0,0,104,281057,49,78,536,0,2359,36187
oliveira/04_12/randm09.02.02.09.020_0030.02.aba.beta,True,15,9,0.4367060661315918,0.9633347988128662,0.002635478973388672,1.4026763439178467,67,15,0,0,0,78,153044,48,64,478,0,1168,17207
oliveira/04_12/randm09.02.02.09.020_0030.03.aba.beta,True,17,9,0.6552097797393799,1.377342939376831,0.0017397403717041016,2.034292459487915,64,17,0,0,0,119,225170,46,103,416,0,877,12290
oliveira/04_12/randm09.02.02.09.020_0030.04.aba.beta,True,17,9,0.3114340305328369,0.8157360553741455,0.0029044151306152344,1.1300745010375977,53,17,0,0,0,72,107076,47,56,383,0,1347,19820
oliveira/04_12/randm09.02.02.09.020_0030.05.aba.beta,True,18,9,0.6324665546417236,1.3496160507202148,0.002294778823852539,1.984377384185791,69,18,0,0,0,105,236647,52,88,437,0,1096,15623
oliveira/04_12/randm09.02.02.10.020_0030.01.aba.beta,True,9,6,0.04863572120666504,0.13676977157592773,0.0016438961029052734,0.18704938888549805,30,9,0,0,0,22,9736,25,14,166,0,832,12576
oliveira/04_12/randm09.02.02.10.020_0030.02.aba.beta,True,11,6,0.04553937911987305,0.15691328048706055,0.0015397071838378906,0.20399236679077148,32,11,0,0,0,24,10554,28,14,245,0,730,10768
oliveira/04_12/randm09.02.02.10.020_0030.03.aba.beta,True,10,6,0.046033620834350586,0.12874579429626465,0.0015997886657714844,0.17637920379638672,29,10,0,0,0,17,10830,26,8,178,0,748,10887
oliveira/04_12/randm09.02.02.10.020_0030.04.aba.beta,True,10,6,0.04055070877075195,0.08298683166503906,0.0013909339904785156,0.12492847442626953,23,10,0,0,0,13,5776,21,4,151,0,658,9523
oliveira/04_12/randm09.02.02.10.020_0030.05.aba.beta,True,8,6,0.03676939010620117,0.13238787651062012,0.0013554096221923828,0.17051267623901367,29,8,0,0,0,21,7345,26,14,142,0,620,9075
oliveira/04_12/randm09.02.02.11.020_0030.01.aba.beta,True,18,8,0.24300527572631836,0.5972690582275391,0.0025904178619384766,0.8428647518157959,55,18,0,0,0,54,79428,49,37,417,0,1230,17948
oliveira/04_12/randm09.02.02.11.020_0030.02.aba.beta,True,16,8,0.12458205223083496,0.34916186332702637,0.0018918514251708984,0.4756357669830322,45,16,0,0,0,40,38016,39,25,348,0,890,12826
oliveira/04_12/randm09.02.02.11.020_0030.03.aba.beta,True,15,8,0.21772289276123047,0.6164755821228027,0.002141237258911133,0.8363397121429443,56,15,0,0,0,63,70083,51,49,368,0,916,13243
oliveira/04_12/randm09.02.02.11.020_0030.04.aba.beta,True,13,8,0.1653728485107422,0.44811224937438965,0.0015666484832763672,0.6150517463684082,43,13,0,0,0,51,49999,35,39,259,0,750,10699
oliveira/04_12/randm09.02.02.11.020_0030.05.aba.beta,True,15,8,0.14178204536437988,0.41790223121643066,0.002000093460083008,0.5616843700408936,47,15,0,0,0,44,42249,41,30,320,0,905,13221
oliveira/04_12/randm09.02.02.12.020_0030.01.aba.beta,True,16,8,0.12173032760620117,0.3046388626098633,0.0018169879913330078,0.42818617820739746,45,16,0,0,0,36,31244,40,21,279,0,874,12438
oliveira/04_12/randm09.02.02.12.020_0030.02.aba.beta,True,24,8,0.14140772819519043,0.33644533157348633,0.002715587615966797,0.48056864738464355,45,24,0,0,0,37,40561,41,14,325,0,1332,18982
oliveira/04_12/randm09.02.02.12.020_0030.03.aba.beta,True,25,8,0.217940092086792,0.5017044544219971,0.002603769302368164,0.7222483158111572,52,25,0,0,0,47,70584,46,23,455,0,1207,16520
oliveira/04_12/randm09.02.02.12.020_0030.04.aba.beta,True,21,8,0.09702658653259277,0.24367260932922363,0.0021009445190429688,0.3428001403808594,46,21,0,0,0,32,19866,42,12,318,0,1025,14352
oliveira/04_12/randm09.02.02.12.020_0030.05.aba.beta,True,22,8,0.15839266777038574,0.33536195755004883,0.0023059844970703125,0.4960606098175049,46,22,0,0,0,34,45825,39,13,413,0,1134,15715
oliveira/04_12/randm09.02.02.13.020_0030.01.aba.beta,True,20,8,0.19507455825805664,0.40621089935302734,0.003535747528076172,0.6048212051391602,48,20,0,0,0,39,63495,39,20,369,0,1596,23784
oliveira/04_12/randm09.02.02.13.020_0030.02.aba.beta,True,22,8,0.34300827980041504,0.8184623718261719,0.004343986511230469,1.1658146381378174,65,22,0,0,0,67,112584,52,46,604,0,1910,28461
oliveira/04_12/randm09.02.02.13.020_0030.03.aba.beta,True,26,8,4.78724217414856,8.691795825958252,0.003900766372680664,13.482938766479492,167,26,0,0,0,395,1737036,83,370,1189,0,1806,26274
oliveira/04_12/randm09.02.02.13.020_0030.04.aba.beta,True,22,8,0.3842039108276367,0.9805276393890381,0.0028045177459716797,1.3675360679626465,67,22,0,0,0,86,122775,53,65,575,0,1236,17680
oliveira/04_12/randm09.02.02.13.020_0030.05.aba.beta,True,23,8,0.756537675857544,1.5729823112487793,0.0034799575805664062,2.3329999446868896,82,23,0,0,0,134,270901,56,112,555,0,1606,23226
oliveira/04_12/randm09.02.02.14.020_0030.01.aba.beta,True,9,6,0.034288644790649414,0.07506346702575684,0.0016129016876220703,0.11096501350402832,26,9,0,0,0,12,7133,24,4,144,0,771,11428
oliveira/04_12/randm09.02.02.14.020_0030.02.aba.beta,True,6,6,0.056000471115112305,0.1971728801727295,0.0015506744384765625,0.25472402572631836,26,6,0,0,0,28,14423,23,23,167,0,732,11105
oliveira/04_12/randm09.02.02.14.020_0030.03.aba.beta,True,8,6,0.0724174976348877,0.2804274559020996,0.0014755725860595703,0.3543205261230469,36,8,0,0,0,41,20864,30,34,185,0,686,10246
oliveira/04_12/randm09.02.02.14.020_0030.04.aba.beta,True,6,6,0.0199887752532959,0.0639805793762207,0.0014085769653320312,0.08537793159484863,26,6,0,0,0,11,3266,25,6,120,0,643,9766
oliveira/04_12/randm09.02.02.14.020_0030.05.aba.beta,True,15,6,0.13601422309875488,0.26893186569213867,0.0025544166564941406,0.4075005054473877,43,15,0,0,0,27,39147,33,13,346,0,1163,17043
oliveira/04_12/randm09.02.02.15.020_0030.01.aba.beta,True,14,8,0.10201692581176758,0.2523930072784424,0.0019164085388183594,0.3563263416290283,40,14,0,0,0,31,29603,35,18,220,0,946,13740
oliveira/04_12/randm09.02.02.15.020_0030.02.aba.beta,True,13,8,0.10023689270019531,0.23320269584655762,0.0026781558990478516,0.3361177444458008,40,13,0,0,0,26,27744,34,14,271,0,1178,17485
oliveira/04_12/randm09.02.02.15.020_0030.03.aba.beta,True,23,8,0.24076223373413086,0.605900764465332,0.002492189407348633,0.8491551876068115,52,23,0,0,0,54,73518,40,32,392,0,1181,16742
oliveira/04_12/randm09.02.02.15.020_0030.04.aba.beta,True,22,8,0.14028716087341309,0.27674341201782227,0.002208709716796875,0.4192392826080322,48,22,0,0,0,31,34723,41,10,392,0,1087,15263
oliveira/04_12/randm09.02.02.15.020_0030.05.aba.beta,True,17,8,0.26302146911621094,0.5952868461608887,0.002530336380004883,0.8608386516571045,53,17,0,0,0,60,88003,41,44,319,0,1159,17662
oliveira/04_12/randm09.02.02.16.020_0030.01.aba.beta,True,12,6,0.11563658714294434,0.390636682510376,0.0024344921112060547,0.5087077617645264,48,12,0,0,0,42,34350,40,31,304,0,942,14104
oliveira/04_12/randm09.02.02.16.020_0030.02.aba.beta,True,15,6,0.1433086395263672,0.46842265129089355,0.0028433799743652344,0.614574670791626,50,15,0,0,0,45,43922,44,31,329,0,1319,19646
oliveira/04_12/randm09.02.02.16.020_0030.03.aba.beta,True,16,6,0.1600496768951416,0.467710018157959,0.0030269622802734375,0.630786657333374,49,16,0,0,0,44,50461,41,29,354,0,1381,20940
oliveira/04_12/randm09.02.02.16.020_0030.04.aba.beta,True,9,6,0.041707754135131836,0.14869952201843262,0.0017628669738769531,0.1921701431274414,34,9,0,0,0,24,9045,28,16,189,0,800,11947
oliveira/04_12/randm09.02.02.16.020_0030.05.aba.beta,True,9,6,0.08079814910888672,0.25932741165161133,0.0015196800231933594,0.3416452407836914,40,9,0,0,0,34,24503,33,26,233,0,687,10208
oliveira/04_12/randm09.02.02.17.020_0030.01.aba.beta,True,22,9,0.8879938125610352,1.7098383903503418,0.006474971771240234,2.604307174682617,75,22,0,0,0,122,328446,55,101,551,0,2693,41965
oliveira/04_12/randm09.02.02.17.020_0030.02.aba.beta,True,28,9,0.6518442630767822,1.3183097839355469,0.00446009635925293,1.974614143371582,75,28,0,0,0,92,234301,61,65,644,0,1977,29120
oliveira/04_12/randm09.02.02.17.020_0030.03.aba.beta,True,21,9,0.6512067317962646,1.4662292003631592,0.0022611618041992188,2.119697093963623,78,21,0,0,0,111,234363,60,91,560,0,1078,15251
oliveira/04_12/randm09.02.02.17.020_0030.04.aba.beta,True,23,9,0.579944372177124,1.513667345046997,0.0021839141845703125,2.0957956314086914,70,23,0,0,0,88,198989,54,66,485,0,1061,14569
oliveira/04_12/randm09.02.02.17.020_0030.05.aba.beta,True,32,9,0.5476047992706299,1.1589939594268799,0.005638837814331055,1.7122375965118408,72,32,0,0,0,86,184514,64,55,614,0,2601,38674
oliveira/04_12/randm09.02.02.18.020_0030.01.aba.beta,True,18,7,0.2986133098602295,0.7809736728668213,0.0022144317626953125,1.081801414489746,59,18,0,0,0,68,102378,45,51,453,0,1063,15282
oliveira/04_12/randm09.02.02.18.020_0030.02.aba.beta,True,18,7,0.7173361778259277,1.466381311416626,0.002287626266479492,2.186005115509033,81,18,0,0,0,127,263970,50,110,555,0,1024,14926
oliveira/04_12/randm09.02.02.18.020_0030.03.aba.beta,True,15,7,0.2869894504547119,0.6193373203277588,0.0028367042541503906,0.9091634750366211,51,15,0,0,0,55,105543,42,41,426,0,1310,19687
oliveira/04_12/randm09.02.02.18.020_0030.04.aba.beta,True,15,7,0.2479407787322998,0.6177041530609131,0.002361774444580078,0.868006706237793,54,15,0,0,0,56,88457,38,42,372,0,1137,16587
oliveira/04_12/randm09.02.02.18.020_0030.05.aba.beta,True,13,7,0.1627342700958252,0.4809556007385254,0.0023462772369384766,0.6460361480712891,58,13,0,0,0,50,50975,44,38,426,0,1074,16204
oliveira/04_12/randm09.02.02.19.020_0030.01.aba.beta,True,23,8,1.8294808864593506,3.6119301319122314,0.003822803497314453,5.4452338218688965,124,23,0,0,0,269,677022,69,247,887,0,1726,25688
oliveira/04_12/randm09.02.02.19.020_0030.02.aba.beta,True,14,8,4.74664044380188,6.492833375930786,0.004373788833618164,11.243847608566284,117,14,0,0,0,364,1715793,64,351,749,0,1967,30356
oliveira/04_12/randm09.02.02.19.020_0030.03.aba.beta,True,23,8,0.9368948936462402,2.236497163772583,0.0029022693634033203,3.1762943267822266,79,23,0,0,0,164,352732,59,142,597,0,1373,19577
oliveira/04_12/randm09.02.02.19.020_0030.04.aba.beta,True,14,8,1.1621248722076416,2.7804505825042725,0.002016782760620117,3.944592237472534,85,14,0,0,0,215,417548,54,202,574,0,937,13676
oliveira/04_12/randm09.02.02.19.020_0030.05.aba.beta,True,30,8,0.6607992649078369,1.334214448928833,0.006364345550537109,2.001378059387207,66,30,0,0,0,85,237597,52,56,695,0,2868,43181
oliveira/04_12/randm10.02.02.01.020_0030.01.aba.beta,True,15,6,0.05532050132751465,0.11807394027709961,0.00452423095703125,0.1779186725616455,29,15,0,0,0,20,6235,28,6,125,0,1751,26599
oliveira/04_12/randm10.02.02.01.020_0030.02.aba.beta,True,13,6,0.06348609924316406,0.15767621994018555,0.0018396377563476562,0.22300195693969727,36,13,0,0,0,23,15827,25,11,212,0,873,12844
oliveira/04_12/randm10.02.02.01.020_0030.03.aba.beta,True,7,6,0.024695396423339844,0.06424760818481445,0.0012748241424560547,0.09021782875061035,23,7,0,0,0,12,4660,20,6,105,0,597,8937
oliveira/04_12/randm10.02.02.01.020_0030.04.aba.beta,True,7,6,0.030070066452026367,0.10846972465515137,0.0013756752014160156,0.13991546630859375,27,7,0,0,0,15,7055,24,9,144,0,616,9218
oliveira/04_12/randm10.02.02.01.020_0030.05.aba.beta,True,19,6,0.05981874465942383,0.1274104118347168,0.006521701812744141,0.19375085830688477,30,19,0,0,0,21,10008,27,3,146,0,2975,46447
oliveira/04_12/randm10.02.02.02.020_0030.01.aba.beta,True,21,9,0.32581496238708496,0.801682710647583,0.002504110336303711,1.1300017833709717,66,21,0,0,0,78,110009,55,58,448,0,1180,16572
oliveira/04_12/randm10.02.02.02.020_0030.02.aba.beta,True,30,9,1.1149468421936035,2.247828722000122,0.003739595413208008,3.3665151596069336,83,30,0,0,0,128,451840,60,99,699,0,1768,25337
oliveira/04_12/randm10.02.02.02.020_0030.03.aba.beta,True,27,9,0.8357937335968018,1.8623793125152588,0.004417896270751953,2.7025909423828125,81,27,0,0,0,99,298417,54,73,672,0,1891,28125
oliveira/04_12/randm10.02.02.02.020_0030.04.aba.beta,True,28,9,0.8558487892150879,1.631831169128418,0.003103494644165039,2.490783452987671,80,28,0,0,0,115,305840,61,88,678,0,1390,20036
oliveira/04_12/randm10.02.02.02.020_0030.05.aba.beta,True,25,9,2.225783348083496,3.561347007751465,0.0027458667755126953,5.789876222610474,115,25,0,0,0,219,853629,62,195,900,0,1293,17809
oliveira/04_12/randm10.02.02.03.020_0030.01.aba.beta,True,17,8,0.1745619773864746,0.405714750289917,0.0027015209197998047,0.5829782485961914,51,17,0,0,0,46,48467,45,30,332,0,1273,18702
oliveira/04_12/randm10.02.02.03.020_0030.02.aba.beta,True,16,8,0.12519383430480957,0.3744173049926758,0.002908468246459961,0.5025196075439453,46,16,0,0,0,45,33162,44,30,315,0,1345,19578
oliveira/04_12/randm10.02.02.03.020_0030.03.aba.beta,True,17,8,0.2519559860229492,0.6260268688201904,0.0029981136322021484,0.8809809684753418,58,17,0,0,0,60,85451,44,44,462,0,1321,19863
oliveira/04_12/randm10.02.02.03.020_0030.04.aba.beta,True,20,8,0.3532240390777588,0.8112339973449707,0.003136873245239258,1.1675949096679688,60,20,0,0,0,72,120269,50,53,425,0,1349,19584
oliveira/04_12/randm10.02.02.03.020_0030.05.aba.beta,True,21,8,0.22085976600646973,0.4137382507324219,0.0025856494903564453,0.637183666229248,50,21,0,0,0,44,61613,40,24,367,0,1195,17036
oliveira/04_12/randm10.02.02.04.020_0030.01.aba.beta,True,8,5,0.02746129035949707,0.09578275680541992,0.0012829303741455078,0.1245269775390625,26,8,0,0,0,17,4902,25,10,153,0,648,9483
oliveira/04_12/randm10.02.02.04.020_0030.02.aba.beta,True,6,5,0.020476341247558594,0.09250807762145996,0.0012848377227783203,0.11426925659179688,24,6,0,0,0,15,3626,23,10,100,0,595,8914
oliveira/04_12/randm10.02.02.04.020_0030.03.aba.beta,True,9,5,0.030488014221191406,0.08836865425109863,0.0013947486877441406,0.12025141716003418,26,9,0,0,0,17,5631,22,9,163,0,651,9986
oliveira/04_12/randm10.02.02.04.020_0030.04.aba.beta,True,10,5,0.023375272750854492,0.05501985549926758,0.0016651153564453125,0.08006024360656738,19,10,0,0,0,10,2983,18,1,111,0,762,11298
oliveira/04_12/randm10.02.02.04.020_0030.05.aba.beta,True,7,5,0.033928632736206055,0.08945846557617188,0.00133514404296875,0.12472224235534668,24,7,0,0,0,18,3337,24,12,107,0,608,9039
oliveira/04_12/randm10.02.02.05.020_0030.01.aba.beta,True,22,8,0.25096917152404785,0.6905381679534912,0.003518342971801758,0.9450256824493408,69,22,0,0,0,62,78673,55,41,439,0,1609,24273
oliveira/04_12/randm10.02.02.05.020_0030.02.aba.beta,True,14,7,0.2054438591003418,0.5100646018981934,0.002521514892578125,0.7180299758911133,56,14,0,0,0,48,58925,44,35,327,0,1201,17865
oliveira/04_12/randm10.02.02.05.020_0030.03.aba.beta,True,19,8,0.2582254409790039,0.7037532329559326,0.004450559616088867,0.9664292335510254,65,19,0,0,0,62,81025,55,44,486,0,1984,30251
oliveira/04_12/randm10.02.02.05.020_0030.04.aba.beta,True,20,8,0.22121500968933105,0.6449244022369385,0.0059468746185302734,0.8720862865447998,60,20,0,0,0,60,71743,54,41,417,0,2770,42291
oliveira/04_12/randm10.02.02.05.020_0030.05.aba.beta,True,28,8,2.2432544231414795,3.84712815284729,0.00818181037902832,6.098564386367798,107,28,0,0,0,168,827927,67,141,883,0,3594,55038
oliveira/04_12/randm10.02.02.06.020_0030.01.aba.beta,True,27,9,0.274491548538208,0.5283238887786865,0.002719402313232422,0.805534839630127,58,27,0,0,0,45,82276,51,19,537,0,1250,17269
oliveira/04_12/randm10.02.02.06.020_0030.02.aba.beta,True,28,9,1.1654367446899414,2.1773841381073,0.002791881561279297,3.3456127643585205,84,28,0,0,0,125,461913,58,98,658,0,1363,19036
oliveira/04_12/randm10.02.02.06.020_0030.03.aba.beta,True,23,9,1.0067970752716064,2.3139169216156006,0.0028362274169921875,3.323550224304199,73,23,0,0,0,105,359393,50,83,621,0,1322,18691
oliveira/04_12/randm10.02.02.06.020_0030.04.aba.beta,True,22,9,2.922752618789673,4.454639911651611,0.002483844757080078,7.379876375198364,121,22,0,0,0,241,1054962,61,220,931,0,1155,16521
oliveira/04_12/randm10.02.02.06.020_0030.05.aba.beta,True,24,9,3.154364824295044,4.480101823806763,0.002866506576538086,7.637333154678345,126,24,0,0,0,216,1211617,64,193,1029,0,1312,18973
oliveira/04_12/randm10.02.02.07.020_0030.01.aba.beta,True,32,9,0.6966304779052734,1.4171767234802246,0.005560636520385742,2.119367837905884,86,32,0,0,0,101,256440,71,70,726,0,2571,38356
oliveira/04_12/randm10.02.02.07.020_0030.02.aba.beta,True,23,9,5.493035316467285,7.8993330001831055,0.002998828887939453,13.39536714553833,123,23,0,0,0,422,2045985,64,400,827,0,1340,19470
oliveira/04_12/randm10.02.02.07.020_0030.03.aba.beta,True,22,9,0.6799054145812988,1.413219690322876,0.0031414031982421875,2.096266508102417,74,22,0,0,0,103,243180,58,82,548,0,1432,20706
oliveira/04_12/randm10.02.02.07.020_0030.04.aba.beta,True,28,9,0.9582159519195557,1.8724713325500488,0.003938913345336914,2.8346261978149414,79,28,0,0,0,123,348882,66,96,671,0,1778,25259
oliveira/04_12/randm10.02.02.07.020_0030.05.aba.beta,True,29,9,0.6781713962554932,1.2814662456512451,0.003803730010986328,1.9634413719177246,79,29,0,0,0,96,256886,60,68,660,0,1720,24518
oliveira/04_12/randm10.02.02.08.020_0030.01.aba.beta,True,28,9,0.3866698741912842,0.8249740600585938,0.002979278564453125,1.214623212814331,63,28,0,0,0,68,132293,53,41,550,0,1349,19330
oliveira/04_12/randm10.02.02.08.020_0030.02.aba.beta,True,20,9,0.36713504791259766,0.8698971271514893,0.0025856494903564453,1.2396178245544434,53,20,0,0,0,77,130133,41,58,389,0,1233,17741
oliveira/04_12/randm10.02.02.08.020_0030.03.aba.beta,True,19,9,0.4406900405883789,1.04551100730896,0.0016627311706542969,1.4878637790679932,59,19,0,0,0,87,150300,44,69,417,0,812,10923
oliveira/04_12/randm10.02.02.08.020_0030.04.aba.beta,True,12,9,0.3219258785247803,0.8902881145477295,0.0022735595703125,1.2144875526428223,52,12,0,0,0,86,109731,42,75,297,0,737,10611
oliveira/04_12/randm10.02.02.08.020_0030.05.aba.beta,True,22,9,0.5484824180603027,1.2078237533569336,0.002214193344116211,1.7585203647613525,68,22,0,0,0,92,192668,54,71,475,0,1048,14580
oliveira/04_12/randm10.02.02.09.020_0030.01.aba.beta,True,16,7,0.18022966384887695,0.4562830924987793,0.0020465850830078125,0.6385593414306641,55,16,0,0,0,47,59566,44,32,321,0,945,13874
oliveira/04_12/randm10.02.02.09.020_0030.02.aba.beta,True,12,7,0.19823837280273438,0.5368838310241699,0.0016531944274902344,0.7367753982543945,53,12,0,0,0,54,62261,42,43,342,0,756,11058
oliveira/04_12/randm10.02.02.09.020_0030.03.aba.beta,True,16,7,0.09704136848449707,0.2580103874206543,0.001802206039428711,0.3568539619445801,41,16,0,0,0,33,26083,37,18,284,0,881,12713
oliveira/04_12/randm10.02.02.09.020_0030.04.aba.beta,True,19,7,0.12816429138183594,0.25913500785827637,0.0019783973693847656,0.38927769660949707,40,19,0,0,0,30,30516,33,12,327,0,912,12890
oliveira/04_12/randm10.02.02.09.020_0030.05.aba.beta,True,17,7,0.3190186023712158,0.7551469802856445,0.0020322799682617188,1.076197862625122,53,17,0,0,0,68,99024,44,52,382,0,964,13852
oliveira/04_12/randm10.02.02.10.020_0030.01.aba.beta,True,15,7,0.1434328556060791,0.3470470905303955,0.0019044876098632812,0.4923844337463379,41,15,0,0,0,36,39560,35,22,309,0,844,12261
oliveira/04_12/randm10.02.02.10.020_0030.02.aba.beta,True,20,7,0.16770386695861816,0.37729954719543457,0.002527475357055664,0.5475308895111084,44,20,0,0,0,38,50472,35,19,329,0,1224,17453
oliveira/04_12/randm10.02.02.10.020_0030.03.aba.beta,True,14,7,0.06443476676940918,0.19470810890197754,0.0018353462219238281,0.26097822189331055,33,14,0,0,0,24,16330,33,11,277,0,820,11753
oliveira/04_12/randm10.02.02.10.020_0030.04.aba.beta,True,17,7,0.09197211265563965,0.25966358184814453,0.0018062591552734375,0.3534419536590576,39,17,0,0,0,34,25266,34,18,274,0,879,12434
oliveira/04_12/randm10.02.02.10.020_0030.05.aba.beta,True,11,7,0.11535429954528809,0.35225367546081543,0.0018134117126464844,0.46942138671875,38,11,0,0,0,39,35078,32,29,238,0,790,11653
oliveira/04_12/randm10.02.02.11.020_0030.01.aba.beta,True,18,7,0.10367107391357422,0.29422473907470703,0.0018475055694580078,0.39974331855773926,43,18,0,0,0,36,25084,38,19,284,0,906,12539
oliveira/04_12/randm10.02.02.11.020_0030.02.aba.beta,True,18,7,0.07703185081481934,0.18267011642456055,0.0016713142395019531,0.26137328147888184,34,18,0,0,0,25,17913,31,8,275,0,855,11829
oliveira/04_12/randm10.02.02.11.020_0030.03.aba.beta,True,21,7,0.1229546070098877,0.28928661346435547,0.0024404525756835938,0.41468167304992676,43,21,0,0,0,34,33834,33,14,332,0,1142,16355
oliveira/04_12/randm10.02.02.11.020_0030.04.aba.beta,True,16,7,0.08089423179626465,0.20946335792541504,0.001634359359741211,0.2919919490814209,40,16,0,0,0,24,20289,34,9,294,0,866,12045
oliveira/04_12/randm10.02.02.11.020_0030.05.aba.beta,True,17,7,0.08954095840454102,0.21793723106384277,0.0029599666595458984,0.3104381561279297,40,17,0,0,0,25,22290,37,9,273,0,1341,19766
oliveira/04_12/randm10.02.02.12.020_0030.01.aba.beta,True,18,8,0.2537660598754883,0.7044074535369873,0.0023436546325683594,0.960517168045044,65,18,0,0,0,77,77361,52,60,438,0,1080,15442
oliveira/04_12/randm10.02.02.12.020_0030.02.aba.beta,True,20,8,0.661149263381958,1.3867075443267822,0.003044605255126953,2.050901412963867,86,20,0,0,0,119,246801,52,100,554,0,1375,20668
oliveira/04_12/randm10.02.02.12.020_0030.03.aba.beta,True,21,8,0.1257176399230957,0.2526695728302002,0.0020263195037841797,0.3804135322570801,43,21,0,0,0,33,31813,35,13,351,0,987,14043
oliveira/04_12/randm10.02.02.12.020_0030.04.aba.beta,True,17,8,0.2532341480255127,0.6511480808258057,0.0015854835510253906,0.9059677124023438,60,17,0,0,0,67,82109,40,51,397,0,769,10642
oliveira/04_12/randm10.02.02.12.020_0030.05.aba.beta,True,24,8,0.5467362403869629,1.0935006141662598,0.0033621788024902344,1.643599033355713,65,24,0,0,0,88,193609,51,65,554,0,1583,22805
oliveira/04_12/randm10.02.02.13.020_0030.01.aba.beta,True,15,6,0.08094549179077148,0.2564735412597656,0.0014753341674804688,0.3388943672180176,41,15,0,0,0,36,19307,34,22,286,0,746,10395
oliveira/04_12/randm10.02.02.13.020_0030.02.aba.beta,True,9,6,0.06583237648010254,0.20628881454467773,0.0021893978118896484,0.2743105888366699,39,9,0,0,0,27,14777,37,19,234,0,981,15189
oliveira/04_12/randm10.02.02.13.020_0030.03.aba.beta,True,8,6,0.06459999084472656,0.23752832412719727,0.0016448497772216797,0.3037731647491455,38,8,0,0,0,29,17705,33,22,216,0,762,11434
oliveira/04_12/randm10.02.02.13.020_0030.04.aba.beta,True,16,6,0.11128377914428711,0.260744571685791,0.002737760543823242,0.37476611137390137,36,16,0,0,0,30,30708,31,15,305,0,1265,19039
oliveira/04_12/randm10.02.02.13.020_0030.05.aba.beta,True,18,6,0.12447404861450195,0.30963993072509766,0.003216981887817383,0.437330961227417,39,18,0,0,0,32,34206,35,15,319,0,1491,21930
oliveira/04_12/randm10.02.02.14.020_0030.01.aba.beta,True,20,9,9.530471563339233,11.448395013809204,0.002676725387573242,20.98154330253601,206,20,0,0,0,587,3701599,86,568,1475,0,1249,17718
oliveira/04_12/randm10.02.02.14.020_0030.02.aba.beta,True,20,9,0.7070143222808838,2.415001630783081,0.002080202102661133,3.124096155166626,73,20,0,0,0,96,254549,44,77,580,0,947,13431
oliveira/04_12/randm10.02.02.14.020_0030.03.aba.beta,True,29,9,4.7987987995147705,7.195633411407471,0.005523681640625,11.999955892562866,130,29,0,0,0,341,1847006,76,313,992,0,2399,35968
oliveira/04_12/randm10.02.02.14.020_0030.04.aba.beta,True,25,9,48.66602373123169,38.517330169677734,0.0041425228118896484,87.18749642372131,252,25,0,0,0,1374,16204731,88,1350,1903,0,1817,26896
oliveira/04_12/randm10.02.02.14.020_0030.05.aba.beta,True,22,9,2.1004157066345215,4.120330333709717,0.002846956253051758,6.22359299659729,121,22,0,0,0,245,809234,68,224,914,0,1300,18907
oliveira/04_12/randm10.02.02.15.020_0030.01.aba.beta,True,20,8,0.28815412521362305,0.7648885250091553,0.0022072792053222656,1.0552499294281006,60,20,0,0,0,83,93206,46,64,410,0,1053,15081
oliveira/04_12/randm10.02.02.15.020_0030.02.aba.beta,True,20,8,0.24454784393310547,0.6141266822814941,0.0017948150634765625,0.8604693412780762,56,20,0,0,0,54,72529,43,35,384,0,843,11511
oliveira/04_12/randm10.02.02.15.020_0030.03.aba.beta,True,23,8,0.46747684478759766,0.9723803997039795,0.003381967544555664,1.4432392120361328,65,23,0,0,0,86,158515,49,64,487,0,1582,22904
oliveira/04_12/randm10.02.02.15.020_0030.04.aba.beta,True,22,8,0.44370245933532715,1.0652527809143066,0.0024261474609375,1.5113813877105713,66,22,0,0,0,94,147173,50,73,566,0,1097,15205
oliveira/04_12/randm10.02.02.15.020_0030.05.aba.beta,True,23,8,0.4933769702911377,1.0368149280548096,0.00222015380859375,1.532412052154541,63,23,0,0,0,87,173481,42,65,452,0,1050,14201
oliveira/04_12/randm10.02.02.16.020_0030.01.aba.beta,True,14,8,2.6654155254364014,4.723287582397461,0.0021009445190429688,7.390804052352905,120,14,0,0,0,332,1015841,68,319,736,0,1003,14604
oliveira/04_12/randm10.02.02.16.020_0030.02.aba.beta,True,24,8,0.4335918426513672,0.9322338104248047,0.003549814224243164,1.369375467300415,68,24,0,0,0,65,159781,50,42,574,0,1607,23149
oliveira/04_12/randm10.02.02.16.020_0030.03.aba.beta,True,22,8,0.3281738758087158,0.6926827430725098,0.0023279190063476562,1.0231845378875732,57,22,0,0,0,53,111267,46,32,472,0,1133,15677
oliveira/04_12/randm10.02.02.16.020_0030.04.aba.beta,True,16,8,0.4450099468231201,1.1158409118652344,0.00205230712890625,1.5629031658172607,84,16,0,0,0,102,145930,60,87,519,0,955,13515
oliveira/04_12/randm10.02.02.16.020_0030.05.aba.beta,True,22,8,2.6633613109588623,4.791543483734131,0.0031816959381103516,7.4580864906311035,131,22,0,0,0,263,1015367,70,242,920,0,1426,20729
oliveira/04_12/randm10.02.02.17.020_0030.01.aba.beta,True,20,7,0.1672985553741455,0.5230429172515869,0.0023546218872070312,0.6926960945129395,49,20,0,0,0,50,49585,44,31,441,0,1067,15138
oliveira/04_12/randm10.02.02.17.020_0030.02.aba.beta,True,21,7,0.28848910331726074,0.6424856185913086,0.0026273727416992188,0.9336020946502686,57,21,0,0,0,61,99175,44,41,401,0,1202,17411
oliveira/04_12/randm10.02.02.17.020_0030.03.aba.beta,True,19,7,0.22941899299621582,0.6740241050720215,0.0022165775299072266,0.9056596755981445,49,19,0,0,0,61,70730,43,43,383,0,1048,15101
oliveira/04_12/randm10.02.02.17.020_0030.04.aba.beta,True,15,7,0.13199901580810547,0.3744978904724121,0.004904270172119141,0.5114011764526367,43,15,0,0,0,42,35534,38,28,277,0,940,13612
oliveira/04_12/randm10.02.02.17.020_0030.05.aba.beta,True,16,7,0.33057665824890137,0.8613777160644531,0.0017735958099365234,1.193727970123291,79,16,0,0,0,88,105605,51,73,493,0,849,12017
oliveira/04_12/randm10.02.02.18.020_0030.01.aba.beta,True,1,1,0.0009226799011230469,0.002020597457885742,0.0012509822845458984,0.0041942596435546875,3,1,0,0,0,1,9,3,1,2,0,539,8607
oliveira/04_12/randm10.02.02.18.020_0030.02.aba.beta,True,1,1,0.0007884502410888672,0.0017957687377929688,0.001140594482421875,0.003724813461303711,3,1,0,0,0,1,9,3,1,2,0,537,8599
oliveira/04_12/randm10.02.02.18.020_0030.03.aba.beta,True,1,1,0.0007917881011962891,0.0018208026885986328,0.0011968612670898438,0.0038094520568847656,3,1,0,0,0,1,9,3,1,2,0,537,8596
oliveira/04_12/randm10.02.02.18.020_0030.04.aba.beta,True,1,1,0.0008060932159423828,0.0018093585968017578,0.0011959075927734375,0.003811359405517578,3,1,0,0,0,1,9,3,1,2,0,536,8587
oliveira/04_12/randm10.02.02.18.020_0030.05.aba.beta,True,1,1,0.0011868476867675781,0.001890420913696289,0.001222848892211914,0.004300117492675781,3,1,0,0,0,1,9,3,1,2,0,537,8596
oliveira/04_12/randm10.02.02.19.020_0030.01.aba.beta,True,28,10,0.4475884437561035,0.9841961860656738,0.0029599666595458984,1.4347445964813232,67,28,0,0,0,79,155404,57,52,567,0,1378,19190
oliveira/04_12/randm10.02.02.19.020_0030.02.aba.beta,True,18,10,0.5041253566741943,1.0626628398895264,0.0020842552185058594,1.5688724517822266,67,18,0,0,0,83,177704,52,66,469,0,994,13996
oliveira/04_12/randm10.02.02.19.020_0030.03.aba.beta,True,28,10,1.0709693431854248,1.9941565990447998,0.005661725997924805,3.0707876682281494,84,28,0,0,0,123,399305,58,96,680,0,2440,36185
oliveira/04_12/randm10.02.02.19.020_0030.04.aba.beta,True,22,10,0.8049793243408203,1.6895396709442139,0.002736330032348633,2.497255325317383,78,22,0,0,0,117,304175,56,96,544,0,1257,17662
oliveira/04_12/randm10.02.02.19.020_0030.05.aba.beta,True,26,10,0.8008129596710205,2.061981201171875,0.0028390884399414062,2.865633249282837,75,26,0,0,0,115,305490,58,90,615,0,1314,18446
oliveira/04_12/randm11.02.02.01.020_0030.01.aba.beta,True,24,10,0.8107385635375977,1.966266393661499,0.0028166770935058594,2.7798216342926025,76,24,0,0,0,111,292881,57,88,578,0,1335,18721
oliveira/04_12/randm11.02.02.01.020_0030.02.aba.beta,True,23,10,0.6341793537139893,1.2124972343444824,0.002454519271850586,1.8491311073303223,68,23,0,0,0,90,223920,53,68,482,0,1182,16411
oliveira/04_12/randm11.02.02.01.020_0030.03.aba.beta,True,31,10,21.854564905166626,31.20871353149414,0.0043299198150634766,53.06760835647583,168,31,0,0,0,722,8426118,79,692,1254,0,2024,29354
oliveira/04_12/randm11.02.02.01.020_0030.04.aba.beta,True,27,10,4.645159006118774,5.9399189949035645,0.003553628921508789,10.588631629943848,120,27,0,0,0,266,1765998,66,240,960,0,1605,23248
oliveira/04_12/randm11.02.02.01.020_0030.05.aba.beta,True,23,10,2.2792422771453857,3.428122043609619,0.002992868423461914,5.710357189178467,95,23,0,0,0,226,824705,61,204,687,0,1412,20212
oliveira/04_12/randm11.02.02.02.020_0030.01.aba.beta,True,21,9,0.33097147941589355,0.7143218517303467,0.0039484500885009766,1.0492417812347412,63,21,0,0,0,63,115220,52,43,451,0,1822,27553
oliveira/04_12/randm11.02.02.02.020_0030.02.aba.beta,True,28,10,0.7485151290893555,1.4273386001586914,0.010059356689453125,2.1859130859375,77,28,0,0,0,81,296945,59,54,670,0,4280,66947
oliveira/04_12/randm11.02.02.02.020_0030.03.aba.beta,True,23,10,0.6670913696289062,1.3099515438079834,0.0030388832092285156,1.9800817966461182,79,23,0,0,0,97,249066,57,75,568,0,1432,20515
oliveira/04_12/randm11.02.02.02.020_0030.04.aba.beta,True,19,10,0.906928539276123,1.6863856315612793,0.0036911964416503906,2.5970053672790527,78,19,0,0,0,134,324680,55,116,566,0,1618,23952
oliveira/04_12/randm11.02.02.02.020_0030.05.aba.beta,True,30,10,0.7994401454925537,1.5530753135681152,0.0033147335052490234,2.355830192565918,67,30,0,0,0,97,308127,51,68,574,0,1576,22165
oliveira/04_12/randm11.02.02.03.020_0030.01.aba.beta,True,22,10,1.8645522594451904,3.0332019329071045,0.0036399364471435547,4.9013941287994385,93,22,0,0,0,200,725295,56,179,579,0,1685,24327
oliveira/04_12/randm11.02.02.03.020_0030.02.aba.beta,True,21,10,8.694351434707642,8.353538274765015,0.003531217575073242,17.05142092704773,152,21,0,0,0,469,3262250,73,449,1064,0,1491,22031
oliveira/04_12/randm11.02.02.03.020_0030.03.aba.beta,True,24,10,1.8964743614196777,3.4133312702178955,0.0034720897674560547,5.313277721405029,98,24,0,0,0,165,773494,66,142,795,0,1622,23656
oliveira/04_12/randm11.02.02.03.020_0030.04.aba.beta,True,25,10,28.33645248413086,27.609381914138794,0.0028884410858154297,55.94872283935547,171,25,0,0,0,984,11045704,69,960,1199,0,1343,18817
oliveira/04_12/randm11.02.02.03.020_0030.05.aba.beta,True,29,10,3.5199148654937744,4.701614141464233,0.007853269577026367,8.229382276535034,112,29,0,0,0,255,1391190,69,227,786,0,3471,52596
oliveira/04_12/randm11.02.02.04.020_0030.01.aba.beta,True,21,9,0.39299750328063965,0.9628348350524902,0.0025513172149658203,1.3583836555480957,62,21,0,0,0,90,127779,50,70,461,0,1151,16220
oliveira/04_12/randm11.02.02.04.020_0030.02.aba.beta,True,20,9,1.7205853462219238,2.5320792198181152,0.002511262893676758,4.255175828933716,85,20,0,0,0,183,655283,47,164,512,0,1145,16172
oliveira/04_12/randm11.02.02.04.020_0030.03.aba.beta,True,20,9,0.21207880973815918,0.492037296295166,0.0017464160919189453,0.7058625221252441,56,20,0,0,0,43,68925,42,24,465,0,860,11678
oliveira/04_12/randm11.02.02.04.020_0030.04.aba.beta,True,28,9,0.37663865089416504,0.6955235004425049,0.00298309326171875,1.0751452445983887,64,28,0,0,0,58,130642,47,31,558,0,1442,20037
oliveira/04_12/randm11.02.02.04.020_0030.05.aba.beta,True,26,9,0.44411277770996094,0.8708798885345459,0.0025849342346191406,1.317577600479126,65,26,0,0,0,75,153965,50,50,474,0,1275,17610
oliveira/04_12/randm11.02.02.05.020_0030.01.aba.beta,True,18,8,0.45757246017456055,0.9608466625213623,0.0020990371704101562,1.420518159866333,58,18,0,0,0,76,158246,42,59,449,0,1019,14643
oliveira/04_12/randm11.02.02.05.020_0030.02.aba.beta,True,17,8,0.4483494758605957,0.8426733016967773,0.0025844573974609375,1.293607234954834,68,17,0,0,0,60,154160,46,44,519,0,1205,17678
oliveira/04_12/randm11.02.02.05.020_0030.03.aba.beta,True,25,8,0.25228333473205566,0.5053606033325195,0.002460002899169922,0.7601039409637451,52,25,0,0,0,47,81188,43,23,445,0,1225,16870
oliveira/04_12/randm11.02.02.05.020_0030.04.aba.beta,True,25,8,0.41759157180786133,0.9348697662353516,0.002264261245727539,1.3547255992889404,63,25,0,0,0,80,136336,48,56,561,0,1078,14931
oliveira/04_12/randm11.02.02.05.020_0030.05.aba.beta,True,26,8,0.3288235664367676,0.7947366237640381,0.0025000572204589844,1.1260602474212646,60,26,0,0,0,62,115723,49,37,553,0,1215,16870
oliveira/04_12/randm11.02.02.06.020_0030.01.aba.beta,True,18,8,0.19590210914611816,0.4296760559082031,0.0022966861724853516,0.6278748512268066,47,18,0,0,0,38,59229,42,21,354,0,1046,15071
oliveira/04_12/randm11.02.02.06.020_0030.02.aba.beta,True,23,8,0.4503781795501709,0.7613565921783447,0.0053365230560302734,1.217071294784546,57,23,0,0,0,63,150493,42,41,493,0,2274,35789
oliveira/04_12/randm11.02.02.06.020_0030.03.aba.beta,True,19,8,0.12986183166503906,0.315502405166626,0.0021321773529052734,0.4474964141845703,45,19,0,0,0,33,34664,36,15,320,0,1018,14228
oliveira/04_12/randm11.02.02.06.020_0030.04.aba.beta,True,18,8,0.17836666107177734,0.3697991371154785,0.0026383399963378906,0.5508041381835938,48,18,0,0,0,33,57779,33,16,364,0,1173,16990
oliveira/04_12/randm11.02.02.06.020_0030.05.aba.beta,True,19,8,0.22942185401916504,0.6282899379730225,0.002465963363647461,0.860177755355835,57,19,0,0,0,57,76626,45,39,411,0,1189,17076
oliveira/04_12/randm11.02.02.07.020_0030.01.aba.beta,True,22,9,0.8043038845062256,1.3868060111999512,0.003720521926879883,2.1948304176330566,70,22,0,0,0,88,289589,53,67,497,0,1677,24326
oliveira/04_12/randm11.02.02.07.020_0030.02.aba.beta,True,24,9,0.6420755386352539,1.4434986114501953,0.003461599349975586,2.089035749435425,64,24,0,0,0,80,235772,55,57,560,0,1640,23863
oliveira/04_12/randm11.02.02.07.020_0030.03.aba.beta,True,33,9,1.4260280132293701,2.4194817543029785,0.023656606674194336,3.869166374206543,87,33,0,0,0,127,524405,64,95,776,0,2570,38225
oliveira/04_12/randm11.02.02.07.020_0030.04.aba.beta,True,25,9,2.875002861022949,4.58807110786438,0.004036903381347656,7.467110872268677,109,25,0,0,0,220,1065327,63,196,771,0,1722,25696
oliveira/04_12/randm11.02.02.07.020_0030.05.aba.beta,True,18,9,0.5203280448913574,1.415426254272461,0.002318143844604492,1.9380724430084229,69,18,0,0,0,116,177163,56,99,438,0,1079,15396
oliveira/04_12/randm11.02.02.08.020_0030.01.aba.beta,True,13,6,0.09906268119812012,0.2514321804046631,0.0014905929565429688,0.35198545455932617,38,13,0,0,0,32,24618,29,20,262,0,717,10267
oliveira/04_12/randm11.02.02.08.020_0030.02.aba.beta,True,17,6,0.09053874015808105,0.2171955108642578,0.0018725395202636719,0.30960679054260254,35,17,0,0,0,29,23074,29,13,239,0,921,12922
oliveira/04_12/randm11.02.02.08.020_0030.03.aba.beta,True,12,6,0.05648326873779297,0.13713908195495605,0.002241849899291992,0.19586420059204102,30,12,0,0,0,22,8587,28,11,166,0,1074,16157
oliveira/04_12/randm11.02.02.08.020_0030.04.aba.beta,True,12,6,0.09163260459899902,0.2854940891265869,0.001667022705078125,0.37879371643066406,45,12,0,0,0,36,26452,34,25,281,0,756,10986
oliveira/04_12/randm11.02.02.08.020_0030.05.aba.beta,True,11,6,0.05312991142272949,0.18074250221252441,0.0013489723205566406,0.23522138595581055,36,11,0,0,0,28,12675,29,18,172,0,627,9020
oliveira/04_12/randm11.02.02.09.020_0030.01.aba.beta,True,16,6,0.1329045295715332,0.4171326160430908,0.0021615028381347656,0.5521986484527588,43,16,0,0,0,45,38347,35,30,337,0,1110,16745
oliveira/04_12/randm11.02.02.09.020_0030.02.aba.beta,True,10,6,0.06311988830566406,0.19858551025390625,0.0017037391662597656,0.2634091377258301,32,10,0,0,0,25,17057,27,16,229,0,758,11144
oliveira/04_12/randm11.02.02.09.020_0030.03.aba.beta,True,7,6,0.03632211685180664,0.09573554992675781,0.001743316650390625,0.13380098342895508,27,7,0,0,0,12,9233,24,6,163,0,825,12547
oliveira/04_12/randm11.02.02.09.020_0030.04.aba.beta,True,15,6,0.08992552757263184,0.28023672103881836,0.0026581287384033203,0.3728203773498535,37,15,0,0,0,33,24116,33,19,281,0,1200,17833
oliveira/04_12/randm11.02.02.09.020_0030.05.aba.beta,True,17,6,0.09282612800598145,0.2758805751800537,0.0022542476654052734,0.37096095085144043,38,17,0,0,0,32,23959,34,16,300,0,1036,14686
oliveira/04_12/randm11.02.02.10.020_0030.01.aba.beta,True,37,9,12.58271050453186,18.159372329711914,0.011301040649414062,30.75338387489319,137,37,0,0,0,540,4730435,78,504,1227,0,4883,74901
oliveira/04_12/randm11.02.02.10.020_0030.02.aba.beta,True,32,9,6.00624418258667,9.874873876571655,0.00686335563659668,15.887981414794922,132,32,0,0,0,330,2271236,78,299,1129,0,2992,44680
oliveira/04_12/randm11.02.02.10.020_0030.03.aba.beta,True,22,9,7.584275960922241,14.509238958358765,0.0037682056427001953,22.097283124923706,143,22,0,0,0,424,2872366,68,403,1101,0,1667,24951
oliveira/04_12/randm11.02.02.10.020_0030.04.aba.beta,True,32,9,11.482563257217407,21.936546325683594,0.0044209957122802734,33.42353057861328,183,32,0,0,0,566,4219880,83,535,1401,0,1997,28876
oliveira/04_12/randm11.02.02.10.020_0030.05.aba.beta,True,16,8,0.392519474029541,0.9856479167938232,0.0030841827392578125,1.381251573562622,68,16,0,0,0,77,144156,54,62,483,0,1123,16492
oliveira/04_12/randm11.02.02.11.020_0030.01.aba.beta,True,33,11,0.7879171371459961,1.4623994827270508,0.013614654541015625,2.2639312744140625,77,33,0,0,0,98,234217,61,66,514,0,6212,97556
oliveira/04_12/randm11.02.02.11.020_0030.02.aba.beta,True,22,10,0.43943166732788086,0.8461313247680664,0.005687713623046875,1.2912507057189941,57,22,0,0,0,73,136977,44,52,352,0,2553,38874
oliveira/04_12/randm11.02.02.11.020_0030.03.aba.beta,True,23,11,1.2694597244262695,2.025592803955078,0.004517793655395508,3.299570322036743,75,23,0,0,0,125,429676,56,103,481,0,2022,30625
oliveira/04_12/randm11.02.02.11.020_0030.04.aba.beta,True,30,11,1.1834838390350342,2.1837611198425293,0.007395267486572266,3.3746402263641357,85,30,0,0,0,109,421196,59,80,686,0,3279,50007
oliveira/04_12/randm11.02.02.11.020_0030.05.aba.beta,True,27,11,2.0417652130126953,2.720015048980713,0.011565923690795898,4.773346185684204,88,27,0,0,0,128,717973,59,102,624,0,5090,79769
oliveira/04_12/randm11.02.02.12.020_0030.01.aba.beta,True,24,6,0.20418572425842285,0.522557258605957,0.003504514694213867,0.7302474975585938,51,24,0,0,0,42,63112,45,19,453,0,1621,23432
oliveira/04_12/randm11.02.02.12.020_0030.02.aba.beta,True,17,6,0.16800689697265625,0.39972352981567383,0.002153635025024414,0.5698840618133545,44,17,0,0,0,34,39875,37,18,329,0,1041,15136
oliveira/04_12/randm11.02.02.12.020_0030.03.aba.beta,True,9,6,0.06867027282714844,0.14437603950500488,0.001314401626586914,0.21436071395874023,35,9,0,0,0,21,9382,26,13,184,0,657,9880
oliveira/04_12/randm11.02.02.12.020_0030.04.aba.beta,True,11,6,0.06808304786682129,0.22635221481323242,0.0015184879302978516,0.29595375061035156,41,11,0,0,0,30,18701,32,20,215,0,712,10320
oliveira/04_12/randm11.02.02.12.020_0030.05.aba.beta,True,23,6,0.217132568359375,0.5549986362457275,0.0032324790954589844,0.7753636837005615,52,23,0,0,0,42,66716,43,20,513,0,1454,21466
oliveira/04_12/randm11.02.02.13.020_0030.01.aba.beta,True,22,9,1.0482053756713867,2.6296162605285645,0.0024077892303466797,3.680229425430298,85,22,0,0,0,158,402856,56,137,633,0,1144,15845
oliveira/04_12/randm11.02.02.13.020_0030.02.aba.beta,True,16,9,0.4210672378540039,0.9681611061096191,0.002089977264404297,1.3913183212280273,58,16,0,0,0,87,130200,45,72,379,0,1000,14262
oliveira/04_12/randm11.02.02.13.020_0030.03.aba.beta,True,21,9,0.530693531036377,1.2614545822143555,0.002252340316772461,1.7944004535675049,64,21,0,0,0,98,177410,48,78,497,0,1015,14242
oliveira/04_12/randm11.02.02.13.020_0030.04.aba.beta,True,22,9,1.000399112701416,2.058065414428711,0.003031015396118164,3.061495542526245,77,22,0,0,0,135,357360,62,114,585,0,1457,20896
oliveira/04_12/randm11.02.02.13.020_0030.05.aba.beta,True,20,9,0.5056562423706055,1.2409017086029053,0.0028879642486572266,1.749445915222168,68,20,0,0,0,98,169101,56,79,520,0,1337,19403
oliveira/04_12/randm11.02.02.14.020_0030.01.aba.beta,True,34,9,0.983872652053833,1.802173137664795,0.005808830261230469,2.7918546199798584,87,34,0,0,0,88,372192,65,55,763,0,2594,38463
oliveira/04_12/randm11.02.02.14.020_0030.02.aba.beta,True,27,9,1.2613298892974854,2.8356664180755615,0.004822492599487305,4.101818799972534,79,27,0,0,0,106,487947,58,80,662,0,2119,30995
oliveira/04_12/randm11.02.02.14.020_0030.03.aba.beta,True,27,9,2.5161032676696777,5.855459451675415,0.0038950443267822266,8.375457763671875,103,27,0,0,0,197,983433,66,171,807,0,1764,25509
oliveira/04_12/randm11.02.02.14.020_0030.04.aba.beta,True,29,9,0.9646291732788086,2.0833370685577393,0.004013776779174805,3.0519800186157227,88,29,0,0,0,137,356597,71,109,719,0,1843,26519
oliveira/04_12/randm11.02.02.14.020_0030.05.aba.beta,True,29,9,0.9601061344146729,1.6646506786346436,0.004351615905761719,2.629108428955078,92,29,0,0,0,85,348814,68,57,786,0,1918,28521
oliveira/04_12/randm11.02.02.15.020_0030.01.aba.beta,True,23,10,0.7444939613342285,1.4887542724609375,0.002481222152709961,2.235729455947876,75,23,0,0,0,115,283805,52,93,548,0,1211,16988
oliveira/04_12/randm11.02.02.15.020_0030.02.aba.beta,True,29,10,0.819756269454956,1.4452650547027588,0.0025484561920166016,2.2675697803497314,71,29,0,0,0,99,305887,50,71,592,0,1227,16673
oliveira/04_12/randm11.02.02.15.020_0030.03.aba.beta,True,23,10,0.5460846424102783,1.1469345092773438,0.0024809837341308594,1.695500135421753,82,23,0,0,0,93,182733,63,71,580,0,1171,16450
oliveira/04_12/randm11.02.02.15.020_0030.04.aba.beta,True,16,10,0.7419881820678711,1.5849599838256836,0.0017571449279785156,2.328705310821533,81,16,0,0,0,130,240001,58,115,499,0,803,11243
oliveira/04_12/randm11.02.02.15.020_0030.05.aba.beta,True,15,10,0.30570268630981445,0.6871225833892822,0.0014920234680175781,0.9943172931671143,60,15,0,0,0,61,106770,49,47,352,0,718,10014
oliveira/04_12/randm11.02.02.16.020_0030.01.aba.beta,True,20,9,0.2461402416229248,0.52132248878479,0.0020363330841064453,0.7694990634918213,51,20,0,0,0,52,69841,45,33,406,0,900,12181
oliveira/04_12/randm11.02.02.16.020_0030.02.aba.beta,True,28,9,0.45136404037475586,0.831141471862793,0.0034584999084472656,1.285964012145996,57,28,0,0,0,59,160367,44,32,570,0,1631,23772
oliveira/04_12/randm11.02.02.16.020_0030.03.aba.beta,True,30,9,0.6338925361633301,1.024366855621338,0.00472569465637207,1.66298508644104,62,30,0,0,0,71,226280,46,42,499,0,2140,31011
oliveira/04_12/randm11.02.02.16.020_0030.04.aba.beta,True,21,9,0.21342015266418457,0.5391721725463867,0.0020101070404052734,0.7546024322509766,53,21,0,0,0,42,63909,41,22,428,0,946,12981
oliveira/04_12/randm11.02.02.16.020_0030.05.aba.beta,True,28,9,0.4163193702697754,0.7176158428192139,0.003580331802368164,1.1375155448913574,56,28,0,0,0,50,141376,41,23,560,0,1631,23238
oliveira/04_12/randm11.02.02.17.020_0030.01.aba.beta,True,22,11,32.26709318161011,28.548786878585815,0.002974987030029297,60.81885504722595,180,22,0,0,0,1058,10786831,80,1037,1322,0,1320,18876
oliveira/04_12/randm11.02.02.17.020_0030.02.aba.beta,True,26,11,1.9965767860412598,3.4092111587524414,0.0036911964416503906,5.409479141235352,92,26,0,0,0,194,776610,63,169,697,0,1630,23986
oliveira/04_12/randm11.02.02.17.020_0030.03.aba.beta,True,32,11,2.2928059101104736,5.294909238815308,0.003904581069946289,7.5916197299957275,102,32,0,0,0,181,934020,62,150,897,0,1749,24773
oliveira/04_12/randm11.02.02.17.020_0030.04.aba.beta,True,26,11,3.8808600902557373,5.5761590003967285,0.002536773681640625,9.459555864334106,112,26,0,0,0,307,1375646,68,282,810,0,1213,16689
oliveira/04_12/randm11.02.02.17.020_0030.05.aba.beta,True,37,11,30.15995454788208,28.04005742073059,0.0048754215240478516,58.20488739013672,183,37,0,0,0,915,11422131,91,879,1514,0,2130,31422
oliveira/04_12/randm11.02.02.18.020_0030.01.aba.beta,True,22,7,0.15111136436462402,0.39841580390930176,0.004518270492553711,0.5540454387664795,51,22,0,0,0,45,46226,46,24,391,0,2052,30538
oliveira/04_12/randm11.02.02.18.020_0030.02.aba.beta,True,22,7,0.5093584060668945,1.3679702281951904,0.005185842514038086,1.882514476776123,66,22,0,0,0,87,190266,51,66,532,0,2271,34020
oliveira/04_12/randm11.02.02.18.020_0030.03.aba.beta,True,9,7,0.23018789291381836,0.7015297412872314,0.0014147758483886719,0.9331324100494385,47,9,0,0,0,79,76199,34,71,248,0,649,9403
oliveira/04_12/randm11.02.02.18.020_0030.04.aba.beta,True,22,7,0.10425424575805664,0.2221968173980713,0.0042607784271240234,0.33071184158325195,39,22,0,0,0,26,27365,36,5,305,0,1942,29055
oliveira/04_12/randm11.02.02.18.020_0030.05.aba.beta,True,26,7,0.14317011833190918,0.3705892562866211,0.0049092769622802734,0.5186686515808105,47,26,0,0,0,39,42233,39,14,272,0,2313,35241
oliveira/04_12/randm11.02.02.19.020_0030.01.aba.beta,True,38,11,14.699767827987671,45.078046798706055,0.004378557205200195,59.782193183898926,169,38,0,0,0,524,6030595,66,487,1471,0,1961,27778
oliveira/04_12/randm11.02.02.19.020_0030.02.aba.beta,True,39,11,22.15516185760498,19.568428993225098,0.00804758071899414,41.73163843154907,181,39,0,0,0,751,8414080,92,713,1349,0,3482,52281
oliveira/04_12/randm11.02.02.19.020_0030.03.aba.beta,True,25,11,1.63985276222229,2.6883060932159424,0.0037856101989746094,4.331944465637207,89,25,0,0,0,156,616563,65,132,722,0,1691,24398
oliveira/04_12/randm11.02.02.19.020_0030.04.aba.beta,True,33,11,10.748031377792358,11.335392951965332,0.004106760025024414,22.087531089782715,143,33,0,0,0,504,4051081,77,472,1138,0,1821,26690
oliveira/04_12/randm11.02.02.19.020_0030.05.aba.beta,True,33,11,61.02701950073242,48.46938467025757,0.003967761993408203,109.5003719329834,220,33,0,0,0,1531,20593303,82,1499,1699,0,1788,25773
oliveira/04_12/randm12.02.02.01.020_0030.01.aba.beta,True,20,8,0.30213356018066406,0.6315982341766357,0.0021789073944091797,0.935910701751709,71,20,0,0,0,73,96189,52,54,493,0,1114,16165
oliveira/04_12/randm12.02.02.01.020_0030.02.aba.beta,True,19,8,0.1695423126220703,0.5094366073608398,0.0019609928131103516,0.6809399127960205,53,19,0,0,0,53,51061,45,35,298,0,919,12721
oliveira/04_12/randm12.02.02.01.020_0030.03.aba.beta,True,19,8,0.1134941577911377,0.2754366397857666,0.001920938491821289,0.3908517360687256,46,19,0,0,0,31,31922,41,13,368,0,935,13002
oliveira/04_12/randm12.02.02.01.020_0030.04.aba.beta,True,14,8,0.10923552513122559,0.2948591709136963,0.0015697479248046875,0.40566444396972656,40,14,0,0,0,37,24272,37,24,255,0,757,10757
oliveira/04_12/randm12.02.02.01.020_0030.05.aba.beta,True,22,8,0.16852855682373047,0.42951393127441406,0.002016782760620117,0.6000592708587646,49,22,0,0,0,47,44771,44,26,332,0,921,12536
oliveira/04_12/randm12.02.02.02.020_0030.01.aba.beta,True,31,11,73.12649393081665,68.5479826927185,0.0034317970275878906,141.67790842056274,267,31,0,0,0,1550,23694782,90,1520,2019,0,1519,21696
oliveira/04_12/randm12.02.02.02.020_0030.02.aba.beta,True,32,11,1.3972783088684082,3.2776641845703125,0.002878904342651367,4.677821397781372,87,32,0,0,0,129,552851,62,98,723,0,1384,18610
oliveira/04_12/randm12.02.02.02.020_0030.03.aba.beta,True,21,11,12.996152400970459,14.0754976272583,0.002507925033569336,27.07415795326233,159,21,0,0,0,556,4696510,73,536,1058,0,1112,15433
oliveira/04_12/randm12.02.02.02.020_0030.04.aba.beta,True,25,11,8.431097507476807,11.031193733215332,0.0023653507232666016,19.464656591415405,139,25,0,0,0,433,3063105,75,409,950,0,1141,15855
oliveira/04_12/randm12.02.02.02.020_0030.05.aba.beta,True,24,11,5.6417436599731445,10.34398865699768,0.002451181411743164,15.988183498382568,137,24,0,0,0,516,2138174,79,493,996,0,1179,16708
oliveira/04_12/randm12.02.02.03.020_0030.01.aba.beta,True,28,11,4.905600547790527,7.093519687652588,0.0025844573974609375,12.001704692840576,113,28,0,0,0,338,1914483,66,311,793,0,1241,16669
oliveira/04_12/randm12.02.02.03.020_0030.02.aba.beta,True,25,11,3.4823784828186035,4.262632131576538,0.0030651092529296875,7.748075723648071,100,25,0,0,0,255,1314107,66,231,717,0,1407,19717
oliveira/04_12/randm12.02.02.03.020_0030.03.aba.beta,True,28,11,1.1022188663482666,2.534074544906616,0.0030519962310791016,3.639345407485962,83,28,0,0,0,116,451974,59,89,746,0,1375,19380
oliveira/04_12/randm12.02.02.03.020_0030.04.aba.beta,True,26,11,0.860614538192749,1.741081953048706,0.003145456314086914,2.604841947555542,72,26,0,0,0,103,339791,56,78,593,0,1438,20198
oliveira/04_12/randm12.02.02.03.020_0030.05.aba.beta,True,28,11,126.8454704284668,72.6408281326294,0.0026209354400634766,199.48891949653625,275,28,0,0,0,2629,51788318,85,2602,2123,0,1473,20864
oliveira/04_12/randm12.02.02.04.020_0030.01.aba.beta,True,34,11,4.05387544631958,5.9012062549591064,0.0040454864501953125,9.959127187728882,113,34,0,0,0,317,1648489,78,284,972,0,1828,26541
oliveira/04_12/randm12.02.02.04.020_0030.02.aba.beta,True,34,11,6.266657829284668,8.64568543434143,0.004429817199707031,14.916773080825806,159,34,0,0,0,313,2515439,78,280,1233,0,2044,28953
oliveira/04_12/randm12.02.02.04.020_0030.03.aba.beta,True,27,11,4.8007471561431885,7.995392799377441,0.0030596256256103516,12.79919958114624,149,27,0,0,0,340,1796575,82,314,1060,0,1442,20165
oliveira/04_12/randm12.02.02.04.020_0030.04.aba.beta,True,27,11,16.469778537750244,23.750649213790894,0.002947568893432617,40.22337532043457,174,27,0,0,0,688,5614743,80,662,1213,0,1349,18896
oliveira/04_12/randm12.02.02.04.020_0030.05.aba.beta,True,36,11,3.5377795696258545,11.197609186172485,0.004633426666259766,14.7400221824646,117,36,0,0,0,267,1301098,75,232,988,0,2097,29950
oliveira/04_12/randm12.02.02.05.020_0030.01.aba.beta,True,35,10,79.27833938598633,89.42078399658203,0.011117696762084961,168.71024107933044,273,35,0,0,0,1513,28568879,103,1479,2182,0,5152,80079
oliveira/04_12/randm12.02.02.05.020_0030.02.aba.beta,True,34,10,94.12222266197205,104.60388398170471,0.005885124206542969,198.7319917678833,343,34,0,0,0,2069,35396846,105,2036,2667,0,3119,46258
oliveira/04_12/randm12.02.02.05.020_0030.03.aba.beta,False,24,11,1025.2202866077423,1318.4626603126526,0.0012781620025634766,2343.6842250823975,781,23,0,0,0,9907,399186160,119,9885,7407,0,769,9665
oliveira/04_12/randm12.02.02.05.020_0030.04.aba.beta,True,40,12,431.5247528553009,240.25201749801636,0.009366273880004883,671.7861366271973,371,40,0,0,0,5685,201935826,114,5646,3689,0,4771,72900
oliveira/04_12/randm12.02.02.05.020_0030.05.aba.beta,True,28,10,24.041245222091675,29.471408367156982,0.004252910614013672,53.51690649986267,217,28,0,0,0,781,8966800,79,754,1634,0,1910,27866
oliveira/04_12/randm12.02.02.06.020_0030.01.aba.beta,True,70,10,14.847750902175903,46.40657329559326,0.02388286590576172,61.27820706367493,156,70,0,0,0,329,5878386,102,260,1681,0,10042,155493
oliveira/04_12/randm12.02.02.06.020_0030.02.aba.beta,True,57,9,5.060604810714722,7.9082558155059814,0.015455245971679688,12.984315872192383,145,57,0,0,0,205,2004214,95,149,1368,0,6489,98436
oliveira/04_12/randm12.02.02.06.020_0030.03.aba.beta,True,64,10,24.3449604511261,87.92538523674011,0.0246584415435791,112.29500412940979,187,64,0,0,0,480,9308415,112,417,1818,0,10593,161307
oliveira/04_12/randm12.02.02.06.020_0030.04.aba.beta,False,51,10,66.0620596408844,1800.6486229896545,0.00928640365600586,1866.719969034195,372,50,0,0,0,1353,35265662,113,1304,3928,0,4325,65488
oliveira/04_12/randm12.02.02.06.020_0030.05.aba.beta,True,60,11,57.7244176864624,58.699037313461304,0.015928268432617188,116.43938326835632,205,60,0,0,0,1142,21746294,113,1083,1828,0,6609,99837
oliveira/04_12/randm12.02.02.07.020_0030.01.aba.beta,True,18,7,0.18610858917236328,0.417630672454834,0.003681182861328125,0.6074204444885254,44,18,0,0,0,44,51645,37,27,405,0,1640,24159
oliveira/04_12/randm12.02.02.07.020_0030.02.aba.beta,True,14,7,0.5081324577331543,1.069894790649414,0.002729177474975586,1.580756425857544,74,14,0,0,0,99,187569,46,86,531,0,1173,17657
oliveira/04_12/randm12.02.02.07.020_0030.03.aba.beta,True,24,7,0.375748872756958,0.8686544895172119,0.004354715347290039,1.24875807762146,61,24,0,0,0,68,133246,46,45,582,0,1966,29618
oliveira/04_12/randm12.02.02.07.020_0030.04.aba.beta,True,17,7,0.7660250663757324,1.5864524841308594,0.0019080638885498047,2.3543856143951416,92,17,0,0,0,128,267789,54,112,635,0,865,12264
oliveira/04_12/randm12.02.02.07.020_0030.05.aba.beta,True,22,7,0.788780689239502,1.948608160018921,0.0028235912322998047,2.7402124404907227,81,22,0,0,0,126,302987,55,105,630,0,1295,18859
oliveira/04_12/randm12.02.02.08.020_0030.01.aba.beta,True,24,8,0.43741846084594727,0.8870739936828613,0.0027103424072265625,1.3272027969360352,69,24,0,0,0,77,133660,47,54,533,0,1289,17992
oliveira/04_12/randm12.02.02.08.020_0030.02.aba.beta,True,27,8,0.6163129806518555,1.1773345470428467,0.0037610530853271484,1.7974085807800293,67,27,0,0,0,87,210115,47,61,616,0,1714,24791
oliveira/04_12/randm12.02.02.08.020_0030.03.aba.beta,True,31,8,1.9681689739227295,3.016239881515503,0.007017612457275391,4.991426467895508,99,31,0,0,0,154,746398,66,124,783,0,2974,45392
oliveira/04_12/randm12.02.02.08.020_0030.04.aba.beta,True,18,8,0.3118572235107422,0.7370803356170654,0.002341747283935547,1.0512793064117432,58,18,0,0,0,72,113174,44,55,368,0,1080,15700
oliveira/04_12/randm12.02.02.08.020_0030.05.aba.beta,True,24,8,0.44014620780944824,0.9166731834411621,0.0023343563079833984,1.3591537475585938,69,24,0,0,0,78,135222,52,55,577,0,1139,15891
oliveira/04_12/randm12.02.02.09.020_0030.01.aba.beta,True,23,10,5.5263636112213135,8.742521286010742,0.002644062042236328,14.271528959274292,126,23,0,0,0,396,2240495,68,374,908,0,1193,16973
oliveira/04_12/randm12.02.02.09.020_0030.02.aba.beta,True,48,10,4.687530994415283,20.734365940093994,0.007014036178588867,25.428910970687866,112,48,0,0,0,178,1577251,71,131,1038,0,3134,44025
oliveira/04_12/randm12.02.02.09.020_0030.03.aba.beta,True,40,10,5.3494813442230225,7.953510522842407,0.008469104766845703,13.311460971832275,121,40,0,0,0,279,2084761,79,240,1039,0,3713,56370
oliveira/04_12/randm12.02.02.09.020_0030.04.aba.beta,True,23,10,18.47623085975647,18.929951667785645,0.004405021667480469,37.410587549209595,155,23,0,0,0,751,6178753,70,729,1233,0,1847,27593
oliveira/04_12/randm12.02.02.09.020_0030.05.aba.beta,True,27,10,0.7646472454071045,1.6328284740447998,0.0073702335357666016,2.404845952987671,79,27,0,0,0,75,222931,60,49,637,0,3269,49955
oliveira/04_12/randm12.02.02.10.020_0030.01.aba.beta,True,39,11,8.878225564956665,8.748531579971313,0.005228519439697266,17.631985664367676,141,39,0,0,0,376,3119184,87,338,1080,0,2304,32377
oliveira/04_12/randm12.02.02.10.020_0030.02.aba.beta,False,37,11,1346.7527296543121,701.4520423412323,0.003505229949951172,2048.2082772254944,639,36,0,0,0,10937,471434375,122,10902,5313,0,2259,31672
oliveira/04_12/randm12.02.02.10.020_0030.03.aba.beta,True,36,11,3.674463987350464,7.154401063919067,0.005427122116088867,10.83429217338562,114,36,0,0,0,285,1217748,73,250,932,0,2392,34527
oliveira/04_12/randm12.02.02.10.020_0030.04.aba.beta,True,28,11,1.8253707885742188,3.3045990467071533,0.005137443542480469,5.1351072788238525,98,28,0,0,0,188,697789,67,161,652,0,2183,32260
oliveira/04_12/randm12.02.02.10.020_0030.05.aba.beta,True,30,11,2.644817352294922,5.0879950523376465,0.0039250850677490234,7.736737489700317,109,30,0,0,0,231,968768,75,202,895,0,1769,25270
oliveira/04_12/randm12.02.02.11.020_0030.01.aba.beta,True,35,11,1.4414148330688477,2.654198408126831,0.007706403732299805,4.1033196449279785,82,35,0,0,0,137,564749,64,103,649,0,3427,51564
oliveira/04_12/randm12.02.02.11.020_0030.02.aba.beta,True,30,11,1.8900790214538574,3.2647864818573,0.0030927658081054688,5.157958269119263,104,30,0,0,0,164,724386,67,135,793,0,1474,20110
oliveira/04_12/randm12.02.02.11.020_0030.03.aba.beta,True,25,11,1.1413898468017578,2.1891300678253174,0.002597332000732422,3.3331172466278076,93,25,0,0,0,143,441115,69,119,646,0,1205,16509
oliveira/04_12/randm12.02.02.11.020_0030.04.aba.beta,True,20,11,2.611009359359741,3.730116605758667,0.0020453929901123047,6.3431713581085205,109,20,0,0,0,217,791021,67,198,687,0,968,13420
oliveira/04_12/randm12.02.02.11.020_0030.05.aba.beta,True,22,11,1.0785484313964844,2.017387628555298,0.0060956478118896484,3.102031707763672,69,22,0,0,0,130,382438,58,109,442,0,2652,40314
oliveira/04_12/randm12.02.02.12.020_0030.01.aba.beta,True,26,9,0.4255640506744385,1.178588628768921,0.0023326873779296875,1.606485366821289,64,26,0,0,0,66,124796,51,41,542,0,1110,15104
oliveira/04_12/randm12.02.02.12.020_0030.02.aba.beta,True,22,9,0.3475768566131592,0.8099479675292969,0.0030863285064697266,1.1606111526489258,52,22,0,0,0,64,94117,48,43,407,0,1409,20271
oliveira/04_12/randm12.02.02.12.020_0030.03.aba.beta,True,30,9,2.151926279067993,3.2283873558044434,0.006026029586791992,5.3863396644592285,87,30,0,0,0,138,790042,52,109,736,0,2566,38864
oliveira/04_12/randm12.02.02.12.020_0030.04.aba.beta,True,32,9,1.1163592338562012,1.4639177322387695,0.005692243576049805,2.5859692096710205,75,32,0,0,0,87,341570,52,56,674,0,2570,37847
oliveira/04_12/randm12.02.02.12.020_0030.05.aba.beta,True,15,9,0.3362605571746826,0.7706089019775391,0.0025763511657714844,1.1094458103179932,56,15,0,0,0,57,115698,43,43,409,0,1158,17032
oliveira/04_12/randm12.02.02.13.020_0030.01.aba.beta,True,23,9,0.49611496925354004,1.0648040771484375,0.005843639373779297,1.5667626857757568,58,23,0,0,0,75,141498,45,53,372,0,2648,39734
oliveira/04_12/randm12.02.02.13.020_0030.02.aba.beta,True,16,9,0.5129520893096924,1.2424042224884033,0.0018470287322998047,1.7572033405303955,61,16,0,0,0,115,155203,47,100,367,0,834,11635
oliveira/04_12/randm12.02.02.13.020_0030.03.aba.beta,True,20,9,0.7185041904449463,1.5358660221099854,0.0021457672119140625,2.2565159797668457,68,20,0,0,0,118,230585,50,99,519,0,996,13696
oliveira/04_12/randm12.02.02.13.020_0030.04.aba.beta,True,17,9,0.7863013744354248,1.7466764450073242,0.0015864372253417969,2.534564256668091,73,17,0,0,0,145,247784,48,129,467,0,814,11364
oliveira/04_12/randm12.02.02.13.020_0030.05.aba.beta,True,16,9,0.19940495491027832,0.32423830032348633,0.0018928050994873047,0.525536060333252,45,16,0,0,0,37,49071,39,22,373,0,866,12292
oliveira/04_12/randm12.02.02.14.020_0030.01.aba.beta,True,31,9,2.2954792976379395,3.835747480392456,0.014665603637695312,6.145892381668091,98,31,0,0,0,147,823258,70,117,792,0,3237,49202
oliveira/04_12/randm12.02.02.14.020_0030.02.aba.beta,True,40,9,5.1215081214904785,17.28222417831421,0.010406017303466797,22.414138317108154,132,40,0,0,0,209,2020264,79,170,1183,0,4533,68848
oliveira/04_12/randm12.02.02.14.020_0030.03.aba.beta,True,39,9,6.842536926269531,12.350297212600708,0.014481067657470703,19.20731520652771,109,39,0,0,0,206,2379113,79,168,936,0,6149,95466
oliveira/04_12/randm12.02.02.14.020_0030.04.aba.beta,True,45,9,27.22067666053772,25.915563106536865,0.01023411750793457,53.14647388458252,181,45,0,0,0,778,9931743,92,734,1574,0,4505,66948
oliveira/04_12/randm12.02.02.14.020_0030.05.aba.beta,True,37,8,1.356126308441162,5.052060842514038,0.010352373123168945,6.418539524078369,96,37,0,0,0,98,537698,69,62,864,0,4455,69409
oliveira/04_12/randm12.02.02.15.020_0030.01.aba.beta,True,9,5,0.024604082107543945,0.07851123809814453,0.0013208389282226562,0.10443615913391113,24,9,0,0,0,14,3496,22,6,103,0,605,8963
oliveira/04_12/randm12.02.02.15.020_0030.02.aba.beta,True,8,5,0.020192861557006836,0.07060813903808594,0.0013685226440429688,0.09216952323913574,23,8,0,0,0,13,3431,22,6,114,0,615,9144
oliveira/04_12/randm12.02.02.15.020_0030.03.aba.beta,True,8,5,0.02559494972229004,0.08496761322021484,0.0013301372528076172,0.1118927001953125,28,8,0,0,0,14,5013,24,7,166,0,642,9323
oliveira/04_12/randm12.02.02.15.020_0030.04.aba.beta,True,5,5,0.014514684677124023,0.030949831008911133,0.0013337135314941406,0.0467982292175293,16,5,0,0,0,6,1978,15,2,77,0,623,9742
oliveira/04_12/randm12.02.02.15.020_0030.05.aba.beta,True,5,5,0.012696981430053711,0.031664371490478516,0.001367330551147461,0.04572868347167969,16,5,0,0,0,6,1531,16,2,84,0,620,9548
oliveira/04_12/randm12.02.02.16.020_0030.01.aba.beta,True,1,1,0.0012543201446533203,0.001791238784790039,0.0011708736419677734,0.004216432571411133,3,1,0,0,0,1,9,3,1,2,0,534,8555
oliveira/04_12/randm12.02.02.16.020_0030.02.aba.beta,True,1,1,0.0012235641479492188,0.0019369125366210938,0.0011725425720214844,0.004333019256591797,3,1,0,0,0,1,9,3,1,2,0,533,8582
oliveira/04_12/randm12.02.02.16.020_0030.03.aba.beta,True,1,1,0.0016751289367675781,0.001798868179321289,0.0011179447174072266,0.004591941833496094,3,1,0,0,0,1,9,3,1,2,0,543,8621
oliveira/04_12/randm12.02.02.16.020_0030.04.aba.beta,True,1,1,0.0008037090301513672,0.0017724037170410156,0.0011622905731201172,0.0037384033203125,3,1,0,0,0,1,9,3,1,2,0,539,8609
oliveira/04_12/randm12.02.02.16.020_0030.05.aba.beta,True,1,1,0.0008270740509033203,0.0018367767333984375,0.001094818115234375,0.003758668899536133,3,1,0,0,0,1,9,3,1,2,0,526,8544
oliveira/04_12/randm12.02.02.17.020_0030.01.aba.beta,True,35,12,21.824050903320312,25.415204763412476,0.004168510437011719,47.2434241771698,184,35,0,0,0,936,7681896,95,902,1434,0,1878,26919
oliveira/04_12/randm12.02.02.17.020_0030.02.aba.beta,True,39,12,162.08295822143555,87.75494122505188,0.004177093505859375,249.8420765399933,333,39,0,0,0,3307,71100631,110,3269,2565,0,2248,31663
oliveira/04_12/randm12.02.02.17.020_0030.03.aba.beta,True,40,12,28.284075021743774,27.59005618095398,0.004713535308837891,55.87884473800659,166,40,0,0,0,1086,11038373,80,1047,1461,0,2245,31709
oliveira/04_12/randm12.02.02.17.020_0030.04.aba.beta,True,29,12,22.24297571182251,21.546583652496338,0.0025167465209960938,43.792076110839844,171,29,0,0,0,934,7651112,88,906,1287,0,1463,20700
oliveira/04_12/randm12.02.02.17.020_0030.05.aba.beta,True,33,12,55.77819013595581,48.45036482810974,0.003710031509399414,104.23226499557495,231,33,0,0,0,1672,26225415,98,1640,1692,0,2117,30441
oliveira/04_12/randm12.02.02.18.020_0030.01.aba.beta,True,23,10,2.8193557262420654,3.898726463317871,0.002118825912475586,6.720201015472412,100,23,0,0,0,224,1124106,60,202,714,0,1020,14023
oliveira/04_12/randm12.02.02.18.020_0030.02.aba.beta,True,30,10,1.46529221534729,3.2678513526916504,0.0037097930908203125,4.736853361129761,96,30,0,0,0,137,574868,64,108,781,0,1658,23814
oliveira/04_12/randm12.02.02.18.020_0030.03.aba.beta,True,28,10,8.703953504562378,13.79476022720337,0.0037326812744140625,22.50244641304016,159,28,0,0,0,600,3450220,83,573,1179,0,1965,28679
oliveira/04_12/randm12.02.02.18.020_0030.04.aba.beta,True,26,10,1.1279525756835938,2.150479316711426,0.0026674270629882812,3.281099319458008,90,26,0,0,0,144,428182,62,119,653,0,1258,17273
oliveira/04_12/randm12.02.02.18.020_0030.05.aba.beta,True,27,10,4.124565124511719,4.905733108520508,0.003034830093383789,9.03333306312561,114,27,0,0,0,264,1392327,70,238,868,0,1471,20755
oliveira/04_12/randm12.02.02.19.020_0030.01.aba.beta,True,31,10,0.5584368705749512,1.3047313690185547,0.00376129150390625,1.866929531097412,67,31,0,0,0,98,194401,59,68,546,0,1670,23916
oliveira/04_12/randm12.02.02.19.020_0030.02.aba.beta,True,26,10,0.7537887096405029,1.755833625793457,0.002643108367919922,2.51226544380188,86,26,0,0,0,103,269035,60,78,686,0,1239,17408
oliveira/04_12/randm12.02.02.19.020_0030.03.aba.beta,True,20,10,0.2996406555175781,0.7029082775115967,0.0024063587188720703,1.0049552917480469,53,20,0,0,0,66,98416,42,47,395,0,1105,15845
oliveira/04_12/randm12.02.02.19.020_0030.04.aba.beta,True,28,10,0.5849885940551758,1.134885311126709,0.0026397705078125,1.7225136756896973,63,28,0,0,0,89,191971,51,62,537,0,1205,16293
oliveira/04_12/randm12.02.02.19.020_0030.05.aba.beta,True,23,10,0.8413667678833008,1.7439579963684082,0.003006458282470703,2.5883312225341797,86,23,0,0,0,129,318171,59,107,610,0,1361,19797
