file name,succeeded,learning_rounds,automaton_size,learning_time,smt_time,eq_oracle_time,total_time,queries_learning,validity_query,rule1,rule2,rule3,rule4,nodes,informative_nodes,analyzed_bases,sul_steps,cache_saved,queries_eq_oracle,steps_eq_oracle
oliveira/04_13/randm04.02.02.01.020_0030.01.aba.beta,True,2,3,0.0026721954345703125,0.03557324409484863,0.001649618148803711,0.039895057678222656,7,2,0,0,0,2,7,7,1,12,0,536,8587
oliveira/04_13/randm04.02.02.01.020_0030.02.aba.beta,True,6,4,0.007513999938964844,0.05109858512878418,0.0029778480529785156,0.06159043312072754,11,6,0,0,0,6,12,11,1,24,0,1378,21897
oliveira/04_13/randm04.02.02.01.020_0030.03.aba.beta,True,6,4,0.00818634033203125,0.05627560615539551,0.002753734588623047,0.0672156810760498,13,6,0,0,0,7,14,13,2,32,0,1044,16720
oliveira/04_13/randm04.02.02.01.020_0030.04.aba.beta,True,5,4,0.007191896438598633,0.05214333534240723,0.0019032955169677734,0.06123852729797363,13,5,0,0,0,6,16,12,2,34,0,817,12918
oliveira/04_13/randm04.02.02.01.020_0030.05.aba.beta,True,6,4,0.007841110229492188,0.05577492713928223,0.0038127899169921875,0.0674288272857666,11,6,0,0,0,6,15,11,1,27,0,1610,25420
oliveira/04_13/randm04.02.02.02.020_0030.01.aba.beta,True,1,1,0.0009374618530273438,0.0298311710357666,0.0014519691467285156,0.03222060203552246,3,1,0,0,0,1,3,3,1,2,0,543,8623
oliveira/04_13/randm04.02.02.02.020_0030.02.aba.beta,True,1,1,0.0008461475372314453,0.034670352935791016,0.0012583732604980469,0.03677487373352051,3,1,0,0,0,1,3,3,1,2,0,537,8598
oliveira/04_13/randm04.02.02.02.020_0030.03.aba.beta,True,1,1,0.0008869171142578125,0.03175640106201172,0.0011875629425048828,0.033830881118774414,3,1,0,0,0,1,3,3,1,2,0,527,8532
oliveira/04_13/randm04.02.02.02.020_0030.04.aba.beta,True,1,1,0.0008375644683837891,0.03205370903015137,0.0015339851379394531,0.03442525863647461,3,1,0,0,0,1,3,3,1,2,0,536,8589
oliveira/04_13/randm04.02.02.02.020_0030.05.aba.beta,True,1,1,0.0008580684661865234,0.03061366081237793,0.001775979995727539,0.03324770927429199,3,1,0,0,0,1,3,3,1,2,0,536,8583
oliveira/04_13/randm04.02.02.03.020_0030.01.aba.beta,True,2,3,0.002334117889404297,0.0455632209777832,0.0011065006256103516,0.04900383949279785,10,2,0,0,0,4,12,10,3,21,0,536,8563
oliveira/04_13/randm04.02.02.03.020_0030.02.aba.beta,True,2,3,0.0022907257080078125,0.04400014877319336,0.0013113021850585938,0.047602176666259766,10,2,0,0,0,4,20,9,3,29,0,545,8658
oliveira/04_13/randm04.02.02.03.020_0030.03.aba.beta,True,2,3,0.0024933815002441406,0.03297567367553711,0.0012524127960205078,0.03672146797180176,7,2,0,0,0,2,7,7,1,12,0,540,8598
oliveira/04_13/randm04.02.02.03.020_0030.04.aba.beta,True,2,3,0.002054452896118164,0.006294965744018555,0.0011515617370605469,0.009500980377197266,7,2,0,0,0,2,7,7,1,12,0,543,8612
oliveira/04_13/randm04.02.02.03.020_0030.05.aba.beta,True,3,3,0.0035364627838134766,0.04727005958557129,0.0014567375183105469,0.05226325988769531,11,3,0,0,0,5,15,10,3,31,0,547,8614
oliveira/04_13/randm04.02.02.04.020_0030.01.aba.beta,True,1,1,0.0007872581481933594,0.029518842697143555,0.0012056827545166016,0.031511783599853516,3,1,0,0,0,1,3,3,1,2,0,529,8558
oliveira/04_13/randm04.02.02.04.020_0030.02.aba.beta,True,1,1,0.0008158683776855469,0.030779361724853516,0.0012392997741699219,0.032834529876708984,3,1,0,0,0,1,3,3,1,2,0,531,8570
oliveira/04_13/randm04.02.02.04.020_0030.03.aba.beta,True,1,1,0.0010161399841308594,0.00240325927734375,0.0011601448059082031,0.0045795440673828125,3,1,0,0,0,1,3,3,1,2,0,532,8571
oliveira/04_13/randm04.02.02.04.020_0030.04.aba.beta,True,1,1,0.0010480880737304688,0.0020318031311035156,0.0011668205261230469,0.004246711730957031,3,1,0,0,0,1,3,3,1,2,0,535,8587
oliveira/04_13/randm04.02.02.04.020_0030.05.aba.beta,True,1,1,0.0009565353393554688,0.0020482540130615234,0.0010766983032226562,0.0040814876556396484,3,1,0,0,0,1,3,3,1,2,0,539,8598
oliveira/04_13/randm04.02.02.05.020_0030.01.aba.beta,True,1,2,0.0015513896942138672,0.004331350326538086,0.001046895980834961,0.006929636001586914,5,1,0,0,0,1,5,5,1,6,0,533,8580
oliveira/04_13/randm04.02.02.05.020_0030.02.aba.beta,True,1,2,0.0013263225555419922,0.0027344226837158203,0.001163482666015625,0.0052242279052734375,5,1,0,0,0,1,5,5,1,6,0,529,8561
oliveira/04_13/randm04.02.02.05.020_0030.03.aba.beta,True,1,2,0.0013761520385742188,0.0029058456420898438,0.0010881423950195312,0.005370140075683594,5,1,0,0,0,1,5,5,1,6,0,538,8604
oliveira/04_13/randm04.02.02.05.020_0030.04.aba.beta,True,1,2,0.0010752677917480469,0.0032024383544921875,0.0012249946594238281,0.0055027008056640625,5,1,0,0,0,1,5,5,1,6,0,531,8548
oliveira/04_13/randm04.02.02.05.020_0030.05.aba.beta,True,1,2,0.0011076927185058594,0.0032651424407958984,0.0010886192321777344,0.005461454391479492,5,1,0,0,0,1,5,5,1,6,0,528,8549
oliveira/04_13/randm04.02.02.06.020_0030.01.aba.beta,True,2,3,0.0021703243255615234,0.009630203247070312,0.0011653900146484375,0.012965917587280273,8,2,0,0,0,3,12,8,2,17,0,534,8558
oliveira/04_13/randm04.02.02.06.020_0030.02.aba.beta,True,2,3,0.0023376941680908203,0.010080814361572266,0.001361846923828125,0.013780355453491211,8,2,0,0,0,3,16,8,2,21,0,552,8677
oliveira/04_13/randm04.02.02.06.020_0030.03.aba.beta,True,4,3,0.00493311882019043,0.014089584350585938,0.0012629032135009766,0.020285606384277344,9,4,0,0,0,4,19,9,1,33,0,563,8743
oliveira/04_13/randm04.02.02.06.020_0030.04.aba.beta,True,4,3,0.004768848419189453,0.015954256057739258,0.0012431144714355469,0.021966218948364258,9,4,0,0,0,4,29,9,1,49,0,582,9018
oliveira/04_13/randm04.02.02.06.020_0030.05.aba.beta,True,2,3,0.0024657249450683594,0.009130477905273438,0.0011496543884277344,0.012745857238769531,8,2,0,0,0,3,10,8,2,15,0,546,8620
oliveira/04_13/randm04.02.02.07.020_0030.01.aba.beta,True,1,2,0.0010161399841308594,0.003391742706298828,0.0012023448944091797,0.005610227584838867,5,1,0,0,0,1,5,5,1,6,0,531,8557
oliveira/04_13/randm04.02.02.07.020_0030.02.aba.beta,True,1,2,0.0022330284118652344,0.0051424503326416016,0.001195669174194336,0.008571147918701172,5,1,0,0,0,1,5,5,1,6,0,531,8567
oliveira/04_13/randm04.02.02.07.020_0030.03.aba.beta,True,1,2,0.0010845661163330078,0.002775430679321289,0.0014917850494384766,0.0053517818450927734,5,1,0,0,0,1,5,5,1,6,0,538,8600
oliveira/04_13/randm04.02.02.07.020_0030.04.aba.beta,True,1,2,0.0011172294616699219,0.003974437713623047,0.0010645389556884766,0.006156206130981445,5,1,0,0,0,1,5,5,1,6,0,538,8598
oliveira/04_13/randm04.02.02.07.020_0030.05.aba.beta,True,1,2,0.0010404586791992188,0.006742954254150391,0.0011394023895263672,0.008922815322875977,5,1,0,0,0,1,5,5,1,6,0,541,8614
oliveira/04_13/randm04.02.02.08.020_0030.01.aba.beta,True,11,4,0.018004179000854492,0.1171722412109375,0.0017189979553222656,0.13689541816711426,25,11,0,0,0,17,64,24,7,203,0,848,12480
oliveira/04_13/randm04.02.02.08.020_0030.02.aba.beta,True,9,4,0.014246463775634766,0.07164859771728516,0.001569986343383789,0.08746504783630371,20,9,0,0,0,12,48,18,4,153,0,715,10801
oliveira/04_13/randm04.02.02.08.020_0030.03.aba.beta,True,7,4,0.011106491088867188,0.028090715408325195,0.0015037059783935547,0.04070091247558594,13,7,0,0,0,7,20,13,1,52,0,685,10478
oliveira/04_13/randm04.02.02.08.020_0030.04.aba.beta,True,5,4,0.006387948989868164,0.01756906509399414,0.0012192726135253906,0.025176286697387695,11,5,0,0,0,5,11,11,1,31,0,561,8660
oliveira/04_13/randm04.02.02.08.020_0030.05.aba.beta,True,8,4,0.011796236038208008,0.07485222816467285,0.0015251636505126953,0.08817362785339355,22,8,0,0,0,14,46,21,7,127,0,689,10150
oliveira/04_13/randm04.02.02.09.020_0030.01.aba.beta,True,2,3,0.00287628173828125,0.017795801162719727,0.0010306835174560547,0.02170276641845703,12,2,0,0,0,5,13,12,4,27,0,541,8608
oliveira/04_13/randm04.02.02.09.020_0030.02.aba.beta,True,2,3,0.0029709339141845703,0.02004551887512207,0.0011591911315917969,0.024175643920898438,12,2,0,0,0,5,17,11,4,31,0,534,8569
oliveira/04_13/randm04.02.02.09.020_0030.03.aba.beta,True,2,3,0.004801750183105469,0.013028144836425781,0.0011076927185058594,0.01893758773803711,10,2,0,0,0,4,16,10,3,25,0,545,8636
oliveira/04_13/randm04.02.02.09.020_0030.04.aba.beta,True,2,3,0.004792451858520508,0.016429901123046875,0.0012776851654052734,0.022500038146972656,10,2,0,0,0,4,22,10,3,31,0,553,8716
oliveira/04_13/randm04.02.02.09.020_0030.05.aba.beta,True,2,3,0.00302886962890625,0.01929759979248047,0.0011897087097167969,0.023516178131103516,12,2,0,0,0,5,20,12,4,34,0,549,8669
oliveira/04_13/randm04.02.02.10.020_0030.01.aba.beta,True,3,4,0.004480600357055664,0.03688645362854004,0.0012814998626708984,0.0426485538482666,15,3,0,0,0,7,38,14,5,57,0,593,9290
oliveira/04_13/randm04.02.02.10.020_0030.02.aba.beta,True,2,4,0.0029010772705078125,0.023427724838256836,0.0012111663818359375,0.027539968490600586,14,2,0,0,0,6,19,13,5,37,0,530,8565
oliveira/04_13/randm04.02.02.10.020_0030.03.aba.beta,True,2,4,0.004518270492553711,0.05091571807861328,0.001302957534790039,0.05673694610595703,16,2,0,0,0,9,39,16,8,61,0,562,8955
oliveira/04_13/randm04.02.02.10.020_0030.04.aba.beta,True,2,4,0.005278348922729492,0.030009031295776367,0.0012142658233642578,0.03650164604187012,14,2,0,0,0,6,30,13,5,47,0,555,8784
oliveira/04_13/randm04.02.02.10.020_0030.05.aba.beta,True,2,4,0.0032808780670166016,0.02975296974182129,0.0014073848724365234,0.034441232681274414,14,2,0,0,0,6,31,13,5,48,0,560,8819
oliveira/04_13/randm04.02.02.11.020_0030.01.aba.beta,True,7,4,0.008646249771118164,0.027760982513427734,0.0031092166900634766,0.039516448974609375,13,7,0,0,0,7,18,13,1,36,0,1329,20771
oliveira/04_13/randm04.02.02.11.020_0030.02.aba.beta,True,7,4,0.011141061782836914,0.026440858840942383,0.002977132797241211,0.04055905342102051,13,7,0,0,0,7,13,13,1,31,0,1290,20261
oliveira/04_13/randm04.02.02.11.020_0030.03.aba.beta,True,7,4,0.01115870475769043,0.026417970657348633,0.0017964839935302734,0.039373159408569336,13,7,0,0,0,7,14,13,1,38,0,846,13003
oliveira/04_13/randm04.02.02.11.020_0030.04.aba.beta,True,7,4,0.009460210800170898,0.027191877365112305,0.002217531204223633,0.038869619369506836,13,7,0,0,0,7,14,12,1,38,0,940,14680
oliveira/04_13/randm04.02.02.11.020_0030.05.aba.beta,True,8,4,0.009094476699829102,0.029502153396606445,0.0024957656860351562,0.0410923957824707,14,8,0,0,0,8,15,13,1,39,0,1183,19109
oliveira/04_13/randm04.02.02.12.020_0030.01.aba.beta,True,2,3,0.0023484230041503906,0.013251781463623047,0.0012371540069580078,0.016837358474731445,10,2,0,0,0,4,16,10,3,25,0,545,8621
oliveira/04_13/randm04.02.02.12.020_0030.02.aba.beta,True,2,3,0.002321958541870117,0.01285862922668457,0.0012428760528564453,0.016423463821411133,10,2,0,0,0,4,15,10,3,24,0,550,8653
oliveira/04_13/randm04.02.02.12.020_0030.03.aba.beta,True,2,3,0.002929210662841797,0.017393112182617188,0.0012798309326171875,0.021602153778076172,12,2,0,0,0,5,15,12,4,29,0,551,8639
oliveira/04_13/randm04.02.02.12.020_0030.04.aba.beta,True,2,3,0.005488872528076172,0.01621222496032715,0.0012106895446777344,0.022911787033081055,12,2,0,0,0,5,13,12,4,27,0,541,8599
oliveira/04_13/randm04.02.02.12.020_0030.05.aba.beta,True,2,3,0.002663850784301758,0.01686859130859375,0.0012767314910888672,0.020809173583984375,12,2,0,0,0,5,17,12,4,31,0,540,8607
oliveira/04_13/randm04.02.02.13.020_0030.01.aba.beta,True,1,1,0.0032608509063720703,0.0017251968383789062,0.0014209747314453125,0.006407022476196289,3,1,0,0,0,1,3,3,1,2,0,528,8539
oliveira/04_13/randm04.02.02.13.020_0030.02.aba.beta,True,1,1,0.002716064453125,0.0018885135650634766,0.0011630058288574219,0.0057675838470458984,3,1,0,0,0,1,3,3,1,2,0,535,8584
oliveira/04_13/randm04.02.02.13.020_0030.03.aba.beta,True,1,1,0.000583648681640625,0.0042421817779541016,0.0011820793151855469,0.0060079097747802734,3,1,0,0,0,1,3,3,1,2,0,534,8583
oliveira/04_13/randm04.02.02.13.020_0030.04.aba.beta,True,1,1,0.0006563663482666016,0.0025446414947509766,0.0011935234069824219,0.00439453125,3,1,0,0,0,1,3,3,1,2,0,537,8593
oliveira/04_13/randm04.02.02.13.020_0030.05.aba.beta,True,1,1,0.0028853416442871094,0.002021312713623047,0.0014946460723876953,0.0064013004302978516,3,1,0,0,0,1,3,3,1,2,0,543,8623
oliveira/04_13/randm04.02.02.14.020_0030.01.aba.beta,True,5,4,0.008958816528320312,0.020917415618896484,0.0012009143829345703,0.031077146530151367,11,5,0,0,0,5,26,11,1,44,0,577,8859
oliveira/04_13/randm04.02.02.14.020_0030.02.aba.beta,True,5,4,0.006724119186401367,0.018031835556030273,0.0012094974517822266,0.025965452194213867,11,5,0,0,0,5,12,10,1,27,0,555,8635
oliveira/04_13/randm04.02.02.14.020_0030.03.aba.beta,True,3,4,0.004252195358276367,0.02966785430908203,0.0012025833129882812,0.03512263298034668,15,3,0,0,0,7,23,15,5,53,0,562,8757
oliveira/04_13/randm04.02.02.14.020_0030.04.aba.beta,True,3,4,0.004815101623535156,0.03812599182128906,0.0013358592987060547,0.04427695274353027,17,3,0,0,0,9,22,16,7,53,0,554,8684
oliveira/04_13/randm04.02.02.14.020_0030.05.aba.beta,True,4,4,0.0048770904541015625,0.01378321647644043,0.001201629638671875,0.019861936569213867,10,4,0,0,0,4,12,10,1,22,0,546,8595
oliveira/04_13/randm04.02.02.15.020_0030.01.aba.beta,True,1,2,0.001096487045288086,0.002692699432373047,0.0011334419250488281,0.004922628402709961,5,1,0,0,0,1,5,4,1,6,0,533,8586
oliveira/04_13/randm04.02.02.15.020_0030.02.aba.beta,True,1,2,0.0027303695678710938,0.002366781234741211,0.0012540817260742188,0.0063512325286865234,5,1,0,0,0,1,5,5,1,6,0,532,8581
oliveira/04_13/randm04.02.02.15.020_0030.03.aba.beta,True,1,2,0.0010595321655273438,0.0024819374084472656,0.0011265277862548828,0.004667997360229492,5,1,0,0,0,1,5,5,1,6,0,541,8605
oliveira/04_13/randm04.02.02.15.020_0030.04.aba.beta,True,1,2,0.0010976791381835938,0.0024802684783935547,0.0012352466583251953,0.004813194274902344,5,1,0,0,0,1,5,5,1,6,0,542,8616
oliveira/04_13/randm04.02.02.15.020_0030.05.aba.beta,True,1,2,0.0014433860778808594,0.0026214122772216797,0.0012149810791015625,0.0052797794342041016,5,1,0,0,0,1,5,5,1,6,0,534,8580
oliveira/04_13/randm04.02.02.16.020_0030.01.aba.beta,True,6,3,0.007075071334838867,0.029126405715942383,0.0014147758483886719,0.03761625289916992,12,6,0,0,0,7,40,12,2,71,0,621,9478
oliveira/04_13/randm04.02.02.16.020_0030.02.aba.beta,True,5,3,0.006067514419555664,0.026849746704101562,0.0012650489807128906,0.03418231010437012,13,5,0,0,0,7,23,12,3,56,0,576,8806
oliveira/04_13/randm04.02.02.16.020_0030.03.aba.beta,True,5,3,0.005442142486572266,0.0343480110168457,0.0014028549194335938,0.04119300842285156,13,5,0,0,0,7,54,13,3,84,0,636,9785
oliveira/04_13/randm04.02.02.16.020_0030.04.aba.beta,True,5,3,0.005607128143310547,0.029996633529663086,0.0013546943664550781,0.03695845603942871,13,5,0,0,0,7,32,13,3,82,0,611,9297
oliveira/04_13/randm04.02.02.16.020_0030.05.aba.beta,True,6,3,0.007047176361083984,0.027654409408569336,0.0013489723205566406,0.03605055809020996,12,6,0,0,0,7,28,12,2,77,0,604,9151
oliveira/04_13/randm04.02.02.17.020_0030.01.aba.beta,True,2,3,0.0024518966674804688,0.013363361358642578,0.0011348724365234375,0.016950130462646484,10,2,0,0,0,4,16,10,3,25,0,549,8649
oliveira/04_13/randm04.02.02.17.020_0030.02.aba.beta,True,2,3,0.0025451183319091797,0.01564192771911621,0.0012917518615722656,0.019478797912597656,10,2,0,0,0,4,22,10,3,31,0,553,8710
oliveira/04_13/randm04.02.02.17.020_0030.03.aba.beta,True,2,3,0.0026400089263916016,0.016507863998413086,0.0012309551239013672,0.020378828048706055,12,2,0,0,0,5,16,12,4,30,0,535,8562
oliveira/04_13/randm04.02.02.17.020_0030.04.aba.beta,True,2,3,0.00293731689453125,0.016960620880126953,0.0012221336364746094,0.021120071411132812,12,2,0,0,0,5,18,12,4,32,0,535,8572
oliveira/04_13/randm04.02.02.17.020_0030.05.aba.beta,True,2,3,0.002384185791015625,0.014963626861572266,0.0016644001007080078,0.0190122127532959,10,2,0,0,0,4,17,10,3,26,0,540,8576
oliveira/04_13/randm04.02.02.18.020_0030.01.aba.beta,True,6,4,0.008037567138671875,0.033540964126586914,0.0012748241424560547,0.042853355407714844,15,6,0,0,0,8,22,15,3,52,0,608,9200
oliveira/04_13/randm04.02.02.18.020_0030.02.aba.beta,True,3,4,0.0037355422973632812,0.022458553314208984,0.001313924789428711,0.027508020401000977,13,3,0,0,0,6,19,13,4,42,0,561,8719
oliveira/04_13/randm04.02.02.18.020_0030.03.aba.beta,True,4,4,0.0054967403411865234,0.04166293144226074,0.0012736320495605469,0.04843330383300781,16,4,0,0,0,9,22,15,6,56,0,567,8749
oliveira/04_13/randm04.02.02.18.020_0030.04.aba.beta,True,5,4,0.007161617279052734,0.031769752502441406,0.001607656478881836,0.04053902626037598,14,5,0,0,0,7,44,14,3,73,0,726,11214
oliveira/04_13/randm04.02.02.18.020_0030.05.aba.beta,True,6,4,0.008586406707763672,0.03433585166931152,0.0013523101806640625,0.04427456855773926,15,6,0,0,0,8,28,15,3,66,0,587,8928
oliveira/04_13/randm04.02.02.19.020_0030.01.aba.beta,True,3,3,0.003693819046020508,0.01891303062438965,0.0012230873107910156,0.023829936981201172,11,3,0,0,0,5,21,11,3,39,0,556,8704
oliveira/04_13/randm04.02.02.19.020_0030.02.aba.beta,True,3,3,0.0035092830657958984,0.01919269561767578,0.0012259483337402344,0.023927927017211914,11,3,0,0,0,5,21,11,3,43,0,568,8790
oliveira/04_13/randm04.02.02.19.020_0030.03.aba.beta,True,4,3,0.004363536834716797,0.025523900985717773,0.0012903213500976562,0.031177759170532227,14,4,0,0,0,7,23,13,4,52,0,562,8741
oliveira/04_13/randm04.02.02.19.020_0030.04.aba.beta,True,5,3,0.005507230758666992,0.029786348342895508,0.0012841224670410156,0.036577701568603516,15,5,0,0,0,8,17,14,4,48,0,561,8672
oliveira/04_13/randm04.02.02.19.020_0030.05.aba.beta,True,4,3,0.00512385368347168,0.024408578872680664,0.001233816146850586,0.03076624870300293,12,4,0,0,0,6,23,11,3,55,0,573,8836
oliveira/04_13/randm05.02.02.01.020_0030.01.aba.beta,True,4,3,0.00499415397644043,0.015474796295166016,0.0012171268463134766,0.021686077117919922,10,4,0,0,0,5,16,10,2,34,0,556,8660
oliveira/04_13/randm05.02.02.01.020_0030.02.aba.beta,True,4,3,0.0044095516204833984,0.01700568199157715,0.0012569427490234375,0.022672176361083984,10,4,0,0,0,5,22,10,2,39,0,567,8781
oliveira/04_13/randm05.02.02.01.020_0030.03.aba.beta,True,6,3,0.006905317306518555,0.019608497619628906,0.0012276172637939453,0.027741432189941406,11,6,0,0,0,6,16,10,1,45,0,584,8801
oliveira/04_13/randm05.02.02.01.020_0030.04.aba.beta,True,3,3,0.0033464431762695312,0.008970260620117188,0.0012445449829101562,0.013561248779296875,8,3,0,0,0,3,14,8,1,22,0,548,8633
oliveira/04_13/randm05.02.02.01.020_0030.05.aba.beta,True,4,3,0.004570960998535156,0.01328897476196289,0.0013232231140136719,0.01918315887451172,9,4,0,0,0,4,19,9,1,33,0,548,8650
oliveira/04_13/randm05.02.02.02.020_0030.01.aba.beta,True,2,3,0.002360105514526367,0.005568742752075195,0.0011341571807861328,0.009063005447387695,7,2,0,0,0,2,7,7,1,12,0,524,8509
oliveira/04_13/randm05.02.02.02.020_0030.02.aba.beta,True,2,3,0.002321958541870117,0.01140284538269043,0.0012025833129882812,0.014927387237548828,10,2,0,0,0,4,16,9,3,25,0,544,8631
oliveira/04_13/randm05.02.02.02.020_0030.03.aba.beta,True,2,3,0.002059459686279297,0.01537466049194336,0.0013632774353027344,0.01879739761352539,10,2,0,0,0,4,23,10,3,32,0,544,8682
oliveira/04_13/randm05.02.02.02.020_0030.04.aba.beta,True,2,3,0.002160787582397461,0.005257129669189453,0.001245260238647461,0.008663177490234375,7,2,0,0,0,2,7,7,1,12,0,537,8583
oliveira/04_13/randm05.02.02.02.020_0030.05.aba.beta,True,2,3,0.0021657943725585938,0.005532979965209961,0.00115203857421875,0.008850812911987305,7,2,0,0,0,2,7,7,1,12,0,535,8572
oliveira/04_13/randm05.02.02.03.020_0030.01.aba.beta,True,1,1,0.0007200241088867188,0.0018329620361328125,0.0012507438659667969,0.003803730010986328,3,1,0,0,0,1,3,3,1,2,0,543,8619
oliveira/04_13/randm05.02.02.03.020_0030.02.aba.beta,True,1,1,0.0009860992431640625,0.00189971923828125,0.0012619495391845703,0.004147768020629883,3,1,0,0,0,1,3,3,1,2,0,538,8597
oliveira/04_13/randm05.02.02.03.020_0030.03.aba.beta,True,1,1,0.000993967056274414,0.0022220611572265625,0.0011649131774902344,0.004380941390991211,3,1,0,0,0,1,3,3,1,2,0,537,8598
oliveira/04_13/randm05.02.02.03.020_0030.04.aba.beta,True,1,1,0.0009393692016601562,0.0016684532165527344,0.0012514591217041016,0.003859281539916992,3,1,0,0,0,1,3,3,1,2,0,534,8583
oliveira/04_13/randm05.02.02.03.020_0030.05.aba.beta,True,1,1,0.0010242462158203125,0.0017254352569580078,0.0012440681457519531,0.0039937496185302734,3,1,0,0,0,1,3,3,1,2,0,521,8531
oliveira/04_13/randm05.02.02.04.020_0030.01.aba.beta,True,4,5,0.00961756706237793,0.05857563018798828,0.0012238025665283203,0.06941699981689453,22,4,0,0,0,12,25,20,9,68,0,561,8681
oliveira/04_13/randm05.02.02.04.020_0030.02.aba.beta,True,3,5,0.005332231521606445,0.03389120101928711,0.0013606548309326172,0.04058408737182617,15,3,0,0,0,8,24,15,6,47,0,581,9119
oliveira/04_13/randm05.02.02.04.020_0030.03.aba.beta,True,3,5,0.005249500274658203,0.047092437744140625,0.0012421607971191406,0.05358409881591797,15,3,0,0,0,10,24,15,8,51,0,571,8783
oliveira/04_13/randm05.02.02.04.020_0030.04.aba.beta,True,11,5,0.018978595733642578,0.07759404182434082,0.0016531944274902344,0.09822583198547363,21,11,0,0,0,13,44,21,3,144,0,772,11322
oliveira/04_13/randm05.02.02.04.020_0030.05.aba.beta,True,11,5,0.01594853401184082,0.07673883438110352,0.0013439655303955078,0.09403133392333984,21,11,0,0,0,13,43,21,3,143,0,691,10125
oliveira/04_13/randm05.02.02.05.020_0030.01.aba.beta,True,3,4,0.0056934356689453125,0.051017045974731445,0.0012018680572509766,0.057912349700927734,17,3,0,0,0,10,20,16,8,51,0,551,8627
oliveira/04_13/randm05.02.02.05.020_0030.02.aba.beta,True,4,4,0.00551915168762207,0.03744387626647949,0.0013823509216308594,0.04434537887573242,17,4,0,0,0,8,19,17,5,53,0,554,8640
oliveira/04_13/randm05.02.02.05.020_0030.03.aba.beta,True,4,4,0.005438566207885742,0.03398752212524414,0.0012850761413574219,0.040711164474487305,17,4,0,0,0,8,31,16,5,65,0,565,8803
oliveira/04_13/randm05.02.02.05.020_0030.04.aba.beta,True,5,4,0.006853580474853516,0.04361867904663086,0.0032472610473632812,0.053719520568847656,18,5,0,0,0,9,38,17,5,103,0,609,9408
oliveira/04_13/randm05.02.02.05.020_0030.05.aba.beta,True,5,4,0.008022785186767578,0.06479430198669434,0.0012805461883544922,0.0740976333618164,19,5,0,0,0,12,42,19,8,97,0,627,9606
oliveira/04_13/randm05.02.02.06.020_0030.01.aba.beta,True,6,5,0.009234905242919922,0.05431032180786133,0.0014345645904541016,0.06497979164123535,20,6,0,0,0,12,31,17,7,82,0,658,10089
oliveira/04_13/randm05.02.02.06.020_0030.02.aba.beta,True,5,5,0.008284568786621094,0.04680156707763672,0.00125885009765625,0.05634498596191406,19,5,0,0,0,11,26,18,7,78,0,582,8831
oliveira/04_13/randm05.02.02.06.020_0030.03.aba.beta,True,8,5,0.013383150100708008,0.11933469772338867,0.00142669677734375,0.13414454460144043,28,8,0,0,0,19,57,25,12,163,0,660,9872
oliveira/04_13/randm05.02.02.06.020_0030.04.aba.beta,True,10,5,0.018970489501953125,0.23246145248413086,0.001689910888671875,0.25312185287475586,36,10,0,0,0,30,81,29,21,225,0,830,12257
oliveira/04_13/randm05.02.02.06.020_0030.05.aba.beta,True,10,5,0.022328615188598633,0.09401249885559082,0.0013921260833740234,0.11773324012756348,24,10,0,0,0,17,35,22,8,142,0,703,10200
oliveira/04_13/randm05.02.02.07.020_0030.01.aba.beta,True,13,5,0.025144100189208984,0.33461856842041016,0.0029556751251220703,0.3627183437347412,42,13,0,0,0,33,119,37,21,295,0,1355,20392
oliveira/04_13/randm05.02.02.07.020_0030.02.aba.beta,True,9,5,0.016235828399658203,0.18311715126037598,0.0018422603607177734,0.20119524002075195,28,9,0,0,0,21,92,27,13,203,0,852,12927
oliveira/04_13/randm05.02.02.07.020_0030.03.aba.beta,True,13,5,0.025506019592285156,0.22671890258789062,0.0022161006927490234,0.2544410228729248,34,13,0,0,0,26,81,31,14,246,0,1016,15079
oliveira/04_13/randm05.02.02.07.020_0030.04.aba.beta,True,11,5,0.02284097671508789,0.22006916999816895,0.002862691879272461,0.2457728385925293,32,11,0,0,0,24,111,29,14,225,0,1318,20244
oliveira/04_13/randm05.02.02.07.020_0030.05.aba.beta,True,14,5,0.02861618995666504,0.3764643669128418,0.002892017364501953,0.4079725742340088,43,14,0,0,0,34,120,32,21,288,0,1357,20310
oliveira/04_13/randm05.02.02.08.020_0030.01.aba.beta,True,4,3,0.004925251007080078,0.01762223243713379,0.0016491413116455078,0.024196624755859375,10,4,0,0,0,5,18,10,2,30,0,789,12484
oliveira/04_13/randm05.02.02.08.020_0030.02.aba.beta,True,4,3,0.004754304885864258,0.016988515853881836,0.0020101070404052734,0.023752927780151367,10,4,0,0,0,5,20,10,2,33,0,962,15132
oliveira/04_13/randm05.02.02.08.020_0030.03.aba.beta,True,4,3,0.006901979446411133,0.013359546661376953,0.0012578964233398438,0.02151942253112793,9,4,0,0,0,4,16,8,1,29,0,558,8690
oliveira/04_13/randm05.02.02.08.020_0030.04.aba.beta,True,4,3,0.004813671112060547,0.013373851776123047,0.0011987686157226562,0.01938629150390625,9,4,0,0,0,4,13,9,1,25,0,554,8652
oliveira/04_13/randm05.02.02.08.020_0030.05.aba.beta,True,4,3,0.007395267486572266,0.016139507293701172,0.0017704963684082031,0.02530527114868164,10,4,0,0,0,5,14,10,2,26,0,851,13362
oliveira/04_13/randm05.02.02.09.020_0030.01.aba.beta,True,5,4,0.007877111434936523,0.050940752029418945,0.0015325546264648438,0.06035041809082031,15,5,0,0,0,10,43,15,6,86,0,657,10160
oliveira/04_13/randm05.02.02.09.020_0030.02.aba.beta,True,4,4,0.007985591888427734,0.052553415298461914,0.0012993812561035156,0.061838388442993164,18,4,0,0,0,11,34,15,8,79,0,585,8957
oliveira/04_13/randm05.02.02.09.020_0030.03.aba.beta,True,5,4,0.009722471237182617,0.03261160850524902,0.0013751983642578125,0.04370927810668945,14,5,0,0,0,7,36,13,3,70,0,647,9952
oliveira/04_13/randm05.02.02.09.020_0030.04.aba.beta,True,3,4,0.004225730895996094,0.017116785049438477,0.0012004375457763672,0.022542953491210938,12,3,0,0,0,5,14,11,3,31,0,550,8635
oliveira/04_13/randm05.02.02.09.020_0030.05.aba.beta,True,4,4,0.005962848663330078,0.022916793823242188,0.0011675357818603516,0.030047178268432617,13,4,0,0,0,6,28,12,3,56,0,570,8880
oliveira/04_13/randm05.02.02.10.020_0030.01.aba.beta,True,12,5,0.02147960662841797,0.1058506965637207,0.0023643970489501953,0.12969470024108887,26,12,0,0,0,17,45,24,6,171,0,1116,16750
oliveira/04_13/randm05.02.02.10.020_0030.02.aba.beta,True,7,5,0.011619806289672852,0.11078000068664551,0.0020513534545898438,0.1244511604309082,27,7,0,0,0,19,45,25,13,144,0,923,14052
oliveira/04_13/randm05.02.02.10.020_0030.03.aba.beta,True,7,5,0.013434410095214844,0.09227442741394043,0.0013964176177978516,0.10710525512695312,25,7,0,0,0,16,40,24,10,146,0,627,9403
oliveira/04_13/randm05.02.02.10.020_0030.04.aba.beta,True,8,5,0.015307426452636719,0.08858633041381836,0.002518892288208008,0.10641264915466309,24,8,0,0,0,16,32,22,9,111,0,1136,17560
oliveira/04_13/randm05.02.02.10.020_0030.05.aba.beta,True,9,5,0.019291162490844727,0.1192617416381836,0.002259492874145508,0.14081239700317383,26,9,0,0,0,18,53,23,10,128,0,1062,16360
oliveira/04_13/randm05.02.02.11.020_0030.01.aba.beta,True,10,5,0.014992237091064453,0.06686544418334961,0.00473785400390625,0.08659553527832031,19,10,0,0,0,14,28,18,5,70,0,2206,34269
oliveira/04_13/randm05.02.02.11.020_0030.02.aba.beta,True,9,5,0.014075994491577148,0.06480288505554199,0.004073143005371094,0.08295202255249023,19,9,0,0,0,13,36,19,5,75,0,1797,28435
oliveira/04_13/randm05.02.02.11.020_0030.03.aba.beta,True,11,5,0.016692161560058594,0.0947883129119873,0.0015609264373779297,0.11304140090942383,22,11,0,0,0,15,55,19,5,173,0,762,11372
oliveira/04_13/randm05.02.02.11.020_0030.04.aba.beta,True,9,5,0.013533353805541992,0.07182955741882324,0.0014445781707763672,0.0868074893951416,19,9,0,0,0,13,48,19,5,130,0,695,10374
oliveira/04_13/randm05.02.02.11.020_0030.05.aba.beta,True,9,5,0.012886524200439453,0.07285094261169434,0.003121614456176758,0.08885908126831055,20,9,0,0,0,14,35,19,6,81,0,1500,23420
oliveira/04_13/randm05.02.02.12.020_0030.01.aba.beta,True,4,3,0.004773139953613281,0.021224498748779297,0.0011615753173828125,0.02715921401977539,13,4,0,0,0,6,21,12,3,48,0,568,8771
oliveira/04_13/randm05.02.02.12.020_0030.02.aba.beta,True,3,3,0.005501508712768555,0.021100759506225586,0.001165151596069336,0.027767419815063477,13,3,0,0,0,6,19,13,4,39,0,558,8694
oliveira/04_13/randm05.02.02.12.020_0030.03.aba.beta,True,5,3,0.008089303970336914,0.03585362434387207,0.0013270378112792969,0.04526996612548828,15,5,0,0,0,8,35,12,4,79,0,587,9156
oliveira/04_13/randm05.02.02.12.020_0030.04.aba.beta,True,5,3,0.005933523178100586,0.02962803840637207,0.0013074874877929688,0.036869049072265625,13,5,0,0,0,7,33,13,3,69,0,598,9126
oliveira/04_13/randm05.02.02.12.020_0030.05.aba.beta,True,4,3,0.004466056823730469,0.023038148880004883,0.0013272762298583984,0.02883148193359375,12,4,0,0,0,6,28,12,3,53,0,601,9280
oliveira/04_13/randm05.02.02.13.020_0030.01.aba.beta,True,10,5,0.01778388023376465,0.07858610153198242,0.001550912857055664,0.09792089462280273,24,10,0,0,0,13,54,23,4,148,0,719,10729
oliveira/04_13/randm05.02.02.13.020_0030.02.aba.beta,True,7,5,0.019304990768432617,0.17375874519348145,0.0012557506561279297,0.194319486618042,37,7,0,0,0,27,49,32,21,174,0,611,9122
oliveira/04_13/randm05.02.02.13.020_0030.03.aba.beta,True,5,5,0.011205434799194336,0.15811920166015625,0.0014240741729736328,0.17074871063232422,31,5,0,0,0,22,64,29,18,148,0,661,10151
oliveira/04_13/randm05.02.02.13.020_0030.04.aba.beta,True,6,5,0.01367044448852539,0.11878180503845215,0.0013713836669921875,0.13382363319396973,26,6,0,0,0,19,49,23,14,144,0,647,9804
oliveira/04_13/randm05.02.02.13.020_0030.05.aba.beta,True,12,5,0.023957014083862305,0.14902138710021973,0.001711130142211914,0.17468953132629395,30,12,0,0,0,21,64,26,10,190,0,797,11609
oliveira/04_13/randm05.02.02.14.020_0030.01.aba.beta,True,1,1,0.0005733966827392578,0.0023000240325927734,0.0011608600616455078,0.004034280776977539,3,1,0,0,0,1,3,3,1,2,0,531,8569
oliveira/04_13/randm05.02.02.14.020_0030.02.aba.beta,True,1,1,0.0010030269622802734,0.0017855167388916016,0.0011148452758789062,0.0039033889770507812,3,1,0,0,0,1,3,3,1,2,0,530,8565
oliveira/04_13/randm05.02.02.14.020_0030.03.aba.beta,True,1,1,0.00074005126953125,0.001983642578125,0.0011546611785888672,0.003878355026245117,3,1,0,0,0,1,3,3,1,2,0,541,8613
oliveira/04_13/randm05.02.02.14.020_0030.04.aba.beta,True,1,1,0.0007829666137695312,0.0017249584197998047,0.0011360645294189453,0.0036439895629882812,3,1,0,0,0,1,3,3,1,2,0,532,8544
oliveira/04_13/randm05.02.02.14.020_0030.05.aba.beta,True,1,1,0.0011324882507324219,0.0018444061279296875,0.001155853271484375,0.004132747650146484,3,1,0,0,0,1,3,3,1,2,0,530,8544
oliveira/04_13/randm05.02.02.15.020_0030.01.aba.beta,True,2,3,0.002414226531982422,0.01332402229309082,0.0012295246124267578,0.0169677734375,10,2,0,0,0,4,17,10,3,26,0,537,8584
oliveira/04_13/randm05.02.02.15.020_0030.02.aba.beta,True,4,3,0.004991292953491211,0.025862455368041992,0.0011696815490722656,0.03202342987060547,14,4,0,0,0,7,17,14,4,42,0,559,8668
oliveira/04_13/randm05.02.02.15.020_0030.03.aba.beta,True,4,3,0.004693746566772461,0.024451255798339844,0.0011653900146484375,0.030310392379760742,14,4,0,0,0,7,18,14,4,43,0,558,8666
oliveira/04_13/randm05.02.02.15.020_0030.04.aba.beta,True,2,3,0.0026137828826904297,0.013637542724609375,0.0011985301971435547,0.01744985580444336,10,2,0,0,0,4,18,10,3,27,0,546,8654
oliveira/04_13/randm05.02.02.15.020_0030.05.aba.beta,True,2,3,0.0045397281646728516,0.012752056121826172,0.0011341571807861328,0.018425941467285156,10,2,0,0,0,4,15,10,3,24,0,549,8644
oliveira/04_13/randm05.02.02.16.020_0030.01.aba.beta,True,1,1,0.003217458724975586,0.0017387866973876953,0.0012335777282714844,0.006189823150634766,3,1,0,0,0,1,3,3,1,2,0,534,8587
oliveira/04_13/randm05.02.02.16.020_0030.02.aba.beta,True,1,1,0.0009233951568603516,0.0019540786743164062,0.0011227130889892578,0.004000186920166016,3,1,0,0,0,1,3,3,1,2,0,540,8611
oliveira/04_13/randm05.02.02.16.020_0030.03.aba.beta,True,1,1,0.0008497238159179688,0.002110004425048828,0.001110076904296875,0.004069805145263672,3,1,0,0,0,1,3,3,1,2,0,534,8572
oliveira/04_13/randm05.02.02.16.020_0030.04.aba.beta,True,1,1,0.0008003711700439453,0.0020325183868408203,0.0012173652648925781,0.004050254821777344,3,1,0,0,0,1,3,3,1,2,0,543,8622
oliveira/04_13/randm05.02.02.16.020_0030.05.aba.beta,True,1,1,0.0007417201995849609,0.0017848014831542969,0.0011472702026367188,0.0036737918853759766,3,1,0,0,0,1,3,3,1,2,0,543,8624
oliveira/04_13/randm05.02.02.17.020_0030.01.aba.beta,True,8,5,0.011986494064331055,0.04574418067932129,0.0014696121215820312,0.059200286865234375,17,8,0,0,0,9,30,17,2,75,0,668,10112
oliveira/04_13/randm05.02.02.17.020_0030.02.aba.beta,True,7,5,0.009546279907226562,0.037757158279418945,0.0014922618865966797,0.04879570007324219,16,7,0,0,0,8,21,16,2,57,0,683,10449
oliveira/04_13/randm05.02.02.17.020_0030.03.aba.beta,True,9,5,0.015375137329101562,0.14177465438842773,0.0012555122375488281,0.15840530395507812,28,9,0,0,0,23,37,27,15,139,0,625,9174
oliveira/04_13/randm05.02.02.17.020_0030.04.aba.beta,True,11,5,0.021999120712280273,0.11966228485107422,0.002209901809692383,0.14387130737304688,24,11,0,0,0,16,75,22,6,159,0,1092,16485
oliveira/04_13/randm05.02.02.17.020_0030.05.aba.beta,True,6,5,0.013846397399902344,0.0793147087097168,0.0015413761138916016,0.09470248222351074,20,6,0,0,0,12,54,19,7,144,0,706,10700
oliveira/04_13/randm05.02.02.18.020_0030.01.aba.beta,True,1,1,0.001203775405883789,0.0018656253814697266,0.0010361671447753906,0.004105567932128906,3,1,0,0,0,1,3,3,1,2,0,534,8577
oliveira/04_13/randm05.02.02.18.020_0030.02.aba.beta,True,1,1,0.0007231235504150391,0.0017886161804199219,0.0011436939239501953,0.0036554336547851562,3,1,0,0,0,1,3,3,1,2,0,535,8592
oliveira/04_13/randm05.02.02.18.020_0030.03.aba.beta,True,1,1,0.0011200904846191406,0.001880645751953125,0.0011653900146484375,0.004166126251220703,3,1,0,0,0,1,3,3,1,2,0,529,8564
oliveira/04_13/randm05.02.02.18.020_0030.04.aba.beta,True,1,1,0.0011222362518310547,0.0017702579498291016,0.0011227130889892578,0.004015207290649414,3,1,0,0,0,1,3,3,1,2,0,523,8497
oliveira/04_13/randm05.02.02.18.020_0030.05.aba.beta,True,1,1,0.0007581710815429688,0.0018069744110107422,0.0011789798736572266,0.0037441253662109375,3,1,0,0,0,1,3,3,1,2,0,533,8555
oliveira/04_13/randm05.02.02.19.020_0030.01.aba.beta,True,2,3,0.0020630359649658203,0.005497932434082031,0.001249074935913086,0.008810043334960938,7,2,0,0,0,2,7,7,1,12,0,543,8612
oliveira/04_13/randm05.02.02.19.020_0030.02.aba.beta,True,2,3,0.002067089080810547,0.005620241165161133,0.0011136531829833984,0.008800983428955078,7,2,0,0,0,2,7,7,1,12,0,548,8631
oliveira/04_13/randm05.02.02.19.020_0030.03.aba.beta,True,2,3,0.0024437904357910156,0.0164639949798584,0.001127004623413086,0.0200347900390625,12,2,0,0,0,5,16,12,4,30,0,537,8592
oliveira/04_13/randm05.02.02.19.020_0030.04.aba.beta,True,2,3,0.0024471282958984375,0.01594996452331543,0.0011758804321289062,0.019572973251342773,12,2,0,0,0,5,13,12,4,27,0,536,8571
oliveira/04_13/randm05.02.02.19.020_0030.05.aba.beta,True,2,3,0.002045869827270508,0.005524873733520508,0.0011043548583984375,0.008675098419189453,7,2,0,0,0,2,7,7,1,12,0,528,8538
oliveira/04_13/randm06.02.02.01.020_0030.01.aba.beta,True,7,4,0.013972759246826172,0.06317639350891113,0.0013394355773925781,0.07848858833312988,19,7,0,0,0,12,31,19,6,122,0,639,9437
oliveira/04_13/randm06.02.02.01.020_0030.02.aba.beta,True,3,4,0.004337310791015625,0.030969619750976562,0.0011513233184814453,0.03645825386047363,15,3,0,0,0,8,17,15,6,40,0,551,8638
oliveira/04_13/randm06.02.02.01.020_0030.03.aba.beta,True,5,4,0.007999420166015625,0.037934064865112305,0.0013878345489501953,0.047321319580078125,15,5,0,0,0,9,23,15,5,57,0,605,9223
oliveira/04_13/randm06.02.02.01.020_0030.04.aba.beta,True,6,4,0.009638786315917969,0.05124258995056152,0.0013437271118164062,0.0622251033782959,18,6,0,0,0,11,38,18,6,89,0,619,9442
oliveira/04_13/randm06.02.02.01.020_0030.05.aba.beta,True,9,4,0.02028799057006836,0.07532119750976562,0.0015299320220947266,0.09713912010192871,21,9,0,0,0,14,60,20,6,151,0,728,10771
oliveira/04_13/randm06.02.02.02.020_0030.01.aba.beta,True,3,3,0.0032002925872802734,0.009605646133422852,0.0012161731719970703,0.014022111892700195,8,3,0,0,0,3,10,8,1,18,0,573,9040
oliveira/04_13/randm06.02.02.02.020_0030.02.aba.beta,True,2,3,0.0021550655364990234,0.013105630874633789,0.001110076904296875,0.016370773315429688,10,2,0,0,0,4,13,10,3,23,0,521,8482
oliveira/04_13/randm06.02.02.02.020_0030.03.aba.beta,True,2,3,0.002439737319946289,0.013371467590332031,0.001293182373046875,0.017104387283325195,10,2,0,0,0,4,17,10,3,27,0,548,8665
oliveira/04_13/randm06.02.02.02.020_0030.04.aba.beta,True,2,3,0.0030715465545654297,0.013146638870239258,0.0012497901916503906,0.017467975616455078,10,2,0,0,0,4,15,10,3,25,0,547,8639
oliveira/04_13/randm06.02.02.02.020_0030.05.aba.beta,True,3,3,0.0035598278045654297,0.009205818176269531,0.004235029220581055,0.017000675201416016,8,3,0,0,0,3,10,8,1,18,0,548,8621
oliveira/04_13/randm06.02.02.03.020_0030.01.aba.beta,True,7,5,0.010723590850830078,0.04694795608520508,0.002569437026977539,0.060240983963012695,19,7,0,0,0,11,21,16,5,57,0,1226,19024
oliveira/04_13/randm06.02.02.03.020_0030.02.aba.beta,True,9,5,0.018893003463745117,0.05896353721618652,0.005158901214599609,0.08301544189453125,21,9,0,0,0,13,24,20,5,64,0,2396,37858
oliveira/04_13/randm06.02.02.03.020_0030.03.aba.beta,True,9,5,0.013050079345703125,0.049954891204833984,0.001577615737915039,0.06458258628845215,17,9,0,0,0,10,27,16,2,68,0,790,11913
oliveira/04_13/randm06.02.02.03.020_0030.04.aba.beta,True,11,5,0.018271684646606445,0.057314157485961914,0.0015912055969238281,0.07717704772949219,19,11,0,0,0,12,22,18,2,79,0,749,11042
oliveira/04_13/randm06.02.02.03.020_0030.05.aba.beta,True,12,5,0.020127296447753906,0.10880279541015625,0.005677700042724609,0.13460779190063477,25,12,0,0,0,16,42,23,5,126,0,2441,38093
oliveira/04_13/randm06.02.02.04.020_0030.01.aba.beta,True,1,1,0.0011227130889892578,0.0017848014831542969,0.0011217594146728516,0.004029273986816406,3,1,0,0,0,1,3,3,1,2,0,525,8535
oliveira/04_13/randm06.02.02.04.020_0030.02.aba.beta,True,1,1,0.0005550384521484375,0.005917787551879883,0.0011248588562011719,0.007597684860229492,3,1,0,0,0,1,3,3,1,2,0,531,8571
oliveira/04_13/randm06.02.02.04.020_0030.03.aba.beta,True,1,1,0.0007867813110351562,0.001758575439453125,0.0010707378387451172,0.0036160945892333984,3,1,0,0,0,1,3,3,1,2,0,535,8590
oliveira/04_13/randm06.02.02.04.020_0030.04.aba.beta,True,1,1,0.0008072853088378906,0.0017893314361572266,0.0011293888092041016,0.0037260055541992188,3,1,0,0,0,1,3,3,1,2,0,532,8555
oliveira/04_13/randm06.02.02.04.020_0030.05.aba.beta,True,1,1,0.0008144378662109375,0.001996278762817383,0.0013403892517089844,0.004151105880737305,3,1,0,0,0,1,3,3,1,2,0,525,8541
oliveira/04_13/randm06.02.02.05.020_0030.01.aba.beta,True,6,5,0.010746240615844727,0.10588765144348145,0.001329660415649414,0.11796355247497559,24,6,0,0,0,19,31,20,14,91,0,593,9141
oliveira/04_13/randm06.02.02.05.020_0030.02.aba.beta,True,10,5,0.021735429763793945,0.21758794784545898,0.001428842544555664,0.2407522201538086,36,10,0,0,0,30,53,26,21,223,0,702,10153
oliveira/04_13/randm06.02.02.05.020_0030.03.aba.beta,True,8,5,0.019925832748413086,0.06654500961303711,0.001436471939086914,0.08790731430053711,19,8,0,0,0,10,36,19,3,158,0,681,10087
oliveira/04_13/randm06.02.02.05.020_0030.04.aba.beta,True,9,5,0.01691722869873047,0.06852507591247559,0.0014586448669433594,0.08690094947814941,20,9,0,0,0,11,43,19,3,130,0,712,10639
oliveira/04_13/randm06.02.02.05.020_0030.05.aba.beta,True,4,5,0.010051250457763672,0.1329798698425293,0.0013747215270996094,0.14440584182739258,26,4,0,0,0,20,48,23,17,133,0,608,9388
oliveira/04_13/randm06.02.02.06.020_0030.01.aba.beta,True,9,5,0.022167444229125977,0.16303539276123047,0.001478433609008789,0.18668127059936523,31,9,0,0,0,22,60,29,14,172,0,726,10745
oliveira/04_13/randm06.02.02.06.020_0030.02.aba.beta,True,13,5,0.026698589324951172,0.2059156894683838,0.001898050308227539,0.2345123291015625,32,13,0,0,0,25,66,30,13,218,0,876,12818
oliveira/04_13/randm06.02.02.06.020_0030.03.aba.beta,True,15,5,0.03649425506591797,0.21870708465576172,0.0017175674438476562,0.25691890716552734,32,15,0,0,0,27,68,28,13,270,0,812,11721
oliveira/04_13/randm06.02.02.06.020_0030.04.aba.beta,True,11,5,0.024694204330444336,0.17366933822631836,0.002137899398803711,0.2005014419555664,31,11,0,0,0,22,78,30,12,252,0,875,12918
oliveira/04_13/randm06.02.02.06.020_0030.05.aba.beta,True,13,5,0.03193926811218262,0.1891803741455078,0.0021369457244873047,0.22325658798217773,33,13,0,0,0,24,90,28,12,217,0,991,14684
oliveira/04_13/randm06.02.02.07.020_0030.01.aba.beta,True,9,5,0.014040708541870117,0.08518528938293457,0.0013988018035888672,0.10062479972839355,24,9,0,0,0,15,30,21,7,93,0,671,10101
oliveira/04_13/randm06.02.02.07.020_0030.02.aba.beta,True,9,5,0.019344806671142578,0.08858847618103027,0.0013337135314941406,0.10926699638366699,27,9,0,0,0,17,39,27,9,154,0,648,9451
oliveira/04_13/randm06.02.02.07.020_0030.03.aba.beta,True,10,5,0.01775503158569336,0.10815310478210449,0.0013670921325683594,0.1272752285003662,28,10,0,0,0,18,56,27,9,170,0,694,10068
oliveira/04_13/randm06.02.02.07.020_0030.04.aba.beta,True,11,5,0.020920515060424805,0.1016840934753418,0.0013458728790283203,0.12395048141479492,28,11,0,0,0,18,40,25,8,155,0,646,9413
oliveira/04_13/randm06.02.02.07.020_0030.05.aba.beta,True,15,5,0.026363372802734375,0.1370079517364502,0.0018687248229980469,0.16524004936218262,30,15,0,0,0,21,63,30,7,251,0,869,12504
oliveira/04_13/randm06.02.02.08.020_0030.01.aba.beta,True,4,4,0.00816655158996582,0.03719758987426758,0.0011897087097167969,0.046553850173950195,16,4,0,0,0,9,21,16,6,58,0,568,8728
oliveira/04_13/randm06.02.02.08.020_0030.02.aba.beta,True,3,4,0.0051136016845703125,0.02502727508544922,0.0011506080627441406,0.03129148483276367,15,3,0,0,0,7,17,14,5,41,0,540,8582
oliveira/04_13/randm06.02.02.08.020_0030.03.aba.beta,True,6,4,0.008657217025756836,0.024540424346923828,0.0012221336364746094,0.03441977500915527,12,6,0,0,0,6,25,12,1,44,0,563,8736
oliveira/04_13/randm06.02.02.08.020_0030.04.aba.beta,True,6,4,0.008691787719726562,0.023154258728027344,0.0012199878692626953,0.0330660343170166,12,6,0,0,0,6,29,12,1,50,0,574,8893
oliveira/04_13/randm06.02.02.08.020_0030.05.aba.beta,True,5,4,0.007791996002197266,0.047170162200927734,0.0014235973358154297,0.05638575553894043,17,5,0,0,0,10,32,17,6,84,0,655,9934
oliveira/04_13/randm06.02.02.09.020_0030.01.aba.beta,True,6,5,0.012114286422729492,0.10506200790405273,0.0016849040985107422,0.11886119842529297,24,6,0,0,0,17,66,24,12,120,0,763,11769
oliveira/04_13/randm06.02.02.09.020_0030.02.aba.beta,True,6,5,0.009593486785888672,0.09072422981262207,0.001447916030883789,0.10176563262939453,22,6,0,0,0,15,60,20,10,136,0,700,10781
oliveira/04_13/randm06.02.02.09.020_0030.03.aba.beta,True,6,5,0.009800195693969727,0.08947181701660156,0.0014939308166503906,0.10076594352722168,22,6,0,0,0,15,54,20,10,140,0,692,10510
oliveira/04_13/randm06.02.02.09.020_0030.04.aba.beta,True,7,5,0.012790679931640625,0.08879232406616211,0.0017960071563720703,0.1033790111541748,23,7,0,0,0,14,59,22,8,123,0,851,12997
oliveira/04_13/randm06.02.02.09.020_0030.05.aba.beta,True,6,5,0.01792621612548828,0.09667396545410156,0.0013227462768554688,0.11592292785644531,24,6,0,0,0,18,45,21,13,132,0,612,9354
oliveira/04_13/randm06.02.02.10.020_0030.01.aba.beta,True,5,4,0.00921010971069336,0.02009892463684082,0.001207113265991211,0.03051614761352539,12,5,0,0,0,6,13,12,2,31,0,559,8644
oliveira/04_13/randm06.02.02.10.020_0030.02.aba.beta,True,4,4,0.010156631469726562,0.044183969497680664,0.0011982917785644531,0.05553889274597168,18,4,0,0,0,10,33,18,7,68,0,575,8882
oliveira/04_13/randm06.02.02.10.020_0030.03.aba.beta,True,2,4,0.003268718719482422,0.03210592269897461,0.0011768341064453125,0.036551475524902344,16,2,0,0,0,8,18,16,7,40,0,535,8550
oliveira/04_13/randm06.02.02.10.020_0030.04.aba.beta,True,2,4,0.003193378448486328,0.0313258171081543,0.0011780261993408203,0.035697221755981445,16,2,0,0,0,8,19,16,7,41,0,550,8647
oliveira/04_13/randm06.02.02.10.020_0030.05.aba.beta,True,5,4,0.009548187255859375,0.021079540252685547,0.0011279582977294922,0.031755685806274414,12,5,0,0,0,6,13,12,2,31,0,562,8662
oliveira/04_13/randm06.02.02.11.020_0030.01.aba.beta,True,12,6,0.033954620361328125,0.4624607563018799,0.0018963813781738281,0.49831175804138184,45,12,0,0,0,49,67,37,38,268,0,895,13272
oliveira/04_13/randm06.02.02.11.020_0030.02.aba.beta,True,13,6,0.039923667907714844,0.6173112392425537,0.001828908920288086,0.6590638160705566,55,13,0,0,0,56,86,42,44,334,0,902,13185
oliveira/04_13/randm06.02.02.11.020_0030.03.aba.beta,True,15,6,0.044679880142211914,0.6781418323516846,0.0020575523376464844,0.724879264831543,51,15,0,0,0,61,78,44,47,324,0,902,12962
oliveira/04_13/randm06.02.02.11.020_0030.04.aba.beta,True,16,6,0.03068256378173828,0.34682202339172363,0.002035856246948242,0.37954044342041016,37,16,0,0,0,38,72,35,23,284,0,962,13744
oliveira/04_13/randm06.02.02.11.020_0030.05.aba.beta,True,18,6,0.04582571983337402,0.3897404670715332,0.0018646717071533203,0.43743085861206055,45,18,0,0,0,43,66,38,26,283,0,917,12593
oliveira/04_13/randm06.02.02.12.020_0030.01.aba.beta,True,3,4,0.004161357879638672,0.03395986557006836,0.0011761188507080078,0.03929734230041504,17,3,0,0,0,9,21,17,7,52,0,558,8673
oliveira/04_13/randm06.02.02.12.020_0030.02.aba.beta,True,5,4,0.0057680606842041016,0.03174448013305664,0.0011982917785644531,0.038710832595825195,15,5,0,0,0,8,25,14,4,53,0,564,8750
oliveira/04_13/randm06.02.02.12.020_0030.03.aba.beta,True,5,4,0.006609916687011719,0.01911449432373047,0.0013148784637451172,0.027039289474487305,11,5,0,0,0,5,22,10,1,39,0,643,10025
oliveira/04_13/randm06.02.02.12.020_0030.04.aba.beta,True,3,4,0.004052400588989258,0.035184621810913086,0.0014071464538574219,0.040644168853759766,17,3,0,0,0,9,23,17,7,56,0,561,8699
oliveira/04_13/randm06.02.02.12.020_0030.05.aba.beta,True,4,4,0.009185075759887695,0.04099726676940918,0.001169443130493164,0.05135178565979004,18,4,0,0,0,10,24,17,7,65,0,574,8765
oliveira/04_13/randm06.02.02.13.020_0030.01.aba.beta,True,6,4,0.010543584823608398,0.07837462425231934,0.001383066177368164,0.0903012752532959,22,6,0,0,0,14,42,20,9,106,0,622,9497
oliveira/04_13/randm06.02.02.13.020_0030.02.aba.beta,True,6,4,0.01289510726928711,0.08004617691040039,0.0014729499816894531,0.09441423416137695,22,6,0,0,0,14,63,21,9,123,0,702,10677
oliveira/04_13/randm06.02.02.13.020_0030.03.aba.beta,True,6,4,0.010994672775268555,0.08550596237182617,0.001348257064819336,0.09784889221191406,26,6,0,0,0,17,49,24,12,122,0,628,9485
oliveira/04_13/randm06.02.02.13.020_0030.04.aba.beta,True,5,4,0.011809587478637695,0.0905752182006836,0.0012755393981933594,0.10366034507751465,25,5,0,0,0,16,45,24,12,128,0,613,9354
oliveira/04_13/randm06.02.02.13.020_0030.05.aba.beta,True,6,4,0.00995635986328125,0.08520817756652832,0.0014379024505615234,0.0966024398803711,24,6,0,0,0,15,60,21,10,148,0,659,10146
oliveira/04_13/randm06.02.02.14.020_0030.01.aba.beta,True,10,6,0.018261432647705078,0.13225007057189941,0.001451253890991211,0.1519627571105957,30,10,0,0,0,20,50,26,11,172,0,664,9864
oliveira/04_13/randm06.02.02.14.020_0030.02.aba.beta,True,8,6,0.017756938934326172,0.07369685173034668,0.0013325214385986328,0.09278631210327148,24,8,0,0,0,14,28,21,7,111,0,605,8938
oliveira/04_13/randm06.02.02.14.020_0030.03.aba.beta,True,9,6,0.01973748207092285,0.14426541328430176,0.0013968944549560547,0.16539978981018066,31,9,0,0,0,22,50,28,14,180,0,668,10013
oliveira/04_13/randm06.02.02.14.020_0030.04.aba.beta,True,8,6,0.0203096866607666,0.13137030601501465,0.0015404224395751953,0.15322041511535645,30,8,0,0,0,20,64,27,13,188,0,710,10677
oliveira/04_13/randm06.02.02.14.020_0030.05.aba.beta,True,10,6,0.01999497413635254,0.16076159477233887,0.0017762184143066406,0.18253278732299805,32,10,0,0,0,22,75,30,13,190,0,876,13058
oliveira/04_13/randm06.02.02.15.020_0030.01.aba.beta,True,12,5,0.024280071258544922,0.17899322509765625,0.0015943050384521484,0.20486760139465332,34,12,0,0,0,28,64,23,17,220,0,739,10663
oliveira/04_13/randm06.02.02.15.020_0030.02.aba.beta,True,7,5,0.01330113410949707,0.06739163398742676,0.0016129016876220703,0.0823056697845459,23,7,0,0,0,12,52,21,6,146,0,745,11277
oliveira/04_13/randm06.02.02.15.020_0030.03.aba.beta,True,6,5,0.009835481643676758,0.03695082664489746,0.0013048648834228516,0.04809117317199707,17,6,0,0,0,8,27,17,3,74,0,637,9689
oliveira/04_13/randm06.02.02.15.020_0030.04.aba.beta,True,8,5,0.017316341400146484,0.1055295467376709,0.0014638900756835938,0.12430977821350098,24,8,0,0,0,18,38,22,11,163,0,658,9668
oliveira/04_13/randm06.02.02.15.020_0030.05.aba.beta,True,12,5,0.02105855941772461,0.15030503273010254,0.0016601085662841797,0.17302370071411133,32,12,0,0,0,22,57,25,11,260,0,811,11854
oliveira/04_13/randm06.02.02.16.020_0030.01.aba.beta,True,3,3,0.004246234893798828,0.01279759407043457,0.0012047290802001953,0.018248558044433594,9,3,0,0,0,4,10,9,2,19,0,535,8528
oliveira/04_13/randm06.02.02.16.020_0030.02.aba.beta,True,4,3,0.005385637283325195,0.016709089279174805,0.001222848892211914,0.023317575454711914,10,4,0,0,0,5,15,10,2,36,0,566,8730
oliveira/04_13/randm06.02.02.16.020_0030.03.aba.beta,True,2,3,0.0020647048950195312,0.005647182464599609,0.0018579959869384766,0.009569883346557617,7,2,0,0,0,2,7,7,1,10,0,837,13591
oliveira/04_13/randm06.02.02.16.020_0030.04.aba.beta,True,2,3,0.0024118423461914062,0.005501508712768555,0.0018832683563232422,0.009796619415283203,7,2,0,0,0,2,7,7,1,10,0,838,13337
oliveira/04_13/randm06.02.02.16.020_0030.05.aba.beta,True,3,3,0.0038385391235351562,0.012454986572265625,0.0011734962463378906,0.017467021942138672,9,3,0,0,0,4,12,9,2,23,0,558,8671
oliveira/04_13/randm06.02.02.17.020_0030.01.aba.beta,True,5,4,0.006792306900024414,0.025643110275268555,0.0011506080627441406,0.03358602523803711,13,5,0,0,0,7,17,13,3,48,0,571,8751
oliveira/04_13/randm06.02.02.17.020_0030.02.aba.beta,True,6,4,0.011445045471191406,0.0313410758972168,0.0012187957763671875,0.04400491714477539,14,6,0,0,0,8,21,14,3,54,0,612,9216
oliveira/04_13/randm06.02.02.17.020_0030.03.aba.beta,True,6,4,0.00872182846069336,0.034165143966674805,0.0012938976287841797,0.044180870056152344,14,6,0,0,0,8,25,14,3,75,0,599,9015
oliveira/04_13/randm06.02.02.17.020_0030.04.aba.beta,True,6,4,0.01024770736694336,0.028872251510620117,0.0011746883392333984,0.040294647216796875,15,6,0,0,0,8,17,15,3,48,0,566,8685
oliveira/04_13/randm06.02.02.17.020_0030.05.aba.beta,True,7,4,0.009079217910766602,0.02779388427734375,0.0011947154998779297,0.03806781768798828,13,7,0,0,0,7,20,13,1,49,0,575,8747
oliveira/04_13/randm06.02.02.18.020_0030.01.aba.beta,True,6,6,0.010671615600585938,0.06759190559387207,0.0012803077697753906,0.0795438289642334,23,6,0,0,0,13,37,21,8,100,0,595,8979
oliveira/04_13/randm06.02.02.18.020_0030.02.aba.beta,True,13,6,0.026183128356933594,0.12073874473571777,0.001725912094116211,0.14864778518676758,30,13,0,0,0,19,48,25,7,205,0,715,10493
oliveira/04_13/randm06.02.02.18.020_0030.03.aba.beta,True,16,6,0.02866649627685547,0.16224169731140137,0.0018970966339111328,0.19280529022216797,31,16,0,0,0,22,61,27,7,269,0,926,13384
oliveira/04_13/randm06.02.02.18.020_0030.04.aba.beta,True,11,6,0.018445730209350586,0.09549784660339355,0.0014264583587646484,0.11537003517150879,26,11,0,0,0,17,56,23,7,151,0,689,10220
oliveira/04_13/randm06.02.02.18.020_0030.05.aba.beta,True,15,6,0.02938556671142578,0.15529322624206543,0.001636505126953125,0.18631529808044434,31,15,0,0,0,24,87,29,10,250,0,826,11982
oliveira/04_13/randm06.02.02.19.020_0030.01.aba.beta,True,1,1,0.0007922649383544922,0.0018792152404785156,0.0011687278747558594,0.003840208053588867,3,1,0,0,0,1,3,3,1,2,0,533,8572
oliveira/04_13/randm06.02.02.19.020_0030.02.aba.beta,True,1,1,0.0037992000579833984,0.0017547607421875,0.0010967254638671875,0.006650686264038086,3,1,0,0,0,1,3,3,1,2,0,537,8597
oliveira/04_13/randm06.02.02.19.020_0030.03.aba.beta,True,1,1,0.001260519027709961,0.0017936229705810547,0.0011248588562011719,0.0041790008544921875,3,1,0,0,0,1,3,3,1,2,0,533,8578
oliveira/04_13/randm06.02.02.19.020_0030.04.aba.beta,True,1,1,0.0008597373962402344,0.0018210411071777344,0.0017998218536376953,0.004480600357055664,3,1,0,0,0,1,3,3,1,2,0,523,8524
oliveira/04_13/randm06.02.02.19.020_0030.05.aba.beta,True,1,1,0.003801584243774414,0.0018839836120605469,0.0011532306671142578,0.006838798522949219,3,1,0,0,0,1,3,3,1,2,0,525,8527
oliveira/04_13/randm07.02.02.01.020_0030.01.aba.beta,True,1,1,0.0007495880126953125,0.0017781257629394531,0.0011017322540283203,0.003629446029663086,3,1,0,0,0,1,3,3,1,2,0,529,8553
oliveira/04_13/randm07.02.02.01.020_0030.02.aba.beta,True,1,1,0.0007505416870117188,0.0019626617431640625,0.0011341571807861328,0.003847360610961914,3,1,0,0,0,1,3,3,1,2,0,526,8542
oliveira/04_13/randm07.02.02.01.020_0030.03.aba.beta,True,1,1,0.0007405281066894531,0.0018093585968017578,0.0010874271392822266,0.0036373138427734375,3,1,0,0,0,1,3,3,1,2,0,531,8553
oliveira/04_13/randm07.02.02.01.020_0030.04.aba.beta,True,1,1,0.0007364749908447266,0.0018062591552734375,0.0010819435119628906,0.0036246776580810547,3,1,0,0,0,1,3,3,1,2,0,530,8550
oliveira/04_13/randm07.02.02.01.020_0030.05.aba.beta,True,1,1,0.0007944107055664062,0.0017862319946289062,0.0012116432189941406,0.003792285919189453,3,1,0,0,0,1,3,3,1,2,0,540,8609
oliveira/04_13/randm07.02.02.02.020_0030.01.aba.beta,True,1,1,0.0007350444793701172,0.0017609596252441406,0.0011246204376220703,0.003620624542236328,3,1,0,0,0,1,3,3,1,2,0,535,8587
oliveira/04_13/randm07.02.02.02.020_0030.02.aba.beta,True,1,1,0.0006990432739257812,0.0017828941345214844,0.001177072525024414,0.0036590099334716797,3,1,0,0,0,1,3,3,1,2,0,538,8598
oliveira/04_13/randm07.02.02.02.020_0030.03.aba.beta,True,1,1,0.0009043216705322266,0.001791238784790039,0.001184225082397461,0.0038797855377197266,3,1,0,0,0,1,3,3,1,2,0,533,8583
oliveira/04_13/randm07.02.02.02.020_0030.04.aba.beta,True,1,1,0.003706693649291992,0.0019447803497314453,0.001171112060546875,0.0068225860595703125,3,1,0,0,0,1,3,3,1,2,0,521,8515
oliveira/04_13/randm07.02.02.02.020_0030.05.aba.beta,True,1,1,0.0007698535919189453,0.0018191337585449219,0.0011777877807617188,0.003766775131225586,3,1,0,0,0,1,3,3,1,2,0,531,8576
oliveira/04_13/randm07.02.02.03.020_0030.01.aba.beta,True,11,7,0.030516624450683594,0.22828316688537598,0.0035104751586914062,0.262310266494751,39,11,0,0,0,36,52,34,26,239,0,673,9775
oliveira/04_13/randm07.02.02.03.020_0030.02.aba.beta,True,14,7,0.03400230407714844,0.2700843811035156,0.0015206336975097656,0.30560731887817383,40,14,0,0,0,37,49,33,24,289,0,725,10101
oliveira/04_13/randm07.02.02.03.020_0030.03.aba.beta,True,20,7,0.10135936737060547,1.835143804550171,0.0020503997802734375,1.9385535717010498,95,20,0,0,0,134,133,52,115,633,0,938,13264
oliveira/04_13/randm07.02.02.03.020_0030.04.aba.beta,True,13,7,0.03563737869262695,0.39851999282836914,0.0015473365783691406,0.43570470809936523,46,13,0,0,0,48,60,38,36,332,0,748,10571
oliveira/04_13/randm07.02.02.03.020_0030.05.aba.beta,True,16,7,0.04482007026672363,0.37819576263427734,0.002249479293823242,0.4252653121948242,49,16,0,0,0,45,77,39,30,293,0,913,13151
oliveira/04_13/randm07.02.02.04.020_0030.01.aba.beta,True,8,4,0.013918876647949219,0.03833150863647461,0.002026081085205078,0.054276466369628906,15,8,0,0,0,9,24,15,2,54,0,977,15151
oliveira/04_13/randm07.02.02.04.020_0030.02.aba.beta,True,8,4,0.010879278182983398,0.03827548027038574,0.0028247833251953125,0.05197954177856445,14,8,0,0,0,9,24,14,2,64,0,1294,20111
oliveira/04_13/randm07.02.02.04.020_0030.03.aba.beta,True,5,4,0.009215354919433594,0.021795034408569336,0.0016863346099853516,0.03269672393798828,11,5,0,0,0,6,16,11,2,28,0,822,12929
oliveira/04_13/randm07.02.02.04.020_0030.04.aba.beta,True,9,4,0.013681411743164062,0.057363033294677734,0.0021033287048339844,0.07314777374267578,16,9,0,0,0,10,51,16,2,96,0,949,14786
oliveira/04_13/randm07.02.02.04.020_0030.05.aba.beta,True,7,4,0.00897836685180664,0.0356440544128418,0.0014410018920898438,0.04606342315673828,14,7,0,0,0,8,30,14,2,67,0,703,10653
oliveira/04_13/randm07.02.02.05.020_0030.01.aba.beta,True,11,6,0.025775909423828125,0.24235224723815918,0.0016324520111083984,0.2697606086730957,33,11,0,0,0,35,58,28,25,169,0,748,10978
oliveira/04_13/randm07.02.02.05.020_0030.02.aba.beta,True,15,6,0.03299093246459961,0.19090580940246582,0.0019328594207763672,0.2258296012878418,34,15,0,0,0,26,63,30,12,221,0,955,13736
oliveira/04_13/randm07.02.02.05.020_0030.03.aba.beta,True,9,6,0.018377065658569336,0.1697373390197754,0.001810312271118164,0.1899247169494629,31,9,0,0,0,23,78,29,15,204,0,845,12826
oliveira/04_13/randm07.02.02.05.020_0030.04.aba.beta,True,14,6,0.02553582191467285,0.16335701942443848,0.0017580986022949219,0.19065093994140625,35,14,0,0,0,23,73,31,10,265,0,859,12340
oliveira/04_13/randm07.02.02.05.020_0030.05.aba.beta,True,11,6,0.02384352684020996,0.15168499946594238,0.0016856193542480469,0.1772141456604004,30,11,0,0,0,24,45,27,14,176,0,771,11174
oliveira/04_13/randm07.02.02.06.020_0030.01.aba.beta,True,6,4,0.00849294662475586,0.029326438903808594,0.0015513896942138672,0.03937077522277832,13,6,0,0,0,7,21,13,2,45,0,719,11232
oliveira/04_13/randm07.02.02.06.020_0030.02.aba.beta,True,7,4,0.011837482452392578,0.035095930099487305,0.00154876708984375,0.04848217964172363,15,7,0,0,0,8,27,15,2,75,0,767,11618
oliveira/04_13/randm07.02.02.06.020_0030.03.aba.beta,True,6,4,0.012575387954711914,0.028271198272705078,0.0013434886932373047,0.0421900749206543,13,6,0,0,0,7,18,13,2,39,0,650,9979
oliveira/04_13/randm07.02.02.06.020_0030.04.aba.beta,True,4,4,0.006451845169067383,0.027597904205322266,0.0011944770812988281,0.03524422645568848,14,4,0,0,0,7,22,13,4,58,0,573,8821
oliveira/04_13/randm07.02.02.06.020_0030.05.aba.beta,True,3,4,0.0047647953033447266,0.02143716812133789,0.0011279582977294922,0.02732992172241211,13,3,0,0,0,6,17,13,4,39,0,553,8658
oliveira/04_13/randm07.02.02.07.020_0030.01.aba.beta,True,10,6,0.020895957946777344,0.14907264709472656,0.0012886524200439453,0.17125725746154785,30,10,0,0,0,24,38,28,15,155,0,632,9172
oliveira/04_13/randm07.02.02.07.020_0030.02.aba.beta,True,15,6,0.0353083610534668,0.3964197635650635,0.002136707305908203,0.4338648319244385,51,15,0,0,0,40,76,34,26,318,0,1124,16238
oliveira/04_13/randm07.02.02.07.020_0030.03.aba.beta,True,14,6,0.029817581176757812,0.12180113792419434,0.001882314682006836,0.15350103378295898,29,14,0,0,0,18,50,25,5,199,0,798,11425
oliveira/04_13/randm07.02.02.07.020_0030.04.aba.beta,True,8,6,0.017661094665527344,0.06296849250793457,0.0011677742004394531,0.08179736137390137,23,8,0,0,0,12,33,19,5,118,0,606,9024
oliveira/04_13/randm07.02.02.07.020_0030.05.aba.beta,True,16,6,0.030516862869262695,0.22736597061157227,0.0022172927856445312,0.2601001262664795,36,16,0,0,0,30,82,34,15,274,0,1072,15330
oliveira/04_13/randm07.02.02.08.020_0030.01.aba.beta,True,1,1,0.0009670257568359375,0.0019180774688720703,0.0011067390441894531,0.003991842269897461,3,1,0,0,0,1,3,3,1,2,0,542,8613
oliveira/04_13/randm07.02.02.08.020_0030.02.aba.beta,True,1,1,0.0008592605590820312,0.0018575191497802734,0.0011832714080810547,0.0039000511169433594,3,1,0,0,0,1,3,3,1,2,0,539,8607
oliveira/04_13/randm07.02.02.08.020_0030.03.aba.beta,True,1,1,0.001325368881225586,0.0019898414611816406,0.001238107681274414,0.004553318023681641,3,1,0,0,0,1,3,3,1,2,0,534,8577
oliveira/04_13/randm07.02.02.08.020_0030.04.aba.beta,True,1,1,0.0007703304290771484,0.0018472671508789062,0.0011358261108398438,0.0037534236907958984,3,1,0,0,0,1,3,3,1,2,0,536,8592
oliveira/04_13/randm07.02.02.08.020_0030.05.aba.beta,True,1,1,0.0008461475372314453,0.0018107891082763672,0.0010941028594970703,0.003751039505004883,3,1,0,0,0,1,3,3,1,2,0,536,8587
oliveira/04_13/randm07.02.02.09.020_0030.01.aba.beta,True,5,3,0.005993843078613281,0.023132801055908203,0.0011627674102783203,0.030289411544799805,11,5,0,0,0,6,26,11,2,57,0,585,8963
oliveira/04_13/randm07.02.02.09.020_0030.02.aba.beta,True,3,3,0.0042803287506103516,0.013324260711669922,0.00113677978515625,0.018741369247436523,9,3,0,0,0,4,10,9,2,19,0,542,8572
oliveira/04_13/randm07.02.02.09.020_0030.03.aba.beta,True,3,3,0.0039637088775634766,0.012337923049926758,0.0011970996856689453,0.01749873161315918,9,3,0,0,0,4,11,9,2,21,0,553,8644
oliveira/04_13/randm07.02.02.09.020_0030.04.aba.beta,True,5,3,0.006139039993286133,0.023283958435058594,0.0013394355773925781,0.030762434005737305,11,5,0,0,0,6,20,11,2,54,0,580,8869
oliveira/04_13/randm07.02.02.09.020_0030.05.aba.beta,True,5,3,0.00898122787475586,0.02057170867919922,0.0012288093566894531,0.03078174591064453,11,5,0,0,0,6,16,11,2,42,0,567,8722
oliveira/04_13/randm07.02.02.10.020_0030.01.aba.beta,True,1,1,0.0010216236114501953,0.0019724369049072266,0.0010967254638671875,0.004090785980224609,3,1,0,0,0,1,3,3,1,2,0,537,8599
oliveira/04_13/randm07.02.02.10.020_0030.02.aba.beta,True,1,1,0.0007481575012207031,0.00185394287109375,0.001165151596069336,0.003767251968383789,3,1,0,0,0,1,3,3,1,2,0,540,8608
oliveira/04_13/randm07.02.02.10.020_0030.03.aba.beta,True,1,1,0.004171133041381836,0.0018870830535888672,0.0011174678802490234,0.0071756839752197266,3,1,0,0,0,1,3,3,1,2,0,527,8497
oliveira/04_13/randm07.02.02.10.020_0030.04.aba.beta,True,1,1,0.0035448074340820312,0.0018498897552490234,0.0010647773742675781,0.006459474563598633,3,1,0,0,0,1,3,3,1,2,0,537,8603
oliveira/04_13/randm07.02.02.10.020_0030.05.aba.beta,True,1,1,0.0008115768432617188,0.0019729137420654297,0.001100301742553711,0.0038847923278808594,3,1,0,0,0,1,3,3,1,2,0,528,8551
oliveira/04_13/randm07.02.02.11.020_0030.01.aba.beta,True,8,5,0.01222085952758789,0.06732177734375,0.0015919208526611328,0.08113455772399902,21,8,0,0,0,12,44,20,5,87,0,722,11031
oliveira/04_13/randm07.02.02.11.020_0030.02.aba.beta,True,8,5,0.012121915817260742,0.0954136848449707,0.0016827583312988281,0.10921835899353027,25,8,0,0,0,17,41,24,10,118,0,804,12423
oliveira/04_13/randm07.02.02.11.020_0030.03.aba.beta,True,8,5,0.01273655891418457,0.11206769943237305,0.0021238327026367188,0.12692809104919434,22,8,0,0,0,13,103,21,6,193,0,962,15166
oliveira/04_13/randm07.02.02.11.020_0030.04.aba.beta,True,7,5,0.010564327239990234,0.06355643272399902,0.0015246868133544922,0.07564544677734375,21,7,0,0,0,13,31,19,7,88,0,694,10549
oliveira/04_13/randm07.02.02.11.020_0030.05.aba.beta,True,8,5,0.012369632720947266,0.08135247230529785,0.0018045902252197266,0.09552669525146484,20,8,0,0,0,13,59,19,6,130,0,830,12522
oliveira/04_13/randm07.02.02.12.020_0030.01.aba.beta,True,3,3,0.00370025634765625,0.011976480484008789,0.0011150836944580078,0.016791820526123047,9,3,0,0,0,4,11,9,2,21,0,548,8618
oliveira/04_13/randm07.02.02.12.020_0030.02.aba.beta,True,4,3,0.004575490951538086,0.012429475784301758,0.001153707504272461,0.018158674240112305,9,4,0,0,0,4,12,9,1,21,0,551,8631
oliveira/04_13/randm07.02.02.12.020_0030.03.aba.beta,True,4,3,0.004678487777709961,0.013370990753173828,0.00119781494140625,0.01924729347229004,9,4,0,0,0,4,15,9,1,24,0,550,8641
oliveira/04_13/randm07.02.02.12.020_0030.04.aba.beta,True,3,3,0.003595590591430664,0.012867927551269531,0.0012302398681640625,0.017693758010864258,9,3,0,0,0,4,19,9,2,30,0,549,8674
oliveira/04_13/randm07.02.02.12.020_0030.05.aba.beta,True,3,3,0.003808259963989258,0.012805938720703125,0.0012226104736328125,0.017836809158325195,9,3,0,0,0,4,15,9,2,29,0,555,8686
oliveira/04_13/randm07.02.02.13.020_0030.01.aba.beta,True,15,7,0.039240121841430664,0.3748311996459961,0.0020716190338134766,0.41614294052124023,52,15,0,0,0,42,82,38,28,367,0,991,14302
oliveira/04_13/randm07.02.02.13.020_0030.02.aba.beta,True,12,7,0.038921356201171875,0.31927919387817383,0.0016231536865234375,0.35982370376586914,37,12,0,0,0,35,66,33,24,297,0,803,12018
oliveira/04_13/randm07.02.02.13.020_0030.03.aba.beta,True,15,7,0.043325185775756836,0.418398380279541,0.003160715103149414,0.46488428115844727,44,15,0,0,0,43,93,39,29,285,0,1414,20915
oliveira/04_13/randm07.02.02.13.020_0030.04.aba.beta,True,14,7,0.04067277908325195,0.5442197322845459,0.002191781997680664,0.5870842933654785,52,14,0,0,0,58,81,41,45,362,0,1042,15223
oliveira/04_13/randm07.02.02.13.020_0030.05.aba.beta,True,14,7,0.03571295738220215,0.29069066047668457,0.0017354488372802734,0.328139066696167,41,14,0,0,0,34,54,38,21,261,0,836,11809
oliveira/04_13/randm07.02.02.14.020_0030.01.aba.beta,True,5,3,0.009823799133300781,0.024663925170898438,0.0012204647064208984,0.03570818901062012,11,5,0,0,0,6,26,11,2,71,0,607,9167
oliveira/04_13/randm07.02.02.14.020_0030.02.aba.beta,True,4,3,0.005076169967651367,0.017977237701416016,0.001218557357788086,0.02427196502685547,10,4,0,0,0,5,15,10,2,34,0,565,8702
oliveira/04_13/randm07.02.02.14.020_0030.03.aba.beta,True,3,3,0.003911018371582031,0.015534639358520508,0.0014119148254394531,0.020857572555541992,9,3,0,0,0,4,26,9,2,51,0,614,9804
oliveira/04_13/randm07.02.02.14.020_0030.04.aba.beta,True,4,3,0.008180856704711914,0.01934647560119629,0.0012102127075195312,0.028737545013427734,10,4,0,0,0,5,27,10,2,49,0,571,8887
oliveira/04_13/randm07.02.02.14.020_0030.05.aba.beta,True,3,3,0.0037384033203125,0.014960289001464844,0.0012807846069335938,0.019979476928710938,9,3,0,0,0,4,36,9,2,43,0,602,9482
oliveira/04_13/randm07.02.02.15.020_0030.01.aba.beta,True,13,7,0.03169131278991699,0.19345521926879883,0.001644134521484375,0.2267906665802002,36,13,0,0,0,23,61,31,11,227,0,775,11098
oliveira/04_13/randm07.02.02.15.020_0030.02.aba.beta,True,9,7,0.04543495178222656,0.6604080200195312,0.0015461444854736328,0.7073891162872314,51,9,0,0,0,70,73,40,62,295,0,694,10376
oliveira/04_13/randm07.02.02.15.020_0030.03.aba.beta,True,17,7,0.047405242919921875,0.544079065322876,0.0037860870361328125,0.5952703952789307,53,17,0,0,0,54,129,48,38,408,0,1712,25922
oliveira/04_13/randm07.02.02.15.020_0030.04.aba.beta,True,15,7,0.035719871520996094,0.18884778022766113,0.001983642578125,0.22655129432678223,36,15,0,0,0,27,68,34,13,207,0,955,13920
oliveira/04_13/randm07.02.02.15.020_0030.05.aba.beta,True,18,7,0.06268978118896484,1.0468940734863281,0.003025054931640625,1.1126089096069336,66,18,0,0,0,73,107,46,56,448,0,1363,20207
oliveira/04_13/randm07.02.02.16.020_0030.01.aba.beta,True,7,4,0.01058650016784668,0.04583930969238281,0.004150390625,0.06057620048522949,17,7,0,0,0,10,35,17,4,107,0,953,14628
oliveira/04_13/randm07.02.02.16.020_0030.02.aba.beta,True,5,4,0.007535696029663086,0.03527355194091797,0.0018770694732666016,0.044686317443847656,16,5,0,0,0,9,20,16,5,51,0,882,13830
oliveira/04_13/randm07.02.02.16.020_0030.03.aba.beta,True,5,4,0.006647825241088867,0.024746417999267578,0.0018286705017089844,0.03322291374206543,12,5,0,0,0,7,16,11,3,31,0,835,13309
oliveira/04_13/randm07.02.02.16.020_0030.04.aba.beta,True,7,4,0.010240554809570312,0.05824637413024902,0.0019576549530029297,0.07044458389282227,17,7,0,0,0,11,35,17,5,93,0,820,12465
oliveira/04_13/randm07.02.02.16.020_0030.05.aba.beta,True,6,4,0.008483409881591797,0.039754629135131836,0.0019335746765136719,0.050171613693237305,17,6,0,0,0,10,29,16,5,69,0,949,14860
oliveira/04_13/randm07.02.02.17.020_0030.01.aba.beta,True,13,6,0.027278661727905273,0.32992029190063477,0.0021719932556152344,0.3593709468841553,39,13,0,0,0,34,94,33,22,280,0,968,14250
oliveira/04_13/randm07.02.02.17.020_0030.02.aba.beta,True,11,6,0.03624391555786133,0.28171682357788086,0.001573801040649414,0.3195345401763916,41,11,0,0,0,33,78,36,23,275,0,763,11200
oliveira/04_13/randm07.02.02.17.020_0030.03.aba.beta,True,9,6,0.017171144485473633,0.12114119529724121,0.0014529228210449219,0.13976526260375977,27,9,0,0,0,20,43,25,12,166,0,684,10030
oliveira/04_13/randm07.02.02.17.020_0030.04.aba.beta,True,12,6,0.02972245216369629,0.3404541015625,0.0018787384033203125,0.3720552921295166,38,12,0,0,0,33,93,32,22,275,0,834,12250
oliveira/04_13/randm07.02.02.17.020_0030.05.aba.beta,True,11,6,0.029247522354125977,0.20829248428344727,0.0018813610076904297,0.23942136764526367,37,11,0,0,0,26,81,32,16,253,0,880,12871
oliveira/04_13/randm07.02.02.18.020_0030.01.aba.beta,True,22,7,0.05410647392272949,0.8232614994049072,0.0033919811248779297,0.8807599544525146,60,22,0,0,0,53,138,49,32,523,0,1594,23361
oliveira/04_13/randm07.02.02.18.020_0030.02.aba.beta,True,13,7,0.04694819450378418,0.6673800945281982,0.002139568328857422,0.7164678573608398,55,13,0,0,0,52,92,41,40,390,0,964,14395
oliveira/04_13/randm07.02.02.18.020_0030.03.aba.beta,True,16,7,0.0488741397857666,0.8565616607666016,0.0032241344451904297,0.9086599349975586,58,16,0,0,0,59,142,38,44,460,0,1472,22011
oliveira/04_13/randm07.02.02.18.020_0030.04.aba.beta,True,21,7,0.06357884407043457,1.0088293552398682,0.003033161163330078,1.0754413604736328,50,21,0,0,0,53,106,39,33,388,0,1414,20449
oliveira/04_13/randm07.02.02.18.020_0030.05.aba.beta,True,31,7,0.18929433822631836,3.3278985023498535,0.004998445510864258,3.522191286087036,92,31,0,0,0,173,174,60,143,800,0,2315,33140
oliveira/04_13/randm07.02.02.19.020_0030.01.aba.beta,True,8,5,0.017810344696044922,0.07876467704772949,0.0012946128845214844,0.0978696346282959,22,8,0,0,0,14,35,21,7,112,0,610,9087
oliveira/04_13/randm07.02.02.19.020_0030.02.aba.beta,True,11,5,0.02392721176147461,0.16274738311767578,0.0015339851379394531,0.18820858001708984,31,11,0,0,0,24,58,26,14,213,0,716,10597
oliveira/04_13/randm07.02.02.19.020_0030.03.aba.beta,True,11,5,0.02185845375061035,0.1476728916168213,0.0017192363739013672,0.171250581741333,31,11,0,0,0,23,68,31,13,221,0,818,11979
oliveira/04_13/randm07.02.02.19.020_0030.04.aba.beta,True,11,5,0.01928424835205078,0.14487743377685547,0.0017273426055908203,0.16588902473449707,31,11,0,0,0,23,82,28,13,224,0,816,12029
oliveira/04_13/randm07.02.02.19.020_0030.05.aba.beta,True,4,5,0.011828184127807617,0.08393573760986328,0.0012595653533935547,0.09702348709106445,24,4,0,0,0,16,36,22,13,86,0,619,9593
oliveira/04_13/randm08.02.02.01.020_0030.01.aba.beta,True,15,7,0.04952645301818848,0.5159149169921875,0.0016667842864990234,0.567108154296875,55,15,0,0,0,52,86,43,38,329,0,812,11507
oliveira/04_13/randm08.02.02.01.020_0030.02.aba.beta,True,18,7,0.058531999588012695,0.5973560810089111,0.0027811527252197266,0.6586692333221436,58,18,0,0,0,54,116,47,37,422,0,1238,18145
oliveira/04_13/randm08.02.02.01.020_0030.03.aba.beta,True,12,7,0.032968997955322266,0.43376708030700684,0.0015044212341308594,0.46824049949645996,51,12,0,0,0,50,72,42,39,276,0,699,10005
oliveira/04_13/randm08.02.02.01.020_0030.04.aba.beta,True,19,7,0.04430961608886719,0.4733710289001465,0.0024335384368896484,0.5201141834259033,52,19,0,0,0,46,87,46,28,408,0,1136,16160
oliveira/04_13/randm08.02.02.01.020_0030.05.aba.beta,True,16,7,0.053122520446777344,0.5603830814361572,0.002145051956176758,0.6156506538391113,58,16,0,0,0,58,104,43,43,374,0,997,14341
oliveira/04_13/randm08.02.02.02.020_0030.01.aba.beta,True,15,6,0.03577399253845215,0.4118664264678955,0.0016660690307617188,0.4493064880371094,45,15,0,0,0,50,62,35,36,292,0,788,11087
oliveira/04_13/randm08.02.02.02.020_0030.02.aba.beta,True,16,6,0.04149937629699707,0.17346668243408203,0.0017948150634765625,0.21676087379455566,34,16,0,0,0,26,45,29,11,291,0,772,11009
oliveira/04_13/randm08.02.02.02.020_0030.03.aba.beta,True,9,6,0.02531576156616211,0.2155294418334961,0.0013899803161621094,0.2422351837158203,39,9,0,0,0,33,46,28,25,187,0,621,9102
oliveira/04_13/randm08.02.02.02.020_0030.04.aba.beta,True,10,6,0.024904727935791016,0.32949185371398926,0.0015468597412109375,0.3559434413909912,42,10,0,0,0,46,60,31,37,208,0,633,9327
oliveira/04_13/randm08.02.02.02.020_0030.05.aba.beta,True,19,6,0.037014007568359375,0.22263431549072266,0.0017807483673095703,0.2614290714263916,37,19,0,0,0,30,58,32,12,326,0,904,12445
oliveira/04_13/randm08.02.02.03.020_0030.01.aba.beta,True,5,7,0.019337892532348633,0.25452494621276855,0.0013341903686523438,0.27519702911376953,34,5,0,0,0,36,42,29,32,133,0,596,9187
oliveira/04_13/randm08.02.02.03.020_0030.02.aba.beta,True,12,7,0.03713726997375488,0.4648754596710205,0.0016829967498779297,0.5036957263946533,43,12,0,0,0,48,88,38,37,275,0,816,11925
oliveira/04_13/randm08.02.02.03.020_0030.03.aba.beta,True,9,7,0.08301830291748047,1.3658316135406494,0.002013683319091797,1.4508635997772217,66,9,0,0,0,123,83,43,115,334,0,939,14235
oliveira/04_13/randm08.02.02.03.020_0030.04.aba.beta,True,14,7,0.0953981876373291,1.669752836227417,0.0016124248504638672,1.76676344871521,69,14,0,0,0,135,103,43,122,473,0,760,10896
oliveira/04_13/randm08.02.02.03.020_0030.05.aba.beta,True,13,7,0.07022929191589355,1.0748038291931152,0.001733541488647461,1.1467666625976562,60,13,0,0,0,105,82,40,93,361,0,722,10237
oliveira/04_13/randm08.02.02.04.020_0030.01.aba.beta,True,6,6,0.02056097984313965,0.1398622989654541,0.0014183521270751953,0.16184163093566895,28,6,0,0,0,22,54,25,17,130,0,650,9907
oliveira/04_13/randm08.02.02.04.020_0030.02.aba.beta,True,14,6,0.02978658676147461,0.22684407234191895,0.0017559528350830078,0.25838661193847656,36,14,0,0,0,30,63,29,17,220,0,824,11857
oliveira/04_13/randm08.02.02.04.020_0030.03.aba.beta,True,10,6,0.022927284240722656,0.1750047206878662,0.0015590190887451172,0.19949102401733398,33,10,0,0,0,28,74,32,19,182,0,730,10851
oliveira/04_13/randm08.02.02.04.020_0030.04.aba.beta,True,8,6,0.023555994033813477,0.13017582893371582,0.0016257762908935547,0.15535759925842285,28,8,0,0,0,21,66,26,14,153,0,719,10722
oliveira/04_13/randm08.02.02.04.020_0030.05.aba.beta,True,16,6,0.03709745407104492,0.2909684181213379,0.002099752426147461,0.3301656246185303,38,16,0,0,0,34,77,33,19,260,0,951,13635
oliveira/04_13/randm08.02.02.05.020_0030.01.aba.beta,True,4,5,0.007101297378540039,0.05186009407043457,0.001430511474609375,0.060391902923583984,18,4,0,0,0,10,27,18,7,61,0,617,9586
oliveira/04_13/randm08.02.02.05.020_0030.02.aba.beta,True,3,5,0.005745649337768555,0.03504681587219238,0.0012311935424804688,0.042023658752441406,17,3,0,0,0,9,23,17,7,58,0,560,8713
oliveira/04_13/randm08.02.02.05.020_0030.03.aba.beta,True,5,5,0.015903949737548828,0.0816812515258789,0.0014426708221435547,0.09902787208557129,23,5,0,0,0,14,47,22,10,114,0,655,10062
oliveira/04_13/randm08.02.02.05.020_0030.04.aba.beta,True,5,5,0.008987665176391602,0.08781218528747559,0.0014564990997314453,0.09825634956359863,23,5,0,0,0,15,37,21,11,99,0,638,9787
oliveira/04_13/randm08.02.02.05.020_0030.05.aba.beta,True,5,5,0.008887767791748047,0.04943394660949707,0.0012927055358886719,0.05961441993713379,19,5,0,0,0,11,33,17,7,104,0,611,9217
oliveira/04_13/randm08.02.02.06.020_0030.01.aba.beta,True,16,8,0.05913114547729492,0.9068911075592041,0.001667022705078125,0.9676892757415771,50,16,0,0,0,82,76,42,67,365,0,836,11840
oliveira/04_13/randm08.02.02.06.020_0030.02.aba.beta,True,21,8,0.08033609390258789,1.0286657810211182,0.0021131038665771484,1.1111149787902832,59,21,0,0,0,78,80,50,58,466,0,1000,13798
oliveira/04_13/randm08.02.02.06.020_0030.03.aba.beta,True,16,8,0.05872750282287598,0.9023952484130859,0.001737833023071289,0.9628605842590332,57,16,0,0,0,85,81,44,70,388,0,836,11850
oliveira/04_13/randm08.02.02.06.020_0030.04.aba.beta,True,17,8,0.05467081069946289,0.8261935710906982,0.001821756362915039,0.8826861381530762,49,17,0,0,0,76,66,42,60,338,0,824,11473
oliveira/04_13/randm08.02.02.06.020_0030.05.aba.beta,True,23,8,0.1516578197479248,2.7347655296325684,0.0022046566009521484,2.8886280059814453,106,23,0,0,0,185,127,54,163,718,0,1070,14756
oliveira/04_13/randm08.02.02.07.020_0030.01.aba.beta,True,1,1,0.0009672641754150391,0.0020210742950439453,0.0011415481567382812,0.004129886627197266,3,1,0,0,0,1,3,3,1,2,0,536,8587
oliveira/04_13/randm08.02.02.07.020_0030.02.aba.beta,True,1,1,0.0008156299591064453,0.0019423961639404297,0.0013239383697509766,0.0040819644927978516,3,1,0,0,0,1,3,3,1,2,0,524,8514
oliveira/04_13/randm08.02.02.07.020_0030.03.aba.beta,True,1,1,0.003820180892944336,0.0018677711486816406,0.0011448860168457031,0.00683283805847168,3,1,0,0,0,1,3,3,1,2,0,519,8504
oliveira/04_13/randm08.02.02.07.020_0030.04.aba.beta,True,1,1,0.0008268356323242188,0.00188446044921875,0.0013155937194824219,0.004026889801025391,3,1,0,0,0,1,3,3,1,2,0,539,8604
oliveira/04_13/randm08.02.02.07.020_0030.05.aba.beta,True,1,1,0.0009045600891113281,0.002079010009765625,0.0011646747589111328,0.004148244857788086,3,1,0,0,0,1,3,3,1,2,0,530,8566
oliveira/04_13/randm08.02.02.08.020_0030.01.aba.beta,True,13,6,0.09531927108764648,1.787226676940918,0.002023458480834961,1.8845694065093994,81,13,0,0,0,120,117,59,108,463,0,941,13611
oliveira/04_13/randm08.02.02.08.020_0030.02.aba.beta,True,17,6,0.10467052459716797,2.379032850265503,0.002507448196411133,2.486210823059082,95,17,0,0,0,138,153,56,122,643,0,1139,16867
oliveira/04_13/randm08.02.02.08.020_0030.03.aba.beta,True,15,6,0.04109382629394531,0.34593868255615234,0.002413034439086914,0.38944554328918457,39,15,0,0,0,43,78,33,29,287,0,1149,17310
oliveira/04_13/randm08.02.02.08.020_0030.04.aba.beta,True,7,6,0.06062650680541992,1.4014735221862793,0.0014607906341552734,1.4635608196258545,69,7,0,0,0,105,88,54,99,336,0,658,9721
oliveira/04_13/randm08.02.02.08.020_0030.05.aba.beta,True,11,6,0.04396343231201172,0.8411633968353271,0.0021851062774658203,0.8873119354248047,61,11,0,0,0,82,97,38,72,389,0,961,14308
oliveira/04_13/randm08.02.02.09.020_0030.01.aba.beta,True,14,7,0.039423465728759766,0.39525699615478516,0.003381013870239258,0.4380614757537842,52,14,0,0,0,47,69,41,34,272,0,1418,21366
oliveira/04_13/randm08.02.02.09.020_0030.02.aba.beta,True,19,7,0.06674551963806152,0.7135815620422363,0.004172086715698242,0.7844991683959961,61,19,0,0,0,61,171,51,43,460,0,1885,28633
oliveira/04_13/randm08.02.02.09.020_0030.03.aba.beta,True,16,7,0.0592808723449707,0.712045431137085,0.0027379989624023438,0.774064302444458,61,16,0,0,0,68,103,42,53,360,0,1239,18412
oliveira/04_13/randm08.02.02.09.020_0030.04.aba.beta,True,23,7,0.066741943359375,0.6964828968048096,0.003977775573730469,0.767202615737915,65,23,0,0,0,62,129,51,40,472,0,1882,27650
oliveira/04_13/randm08.02.02.09.020_0030.05.aba.beta,True,8,7,0.031036853790283203,0.35390615463256836,0.0020873546600341797,0.38703036308288574,49,8,0,0,0,48,55,35,41,216,0,772,11794
oliveira/04_13/randm08.02.02.10.020_0030.01.aba.beta,True,24,7,0.057973623275756836,0.609947681427002,0.003245830535888672,0.6711671352386475,49,24,0,0,0,48,127,40,25,477,0,1489,21349
oliveira/04_13/randm08.02.02.10.020_0030.02.aba.beta,True,21,7,0.057744741439819336,0.5315463542938232,0.0048639774322509766,0.5941550731658936,46,21,0,0,0,47,130,38,27,447,0,2139,32466
oliveira/04_13/randm08.02.02.10.020_0030.03.aba.beta,True,13,7,0.03782963752746582,0.4959704875946045,0.0022258758544921875,0.5360260009765625,49,13,0,0,0,45,100,42,33,322,0,1038,15135
oliveira/04_13/randm08.02.02.10.020_0030.04.aba.beta,True,21,7,0.06440210342407227,0.7021465301513672,0.0035991668701171875,0.7701478004455566,57,21,0,0,0,53,131,49,33,431,0,1664,24566
oliveira/04_13/randm08.02.02.10.020_0030.05.aba.beta,True,17,7,0.04239630699157715,0.49395203590393066,0.005335330963134766,0.5416836738586426,43,17,0,0,0,43,134,38,27,346,0,2249,35308
oliveira/04_13/randm08.02.02.11.020_0030.01.aba.beta,True,29,8,0.6710672378540039,7.140523672103882,0.003682374954223633,7.815273284912109,125,29,0,0,0,373,161,60,345,1002,0,1716,24195
oliveira/04_13/randm08.02.02.11.020_0030.02.aba.beta,True,26,8,0.06914043426513672,0.7521824836730957,0.006606578826904297,0.8279294967651367,56,26,0,0,0,51,76,40,26,392,0,3014,46406
oliveira/04_13/randm08.02.02.11.020_0030.03.aba.beta,True,22,8,0.09283280372619629,1.0130302906036377,0.0031366348266601562,1.1089997291564941,71,22,0,0,0,84,101,52,63,519,0,1482,21994
oliveira/04_13/randm08.02.02.11.020_0030.04.aba.beta,True,17,8,0.07104611396789551,0.688617467880249,0.0035109519958496094,0.7631745338439941,58,17,0,0,0,65,82,49,49,383,0,1599,23497
oliveira/04_13/randm08.02.02.11.020_0030.05.aba.beta,True,18,8,0.07201910018920898,0.7770273685455322,0.002240419387817383,0.8512868881225586,59,18,0,0,0,63,84,43,46,401,0,1106,15685
oliveira/04_13/randm08.02.02.12.020_0030.01.aba.beta,True,8,5,0.012694358825683594,0.06885552406311035,0.001764535903930664,0.08331441879272461,20,8,0,0,0,11,64,19,4,129,0,790,12015
oliveira/04_13/randm08.02.02.12.020_0030.02.aba.beta,True,6,5,0.012053966522216797,0.09069061279296875,0.0018634796142578125,0.10460805892944336,20,6,0,0,0,15,56,20,10,120,0,857,13349
oliveira/04_13/randm08.02.02.12.020_0030.03.aba.beta,True,6,5,0.010819435119628906,0.12202692031860352,0.002243518829345703,0.13508987426757812,20,6,0,0,0,15,101,20,10,137,0,1025,15801
oliveira/04_13/randm08.02.02.12.020_0030.04.aba.beta,True,11,5,0.021793365478515625,0.08118367195129395,0.002050161361694336,0.1050271987915039,20,11,0,0,0,12,80,19,2,149,0,999,14903
oliveira/04_13/randm08.02.02.12.020_0030.05.aba.beta,True,5,5,0.010817289352416992,0.14616107940673828,0.001428365707397461,0.15840673446655273,27,5,0,0,0,21,51,25,17,127,0,683,10479
oliveira/04_13/randm08.02.02.13.020_0030.01.aba.beta,True,31,8,0.217041015625,5.214295864105225,0.0036940574645996094,5.435030937194824,90,31,0,0,0,184,128,62,154,763,0,1712,24268
oliveira/04_13/randm08.02.02.13.020_0030.02.aba.beta,True,41,8,0.1562027931213379,2.7769851684570312,0.008874893188476562,2.9420628547668457,92,41,0,0,0,118,185,72,78,801,0,2996,43592
oliveira/04_13/randm08.02.02.13.020_0030.03.aba.beta,True,30,8,0.23563075065612793,4.826388835906982,0.006186008453369141,5.0682055950164795,96,30,0,0,0,196,159,63,167,756,0,2771,41263
oliveira/04_13/randm08.02.02.13.020_0030.04.aba.beta,True,26,8,0.1350564956665039,3.841489553451538,0.004280567169189453,3.9808266162872314,70,26,0,0,0,138,156,62,113,630,0,1916,28140
oliveira/04_13/randm08.02.02.13.020_0030.05.aba.beta,True,32,8,0.18682265281677246,2.905467987060547,0.005427360534667969,3.0977180004119873,88,32,0,0,0,130,181,64,99,719,0,2423,36060
oliveira/04_13/randm08.02.02.14.020_0030.01.aba.beta,True,17,6,0.04990029335021973,0.5212664604187012,0.003960371017456055,0.575127124786377,43,17,0,0,0,41,138,41,25,391,0,1813,27394
oliveira/04_13/randm08.02.02.14.020_0030.02.aba.beta,True,16,6,0.03659534454345703,0.2543492317199707,0.0027344226837158203,0.29367899894714355,33,16,0,0,0,29,87,32,14,269,0,1290,19086
oliveira/04_13/randm08.02.02.14.020_0030.03.aba.beta,True,17,6,0.038451433181762695,0.2555711269378662,0.0037622451782226562,0.29778480529785156,35,17,0,0,0,27,118,34,11,318,0,1709,26048
oliveira/04_13/randm08.02.02.14.020_0030.04.aba.beta,True,17,6,0.04031634330749512,0.5163507461547852,0.005074501037597656,0.5617415904998779,47,17,0,0,0,43,122,40,27,356,0,1448,22296
oliveira/04_13/randm08.02.02.14.020_0030.05.aba.beta,True,18,6,0.04508399963378906,0.47884130477905273,0.0028963088989257812,0.5268216133117676,44,18,0,0,0,41,118,39,24,380,0,1312,19094
oliveira/04_13/randm08.02.02.15.020_0030.01.aba.beta,True,16,5,0.028519868850708008,0.1711423397064209,0.002321958541870117,0.20198416709899902,31,16,0,0,0,23,81,30,8,270,0,1100,16099
oliveira/04_13/randm08.02.02.15.020_0030.02.aba.beta,True,7,5,0.011124372482299805,0.07956528663635254,0.001796722412109375,0.09248638153076172,21,7,0,0,0,13,49,19,7,112,0,807,12432
oliveira/04_13/randm08.02.02.15.020_0030.03.aba.beta,True,5,5,0.008899927139282227,0.058675527572631836,0.001306295394897461,0.06888175010681152,19,5,0,0,0,11,25,18,7,74,0,579,8799
oliveira/04_13/randm08.02.02.15.020_0030.04.aba.beta,True,15,5,0.03131222724914551,0.208237886428833,0.002618074417114258,0.24216818809509277,33,15,0,0,0,23,113,29,9,313,0,1241,18814
oliveira/04_13/randm08.02.02.15.020_0030.05.aba.beta,True,16,5,0.027129411697387695,0.1979231834411621,0.0033910274505615234,0.22844362258911133,34,16,0,0,0,24,130,33,9,264,0,1608,24258
oliveira/04_13/randm08.02.02.16.020_0030.01.aba.beta,True,8,5,0.026128292083740234,0.13603734970092773,0.0015950202941894531,0.16376066207885742,30,8,0,0,0,22,51,26,15,157,0,715,10674
oliveira/04_13/randm08.02.02.16.020_0030.02.aba.beta,True,11,5,0.02362346649169922,0.15816903114318848,0.0015456676483154297,0.18333816528320312,34,11,0,0,0,25,58,27,15,188,0,706,10363
oliveira/04_13/randm08.02.02.16.020_0030.03.aba.beta,True,10,5,0.01793813705444336,0.1622154712677002,0.002320528030395508,0.18247413635253906,28,10,0,0,0,22,84,28,13,219,0,893,13456
oliveira/04_13/randm08.02.02.16.020_0030.04.aba.beta,True,8,5,0.014372825622558594,0.1404716968536377,0.002141714096069336,0.15698623657226562,26,8,0,0,0,20,78,25,13,156,0,961,14642
oliveira/04_13/randm08.02.02.16.020_0030.05.aba.beta,True,7,5,0.012961626052856445,0.13283491134643555,0.0018911361694335938,0.14768767356872559,25,7,0,0,0,19,77,25,13,159,0,848,13142
oliveira/04_13/randm08.02.02.17.020_0030.01.aba.beta,True,15,6,0.030507326126098633,0.2217237949371338,0.0018575191497802734,0.2540886402130127,35,15,0,0,0,29,80,30,15,250,0,928,13323
oliveira/04_13/randm08.02.02.17.020_0030.02.aba.beta,True,15,6,0.030489206314086914,0.1351010799407959,0.002272367477416992,0.1678626537322998,29,15,0,0,0,19,60,25,5,271,0,1060,15808
oliveira/04_13/randm08.02.02.17.020_0030.03.aba.beta,True,14,6,0.04133915901184082,0.16896748542785645,0.0021889209747314453,0.2124955654144287,31,14,0,0,0,22,92,27,9,236,0,987,14768
oliveira/04_13/randm08.02.02.17.020_0030.04.aba.beta,True,13,6,0.027762174606323242,0.128953218460083,0.0016531944274902344,0.15836858749389648,28,13,0,0,0,20,63,26,8,189,0,767,11090
oliveira/04_13/randm08.02.02.17.020_0030.05.aba.beta,True,10,6,0.01762104034423828,0.11376237869262695,0.0014691352844238281,0.13285255432128906,27,10,0,0,0,18,44,24,9,175,0,647,9800
oliveira/04_13/randm08.02.02.18.020_0030.01.aba.beta,True,18,6,0.05926871299743652,0.8251075744628906,0.002073049545288086,0.8864493370056152,57,18,0,0,0,67,100,43,50,395,0,980,14122
oliveira/04_13/randm08.02.02.18.020_0030.02.aba.beta,True,16,6,0.06399130821228027,0.9185409545898438,0.0035576820373535156,0.9860899448394775,53,16,0,0,0,65,133,42,50,353,0,1498,22871
oliveira/04_13/randm08.02.02.18.020_0030.03.aba.beta,True,14,6,0.044004201889038086,0.2087092399597168,0.0031375885009765625,0.25585103034973145,34,14,0,0,0,25,101,32,12,226,0,1459,22004
oliveira/04_13/randm08.02.02.18.020_0030.04.aba.beta,True,14,6,0.061724185943603516,1.1041176319122314,0.004251003265380859,1.1700928211212158,67,14,0,0,0,77,152,46,64,432,0,1539,23388
oliveira/04_13/randm08.02.02.18.020_0030.05.aba.beta,True,15,6,0.043863534927368164,0.8555026054382324,0.002757549285888672,0.9021236896514893,55,15,0,0,0,64,127,46,50,376,0,1139,17018
oliveira/04_13/randm08.02.02.19.020_0030.01.aba.beta,True,13,8,0.04114818572998047,0.41235947608947754,0.0017695426940917969,0.4552772045135498,44,13,0,0,0,42,66,37,30,308,0,830,11927
oliveira/04_13/randm08.02.02.19.020_0030.02.aba.beta,True,11,8,0.0715336799621582,0.821044921875,0.0016064643859863281,0.8941850662231445,56,11,0,0,0,73,86,41,63,373,0,749,11220
oliveira/04_13/randm08.02.02.19.020_0030.03.aba.beta,True,15,8,0.03960418701171875,0.4167466163635254,0.0016524791717529297,0.45800328254699707,43,15,0,0,0,49,57,40,35,250,0,812,11429
oliveira/04_13/randm08.02.02.19.020_0030.04.aba.beta,True,19,8,0.07811689376831055,1.050630807876587,0.0019690990447998047,1.1307168006896973,68,19,0,0,0,90,97,49,72,450,0,975,13840
oliveira/04_13/randm08.02.02.19.020_0030.05.aba.beta,True,22,8,0.08065629005432129,0.7146353721618652,0.002911806106567383,0.7982034683227539,49,22,0,0,0,56,98,42,35,405,0,1366,19449
oliveira/04_13/randm09.02.02.01.020_0030.01.aba.beta,True,23,9,0.275437593460083,4.500818490982056,0.0064144134521484375,4.782670497894287,88,23,0,0,0,211,151,53,189,630,0,2763,43219
oliveira/04_13/randm09.02.02.01.020_0030.02.aba.beta,True,11,7,0.036748647689819336,0.6829280853271484,0.0016019344329833984,0.7212786674499512,46,11,0,0,0,65,72,37,55,281,0,788,11641
oliveira/04_13/randm09.02.02.01.020_0030.03.aba.beta,True,31,9,0.4691739082336426,8.885257005691528,0.005523681640625,9.359954595565796,103,31,0,0,0,320,166,57,290,776,0,2358,34701
oliveira/04_13/randm09.02.02.01.020_0030.04.aba.beta,True,20,9,0.7393057346343994,7.638813018798828,0.005736589431762695,8.38385534286499,130,20,0,0,0,327,175,69,308,861,0,2578,39175
oliveira/04_13/randm09.02.02.01.020_0030.05.aba.beta,True,25,9,0.28127241134643555,4.320000171661377,0.010910987854003906,4.612183570861816,92,25,0,0,0,198,171,59,174,641,0,4561,71223
oliveira/04_13/randm09.02.02.02.020_0030.01.aba.beta,True,29,8,0.12723755836486816,1.4021120071411133,0.0051500797271728516,1.5344996452331543,83,29,0,0,0,104,98,58,76,543,0,2310,33669
oliveira/04_13/randm09.02.02.02.020_0030.02.aba.beta,True,37,7,0.08774971961975098,0.5879099369049072,0.00548863410949707,0.6811482906341553,59,37,0,0,0,50,94,55,14,514,0,2558,37604
oliveira/04_13/randm09.02.02.02.020_0030.03.aba.beta,True,24,8,0.06429743766784668,0.618272066116333,0.004271984100341797,0.6868414878845215,52,24,0,0,0,56,91,47,33,407,0,1885,27636
oliveira/04_13/randm09.02.02.02.020_0030.04.aba.beta,True,37,8,0.6348166465759277,7.19614315032959,0.0071103572845458984,7.8380701541900635,146,37,0,0,0,341,171,80,305,1029,0,3194,48411
oliveira/04_13/randm09.02.02.02.020_0030.05.aba.beta,True,23,7,0.10918593406677246,1.6500108242034912,0.003912210464477539,1.7631089687347412,83,23,0,0,0,111,124,62,89,591,0,1823,26661
oliveira/04_13/randm09.02.02.03.020_0030.01.aba.beta,True,30,8,0.09212946891784668,1.2655580043792725,0.004877567291259766,1.362565040588379,60,30,0,0,0,60,175,50,31,588,0,2322,34232
oliveira/04_13/randm09.02.02.03.020_0030.02.aba.beta,True,17,8,0.04939413070678711,0.3369872570037842,0.0019011497497558594,0.38828253746032715,45,17,0,0,0,35,94,35,19,370,0,923,13406
oliveira/04_13/randm09.02.02.03.020_0030.03.aba.beta,True,23,8,0.09586787223815918,1.6396653652191162,0.0030412673950195312,1.738574504852295,69,23,0,0,0,84,99,54,62,583,0,1392,20362
oliveira/04_13/randm09.02.02.03.020_0030.04.aba.beta,True,25,8,0.08533978462219238,1.2010321617126465,0.004185914993286133,1.290557861328125,62,25,0,0,0,74,116,49,50,532,0,1849,26948
oliveira/04_13/randm09.02.02.03.020_0030.05.aba.beta,True,20,8,0.06930017471313477,1.064523458480835,0.002777099609375,1.1366007328033447,64,20,0,0,0,84,119,49,65,457,0,1284,18338
oliveira/04_13/randm09.02.02.04.020_0030.01.aba.beta,True,15,7,0.056110382080078125,0.5512938499450684,0.002519369125366211,0.6099236011505127,47,15,0,0,0,48,123,39,34,328,0,1171,17151
oliveira/04_13/randm09.02.02.04.020_0030.02.aba.beta,True,14,7,0.03594970703125,0.1808454990386963,0.0018079280853271484,0.21860313415527344,34,14,0,0,0,27,60,29,14,229,0,784,11234
oliveira/04_13/randm09.02.02.04.020_0030.03.aba.beta,True,14,7,0.028594970703125,0.19399070739746094,0.0018205642700195312,0.22440624237060547,33,14,0,0,0,26,63,31,13,192,0,858,12455
oliveira/04_13/randm09.02.02.04.020_0030.04.aba.beta,True,12,7,0.03131532669067383,0.15935182571411133,0.001607656478881836,0.192274808883667,32,12,0,0,0,25,47,28,14,176,0,771,11193
oliveira/04_13/randm09.02.02.04.020_0030.05.aba.beta,True,17,7,0.04496431350708008,0.44036197662353516,0.0026695728302001953,0.48799586296081543,46,17,0,0,0,44,93,39,28,343,0,1226,17883
oliveira/04_13/randm09.02.02.05.020_0030.01.aba.beta,True,22,8,0.05612683296203613,0.40317225456237793,0.002630949020385742,0.4619300365447998,47,22,0,0,0,34,75,40,13,357,0,1231,17476
oliveira/04_13/randm09.02.02.05.020_0030.02.aba.beta,True,14,8,0.03557586669921875,0.22306513786315918,0.0015006065368652344,0.26014161109924316,40,14,0,0,0,30,50,37,17,250,0,716,9999
oliveira/04_13/randm09.02.02.05.020_0030.03.aba.beta,True,23,8,0.09929513931274414,1.2593111991882324,0.0023992061614990234,1.3610055446624756,68,23,0,0,0,95,111,47,73,503,0,1139,15834
oliveira/04_13/randm09.02.02.05.020_0030.04.aba.beta,True,20,8,0.07520842552185059,0.9918444156646729,0.003350973129272461,1.070403814315796,68,20,0,0,0,76,128,50,57,485,0,1514,22368
oliveira/04_13/randm09.02.02.05.020_0030.05.aba.beta,True,12,8,0.027378082275390625,0.3698875904083252,0.0014657974243164062,0.3987314701080322,36,12,0,0,0,33,46,31,22,225,0,689,9824
oliveira/04_13/randm09.02.02.06.020_0030.01.aba.beta,True,20,9,0.11309123039245605,1.471010446548462,0.0023651123046875,1.5864667892456055,86,20,0,0,0,103,113,60,84,675,0,1123,16041
oliveira/04_13/randm09.02.02.06.020_0030.02.aba.beta,True,30,9,0.2304975986480713,3.073723554611206,0.003150463104248047,3.3073716163635254,94,30,0,0,0,154,114,57,125,742,0,1492,20614
oliveira/04_13/randm09.02.02.06.020_0030.03.aba.beta,True,24,9,0.09087347984313965,0.9812278747558594,0.0027081966400146484,1.0748095512390137,71,24,0,0,0,73,111,58,50,572,0,1262,17941
oliveira/04_13/randm09.02.02.06.020_0030.04.aba.beta,True,20,9,0.1622302532196045,1.820089340209961,0.002315998077392578,1.984635591506958,82,20,0,0,0,121,107,49,102,594,0,1143,15970
oliveira/04_13/randm09.02.02.06.020_0030.05.aba.beta,True,24,9,0.10613894462585449,1.0480997562408447,0.0031659603118896484,1.1574046611785889,66,24,0,0,0,81,101,51,58,494,0,1406,20022
oliveira/04_13/randm09.02.02.07.020_0030.01.aba.beta,True,1,1,0.0005869865417480469,0.0018301010131835938,0.0012116432189941406,0.0036287307739257812,3,1,0,0,0,1,3,3,1,2,0,511,8445
oliveira/04_13/randm09.02.02.07.020_0030.02.aba.beta,True,1,1,0.0005660057067871094,0.0018489360809326172,0.0011632442474365234,0.00357818603515625,3,1,0,0,0,1,3,3,1,2,0,530,8553
oliveira/04_13/randm09.02.02.07.020_0030.03.aba.beta,True,1,1,0.0008406639099121094,0.001775503158569336,0.0011572837829589844,0.0037734508514404297,3,1,0,0,0,1,3,3,1,2,0,533,8573
oliveira/04_13/randm09.02.02.07.020_0030.04.aba.beta,True,1,1,0.0007607936859130859,0.0018734931945800781,0.0011599063873291016,0.0037941932678222656,3,1,0,0,0,1,3,3,1,2,0,527,8550
oliveira/04_13/randm09.02.02.07.020_0030.05.aba.beta,True,1,1,0.0007834434509277344,0.001985311508178711,0.0018017292022705078,0.004570484161376953,3,1,0,0,0,1,3,3,1,2,0,536,8586
oliveira/04_13/randm09.02.02.08.020_0030.01.aba.beta,True,13,6,0.024937868118286133,0.08899641036987305,0.0016007423400878906,0.11553502082824707,23,13,0,0,0,15,30,20,3,113,0,756,11100
oliveira/04_13/randm09.02.02.08.020_0030.02.aba.beta,True,8,6,0.016011953353881836,0.12018680572509766,0.0014340877532958984,0.1376328468322754,29,8,0,0,0,19,42,26,12,157,0,660,9777
oliveira/04_13/randm09.02.02.08.020_0030.03.aba.beta,True,11,6,0.01946878433227539,0.09763121604919434,0.0020749568939208984,0.11917495727539062,24,11,0,0,0,17,41,23,7,152,0,903,13549
oliveira/04_13/randm09.02.02.08.020_0030.04.aba.beta,True,9,6,0.016019105911254883,0.066162109375,0.004523277282714844,0.08670449256896973,23,9,0,0,0,12,28,23,4,88,0,2084,32816
oliveira/04_13/randm09.02.02.08.020_0030.05.aba.beta,True,15,6,0.031775712966918945,0.13464832305908203,0.007201433181762695,0.17362546920776367,27,15,0,0,0,20,53,27,6,128,0,3205,50607
oliveira/04_13/randm09.02.02.09.020_0030.01.aba.beta,True,26,9,0.25601911544799805,3.644131898880005,0.004299163818359375,3.9044501781463623,94,26,0,0,0,166,171,55,141,669,0,1872,28115
oliveira/04_13/randm09.02.02.09.020_0030.02.aba.beta,True,14,9,0.14549541473388672,1.6830790042877197,0.0021724700927734375,1.8307468891143799,72,14,0,0,0,143,85,51,130,423,0,1015,14874
oliveira/04_13/randm09.02.02.09.020_0030.03.aba.beta,True,17,9,0.07773590087890625,0.8899095058441162,0.0018012523651123047,0.9694466590881348,50,17,0,0,0,71,65,37,55,359,0,813,11230
oliveira/04_13/randm09.02.02.09.020_0030.04.aba.beta,True,20,9,0.10126399993896484,1.1148133277893066,0.003142833709716797,1.2192201614379883,56,20,0,0,0,90,95,48,71,429,0,1497,21835
oliveira/04_13/randm09.02.02.09.020_0030.05.aba.beta,True,26,9,0.13410043716430664,1.779041051864624,0.0035643577575683594,1.916705846786499,74,26,0,0,0,124,129,54,99,564,0,1689,24261
oliveira/04_13/randm09.02.02.10.020_0030.01.aba.beta,True,12,6,0.029483795166015625,0.176513671875,0.0024309158325195312,0.20842838287353516,33,12,0,0,0,25,67,30,14,248,0,1119,17018
oliveira/04_13/randm09.02.02.10.020_0030.02.aba.beta,True,9,6,0.016547679901123047,0.12020587921142578,0.001435995101928711,0.13818955421447754,30,9,0,0,0,20,62,26,12,176,0,667,10009
oliveira/04_13/randm09.02.02.10.020_0030.03.aba.beta,True,14,6,0.026528358459472656,0.1396043300628662,0.002007007598876953,0.16813969612121582,30,14,0,0,0,21,53,26,8,192,0,960,13888
oliveira/04_13/randm09.02.02.10.020_0030.04.aba.beta,True,6,6,0.01506805419921875,0.06167030334472656,0.0012476444244384766,0.07798600196838379,22,6,0,0,0,13,27,19,8,92,0,582,8824
oliveira/04_13/randm09.02.02.10.020_0030.05.aba.beta,True,10,6,0.01929330825805664,0.10903334617614746,0.001453399658203125,0.12978005409240723,27,10,0,0,0,18,43,26,9,157,0,707,10211
oliveira/04_13/randm09.02.02.11.020_0030.01.aba.beta,True,20,8,0.06999826431274414,0.8553938865661621,0.002614736557006836,0.9280068874359131,50,20,0,0,0,73,88,45,54,409,0,1198,17216
oliveira/04_13/randm09.02.02.11.020_0030.02.aba.beta,True,19,8,0.047989845275878906,0.3681983947753906,0.0019617080688476562,0.4181499481201172,47,19,0,0,0,39,68,41,21,381,0,930,13173
oliveira/04_13/randm09.02.02.11.020_0030.03.aba.beta,True,19,8,0.05912160873413086,0.48644185066223145,0.002552509307861328,0.5481159687042236,48,19,0,0,0,51,88,39,33,411,0,1206,17628
oliveira/04_13/randm09.02.02.11.020_0030.04.aba.beta,True,15,8,0.056989431381225586,0.65669846534729,0.001527547836303711,0.7152154445648193,49,15,0,0,0,63,58,40,49,305,0,778,10930
oliveira/04_13/randm09.02.02.11.020_0030.05.aba.beta,True,21,8,0.06092333793640137,0.5768187046051025,0.0025763511657714844,0.6403183937072754,52,21,0,0,0,52,88,45,32,411,0,1145,16624
oliveira/04_13/randm09.02.02.12.020_0030.01.aba.beta,True,16,8,0.0793449878692627,0.760237455368042,0.0021562576293945312,0.8417387008666992,57,16,0,0,0,72,93,43,57,371,0,1030,14967
oliveira/04_13/randm09.02.02.12.020_0030.02.aba.beta,True,23,8,0.056902170181274414,0.3993360996246338,0.002900838851928711,0.4591391086578369,46,23,0,0,0,43,93,42,21,324,0,1297,18490
oliveira/04_13/randm09.02.02.12.020_0030.03.aba.beta,True,23,8,0.07171773910522461,0.6025769710540771,0.0024614334106445312,0.6767561435699463,55,23,0,0,0,54,95,47,32,427,0,1211,16835
oliveira/04_13/randm09.02.02.12.020_0030.04.aba.beta,True,22,8,0.05837750434875488,0.5407161712646484,0.002281665802001953,0.6013753414154053,57,22,0,0,0,57,80,50,36,378,0,1048,14562
oliveira/04_13/randm09.02.02.12.020_0030.05.aba.beta,True,26,8,0.08650946617126465,0.8111519813537598,0.002653360366821289,0.9003148078918457,67,26,0,0,0,65,109,54,40,535,0,1217,16660
oliveira/04_13/randm09.02.02.13.020_0030.01.aba.beta,True,22,8,0.06044769287109375,0.3345663547515869,0.003206014633178711,0.3982200622558594,45,22,0,0,0,35,91,40,14,434,0,1455,21436
oliveira/04_13/randm09.02.02.13.020_0030.02.aba.beta,True,20,8,0.0556645393371582,0.7927365303039551,0.002989530563354492,0.8513906002044678,61,20,0,0,0,65,110,50,46,533,0,1364,19823
oliveira/04_13/randm09.02.02.13.020_0030.03.aba.beta,True,24,8,0.8054966926574707,9.257429838180542,0.003682374954223633,10.066608905792236,167,24,0,0,0,392,204,81,369,1168,0,1668,24161
oliveira/04_13/randm09.02.02.13.020_0030.04.aba.beta,True,21,8,0.06875443458557129,0.718571662902832,0.0028285980224609375,0.7901546955108643,64,21,0,0,0,64,138,52,44,560,0,1308,18999
oliveira/04_13/randm09.02.02.13.020_0030.05.aba.beta,True,19,8,0.06402802467346191,0.7685303688049316,0.002315044403076172,0.8348734378814697,68,19,0,0,0,75,87,49,57,398,0,1125,15921
oliveira/04_13/randm09.02.02.14.020_0030.01.aba.beta,True,9,6,0.019519567489624023,0.1150519847869873,0.0014629364013671875,0.13603448867797852,28,9,0,0,0,20,46,24,12,135,0,706,10424
oliveira/04_13/randm09.02.02.14.020_0030.02.aba.beta,True,6,6,0.018999576568603516,0.3076910972595215,0.0014255046844482422,0.32811617851257324,34,6,0,0,0,39,55,28,34,178,0,654,9801
oliveira/04_13/randm09.02.02.14.020_0030.03.aba.beta,True,10,6,0.02048802375793457,0.18927812576293945,0.0014705657958984375,0.21123671531677246,32,10,0,0,0,27,68,30,18,206,0,708,10378
oliveira/04_13/randm09.02.02.14.020_0030.04.aba.beta,True,8,6,0.018999814987182617,0.15179705619812012,0.0019752979278564453,0.17277216911315918,32,8,0,0,0,24,67,29,17,183,0,873,13276
oliveira/04_13/randm09.02.02.14.020_0030.05.aba.beta,True,4,6,0.018195390701293945,0.1825706958770752,0.0013132095336914062,0.20207929611206055,26,4,0,0,0,29,51,21,26,122,0,610,9389
oliveira/04_13/randm09.02.02.15.020_0030.01.aba.beta,True,19,8,0.06868386268615723,0.6124227046966553,0.0033631324768066406,0.6844696998596191,58,19,0,0,0,55,105,44,37,374,0,1175,16772
oliveira/04_13/randm09.02.02.15.020_0030.02.aba.beta,True,15,8,0.055896759033203125,0.2773103713989258,0.0017418861389160156,0.3349490165710449,41,15,0,0,0,34,70,36,20,281,0,827,11703
oliveira/04_13/randm09.02.02.15.020_0030.03.aba.beta,True,23,8,0.07058429718017578,0.45661306381225586,0.002415180206298828,0.5296125411987305,49,23,0,0,0,43,84,42,21,351,0,1186,16814
oliveira/04_13/randm09.02.02.15.020_0030.04.aba.beta,True,21,8,0.058476924896240234,0.4526855945587158,0.002212047576904297,0.5133745670318604,49,21,0,0,0,42,76,41,22,397,0,1054,14868
oliveira/04_13/randm09.02.02.15.020_0030.05.aba.beta,True,13,8,0.06515812873840332,0.6348755359649658,0.0021436214447021484,0.7021772861480713,54,13,0,0,0,66,80,36,54,298,0,977,15039
oliveira/04_13/randm09.02.02.16.020_0030.01.aba.beta,True,13,6,0.034325599670410156,0.40871548652648926,0.0027244091033935547,0.44576549530029297,49,13,0,0,0,44,87,41,32,324,0,1247,18993
oliveira/04_13/randm09.02.02.16.020_0030.02.aba.beta,True,15,6,0.037767648696899414,0.46536898612976074,0.0026798248291015625,0.5058164596557617,50,15,0,0,0,46,88,44,32,324,0,1158,17012
oliveira/04_13/randm09.02.02.16.020_0030.03.aba.beta,True,15,6,0.033475637435913086,0.49839067459106445,0.00347137451171875,0.5353376865386963,50,15,0,0,0,46,107,41,32,341,0,1484,22702
oliveira/04_13/randm09.02.02.16.020_0030.04.aba.beta,True,8,6,0.023448467254638672,0.13736653327941895,0.0015807151794433594,0.16239571571350098,30,8,0,0,0,22,45,27,15,149,0,753,11325
oliveira/04_13/randm09.02.02.16.020_0030.05.aba.beta,True,8,6,0.020315885543823242,0.24956893920898438,0.001416921615600586,0.2713017463684082,38,8,0,0,0,32,59,33,25,221,0,681,10193
oliveira/04_13/randm09.02.02.17.020_0030.01.aba.beta,True,20,9,0.2719433307647705,3.9541268348693848,0.005251884460449219,4.2313220500946045,101,20,0,0,0,257,155,65,238,714,0,2255,34897
oliveira/04_13/randm09.02.02.17.020_0030.02.aba.beta,True,28,9,0.11404633522033691,1.867734432220459,0.0035533905029296875,1.9853341579437256,78,28,0,0,0,114,141,65,87,684,0,1678,24314
oliveira/04_13/randm09.02.02.17.020_0030.03.aba.beta,True,18,9,0.08966922760009766,1.0881681442260742,0.002445697784423828,1.1802830696105957,65,18,0,0,0,85,108,53,68,446,0,1137,16501
oliveira/04_13/randm09.02.02.17.020_0030.04.aba.beta,True,19,9,0.07635378837585449,0.8485128879547119,0.0021708011627197266,0.9270374774932861,56,19,0,0,0,73,85,46,55,378,0,1027,14527
oliveira/04_13/randm09.02.02.17.020_0030.05.aba.beta,True,29,9,0.1261887550354004,1.585205078125,0.005742549896240234,1.7171363830566406,74,29,0,0,0,93,154,64,65,601,0,2557,38330
oliveira/04_13/randm09.02.02.18.020_0030.01.aba.beta,True,18,7,0.0586245059967041,0.8151791095733643,0.0023086071014404297,0.8761122226715088,54,18,0,0,0,70,93,43,53,438,0,1048,15064
oliveira/04_13/randm09.02.02.18.020_0030.02.aba.beta,True,20,7,0.07121038436889648,0.683124303817749,0.002257823944091797,0.7565925121307373,62,20,0,0,0,65,94,40,46,507,0,1048,15058
oliveira/04_13/randm09.02.02.18.020_0030.03.aba.beta,True,17,7,0.04678606986999512,0.5219602584838867,0.003304719924926758,0.5720510482788086,45,17,0,0,0,44,118,37,28,429,0,1431,21400
oliveira/04_13/randm09.02.02.18.020_0030.04.aba.beta,True,19,7,0.04944968223571777,0.4733126163482666,0.0033769607543945312,0.5261392593383789,46,19,0,0,0,41,127,39,23,378,0,1464,21430
oliveira/04_13/randm09.02.02.18.020_0030.05.aba.beta,True,15,7,0.0484011173248291,0.4533975124359131,0.0027282238006591797,0.5045268535614014,49,15,0,0,0,47,126,43,33,400,0,1242,18734
oliveira/04_13/randm09.02.02.19.020_0030.01.aba.beta,True,17,8,0.24750328063964844,3.502070426940918,0.0025556087493896484,3.752129316329956,101,17,0,0,0,265,130,61,249,642,0,1183,17343
oliveira/04_13/randm09.02.02.19.020_0030.02.aba.beta,True,16,8,0.05259299278259277,0.6305108070373535,0.004648447036743164,0.6877522468566895,61,16,0,0,0,61,144,48,46,423,0,2056,31548
oliveira/04_13/randm09.02.02.19.020_0030.03.aba.beta,True,22,8,0.14432597160339355,2.539215564727783,0.0032846927642822266,2.686826229095459,78,22,0,0,0,165,118,58,144,583,0,1441,20762
oliveira/04_13/randm09.02.02.19.020_0030.04.aba.beta,True,17,8,0.2112874984741211,3.3004305362701416,0.0026297569274902344,3.514347791671753,93,17,0,0,0,241,140,59,225,626,0,1187,17378
oliveira/04_13/randm09.02.02.19.020_0030.05.aba.beta,True,30,8,0.08727216720581055,1.0284039974212646,0.005795717239379883,1.121471881866455,63,30,0,0,0,71,206,52,42,636,0,2557,38198
oliveira/04_13/randm10.02.02.01.020_0030.01.aba.beta,True,10,6,0.017895221710205078,0.10369277000427246,0.0023949146270751953,0.12398290634155273,24,10,0,0,0,18,27,23,9,99,0,1128,17057
oliveira/04_13/randm10.02.02.01.020_0030.02.aba.beta,True,14,6,0.032517433166503906,0.1421964168548584,0.001963376998901367,0.17667722702026367,30,14,0,0,0,22,41,27,9,181,0,937,13781
oliveira/04_13/randm10.02.02.01.020_0030.03.aba.beta,True,6,6,0.014432668685913086,0.13520073890686035,0.0012695789337158203,0.15090298652648926,32,6,0,0,0,23,33,28,18,120,0,575,8736
oliveira/04_13/randm10.02.02.01.020_0030.04.aba.beta,True,10,6,0.024539709091186523,0.13509225845336914,0.0013136863708496094,0.16094565391540527,31,10,0,0,0,22,47,27,13,189,0,656,9534
oliveira/04_13/randm10.02.02.01.020_0030.05.aba.beta,True,12,6,0.022017717361450195,0.08919477462768555,0.005879878997802734,0.11709237098693848,25,12,0,0,0,16,31,23,5,102,0,2649,41897
oliveira/04_13/randm10.02.02.02.020_0030.01.aba.beta,True,23,9,0.0910494327545166,0.8356122970581055,0.003378629684448242,0.9300403594970703,60,23,0,0,0,74,124,54,52,439,0,1590,22867
oliveira/04_13/randm10.02.02.02.020_0030.02.aba.beta,True,30,9,0.17250299453735352,2.382805824279785,0.004157304763793945,2.5594661235809326,90,30,0,0,0,140,160,65,111,721,0,1914,27723
oliveira/04_13/randm10.02.02.02.020_0030.03.aba.beta,True,32,9,0.15130949020385742,2.326045036315918,0.0048749446868896484,2.482229471206665,81,32,0,0,0,118,144,63,87,690,0,2177,32157
oliveira/04_13/randm10.02.02.02.020_0030.04.aba.beta,True,28,9,0.20253539085388184,2.962268352508545,0.002965211868286133,3.167768955230713,86,28,0,0,0,163,126,59,136,740,0,1374,19722
oliveira/04_13/randm10.02.02.02.020_0030.05.aba.beta,True,29,9,0.3874356746673584,5.181248426437378,0.0034003257751464844,5.572084426879883,131,29,0,0,0,268,173,68,240,1043,0,1603,22177
oliveira/04_13/randm10.02.02.03.020_0030.01.aba.beta,True,17,8,0.05719590187072754,0.553048849105835,0.002823352813720703,0.6130681037902832,57,17,0,0,0,56,102,46,40,384,0,1315,19302
oliveira/04_13/randm10.02.02.03.020_0030.02.aba.beta,True,17,8,0.0562899112701416,0.5911457538604736,0.0034012794494628906,0.6508369445800781,55,17,0,0,0,64,91,49,48,382,0,1561,22907
oliveira/04_13/randm10.02.02.03.020_0030.03.aba.beta,True,19,8,0.09448719024658203,0.9779236316680908,0.0028336048126220703,1.075244426727295,62,19,0,0,0,83,112,47,65,488,0,1260,18581
oliveira/04_13/randm10.02.02.03.020_0030.04.aba.beta,True,19,8,0.08345770835876465,0.9371027946472168,0.002862691879272461,1.023423194885254,63,19,0,0,0,80,107,51,62,422,0,1325,19308
oliveira/04_13/randm10.02.02.03.020_0030.05.aba.beta,True,23,8,0.07108688354492188,0.43349432945251465,0.003007173538208008,0.5075883865356445,52,23,0,0,0,44,97,42,22,395,0,1437,20663
oliveira/04_13/randm10.02.02.04.020_0030.01.aba.beta,True,9,5,0.015825271606445312,0.08033156394958496,0.0016522407531738281,0.0978090763092041,23,9,0,0,0,15,41,22,7,149,0,684,9951
oliveira/04_13/randm10.02.02.04.020_0030.02.aba.beta,True,6,5,0.011319875717163086,0.0792698860168457,0.001239776611328125,0.09182953834533691,24,6,0,0,0,15,30,23,10,100,0,595,8914
oliveira/04_13/randm10.02.02.04.020_0030.03.aba.beta,True,9,5,0.01553654670715332,0.09526801109313965,0.0013706684112548828,0.11217522621154785,23,9,0,0,0,18,38,19,10,128,0,618,9349
oliveira/04_13/randm10.02.02.04.020_0030.04.aba.beta,True,9,5,0.01879096031188965,0.04546856880187988,0.0013630390167236328,0.06562256813049316,17,9,0,0,0,9,37,17,1,100,0,675,10000
oliveira/04_13/randm10.02.02.04.020_0030.05.aba.beta,True,6,5,0.009419441223144531,0.06314301490783691,0.0013163089752197266,0.07387876510620117,21,6,0,0,0,14,26,21,9,81,0,587,8829
oliveira/04_13/randm10.02.02.05.020_0030.01.aba.beta,True,28,8,0.08526825904846191,0.6635756492614746,0.004718303680419922,0.7535622119903564,63,28,0,0,0,60,84,54,33,459,0,2112,32014
oliveira/04_13/randm10.02.02.05.020_0030.02.aba.beta,True,15,7,0.03566718101501465,0.32486581802368164,0.0037698745727539062,0.3643028736114502,44,15,0,0,0,38,92,39,24,243,0,1775,26899
oliveira/04_13/randm10.02.02.05.020_0030.03.aba.beta,True,18,8,0.049320220947265625,0.4946117401123047,0.003833293914794922,0.5477652549743652,53,18,0,0,0,44,122,48,27,370,0,1710,25835
oliveira/04_13/randm10.02.02.05.020_0030.04.aba.beta,True,15,8,0.046091556549072266,0.6477274894714355,0.0041081905364990234,0.6979272365570068,59,15,0,0,0,63,111,48,49,367,0,1847,27947
oliveira/04_13/randm10.02.02.05.020_0030.05.aba.beta,True,28,8,0.23515915870666504,4.110860109329224,0.007888078689575195,4.353907346725464,111,28,0,0,0,174,213,69,147,902,0,3245,49485
oliveira/04_13/randm10.02.02.06.020_0030.01.aba.beta,True,27,9,0.07960057258605957,0.5552694797515869,0.002622842788696289,0.6374928951263428,55,27,0,0,0,44,81,48,18,531,0,1282,17757
oliveira/04_13/randm10.02.02.06.020_0030.02.aba.beta,True,25,9,0.1133120059967041,2.1006269454956055,0.003369569778442383,2.217308521270752,81,25,0,0,0,107,145,54,83,667,0,1531,22105
oliveira/04_13/randm10.02.02.06.020_0030.03.aba.beta,True,25,9,0.12235283851623535,2.1149394512176514,0.0031757354736328125,2.2404680252075195,75,25,0,0,0,112,113,52,88,647,0,1413,19951
oliveira/04_13/randm10.02.02.06.020_0030.04.aba.beta,True,15,9,0.057268381118774414,0.5346536636352539,0.0018181800842285156,0.5937402248382568,51,15,0,0,0,50,68,45,36,414,0,822,11798
oliveira/04_13/randm10.02.02.06.020_0030.05.aba.beta,True,24,9,0.1476154327392578,1.969038963317871,0.002580404281616211,2.119234800338745,78,24,0,0,0,112,114,53,89,645,0,1207,17289
oliveira/04_13/randm10.02.02.07.020_0030.01.aba.beta,True,37,9,0.42435193061828613,5.664973974227905,0.007135629653930664,6.096461534500122,130,37,0,0,0,236,205,85,200,1050,0,3043,45601
oliveira/04_13/randm10.02.02.07.020_0030.02.aba.beta,True,22,9,0.3655545711517334,4.4490132331848145,0.002257108688354492,4.816824913024902,113,22,0,0,0,275,148,55,254,749,0,1033,14638
oliveira/04_13/randm10.02.02.07.020_0030.03.aba.beta,True,25,9,0.1665208339691162,2.073435068130493,0.0037059783935546875,2.243661880493164,82,25,0,0,0,142,130,59,118,557,0,1685,24613
oliveira/04_13/randm10.02.02.07.020_0030.04.aba.beta,True,24,9,0.07264947891235352,1.116553783416748,0.004023551940917969,1.1932268142700195,54,24,0,0,0,66,127,50,43,510,0,1856,26961
oliveira/04_13/randm10.02.02.07.020_0030.05.aba.beta,True,27,9,0.0992434024810791,1.1605582237243652,0.0037429332733154297,1.2635445594787598,60,27,0,0,0,80,142,51,54,571,0,1729,24896
oliveira/04_13/randm10.02.02.08.020_0030.01.aba.beta,True,33,9,0.11479496955871582,1.0699985027313232,0.0032117366790771484,1.1880052089691162,64,33,0,0,0,82,96,57,50,601,0,1530,21871
oliveira/04_13/randm10.02.02.08.020_0030.02.aba.beta,True,18,9,0.05751752853393555,0.5315432548522949,0.0016293525695800781,0.5906901359558105,49,18,0,0,0,54,62,40,37,329,0,788,10753
oliveira/04_13/randm10.02.02.08.020_0030.03.aba.beta,True,19,9,0.09311819076538086,1.3885118961334229,0.0016753673553466797,1.4833054542541504,63,19,0,0,0,99,67,40,81,466,0,817,10996
oliveira/04_13/randm10.02.02.08.020_0030.04.aba.beta,True,15,9,0.14446139335632324,2.251523017883301,0.0016934871673583984,2.3976778984069824,75,15,0,0,0,155,86,48,141,413,0,767,10863
oliveira/04_13/randm10.02.02.08.020_0030.05.aba.beta,True,16,9,0.08017086982727051,1.0802185535430908,0.0017864704132080078,1.1621758937835693,63,16,0,0,0,85,85,49,70,391,0,832,11810
oliveira/04_13/randm10.02.02.09.020_0030.01.aba.beta,True,18,7,0.0621485710144043,0.6510903835296631,0.002744436264038086,0.7159833908081055,55,18,0,0,0,60,95,43,43,339,0,1235,18441
oliveira/04_13/randm10.02.02.09.020_0030.02.aba.beta,True,14,7,0.033830881118774414,0.32767677307128906,0.0019156932830810547,0.36342334747314453,38,14,0,0,0,34,78,33,21,285,0,798,11547
oliveira/04_13/randm10.02.02.09.020_0030.03.aba.beta,True,19,7,0.05261969566345215,0.30877685546875,0.0018239021301269531,0.3632204532623291,43,19,0,0,0,38,63,39,20,302,0,883,12379
oliveira/04_13/randm10.02.02.09.020_0030.04.aba.beta,True,22,7,0.05452370643615723,0.38661670684814453,0.0021810531616210938,0.44332146644592285,45,22,0,0,0,39,86,35,18,388,0,1043,14680
oliveira/04_13/randm10.02.02.09.020_0030.05.aba.beta,True,18,7,0.060323476791381836,0.6262366771697998,0.0020949840545654297,0.6886551380157471,48,18,0,0,0,57,84,39,40,361,0,1014,14632
oliveira/04_13/randm10.02.02.10.020_0030.01.aba.beta,True,19,7,0.03873109817504883,0.24300789833068848,0.002210378646850586,0.2839493751525879,39,19,0,0,0,30,83,38,12,310,0,1042,15030
oliveira/04_13/randm10.02.02.10.020_0030.02.aba.beta,True,13,7,0.0325930118560791,0.19528985023498535,0.001611948013305664,0.22949481010437012,33,13,0,0,0,27,62,31,15,205,0,748,10735
oliveira/04_13/randm10.02.02.10.020_0030.03.aba.beta,True,16,7,0.03768014907836914,0.23212909698486328,0.001973390579223633,0.27178263664245605,38,16,0,0,0,32,76,37,17,325,0,939,13421
oliveira/04_13/randm10.02.02.10.020_0030.04.aba.beta,True,18,7,0.051939964294433594,0.41881227493286133,0.0018203258514404297,0.47257256507873535,52,18,0,0,0,50,71,42,33,323,0,896,12547
oliveira/04_13/randm10.02.02.10.020_0030.05.aba.beta,True,11,7,0.0386044979095459,0.5032615661621094,0.0020210742950439453,0.5438871383666992,47,11,0,0,0,57,86,37,47,301,0,947,14093
oliveira/04_13/randm10.02.02.11.020_0030.01.aba.beta,True,12,7,0.030192136764526367,0.27884602546691895,0.0013737678527832031,0.3104119300842285,43,12,0,0,0,37,44,38,26,218,0,655,9233
oliveira/04_13/randm10.02.02.11.020_0030.02.aba.beta,True,18,7,0.040274858474731445,0.1962871551513672,0.0018038749694824219,0.23836588859558105,35,18,0,0,0,26,54,33,9,280,0,860,11970
oliveira/04_13/randm10.02.02.11.020_0030.03.aba.beta,True,16,7,0.03944087028503418,0.2591700553894043,0.0016582012176513672,0.30026912689208984,38,16,0,0,0,32,47,28,17,250,0,712,9922
oliveira/04_13/randm10.02.02.11.020_0030.04.aba.beta,True,19,7,0.03983306884765625,0.2097640037536621,0.0021691322326660156,0.2517662048339844,37,19,0,0,0,25,71,34,7,293,0,1086,15287
oliveira/04_13/randm10.02.02.11.020_0030.05.aba.beta,True,14,7,0.031093597412109375,0.14770245552062988,0.0018715858459472656,0.18066763877868652,32,14,0,0,0,20,64,32,7,207,0,868,12589
oliveira/04_13/randm10.02.02.12.020_0030.01.aba.beta,True,14,8,0.0545351505279541,0.5786514282226562,0.0019707679748535156,0.6351573467254639,47,14,0,0,0,60,82,39,47,299,0,935,13501
oliveira/04_13/randm10.02.02.12.020_0030.02.aba.beta,True,15,8,0.19216513633728027,2.8405840396881104,0.001873016357421875,3.0346221923828125,85,15,0,0,0,191,102,49,177,542,0,811,11612
oliveira/04_13/randm10.02.02.12.020_0030.03.aba.beta,True,28,8,0.07915902137756348,0.39156174659729004,0.0023403167724609375,0.47306108474731445,47,28,0,0,0,38,69,42,11,457,0,1143,15774
oliveira/04_13/randm10.02.02.12.020_0030.04.aba.beta,True,17,8,0.05477643013000488,0.6142730712890625,0.0015513896942138672,0.6706008911132812,54,17,0,0,0,64,63,43,48,350,0,772,10675
oliveira/04_13/randm10.02.02.12.020_0030.05.aba.beta,True,24,8,0.0693511962890625,0.9647104740142822,0.003501415252685547,1.0375630855560303,65,24,0,0,0,77,121,51,54,571,0,1626,23540
oliveira/04_13/randm10.02.02.13.020_0030.01.aba.beta,True,12,6,0.02927541732788086,0.18998003005981445,0.001522064208984375,0.2207775115966797,33,12,0,0,0,26,45,31,15,244,0,728,10500
oliveira/04_13/randm10.02.02.13.020_0030.02.aba.beta,True,9,6,0.022806644439697266,0.14930272102355957,0.0021224021911621094,0.17423176765441895,27,9,0,0,0,21,70,27,13,197,0,936,14387
oliveira/04_13/randm10.02.02.13.020_0030.03.aba.beta,True,12,6,0.03064560890197754,0.22397518157958984,0.0021648406982421875,0.25678563117980957,34,12,0,0,0,26,111,29,15,262,0,1031,15421
oliveira/04_13/randm10.02.02.13.020_0030.04.aba.beta,True,18,6,0.045411109924316406,0.40227437019348145,0.0030078887939453125,0.45069336891174316,45,18,0,0,0,40,106,38,23,360,0,1237,18290
oliveira/04_13/randm10.02.02.13.020_0030.05.aba.beta,True,18,6,0.03946232795715332,0.42270970344543457,0.0031728744506835938,0.4653449058532715,44,18,0,0,0,39,129,37,22,347,0,1497,22093
oliveira/04_13/randm10.02.02.14.020_0030.01.aba.beta,True,25,9,0.5752325057983398,6.185229778289795,0.003597736358642578,6.764060020446777,119,25,0,0,0,323,161,77,299,928,0,1631,23355
oliveira/04_13/randm10.02.02.14.020_0030.02.aba.beta,True,19,9,0.5958755016326904,6.562788248062134,0.0018832683563232422,7.1605470180511475,113,19,0,0,0,374,137,63,356,758,0,890,12503
oliveira/04_13/randm10.02.02.14.020_0030.03.aba.beta,True,24,9,0.7665131092071533,10.049649238586426,0.00448918342590332,10.820651531219482,116,24,0,0,0,459,185,67,436,832,0,2011,30323
oliveira/04_13/randm10.02.02.14.020_0030.04.aba.beta,True,23,9,3.9430551528930664,26.621912717819214,0.004025459289550781,30.56899333000183,185,23,0,0,0,1039,242,81,1017,1351,0,1780,26247
oliveira/04_13/randm10.02.02.14.020_0030.05.aba.beta,True,25,9,1.032482624053955,8.650614500045776,0.0029773712158203125,9.686074495315552,135,25,0,0,0,436,185,73,412,1054,0,1376,19904
oliveira/04_13/randm10.02.02.15.020_0030.01.aba.beta,True,20,8,0.08232688903808594,0.9937677383422852,0.002437114715576172,1.0785317420959473,64,20,0,0,0,99,98,49,80,428,0,1079,15404
oliveira/04_13/randm10.02.02.15.020_0030.02.aba.beta,True,21,8,0.07085752487182617,0.6681911945343018,0.00186920166015625,0.7409179210662842,56,21,0,0,0,59,66,43,39,414,0,876,12038
oliveira/04_13/randm10.02.02.15.020_0030.03.aba.beta,True,22,8,0.08518433570861816,1.0285398960113525,0.0030813217163085938,1.1168055534362793,70,22,0,0,0,80,108,51,59,515,0,1444,20812
oliveira/04_13/randm10.02.02.15.020_0030.04.aba.beta,True,22,8,0.06293916702270508,0.850426197052002,0.0022275447845458984,0.9155929088592529,56,22,0,0,0,79,76,47,58,475,0,1062,14626
oliveira/04_13/randm10.02.02.15.020_0030.05.aba.beta,True,23,8,0.06518769264221191,0.7378063201904297,0.0022165775299072266,0.8052105903625488,54,23,0,0,0,66,68,41,44,370,0,1058,14407
oliveira/04_13/randm10.02.02.16.020_0030.01.aba.beta,True,18,8,0.26173853874206543,3.832204818725586,0.003695249557495117,4.0976386070251465,125,18,0,0,0,233,180,71,216,901,0,1628,24384
oliveira/04_13/randm10.02.02.16.020_0030.02.aba.beta,True,28,8,0.12596344947814941,1.6914308071136475,0.004015207290649414,1.8214094638824463,73,28,0,0,0,100,139,56,73,680,0,1829,26446
oliveira/04_13/randm10.02.02.16.020_0030.03.aba.beta,True,19,8,0.0883331298828125,0.854731559753418,0.0031909942626953125,0.9462556838989258,66,19,0,0,0,72,114,48,54,449,0,1505,21923
oliveira/04_13/randm10.02.02.16.020_0030.04.aba.beta,True,22,8,0.11059021949768066,1.644254446029663,0.0025937557220458984,1.7574384212493896,98,22,0,0,0,133,146,70,112,664,0,1260,17635
oliveira/04_13/randm10.02.02.16.020_0030.05.aba.beta,True,29,8,0.23818707466125488,4.14447546005249,0.003934144973754883,4.3865966796875,122,29,0,0,0,216,204,72,188,963,0,1814,26302
oliveira/04_13/randm10.02.02.17.020_0030.01.aba.beta,True,13,7,0.028300762176513672,0.2936835289001465,0.001684427261352539,0.3236687183380127,39,13,0,0,0,36,51,37,24,312,0,775,11131
oliveira/04_13/randm10.02.02.17.020_0030.02.aba.beta,True,14,7,0.07445406913757324,0.7456772327423096,0.0020668506622314453,0.8221981525421143,70,14,0,0,0,76,119,45,63,391,0,987,14613
oliveira/04_13/randm10.02.02.17.020_0030.03.aba.beta,True,14,7,0.03804135322570801,0.4171164035797119,0.0017151832580566406,0.45687294006347656,42,14,0,0,0,41,78,37,28,291,0,827,12119
oliveira/04_13/randm10.02.02.17.020_0030.04.aba.beta,True,18,7,0.055361270904541016,0.5809619426727295,0.002454996109008789,0.6387782096862793,52,18,0,0,0,59,99,41,42,339,0,1114,16004
oliveira/04_13/randm10.02.02.17.020_0030.05.aba.beta,True,19,7,0.05375480651855469,0.4461832046508789,0.002317190170288086,0.5022552013397217,54,19,0,0,0,48,98,44,30,419,0,1071,15381
oliveira/04_13/randm10.02.02.18.020_0030.01.aba.beta,True,1,1,0.0009984970092773438,0.002250194549560547,0.0011899471282958984,0.004438638687133789,3,1,0,0,0,1,3,3,1,2,0,539,8607
oliveira/04_13/randm10.02.02.18.020_0030.02.aba.beta,True,1,1,0.0008177757263183594,0.002071380615234375,0.0011849403381347656,0.0040740966796875,3,1,0,0,0,1,3,3,1,2,0,537,8599
oliveira/04_13/randm10.02.02.18.020_0030.03.aba.beta,True,1,1,0.0008070468902587891,0.0018775463104248047,0.0011446475982666016,0.0038292407989501953,3,1,0,0,0,1,3,3,1,2,0,537,8596
oliveira/04_13/randm10.02.02.18.020_0030.04.aba.beta,True,1,1,0.0008027553558349609,0.001781463623046875,0.0011048316955566406,0.0036890506744384766,3,1,0,0,0,1,3,3,1,2,0,536,8587
oliveira/04_13/randm10.02.02.18.020_0030.05.aba.beta,True,1,1,0.0010485649108886719,0.0018949508666992188,0.0011916160583496094,0.0041351318359375,3,1,0,0,0,1,3,3,1,2,0,537,8596
oliveira/04_13/randm10.02.02.19.020_0030.01.aba.beta,True,26,10,0.11301398277282715,1.2540316581726074,0.0037279129028320312,1.3707735538482666,70,26,0,0,0,92,109,60,67,532,0,1720,24902
oliveira/04_13/randm10.02.02.19.020_0030.02.aba.beta,True,18,10,0.17873573303222656,2.259969472885132,0.002099275588989258,2.4408044815063477,92,18,0,0,0,170,116,58,153,610,0,950,13328
oliveira/04_13/randm10.02.02.19.020_0030.03.aba.beta,True,33,10,0.17921066284179688,2.6581404209136963,0.005142927169799805,2.842494010925293,86,33,0,0,0,145,133,65,113,700,0,2245,32552
oliveira/04_13/randm10.02.02.19.020_0030.04.aba.beta,True,23,10,0.10413336753845215,1.347163438796997,0.0021164417266845703,1.4534132480621338,76,23,0,0,0,103,106,55,81,543,0,1054,14345
oliveira/04_13/randm10.02.02.19.020_0030.05.aba.beta,True,33,10,0.20059895515441895,4.037013053894043,0.003346681594848633,4.2409586906433105,84,33,0,0,0,155,137,65,123,709,0,1562,21677
oliveira/04_13/randm11.02.02.01.020_0030.01.aba.beta,True,25,10,0.15482544898986816,2.153737783432007,0.0031440258026123047,2.3117072582244873,87,25,0,0,0,135,130,62,111,678,0,1509,21366
oliveira/04_13/randm11.02.02.01.020_0030.02.aba.beta,True,26,10,0.19890189170837402,2.414602518081665,0.0031232833862304688,2.6166276931762695,91,26,0,0,0,152,123,62,127,653,0,1393,19444
oliveira/04_13/randm11.02.02.01.020_0030.03.aba.beta,True,29,10,2.3343865871429443,33.38251566886902,0.0060100555419921875,35.722912311553955,169,29,0,0,0,712,257,78,684,1283,0,2725,40961
oliveira/04_13/randm11.02.02.01.020_0030.04.aba.beta,True,25,10,0.4012134075164795,4.7903289794921875,0.0039501190185546875,5.195492506027222,103,25,0,0,0,238,162,64,214,809,0,1677,24702
oliveira/04_13/randm11.02.02.01.020_0030.05.aba.beta,True,26,10,0.2917160987854004,3.6768434047698975,0.0033464431762695312,3.9719059467315674,101,26,0,0,0,210,151,64,185,771,0,1546,22016
oliveira/04_13/randm11.02.02.02.020_0030.01.aba.beta,True,25,9,0.07862544059753418,0.6207261085510254,0.004085540771484375,0.703437089920044,59,25,0,0,0,54,127,49,30,472,0,1884,27801
oliveira/04_13/randm11.02.02.02.020_0030.02.aba.beta,True,30,10,0.1658797264099121,1.9934418201446533,0.007812023162841797,2.1671335697174072,83,30,0,0,0,117,132,63,88,693,0,3499,53833
oliveira/04_13/randm11.02.02.02.020_0030.03.aba.beta,True,25,10,0.10566520690917969,1.1514065265655518,0.003263711929321289,1.2603354454040527,74,25,0,0,0,94,100,60,70,525,0,1526,21783
oliveira/04_13/randm11.02.02.02.020_0030.04.aba.beta,True,23,10,0.13422250747680664,1.8088548183441162,0.004084110260009766,1.9471614360809326,72,23,0,0,0,108,133,52,86,591,0,1827,26926
oliveira/04_13/randm11.02.02.02.020_0030.05.aba.beta,True,34,10,0.12297368049621582,1.3056159019470215,0.004014015197753906,1.4326035976409912,70,34,0,0,0,88,124,54,55,640,0,1855,26360
oliveira/04_13/randm11.02.02.03.020_0030.01.aba.beta,True,24,10,0.4817774295806885,4.921527862548828,0.004670143127441406,5.407975435256958,110,24,0,0,0,284,123,64,261,693,0,2111,30873
oliveira/04_13/randm11.02.02.03.020_0030.02.aba.beta,True,25,10,1.0056767463684082,8.461432218551636,0.003599882125854492,9.470708847045898,135,25,0,0,0,387,180,75,363,1017,0,1625,23811
oliveira/04_13/randm11.02.02.03.020_0030.03.aba.beta,True,24,10,1.9608464241027832,15.298086166381836,0.0036499500274658203,17.262582540512085,150,24,0,0,0,548,189,76,525,1125,0,1636,23804
oliveira/04_13/randm11.02.02.03.020_0030.04.aba.beta,True,25,10,4.2745325565338135,31.230064392089844,0.002469778060913086,35.50706672668457,160,25,0,0,0,1068,199,70,1044,1107,0,1159,15862
oliveira/04_13/randm11.02.02.03.020_0030.05.aba.beta,True,26,10,0.4148447513580322,4.260224342346191,0.007620811462402344,4.682689905166626,100,26,0,0,0,236,152,65,211,662,0,3420,52120
oliveira/04_13/randm11.02.02.04.020_0030.01.aba.beta,True,14,9,0.0605473518371582,0.6650867462158203,0.0017664432525634766,0.727400541305542,56,14,0,0,0,65,80,45,52,363,0,806,11409
oliveira/04_13/randm11.02.02.04.020_0030.02.aba.beta,True,19,9,0.1921675205230713,1.9645557403564453,0.002667665481567383,2.159390926361084,77,19,0,0,0,146,113,45,128,452,0,1179,16892
oliveira/04_13/randm11.02.02.04.020_0030.03.aba.beta,True,21,9,0.08240008354187012,0.6679601669311523,0.0018215179443359375,0.7521817684173584,64,21,0,0,0,59,71,52,39,476,0,919,12455
oliveira/04_13/randm11.02.02.04.020_0030.04.aba.beta,True,24,9,0.09429121017456055,0.5997405052185059,0.0021567344665527344,0.6961884498596191,56,24,0,0,0,54,70,48,31,442,0,1077,14602
oliveira/04_13/randm11.02.02.04.020_0030.05.aba.beta,True,25,9,0.09642529487609863,0.7911794185638428,0.0026378631591796875,0.8902425765991211,57,25,0,0,0,71,93,46,47,413,0,1272,17717
oliveira/04_13/randm11.02.02.05.020_0030.01.aba.beta,True,20,8,0.05956530570983887,0.6811873912811279,0.0026040077209472656,0.7433567047119141,54,20,0,0,0,56,95,43,37,470,0,1146,16408
oliveira/04_13/randm11.02.02.05.020_0030.02.aba.beta,True,17,8,0.051091670989990234,0.45783352851867676,0.002360105514526367,0.5112853050231934,46,17,0,0,0,38,96,39,22,379,0,1115,16219
oliveira/04_13/randm11.02.02.05.020_0030.03.aba.beta,True,23,8,0.06595444679260254,0.5449516773223877,0.0023508071899414062,0.6132569313049316,52,23,0,0,0,50,78,45,28,434,0,1130,15587
oliveira/04_13/randm11.02.02.05.020_0030.04.aba.beta,True,22,8,0.08349180221557617,1.0694694519042969,0.002347707748413086,1.1553089618682861,62,22,0,0,0,84,86,48,63,549,0,1084,15375
oliveira/04_13/randm11.02.02.05.020_0030.05.aba.beta,True,32,8,0.12085390090942383,1.2492995262145996,0.0032541751861572266,1.3734076023101807,67,32,0,0,0,84,98,51,53,634,0,1506,20864
oliveira/04_13/randm11.02.02.06.020_0030.01.aba.beta,True,20,8,0.053250789642333984,0.40155696868896484,0.003140687942504883,0.4579484462738037,48,20,0,0,0,37,114,44,18,392,0,1445,21189
oliveira/04_13/randm11.02.02.06.020_0030.02.aba.beta,True,18,8,0.05916714668273926,0.6569485664367676,0.00478363037109375,0.7208993434906006,49,18,0,0,0,53,108,40,36,335,0,2065,32783
oliveira/04_13/randm11.02.02.06.020_0030.03.aba.beta,True,18,8,0.05158185958862305,0.3008241653442383,0.0017611980438232422,0.35416722297668457,45,18,0,0,0,35,50,33,18,323,0,900,12466
oliveira/04_13/randm11.02.02.06.020_0030.04.aba.beta,True,18,8,0.053238868713378906,0.3399820327758789,0.0023915767669677734,0.3956124782562256,41,18,0,0,0,37,88,32,20,295,0,1079,15529
oliveira/04_13/randm11.02.02.06.020_0030.05.aba.beta,True,16,8,0.04331517219543457,0.2743551731109619,0.002591371536254883,0.32026171684265137,40,16,0,0,0,31,95,35,16,304,0,1259,18533
oliveira/04_13/randm11.02.02.07.020_0030.01.aba.beta,True,27,9,0.11597132682800293,1.3894858360290527,0.0045812129974365234,1.5100383758544922,68,27,0,0,0,85,127,54,59,518,0,2173,31696
oliveira/04_13/randm11.02.02.07.020_0030.02.aba.beta,True,21,9,0.09709668159484863,1.6454226970672607,0.0031049251556396484,1.745624303817749,74,21,0,0,0,94,153,59,74,543,0,1397,20044
oliveira/04_13/randm11.02.02.07.020_0030.03.aba.beta,True,33,9,0.1594686508178711,2.5013363361358643,0.004222393035888672,2.665027379989624,91,33,0,0,0,130,172,65,98,769,0,1927,27848
oliveira/04_13/randm11.02.02.07.020_0030.04.aba.beta,True,23,9,0.2086625099182129,2.777433156967163,0.003667116165161133,2.989762783050537,91,23,0,0,0,155,165,58,133,652,0,1672,25190
oliveira/04_13/randm11.02.02.07.020_0030.05.aba.beta,True,18,9,0.08872413635253906,1.3682031631469727,0.0021903514862060547,1.4591176509857178,63,18,0,0,0,105,100,53,88,407,0,1030,14562
oliveira/04_13/randm11.02.02.08.020_0030.01.aba.beta,True,12,6,0.02843022346496582,0.29482364654541016,0.0015666484832763672,0.32482051849365234,45,12,0,0,0,36,60,33,25,302,0,716,10416
oliveira/04_13/randm11.02.02.08.020_0030.02.aba.beta,True,12,6,0.023302316665649414,0.1666417121887207,0.0014026165008544922,0.1913466453552246,35,12,0,0,0,26,42,28,15,188,0,678,9659
oliveira/04_13/randm11.02.02.08.020_0030.03.aba.beta,True,12,6,0.021526098251342773,0.10777783393859863,0.0020668506622314453,0.13137078285217285,26,12,0,0,0,20,42,26,9,142,0,942,14006
oliveira/04_13/randm11.02.02.08.020_0030.04.aba.beta,True,13,6,0.03632378578186035,0.31140923500061035,0.0015490055084228516,0.34928202629089355,46,13,0,0,0,41,70,35,29,292,0,768,11052
oliveira/04_13/randm11.02.02.08.020_0030.05.aba.beta,True,12,6,0.028210163116455078,0.2603118419647217,0.0014133453369140625,0.2899353504180908,45,12,0,0,0,36,54,32,25,240,0,656,9361
oliveira/04_13/randm11.02.02.09.020_0030.01.aba.beta,True,11,6,0.034644365310668945,0.25972723960876465,0.001916646957397461,0.29628825187683105,43,11,0,0,0,34,82,34,24,263,0,898,13584
oliveira/04_13/randm11.02.02.09.020_0030.02.aba.beta,True,14,6,0.02633380889892578,0.14023423194885254,0.002092599868774414,0.16866064071655273,28,14,0,0,0,19,84,27,6,295,0,963,14130
oliveira/04_13/randm11.02.02.09.020_0030.03.aba.beta,True,16,6,0.03829169273376465,0.24919700622558594,0.0030546188354492188,0.2905433177947998,38,16,0,0,0,31,115,36,16,344,0,1421,21043
oliveira/04_13/randm11.02.02.09.020_0030.04.aba.beta,True,16,6,0.03594684600830078,0.3825662136077881,0.0024912357330322266,0.4210042953491211,48,16,0,0,0,40,96,39,25,399,0,1144,16919
oliveira/04_13/randm11.02.02.09.020_0030.05.aba.beta,True,15,6,0.03389334678649902,0.24236702919006348,0.0018305778503417969,0.2780909538269043,36,15,0,0,0,31,82,33,17,253,0,904,12904
oliveira/04_13/randm11.02.02.10.020_0030.01.aba.beta,True,35,9,2.183237075805664,26.001428842544556,0.01004481315612793,28.194710731506348,192,35,0,0,0,650,330,92,616,1566,0,4353,66617
oliveira/04_13/randm11.02.02.10.020_0030.02.aba.beta,True,32,9,1.496612787246704,15.687480688095093,0.006641864776611328,17.190735340118408,166,32,0,0,0,492,265,93,461,1326,0,2955,43908
oliveira/04_13/randm11.02.02.10.020_0030.03.aba.beta,True,23,9,1.655228614807129,18.12579369544983,0.014181375503540039,19.795203685760498,156,23,0,0,0,506,207,77,484,1149,0,1991,30253
oliveira/04_13/randm11.02.02.10.020_0030.04.aba.beta,True,32,9,1.7658250331878662,17.131958723068237,0.004392385482788086,18.90217614173889,181,32,0,0,0,549,224,83,518,1320,0,1983,28789
oliveira/04_13/randm11.02.02.10.020_0030.05.aba.beta,True,17,8,0.10051465034484863,1.385504961013794,0.003584623336791992,1.4896042346954346,69,17,0,0,0,104,132,55,88,478,0,1595,23942
oliveira/04_13/randm11.02.02.11.020_0030.01.aba.beta,True,35,11,0.13916921615600586,1.0290086269378662,0.015940189361572266,1.1841180324554443,72,35,0,0,0,77,92,59,43,519,0,6599,103666
oliveira/04_13/randm11.02.02.11.020_0030.02.aba.beta,True,18,10,0.057663679122924805,0.5268757343292236,0.0017757415771484375,0.5863151550292969,50,18,0,0,0,49,66,43,32,313,0,854,11771
oliveira/04_13/randm11.02.02.11.020_0030.03.aba.beta,True,24,11,0.13273262977600098,1.4538955688476562,0.0037279129028320312,1.5903561115264893,71,24,0,0,0,110,96,55,87,476,0,1592,23614
oliveira/04_13/randm11.02.02.11.020_0030.04.aba.beta,True,28,11,0.16971135139465332,2.046441078186035,0.008042335510253906,2.2241947650909424,81,28,0,0,0,121,120,57,94,631,0,3641,56117
oliveira/04_13/randm11.02.02.11.020_0030.05.aba.beta,True,22,11,0.11036014556884766,1.3360612392425537,0.010212898254394531,1.456634283065796,67,22,0,0,0,102,79,51,81,415,0,4367,68544
oliveira/04_13/randm11.02.02.12.020_0030.01.aba.beta,True,22,6,0.04207324981689453,0.3554880619049072,0.0033228397369384766,0.40088415145874023,43,22,0,0,0,35,112,39,14,390,0,1526,22185
oliveira/04_13/randm11.02.02.12.020_0030.02.aba.beta,True,15,6,0.027916431427001953,0.23288369178771973,0.0020477771759033203,0.262847900390625,38,15,0,0,0,28,80,34,14,267,0,892,12940
oliveira/04_13/randm11.02.02.12.020_0030.03.aba.beta,True,10,6,0.018555164337158203,0.13996410369873047,0.0017440319061279297,0.1602632999420166,30,10,0,0,0,21,75,28,12,161,0,814,12357
oliveira/04_13/randm11.02.02.12.020_0030.04.aba.beta,True,10,6,0.018350839614868164,0.09932756423950195,0.0014109611511230469,0.11908936500549316,26,10,0,0,0,17,35,24,8,128,0,629,9144
oliveira/04_13/randm11.02.02.12.020_0030.05.aba.beta,True,19,6,0.04944014549255371,0.3502373695373535,0.002903461456298828,0.40258097648620605,40,19,0,0,0,32,110,36,14,392,0,1342,19965
oliveira/04_13/randm11.02.02.13.020_0030.01.aba.beta,True,18,9,0.10331606864929199,2.023414134979248,0.00232696533203125,2.1290571689605713,78,18,0,0,0,127,107,53,110,535,0,1012,14163
oliveira/04_13/randm11.02.02.13.020_0030.02.aba.beta,True,18,9,0.10583019256591797,1.3730571269989014,0.002348184585571289,1.4812355041503906,74,18,0,0,0,109,108,52,92,513,0,1092,15622
oliveira/04_13/randm11.02.02.13.020_0030.03.aba.beta,True,10,9,0.07995176315307617,1.3556642532348633,0.0014066696166992188,1.4370226860046387,64,10,0,0,0,126,73,48,117,339,0,657,9369
oliveira/04_13/randm11.02.02.13.020_0030.04.aba.beta,True,22,9,0.15507841110229492,2.348935842514038,0.003016948699951172,2.507031202316284,83,22,0,0,0,152,148,64,131,619,0,1432,20453
oliveira/04_13/randm11.02.02.13.020_0030.05.aba.beta,True,17,9,0.12297725677490234,1.979227066040039,0.0024831295013427734,2.104687452316284,76,17,0,0,0,147,140,59,131,511,0,1103,15921
oliveira/04_13/randm11.02.02.14.020_0030.01.aba.beta,True,35,9,0.16403436660766602,2.6640424728393555,0.0062520503997802734,2.8343288898468018,88,35,0,0,0,113,197,66,79,804,0,2788,41593
oliveira/04_13/randm11.02.02.14.020_0030.02.aba.beta,True,36,9,0.26320528984069824,5.340556383132935,0.00912332534790039,5.612884998321533,96,36,0,0,0,207,233,67,172,851,0,4042,60649
oliveira/04_13/randm11.02.02.14.020_0030.03.aba.beta,True,32,9,1.0190417766571045,12.202117919921875,0.005101203918457031,13.226260900497437,131,32,0,0,0,436,213,69,405,1082,0,2221,32565
oliveira/04_13/randm11.02.02.14.020_0030.04.aba.beta,True,27,9,0.11966872215270996,1.9072034358978271,0.004038333892822266,2.0309104919433594,85,27,0,0,0,120,151,69,94,674,0,1857,26907
oliveira/04_13/randm11.02.02.14.020_0030.05.aba.beta,True,27,9,0.15621042251586914,2.3674681186676025,0.004312276840209961,2.5279908180236816,79,27,0,0,0,120,164,62,94,659,0,1877,28212
oliveira/04_13/randm11.02.02.15.020_0030.01.aba.beta,True,22,10,0.1276094913482666,1.5862717628479004,0.002481222152709961,1.716362476348877,65,22,0,0,0,115,91,46,94,464,0,1133,15861
oliveira/04_13/randm11.02.02.15.020_0030.02.aba.beta,True,25,10,0.15843892097473145,1.7416787147521973,0.0023581981658935547,1.9024758338928223,74,25,0,0,0,111,95,50,87,564,0,1118,15252
oliveira/04_13/randm11.02.02.15.020_0030.03.aba.beta,True,19,10,0.0693359375,0.5432252883911133,0.002088308334350586,0.6146495342254639,57,19,0,0,0,53,80,50,35,363,0,1007,14185
oliveira/04_13/randm11.02.02.15.020_0030.04.aba.beta,True,10,10,0.22250914573669434,2.5295803546905518,0.0017008781433105469,2.7537903785705566,91,10,0,0,0,182,115,59,173,477,0,742,11057
oliveira/04_13/randm11.02.02.15.020_0030.05.aba.beta,True,22,10,0.11113524436950684,1.3508057594299316,0.0021796226501464844,1.464120626449585,64,22,0,0,0,102,89,50,81,456,0,1020,14070
oliveira/04_13/randm11.02.02.16.020_0030.01.aba.beta,True,13,9,0.04164719581604004,0.4539825916290283,0.0015189647674560547,0.4971487522125244,45,13,0,0,0,50,54,41,38,274,0,737,10409
oliveira/04_13/randm11.02.02.16.020_0030.02.aba.beta,True,25,9,0.08308005332946777,0.8876597881317139,0.003614664077758789,0.9743545055389404,60,25,0,0,0,73,119,48,49,528,0,1651,24304
oliveira/04_13/randm11.02.02.16.020_0030.03.aba.beta,True,26,9,0.19764328002929688,2.5099921226501465,0.0049860477447509766,2.7126214504241943,89,26,0,0,0,175,167,63,150,611,0,2183,32312
oliveira/04_13/randm11.02.02.16.020_0030.04.aba.beta,True,27,9,0.08060383796691895,0.6778650283813477,0.0024254322052001953,0.7608942985534668,54,27,0,0,0,51,68,44,25,496,0,1147,15536
oliveira/04_13/randm11.02.02.16.020_0030.05.aba.beta,True,26,9,0.07688379287719727,0.49730634689331055,0.0027315616607666016,0.5769217014312744,52,26,0,0,0,41,96,42,16,464,0,1308,18255
oliveira/04_13/randm11.02.02.17.020_0030.01.aba.beta,True,25,11,4.0601301193237305,22.94394040107727,0.003284931182861328,27.007355451583862,167,25,0,0,0,855,212,77,831,1310,0,1459,20894
oliveira/04_13/randm11.02.02.17.020_0030.02.aba.beta,True,23,11,0.20982670783996582,3.22129225730896,0.0028066635131835938,3.4339256286621094,82,23,0,0,0,177,131,59,155,632,0,1285,18630
oliveira/04_13/randm11.02.02.17.020_0030.03.aba.beta,True,28,11,0.22681975364685059,3.7676494121551514,0.00360870361328125,3.998077869415283,89,28,0,0,0,176,144,58,149,757,0,1631,23219
oliveira/04_13/randm11.02.02.17.020_0030.04.aba.beta,True,26,11,0.845348596572876,7.059909105300903,0.002988100051879883,7.908245801925659,121,26,0,0,0,361,151,69,336,876,0,1333,18717
oliveira/04_13/randm11.02.02.17.020_0030.05.aba.beta,True,39,11,4.178837299346924,45.88303518295288,0.005127906799316406,50.06700038909912,180,39,0,0,0,748,243,84,710,1532,0,2234,32859
oliveira/04_13/randm11.02.02.18.020_0030.01.aba.beta,True,17,7,0.04406309127807617,0.5400784015655518,0.003437042236328125,0.587578535079956,51,17,0,0,0,55,71,43,39,341,0,1544,22879
oliveira/04_13/randm11.02.02.18.020_0030.02.aba.beta,True,22,7,0.0746457576751709,1.307365894317627,0.0052106380462646484,1.3872222900390625,66,22,0,0,0,89,138,51,68,526,0,2271,34123
oliveira/04_13/randm11.02.02.18.020_0030.03.aba.beta,True,15,7,0.04782271385192871,0.7008988857269287,0.002048015594482422,0.7507696151733398,51,15,0,0,0,72,85,36,58,329,0,933,13153
oliveira/04_13/randm11.02.02.18.020_0030.04.aba.beta,True,21,7,0.04540681838989258,0.30123186111450195,0.0041272640228271484,0.3507659435272217,45,21,0,0,0,31,79,39,11,305,0,1838,27417
oliveira/04_13/randm11.02.02.18.020_0030.05.aba.beta,True,28,7,0.059494733810424805,0.42368316650390625,0.0061261653900146484,0.4893040657043457,52,28,0,0,0,44,105,45,17,351,0,2769,42379
oliveira/04_13/randm11.02.02.19.020_0030.01.aba.beta,True,38,11,2.4585914611816406,117.82000207901001,0.00453639030456543,120.28312993049622,154,38,0,0,0,665,203,66,628,1340,0,2021,28745
oliveira/04_13/randm11.02.02.19.020_0030.02.aba.beta,True,29,11,4.073448657989502,26.9820454120636,0.005438566207885742,31.060932636260986,203,29,0,0,0,929,263,90,901,1446,0,2328,34602
oliveira/04_13/randm11.02.02.19.020_0030.03.aba.beta,True,38,11,0.22530579566955566,3.3566575050354004,0.006670475006103516,3.5886337757110596,103,38,0,0,0,164,196,75,127,945,0,3059,44966
oliveira/04_13/randm11.02.02.19.020_0030.04.aba.beta,True,27,11,1.3141324520111084,10.171319246292114,0.003819704055786133,11.489271402359009,120,27,0,0,0,492,142,69,466,910,0,1680,25100
oliveira/04_13/randm11.02.02.19.020_0030.05.aba.beta,True,25,11,10.118014574050903,47.48042035102844,0.0031626224517822266,57.60159754753113,202,25,0,0,0,1845,238,80,1821,1497,0,1452,20981
oliveira/04_13/randm12.02.02.01.020_0030.01.aba.beta,True,16,8,0.05795860290527344,0.7782702445983887,0.001753091812133789,0.8379819393157959,59,16,0,0,0,73,76,44,58,336,0,847,12153
oliveira/04_13/randm12.02.02.01.020_0030.02.aba.beta,True,18,8,0.05437493324279785,0.4516773223876953,0.0018186569213867188,0.5078709125518799,52,18,0,0,0,48,63,48,31,291,0,862,11894
oliveira/04_13/randm12.02.02.01.020_0030.03.aba.beta,True,15,8,0.038036346435546875,0.3016476631164551,0.0022192001342773438,0.3419032096862793,45,15,0,0,0,36,87,39,22,298,0,1036,15015
oliveira/04_13/randm12.02.02.01.020_0030.04.aba.beta,True,21,8,0.04858231544494629,0.3773002624511719,0.002248048782348633,0.4281306266784668,51,21,0,0,0,42,74,45,22,382,0,1072,15150
oliveira/04_13/randm12.02.02.01.020_0030.05.aba.beta,True,17,8,0.03626418113708496,0.2714998722076416,0.0016820430755615234,0.3094460964202881,45,17,0,0,0,31,62,39,15,286,0,887,12545
oliveira/04_13/randm12.02.02.02.020_0030.01.aba.beta,True,25,11,1.930455207824707,13.85596776008606,0.0031621456146240234,15.78958511352539,167,25,0,0,0,484,201,82,460,1302,0,1411,20478
oliveira/04_13/randm12.02.02.02.020_0030.02.aba.beta,True,30,11,0.23727798461914062,4.138102769851685,0.002640962600708008,4.378021717071533,86,30,0,0,0,143,114,59,114,665,0,1299,17472
oliveira/04_13/randm12.02.02.02.020_0030.03.aba.beta,True,22,11,2.3421261310577393,14.624320268630981,0.002328157424926758,16.968774557113647,159,22,0,0,0,566,181,77,545,1061,0,1081,14881
oliveira/04_13/randm12.02.02.02.020_0030.04.aba.beta,True,26,11,0.217299222946167,3.460420608520508,0.0029144287109375,3.6806342601776123,99,26,0,0,0,156,137,70,131,734,0,1314,18461
oliveira/04_13/randm12.02.02.02.020_0030.05.aba.beta,True,28,11,0.8482809066772461,8.77086353302002,0.0027048587799072266,9.621849298477173,151,28,0,0,0,448,180,85,421,1129,0,1280,18014
oliveira/04_13/randm12.02.02.03.020_0030.01.aba.beta,True,26,11,0.47031664848327637,5.624971389770508,0.002610921859741211,6.097898960113525,110,26,0,0,0,292,131,66,267,773,0,1204,16265
oliveira/04_13/randm12.02.02.03.020_0030.02.aba.beta,True,29,11,0.39310336112976074,4.285754203796387,0.0034842491149902344,4.682341814041138,104,29,0,0,0,223,157,66,195,816,0,1660,23296
oliveira/04_13/randm12.02.02.03.020_0030.03.aba.beta,True,34,11,0.17615747451782227,2.5590105056762695,0.003596067428588867,2.7387640476226807,81,34,0,0,0,122,122,67,89,755,0,1680,23793
oliveira/04_13/randm12.02.02.03.020_0030.04.aba.beta,True,23,11,0.11415219306945801,1.3948681354522705,0.0027549266815185547,1.511775255203247,68,23,0,0,0,99,122,52,77,509,0,1272,17975
oliveira/04_13/randm12.02.02.03.020_0030.05.aba.beta,True,28,11,22.156970739364624,62.73650026321411,0.0034782886505126953,84.89694929122925,274,28,0,0,0,1776,310,81,1749,2071,0,1580,22526
oliveira/04_13/randm12.02.02.04.020_0030.01.aba.beta,True,39,11,1.452089548110962,15.611119985580444,0.004788875579833984,17.06799840927124,138,39,0,0,0,572,186,82,534,1157,0,2116,30697
oliveira/04_13/randm12.02.02.04.020_0030.02.aba.beta,True,29,11,0.6636583805084229,7.629428863525391,0.0032346248626708984,8.296321868896484,123,29,0,0,0,338,185,70,310,912,0,1497,20756
oliveira/04_13/randm12.02.02.04.020_0030.03.aba.beta,True,28,11,0.9328896999359131,8.896250009536743,0.002906322479248047,9.832046031951904,159,28,0,0,0,378,189,85,351,1126,0,1422,19593
oliveira/04_13/randm12.02.02.04.020_0030.04.aba.beta,True,25,11,1.8274312019348145,15.962442874908447,0.0027496814727783203,17.79262375831604,166,25,0,0,0,510,219,80,486,1170,0,1296,18280
oliveira/04_13/randm12.02.02.04.020_0030.05.aba.beta,True,29,11,0.5593721866607666,9.057697534561157,0.003722667694091797,9.620792388916016,113,29,0,0,0,367,170,70,339,894,0,1681,24114
oliveira/04_13/randm12.02.02.05.020_0030.01.aba.beta,True,36,10,17.555610418319702,160.933358669281,0.011942386627197266,178.5009114742279,304,36,0,0,0,2289,455,104,2254,2589,0,5169,80255
oliveira/04_13/randm12.02.02.05.020_0030.02.aba.beta,True,33,10,24.223883152008057,131.62340998649597,0.006983041763305664,155.85427618026733,334,33,0,0,0,2051,393,109,2019,2550,0,3081,45735
oliveira/04_13/randm12.02.02.05.020_0030.03.aba.beta,False,28,11,759.969776391983,3068.9076869487762,0.0017480850219726562,3828.8792114257812,786,27,0,0,0,16569,818,124,16543,7514,0,1122,14768
oliveira/04_13/randm12.02.02.05.020_0030.04.aba.beta,True,39,12,89.7161602973938,253.072429895401,0.008777856826782227,342.7973680496216,337,39,0,0,0,4089,462,111,4051,3381,0,3812,57488
oliveira/04_13/randm12.02.02.05.020_0030.05.aba.beta,True,28,10,3.0914406776428223,24.750160217285156,0.004355669021606445,27.845956563949585,217,28,0,0,0,740,287,79,713,1662,0,1959,28817
oliveira/04_13/randm12.02.02.06.020_0030.01.aba.beta,True,72,10,1.7919089794158936,83.23367094993591,0.022352933883666992,85.04793286323547,193,72,0,0,0,499,367,109,428,2005,0,9428,145336
oliveira/04_13/randm12.02.02.06.020_0030.02.aba.beta,True,57,9,0.456157922744751,8.95570158958435,0.013811111450195312,9.425670623779297,142,57,0,0,0,250,276,92,194,1288,0,6271,94777
oliveira/04_13/randm12.02.02.06.020_0030.03.aba.beta,True,54,10,1.0159173011779785,81.58971381187439,0.02141857147216797,82.62704968452454,164,54,0,0,0,390,406,102,337,1571,0,9226,140542
oliveira/04_13/randm12.02.02.06.020_0030.04.aba.beta,True,52,10,5.874861240386963,501.2349925041199,0.01107335090637207,507.1209270954132,357,52,0,0,0,1304,513,116,1253,3873,0,5486,84445
oliveira/04_13/randm12.02.02.06.020_0030.05.aba.beta,True,69,11,6.41526198387146,87.46151089668274,0.021701574325561523,93.89847445487976,219,69,0,0,0,1303,383,120,1235,2018,0,9506,145882
oliveira/04_13/randm12.02.02.07.020_0030.01.aba.beta,True,17,7,0.05044960975646973,0.7243850231170654,0.0032625198364257812,0.7780971527099609,52,17,0,0,0,62,112,41,46,413,0,1462,21387
oliveira/04_13/randm12.02.02.07.020_0030.02.aba.beta,True,12,7,0.07933163642883301,1.3704357147216797,0.0022356510162353516,1.452003002166748,66,12,0,0,0,130,112,43,119,440,0,961,14299
oliveira/04_13/randm12.02.02.07.020_0030.03.aba.beta,True,18,7,0.04522514343261719,0.664409875869751,0.0042896270751953125,0.7139246463775635,52,18,0,0,0,54,117,40,37,464,0,1759,26838
oliveira/04_13/randm12.02.02.07.020_0030.04.aba.beta,True,12,7,0.10331487655639648,1.5829863548278809,0.0016355514526367188,1.687936782836914,84,12,0,0,0,130,103,48,119,528,0,772,11262
oliveira/04_13/randm12.02.02.07.020_0030.05.aba.beta,True,23,7,0.13217592239379883,2.540684700012207,0.0030965805053710938,2.675957202911377,95,23,0,0,0,138,145,59,116,756,0,1352,19626
oliveira/04_13/randm12.02.02.08.020_0030.01.aba.beta,True,23,8,0.07291889190673828,0.709775447845459,0.002586841583251953,0.7852811813354492,53,23,0,0,0,61,104,45,39,416,0,1238,17320
oliveira/04_13/randm12.02.02.08.020_0030.02.aba.beta,True,37,8,0.1449897289276123,2.445502996444702,0.005180835723876953,2.5956735610961914,87,37,0,0,0,132,163,60,96,873,0,2339,34192
oliveira/04_13/randm12.02.02.08.020_0030.03.aba.beta,True,33,8,0.14396071434020996,1.816028118133545,0.0064334869384765625,1.9664223194122314,85,33,0,0,0,119,170,63,87,700,0,2956,44822
oliveira/04_13/randm12.02.02.08.020_0030.04.aba.beta,True,19,8,0.07082223892211914,0.9177391529083252,0.002643108367919922,0.9912045001983643,65,19,0,0,0,79,103,49,61,434,0,1211,17770
oliveira/04_13/randm12.02.02.08.020_0030.05.aba.beta,True,24,8,0.07374167442321777,0.8050034046173096,0.0023894309997558594,0.8811345100402832,55,24,0,0,0,68,74,45,45,459,0,1161,16144
oliveira/04_13/randm12.02.02.09.020_0030.01.aba.beta,True,27,10,0.5060505867004395,8.037610054016113,0.003681659698486328,8.547342300415039,117,27,0,0,0,343,150,65,317,932,0,1688,24577
oliveira/04_13/randm12.02.02.09.020_0030.02.aba.beta,True,46,10,0.22708368301391602,8.459775924682617,0.006758928298950195,8.693618535995483,86,46,0,0,0,123,136,67,78,828,0,3034,42514
oliveira/04_13/randm12.02.02.09.020_0030.03.aba.beta,True,37,10,0.4792294502258301,9.01810622215271,0.006821393966674805,9.504157066345215,117,37,0,0,0,310,190,75,274,943,0,3055,45727
oliveira/04_13/randm12.02.02.09.020_0030.04.aba.beta,True,17,10,2.637603521347046,22.241387605667114,0.001971721649169922,24.88096284866333,149,17,0,0,0,924,181,65,908,1012,0,900,12909
oliveira/04_13/randm12.02.02.09.020_0030.05.aba.beta,True,34,10,0.14428043365478516,1.155710220336914,0.007100582122802734,1.307091236114502,77,34,0,0,0,77,114,62,44,647,0,3175,47728
oliveira/04_13/randm12.02.02.10.020_0030.01.aba.beta,True,54,11,0.28326964378356934,3.8279097080230713,0.008448123931884766,4.119627475738525,97,54,0,0,0,117,166,75,64,1035,0,3747,53771
oliveira/04_13/randm12.02.02.10.020_0030.02.aba.beta,True,38,11,361.9101781845093,621.6472923755646,0.006433963775634766,983.5639045238495,573,38,0,0,0,9181,640,122,9144,4794,0,2892,41875
oliveira/04_13/randm12.02.02.10.020_0030.03.aba.beta,True,39,11,1.435814619064331,18.318260669708252,0.004675388336181641,19.758750677108765,154,39,0,0,0,524,195,81,486,1227,0,2050,28661
oliveira/04_13/randm12.02.02.10.020_0030.04.aba.beta,True,31,11,0.2588624954223633,3.0630664825439453,0.005602836608886719,3.3275318145751953,101,31,0,0,0,184,153,69,154,742,0,2519,37457
oliveira/04_13/randm12.02.02.10.020_0030.05.aba.beta,True,37,11,0.45015811920166016,6.681771993637085,0.005287647247314453,7.13721776008606,132,37,0,0,0,304,218,86,268,1123,0,2333,33825
oliveira/04_13/randm12.02.02.11.020_0030.01.aba.beta,True,34,11,0.19540786743164062,3.5691983699798584,0.007003307342529297,3.7716095447540283,83,34,0,0,0,174,131,66,141,657,0,3055,45670
oliveira/04_13/randm12.02.02.11.020_0030.02.aba.beta,True,28,11,0.43002796173095703,6.134406805038452,0.0029349327087402344,6.567369699478149,103,28,0,0,0,280,148,65,253,771,0,1395,19236
oliveira/04_13/randm12.02.02.11.020_0030.03.aba.beta,True,22,11,0.1953744888305664,3.2714266777038574,0.002274751663208008,3.469075918197632,77,22,0,0,0,195,99,62,174,527,0,1021,13925
oliveira/04_13/randm12.02.02.11.020_0030.04.aba.beta,True,22,11,0.46759033203125,4.084226608276367,0.0023970603942871094,4.554214000701904,105,22,0,0,0,257,128,70,236,642,0,1124,15766
oliveira/04_13/randm12.02.02.11.020_0030.05.aba.beta,True,25,11,0.18800640106201172,2.4405410289764404,0.0061321258544921875,2.6346795558929443,69,25,0,0,0,161,110,60,137,487,0,2632,39705
oliveira/04_13/randm12.02.02.12.020_0030.01.aba.beta,True,17,9,0.06518244743347168,0.9614701271057129,0.002089262008666992,1.0287418365478516,56,17,0,0,0,70,98,42,54,409,0,985,14218
oliveira/04_13/randm12.02.02.12.020_0030.02.aba.beta,True,22,9,0.0816962718963623,0.7912907600402832,0.0028269290924072266,0.8758139610290527,52,22,0,0,0,71,96,46,50,381,0,1318,18826
oliveira/04_13/randm12.02.02.12.020_0030.03.aba.beta,True,25,9,0.14163446426391602,2.1299145221710205,0.0047109127044677734,2.2762598991394043,75,25,0,0,0,99,157,47,75,616,0,1974,29802
oliveira/04_13/randm12.02.02.12.020_0030.04.aba.beta,True,23,9,0.09737896919250488,1.0614027976989746,0.0045015811920166016,1.163283348083496,67,23,0,0,0,83,135,51,61,505,0,1919,28326
oliveira/04_13/randm12.02.02.12.020_0030.05.aba.beta,True,24,9,0.1120460033416748,1.0497527122497559,0.0032715797424316406,1.1650702953338623,63,24,0,0,0,86,103,53,63,469,0,1510,22020
oliveira/04_13/randm12.02.02.13.020_0030.01.aba.beta,True,20,9,0.12885546684265137,1.46720290184021,0.002961874008178711,1.59902024269104,80,20,0,0,0,114,108,53,95,533,0,1350,19428
oliveira/04_13/randm12.02.02.13.020_0030.02.aba.beta,True,24,9,0.1044306755065918,1.1703836917877197,0.002735137939453125,1.2775495052337646,74,24,0,0,0,95,102,54,72,555,0,1268,17700
oliveira/04_13/randm12.02.02.13.020_0030.03.aba.beta,True,19,9,0.11653375625610352,1.782447338104248,0.002011537551879883,1.9009926319122314,69,19,0,0,0,143,97,51,125,507,0,949,13062
oliveira/04_13/randm12.02.02.13.020_0030.04.aba.beta,True,19,9,0.0823373794555664,0.9861407279968262,0.0017957687377929688,1.0702738761901855,60,19,0,0,0,78,74,41,60,424,0,858,11797
oliveira/04_13/randm12.02.02.13.020_0030.05.aba.beta,True,16,9,0.05980205535888672,0.471482515335083,0.0024225711822509766,0.5337071418762207,55,16,0,0,0,51,87,43,36,382,0,1154,16788
oliveira/04_13/randm12.02.02.14.020_0030.01.aba.beta,True,41,9,32.856223821640015,158.69954562187195,0.01277470588684082,191.5685441493988,399,41,0,0,0,2545,543,102,2505,4009,0,5451,84062
oliveira/04_13/randm12.02.02.14.020_0030.02.aba.beta,True,48,9,0.37526392936706543,26.710835218429565,0.012522220611572266,27.098621368408203,138,48,0,0,0,211,316,85,164,1287,0,5383,81714
oliveira/04_13/randm12.02.02.14.020_0030.03.aba.beta,True,37,9,0.1618514060974121,3.815690040588379,0.011996746063232422,3.9895381927490234,88,37,0,0,0,129,246,66,93,789,0,5021,77328
oliveira/04_13/randm12.02.02.14.020_0030.04.aba.beta,True,37,9,2.424950122833252,32.35139751434326,0.009365558624267578,34.78571319580078,178,37,0,0,0,1036,303,86,1000,1515,0,4097,61314
oliveira/04_13/randm12.02.02.14.020_0030.05.aba.beta,True,36,8,0.16986751556396484,18.534390211105347,0.00873255729675293,18.712990283966064,102,36,0,0,0,132,257,69,97,905,0,3816,59079
oliveira/04_13/randm12.02.02.15.020_0030.01.aba.beta,True,9,5,0.03868508338928223,0.07287740707397461,0.001363992691040039,0.11292648315429688,24,9,0,0,0,14,31,22,6,103,0,605,8963
oliveira/04_13/randm12.02.02.15.020_0030.02.aba.beta,True,8,5,0.01637554168701172,0.07291674613952637,0.0013422966003417969,0.09063458442687988,23,8,0,0,0,13,36,22,6,114,0,615,9144
oliveira/04_13/randm12.02.02.15.020_0030.03.aba.beta,True,7,5,0.011832714080810547,0.056571006774902344,0.0013551712036132812,0.06975889205932617,19,7,0,0,0,11,30,19,5,127,0,644,9495
oliveira/04_13/randm12.02.02.15.020_0030.04.aba.beta,True,9,5,0.018011093139648438,0.07464718818664551,0.0015411376953125,0.09419941902160645,21,9,0,0,0,13,48,19,5,148,0,723,10935
oliveira/04_13/randm12.02.02.15.020_0030.05.aba.beta,True,8,5,0.012976884841918945,0.04787898063659668,0.0017156600952148438,0.06257152557373047,18,8,0,0,0,10,42,18,3,100,0,799,12141
oliveira/04_13/randm12.02.02.16.020_0030.01.aba.beta,True,1,1,0.0011932849884033203,0.0017464160919189453,0.0012238025665283203,0.004163503646850586,3,1,0,0,0,1,3,3,1,2,0,534,8555
oliveira/04_13/randm12.02.02.16.020_0030.02.aba.beta,True,1,1,0.0008208751678466797,0.001928567886352539,0.0011906623840332031,0.003940105438232422,3,1,0,0,0,1,3,3,1,2,0,533,8582
oliveira/04_13/randm12.02.02.16.020_0030.03.aba.beta,True,1,1,0.0008451938629150391,0.0019276142120361328,0.0011687278747558594,0.003941535949707031,3,1,0,0,0,1,3,3,1,2,0,543,8621
oliveira/04_13/randm12.02.02.16.020_0030.04.aba.beta,True,1,1,0.0008087158203125,0.0019099712371826172,0.00118255615234375,0.003901243209838867,3,1,0,0,0,1,3,3,1,2,0,539,8609
oliveira/04_13/randm12.02.02.16.020_0030.05.aba.beta,True,1,1,0.0007908344268798828,0.0018246173858642578,0.0012729167938232422,0.003888368606567383,3,1,0,0,0,1,3,3,1,2,0,526,8544
oliveira/04_13/randm12.02.02.17.020_0030.01.aba.beta,True,37,12,10.583317756652832,44.866607904434204,0.0045969486236572266,55.45452260971069,219,37,0,0,0,1423,249,102,1387,1732,0,1968,27941
oliveira/04_13/randm12.02.02.17.020_0030.02.aba.beta,True,32,12,198.0852038860321,221.06829142570496,0.0032231807708740234,419.15671849250793,365,32,0,0,0,5131,404,107,5100,2769,0,1761,24595
oliveira/04_13/randm12.02.02.17.020_0030.03.aba.beta,True,32,12,22.50050687789917,64.39253616333008,0.004075527191162109,86.89711856842041,218,32,0,0,0,2042,264,93,2011,1628,0,1887,26631
oliveira/04_13/randm12.02.02.17.020_0030.04.aba.beta,True,37,12,7.954015254974365,38.49347186088562,0.00451350212097168,46.45200061798096,197,37,0,0,0,1420,233,94,1384,1606,0,1967,28217
oliveira/04_13/randm12.02.02.17.020_0030.05.aba.beta,True,40,12,3.2517268657684326,22.767842292785645,0.0055561065673828125,26.02512526512146,199,40,0,0,0,716,238,94,677,1591,0,2483,35569
oliveira/04_13/randm12.02.02.18.020_0030.01.aba.beta,True,27,10,0.2926294803619385,3.778017282485962,0.002706766128540039,4.07335352897644,95,27,0,0,0,202,139,63,176,765,0,1269,17624
oliveira/04_13/randm12.02.02.18.020_0030.02.aba.beta,True,36,10,0.21683931350708008,2.5254456996917725,0.004517316818237305,2.74680233001709,90,36,0,0,0,120,144,66,85,810,0,2005,28779
oliveira/04_13/randm12.02.02.18.020_0030.03.aba.beta,True,22,10,1.1587274074554443,13.080152750015259,0.002825498580932617,14.241705656051636,135,22,0,0,0,538,174,73,517,936,0,1269,18282
oliveira/04_13/randm12.02.02.18.020_0030.04.aba.beta,True,24,10,0.12774014472961426,1.4529473781585693,0.0027120113372802734,1.5833995342254639,88,24,0,0,0,114,135,60,91,626,0,1283,17971
oliveira/04_13/randm12.02.02.18.020_0030.05.aba.beta,True,34,10,0.9055118560791016,7.717060327529907,0.003799915313720703,8.62637209892273,135,34,0,0,0,350,186,72,317,1117,0,1740,24235
oliveira/04_13/randm12.02.02.19.020_0030.01.aba.beta,True,24,10,0.08581328392028809,0.976006269454956,0.002378702163696289,1.0641982555389404,66,24,0,0,0,85,89,53,62,444,0,1168,16399
oliveira/04_13/randm12.02.02.19.020_0030.02.aba.beta,True,27,10,0.1193997859954834,1.462881088256836,0.0029892921447753906,1.5852701663970947,72,27,0,0,0,107,116,54,81,605,0,1299,18115
oliveira/04_13/randm12.02.02.19.020_0030.03.aba.beta,True,26,10,0.17703962326049805,2.0188310146331787,0.0026769638061523438,2.198547601699829,73,26,0,0,0,142,112,55,117,567,0,1242,17359
oliveira/04_13/randm12.02.02.19.020_0030.04.aba.beta,True,24,10,0.12122869491577148,1.3257331848144531,0.002027273178100586,1.4489891529083252,80,24,0,0,0,105,100,56,82,571,0,971,13164
oliveira/04_13/randm12.02.02.19.020_0030.05.aba.beta,True,26,10,0.11428475379943848,1.6499295234680176,0.0033080577850341797,1.7675223350524902,73,26,0,0,0,111,134,58,86,606,0,1548,22562
oliveira/04_13/randm13.02.02.01.020_0030.01.aba.beta,True,22,9,0.08822154998779297,1.2374398708343506,0.0031397342681884766,1.328801155090332,66,22,0,0,0,102,121,53,81,484,0,1435,21085
oliveira/04_13/randm13.02.02.01.020_0030.02.aba.beta,True,29,9,0.2781682014465332,3.8546698093414307,0.0044863224029541016,4.137324333190918,105,29,0,0,0,188,177,70,160,818,0,2069,30110
oliveira/04_13/randm13.02.02.01.020_0030.03.aba.beta,True,34,9,0.887261152267456,7.191895246505737,0.005334138870239258,8.084490537643433,143,34,0,0,0,342,201,73,309,1152,0,2338,33803
oliveira/04_13/randm13.02.02.01.020_0030.04.aba.beta,True,28,9,0.0998086929321289,1.2871382236480713,0.0038526058197021484,1.3907995223999023,69,28,0,0,0,88,116,59,61,500,0,1732,24921
oliveira/04_13/randm13.02.02.01.020_0030.05.aba.beta,True,27,9,0.12348175048828125,2.02624773979187,0.0028955936431884766,2.15262508392334,86,27,0,0,0,117,132,63,91,638,0,1321,18174
oliveira/04_13/randm13.02.02.02.020_0030.01.aba.beta,True,18,8,0.05877685546875,0.47344374656677246,0.0021047592163085938,0.534325361251831,47,18,0,0,0,48,78,40,31,376,0,969,13683
oliveira/04_13/randm13.02.02.02.020_0030.02.aba.beta,True,19,8,0.059558868408203125,0.6690759658813477,0.0022611618041992188,0.73089599609375,56,19,0,0,0,72,109,49,54,425,0,1035,14578
oliveira/04_13/randm13.02.02.02.020_0030.03.aba.beta,True,19,8,0.0768132209777832,1.0414695739746094,0.0021696090698242188,1.1204524040222168,62,19,0,0,0,98,101,46,80,478,0,992,14124
oliveira/04_13/randm13.02.02.02.020_0030.04.aba.beta,True,27,8,0.09667372703552246,1.0955522060394287,0.002960205078125,1.1951861381530762,70,27,0,0,0,85,136,55,59,578,0,1411,19923
oliveira/04_13/randm13.02.02.02.020_0030.05.aba.beta,True,15,8,0.08365488052368164,0.8517053127288818,0.0015728473663330078,0.9369330406188965,62,15,0,0,0,76,69,46,62,367,0,729,10086
oliveira/04_13/randm13.02.02.03.020_0030.01.aba.beta,True,23,11,0.7695877552032471,6.595115661621094,0.0030095577239990234,7.36771297454834,118,23,0,0,0,360,165,74,338,834,0,1371,19154
oliveira/04_13/randm13.02.02.03.020_0030.02.aba.beta,True,31,11,0.7785637378692627,7.528457880020142,0.0038869380950927734,8.310908555984497,155,31,0,0,0,375,247,85,345,1251,0,1751,25010
oliveira/04_13/randm13.02.02.03.020_0030.03.aba.beta,True,52,11,0.3831944465637207,5.887677192687988,0.01239323616027832,6.283264875411987,116,52,0,0,0,264,215,86,213,1073,0,5433,82719
oliveira/04_13/randm13.02.02.03.020_0030.04.aba.beta,True,36,11,1.321141004562378,11.722608089447021,0.004637002944946289,13.048386096954346,170,36,0,0,0,448,208,87,413,1263,0,2053,29006
oliveira/04_13/randm13.02.02.03.020_0030.05.aba.beta,True,33,11,0.3706629276275635,5.840344429016113,0.003067493438720703,6.2140748500823975,116,33,0,0,0,283,129,75,251,961,0,1430,19256
oliveira/04_13/randm13.02.02.04.020_0030.01.aba.beta,True,42,12,203.1874964237213,422.8128447532654,0.0077784061431884766,626.0081195831299,404,42,0,0,0,7358,479,111,7317,3682,0,3977,59474
oliveira/04_13/randm13.02.02.04.020_0030.02.aba.beta,True,37,12,128.25173687934875,309.77474665641785,0.004450559616088867,438.0309340953827,483,37,0,0,0,4834,549,114,4798,4008,0,2588,37403
oliveira/04_13/randm13.02.02.04.020_0030.03.aba.beta,True,26,12,6.527618169784546,29.042993783950806,0.0026874542236328125,35.573299407958984,199,26,0,0,0,1111,213,85,1086,1450,0,1233,16948
oliveira/04_13/randm13.02.02.04.020_0030.04.aba.beta,True,36,12,1.5238194465637207,13.02260160446167,0.004708051681518555,14.55112910270691,145,36,0,0,0,452,190,79,417,1190,0,2106,29266
oliveira/04_13/randm13.02.02.04.020_0030.05.aba.beta,True,31,12,1.4558885097503662,15.3511221408844,0.00624847412109375,16.81325912475586,156,31,0,0,0,552,198,85,522,1209,0,2814,41372
oliveira/04_13/randm13.02.02.05.020_0030.01.aba.beta,True,22,12,42.181543827056885,98.37005043029785,0.0023572444915771484,140.5539515018463,293,22,0,0,0,3161,305,94,3140,2030,0,1026,13858
oliveira/04_13/randm13.02.02.05.020_0030.02.aba.beta,True,31,12,2.5581130981445312,13.680922508239746,0.003205537796020508,16.242241144180298,152,31,0,0,0,565,176,77,535,1164,0,1437,20290
oliveira/04_13/randm13.02.02.05.020_0030.03.aba.beta,True,28,12,0.34156203269958496,4.753211736679077,0.0024514198303222656,5.097225189208984,97,28,0,0,0,262,108,66,235,701,0,1152,15767
oliveira/04_13/randm13.02.02.05.020_0030.04.aba.beta,True,29,12,9.264735221862793,43.962307929992676,0.0033042430877685547,53.23034739494324,213,29,0,0,0,1397,233,88,1369,1533,0,1541,21666
oliveira/04_13/randm13.02.02.05.020_0030.05.aba.beta,True,31,12,1.8649821281433105,10.958879947662354,0.00388336181640625,12.82774543762207,142,31,0,0,0,450,173,76,420,1077,0,1759,24697
oliveira/04_13/randm13.02.02.06.020_0030.01.aba.beta,True,24,9,0.12813758850097656,1.9589486122131348,0.002675771713256836,2.089761972427368,75,24,0,0,0,111,120,48,88,603,0,1310,18775
oliveira/04_13/randm13.02.02.06.020_0030.02.aba.beta,True,24,9,0.3796567916870117,4.344228506088257,0.0026259422302246094,4.726511240005493,112,24,0,0,0,210,158,54,187,828,0,1219,17223
oliveira/04_13/randm13.02.02.06.020_0030.03.aba.beta,True,16,9,0.35030198097229004,3.8115594387054443,0.002543210983276367,4.164404630661011,116,16,0,0,0,259,155,55,244,726,0,1158,16863
oliveira/04_13/randm13.02.02.06.020_0030.04.aba.beta,True,23,9,0.0977773666381836,1.161785364151001,0.0028350353240966797,1.2623977661132812,75,23,0,0,0,87,106,54,65,534,0,1290,18178
oliveira/04_13/randm13.02.02.06.020_0030.05.aba.beta,True,23,9,0.11530375480651855,1.6357333660125732,0.003304719924926758,1.7543418407440186,73,23,0,0,0,101,131,50,79,577,0,1479,21540
oliveira/04_13/randm13.02.02.07.020_0030.01.aba.beta,True,28,11,0.18707752227783203,2.1819825172424316,0.002904176712036133,2.3719642162323,95,28,0,0,0,147,132,64,120,658,0,1358,18730
oliveira/04_13/randm13.02.02.07.020_0030.02.aba.beta,True,21,11,0.6202361583709717,8.692132234573364,0.0019326210021972656,9.314301013946533,102,21,0,0,0,373,123,56,353,736,0,907,12425
oliveira/04_13/randm13.02.02.07.020_0030.03.aba.beta,True,25,11,0.26413464546203613,4.144667625427246,0.003298044204711914,4.412100315093994,97,25,0,0,0,195,180,60,171,783,0,1453,21032
oliveira/04_13/randm13.02.02.07.020_0030.04.aba.beta,True,28,11,0.41063523292541504,5.014081716537476,0.003484487533569336,5.42820143699646,103,28,0,0,0,236,140,66,209,696,0,1631,22801
oliveira/04_13/randm13.02.02.07.020_0030.05.aba.beta,True,27,11,0.17270874977111816,2.1122446060180664,0.0026040077209472656,2.287557363510132,95,27,0,0,0,150,128,63,124,668,0,1216,16551
oliveira/04_13/randm13.02.02.08.020_0030.01.aba.beta,True,22,11,0.6398143768310547,6.5499701499938965,0.0028390884399414062,7.192623615264893,104,22,0,0,0,366,149,62,345,688,0,1212,17584
oliveira/04_13/randm13.02.02.08.020_0030.02.aba.beta,True,25,11,0.40421438217163086,6.607486963272095,0.0027124881744384766,7.014413833618164,101,25,0,0,0,259,128,67,235,753,0,1260,17503
oliveira/04_13/randm13.02.02.08.020_0030.03.aba.beta,True,29,11,6.244355916976929,47.56275963783264,0.004983186721801758,53.81209874153137,186,29,0,0,0,1060,261,83,1032,1382,0,2176,32274
oliveira/04_13/randm13.02.02.08.020_0030.04.aba.beta,True,26,11,0.7105906009674072,9.721760988235474,0.0029449462890625,10.435296535491943,140,26,0,0,0,356,178,76,331,1082,0,1364,19352
oliveira/04_13/randm13.02.02.08.020_0030.05.aba.beta,True,25,11,0.35767483711242676,3.4508302211761475,0.0036635398864746094,3.812168598175049,96,25,0,0,0,221,147,61,197,726,0,1662,23970
oliveira/04_13/randm13.02.02.09.020_0030.01.aba.beta,True,33,11,9.559305429458618,314.0315771102905,0.005086421966552734,323.5959689617157,275,33,0,0,0,1394,338,93,1362,2090,0,2211,32992
oliveira/04_13/randm13.02.02.09.020_0030.02.aba.beta,True,30,11,2.7696757316589355,16.681056022644043,0.004257917404174805,19.454989671707153,171,30,0,0,0,622,222,80,593,1338,0,1989,28440
oliveira/04_13/randm13.02.02.09.020_0030.03.aba.beta,True,30,11,8.946554899215698,74.27259707450867,0.004518032073974609,83.22367000579834,229,30,0,0,0,1118,281,95,1089,1611,0,1984,28783
oliveira/04_13/randm13.02.02.09.020_0030.04.aba.beta,True,40,11,0.24293065071105957,4.197845697402954,0.010842561721801758,4.451618909835815,114,40,0,0,0,202,221,79,163,1070,0,4731,72154
oliveira/04_13/randm13.02.02.09.020_0030.05.aba.beta,True,27,11,1.6213419437408447,14.66193675994873,0.003939151763916016,16.28721785545349,151,27,0,0,0,602,195,79,576,1167,0,1785,25900
oliveira/04_13/randm13.02.02.10.020_0030.01.aba.beta,True,26,11,0.18069744110107422,2.183023452758789,0.0026776790618896484,2.366398572921753,87,26,0,0,0,155,127,64,130,615,0,1250,17395
oliveira/04_13/randm13.02.02.10.020_0030.02.aba.beta,True,60,12,0.35739588737487793,4.511298894882202,0.012845039367675781,4.881539821624756,124,60,0,0,0,168,237,97,109,1230,0,5700,86493
oliveira/04_13/randm13.02.02.10.020_0030.03.aba.beta,True,22,10,0.08133673667907715,0.6519243717193604,0.001956462860107422,0.7352175712585449,61,22,0,0,0,56,85,50,35,463,0,954,13062
oliveira/04_13/randm13.02.02.10.020_0030.04.aba.beta,True,40,12,0.911933183670044,11.314615964889526,0.005578517913818359,12.232127666473389,125,40,0,0,0,417,197,80,378,1036,0,2526,37139
oliveira/04_13/randm13.02.02.10.020_0030.05.aba.beta,True,38,12,0.277202844619751,3.990496873855591,0.007335662841796875,4.275035381317139,112,38,0,0,0,198,224,84,161,914,0,3186,47482
oliveira/04_13/randm13.02.02.11.020_0030.01.aba.beta,True,33,11,0.8311862945556641,9.0801100730896,0.003391742706298828,9.914688110351562,124,33,0,0,0,367,149,78,335,942,0,1530,21409
oliveira/04_13/randm13.02.02.11.020_0030.02.aba.beta,True,31,11,0.5499675273895264,7.001358509063721,0.004480600357055664,7.555806636810303,107,31,0,0,0,300,161,78,270,753,0,2069,29614
oliveira/04_13/randm13.02.02.11.020_0030.03.aba.beta,True,30,11,0.2682175636291504,4.418017864227295,0.003879070281982422,4.690114498138428,102,30,0,0,0,173,162,65,144,840,0,1738,25260
oliveira/04_13/randm13.02.02.11.020_0030.04.aba.beta,True,23,11,0.9761786460876465,9.226589441299438,0.002683401107788086,10.205451488494873,109,23,0,0,0,467,140,70,445,700,0,1229,17110
oliveira/04_13/randm13.02.02.11.020_0030.05.aba.beta,True,32,11,0.7505655288696289,8.159849166870117,0.004313230514526367,8.914727926254272,122,32,0,0,0,325,179,77,294,919,0,1903,27049
oliveira/04_13/randm13.02.02.12.020_0030.01.aba.beta,True,16,7,0.04241490364074707,0.24044227600097656,0.002134084701538086,0.2849912643432617,40,16,0,0,0,29,93,35,14,298,0,966,14130
oliveira/04_13/randm13.02.02.12.020_0030.02.aba.beta,True,19,7,0.0473177433013916,0.19648003578186035,0.0018050670623779297,0.24560284614562988,36,19,0,0,0,26,60,36,8,293,0,878,12192
oliveira/04_13/randm13.02.02.12.020_0030.03.aba.beta,True,15,7,0.06496977806091309,0.2185499668121338,0.0018312931060791016,0.285351037979126,36,15,0,0,0,29,71,34,15,235,0,862,12492
oliveira/04_13/randm13.02.02.12.020_0030.04.aba.beta,True,16,7,0.04222583770751953,0.4044663906097412,0.0018429756164550781,0.4485352039337158,51,16,0,0,0,46,83,39,31,313,0,855,12380
oliveira/04_13/randm13.02.02.12.020_0030.05.aba.beta,True,20,7,0.05350756645202637,0.6695904731750488,0.0021729469299316406,0.7252709865570068,55,20,0,0,0,50,125,43,31,409,0,1008,14498
oliveira/04_13/randm13.02.02.13.020_0030.01.aba.beta,True,35,12,47.771806955337524,231.45534253120422,0.004879951477050781,279.2320294380188,291,35,0,0,0,3647,380,94,3613,2427,0,2588,37513
oliveira/04_13/randm13.02.02.13.020_0030.02.aba.beta,True,45,12,39.46477270126343,220.75649213790894,0.008345603942871094,260.22961044311523,324,45,0,0,0,3324,454,115,3280,2661,0,4123,60859
oliveira/04_13/randm13.02.02.13.020_0030.03.aba.beta,True,44,12,24.493436574935913,583.6071162223816,0.008657455444335938,608.1092102527618,337,44,0,0,0,2434,432,112,2391,2810,0,4730,70893
oliveira/04_13/randm13.02.02.13.020_0030.04.aba.beta,True,39,12,50.249948024749756,170.9005663394928,0.0063474178314208984,221.15686178207397,329,39,0,0,0,3469,463,108,3431,2615,0,3243,48667
oliveira/04_13/randm13.02.02.13.020_0030.05.aba.beta,True,39,12,10.689031839370728,77.2673134803772,0.008739471435546875,87.96508479118347,211,39,0,0,0,1344,327,101,1306,1812,0,3805,59029
oliveira/04_13/randm13.02.02.14.020_0030.01.aba.beta,True,33,9,0.37343525886535645,4.737773180007935,0.005478382110595703,5.116686820983887,124,33,0,0,0,253,170,70,221,1011,0,2437,36394
oliveira/04_13/randm13.02.02.14.020_0030.02.aba.beta,True,31,9,1.9486026763916016,15.172662019729614,0.0043413639068603516,17.125606060028076,193,31,0,0,0,584,244,92,554,1488,0,1907,27535
oliveira/04_13/randm13.02.02.14.020_0030.03.aba.beta,True,28,9,2.41884183883667,22.29392385482788,0.004204750061035156,24.716970443725586,192,28,0,0,0,855,249,84,828,1468,0,1911,27436
oliveira/04_13/randm13.02.02.14.020_0030.04.aba.beta,True,29,9,0.12551021575927734,1.3030552864074707,0.0033257007598876953,1.4318912029266357,84,29,0,0,0,94,137,61,66,766,0,1536,21971
oliveira/04_13/randm13.02.02.14.020_0030.05.aba.beta,True,20,9,0.23323607444763184,3.0236244201660156,0.002881765365600586,3.259742259979248,97,20,0,0,0,191,144,65,172,747,0,1340,19328
oliveira/04_13/randm13.02.02.15.020_0030.01.aba.beta,True,40,11,4.415754556655884,60.03590250015259,0.0069561004638671875,64.45861315727234,182,40,0,0,0,1045,275,87,1006,1503,0,2864,43282
oliveira/04_13/randm13.02.02.15.020_0030.02.aba.beta,True,34,11,16.43175745010376,93.34349393844604,0.00906062126159668,109.7843120098114,249,34,0,0,0,1555,362,95,1522,1962,0,3919,58669
oliveira/04_13/randm13.02.02.15.020_0030.03.aba.beta,True,33,11,5.316917181015015,35.979071855545044,0.0055811405181884766,41.30157017707825,187,33,0,0,0,1027,260,82,995,1428,0,2443,35948
oliveira/04_13/randm13.02.02.15.020_0030.04.aba.beta,True,33,11,11.331453800201416,48.81385087966919,0.00890350341796875,60.154208183288574,252,33,0,0,0,1277,356,95,1245,1909,0,3882,58938
oliveira/04_13/randm13.02.02.15.020_0030.05.aba.beta,True,28,11,5.8807408809661865,38.176472902297974,0.003453493118286133,44.060667276382446,215,28,0,0,0,1220,269,76,1193,1594,0,1593,22396
oliveira/04_13/randm13.02.02.16.020_0030.01.aba.beta,True,33,11,0.23623251914978027,3.305884838104248,0.0036225318908691406,3.5457398891448975,103,33,0,0,0,175,143,69,143,831,0,1604,22845
oliveira/04_13/randm13.02.02.16.020_0030.02.aba.beta,True,38,11,0.4530203342437744,5.460675954818726,0.004889011383056641,5.918585300445557,114,38,0,0,0,246,151,69,209,1009,0,2117,29858
oliveira/04_13/randm13.02.02.16.020_0030.03.aba.beta,True,28,11,0.41718053817749023,4.842963218688965,0.004462718963623047,5.264606475830078,101,28,0,0,0,229,177,68,202,734,0,1903,27674
oliveira/04_13/randm13.02.02.16.020_0030.04.aba.beta,True,33,11,0.1668398380279541,2.4638020992279053,0.0037183761596679688,2.6343603134155273,84,33,0,0,0,143,122,65,111,662,0,1696,23650
oliveira/04_13/randm13.02.02.16.020_0030.05.aba.beta,True,27,11,0.7883725166320801,6.7192702293396,0.0035419464111328125,7.5111846923828125,112,27,0,0,0,347,165,68,321,803,0,1584,22918
oliveira/04_13/randm13.02.02.17.020_0030.01.aba.beta,True,26,9,0.106964111328125,1.6124563217163086,0.0029997825622558594,1.7224202156066895,73,26,0,0,0,125,104,54,100,564,0,1401,19440
oliveira/04_13/randm13.02.02.17.020_0030.02.aba.beta,True,24,9,0.07825136184692383,0.9601826667785645,0.003170013427734375,1.0416040420532227,57,24,0,0,0,65,79,46,42,476,0,1099,15162
oliveira/04_13/randm13.02.02.17.020_0030.03.aba.beta,True,20,9,0.10722136497497559,1.4741919040679932,0.002115964889526367,1.5835292339324951,72,20,0,0,0,127,93,56,108,506,0,978,13462
oliveira/04_13/randm13.02.02.17.020_0030.04.aba.beta,True,19,9,0.09390020370483398,1.4162266254425049,0.0025086402893066406,1.5126354694366455,70,19,0,0,0,120,106,53,102,462,0,1147,16450
oliveira/04_13/randm13.02.02.17.020_0030.05.aba.beta,True,22,9,0.30463719367980957,4.447634696960449,0.0024874210357666016,4.754759311676025,100,22,0,0,0,230,126,55,209,689,0,1129,15525
oliveira/04_13/randm13.02.02.18.020_0030.01.aba.beta,True,35,10,0.218841552734375,3.333433151245117,0.00746607780456543,3.5597407817840576,104,35,0,0,0,176,206,78,142,853,0,3342,50265
oliveira/04_13/randm13.02.02.18.020_0030.02.aba.beta,True,34,10,0.14040184020996094,1.652766466140747,0.004982471466064453,1.7981507778167725,71,34,0,0,0,108,136,59,75,621,0,2284,32684
oliveira/04_13/randm13.02.02.18.020_0030.03.aba.beta,True,34,10,0.17363834381103516,2.9553873538970947,0.005987405776977539,3.1350131034851074,90,34,0,0,0,146,210,72,113,824,0,2686,39481
oliveira/04_13/randm13.02.02.18.020_0030.04.aba.beta,True,29,10,0.22624802589416504,4.025371074676514,0.006181001663208008,4.257800102233887,92,29,0,0,0,183,176,67,155,768,0,2674,41384
oliveira/04_13/randm13.02.02.18.020_0030.05.aba.beta,True,23,10,0.16348671913146973,2.3636114597320557,0.00423431396484375,2.531332492828369,84,23,0,0,0,173,136,58,151,597,0,1873,27984
oliveira/04_13/randm13.02.02.19.020_0030.01.aba.beta,True,32,12,1.957690954208374,14.909837245941162,0.004761219024658203,16.872289419174194,154,32,0,0,0,623,220,82,592,1314,0,2159,31326
oliveira/04_13/randm13.02.02.19.020_0030.02.aba.beta,True,29,12,32.816444396972656,79.41866612434387,0.003560304641723633,112.23867082595825,292,29,0,0,0,2290,360,96,2262,2049,0,1869,26871
oliveira/04_13/randm13.02.02.19.020_0030.03.aba.beta,True,36,12,17.699716806411743,85.41704154014587,0.006062030792236328,103.12282037734985,268,36,0,0,0,2262,353,95,2227,2088,0,2897,42822
oliveira/04_13/randm13.02.02.19.020_0030.04.aba.beta,True,30,12,78.97332000732422,186.54586839675903,0.0027794837951660156,265.5219678878784,381,30,0,0,0,5557,417,90,5528,3027,0,1548,21924
oliveira/04_13/randm13.02.02.19.020_0030.05.aba.beta,True,29,12,0.43438076972961426,6.394470691680908,0.004207611083984375,6.833059072494507,112,29,0,0,0,311,183,79,283,865,0,1904,27851
