file name,succeeded,learning_rounds,automaton_size,learning_time,smt_time,eq_oracle_time,total_time,queries_learning,validity_query,rule1,rule2,rule3,rule4,nodes,informative_nodes,analyzed_bases,sul_steps,cache_saved,queries_eq_oracle,steps_eq_oracle
oliveira/04_11/randm04.02.02.01.020_0030.01.aba.beta,True,2,3,0.0024504661560058594,0.035146474838256836,0.00115203857421875,0.038748979568481445,7,2,0,0,0,2,7,7,1,12,0,536,8587
oliveira/04_11/randm04.02.02.01.020_0030.02.aba.beta,True,6,4,0.007851600646972656,0.05032205581665039,0.0032761096954345703,0.06144976615905762,11,6,0,0,0,6,12,11,1,24,0,1378,21897
oliveira/04_11/randm04.02.02.01.020_0030.03.aba.beta,True,6,4,0.009553670883178711,0.06861495971679688,0.0024368762969970703,0.08060550689697266,13,6,0,0,0,7,14,13,2,32,0,1044,16720
oliveira/04_11/randm04.02.02.01.020_0030.04.aba.beta,True,5,4,0.006437778472900391,0.05076909065246582,0.00191497802734375,0.05912184715270996,13,5,0,0,0,6,16,12,2,34,0,817,12918
oliveira/04_11/randm04.02.02.01.020_0030.05.aba.beta,True,6,4,0.009908914566040039,0.053340911865234375,0.0038824081420898438,0.06713223457336426,11,6,0,0,0,6,15,11,1,27,0,1610,25420
oliveira/04_11/randm04.02.02.02.020_0030.01.aba.beta,True,1,1,0.0011115074157714844,0.037763118743896484,0.0011179447174072266,0.039992570877075195,3,1,0,0,0,1,3,3,1,2,0,543,8623
oliveira/04_11/randm04.02.02.02.020_0030.02.aba.beta,True,1,1,0.0008194446563720703,0.03045368194580078,0.0014758110046386719,0.03274893760681152,3,1,0,0,0,1,3,3,1,2,0,537,8598
oliveira/04_11/randm04.02.02.02.020_0030.03.aba.beta,True,1,1,0.0009264945983886719,0.030717849731445312,0.0011451244354248047,0.03278946876525879,3,1,0,0,0,1,3,3,1,2,0,527,8532
oliveira/04_11/randm04.02.02.02.020_0030.04.aba.beta,True,1,1,0.0009634494781494141,0.03602766990661621,0.0011200904846191406,0.038111209869384766,3,1,0,0,0,1,3,3,1,2,0,536,8589
oliveira/04_11/randm04.02.02.02.020_0030.05.aba.beta,True,1,1,0.0008873939514160156,0.03246021270751953,0.0013582706451416016,0.03470587730407715,3,1,0,0,0,1,3,3,1,2,0,536,8583
oliveira/04_11/randm04.02.02.03.020_0030.01.aba.beta,True,2,3,0.005450010299682617,0.04190373420715332,0.0013339519500732422,0.04868769645690918,10,2,0,0,0,4,12,10,3,21,0,536,8563
oliveira/04_11/randm04.02.02.03.020_0030.02.aba.beta,True,2,3,0.0024538040161132812,0.0432133674621582,0.0012369155883789062,0.04690408706665039,10,2,0,0,0,4,20,9,3,29,0,545,8658
oliveira/04_11/randm04.02.02.03.020_0030.03.aba.beta,True,2,3,0.002379894256591797,0.034085988998413086,0.0012352466583251953,0.03770112991333008,7,2,0,0,0,2,7,7,1,12,0,540,8598
oliveira/04_11/randm04.02.02.03.020_0030.04.aba.beta,True,2,3,0.0022482872009277344,0.03450155258178711,0.0012516975402832031,0.03800153732299805,7,2,0,0,0,2,7,7,1,12,0,543,8612
oliveira/04_11/randm04.02.02.03.020_0030.05.aba.beta,True,3,3,0.0034525394439697266,0.04527878761291504,0.0011515617370605469,0.04988288879394531,11,3,0,0,0,5,15,10,3,31,0,547,8614
oliveira/04_11/randm04.02.02.04.020_0030.01.aba.beta,True,1,1,0.0008654594421386719,0.002211332321166992,0.0012030601501464844,0.0042798519134521484,3,1,0,0,0,1,3,3,1,2,0,529,8558
oliveira/04_11/randm04.02.02.04.020_0030.02.aba.beta,True,1,1,0.0007860660552978516,0.029595375061035156,0.0012018680572509766,0.031583309173583984,3,1,0,0,0,1,3,3,1,2,0,531,8570
oliveira/04_11/randm04.02.02.04.020_0030.03.aba.beta,True,1,1,0.0008265972137451172,0.0020134449005126953,0.0011854171752929688,0.004025459289550781,3,1,0,0,0,1,3,3,1,2,0,532,8571
oliveira/04_11/randm04.02.02.04.020_0030.04.aba.beta,True,1,1,0.0012862682342529297,0.0022230148315429688,0.0015270709991455078,0.005036354064941406,3,1,0,0,0,1,3,3,1,2,0,535,8587
oliveira/04_11/randm04.02.02.04.020_0030.05.aba.beta,True,1,1,0.0010271072387695312,0.002099752426147461,0.0011730194091796875,0.00429987907409668,3,1,0,0,0,1,3,3,1,2,0,539,8598
oliveira/04_11/randm04.02.02.05.020_0030.01.aba.beta,True,1,2,0.0013136863708496094,0.003528118133544922,0.0011119842529296875,0.005953788757324219,5,1,0,0,0,1,5,5,1,6,0,533,8580
oliveira/04_11/randm04.02.02.05.020_0030.02.aba.beta,True,1,2,0.0013477802276611328,0.0027704238891601562,0.0011315345764160156,0.005249738693237305,5,1,0,0,0,1,5,5,1,6,0,529,8561
oliveira/04_11/randm04.02.02.05.020_0030.03.aba.beta,True,1,2,0.0010852813720703125,0.0027239322662353516,0.0010912418365478516,0.004900455474853516,5,1,0,0,0,1,5,5,1,6,0,538,8604
oliveira/04_11/randm04.02.02.05.020_0030.04.aba.beta,True,1,2,0.0014448165893554688,0.002987384796142578,0.0013005733489990234,0.00573277473449707,5,1,0,0,0,1,5,5,1,6,0,531,8548
oliveira/04_11/randm04.02.02.05.020_0030.05.aba.beta,True,1,2,0.0008459091186523438,0.002962827682495117,0.0012204647064208984,0.005029201507568359,5,1,0,0,0,1,5,5,1,6,0,528,8549
oliveira/04_11/randm04.02.02.06.020_0030.01.aba.beta,True,2,3,0.002312183380126953,0.009385347366333008,0.0011980533599853516,0.012895584106445312,8,2,0,0,0,3,12,8,2,17,0,534,8558
oliveira/04_11/randm04.02.02.06.020_0030.02.aba.beta,True,2,3,0.0023698806762695312,0.010383367538452148,0.001140594482421875,0.013893842697143555,8,2,0,0,0,3,16,8,2,21,0,552,8677
oliveira/04_11/randm04.02.02.06.020_0030.03.aba.beta,True,4,3,0.004498720169067383,0.013492345809936523,0.0012786388397216797,0.019269704818725586,9,4,0,0,0,4,19,9,1,33,0,563,8743
oliveira/04_11/randm04.02.02.06.020_0030.04.aba.beta,True,4,3,0.004701375961303711,0.01604437828063965,0.0012400150299072266,0.021985769271850586,9,4,0,0,0,4,29,9,1,49,0,582,9018
oliveira/04_11/randm04.02.02.06.020_0030.05.aba.beta,True,2,3,0.0022606849670410156,0.008933305740356445,0.0011873245239257812,0.012381315231323242,8,2,0,0,0,3,10,8,2,15,0,546,8620
oliveira/04_11/randm04.02.02.07.020_0030.01.aba.beta,True,1,2,0.0010275840759277344,0.002491474151611328,0.0011663436889648438,0.004685401916503906,5,1,0,0,0,1,5,5,1,6,0,531,8557
oliveira/04_11/randm04.02.02.07.020_0030.02.aba.beta,True,1,2,0.000972747802734375,0.002476930618286133,0.0011851787567138672,0.004634857177734375,5,1,0,0,0,1,5,5,1,6,0,531,8567
oliveira/04_11/randm04.02.02.07.020_0030.03.aba.beta,True,1,2,0.0010404586791992188,0.0026340484619140625,0.0011527538299560547,0.004827260971069336,5,1,0,0,0,1,5,5,1,6,0,538,8600
oliveira/04_11/randm04.02.02.07.020_0030.04.aba.beta,True,1,2,0.0010540485382080078,0.002556324005126953,0.0012664794921875,0.004876852035522461,5,1,0,0,0,1,5,5,1,6,0,538,8598
oliveira/04_11/randm04.02.02.07.020_0030.05.aba.beta,True,1,2,0.0009932518005371094,0.0028350353240966797,0.001104593276977539,0.004932880401611328,5,1,0,0,0,1,5,5,1,6,0,541,8614
oliveira/04_11/randm04.02.02.08.020_0030.01.aba.beta,True,12,4,0.020400524139404297,0.1287221908569336,0.001834869384765625,0.15095758438110352,26,12,0,0,0,18,64,25,7,229,0,875,12831
oliveira/04_11/randm04.02.02.08.020_0030.02.aba.beta,True,9,4,0.012471199035644531,0.08035540580749512,0.0014791488647460938,0.09430575370788574,20,9,0,0,0,12,48,18,4,153,0,715,10801
oliveira/04_11/randm04.02.02.08.020_0030.03.aba.beta,True,7,4,0.009920120239257812,0.032242774963378906,0.0016055107116699219,0.04376840591430664,13,7,0,0,0,7,20,13,1,52,0,685,10478
oliveira/04_11/randm04.02.02.08.020_0030.04.aba.beta,True,5,4,0.008826494216918945,0.017035722732543945,0.001149892807006836,0.027012109756469727,11,5,0,0,0,5,11,11,1,31,0,561,8660
oliveira/04_11/randm04.02.02.08.020_0030.05.aba.beta,True,8,4,0.01177525520324707,0.08407926559448242,0.001386404037475586,0.09724092483520508,22,8,0,0,0,14,46,21,7,127,0,689,10150
oliveira/04_11/randm04.02.02.09.020_0030.01.aba.beta,True,2,3,0.00450444221496582,0.01657414436340332,0.0011205673217773438,0.022199153900146484,12,2,0,0,0,5,13,12,4,27,0,541,8608
oliveira/04_11/randm04.02.02.09.020_0030.02.aba.beta,True,2,3,0.00301361083984375,0.01945352554321289,0.0011551380157470703,0.02362227439880371,12,2,0,0,0,5,17,11,4,31,0,534,8569
oliveira/04_11/randm04.02.02.09.020_0030.03.aba.beta,True,2,3,0.003975868225097656,0.013354778289794922,0.00115203857421875,0.018482685089111328,10,2,0,0,0,4,16,10,3,25,0,545,8636
oliveira/04_11/randm04.02.02.09.020_0030.04.aba.beta,True,2,3,0.003045320510864258,0.015844345092773438,0.0011992454528808594,0.020088911056518555,10,2,0,0,0,4,22,10,3,31,0,553,8716
oliveira/04_11/randm04.02.02.09.020_0030.05.aba.beta,True,2,3,0.0030944347381591797,0.018721580505371094,0.0012044906616210938,0.023020505905151367,12,2,0,0,0,5,20,12,4,34,0,549,8669
oliveira/04_11/randm04.02.02.10.020_0030.01.aba.beta,True,2,4,0.0031883716583251953,0.031653404235839844,0.0012824535369873047,0.036124229431152344,14,2,0,0,0,6,32,13,5,49,0,556,8820
oliveira/04_11/randm04.02.02.10.020_0030.02.aba.beta,True,2,4,0.0029315948486328125,0.023722410202026367,0.0012001991271972656,0.027854204177856445,14,2,0,0,0,6,19,13,5,37,0,530,8565
oliveira/04_11/randm04.02.02.10.020_0030.03.aba.beta,True,2,4,0.0045013427734375,0.052002906799316406,0.0012247562408447266,0.05772900581359863,16,2,0,0,0,9,39,16,8,61,0,562,8955
oliveira/04_11/randm04.02.02.10.020_0030.04.aba.beta,True,2,4,0.002832651138305664,0.027983427047729492,0.0011663436889648438,0.031982421875,14,2,0,0,0,6,30,13,5,47,0,555,8784
oliveira/04_11/randm04.02.02.10.020_0030.05.aba.beta,True,5,4,0.009226799011230469,0.04943060874938965,0.0014874935150146484,0.060144901275634766,17,5,0,0,0,9,51,16,5,100,0,696,10628
oliveira/04_11/randm04.02.02.11.020_0030.01.aba.beta,True,7,4,0.011107921600341797,0.029164791107177734,0.0029413700103759766,0.04321408271789551,13,7,0,0,0,7,18,13,1,36,0,1329,20771
oliveira/04_11/randm04.02.02.11.020_0030.02.aba.beta,True,7,4,0.008835077285766602,0.024503707885742188,0.0028541088104248047,0.036192893981933594,13,7,0,0,0,7,13,13,1,31,0,1290,20261
oliveira/04_11/randm04.02.02.11.020_0030.03.aba.beta,True,7,4,0.009174585342407227,0.02911663055419922,0.0017552375793457031,0.04004645347595215,13,7,0,0,0,7,14,13,1,38,0,846,13003
oliveira/04_11/randm04.02.02.11.020_0030.04.aba.beta,True,7,4,0.011511802673339844,0.02890634536743164,0.0019958019256591797,0.042413949966430664,13,7,0,0,0,7,14,12,1,38,0,940,14680
oliveira/04_11/randm04.02.02.11.020_0030.05.aba.beta,True,8,4,0.009109020233154297,0.02918386459350586,0.0025763511657714844,0.04086923599243164,14,8,0,0,0,8,15,13,1,39,0,1183,19109
oliveira/04_11/randm04.02.02.12.020_0030.01.aba.beta,True,2,3,0.0023772716522216797,0.013522863388061523,0.0011472702026367188,0.017047405242919922,10,2,0,0,0,4,16,10,3,25,0,545,8621
oliveira/04_11/randm04.02.02.12.020_0030.02.aba.beta,True,2,3,0.0023851394653320312,0.012928485870361328,0.001194000244140625,0.016507625579833984,10,2,0,0,0,4,15,10,3,24,0,550,8653
oliveira/04_11/randm04.02.02.12.020_0030.03.aba.beta,True,2,3,0.003082752227783203,0.016605138778686523,0.0011761188507080078,0.020864009857177734,12,2,0,0,0,5,15,12,4,29,0,551,8639
oliveira/04_11/randm04.02.02.12.020_0030.04.aba.beta,True,2,3,0.004991769790649414,0.015749692916870117,0.0012161731719970703,0.0219576358795166,12,2,0,0,0,5,13,12,4,27,0,541,8599
oliveira/04_11/randm04.02.02.12.020_0030.05.aba.beta,True,2,3,0.005320549011230469,0.017360448837280273,0.001172780990600586,0.023853778839111328,12,2,0,0,0,5,17,12,4,31,0,540,8607
oliveira/04_11/randm04.02.02.13.020_0030.01.aba.beta,True,1,1,0.003342151641845703,0.0019845962524414062,0.0012514591217041016,0.006578207015991211,3,1,0,0,0,1,3,3,1,2,0,528,8539
oliveira/04_11/randm04.02.02.13.020_0030.02.aba.beta,True,1,1,0.0005993843078613281,0.004150390625,0.0011587142944335938,0.005908489227294922,3,1,0,0,0,1,3,3,1,2,0,535,8584
oliveira/04_11/randm04.02.02.13.020_0030.03.aba.beta,True,1,1,0.0005948543548583984,0.004491329193115234,0.0011646747589111328,0.006250858306884766,3,1,0,0,0,1,3,3,1,2,0,534,8583
oliveira/04_11/randm04.02.02.13.020_0030.04.aba.beta,True,1,1,0.0007779598236083984,0.002169370651245117,0.0011525154113769531,0.004099845886230469,3,1,0,0,0,1,3,3,1,2,0,537,8593
oliveira/04_11/randm04.02.02.13.020_0030.05.aba.beta,True,1,1,0.0008170604705810547,0.002156972885131836,0.0011987686157226562,0.004172801971435547,3,1,0,0,0,1,3,3,1,2,0,543,8623
oliveira/04_11/randm04.02.02.14.020_0030.01.aba.beta,True,5,4,0.00868678092956543,0.020708084106445312,0.0011968612670898438,0.030591726303100586,11,5,0,0,0,5,26,11,1,44,0,577,8859
oliveira/04_11/randm04.02.02.14.020_0030.02.aba.beta,True,6,4,0.009873390197753906,0.02275848388671875,0.0011348724365234375,0.033766746520996094,12,6,0,0,0,6,13,11,1,34,0,563,8663
oliveira/04_11/randm04.02.02.14.020_0030.03.aba.beta,True,5,4,0.007569551467895508,0.04083251953125,0.001238107681274414,0.04964017868041992,17,5,0,0,0,9,24,17,5,72,0,583,8877
oliveira/04_11/randm04.02.02.14.020_0030.04.aba.beta,True,3,4,0.005109548568725586,0.03776383399963379,0.0012793540954589844,0.04415273666381836,17,3,0,0,0,9,22,16,7,53,0,554,8684
oliveira/04_11/randm04.02.02.14.020_0030.05.aba.beta,True,4,4,0.004887819290161133,0.013097286224365234,0.0010981559753417969,0.019083261489868164,10,4,0,0,0,4,12,10,1,22,0,546,8595
oliveira/04_11/randm04.02.02.15.020_0030.01.aba.beta,True,1,2,0.0010366439819335938,0.002733945846557617,0.0011832714080810547,0.004953861236572266,5,1,0,0,0,1,5,4,1,6,0,533,8586
oliveira/04_11/randm04.02.02.15.020_0030.02.aba.beta,True,1,2,0.0011107921600341797,0.0025768280029296875,0.0011096000671386719,0.004797220230102539,5,1,0,0,0,1,5,5,1,6,0,532,8581
oliveira/04_11/randm04.02.02.15.020_0030.03.aba.beta,True,1,2,0.001219034194946289,0.002535104751586914,0.0011420249938964844,0.0048961639404296875,5,1,0,0,0,1,5,5,1,6,0,541,8605
oliveira/04_11/randm04.02.02.15.020_0030.04.aba.beta,True,1,2,0.001043558120727539,0.0025124549865722656,0.0011060237884521484,0.004662036895751953,5,1,0,0,0,1,5,5,1,6,0,542,8616
oliveira/04_11/randm04.02.02.15.020_0030.05.aba.beta,True,1,2,0.0011034011840820312,0.002692699432373047,0.0011088848114013672,0.004904985427856445,5,1,0,0,0,1,5,5,1,6,0,534,8580
oliveira/04_11/randm04.02.02.16.020_0030.01.aba.beta,True,6,3,0.00721430778503418,0.03060626983642578,0.0012516975402832031,0.039072275161743164,12,6,0,0,0,7,40,12,2,71,0,621,9478
oliveira/04_11/randm04.02.02.16.020_0030.02.aba.beta,True,3,3,0.003935098648071289,0.016042709350585938,0.0012793540954589844,0.02125716209411621,11,3,0,0,0,5,23,10,3,39,0,557,8725
oliveira/04_11/randm04.02.02.16.020_0030.03.aba.beta,True,5,3,0.006647586822509766,0.04177260398864746,0.0014917850494384766,0.0499119758605957,13,5,0,0,0,7,54,13,3,84,0,636,9785
oliveira/04_11/randm04.02.02.16.020_0030.04.aba.beta,True,5,3,0.006162405014038086,0.027348995208740234,0.0012898445129394531,0.03480124473571777,13,5,0,0,0,7,32,13,3,82,0,611,9297
oliveira/04_11/randm04.02.02.16.020_0030.05.aba.beta,True,6,3,0.007056236267089844,0.027805328369140625,0.0013611316680908203,0.03622269630432129,12,6,0,0,0,7,28,12,2,77,0,604,9151
oliveira/04_11/randm04.02.02.17.020_0030.01.aba.beta,True,2,3,0.0023674964904785156,0.012939453125,0.0011687278747558594,0.016475677490234375,10,2,0,0,0,4,16,10,3,25,0,549,8649
oliveira/04_11/randm04.02.02.17.020_0030.02.aba.beta,True,2,3,0.002292633056640625,0.014186859130859375,0.0011889934539794922,0.017668485641479492,10,2,0,0,0,4,22,10,3,31,0,553,8710
oliveira/04_11/randm04.02.02.17.020_0030.03.aba.beta,True,2,3,0.003041505813598633,0.017092466354370117,0.0012598037719726562,0.021393775939941406,12,2,0,0,0,5,16,12,4,30,0,535,8562
oliveira/04_11/randm04.02.02.17.020_0030.04.aba.beta,True,2,3,0.0030040740966796875,0.017264127731323242,0.0011475086212158203,0.02141571044921875,12,2,0,0,0,5,18,12,4,32,0,535,8572
oliveira/04_11/randm04.02.02.17.020_0030.05.aba.beta,True,2,3,0.0023932456970214844,0.01376199722290039,0.0011897087097167969,0.017344951629638672,10,2,0,0,0,4,17,10,3,26,0,540,8576
oliveira/04_11/randm04.02.02.18.020_0030.01.aba.beta,True,6,4,0.008630514144897461,0.03438162803649902,0.0012149810791015625,0.04422712326049805,15,6,0,0,0,8,22,15,3,52,0,608,9200
oliveira/04_11/randm04.02.02.18.020_0030.02.aba.beta,True,3,4,0.0037369728088378906,0.021883010864257812,0.001203298568725586,0.02682328224182129,13,3,0,0,0,6,19,13,4,42,0,561,8719
oliveira/04_11/randm04.02.02.18.020_0030.03.aba.beta,True,4,4,0.005459785461425781,0.0385284423828125,0.001279592514038086,0.04526782035827637,16,4,0,0,0,9,22,15,6,56,0,567,8749
oliveira/04_11/randm04.02.02.18.020_0030.04.aba.beta,True,5,4,0.0069997310638427734,0.032543182373046875,0.0015401840209960938,0.04108309745788574,14,5,0,0,0,7,44,14,3,73,0,726,11214
oliveira/04_11/randm04.02.02.18.020_0030.05.aba.beta,True,6,4,0.009399175643920898,0.03556513786315918,0.0012853145599365234,0.0462496280670166,15,6,0,0,0,8,28,15,3,66,0,587,8928
oliveira/04_11/randm04.02.02.19.020_0030.01.aba.beta,True,3,3,0.0037910938262939453,0.018123388290405273,0.001127004623413086,0.023041486740112305,11,3,0,0,0,5,21,11,3,39,0,556,8704
oliveira/04_11/randm04.02.02.19.020_0030.02.aba.beta,True,3,3,0.0032842159271240234,0.02121710777282715,0.0012497901916503906,0.025751113891601562,11,3,0,0,0,5,21,11,3,43,0,568,8790
oliveira/04_11/randm04.02.02.19.020_0030.03.aba.beta,True,4,3,0.0053253173828125,0.026914119720458984,0.0011582374572753906,0.033397674560546875,14,4,0,0,0,7,23,13,4,52,0,562,8741
oliveira/04_11/randm04.02.02.19.020_0030.04.aba.beta,True,5,3,0.005706787109375,0.030354976654052734,0.0011620521545410156,0.03722381591796875,15,5,0,0,0,8,17,14,4,48,0,561,8672
oliveira/04_11/randm04.02.02.19.020_0030.05.aba.beta,True,4,3,0.004851102828979492,0.02703547477722168,0.0011963844299316406,0.03308296203613281,12,4,0,0,0,6,23,11,3,55,0,573,8836
oliveira/04_11/randm05.02.02.01.020_0030.01.aba.beta,True,4,3,0.004845380783081055,0.014267683029174805,0.0011527538299560547,0.020265817642211914,10,4,0,0,0,5,16,10,2,34,0,556,8660
oliveira/04_11/randm05.02.02.01.020_0030.02.aba.beta,True,4,3,0.004378557205200195,0.015210151672363281,0.0011403560638427734,0.02072906494140625,10,4,0,0,0,5,22,10,2,39,0,567,8781
oliveira/04_11/randm05.02.02.01.020_0030.03.aba.beta,True,6,3,0.011795759201049805,0.019927501678466797,0.001203775405883789,0.03292703628540039,11,6,0,0,0,6,16,10,1,45,0,584,8801
oliveira/04_11/randm05.02.02.01.020_0030.04.aba.beta,True,3,3,0.003265380859375,0.009040355682373047,0.0011746883392333984,0.013480424880981445,8,3,0,0,0,3,14,8,1,22,0,548,8633
oliveira/04_11/randm05.02.02.01.020_0030.05.aba.beta,True,4,3,0.0048825740814208984,0.014371633529663086,0.0011115074157714844,0.02036571502685547,9,4,0,0,0,4,19,9,1,33,0,548,8650
oliveira/04_11/randm05.02.02.02.020_0030.01.aba.beta,True,2,3,0.002324342727661133,0.0056858062744140625,0.0013041496276855469,0.009314298629760742,7,2,0,0,0,2,7,7,1,12,0,524,8509
oliveira/04_11/randm05.02.02.02.020_0030.02.aba.beta,True,2,3,0.002225160598754883,0.01095890998840332,0.001005411148071289,0.014189481735229492,10,2,0,0,0,4,16,9,3,25,0,544,8631
oliveira/04_11/randm05.02.02.02.020_0030.03.aba.beta,True,2,3,0.0024878978729248047,0.013782262802124023,0.0018792152404785156,0.018149375915527344,10,2,0,0,0,4,23,10,3,32,0,544,8682
oliveira/04_11/randm05.02.02.02.020_0030.04.aba.beta,True,2,3,0.002046346664428711,0.005407094955444336,0.0011601448059082031,0.00861358642578125,7,2,0,0,0,2,7,7,1,12,0,537,8583
oliveira/04_11/randm05.02.02.02.020_0030.05.aba.beta,True,2,3,0.0020699501037597656,0.004763364791870117,0.0011696815490722656,0.008002996444702148,7,2,0,0,0,2,7,7,1,12,0,535,8572
oliveira/04_11/randm05.02.02.03.020_0030.01.aba.beta,True,1,1,0.0005886554718017578,0.002324342727661133,0.0011692047119140625,0.004082202911376953,3,1,0,0,0,1,3,3,1,2,0,543,8619
oliveira/04_11/randm05.02.02.03.020_0030.02.aba.beta,True,1,1,0.001069784164428711,0.0017063617706298828,0.0011029243469238281,0.003879070281982422,3,1,0,0,0,1,3,3,1,2,0,538,8597
oliveira/04_11/randm05.02.02.03.020_0030.03.aba.beta,True,1,1,0.0009427070617675781,0.0016856193542480469,0.0011563301086425781,0.003784656524658203,3,1,0,0,0,1,3,3,1,2,0,537,8598
oliveira/04_11/randm05.02.02.03.020_0030.04.aba.beta,True,1,1,0.0011432170867919922,0.0018029212951660156,0.0011832714080810547,0.0041294097900390625,3,1,0,0,0,1,3,3,1,2,0,534,8583
oliveira/04_11/randm05.02.02.03.020_0030.05.aba.beta,True,1,1,0.0008370876312255859,0.0016677379608154297,0.0010876655578613281,0.0035924911499023438,3,1,0,0,0,1,3,3,1,2,0,521,8531
oliveira/04_11/randm05.02.02.04.020_0030.01.aba.beta,True,6,5,0.012645483016967773,0.07844686508178711,0.0015971660614013672,0.09268951416015625,24,6,0,0,0,14,38,22,9,102,0,647,9838
oliveira/04_11/randm05.02.02.04.020_0030.02.aba.beta,True,3,5,0.0056667327880859375,0.03266119956970215,0.0012509822845458984,0.039578914642333984,15,3,0,0,0,8,24,15,6,47,0,581,9119
oliveira/04_11/randm05.02.02.04.020_0030.03.aba.beta,True,3,5,0.004878044128417969,0.0491185188293457,0.0011751651763916016,0.05517172813415527,15,3,0,0,0,10,24,15,8,51,0,571,8783
oliveira/04_11/randm05.02.02.04.020_0030.04.aba.beta,True,11,5,0.017839908599853516,0.08664464950561523,0.0015075206756591797,0.10599207878112793,21,11,0,0,0,13,44,21,3,144,0,772,11322
oliveira/04_11/randm05.02.02.04.020_0030.05.aba.beta,True,12,5,0.02039504051208496,0.08242988586425781,0.0014867782592773438,0.10431170463562012,22,12,0,0,0,14,45,22,3,155,0,732,10637
oliveira/04_11/randm05.02.02.05.020_0030.01.aba.beta,True,3,4,0.008375167846679688,0.04134559631347656,0.001130819320678711,0.05085158348083496,17,3,0,0,0,10,20,16,8,51,0,551,8627
oliveira/04_11/randm05.02.02.05.020_0030.02.aba.beta,True,4,4,0.008474349975585938,0.031751155853271484,0.0011703968048095703,0.04139590263366699,17,4,0,0,0,8,19,17,5,53,0,554,8640
oliveira/04_11/randm05.02.02.05.020_0030.03.aba.beta,True,4,4,0.005391597747802734,0.03334498405456543,0.0012674331665039062,0.04000401496887207,17,4,0,0,0,8,31,16,5,65,0,565,8803
oliveira/04_11/randm05.02.02.05.020_0030.04.aba.beta,True,5,4,0.0068705081939697266,0.04282808303833008,0.0012400150299072266,0.05093860626220703,18,5,0,0,0,9,38,17,5,103,0,609,9408
oliveira/04_11/randm05.02.02.05.020_0030.05.aba.beta,True,5,4,0.012920856475830078,0.06199336051940918,0.0013883113861083984,0.07630252838134766,19,5,0,0,0,12,42,19,8,97,0,627,9606
oliveira/04_11/randm05.02.02.06.020_0030.01.aba.beta,True,8,5,0.015342950820922852,0.07612276077270508,0.0017726421356201172,0.09323835372924805,22,8,0,0,0,14,45,19,7,112,0,824,12486
oliveira/04_11/randm05.02.02.06.020_0030.02.aba.beta,True,5,5,0.008559703826904297,0.04741191864013672,0.0012292861938476562,0.05720090866088867,19,5,0,0,0,11,26,18,7,78,0,582,8831
oliveira/04_11/randm05.02.02.06.020_0030.03.aba.beta,True,8,5,0.013053178787231445,0.11230301856994629,0.0013728141784667969,0.12672901153564453,28,8,0,0,0,19,57,25,12,163,0,660,9872
oliveira/04_11/randm05.02.02.06.020_0030.04.aba.beta,True,9,5,0.01858830451965332,0.22305989265441895,0.0015575885772705078,0.24320578575134277,35,9,0,0,0,29,67,28,21,207,0,732,10796
oliveira/04_11/randm05.02.02.06.020_0030.05.aba.beta,True,9,5,0.014646053314208984,0.08475494384765625,0.0014231204986572266,0.10082411766052246,23,9,0,0,0,16,35,21,8,129,0,689,10109
oliveira/04_11/randm05.02.02.07.020_0030.01.aba.beta,True,12,5,0.030189037322998047,0.31275177001953125,0.0027375221252441406,0.34567832946777344,41,12,0,0,0,32,90,36,21,253,0,1259,18900
oliveira/04_11/randm05.02.02.07.020_0030.02.aba.beta,True,9,5,0.019323110580444336,0.1782982349395752,0.0018200874328613281,0.19944143295288086,28,9,0,0,0,21,92,27,13,203,0,852,12927
oliveira/04_11/randm05.02.02.07.020_0030.03.aba.beta,True,13,5,0.024684906005859375,0.23799610137939453,0.0022928714752197266,0.26497387886047363,34,13,0,0,0,26,81,31,14,246,0,1016,15079
oliveira/04_11/randm05.02.02.07.020_0030.04.aba.beta,True,11,5,0.02583909034729004,0.23207783699035645,0.002783536911010742,0.2607004642486572,32,11,0,0,0,24,111,29,14,225,0,1318,20244
oliveira/04_11/randm05.02.02.07.020_0030.05.aba.beta,True,14,5,0.029431581497192383,0.33113908767700195,0.0027053356170654297,0.36327600479125977,43,14,0,0,0,34,95,32,21,273,0,1259,18696
oliveira/04_11/randm05.02.02.08.020_0030.01.aba.beta,True,4,3,0.004944562911987305,0.016886234283447266,0.0016536712646484375,0.023484468460083008,10,4,0,0,0,5,18,10,2,30,0,789,12484
oliveira/04_11/randm05.02.02.08.020_0030.02.aba.beta,True,4,3,0.006928920745849609,0.01756882667541504,0.0022606849670410156,0.026758432388305664,10,4,0,0,0,5,20,10,2,33,0,962,15132
oliveira/04_11/randm05.02.02.08.020_0030.03.aba.beta,True,4,3,0.0046918392181396484,0.013789176940917969,0.0012691020965576172,0.019750118255615234,9,4,0,0,0,4,16,8,1,29,0,558,8690
oliveira/04_11/randm05.02.02.08.020_0030.04.aba.beta,True,4,3,0.004973173141479492,0.012887239456176758,0.0011785030364990234,0.019038915634155273,9,4,0,0,0,4,13,9,1,25,0,554,8652
oliveira/04_11/randm05.02.02.08.020_0030.05.aba.beta,True,4,3,0.005080699920654297,0.016136884689331055,0.0018248558044433594,0.02304244041442871,10,4,0,0,0,5,14,10,2,26,0,851,13362
oliveira/04_11/randm05.02.02.09.020_0030.01.aba.beta,True,5,4,0.0073795318603515625,0.049080610275268555,0.001373291015625,0.05783343315124512,15,5,0,0,0,10,43,15,6,86,0,657,10160
oliveira/04_11/randm05.02.02.09.020_0030.02.aba.beta,True,4,4,0.008046865463256836,0.06335997581481934,0.0014395713806152344,0.0728464126586914,18,4,0,0,0,11,34,15,8,79,0,585,8957
oliveira/04_11/randm05.02.02.09.020_0030.03.aba.beta,True,5,4,0.010330677032470703,0.030533790588378906,0.0016205310821533203,0.04248499870300293,14,5,0,0,0,7,36,13,3,70,0,647,9952
oliveira/04_11/randm05.02.02.09.020_0030.04.aba.beta,True,3,4,0.004128217697143555,0.017276287078857422,0.001214742660522461,0.022619247436523438,12,3,0,0,0,5,14,11,3,31,0,550,8635
oliveira/04_11/randm05.02.02.09.020_0030.05.aba.beta,True,5,4,0.007051706314086914,0.030330181121826172,0.0013163089752197266,0.03869819641113281,14,5,0,0,0,7,28,13,3,64,0,579,8914
oliveira/04_11/randm05.02.02.10.020_0030.01.aba.beta,True,11,5,0.01892995834350586,0.1004951000213623,0.0025696754455566406,0.1219947338104248,26,11,0,0,0,16,46,24,6,188,0,1128,17097
oliveira/04_11/randm05.02.02.10.020_0030.02.aba.beta,True,9,5,0.015318870544433594,0.12636923789978027,0.0021212100982666016,0.14380931854248047,29,9,0,0,0,21,45,27,13,180,0,961,14410
oliveira/04_11/randm05.02.02.10.020_0030.03.aba.beta,True,8,5,0.013435840606689453,0.09613227844238281,0.0014128684997558594,0.11098098754882812,26,8,0,0,0,17,40,25,10,161,0,643,9523
oliveira/04_11/randm05.02.02.10.020_0030.04.aba.beta,True,9,5,0.019178390502929688,0.09511375427246094,0.0027043819427490234,0.11699652671813965,25,9,0,0,0,17,41,23,9,127,0,1177,18116
oliveira/04_11/randm05.02.02.10.020_0030.05.aba.beta,True,9,5,0.020464420318603516,0.12230992317199707,0.002300262451171875,0.14507460594177246,26,9,0,0,0,18,53,23,10,128,0,1062,16360
oliveira/04_11/randm05.02.02.11.020_0030.01.aba.beta,True,9,5,0.013874053955078125,0.06838083267211914,0.0035352706909179688,0.08579015731811523,19,9,0,0,0,13,32,18,5,79,0,1558,24034
oliveira/04_11/randm05.02.02.11.020_0030.02.aba.beta,True,8,5,0.01133275032043457,0.05557727813720703,0.003115415573120117,0.07002544403076172,17,8,0,0,0,12,28,17,5,59,0,1415,22377
oliveira/04_11/randm05.02.02.11.020_0030.03.aba.beta,True,11,5,0.01600813865661621,0.09576606750488281,0.0015971660614013672,0.11337137222290039,22,11,0,0,0,15,55,19,5,173,0,762,11372
oliveira/04_11/randm05.02.02.11.020_0030.04.aba.beta,True,9,5,0.01360011100769043,0.07316279411315918,0.0014030933380126953,0.0881659984588623,19,9,0,0,0,13,48,19,5,130,0,695,10374
oliveira/04_11/randm05.02.02.11.020_0030.05.aba.beta,True,11,5,0.019011974334716797,0.08864498138427734,0.006431102752685547,0.11408805847167969,20,11,0,0,0,15,35,19,5,82,0,2627,41450
oliveira/04_11/randm05.02.02.12.020_0030.01.aba.beta,True,4,3,0.004932403564453125,0.021126985549926758,0.0012049674987792969,0.02726435661315918,13,4,0,0,0,6,21,12,3,48,0,568,8771
oliveira/04_11/randm05.02.02.12.020_0030.02.aba.beta,True,3,3,0.003859996795654297,0.021285057067871094,0.0012769699096679688,0.02642202377319336,13,3,0,0,0,6,19,13,4,39,0,558,8694
oliveira/04_11/randm05.02.02.12.020_0030.03.aba.beta,True,5,3,0.005668163299560547,0.03808474540710449,0.0012607574462890625,0.0450136661529541,15,5,0,0,0,8,35,12,4,79,0,587,9156
oliveira/04_11/randm05.02.02.12.020_0030.04.aba.beta,True,5,3,0.0054473876953125,0.033466339111328125,0.0012362003326416016,0.04014992713928223,13,5,0,0,0,7,33,13,3,69,0,598,9126
oliveira/04_11/randm05.02.02.12.020_0030.05.aba.beta,True,4,3,0.004606008529663086,0.023470163345336914,0.0012614727020263672,0.029337644577026367,12,4,0,0,0,6,28,12,3,53,0,601,9280
oliveira/04_11/randm05.02.02.13.020_0030.01.aba.beta,True,14,5,0.029269695281982422,0.11708521842956543,0.0016825199127197266,0.14803743362426758,28,14,0,0,0,17,71,27,4,244,0,840,12327
oliveira/04_11/randm05.02.02.13.020_0030.02.aba.beta,True,7,5,0.01555323600769043,0.18050408363342285,0.0013077259063720703,0.19736504554748535,37,7,0,0,0,27,49,32,21,174,0,611,9122
oliveira/04_11/randm05.02.02.13.020_0030.03.aba.beta,True,5,5,0.01118159294128418,0.15494465827941895,0.00145721435546875,0.16758346557617188,31,5,0,0,0,22,64,29,18,148,0,661,10151
oliveira/04_11/randm05.02.02.13.020_0030.04.aba.beta,True,6,5,0.016553401947021484,0.12128710746765137,0.0013642311096191406,0.139204740524292,26,6,0,0,0,19,49,23,14,144,0,647,9804
oliveira/04_11/randm05.02.02.13.020_0030.05.aba.beta,True,13,5,0.025426387786865234,0.1647508144378662,0.0019538402557373047,0.19213104248046875,31,13,0,0,0,22,89,27,10,245,0,908,13392
oliveira/04_11/randm05.02.02.14.020_0030.01.aba.beta,True,1,1,0.0036194324493408203,0.0019817352294921875,0.0011589527130126953,0.006760120391845703,3,1,0,0,0,1,3,3,1,2,0,531,8569
oliveira/04_11/randm05.02.02.14.020_0030.02.aba.beta,True,1,1,0.0005538463592529297,0.0026068687438964844,0.0011017322540283203,0.004262447357177734,3,1,0,0,0,1,3,3,1,2,0,530,8565
oliveira/04_11/randm05.02.02.14.020_0030.03.aba.beta,True,1,1,0.0007903575897216797,0.002070903778076172,0.0010859966278076172,0.003947257995605469,3,1,0,0,0,1,3,3,1,2,0,541,8613
oliveira/04_11/randm05.02.02.14.020_0030.04.aba.beta,True,1,1,0.0007576942443847656,0.0020198822021484375,0.0011363029479980469,0.00391387939453125,3,1,0,0,0,1,3,3,1,2,0,532,8544
oliveira/04_11/randm05.02.02.14.020_0030.05.aba.beta,True,1,1,0.0011420249938964844,0.0017402172088623047,0.0011470317840576172,0.004029273986816406,3,1,0,0,0,1,3,3,1,2,0,530,8544
oliveira/04_11/randm05.02.02.15.020_0030.01.aba.beta,True,2,3,0.0024576187133789062,0.012791872024536133,0.0011837482452392578,0.016433238983154297,10,2,0,0,0,4,17,10,3,26,0,537,8584
oliveira/04_11/randm05.02.02.15.020_0030.02.aba.beta,True,4,3,0.004523038864135742,0.023569822311401367,0.0012531280517578125,0.029345989227294922,14,4,0,0,0,7,17,14,4,42,0,559,8668
oliveira/04_11/randm05.02.02.15.020_0030.03.aba.beta,True,4,3,0.005014181137084961,0.025719404220581055,0.0011944770812988281,0.031928062438964844,14,4,0,0,0,7,18,14,4,43,0,558,8666
oliveira/04_11/randm05.02.02.15.020_0030.04.aba.beta,True,2,3,0.0024352073669433594,0.01319742202758789,0.0011398792266845703,0.01677250862121582,10,2,0,0,0,4,18,10,3,27,0,546,8654
oliveira/04_11/randm05.02.02.15.020_0030.05.aba.beta,True,2,3,0.0024259090423583984,0.013360977172851562,0.0011222362518310547,0.016909122467041016,10,2,0,0,0,4,15,10,3,24,0,549,8644
oliveira/04_11/randm05.02.02.16.020_0030.01.aba.beta,True,1,1,0.001058340072631836,0.0018329620361328125,0.0010647773742675781,0.0039560794830322266,3,1,0,0,0,1,3,3,1,2,0,534,8587
oliveira/04_11/randm05.02.02.16.020_0030.02.aba.beta,True,1,1,0.0007948875427246094,0.002038240432739258,0.0011141300201416016,0.003947257995605469,3,1,0,0,0,1,3,3,1,2,0,540,8611
oliveira/04_11/randm05.02.02.16.020_0030.03.aba.beta,True,1,1,0.0008833408355712891,0.002121448516845703,0.0012598037719726562,0.0042645931243896484,3,1,0,0,0,1,3,3,1,2,0,534,8572
oliveira/04_11/randm05.02.02.16.020_0030.04.aba.beta,True,1,1,0.0009715557098388672,0.0021276473999023438,0.0012328624725341797,0.004332065582275391,3,1,0,0,0,1,3,3,1,2,0,543,8622
oliveira/04_11/randm05.02.02.16.020_0030.05.aba.beta,True,1,1,0.000873565673828125,0.0017833709716796875,0.0011413097381591797,0.003798246383666992,3,1,0,0,0,1,3,3,1,2,0,543,8624
oliveira/04_11/randm05.02.02.17.020_0030.01.aba.beta,True,6,5,0.009117364883422852,0.03210735321044922,0.0013823509216308594,0.04260706901550293,15,6,0,0,0,7,26,15,2,59,0,624,9602
oliveira/04_11/randm05.02.02.17.020_0030.02.aba.beta,True,9,5,0.013829231262207031,0.050946950912475586,0.0015060901641845703,0.06628227233886719,18,9,0,0,0,10,33,18,2,105,0,707,10530
oliveira/04_11/randm05.02.02.17.020_0030.03.aba.beta,True,9,5,0.017706632614135742,0.13696551322937012,0.0012788772583007812,0.15595102310180664,28,9,0,0,0,23,37,27,15,139,0,625,9174
oliveira/04_11/randm05.02.02.17.020_0030.04.aba.beta,True,11,5,0.01786184310913086,0.1117548942565918,0.0022301673889160156,0.13184690475463867,24,11,0,0,0,16,75,22,6,168,0,1074,16170
oliveira/04_11/randm05.02.02.17.020_0030.05.aba.beta,True,5,5,0.012859582901000977,0.07257843017578125,0.004646778106689453,0.09008479118347168,19,5,0,0,0,11,61,18,7,112,0,701,10676
oliveira/04_11/randm05.02.02.18.020_0030.01.aba.beta,True,1,1,0.0008108615875244141,0.0020072460174560547,0.0012965202331542969,0.004114627838134766,3,1,0,0,0,1,3,3,1,2,0,534,8577
oliveira/04_11/randm05.02.02.18.020_0030.02.aba.beta,True,1,1,0.0007469654083251953,0.0017745494842529297,0.001165151596069336,0.003686666488647461,3,1,0,0,0,1,3,3,1,2,0,535,8592
oliveira/04_11/randm05.02.02.18.020_0030.03.aba.beta,True,1,1,0.0013608932495117188,0.0018091201782226562,0.0014522075653076172,0.004622220993041992,3,1,0,0,0,1,3,3,1,2,0,529,8564
oliveira/04_11/randm05.02.02.18.020_0030.04.aba.beta,True,1,1,0.0010802745819091797,0.0019350051879882812,0.00106048583984375,0.004075765609741211,3,1,0,0,0,1,3,3,1,2,0,523,8497
oliveira/04_11/randm05.02.02.18.020_0030.05.aba.beta,True,1,1,0.0033795833587646484,0.0017821788787841797,0.0011565685272216797,0.006318330764770508,3,1,0,0,0,1,3,3,1,2,0,533,8555
oliveira/04_11/randm05.02.02.19.020_0030.01.aba.beta,True,2,3,0.004813432693481445,0.006432294845581055,0.0013394355773925781,0.012585163116455078,7,2,0,0,0,2,7,7,1,12,0,543,8612
oliveira/04_11/randm05.02.02.19.020_0030.02.aba.beta,True,2,3,0.0020432472229003906,0.0055658817291259766,0.001155853271484375,0.008764982223510742,7,2,0,0,0,2,7,7,1,12,0,548,8631
oliveira/04_11/randm05.02.02.19.020_0030.03.aba.beta,True,2,3,0.002560138702392578,0.01765751838684082,0.0011851787567138672,0.021402835845947266,12,2,0,0,0,5,16,12,4,30,0,537,8592
oliveira/04_11/randm05.02.02.19.020_0030.04.aba.beta,True,2,3,0.0024461746215820312,0.016130685806274414,0.0012135505676269531,0.0197904109954834,12,2,0,0,0,5,13,12,4,27,0,536,8571
oliveira/04_11/randm05.02.02.19.020_0030.05.aba.beta,True,2,3,0.002430438995361328,0.0063707828521728516,0.0011327266693115234,0.009933948516845703,7,2,0,0,0,2,7,7,1,12,0,528,8538
oliveira/04_11/randm06.02.02.01.020_0030.01.aba.beta,True,7,4,0.010595560073852539,0.058548927307128906,0.0013728141784667969,0.07051730155944824,19,7,0,0,0,12,31,19,6,122,0,639,9437
oliveira/04_11/randm06.02.02.01.020_0030.02.aba.beta,True,3,4,0.004236936569213867,0.030021190643310547,0.0011909008026123047,0.03544902801513672,15,3,0,0,0,8,17,15,6,40,0,551,8638
oliveira/04_11/randm06.02.02.01.020_0030.03.aba.beta,True,5,4,0.008445262908935547,0.044850826263427734,0.0013747215270996094,0.05467081069946289,15,5,0,0,0,9,23,15,5,57,0,605,9223
oliveira/04_11/randm06.02.02.01.020_0030.04.aba.beta,True,6,4,0.00955653190612793,0.052938222885131836,0.0014700889587402344,0.06396484375,18,6,0,0,0,11,38,18,6,89,0,619,9442
oliveira/04_11/randm06.02.02.01.020_0030.05.aba.beta,True,9,4,0.017404794692993164,0.0837087631225586,0.0014748573303222656,0.10258841514587402,21,9,0,0,0,14,60,20,6,151,0,728,10771
oliveira/04_11/randm06.02.02.02.020_0030.01.aba.beta,True,3,3,0.004524946212768555,0.00913238525390625,0.0013952255249023438,0.015052556991577148,8,3,0,0,0,3,10,8,1,18,0,573,9040
oliveira/04_11/randm06.02.02.02.020_0030.02.aba.beta,True,2,3,0.002486705780029297,0.012005329132080078,0.0010731220245361328,0.015565156936645508,10,2,0,0,0,4,13,10,3,23,0,521,8482
oliveira/04_11/randm06.02.02.02.020_0030.03.aba.beta,True,2,3,0.002385854721069336,0.014946937561035156,0.0011949539184570312,0.018527746200561523,10,2,0,0,0,4,17,10,3,27,0,548,8665
oliveira/04_11/randm06.02.02.02.020_0030.04.aba.beta,True,2,3,0.002336263656616211,0.01326751708984375,0.0011780261993408203,0.01678180694580078,10,2,0,0,0,4,15,10,3,25,0,547,8639
oliveira/04_11/randm06.02.02.02.020_0030.05.aba.beta,True,3,3,0.0034580230712890625,0.009539365768432617,0.0011162757873535156,0.014113664627075195,8,3,0,0,0,3,10,8,1,18,0,548,8621
oliveira/04_11/randm06.02.02.03.020_0030.01.aba.beta,True,8,5,0.012643098831176758,0.05301165580749512,0.0034444332122802734,0.06909918785095215,20,8,0,0,0,12,22,17,5,60,0,1606,25050
oliveira/04_11/randm06.02.02.03.020_0030.02.aba.beta,True,7,5,0.01399374008178711,0.05016160011291504,0.0031807422637939453,0.0673360824584961,19,7,0,0,0,11,22,18,5,58,0,1535,24122
oliveira/04_11/randm06.02.02.03.020_0030.03.aba.beta,True,8,5,0.014330387115478516,0.04000282287597656,0.0013394355773925781,0.055672645568847656,16,8,0,0,0,9,26,15,2,65,0,650,9748
oliveira/04_11/randm06.02.02.03.020_0030.04.aba.beta,True,11,5,0.016582965850830078,0.05640721321105957,0.0016033649444580078,0.07459354400634766,19,11,0,0,0,12,22,18,2,79,0,749,11042
oliveira/04_11/randm06.02.02.03.020_0030.05.aba.beta,True,12,5,0.02190542221069336,0.1002960205078125,0.005179405212402344,0.1273808479309082,25,12,0,0,0,16,42,23,5,126,0,2441,38093
oliveira/04_11/randm06.02.02.04.020_0030.01.aba.beta,True,1,1,0.000782012939453125,0.0020079612731933594,0.0011067390441894531,0.0038967132568359375,3,1,0,0,0,1,3,3,1,2,0,525,8535
oliveira/04_11/randm06.02.02.04.020_0030.02.aba.beta,True,1,1,0.0012845993041992188,0.002050638198852539,0.001264810562133789,0.004600048065185547,3,1,0,0,0,1,3,3,1,2,0,531,8571
oliveira/04_11/randm06.02.02.04.020_0030.03.aba.beta,True,1,1,0.0013804435729980469,0.0020148754119873047,0.0010805130004882812,0.004475831985473633,3,1,0,0,0,1,3,3,1,2,0,535,8590
oliveira/04_11/randm06.02.02.04.020_0030.04.aba.beta,True,1,1,0.0013315677642822266,0.0019168853759765625,0.0010709762573242188,0.004319429397583008,3,1,0,0,0,1,3,3,1,2,0,532,8555
oliveira/04_11/randm06.02.02.04.020_0030.05.aba.beta,True,1,1,0.0008292198181152344,0.001971721649169922,0.0011622905731201172,0.0039632320404052734,3,1,0,0,0,1,3,3,1,2,0,525,8541
oliveira/04_11/randm06.02.02.05.020_0030.01.aba.beta,True,5,5,0.009467363357543945,0.09100961685180664,0.0011928081512451172,0.1016697883605957,23,5,0,0,0,18,26,19,14,83,0,557,8673
oliveira/04_11/randm06.02.02.05.020_0030.02.aba.beta,True,10,5,0.01950359344482422,0.2089385986328125,0.0015115737915039062,0.22995376586914062,36,10,0,0,0,30,53,26,21,223,0,702,10153
oliveira/04_11/randm06.02.02.05.020_0030.03.aba.beta,True,8,5,0.018247127532958984,0.0631866455078125,0.0014569759368896484,0.08289074897766113,19,8,0,0,0,10,36,19,3,158,0,681,10087
oliveira/04_11/randm06.02.02.05.020_0030.04.aba.beta,True,4,5,0.00665736198425293,0.025543212890625,0.001230478286743164,0.033431053161621094,15,4,0,0,0,6,24,14,3,64,0,566,8813
oliveira/04_11/randm06.02.02.05.020_0030.05.aba.beta,True,5,5,0.015602588653564453,0.14648985862731934,0.001443624496459961,0.16353607177734375,27,5,0,0,0,21,70,24,17,158,0,661,10145
oliveira/04_11/randm06.02.02.06.020_0030.01.aba.beta,True,9,5,0.018987417221069336,0.16392254829406738,0.001524209976196289,0.184434175491333,31,9,0,0,0,22,60,29,14,171,0,725,10737
oliveira/04_11/randm06.02.02.06.020_0030.02.aba.beta,True,11,5,0.02250814437866211,0.17560362815856934,0.0015559196472167969,0.19966769218444824,30,11,0,0,0,23,62,28,13,198,0,748,10979
oliveira/04_11/randm06.02.02.06.020_0030.03.aba.beta,True,15,5,0.031636953353881836,0.2603785991668701,0.001984119415283203,0.29399967193603516,32,15,0,0,0,27,68,28,13,276,0,818,11838
oliveira/04_11/randm06.02.02.06.020_0030.04.aba.beta,True,11,5,0.019922733306884766,0.170759916305542,0.0018520355224609375,0.1925346851348877,31,11,0,0,0,22,78,30,12,252,0,875,12918
oliveira/04_11/randm06.02.02.06.020_0030.05.aba.beta,True,13,5,0.022907733917236328,0.20673608779907227,0.002143383026123047,0.23178720474243164,33,13,0,0,0,24,90,28,12,220,0,1049,15589
oliveira/04_11/randm06.02.02.07.020_0030.01.aba.beta,True,9,5,0.013651132583618164,0.07449007034301758,0.001455068588256836,0.08959627151489258,24,9,0,0,0,15,30,21,7,93,0,671,10101
oliveira/04_11/randm06.02.02.07.020_0030.02.aba.beta,True,10,5,0.015198230743408203,0.09660625457763672,0.0013997554779052734,0.1132042407989502,28,10,0,0,0,18,39,28,9,162,0,657,9487
oliveira/04_11/randm06.02.02.07.020_0030.03.aba.beta,True,11,5,0.018378019332885742,0.12032151222229004,0.0014598369598388672,0.14015936851501465,29,11,0,0,0,19,56,28,9,202,0,727,10461
oliveira/04_11/randm06.02.02.07.020_0030.04.aba.beta,True,11,5,0.01767563819885254,0.09473705291748047,0.0013260841369628906,0.1137387752532959,28,11,0,0,0,18,36,25,8,142,0,633,9179
oliveira/04_11/randm06.02.02.07.020_0030.05.aba.beta,True,15,5,0.0242154598236084,0.1423320770263672,0.0018324851989746094,0.1683800220489502,30,15,0,0,0,21,63,30,7,251,0,869,12504
oliveira/04_11/randm06.02.02.08.020_0030.01.aba.beta,True,4,4,0.005925416946411133,0.04007363319396973,0.0012106895446777344,0.047209739685058594,16,4,0,0,0,9,21,16,6,58,0,568,8728
oliveira/04_11/randm06.02.02.08.020_0030.02.aba.beta,True,5,4,0.007903099060058594,0.035483598709106445,0.0013175010681152344,0.04470419883728027,17,5,0,0,0,9,20,16,5,59,0,560,8673
oliveira/04_11/randm06.02.02.08.020_0030.03.aba.beta,True,6,4,0.008110284805297852,0.02364039421081543,0.0012006759643554688,0.03295135498046875,12,6,0,0,0,6,25,12,1,44,0,563,8736
oliveira/04_11/randm06.02.02.08.020_0030.04.aba.beta,True,6,4,0.010505437850952148,0.024422645568847656,0.0012142658233642578,0.03614234924316406,12,6,0,0,0,6,29,12,1,50,0,574,8893
oliveira/04_11/randm06.02.02.08.020_0030.05.aba.beta,True,5,4,0.008095979690551758,0.04950094223022461,0.001537322998046875,0.05913424491882324,17,5,0,0,0,10,32,17,6,84,0,655,9934
oliveira/04_11/randm06.02.02.09.020_0030.01.aba.beta,True,6,5,0.011188030242919922,0.1065053939819336,0.0016446113586425781,0.1193380355834961,24,6,0,0,0,17,66,24,12,120,0,763,11769
oliveira/04_11/randm06.02.02.09.020_0030.02.aba.beta,True,7,5,0.01191401481628418,0.10502409934997559,0.001638174057006836,0.1185762882232666,23,7,0,0,0,16,69,21,10,153,0,740,11341
oliveira/04_11/randm06.02.02.09.020_0030.03.aba.beta,True,6,5,0.014268636703491211,0.08923196792602539,0.001527547836303711,0.10502815246582031,22,6,0,0,0,15,58,20,10,128,0,706,10765
oliveira/04_11/randm06.02.02.09.020_0030.04.aba.beta,True,7,5,0.015459299087524414,0.08629941940307617,0.0018572807312011719,0.10361599922180176,23,7,0,0,0,14,59,22,8,123,0,851,12997
oliveira/04_11/randm06.02.02.09.020_0030.05.aba.beta,True,7,5,0.01340794563293457,0.10991430282592773,0.0013234615325927734,0.12464570999145508,25,7,0,0,0,19,52,22,13,142,0,652,9844
oliveira/04_11/randm06.02.02.10.020_0030.01.aba.beta,True,5,4,0.0066106319427490234,0.02054738998413086,0.0012400150299072266,0.02839803695678711,12,5,0,0,0,6,13,12,2,31,0,559,8644
oliveira/04_11/randm06.02.02.10.020_0030.02.aba.beta,True,4,4,0.006119966506958008,0.04305005073547363,0.0012824535369873047,0.050452470779418945,18,4,0,0,0,10,33,18,7,68,0,575,8882
oliveira/04_11/randm06.02.02.10.020_0030.03.aba.beta,True,2,4,0.0032308101654052734,0.03132200241088867,0.0012040138244628906,0.035756826400756836,16,2,0,0,0,8,18,16,7,40,0,535,8550
oliveira/04_11/randm06.02.02.10.020_0030.04.aba.beta,True,2,4,0.005951642990112305,0.03345441818237305,0.0012404918670654297,0.04064655303955078,16,2,0,0,0,8,19,16,7,41,0,550,8647
oliveira/04_11/randm06.02.02.10.020_0030.05.aba.beta,True,5,4,0.0065097808837890625,0.0216825008392334,0.0025637149810791016,0.030755996704101562,12,5,0,0,0,6,13,12,2,31,0,562,8662
oliveira/04_11/randm06.02.02.11.020_0030.01.aba.beta,True,11,6,0.031911611557006836,0.4486234188079834,0.0018947124481201172,0.48242974281311035,44,11,0,0,0,48,67,36,38,251,0,877,13119
oliveira/04_11/randm06.02.02.11.020_0030.02.aba.beta,True,11,6,0.03433370590209961,0.5470304489135742,0.0019469261169433594,0.5833110809326172,53,11,0,0,0,54,83,40,44,295,0,861,12765
oliveira/04_11/randm06.02.02.11.020_0030.03.aba.beta,True,13,6,0.03848123550415039,0.6208817958831787,0.0017921924591064453,0.6611552238464355,49,13,0,0,0,59,78,42,47,306,0,828,11999
oliveira/04_11/randm06.02.02.11.020_0030.04.aba.beta,True,14,6,0.030098915100097656,0.32056188583374023,0.001909494400024414,0.3525702953338623,35,14,0,0,0,36,68,33,23,246,0,866,12432
oliveira/04_11/randm06.02.02.11.020_0030.05.aba.beta,True,18,6,0.04444622993469238,0.3899726867675781,0.0019521713256835938,0.4363710880279541,45,18,0,0,0,43,79,38,26,296,0,930,12879
oliveira/04_11/randm06.02.02.12.020_0030.01.aba.beta,True,3,4,0.004247188568115234,0.03488016128540039,0.0012104511260986328,0.04033780097961426,17,3,0,0,0,9,21,17,7,52,0,558,8673
oliveira/04_11/randm06.02.02.12.020_0030.02.aba.beta,True,5,4,0.005713939666748047,0.032521724700927734,0.0012805461883544922,0.03951621055603027,15,5,0,0,0,8,25,14,4,53,0,564,8750
oliveira/04_11/randm06.02.02.12.020_0030.03.aba.beta,True,5,4,0.010241031646728516,0.019392013549804688,0.0013747215270996094,0.031007766723632812,11,5,0,0,0,5,22,10,1,39,0,643,10025
oliveira/04_11/randm06.02.02.12.020_0030.04.aba.beta,True,3,4,0.004190206527709961,0.037848472595214844,0.0017094612121582031,0.04374814033508301,17,3,0,0,0,9,23,17,7,56,0,561,8699
oliveira/04_11/randm06.02.02.12.020_0030.05.aba.beta,True,4,4,0.00555872917175293,0.045264244079589844,0.0012617111206054688,0.05208468437194824,18,4,0,0,0,10,24,17,7,65,0,574,8765
oliveira/04_11/randm06.02.02.13.020_0030.01.aba.beta,True,6,4,0.010311603546142578,0.0694587230682373,0.0012707710266113281,0.08104109764099121,22,6,0,0,0,14,42,20,9,106,0,622,9497
oliveira/04_11/randm06.02.02.13.020_0030.02.aba.beta,True,5,4,0.012933731079101562,0.06817960739135742,0.0014567375183105469,0.08257007598876953,21,5,0,0,0,13,49,20,9,96,0,674,10305
oliveira/04_11/randm06.02.02.13.020_0030.03.aba.beta,True,6,4,0.015353918075561523,0.09211111068725586,0.00124359130859375,0.10870862007141113,26,6,0,0,0,17,49,24,12,122,0,628,9485
oliveira/04_11/randm06.02.02.13.020_0030.04.aba.beta,True,5,4,0.009038209915161133,0.08499479293823242,0.0013420581817626953,0.09537506103515625,25,5,0,0,0,16,45,24,12,127,0,612,9344
oliveira/04_11/randm06.02.02.13.020_0030.05.aba.beta,True,4,4,0.0069429874420166016,0.06671857833862305,0.0012366771697998047,0.07489824295043945,22,4,0,0,0,13,44,19,10,101,0,583,9108
oliveira/04_11/randm06.02.02.14.020_0030.01.aba.beta,True,9,6,0.020788908004760742,0.11926150321960449,0.0012793540954589844,0.14132976531982422,29,9,0,0,0,19,41,25,11,156,0,624,9314
oliveira/04_11/randm06.02.02.14.020_0030.02.aba.beta,True,6,6,0.017256736755371094,0.0679011344909668,0.0013058185577392578,0.08646368980407715,22,6,0,0,0,12,28,19,7,92,0,584,8838
oliveira/04_11/randm06.02.02.14.020_0030.03.aba.beta,True,7,6,0.01676011085510254,0.12412142753601074,0.001482248306274414,0.1423637866973877,29,7,0,0,0,20,44,26,14,146,0,606,9197
oliveira/04_11/randm06.02.02.14.020_0030.04.aba.beta,True,8,6,0.018240928649902344,0.1371455192565918,0.0015797615051269531,0.1569662094116211,30,8,0,0,0,20,64,27,13,188,0,710,10677
oliveira/04_11/randm06.02.02.14.020_0030.05.aba.beta,True,9,6,0.020685672760009766,0.1782665252685547,0.0022993087768554688,0.20125150680541992,31,9,0,0,0,21,75,29,13,188,0,845,12684
oliveira/04_11/randm06.02.02.15.020_0030.01.aba.beta,True,12,5,0.022310495376586914,0.19023609161376953,0.001566171646118164,0.2141127586364746,34,12,0,0,0,28,64,23,17,220,0,739,10663
oliveira/04_11/randm06.02.02.15.020_0030.02.aba.beta,True,7,5,0.012582778930664062,0.07050752639770508,0.0016088485717773438,0.08469915390014648,23,7,0,0,0,12,52,21,6,146,0,745,11277
oliveira/04_11/randm06.02.02.15.020_0030.03.aba.beta,True,6,5,0.010257720947265625,0.0366978645324707,0.0013501644134521484,0.04830574989318848,17,6,0,0,0,8,27,17,3,74,0,637,9689
oliveira/04_11/randm06.02.02.15.020_0030.04.aba.beta,True,8,5,0.013087749481201172,0.10418462753295898,0.0013191699981689453,0.1185915470123291,24,8,0,0,0,18,38,22,11,163,0,658,9668
oliveira/04_11/randm06.02.02.15.020_0030.05.aba.beta,True,10,5,0.021303892135620117,0.12822580337524414,0.0017027854919433594,0.15123248100280762,30,10,0,0,0,20,58,23,11,237,0,761,11348
oliveira/04_11/randm06.02.02.16.020_0030.01.aba.beta,True,3,3,0.003699779510498047,0.011982202529907227,0.0010867118835449219,0.016768693923950195,9,3,0,0,0,4,10,9,2,19,0,535,8528
oliveira/04_11/randm06.02.02.16.020_0030.02.aba.beta,True,4,3,0.005217313766479492,0.017637252807617188,0.0011937618255615234,0.024048328399658203,10,4,0,0,0,5,15,10,2,36,0,566,8730
oliveira/04_11/randm06.02.02.16.020_0030.03.aba.beta,True,2,3,0.002505064010620117,0.005568742752075195,0.0021767616271972656,0.010250568389892578,7,2,0,0,0,2,7,7,1,10,0,837,13591
oliveira/04_11/randm06.02.02.16.020_0030.04.aba.beta,True,2,3,0.002423524856567383,0.005377531051635742,0.001802206039428711,0.009603261947631836,7,2,0,0,0,2,7,7,1,10,0,838,13337
oliveira/04_11/randm06.02.02.16.020_0030.05.aba.beta,True,3,3,0.004225969314575195,0.013596773147583008,0.0011806488037109375,0.01900339126586914,9,3,0,0,0,4,12,9,2,23,0,558,8671
oliveira/04_11/randm06.02.02.17.020_0030.01.aba.beta,True,5,4,0.0077130794525146484,0.026387929916381836,0.0012607574462890625,0.03536176681518555,13,5,0,0,0,7,17,13,3,48,0,571,8751
oliveira/04_11/randm06.02.02.17.020_0030.02.aba.beta,True,6,4,0.008194446563720703,0.0313420295715332,0.0012884140014648438,0.04082489013671875,14,6,0,0,0,8,21,14,3,54,0,612,9216
oliveira/04_11/randm06.02.02.17.020_0030.03.aba.beta,True,6,4,0.009099721908569336,0.03213763236999512,0.001352071762084961,0.042589426040649414,14,6,0,0,0,8,25,14,3,75,0,599,9015
oliveira/04_11/randm06.02.02.17.020_0030.04.aba.beta,True,6,4,0.011753559112548828,0.029589414596557617,0.0028333663940429688,0.044176340103149414,15,6,0,0,0,8,17,15,3,48,0,566,8685
oliveira/04_11/randm06.02.02.17.020_0030.05.aba.beta,True,7,4,0.01175069808959961,0.028705358505249023,0.0011522769927978516,0.041608333587646484,13,7,0,0,0,7,20,13,1,49,0,575,8747
oliveira/04_11/randm06.02.02.18.020_0030.01.aba.beta,True,12,6,0.02491927146911621,0.11617398262023926,0.0014338493347167969,0.14252710342407227,29,12,0,0,0,19,42,27,8,176,0,703,10054
oliveira/04_11/randm06.02.02.18.020_0030.02.aba.beta,True,11,6,0.025261402130126953,0.09714007377624512,0.001436471939086914,0.12383794784545898,28,11,0,0,0,17,45,23,7,171,0,655,9703
oliveira/04_11/randm06.02.02.18.020_0030.03.aba.beta,True,17,6,0.03619098663330078,0.1860179901123047,0.0021598339080810547,0.22436881065368652,32,17,0,0,0,23,60,28,7,288,0,998,14423
oliveira/04_11/randm06.02.02.18.020_0030.04.aba.beta,True,16,6,0.035193443298339844,0.15259218215942383,0.0019245147705078125,0.18971014022827148,31,16,0,0,0,22,66,28,7,218,0,919,13340
oliveira/04_11/randm06.02.02.18.020_0030.05.aba.beta,True,16,6,0.03322005271911621,0.17110347747802734,0.001668691635131836,0.2059922218322754,32,16,0,0,0,25,67,30,10,267,0,818,11750
oliveira/04_11/randm06.02.02.19.020_0030.01.aba.beta,True,1,1,0.0036194324493408203,0.0017991065979003906,0.0011494159698486328,0.006567955017089844,3,1,0,0,0,1,3,3,1,2,0,533,8572
oliveira/04_11/randm06.02.02.19.020_0030.02.aba.beta,True,1,1,0.0010995864868164062,0.0026209354400634766,0.0012552738189697266,0.004975795745849609,3,1,0,0,0,1,3,3,1,2,0,537,8597
oliveira/04_11/randm06.02.02.19.020_0030.03.aba.beta,True,1,1,0.0009169578552246094,0.0018985271453857422,0.0011892318725585938,0.004004716873168945,3,1,0,0,0,1,3,3,1,2,0,533,8578
oliveira/04_11/randm06.02.02.19.020_0030.04.aba.beta,True,1,1,0.0008628368377685547,0.001748800277709961,0.0011556148529052734,0.003767251968383789,3,1,0,0,0,1,3,3,1,2,0,523,8524
oliveira/04_11/randm06.02.02.19.020_0030.05.aba.beta,True,1,1,0.0007426738739013672,0.002052783966064453,0.001111745834350586,0.003907203674316406,3,1,0,0,0,1,3,3,1,2,0,525,8527
oliveira/04_11/randm07.02.02.01.020_0030.01.aba.beta,True,1,1,0.0007376670837402344,0.002126932144165039,0.0011267662048339844,0.003991365432739258,3,1,0,0,0,1,3,3,1,2,0,529,8553
oliveira/04_11/randm07.02.02.01.020_0030.02.aba.beta,True,1,1,0.0010495185852050781,0.0020933151245117188,0.0013287067413330078,0.004471540451049805,3,1,0,0,0,1,3,3,1,2,0,526,8542
oliveira/04_11/randm07.02.02.01.020_0030.03.aba.beta,True,1,1,0.000766754150390625,0.002017974853515625,0.001177072525024414,0.003961801528930664,3,1,0,0,0,1,3,3,1,2,0,531,8553
oliveira/04_11/randm07.02.02.01.020_0030.04.aba.beta,True,1,1,0.000743865966796875,0.001773834228515625,0.001104593276977539,0.003622293472290039,3,1,0,0,0,1,3,3,1,2,0,530,8550
oliveira/04_11/randm07.02.02.01.020_0030.05.aba.beta,True,1,1,0.0007660388946533203,0.0018734931945800781,0.0011904239654541016,0.0038299560546875,3,1,0,0,0,1,3,3,1,2,0,540,8609
oliveira/04_11/randm07.02.02.02.020_0030.01.aba.beta,True,1,1,0.0012526512145996094,0.0019488334655761719,0.0012276172637939453,0.0044291019439697266,3,1,0,0,0,1,3,3,1,2,0,535,8587
oliveira/04_11/randm07.02.02.02.020_0030.02.aba.beta,True,1,1,0.0007424354553222656,0.0017702579498291016,0.0011248588562011719,0.003637552261352539,3,1,0,0,0,1,3,3,1,2,0,538,8598
oliveira/04_11/randm07.02.02.02.020_0030.03.aba.beta,True,1,1,0.0007433891296386719,0.001806020736694336,0.001184701919555664,0.003734111785888672,3,1,0,0,0,1,3,3,1,2,0,533,8583
oliveira/04_11/randm07.02.02.02.020_0030.04.aba.beta,True,1,1,0.0008027553558349609,0.001970052719116211,0.0012340545654296875,0.004006862640380859,3,1,0,0,0,1,3,3,1,2,0,521,8515
oliveira/04_11/randm07.02.02.02.020_0030.05.aba.beta,True,1,1,0.0008080005645751953,0.0017368793487548828,0.001088857650756836,0.003633737564086914,3,1,0,0,0,1,3,3,1,2,0,531,8576
oliveira/04_11/randm07.02.02.03.020_0030.01.aba.beta,True,13,7,0.032607316970825195,0.26213788986206055,0.0018391609191894531,0.2965843677520752,41,13,0,0,0,38,59,36,26,279,0,794,11547
oliveira/04_11/randm07.02.02.03.020_0030.02.aba.beta,True,16,7,0.03763556480407715,0.29515886306762695,0.0015807151794433594,0.33437514305114746,42,16,0,0,0,39,49,35,24,333,0,771,10616
oliveira/04_11/randm07.02.02.03.020_0030.03.aba.beta,True,19,7,0.10853719711303711,1.8199787139892578,0.0018258094787597656,1.9303417205810547,94,19,0,0,0,133,118,51,115,612,0,844,11782
oliveira/04_11/randm07.02.02.03.020_0030.04.aba.beta,True,17,7,0.04927659034729004,0.4541912078857422,0.002853870391845703,0.5063216686248779,50,17,0,0,0,52,72,42,36,360,0,1325,19473
oliveira/04_11/randm07.02.02.03.020_0030.05.aba.beta,True,15,7,0.04232597351074219,0.3549344539642334,0.0017039775848388672,0.39896440505981445,48,15,0,0,0,44,76,38,30,286,0,799,11403
oliveira/04_11/randm07.02.02.04.020_0030.01.aba.beta,True,8,4,0.01165914535522461,0.04345560073852539,0.002315521240234375,0.057430267333984375,15,8,0,0,0,9,24,15,2,54,0,977,15151
oliveira/04_11/randm07.02.02.04.020_0030.02.aba.beta,True,7,4,0.009196043014526367,0.03939366340637207,0.0019423961639404297,0.05053210258483887,13,7,0,0,0,8,23,13,2,60,0,941,14510
oliveira/04_11/randm07.02.02.04.020_0030.03.aba.beta,True,14,4,0.01974797248840332,0.08335685729980469,0.005751609802246094,0.1088564395904541,21,14,0,0,0,15,46,21,2,107,0,2762,43364
oliveira/04_11/randm07.02.02.04.020_0030.04.aba.beta,True,9,4,0.013077259063720703,0.0569453239440918,0.002015829086303711,0.07203841209411621,16,9,0,0,0,10,51,16,2,96,0,949,14786
oliveira/04_11/randm07.02.02.04.020_0030.05.aba.beta,True,7,4,0.014281749725341797,0.039221763610839844,0.0016121864318847656,0.055115699768066406,14,7,0,0,0,8,30,14,2,67,0,703,10653
oliveira/04_11/randm07.02.02.05.020_0030.01.aba.beta,True,10,6,0.023574352264404297,0.23305988311767578,0.0013625621795654297,0.2579967975616455,32,10,0,0,0,34,41,27,25,148,0,671,9883
oliveira/04_11/randm07.02.02.05.020_0030.02.aba.beta,True,16,6,0.03669023513793945,0.1995232105255127,0.0022559165954589844,0.23846936225891113,35,16,0,0,0,27,64,31,12,243,0,1030,14846
oliveira/04_11/randm07.02.02.05.020_0030.03.aba.beta,True,9,6,0.019763708114624023,0.16606354713439941,0.001802206039428711,0.18762946128845215,31,9,0,0,0,23,65,29,15,193,0,805,12182
oliveira/04_11/randm07.02.02.05.020_0030.04.aba.beta,True,13,6,0.028095483779907227,0.1557309627532959,0.0016903877258300781,0.1855168342590332,34,13,0,0,0,22,67,30,10,236,0,801,11471
oliveira/04_11/randm07.02.02.05.020_0030.05.aba.beta,True,10,6,0.023795366287231445,0.15070748329162598,0.0015687942504882812,0.1760716438293457,29,10,0,0,0,23,45,26,14,169,0,736,10714
oliveira/04_11/randm07.02.02.06.020_0030.01.aba.beta,True,6,4,0.009751558303833008,0.031143665313720703,0.0017406940460205078,0.04263591766357422,13,6,0,0,0,7,21,13,2,45,0,719,11232
oliveira/04_11/randm07.02.02.06.020_0030.02.aba.beta,True,7,4,0.014098167419433594,0.03699827194213867,0.0016124248504638672,0.05270886421203613,15,7,0,0,0,8,27,15,2,75,0,767,11618
oliveira/04_11/randm07.02.02.06.020_0030.03.aba.beta,True,6,4,0.013129949569702148,0.02824878692626953,0.001434326171875,0.04281306266784668,13,6,0,0,0,7,18,13,2,39,0,650,9979
oliveira/04_11/randm07.02.02.06.020_0030.04.aba.beta,True,4,4,0.006567478179931641,0.027927160263061523,0.0012733936309814453,0.03576803207397461,14,4,0,0,0,7,22,13,4,58,0,573,8821
oliveira/04_11/randm07.02.02.06.020_0030.05.aba.beta,True,3,4,0.0054779052734375,0.025000810623168945,0.0013360977172851562,0.0318148136138916,13,3,0,0,0,6,17,13,4,39,0,553,8658
oliveira/04_11/randm07.02.02.07.020_0030.01.aba.beta,True,13,6,0.028678178787231445,0.18033885955810547,0.0015110969543457031,0.21052813529968262,33,13,0,0,0,27,52,31,15,211,0,719,10169
oliveira/04_11/randm07.02.02.07.020_0030.02.aba.beta,True,14,6,0.033310890197753906,0.38449907302856445,0.002142190933227539,0.4199521541595459,50,14,0,0,0,39,74,33,26,307,0,997,14434
oliveira/04_11/randm07.02.02.07.020_0030.03.aba.beta,True,13,6,0.031076431274414062,0.1116325855255127,0.0016150474548339844,0.14432406425476074,28,13,0,0,0,17,50,24,5,182,0,780,11272
oliveira/04_11/randm07.02.02.07.020_0030.04.aba.beta,True,9,6,0.016077518463134766,0.07223987579345703,0.0013163089752197266,0.08963370323181152,24,9,0,0,0,13,27,20,5,116,0,605,8905
oliveira/04_11/randm07.02.02.07.020_0030.05.aba.beta,True,14,6,0.0365142822265625,0.225830078125,0.0020487308502197266,0.2643930912017822,34,14,0,0,0,28,59,32,15,224,0,884,12563
oliveira/04_11/randm07.02.02.08.020_0030.01.aba.beta,True,1,1,0.0012011528015136719,0.009683609008789062,0.0010962486267089844,0.011981010437011719,3,1,0,0,0,1,3,3,1,2,0,542,8613
oliveira/04_11/randm07.02.02.08.020_0030.02.aba.beta,True,1,1,0.0009653568267822266,0.0017197132110595703,0.0011196136474609375,0.0038046836853027344,3,1,0,0,0,1,3,3,1,2,0,539,8607
oliveira/04_11/randm07.02.02.08.020_0030.03.aba.beta,True,1,1,0.0007975101470947266,0.001852273941040039,0.0011413097381591797,0.0037910938262939453,3,1,0,0,0,1,3,3,1,2,0,534,8577
oliveira/04_11/randm07.02.02.08.020_0030.04.aba.beta,True,1,1,0.0008084774017333984,0.0019826889038085938,0.0012197494506835938,0.004010915756225586,3,1,0,0,0,1,3,3,1,2,0,536,8592
oliveira/04_11/randm07.02.02.08.020_0030.05.aba.beta,True,1,1,0.0009920597076416016,0.0019850730895996094,0.0011572837829589844,0.004134416580200195,3,1,0,0,0,1,3,3,1,2,0,536,8587
oliveira/04_11/randm07.02.02.09.020_0030.01.aba.beta,True,5,3,0.006124734878540039,0.02431201934814453,0.0012295246124267578,0.03166627883911133,11,5,0,0,0,6,26,11,2,57,0,585,8963
oliveira/04_11/randm07.02.02.09.020_0030.02.aba.beta,True,3,3,0.003499746322631836,0.01211404800415039,0.0012209415435791016,0.016834735870361328,9,3,0,0,0,4,10,9,2,19,0,542,8572
oliveira/04_11/randm07.02.02.09.020_0030.03.aba.beta,True,3,3,0.0034940242767333984,0.012230634689331055,0.0012216567993164062,0.01694631576538086,9,3,0,0,0,4,11,9,2,21,0,553,8644
oliveira/04_11/randm07.02.02.09.020_0030.04.aba.beta,True,5,3,0.010020256042480469,0.023213624954223633,0.0012371540069580078,0.03447103500366211,11,5,0,0,0,6,20,11,2,54,0,580,8869
oliveira/04_11/randm07.02.02.09.020_0030.05.aba.beta,True,5,3,0.010074853897094727,0.021872997283935547,0.001241445541381836,0.03318929672241211,11,5,0,0,0,6,16,11,2,42,0,567,8722
oliveira/04_11/randm07.02.02.10.020_0030.01.aba.beta,True,1,1,0.0007586479187011719,0.0018248558044433594,0.0010714530944824219,0.003654956817626953,3,1,0,0,0,1,3,3,1,2,0,537,8599
oliveira/04_11/randm07.02.02.10.020_0030.02.aba.beta,True,1,1,0.0050907135009765625,0.0018849372863769531,0.0011539459228515625,0.008129596710205078,3,1,0,0,0,1,3,3,1,2,0,540,8608
oliveira/04_11/randm07.02.02.10.020_0030.03.aba.beta,True,1,1,0.0036020278930664062,0.001889944076538086,0.0011055469512939453,0.0065975189208984375,3,1,0,0,0,1,3,3,1,2,0,527,8497
oliveira/04_11/randm07.02.02.10.020_0030.04.aba.beta,True,1,1,0.0008490085601806641,0.001867055892944336,0.0012278556823730469,0.003943920135498047,3,1,0,0,0,1,3,3,1,2,0,537,8603
oliveira/04_11/randm07.02.02.10.020_0030.05.aba.beta,True,1,1,0.0009744167327880859,0.0018343925476074219,0.001245260238647461,0.004054069519042969,3,1,0,0,0,1,3,3,1,2,0,528,8551
oliveira/04_11/randm07.02.02.11.020_0030.01.aba.beta,True,11,5,0.01748061180114746,0.10479331016540527,0.0017018318176269531,0.12397575378417969,23,11,0,0,0,15,55,22,5,118,0,787,11805
oliveira/04_11/randm07.02.02.11.020_0030.02.aba.beta,True,9,5,0.013957738876342773,0.10419464111328125,0.0018768310546875,0.12002921104431152,26,9,0,0,0,18,41,25,10,131,0,866,13350
oliveira/04_11/randm07.02.02.11.020_0030.03.aba.beta,True,7,5,0.014777660369873047,0.09329342842102051,0.0016360282897949219,0.10970711708068848,21,7,0,0,0,12,80,20,6,168,0,757,11872
oliveira/04_11/randm07.02.02.11.020_0030.04.aba.beta,True,8,5,0.012578725814819336,0.0665745735168457,0.0015292167663574219,0.08068251609802246,22,8,0,0,0,14,31,20,7,98,0,705,10604
oliveira/04_11/randm07.02.02.11.020_0030.05.aba.beta,True,7,5,0.010135650634765625,0.06609606742858887,0.0016672611236572266,0.07789897918701172,19,7,0,0,0,12,53,18,6,109,0,808,12279
oliveira/04_11/randm07.02.02.12.020_0030.01.aba.beta,True,3,3,0.0036106109619140625,0.011929512023925781,0.0011403560638427734,0.016680479049682617,9,3,0,0,0,4,11,9,2,21,0,548,8618
oliveira/04_11/randm07.02.02.12.020_0030.02.aba.beta,True,4,3,0.004691600799560547,0.012600183486938477,0.0012793540954589844,0.018571138381958008,9,4,0,0,0,4,12,9,1,21,0,551,8631
oliveira/04_11/randm07.02.02.12.020_0030.03.aba.beta,True,4,3,0.004785776138305664,0.013106822967529297,0.0012655258178710938,0.019158124923706055,9,4,0,0,0,4,15,9,1,24,0,550,8641
oliveira/04_11/randm07.02.02.12.020_0030.04.aba.beta,True,3,3,0.003751993179321289,0.01389312744140625,0.0011725425720214844,0.018817663192749023,9,3,0,0,0,4,19,9,2,30,0,549,8674
oliveira/04_11/randm07.02.02.12.020_0030.05.aba.beta,True,3,3,0.003752470016479492,0.01278066635131836,0.0011525154113769531,0.017685651779174805,9,3,0,0,0,4,15,9,2,29,0,555,8686
oliveira/04_11/randm07.02.02.13.020_0030.01.aba.beta,True,13,7,0.03513503074645996,0.36145853996276855,0.0018317699432373047,0.3984253406524658,50,13,0,0,0,40,76,36,28,332,0,873,12617
oliveira/04_11/randm07.02.02.13.020_0030.02.aba.beta,True,14,7,0.03572559356689453,0.3344736099243164,0.0021522045135498047,0.37235140800476074,39,14,0,0,0,37,83,35,24,330,0,981,14799
oliveira/04_11/randm07.02.02.13.020_0030.03.aba.beta,True,15,7,0.04088139533996582,0.4066624641418457,0.003246307373046875,0.4507901668548584,44,15,0,0,0,43,93,39,29,285,0,1414,20915
oliveira/04_11/randm07.02.02.13.020_0030.04.aba.beta,True,13,7,0.03648114204406738,0.48493075370788574,0.002157926559448242,0.5235698223114014,51,13,0,0,0,57,86,40,45,321,0,1026,15007
oliveira/04_11/randm07.02.02.13.020_0030.05.aba.beta,True,17,7,0.04329633712768555,0.33465075492858887,0.0045032501220703125,0.3824503421783447,44,17,0,0,0,37,66,41,21,308,0,1022,14446
oliveira/04_11/randm07.02.02.14.020_0030.01.aba.beta,True,5,3,0.0068018436431884766,0.03075122833251953,0.0013172626495361328,0.03887033462524414,11,5,0,0,0,6,26,11,2,71,0,607,9167
oliveira/04_11/randm07.02.02.14.020_0030.02.aba.beta,True,4,3,0.0053980350494384766,0.017665863037109375,0.0011205673217773438,0.024184465408325195,10,4,0,0,0,5,15,10,2,34,0,565,8702
oliveira/04_11/randm07.02.02.14.020_0030.03.aba.beta,True,3,3,0.004099369049072266,0.015445470809936523,0.0013000965118408203,0.02084493637084961,9,3,0,0,0,4,26,9,2,51,0,614,9804
oliveira/04_11/randm07.02.02.14.020_0030.04.aba.beta,True,4,3,0.004674434661865234,0.018276214599609375,0.0012178421020507812,0.02416849136352539,10,4,0,0,0,5,27,10,2,49,0,571,8887
oliveira/04_11/randm07.02.02.14.020_0030.05.aba.beta,True,3,3,0.0038568973541259766,0.013813495635986328,0.0013005733489990234,0.018970966339111328,9,3,0,0,0,4,36,9,2,43,0,602,9482
oliveira/04_11/randm07.02.02.15.020_0030.01.aba.beta,True,13,7,0.03987431526184082,0.16517424583435059,0.0016021728515625,0.2066507339477539,36,13,0,0,0,23,50,31,11,205,0,779,11120
oliveira/04_11/randm07.02.02.15.020_0030.02.aba.beta,True,11,7,0.0523838996887207,0.689427375793457,0.0016326904296875,0.7434439659118652,53,11,0,0,0,72,80,42,62,321,0,772,11424
oliveira/04_11/randm07.02.02.15.020_0030.03.aba.beta,True,15,7,0.043028831481933594,0.5301156044006348,0.002797842025756836,0.5759422779083252,51,15,0,0,0,52,104,46,38,374,0,1328,19880
oliveira/04_11/randm07.02.02.15.020_0030.04.aba.beta,True,14,7,0.031058073043823242,0.21876788139343262,0.001935720443725586,0.25176167488098145,37,14,0,0,0,27,80,34,14,222,0,933,13712
oliveira/04_11/randm07.02.02.15.020_0030.05.aba.beta,True,18,7,0.06212329864501953,1.0452892780303955,0.0026891231536865234,1.1101016998291016,65,18,0,0,0,73,108,45,56,436,0,1231,18044
oliveira/04_11/randm07.02.02.16.020_0030.01.aba.beta,True,7,4,0.010448932647705078,0.0431818962097168,0.0019812583923339844,0.05561208724975586,17,7,0,0,0,10,35,17,4,107,0,953,14628
oliveira/04_11/randm07.02.02.16.020_0030.02.aba.beta,True,5,4,0.007247447967529297,0.035302162170410156,0.0019338130950927734,0.04448342323303223,16,5,0,0,0,9,20,16,5,51,0,882,13830
oliveira/04_11/randm07.02.02.16.020_0030.03.aba.beta,True,6,4,0.008599281311035156,0.03166007995605469,0.0018270015716552734,0.04208636283874512,13,6,0,0,0,8,19,12,3,40,0,845,13354
oliveira/04_11/randm07.02.02.16.020_0030.04.aba.beta,True,7,4,0.012385368347167969,0.06553149223327637,0.0020422935485839844,0.07995915412902832,17,7,0,0,0,11,35,17,5,93,0,820,12465
oliveira/04_11/randm07.02.02.16.020_0030.05.aba.beta,True,7,4,0.021235227584838867,0.04569244384765625,0.0020971298217773438,0.06902480125427246,18,7,0,0,0,11,29,17,5,81,0,962,14938
oliveira/04_11/randm07.02.02.17.020_0030.01.aba.beta,True,14,6,0.03160357475280762,0.31487250328063965,0.002073526382446289,0.34854960441589355,40,14,0,0,0,35,94,34,22,284,0,973,14260
oliveira/04_11/randm07.02.02.17.020_0030.02.aba.beta,True,12,6,0.03188633918762207,0.30879998207092285,0.0018503665924072266,0.34253668785095215,42,12,0,0,0,34,78,37,23,290,0,779,11320
oliveira/04_11/randm07.02.02.17.020_0030.03.aba.beta,True,11,6,0.026653051376342773,0.16514897346496582,0.0018913745880126953,0.1936933994293213,29,11,0,0,0,22,79,27,12,210,0,812,11838
oliveira/04_11/randm07.02.02.17.020_0030.04.aba.beta,True,11,6,0.02705550193786621,0.3262827396392822,0.0016582012176513672,0.3549964427947998,37,11,0,0,0,32,93,31,22,271,0,829,12240
oliveira/04_11/randm07.02.02.17.020_0030.05.aba.beta,True,11,6,0.029359102249145508,0.20250558853149414,0.0018308162689208984,0.23369550704956055,37,11,0,0,0,26,81,32,16,256,0,883,12910
oliveira/04_11/randm07.02.02.18.020_0030.01.aba.beta,True,20,7,0.0532379150390625,0.8233387470245361,0.003481149673461914,0.8800578117370605,58,20,0,0,0,51,137,47,32,478,0,1547,22820
oliveira/04_11/randm07.02.02.18.020_0030.02.aba.beta,True,13,7,0.040793418884277344,0.6590144634246826,0.002107858657836914,0.7019157409667969,55,13,0,0,0,52,92,41,40,390,0,964,14395
oliveira/04_11/randm07.02.02.18.020_0030.03.aba.beta,True,18,7,0.05691885948181152,0.9001638889312744,0.002775430679321289,0.9598581790924072,60,18,0,0,0,61,117,40,44,459,0,1282,18710
oliveira/04_11/randm07.02.02.18.020_0030.04.aba.beta,True,24,7,0.08528637886047363,0.9032552242279053,0.0032448768615722656,0.9917864799499512,53,24,0,0,0,56,112,42,33,445,0,1552,22384
oliveira/04_11/randm07.02.02.18.020_0030.05.aba.beta,True,28,7,0.18109560012817383,3.3584275245666504,0.004522562026977539,3.5440456867218018,89,28,0,0,0,170,161,57,143,748,0,2093,30052
oliveira/04_11/randm07.02.02.19.020_0030.01.aba.beta,True,9,5,0.020609617233276367,0.09690403938293457,0.0014684200286865234,0.11898207664489746,23,9,0,0,0,15,37,22,7,118,0,644,9540
oliveira/04_11/randm07.02.02.19.020_0030.02.aba.beta,True,11,5,0.021278858184814453,0.1634845733642578,0.0016064643859863281,0.1863698959350586,31,11,0,0,0,24,58,26,14,213,0,716,10597
oliveira/04_11/randm07.02.02.19.020_0030.03.aba.beta,True,7,5,0.01811814308166504,0.10953426361083984,0.001424551010131836,0.12907695770263672,27,7,0,0,0,19,75,27,13,149,0,714,10807
oliveira/04_11/randm07.02.02.19.020_0030.04.aba.beta,True,7,5,0.016129016876220703,0.10342216491699219,0.0012898445129394531,0.12084102630615234,27,7,0,0,0,19,46,24,13,143,0,623,9399
oliveira/04_11/randm07.02.02.19.020_0030.05.aba.beta,True,4,5,0.011853694915771484,0.08499908447265625,0.001506805419921875,0.09835958480834961,24,4,0,0,0,16,36,22,13,86,0,619,9593
oliveira/04_11/randm08.02.02.01.020_0030.01.aba.beta,True,17,7,0.05448436737060547,0.5465307235717773,0.0018048286437988281,0.6028199195861816,57,17,0,0,0,54,101,45,38,360,0,898,12642
oliveira/04_11/randm08.02.02.01.020_0030.02.aba.beta,True,17,7,0.060004472732543945,0.6408863067626953,0.0022058486938476562,0.7030966281890869,57,17,0,0,0,53,90,46,37,392,0,943,13449
oliveira/04_11/randm08.02.02.01.020_0030.03.aba.beta,True,14,7,0.04298138618469238,0.48244690895080566,0.0016798973083496094,0.5271081924438477,53,14,0,0,0,52,76,44,39,302,0,800,11475
oliveira/04_11/randm08.02.02.01.020_0030.04.aba.beta,True,19,7,0.0426945686340332,0.5304453372955322,0.0030138492584228516,0.5761537551879883,50,19,0,0,0,46,125,45,28,407,0,1357,19812
oliveira/04_11/randm08.02.02.01.020_0030.05.aba.beta,True,19,7,0.050977230072021484,0.5970335006713867,0.002156972885131836,0.65016770362854,61,19,0,0,0,61,104,46,43,424,0,1050,14807
oliveira/04_11/randm08.02.02.02.020_0030.01.aba.beta,True,15,6,0.033266544342041016,0.3978919982910156,0.0016734600067138672,0.4328320026397705,45,15,0,0,0,50,62,35,36,292,0,788,11087
oliveira/04_11/randm08.02.02.02.020_0030.02.aba.beta,True,12,6,0.026077985763549805,0.1317763328552246,0.001519918441772461,0.15937423706054688,30,12,0,0,0,22,43,25,11,200,0,677,9874
oliveira/04_11/randm08.02.02.02.020_0030.03.aba.beta,True,9,6,0.02082371711730957,0.23354506492614746,0.0013577938079833984,0.25572657585144043,39,9,0,0,0,33,46,28,25,187,0,621,9102
oliveira/04_11/randm08.02.02.02.020_0030.04.aba.beta,True,11,6,0.02905726432800293,0.3400299549102783,0.0016391277313232422,0.3707263469696045,43,11,0,0,0,47,63,32,37,216,0,667,9788
oliveira/04_11/randm08.02.02.02.020_0030.05.aba.beta,True,17,6,0.03102397918701172,0.21402788162231445,0.0015823841094970703,0.24663424491882324,35,17,0,0,0,28,57,30,12,292,0,814,11274
oliveira/04_11/randm08.02.02.03.020_0030.01.aba.beta,True,5,7,0.015752553939819336,0.2626657485961914,0.0013613700866699219,0.27977967262268066,34,5,0,0,0,36,42,29,32,133,0,596,9187
oliveira/04_11/randm08.02.02.03.020_0030.02.aba.beta,True,14,7,0.042946815490722656,0.5087156295776367,0.0020775794982910156,0.5537400245666504,45,14,0,0,0,50,104,40,37,312,0,932,13581
oliveira/04_11/randm08.02.02.03.020_0030.03.aba.beta,True,9,7,0.08247160911560059,1.4296224117279053,0.002108335494995117,1.514202356338501,67,9,0,0,0,123,88,44,115,356,0,955,14467
oliveira/04_11/randm08.02.02.03.020_0030.04.aba.beta,True,14,7,0.0969994068145752,1.7023818492889404,0.001569986343383789,1.8009512424468994,69,14,0,0,0,135,103,43,122,473,0,760,10896
oliveira/04_11/randm08.02.02.03.020_0030.05.aba.beta,True,13,7,0.06826496124267578,1.094691276550293,0.0014252662658691406,1.164381504058838,60,13,0,0,0,105,82,40,93,361,0,722,10237
oliveira/04_11/randm08.02.02.04.020_0030.01.aba.beta,True,6,6,0.012599468231201172,0.13176703453063965,0.0014069080352783203,0.14577341079711914,28,6,0,0,0,22,54,25,17,130,0,650,9907
oliveira/04_11/randm08.02.02.04.020_0030.02.aba.beta,True,13,6,0.03055858612060547,0.22166013717651367,0.0015616416931152344,0.2537803649902344,35,13,0,0,0,29,62,28,17,207,0,783,11334
oliveira/04_11/randm08.02.02.04.020_0030.03.aba.beta,True,11,6,0.021884679794311523,0.1984705924987793,0.0016667842864990234,0.22202205657958984,34,11,0,0,0,29,74,33,19,204,0,753,11104
oliveira/04_11/randm08.02.02.04.020_0030.04.aba.beta,True,7,6,0.013657331466674805,0.12200021743774414,0.001543283462524414,0.13720083236694336,27,7,0,0,0,20,65,25,14,151,0,690,10402
oliveira/04_11/randm08.02.02.04.020_0030.05.aba.beta,True,16,6,0.044033050537109375,0.3110024929046631,0.002010822296142578,0.35704636573791504,38,16,0,0,0,34,77,33,19,260,0,951,13635
oliveira/04_11/randm08.02.02.05.020_0030.01.aba.beta,True,4,5,0.008513212203979492,0.05206751823425293,0.0013804435729980469,0.06196117401123047,18,4,0,0,0,10,27,18,7,61,0,617,9586
oliveira/04_11/randm08.02.02.05.020_0030.02.aba.beta,True,3,5,0.006754159927368164,0.04035782814025879,0.0014107227325439453,0.0485227108001709,17,3,0,0,0,9,23,17,7,58,0,560,8713
oliveira/04_11/randm08.02.02.05.020_0030.03.aba.beta,True,5,5,0.009658336639404297,0.07823920249938965,0.0014791488647460938,0.08937668800354004,23,5,0,0,0,14,47,22,10,114,0,655,10062
oliveira/04_11/randm08.02.02.05.020_0030.04.aba.beta,True,6,5,0.014743804931640625,0.09006667137145996,0.001445770263671875,0.10625624656677246,24,6,0,0,0,16,37,22,11,108,0,648,9832
oliveira/04_11/randm08.02.02.05.020_0030.05.aba.beta,True,5,5,0.009032249450683594,0.05015158653259277,0.0013129711151123047,0.06049680709838867,19,5,0,0,0,11,33,17,7,104,0,611,9217
oliveira/04_11/randm08.02.02.06.020_0030.01.aba.beta,True,16,8,0.06121563911437988,1.0262413024902344,0.0020220279693603516,1.0894789695739746,50,16,0,0,0,82,75,42,67,364,0,835,11820
oliveira/04_11/randm08.02.02.06.020_0030.02.aba.beta,True,22,8,0.07681131362915039,1.0236108303070068,0.0026929378509521484,1.1031150817871094,61,22,0,0,0,79,81,52,58,497,0,1210,17112
oliveira/04_11/randm08.02.02.06.020_0030.03.aba.beta,True,19,8,0.07248425483703613,0.9589183330535889,0.001954793930053711,1.0333573818206787,60,19,0,0,0,88,77,47,70,447,0,919,12863
oliveira/04_11/randm08.02.02.06.020_0030.04.aba.beta,True,21,8,0.07273435592651367,0.9029483795166016,0.0020189285278320312,0.9777016639709473,53,21,0,0,0,80,73,46,60,409,0,980,13474
oliveira/04_11/randm08.02.02.06.020_0030.05.aba.beta,True,19,8,0.15209388732910156,2.645515203475952,0.0019555091857910156,2.7995645999908447,102,19,0,0,0,181,118,50,163,662,0,904,12611
oliveira/04_11/randm08.02.02.07.020_0030.01.aba.beta,True,1,1,0.005486011505126953,0.0018470287322998047,0.0011317729949951172,0.008464813232421875,3,1,0,0,0,1,3,3,1,2,0,536,8587
oliveira/04_11/randm08.02.02.07.020_0030.02.aba.beta,True,1,1,0.0011985301971435547,0.001995086669921875,0.0011479854583740234,0.004341602325439453,3,1,0,0,0,1,3,3,1,2,0,524,8514
oliveira/04_11/randm08.02.02.07.020_0030.03.aba.beta,True,1,1,0.0008082389831542969,0.002083301544189453,0.0011675357818603516,0.0040590763092041016,3,1,0,0,0,1,3,3,1,2,0,519,8504
oliveira/04_11/randm08.02.02.07.020_0030.04.aba.beta,True,1,1,0.0007901191711425781,0.002140522003173828,0.0011227130889892578,0.004053354263305664,3,1,0,0,0,1,3,3,1,2,0,539,8604
oliveira/04_11/randm08.02.02.07.020_0030.05.aba.beta,True,1,1,0.0007398128509521484,0.0018813610076904297,0.0011680126190185547,0.003789186477661133,3,1,0,0,0,1,3,3,1,2,0,530,8566
oliveira/04_11/randm08.02.02.08.020_0030.01.aba.beta,True,13,6,0.08720803260803223,1.8035099506378174,0.0020706653594970703,1.8927886486053467,81,13,0,0,0,120,117,59,108,463,0,941,13611
oliveira/04_11/randm08.02.02.08.020_0030.02.aba.beta,True,17,6,0.12897253036499023,2.279075860977173,0.0024106502532958984,2.410459041595459,95,17,0,0,0,138,142,56,122,632,0,1076,15875
oliveira/04_11/randm08.02.02.08.020_0030.03.aba.beta,True,16,6,0.040097951889038086,0.3498842716217041,0.0027496814727783203,0.3927319049835205,40,16,0,0,0,44,102,34,29,322,0,1283,19427
oliveira/04_11/randm08.02.02.08.020_0030.04.aba.beta,True,8,6,0.06831169128417969,1.4366557598114014,0.0015499591827392578,1.5065174102783203,70,8,0,0,0,106,103,55,99,360,0,710,10470
oliveira/04_11/randm08.02.02.08.020_0030.05.aba.beta,True,11,6,0.04352545738220215,0.8299369812011719,0.0020766258239746094,0.8755390644073486,61,11,0,0,0,82,97,38,72,389,0,961,14308
oliveira/04_11/randm08.02.02.09.020_0030.01.aba.beta,True,15,7,0.03582286834716797,0.43755316734313965,0.0036509037017822266,0.47702693939208984,53,15,0,0,0,48,79,42,34,288,0,1485,22351
oliveira/04_11/randm08.02.02.09.020_0030.02.aba.beta,True,20,7,0.06914710998535156,0.7467365264892578,0.004741191864013672,0.820624828338623,62,20,0,0,0,62,171,52,43,484,0,2147,32844
oliveira/04_11/randm08.02.02.09.020_0030.03.aba.beta,True,18,7,0.056893348693847656,0.7381458282470703,0.0031642913818359375,0.7982034683227539,63,18,0,0,0,70,109,44,53,382,0,1420,21114
oliveira/04_11/randm08.02.02.09.020_0030.04.aba.beta,True,20,7,0.06322598457336426,0.6659846305847168,0.0031058788299560547,0.7323164939880371,62,20,0,0,0,59,109,48,40,421,0,1430,20654
oliveira/04_11/randm08.02.02.09.020_0030.05.aba.beta,True,8,7,0.029835939407348633,0.3619570732116699,0.0016868114471435547,0.3934798240661621,49,8,0,0,0,48,57,35,41,218,0,822,12653
oliveira/04_11/randm08.02.02.10.020_0030.01.aba.beta,True,30,7,0.07898950576782227,0.6239252090454102,0.0033948421478271484,0.7063095569610596,55,30,0,0,0,54,111,46,25,539,0,1613,22491
oliveira/04_11/randm08.02.02.10.020_0030.02.aba.beta,True,19,7,0.048416852951049805,0.5617637634277344,0.004511117935180664,0.6146917343139648,44,19,0,0,0,45,136,36,27,401,0,2083,31776
oliveira/04_11/randm08.02.02.10.020_0030.03.aba.beta,True,15,7,0.046271324157714844,0.5433146953582764,0.002402782440185547,0.5919888019561768,51,15,0,0,0,47,102,44,33,354,0,1100,15890
oliveira/04_11/randm08.02.02.10.020_0030.04.aba.beta,True,19,7,0.06238079071044922,0.6761572360992432,0.004926919937133789,0.7434649467468262,55,19,0,0,0,51,140,47,33,389,0,1999,30012
oliveira/04_11/randm08.02.02.10.020_0030.05.aba.beta,True,14,7,0.03708148002624512,0.4300878047943115,0.0035169124603271484,0.4706861972808838,43,14,0,0,0,43,111,35,30,293,0,1535,23737
oliveira/04_11/randm08.02.02.11.020_0030.01.aba.beta,True,28,8,0.5207762718200684,7.054470062255859,0.003718852996826172,7.578965187072754,123,28,0,0,0,372,164,58,345,986,0,1728,24613
oliveira/04_11/randm08.02.02.11.020_0030.02.aba.beta,True,25,8,0.06623554229736328,0.6986885070800781,0.0061435699462890625,0.7710676193237305,55,25,0,0,0,50,74,39,26,363,0,2854,43997
oliveira/04_11/randm08.02.02.11.020_0030.03.aba.beta,True,23,8,0.06883001327514648,0.6169025897979736,0.0032415390014648438,0.688974142074585,59,23,0,0,0,56,98,46,34,444,0,1469,21680
oliveira/04_11/randm08.02.02.11.020_0030.04.aba.beta,True,14,8,0.04767560958862305,0.6135034561157227,0.002616405487060547,0.6637954711914062,55,14,0,0,0,62,79,46,49,346,0,1289,18925
oliveira/04_11/randm08.02.02.11.020_0030.05.aba.beta,True,22,8,0.07658910751342773,0.8782863616943359,0.0035140514373779297,0.9583895206451416,63,22,0,0,0,67,96,47,46,462,0,1571,22658
oliveira/04_11/randm08.02.02.12.020_0030.01.aba.beta,True,8,5,0.015614986419677734,0.06930875778198242,0.0016248226165771484,0.0865485668182373,20,8,0,0,0,11,64,19,4,129,0,790,12015
oliveira/04_11/randm08.02.02.12.020_0030.02.aba.beta,True,7,5,0.019927024841308594,0.10134196281433105,0.0020041465759277344,0.12327313423156738,21,7,0,0,0,16,63,21,10,130,0,945,14677
oliveira/04_11/randm08.02.02.12.020_0030.03.aba.beta,True,6,5,0.010980844497680664,0.12574505805969238,0.002377033233642578,0.13910293579101562,20,6,0,0,0,15,101,20,10,137,0,1025,15801
oliveira/04_11/randm08.02.02.12.020_0030.04.aba.beta,True,9,5,0.013379812240600586,0.0634622573852539,0.001512289047241211,0.0783543586730957,18,9,0,0,0,10,56,17,2,116,0,752,11062
oliveira/04_11/randm08.02.02.12.020_0030.05.aba.beta,True,5,5,0.010751008987426758,0.14050006866455078,0.001562356948852539,0.15281343460083008,27,5,0,0,0,21,51,25,17,127,0,683,10479
oliveira/04_11/randm08.02.02.13.020_0030.01.aba.beta,True,30,8,0.2087724208831787,4.970390319824219,0.0036242008209228516,5.18278694152832,87,30,0,0,0,183,126,61,154,712,0,1618,22855
oliveira/04_11/randm08.02.02.13.020_0030.02.aba.beta,True,41,8,0.17493176460266113,2.8396565914154053,0.006175994873046875,3.0207643508911133,91,41,0,0,0,118,172,71,78,759,0,2856,41263
oliveira/04_11/randm08.02.02.13.020_0030.03.aba.beta,True,30,8,0.24429082870483398,4.687444686889648,0.005094289779663086,4.9368298053741455,95,30,0,0,0,196,146,62,167,729,0,2381,34985
oliveira/04_11/randm08.02.02.13.020_0030.04.aba.beta,True,25,8,0.1285860538482666,4.087209701538086,0.003965139389038086,4.219760894775391,69,25,0,0,0,137,152,61,113,620,0,1771,25929
oliveira/04_11/randm08.02.02.13.020_0030.05.aba.beta,True,28,8,0.1709303855895996,2.8024449348449707,0.004078865051269531,2.97745418548584,84,28,0,0,0,126,153,60,99,649,0,1881,27555
oliveira/04_11/randm08.02.02.14.020_0030.01.aba.beta,True,17,6,0.03985738754272461,0.5187432765960693,0.0033140182495117188,0.5619146823883057,43,17,0,0,0,41,130,41,25,381,0,1426,21171
oliveira/04_11/randm08.02.02.14.020_0030.02.aba.beta,True,20,6,0.054587602615356445,0.3888590335845947,0.004007577896118164,0.44745421409606934,37,20,0,0,0,33,114,36,14,363,0,1647,24589
oliveira/04_11/randm08.02.02.14.020_0030.03.aba.beta,True,19,6,0.039658546447753906,0.3122437000274658,0.004375934600830078,0.3562781810760498,37,19,0,0,0,29,133,36,11,353,0,1980,30274
oliveira/04_11/randm08.02.02.14.020_0030.04.aba.beta,True,14,6,0.03918266296386719,0.46576762199401855,0.0032215118408203125,0.508171796798706,44,14,0,0,0,40,118,37,27,341,0,1360,21075
oliveira/04_11/randm08.02.02.14.020_0030.05.aba.beta,True,21,6,0.05185079574584961,0.5257031917572021,0.003303050994873047,0.5808570384979248,47,21,0,0,0,44,129,42,24,411,0,1510,21894
oliveira/04_11/randm08.02.02.15.020_0030.01.aba.beta,True,15,5,0.024742841720581055,0.16564345359802246,0.002059459686279297,0.1924457550048828,30,15,0,0,0,22,75,29,8,244,0,1020,14887
oliveira/04_11/randm08.02.02.15.020_0030.02.aba.beta,True,12,5,0.024149656295776367,0.14343690872192383,0.0023241043090820312,0.16991066932678223,26,12,0,0,0,18,89,24,7,197,0,1094,16664
oliveira/04_11/randm08.02.02.15.020_0030.03.aba.beta,True,7,5,0.014049530029296875,0.08064126968383789,0.00145721435546875,0.09614801406860352,21,7,0,0,0,13,35,20,7,115,0,622,9246
oliveira/04_11/randm08.02.02.15.020_0030.04.aba.beta,True,14,5,0.030820369720458984,0.19571495056152344,0.0027246475219726562,0.22925996780395508,32,14,0,0,0,22,114,28,9,298,0,1178,17860
oliveira/04_11/randm08.02.02.15.020_0030.05.aba.beta,True,16,5,0.03218984603881836,0.19262194633483887,0.003602743148803711,0.22841453552246094,34,16,0,0,0,24,137,33,9,271,0,1640,24865
oliveira/04_11/randm08.02.02.16.020_0030.01.aba.beta,True,8,5,0.019370079040527344,0.159515380859375,0.0017354488372802734,0.18062090873718262,30,8,0,0,0,22,51,26,15,157,0,715,10674
oliveira/04_11/randm08.02.02.16.020_0030.02.aba.beta,True,13,5,0.034781455993652344,0.1825108528137207,0.001705169677734375,0.21899747848510742,36,13,0,0,0,27,58,29,15,205,0,748,10860
oliveira/04_11/randm08.02.02.16.020_0030.03.aba.beta,True,10,5,0.020304203033447266,0.16529226303100586,0.001916646957397461,0.18751311302185059,28,10,0,0,0,22,84,28,13,219,0,893,13456
oliveira/04_11/randm08.02.02.16.020_0030.04.aba.beta,True,8,5,0.016545772552490234,0.12901592254638672,0.0017743110656738281,0.14733600616455078,26,8,0,0,0,20,64,25,13,148,0,817,12376
oliveira/04_11/randm08.02.02.16.020_0030.05.aba.beta,True,7,5,0.01317286491394043,0.12944483757019043,0.0019352436065673828,0.14455294609069824,25,7,0,0,0,19,77,25,13,159,0,848,13142
oliveira/04_11/randm08.02.02.17.020_0030.01.aba.beta,True,10,6,0.025921344757080078,0.16286969184875488,0.0013816356658935547,0.19017267227172852,30,10,0,0,0,24,38,25,15,157,0,640,9292
oliveira/04_11/randm08.02.02.17.020_0030.02.aba.beta,True,13,6,0.028313159942626953,0.12830352783203125,0.0019116401672363281,0.15852832794189453,27,13,0,0,0,17,58,23,5,241,0,875,12923
oliveira/04_11/randm08.02.02.17.020_0030.03.aba.beta,True,15,6,0.037387847900390625,0.21511411666870117,0.0022144317626953125,0.2547163963317871,32,15,0,0,0,23,72,28,9,218,0,914,13389
oliveira/04_11/randm08.02.02.17.020_0030.04.aba.beta,True,12,6,0.02164602279663086,0.11888670921325684,0.001657247543334961,0.14218997955322266,27,12,0,0,0,19,59,25,8,170,0,747,10804
oliveira/04_11/randm08.02.02.17.020_0030.05.aba.beta,True,12,6,0.02286219596862793,0.1332261562347412,0.0013573169708251953,0.15744566917419434,29,12,0,0,0,20,43,26,9,161,0,635,9278
oliveira/04_11/randm08.02.02.18.020_0030.01.aba.beta,True,17,6,0.05156660079956055,0.8122062683105469,0.0019154548645019531,0.8656883239746094,56,17,0,0,0,66,99,42,50,389,0,920,13240
oliveira/04_11/randm08.02.02.18.020_0030.02.aba.beta,True,16,6,0.05463743209838867,0.9218130111694336,0.003438234329223633,0.9798886775970459,53,16,0,0,0,65,133,42,50,353,0,1498,22871
oliveira/04_11/randm08.02.02.18.020_0030.03.aba.beta,True,14,6,0.0306088924407959,0.2162952423095703,0.0031251907348632812,0.2500293254852295,34,14,0,0,0,25,101,32,12,224,0,1457,21981
oliveira/04_11/randm08.02.02.18.020_0030.04.aba.beta,True,13,6,0.05300116539001465,1.0655097961425781,0.0026252269744873047,1.12113618850708,66,13,0,0,0,76,146,45,64,422,0,1131,16917
oliveira/04_11/randm08.02.02.18.020_0030.05.aba.beta,True,15,6,0.05617928504943848,0.8453304767608643,0.0024526119232177734,0.9039623737335205,55,15,0,0,0,64,127,46,50,376,0,1139,17018
oliveira/04_11/randm08.02.02.19.020_0030.01.aba.beta,True,13,8,0.03798246383666992,0.4076411724090576,0.0018155574798583984,0.44743919372558594,44,13,0,0,0,42,66,37,30,308,0,830,11927
oliveira/04_11/randm08.02.02.19.020_0030.02.aba.beta,True,14,8,0.06722092628479004,0.8661923408508301,0.002646207809448242,0.9360594749450684,58,14,0,0,0,76,121,43,63,419,0,1188,18194
oliveira/04_11/randm08.02.02.19.020_0030.03.aba.beta,True,13,8,0.049684762954711914,0.39243125915527344,0.0016396045684814453,0.4437556266784668,41,13,0,0,0,47,56,38,35,219,0,751,10737
oliveira/04_11/randm08.02.02.19.020_0030.04.aba.beta,True,15,8,0.058264970779418945,0.9312636852264404,0.0016510486602783203,0.9911797046661377,64,15,0,0,0,86,87,45,72,411,0,804,11469
oliveira/04_11/randm08.02.02.19.020_0030.05.aba.beta,True,19,8,0.0735476016998291,0.6881484985351562,0.0025703907012939453,0.7642664909362793,46,19,0,0,0,53,80,39,35,384,0,1095,15545
oliveira/04_11/randm09.02.02.01.020_0030.01.aba.beta,True,25,9,0.27152037620544434,4.222266674041748,0.007681608200073242,4.501468658447266,85,25,0,0,0,204,150,54,180,599,0,3339,52428
oliveira/04_11/randm09.02.02.01.020_0030.02.aba.beta,True,11,7,0.04024004936218262,0.6699035167694092,0.0018062591552734375,0.7119498252868652,46,11,0,0,0,64,72,37,54,279,0,786,11604
oliveira/04_11/randm09.02.02.01.020_0030.03.aba.beta,True,27,9,0.36166858673095703,9.180224180221558,0.005034923553466797,9.546927690505981,90,27,0,0,0,263,156,52,237,643,0,2291,34080
oliveira/04_11/randm09.02.02.01.020_0030.04.aba.beta,True,26,9,0.791001558303833,8.121501922607422,0.007587909698486328,8.920091390609741,132,26,0,0,0,340,189,74,315,918,0,3419,51943
oliveira/04_11/randm09.02.02.01.020_0030.05.aba.beta,True,25,9,0.2742154598236084,3.9077341556549072,0.010572433471679688,4.192522048950195,91,25,0,0,0,199,149,58,175,636,0,4301,66992
oliveira/04_11/randm09.02.02.02.020_0030.01.aba.beta,True,32,8,0.13974666595458984,1.6376230716705322,0.006406545639038086,1.7837762832641602,80,32,0,0,0,105,101,59,74,541,0,2653,38844
oliveira/04_11/randm09.02.02.02.020_0030.02.aba.beta,True,33,7,0.070953369140625,0.44537949562072754,0.004123210906982422,0.520456075668335,55,33,0,0,0,42,93,50,10,502,0,1960,28286
oliveira/04_11/randm09.02.02.02.020_0030.03.aba.beta,True,23,8,0.07011246681213379,0.5472114086151123,0.003650188446044922,0.620974063873291,51,23,0,0,0,55,86,46,33,398,0,1635,23716
oliveira/04_11/randm09.02.02.02.020_0030.04.aba.beta,True,31,8,0.40164613723754883,5.516641139984131,0.00653529167175293,5.924822568893433,130,31,0,0,0,290,164,76,260,886,0,2872,43667
oliveira/04_11/randm09.02.02.02.020_0030.05.aba.beta,True,22,7,0.1252117156982422,1.5920066833496094,0.0038251876831054688,1.721043586730957,82,22,0,0,0,110,124,61,89,577,0,1780,26122
oliveira/04_11/randm09.02.02.03.020_0030.01.aba.beta,True,34,8,0.11179113388061523,1.8927135467529297,0.0059833526611328125,2.0104880332946777,66,34,0,0,0,71,181,54,38,653,0,2648,38947
oliveira/04_11/randm09.02.02.03.020_0030.02.aba.beta,True,24,8,0.06645560264587402,0.4782676696777344,0.003841400146484375,0.5485646724700928,52,24,0,0,0,42,165,42,19,513,0,1731,26248
oliveira/04_11/randm09.02.02.03.020_0030.03.aba.beta,True,25,8,0.09370589256286621,1.6296350955963135,0.0029325485229492188,1.726273536682129,71,25,0,0,0,86,104,56,62,612,0,1374,19813
oliveira/04_11/randm09.02.02.03.020_0030.04.aba.beta,True,19,8,0.06954765319824219,1.143833875656128,0.0027332305908203125,1.2161147594451904,67,19,0,0,0,76,107,46,58,525,0,1276,18445
oliveira/04_11/randm09.02.02.03.020_0030.05.aba.beta,True,16,8,0.05982041358947754,0.9308793544769287,0.0016241073608398438,0.9923238754272461,60,16,0,0,0,80,74,45,65,378,0,795,11004
oliveira/04_11/randm09.02.02.04.020_0030.01.aba.beta,True,15,7,0.03947305679321289,0.5408704280853271,0.0024445056915283203,0.5827879905700684,47,15,0,0,0,48,114,39,34,321,0,1056,15357
oliveira/04_11/randm09.02.02.04.020_0030.02.aba.beta,True,13,7,0.02878880500793457,0.17464590072631836,0.001451730728149414,0.20488643646240234,33,13,0,0,0,26,41,28,14,206,0,679,9663
oliveira/04_11/randm09.02.02.04.020_0030.03.aba.beta,True,12,7,0.03571748733520508,0.18813109397888184,0.0017740726470947266,0.22562265396118164,31,12,0,0,0,24,53,29,13,171,0,757,11042
oliveira/04_11/randm09.02.02.04.020_0030.04.aba.beta,True,12,7,0.02988409996032715,0.16553163528442383,0.001535654067993164,0.19695138931274414,32,12,0,0,0,25,47,28,14,176,0,771,11193
oliveira/04_11/randm09.02.02.04.020_0030.05.aba.beta,True,16,7,0.05149364471435547,0.4138364791870117,0.002507448196411133,0.4678375720977783,45,16,0,0,0,43,83,38,28,308,0,1189,17403
oliveira/04_11/randm09.02.02.05.020_0030.01.aba.beta,True,22,8,0.06567025184631348,0.4366190433502197,0.0031418800354003906,0.5054311752319336,47,22,0,0,0,34,81,40,13,342,0,1322,18963
oliveira/04_11/randm09.02.02.05.020_0030.02.aba.beta,True,16,8,0.04925704002380371,0.2432262897491455,0.0015780925750732422,0.29406142234802246,42,16,0,0,0,32,50,39,17,280,0,748,10240
oliveira/04_11/randm09.02.02.05.020_0030.03.aba.beta,True,23,8,0.10042428970336914,1.291503667831421,0.002559661865234375,1.3944876194000244,68,23,0,0,0,96,110,47,74,501,0,1220,17079
oliveira/04_11/randm09.02.02.05.020_0030.04.aba.beta,True,22,8,0.08538389205932617,0.9298439025878906,0.0034513473510742188,1.018679141998291,69,22,0,0,0,65,127,51,44,491,0,1556,22835
oliveira/04_11/randm09.02.02.05.020_0030.05.aba.beta,True,18,8,0.05059647560119629,0.4617433547973633,0.001827239990234375,0.514167070388794,42,18,0,0,0,39,59,37,22,330,0,906,12663
oliveira/04_11/randm09.02.02.06.020_0030.01.aba.beta,True,18,9,0.09037232398986816,1.4047338962554932,0.0022079944610595703,1.497314214706421,84,18,0,0,0,101,105,58,84,630,0,1026,14650
oliveira/04_11/randm09.02.02.06.020_0030.02.aba.beta,True,27,9,0.23202300071716309,3.0154764652252197,0.0028793811798095703,3.2503788471221924,91,27,0,0,0,151,114,54,125,675,0,1366,18920
oliveira/04_11/randm09.02.02.06.020_0030.03.aba.beta,True,20,9,0.0915377140045166,0.9257853031158447,0.0024373531341552734,1.0197603702545166,68,20,0,0,0,69,103,55,50,548,0,1101,15812
oliveira/04_11/randm09.02.02.06.020_0030.04.aba.beta,True,21,9,0.15287327766418457,1.8529071807861328,0.002293109893798828,2.008073568344116,83,21,0,0,0,122,106,50,102,612,0,1108,15258
oliveira/04_11/randm09.02.02.06.020_0030.05.aba.beta,True,23,9,0.10921096801757812,1.1768214702606201,0.0032982826232910156,1.2893307209014893,65,23,0,0,0,80,103,50,58,474,0,1385,19779
oliveira/04_11/randm09.02.02.07.020_0030.01.aba.beta,True,1,1,0.0008881092071533203,0.0018274784088134766,0.0013518333435058594,0.004067420959472656,3,1,0,0,0,1,3,3,1,2,0,511,8445
oliveira/04_11/randm09.02.02.07.020_0030.02.aba.beta,True,1,1,0.0007951259613037109,0.0018825531005859375,0.0011920928955078125,0.003869771957397461,3,1,0,0,0,1,3,3,1,2,0,530,8553
oliveira/04_11/randm09.02.02.07.020_0030.03.aba.beta,True,1,1,0.0054779052734375,0.0018510818481445312,0.0017333030700683594,0.00906229019165039,3,1,0,0,0,1,3,3,1,2,0,533,8573
oliveira/04_11/randm09.02.02.07.020_0030.04.aba.beta,True,1,1,0.0007615089416503906,0.0018422603607177734,0.001720428466796875,0.004324197769165039,3,1,0,0,0,1,3,3,1,2,0,527,8550
oliveira/04_11/randm09.02.02.07.020_0030.05.aba.beta,True,1,1,0.0006864070892333984,0.0018374919891357422,0.0010213851928710938,0.0035452842712402344,3,1,0,0,0,1,3,3,1,2,0,536,8586
oliveira/04_11/randm09.02.02.08.020_0030.01.aba.beta,True,13,6,0.021860361099243164,0.0931394100189209,0.0016086101531982422,0.1166083812713623,23,13,0,0,0,15,30,20,3,113,0,756,11100
oliveira/04_11/randm09.02.02.08.020_0030.02.aba.beta,True,8,6,0.016796112060546875,0.1189737319946289,0.0013699531555175781,0.13713979721069336,29,8,0,0,0,19,42,26,12,157,0,660,9777
oliveira/04_11/randm09.02.02.08.020_0030.03.aba.beta,True,11,6,0.022617816925048828,0.09990406036376953,0.0019257068634033203,0.12444758415222168,24,11,0,0,0,17,43,23,7,154,0,905,13562
oliveira/04_11/randm09.02.02.08.020_0030.04.aba.beta,True,9,6,0.019725561141967773,0.058837175369262695,0.004529237747192383,0.08309197425842285,23,9,0,0,0,12,28,23,4,88,0,2084,32816
oliveira/04_11/randm09.02.02.08.020_0030.05.aba.beta,True,14,6,0.026804685592651367,0.13440299034118652,0.007006406784057617,0.1682140827178955,26,14,0,0,0,19,53,26,6,119,0,3195,50562
oliveira/04_11/randm09.02.02.09.020_0030.01.aba.beta,True,25,9,0.2448749542236328,3.40498423576355,0.0045909881591796875,3.6544501781463623,93,25,0,0,0,165,157,54,141,623,0,2034,30908
oliveira/04_11/randm09.02.02.09.020_0030.02.aba.beta,True,14,9,0.1345067024230957,1.6961934566497803,0.002220630645751953,1.832920789718628,72,14,0,0,0,143,85,51,130,423,0,1015,14874
oliveira/04_11/randm09.02.02.09.020_0030.03.aba.beta,True,20,9,0.0923316478729248,0.8950343132019043,0.002087116241455078,0.9894530773162842,53,20,0,0,0,74,90,40,55,419,0,956,13238
oliveira/04_11/randm09.02.02.09.020_0030.04.aba.beta,True,25,9,0.09817194938659668,1.2029542922973633,0.0040531158447265625,1.3051793575286865,59,25,0,0,0,95,121,51,71,485,0,1863,27250
oliveira/04_11/randm09.02.02.09.020_0030.05.aba.beta,True,24,9,0.1171114444732666,1.7511441707611084,0.003714323043823242,1.8719699382781982,72,24,0,0,0,122,129,52,99,538,0,1661,24078
oliveira/04_11/randm09.02.02.10.020_0030.01.aba.beta,True,12,6,0.024840593338012695,0.1847991943359375,0.00244140625,0.2120811939239502,33,12,0,0,0,25,67,30,14,248,0,1119,17018
oliveira/04_11/randm09.02.02.10.020_0030.02.aba.beta,True,7,6,0.020861387252807617,0.09879446029663086,0.0013277530670166016,0.12098360061645508,28,7,0,0,0,18,37,24,12,123,0,592,8888
oliveira/04_11/randm09.02.02.10.020_0030.03.aba.beta,True,16,6,0.03557419776916504,0.15672826766967773,0.0020215511322021484,0.19432401657104492,32,16,0,0,0,23,52,28,8,206,0,1003,14363
oliveira/04_11/randm09.02.02.10.020_0030.04.aba.beta,True,6,6,0.019253253936767578,0.06513357162475586,0.0014226436614990234,0.08580946922302246,22,6,0,0,0,13,27,19,8,92,0,582,8824
oliveira/04_11/randm09.02.02.10.020_0030.05.aba.beta,True,8,6,0.026831626892089844,0.10438156127929688,0.0015821456909179688,0.1327953338623047,25,8,0,0,0,16,41,24,9,135,0,657,9649
oliveira/04_11/randm09.02.02.11.020_0030.01.aba.beta,True,18,8,0.06708645820617676,0.8244667053222656,0.0022063255310058594,0.8937594890594482,48,18,0,0,0,71,99,43,54,389,0,1048,15044
oliveira/04_11/randm09.02.02.11.020_0030.02.aba.beta,True,17,8,0.04351210594177246,0.32479262351989746,0.0019037723541259766,0.3702085018157959,45,17,0,0,0,37,66,39,21,341,0,863,12247
oliveira/04_11/randm09.02.02.11.020_0030.03.aba.beta,True,17,8,0.0589447021484375,0.46682119369506836,0.0022125244140625,0.5279784202575684,46,17,0,0,0,49,87,37,33,397,0,1034,14996
oliveira/04_11/randm09.02.02.11.020_0030.04.aba.beta,True,14,8,0.0660243034362793,0.6942734718322754,0.001707315444946289,0.762005090713501,48,14,0,0,0,62,56,39,49,297,0,742,10462
oliveira/04_11/randm09.02.02.11.020_0030.05.aba.beta,True,22,8,0.07028937339782715,0.5628621578216553,0.002669811248779297,0.6358213424682617,53,22,0,0,0,53,88,46,32,420,0,1155,16682
oliveira/04_11/randm09.02.02.12.020_0030.01.aba.beta,True,15,8,0.0900125503540039,0.7387220859527588,0.001951456069946289,0.830686092376709,56,15,0,0,0,71,83,42,57,363,0,917,13283
oliveira/04_11/randm09.02.02.12.020_0030.02.aba.beta,True,25,8,0.06401538848876953,0.47985386848449707,0.002946615219116211,0.5468158721923828,51,25,0,0,0,48,95,46,24,382,0,1397,19817
oliveira/04_11/randm09.02.02.12.020_0030.03.aba.beta,True,22,8,0.0804595947265625,0.5807235240936279,0.0022025108337402344,0.6633856296539307,54,22,0,0,0,53,95,46,32,429,0,1100,15285
oliveira/04_11/randm09.02.02.12.020_0030.04.aba.beta,True,20,8,0.04729890823364258,0.4345052242279053,0.0022077560424804688,0.4840118885040283,47,20,0,0,0,46,75,42,27,339,0,1016,14360
oliveira/04_11/randm09.02.02.12.020_0030.05.aba.beta,True,26,8,0.10679864883422852,0.807220458984375,0.0025625228881835938,0.9165816307067871,67,26,0,0,0,65,109,54,40,535,0,1217,16660
oliveira/04_11/randm09.02.02.13.020_0030.01.aba.beta,True,23,8,0.06573200225830078,0.4194307327270508,0.004058837890625,0.48922157287597656,46,23,0,0,0,36,96,41,14,443,0,1678,24921
oliveira/04_11/randm09.02.02.13.020_0030.02.aba.beta,True,21,8,0.06756591796875,0.8238139152526855,0.004105091094970703,0.8954849243164062,63,21,0,0,0,66,156,52,46,606,0,1863,27763
oliveira/04_11/randm09.02.02.13.020_0030.03.aba.beta,True,26,8,0.8521449565887451,9.50850224494934,0.0040433406829833984,10.36469054222107,169,26,0,0,0,394,204,83,369,1199,0,1783,25717
oliveira/04_11/randm09.02.02.13.020_0030.04.aba.beta,True,22,8,0.07479739189147949,0.7058753967285156,0.002964496612548828,0.783637285232544,65,22,0,0,0,65,138,53,44,586,0,1360,19775
oliveira/04_11/randm09.02.02.13.020_0030.05.aba.beta,True,24,8,0.07760000228881836,0.8662309646606445,0.003586292266845703,0.9474172592163086,73,24,0,0,0,80,122,54,57,494,0,1679,24351
oliveira/04_11/randm09.02.02.14.020_0030.01.aba.beta,True,8,6,0.01577019691467285,0.11467266082763672,0.0014667510986328125,0.13190960884094238,27,8,0,0,0,19,46,23,12,123,0,665,9912
oliveira/04_11/randm09.02.02.14.020_0030.02.aba.beta,True,6,6,0.01917552947998047,0.3156754970550537,0.0015676021575927734,0.33641862869262695,34,6,0,0,0,39,55,28,34,179,0,655,9816
oliveira/04_11/randm09.02.02.14.020_0030.03.aba.beta,True,12,6,0.029267072677612305,0.19199180603027344,0.0016973018646240234,0.22295618057250977,34,12,0,0,0,29,68,32,18,247,0,778,11257
oliveira/04_11/randm09.02.02.14.020_0030.04.aba.beta,True,6,6,0.018543004989624023,0.13592791557312012,0.0013973712921142578,0.1558682918548584,30,6,0,0,0,22,47,27,17,147,0,657,9959
oliveira/04_11/randm09.02.02.14.020_0030.05.aba.beta,True,9,6,0.026216506958007812,0.22855424880981445,0.001575469970703125,0.2563462257385254,31,9,0,0,0,34,69,26,26,213,0,788,11734
oliveira/04_11/randm09.02.02.15.020_0030.01.aba.beta,True,18,8,0.07778382301330566,0.6767284870147705,0.0023899078369140625,0.7569022178649902,57,18,0,0,0,54,90,43,37,354,0,1020,14394
oliveira/04_11/randm09.02.02.15.020_0030.02.aba.beta,True,13,8,0.032135963439941406,0.25461268424987793,0.0016894340515136719,0.288438081741333,39,13,0,0,0,32,68,34,20,261,0,779,11148
oliveira/04_11/randm09.02.02.15.020_0030.03.aba.beta,True,22,8,0.05816841125488281,0.41716957092285156,0.002490997314453125,0.4778289794921875,49,22,0,0,0,42,84,42,21,349,0,1151,16357
oliveira/04_11/randm09.02.02.15.020_0030.04.aba.beta,True,20,8,0.05529975891113281,0.4258401393890381,0.002285003662109375,0.4834249019622803,48,20,0,0,0,41,75,40,22,371,0,1027,14479
oliveira/04_11/randm09.02.02.15.020_0030.05.aba.beta,True,14,8,0.061243534088134766,0.6397256851196289,0.0022497177124023438,0.703218936920166,55,14,0,0,0,67,85,37,54,324,0,1050,16161
oliveira/04_11/randm09.02.02.16.020_0030.01.aba.beta,True,12,6,0.03135538101196289,0.40184855461120605,0.0024683475494384766,0.4356722831726074,48,12,0,0,0,43,87,40,32,304,0,1149,17504
oliveira/04_11/randm09.02.02.16.020_0030.02.aba.beta,True,15,6,0.034949541091918945,0.4669926166534424,0.002540111541748047,0.5044822692871094,50,15,0,0,0,46,88,44,32,324,0,1158,17012
oliveira/04_11/randm09.02.02.16.020_0030.03.aba.beta,True,16,6,0.05942368507385254,0.5065269470214844,0.0034017562866210938,0.569352388381958,51,16,0,0,0,47,112,42,32,366,0,1510,23027
oliveira/04_11/randm09.02.02.16.020_0030.04.aba.beta,True,8,6,0.01771831512451172,0.13641834259033203,0.001615762710571289,0.15575242042541504,30,8,0,0,0,22,45,27,15,149,0,753,11325
oliveira/04_11/randm09.02.02.16.020_0030.05.aba.beta,True,10,6,0.025448083877563477,0.28004932403564453,0.0018079280853271484,0.30730533599853516,40,10,0,0,0,34,73,35,25,271,0,760,11291
oliveira/04_11/randm09.02.02.17.020_0030.01.aba.beta,True,25,9,0.2961001396179199,4.390582084655762,0.006262540817260742,4.692944765090942,106,25,0,0,0,257,157,70,233,847,0,2731,42231
oliveira/04_11/randm09.02.02.17.020_0030.02.aba.beta,True,30,9,0.12204194068908691,1.8795466423034668,0.004675865173339844,2.0062644481658936,80,30,0,0,0,116,143,67,87,674,0,2075,30539
oliveira/04_11/randm09.02.02.17.020_0030.03.aba.beta,True,17,9,0.09498047828674316,1.0656347274780273,0.002299785614013672,1.1629149913787842,64,17,0,0,0,84,117,52,68,414,0,1080,15736
oliveira/04_11/randm09.02.02.17.020_0030.04.aba.beta,True,18,9,0.07819104194641113,0.7983028888702393,0.002073526382446289,0.8785674571990967,55,18,0,0,0,72,79,45,55,368,0,912,12763
oliveira/04_11/randm09.02.02.17.020_0030.05.aba.beta,True,32,9,0.1332695484161377,1.5755672454833984,0.005929470062255859,1.714766263961792,77,32,0,0,0,96,154,67,65,640,0,2703,40317
oliveira/04_11/randm09.02.02.18.020_0030.01.aba.beta,True,16,7,0.06109619140625,0.7824299335479736,0.002206087112426758,0.8457322120666504,52,16,0,0,0,68,93,41,53,404,0,1012,14733
oliveira/04_11/randm09.02.02.18.020_0030.02.aba.beta,True,19,7,0.06511211395263672,0.6629760265350342,0.0024805068969726562,0.7305686473846436,61,19,0,0,0,64,73,39,46,461,0,905,12605
oliveira/04_11/randm09.02.02.18.020_0030.03.aba.beta,True,17,7,0.05822277069091797,0.5341060161590576,0.003200531005859375,0.595529317855835,45,17,0,0,0,44,118,37,28,441,0,1283,19104
oliveira/04_11/randm09.02.02.18.020_0030.04.aba.beta,True,18,7,0.04652976989746094,0.44409751892089844,0.0030765533447265625,0.49370384216308594,45,18,0,0,0,40,127,38,23,387,0,1444,21248
oliveira/04_11/randm09.02.02.18.020_0030.05.aba.beta,True,15,7,0.04612898826599121,0.43317365646362305,0.002774953842163086,0.48207759857177734,49,15,0,0,0,47,126,43,33,400,0,1242,18734
oliveira/04_11/randm09.02.02.19.020_0030.01.aba.beta,True,15,8,0.2342073917388916,3.5069291591644287,0.0022165775299072266,3.7433531284332275,99,15,0,0,0,263,126,59,249,610,0,1075,15806
oliveira/04_11/randm09.02.02.19.020_0030.02.aba.beta,True,16,8,0.052842140197753906,0.6173031330108643,0.004484653472900391,0.6746299266815186,61,16,0,0,0,61,150,48,46,411,0,2041,31283
oliveira/04_11/randm09.02.02.19.020_0030.03.aba.beta,True,20,8,0.13504862785339355,2.4235334396362305,0.002689838409423828,2.561271905899048,76,20,0,0,0,163,114,56,144,515,0,1262,18091
oliveira/04_11/randm09.02.02.19.020_0030.04.aba.beta,True,20,8,0.23926448822021484,3.3710367679595947,0.0030083656311035156,3.613309621810913,96,20,0,0,0,244,149,62,225,674,0,1401,20506
oliveira/04_11/randm09.02.02.19.020_0030.05.aba.beta,True,29,8,0.1230154037475586,1.1160423755645752,0.007225513458251953,1.2462832927703857,62,29,0,0,0,70,201,51,42,603,0,2871,43256
oliveira/04_11/randm10.02.02.01.020_0030.01.aba.beta,True,9,6,0.020449399948120117,0.09711289405822754,0.0020265579223632812,0.11958885192871094,25,9,0,0,0,18,27,23,10,101,0,956,14440
oliveira/04_11/randm10.02.02.01.020_0030.02.aba.beta,True,15,6,0.03217625617980957,0.1510012149810791,0.0022935867309570312,0.1854710578918457,31,15,0,0,0,23,42,28,9,189,0,1022,15092
oliveira/04_11/randm10.02.02.01.020_0030.03.aba.beta,True,6,6,0.015639066696166992,0.13344097137451172,0.0012111663818359375,0.15029120445251465,32,6,0,0,0,23,33,28,18,120,0,575,8736
oliveira/04_11/randm10.02.02.01.020_0030.04.aba.beta,True,9,6,0.026316165924072266,0.12242817878723145,0.0013165473937988281,0.15006089210510254,30,9,0,0,0,21,47,26,13,174,0,640,9414
oliveira/04_11/randm10.02.02.01.020_0030.05.aba.beta,True,14,6,0.031152963638305664,0.10638928413391113,0.007119655609130859,0.14466190338134766,27,14,0,0,0,18,32,25,5,118,0,3253,51415
oliveira/04_11/randm10.02.02.02.020_0030.01.aba.beta,True,22,9,0.08819031715393066,0.8302340507507324,0.0033304691314697266,0.9217548370361328,59,22,0,0,0,73,124,53,52,429,0,1552,22380
oliveira/04_11/randm10.02.02.02.020_0030.02.aba.beta,True,28,9,0.1585075855255127,2.3215293884277344,0.0038127899169921875,2.4838497638702393,88,28,0,0,0,138,160,63,111,691,0,1725,24871
oliveira/04_11/randm10.02.02.02.020_0030.03.aba.beta,True,30,9,0.1263899803161621,2.176560640335083,0.004515409469604492,2.3074660301208496,79,30,0,0,0,116,134,61,87,662,0,2018,29788
oliveira/04_11/randm10.02.02.02.020_0030.04.aba.beta,True,28,9,0.22495603561401367,3.002991199493408,0.0030541419982910156,3.231001377105713,86,28,0,0,0,163,124,59,136,716,0,1394,20074
oliveira/04_11/randm10.02.02.02.020_0030.05.aba.beta,True,30,9,0.3682210445404053,5.211130142211914,0.0034723281860351562,5.5828235149383545,130,30,0,0,0,268,178,67,239,1041,0,1562,21521
oliveira/04_11/randm10.02.02.03.020_0030.01.aba.beta,True,17,8,0.05897235870361328,0.5552041530609131,0.002696990966796875,0.6168735027313232,57,17,0,0,0,56,100,46,40,387,0,1237,18046
oliveira/04_11/randm10.02.02.03.020_0030.02.aba.beta,True,16,8,0.058989524841308594,0.5688142776489258,0.0023894309997558594,0.6301932334899902,54,16,0,0,0,63,87,48,48,345,0,1119,15933
oliveira/04_11/randm10.02.02.03.020_0030.03.aba.beta,True,17,8,0.07149434089660645,0.9773581027984619,0.0026612281799316406,1.051513671875,60,17,0,0,0,81,112,45,65,458,0,1202,17908
oliveira/04_11/randm10.02.02.03.020_0030.04.aba.beta,True,19,8,0.0733797550201416,0.9397790431976318,0.002583742141723633,1.015742540359497,63,19,0,0,0,80,106,51,62,418,0,1166,16647
oliveira/04_11/randm10.02.02.03.020_0030.05.aba.beta,True,21,8,0.07133173942565918,0.4220099449157715,0.002816438674926758,0.4961581230163574,50,21,0,0,0,41,99,40,21,353,0,1365,19799
oliveira/04_11/randm10.02.02.04.020_0030.01.aba.beta,True,7,5,0.013745546340942383,0.07425236701965332,0.0016520023345947266,0.08964991569519043,21,7,0,0,0,13,33,20,7,108,0,641,9498
oliveira/04_11/randm10.02.02.04.020_0030.02.aba.beta,True,6,5,0.019965648651123047,0.09351634979248047,0.0014910697937011719,0.11497306823730469,24,6,0,0,0,15,30,23,10,100,0,595,8914
oliveira/04_11/randm10.02.02.04.020_0030.03.aba.beta,True,9,5,0.018136262893676758,0.10711169242858887,0.0014679431915283203,0.12671589851379395,23,9,0,0,0,18,38,19,10,128,0,618,9349
oliveira/04_11/randm10.02.02.04.020_0030.04.aba.beta,True,6,5,0.01483464241027832,0.029021263122558594,0.0014903545379638672,0.04534626007080078,14,6,0,0,0,6,28,14,1,66,0,586,8918
oliveira/04_11/randm10.02.02.04.020_0030.05.aba.beta,True,6,5,0.013402223587036133,0.07226777076721191,0.0014574527740478516,0.0871274471282959,21,6,0,0,0,14,26,21,9,81,0,587,8829
oliveira/04_11/randm10.02.02.05.020_0030.01.aba.beta,True,25,8,0.07533740997314453,0.6076152324676514,0.00462651252746582,0.6875791549682617,61,25,0,0,0,57,84,52,33,432,0,2006,30519
oliveira/04_11/randm10.02.02.05.020_0030.02.aba.beta,True,15,7,0.04065990447998047,0.3349640369415283,0.003998279571533203,0.379622220993042,45,15,0,0,0,38,92,40,24,257,0,1812,27426
oliveira/04_11/randm10.02.02.05.020_0030.03.aba.beta,True,19,8,0.05950736999511719,0.6807477474212646,0.004963874816894531,0.7452189922332764,54,19,0,0,0,51,131,49,33,402,0,1987,30217
oliveira/04_11/randm10.02.02.05.020_0030.04.aba.beta,True,19,8,0.061948299407958984,0.7151947021484375,0.00561213493347168,0.7827551364898682,63,19,0,0,0,67,122,52,49,414,0,2539,38585
oliveira/04_11/randm10.02.02.05.020_0030.05.aba.beta,True,28,8,0.22830629348754883,4.345622539520264,0.008354902267456055,4.5822837352752686,111,28,0,0,0,174,215,69,147,907,0,3678,56523
oliveira/04_11/randm10.02.02.06.020_0030.01.aba.beta,True,28,9,0.08444976806640625,0.6009252071380615,0.002794027328491211,0.688169002532959,55,28,0,0,0,45,87,48,18,518,0,1375,19271
oliveira/04_11/randm10.02.02.06.020_0030.02.aba.beta,True,20,9,0.09974193572998047,2.402054786682129,0.0033698081970214844,2.505166530609131,76,20,0,0,0,102,145,49,83,595,0,1400,20597
oliveira/04_11/randm10.02.02.06.020_0030.03.aba.beta,True,26,9,0.1303424835205078,2.3123745918273926,0.003224611282348633,2.445941686630249,76,26,0,0,0,113,114,53,88,669,0,1462,20597
oliveira/04_11/randm10.02.02.06.020_0030.04.aba.beta,True,17,9,0.053949832916259766,0.5601754188537598,0.002000570297241211,0.6161258220672607,53,17,0,0,0,52,80,47,36,433,0,917,13150
oliveira/04_11/randm10.02.02.06.020_0030.05.aba.beta,True,23,9,0.16606783866882324,2.0119216442108154,0.003036975860595703,2.1810264587402344,77,23,0,0,0,111,134,52,89,640,0,1329,19431
oliveira/04_11/randm10.02.02.07.020_0030.01.aba.beta,True,38,9,0.4742112159729004,6.368321418762207,0.007733583450317383,6.850266218185425,132,38,0,0,0,237,205,87,200,1097,0,3086,46189
oliveira/04_11/randm10.02.02.07.020_0030.02.aba.beta,True,23,9,0.37804484367370605,4.547823905944824,0.002333402633666992,4.928202152252197,114,23,0,0,0,276,148,56,254,771,0,1056,14891
oliveira/04_11/randm10.02.02.07.020_0030.03.aba.beta,True,26,9,0.15207290649414062,2.0941545963287354,0.0034084320068359375,2.249635934829712,83,26,0,0,0,143,112,60,118,561,0,1500,21588
oliveira/04_11/randm10.02.02.07.020_0030.04.aba.beta,True,25,9,0.08310747146606445,1.0689969062805176,0.003941059112548828,1.1560454368591309,55,25,0,0,0,67,127,51,43,525,0,1872,27081
oliveira/04_11/randm10.02.02.07.020_0030.05.aba.beta,True,24,9,0.07985472679138184,1.107384204864502,0.0029234886169433594,1.1901624202728271,57,24,0,0,0,76,107,48,53,510,0,1397,19818
oliveira/04_11/randm10.02.02.08.020_0030.01.aba.beta,True,32,9,0.10176229476928711,1.0788891315460205,0.003248453140258789,1.1838998794555664,63,32,0,0,0,81,96,56,50,584,0,1489,21304
oliveira/04_11/randm10.02.02.08.020_0030.02.aba.beta,True,20,9,0.06229257583618164,0.5599617958068848,0.0017926692962646484,0.624047040939331,51,20,0,0,0,56,62,42,37,367,0,876,11935
oliveira/04_11/randm10.02.02.08.020_0030.03.aba.beta,True,22,9,0.10011839866638184,1.472245693206787,0.0020291805267333984,1.5743932723999023,66,22,0,0,0,102,71,43,81,513,0,976,13226
oliveira/04_11/randm10.02.02.08.020_0030.04.aba.beta,True,16,9,0.15433812141418457,2.4328320026397705,0.0017464160919189453,2.588916540145874,76,16,0,0,0,156,88,49,141,425,0,807,11373
oliveira/04_11/randm10.02.02.08.020_0030.05.aba.beta,True,17,9,0.07635784149169922,1.0822551250457764,0.0018024444580078125,1.1604154109954834,64,17,0,0,0,86,85,50,70,406,0,848,11924
oliveira/04_11/randm10.02.02.09.020_0030.01.aba.beta,True,16,7,0.05147862434387207,0.7311627864837646,0.0023038387298583984,0.7849452495574951,53,16,0,0,0,58,95,41,43,320,0,1065,15804
oliveira/04_11/randm10.02.02.09.020_0030.02.aba.beta,True,14,7,0.039914846420288086,0.3421483039855957,0.0016601085662841797,0.38372325897216797,38,14,0,0,0,34,78,33,21,285,0,798,11547
oliveira/04_11/randm10.02.02.09.020_0030.03.aba.beta,True,20,7,0.05614757537841797,0.3329200744628906,0.0019788742065429688,0.39104652404785156,44,20,0,0,0,39,60,40,20,317,0,921,12874
oliveira/04_11/randm10.02.02.09.020_0030.04.aba.beta,True,22,7,0.05495500564575195,0.3628580570220947,0.002477407455444336,0.420290470123291,45,22,0,0,0,39,87,35,18,389,0,1046,14713
oliveira/04_11/randm10.02.02.09.020_0030.05.aba.beta,True,16,7,0.04911041259765625,0.5893728733062744,0.0019922256469726562,0.6404755115509033,46,16,0,0,0,55,84,37,40,334,0,958,13962
oliveira/04_11/randm10.02.02.10.020_0030.01.aba.beta,True,18,7,0.03517866134643555,0.2300403118133545,0.002056121826171875,0.2672750949859619,38,18,0,0,0,29,82,37,12,298,0,976,14091
oliveira/04_11/randm10.02.02.10.020_0030.02.aba.beta,True,14,7,0.03452467918395996,0.2137901782989502,0.0015888214111328125,0.24990367889404297,34,14,0,0,0,28,62,32,15,217,0,787,11242
oliveira/04_11/randm10.02.02.10.020_0030.03.aba.beta,True,16,7,0.04413580894470215,0.23723959922790527,0.0020852088928222656,0.2834606170654297,38,16,0,0,0,32,76,37,17,325,0,939,13421
oliveira/04_11/randm10.02.02.10.020_0030.04.aba.beta,True,18,7,0.04830646514892578,0.4064371585845947,0.001833200454711914,0.4565768241882324,52,18,0,0,0,50,71,42,33,328,0,901,12622
oliveira/04_11/randm10.02.02.10.020_0030.05.aba.beta,True,11,7,0.03680682182312012,0.5141830444335938,0.0020461082458496094,0.5530359745025635,47,11,0,0,0,57,86,37,47,298,0,865,12760
oliveira/04_11/randm10.02.02.11.020_0030.01.aba.beta,True,12,7,0.0401453971862793,0.2904646396636963,0.001375436782836914,0.3319854736328125,43,12,0,0,0,37,44,38,26,218,0,655,9233
oliveira/04_11/randm10.02.02.11.020_0030.02.aba.beta,True,21,7,0.04964876174926758,0.23303651809692383,0.0021517276763916016,0.284837007522583,38,21,0,0,0,29,57,36,9,313,0,1001,13902
oliveira/04_11/randm10.02.02.11.020_0030.03.aba.beta,True,18,7,0.0416872501373291,0.2975122928619385,0.0028421878814697266,0.3420417308807373,40,18,0,0,0,34,88,30,17,297,0,1076,15629
oliveira/04_11/randm10.02.02.11.020_0030.04.aba.beta,True,18,7,0.03742265701293945,0.19085407257080078,0.001873016357421875,0.2301497459411621,36,18,0,0,0,24,62,33,7,281,0,942,13080
oliveira/04_11/randm10.02.02.11.020_0030.05.aba.beta,True,15,7,0.032906293869018555,0.15939116477966309,0.0023555755615234375,0.19465303421020508,33,15,0,0,0,21,67,33,7,213,0,1091,16060
oliveira/04_11/randm10.02.02.12.020_0030.01.aba.beta,True,14,8,0.05185246467590332,0.5793468952178955,0.002132415771484375,0.6333317756652832,47,14,0,0,0,60,82,39,47,288,0,950,13732
oliveira/04_11/randm10.02.02.12.020_0030.02.aba.beta,True,16,8,0.11079764366149902,1.508016586303711,0.0020859241485595703,1.6209001541137695,78,16,0,0,0,120,104,50,105,490,0,1006,14888
oliveira/04_11/randm10.02.02.12.020_0030.03.aba.beta,True,23,8,0.06572389602661133,0.30895400047302246,0.0018513202667236328,0.3765292167663574,42,23,0,0,0,33,49,37,11,341,0,897,12162
oliveira/04_11/randm10.02.02.12.020_0030.04.aba.beta,True,18,8,0.06301045417785645,0.6305718421936035,0.0018465518951416016,0.6954288482666016,55,18,0,0,0,65,63,44,48,372,0,795,10939
oliveira/04_11/randm10.02.02.12.020_0030.05.aba.beta,True,26,8,0.08831048011779785,0.9921839237213135,0.0036468505859375,1.0841412544250488,67,26,0,0,0,79,132,53,54,586,0,1725,24801
oliveira/04_11/randm10.02.02.13.020_0030.01.aba.beta,True,12,6,0.03291177749633789,0.198256254196167,0.0015034675598144531,0.23267149925231934,33,12,0,0,0,26,45,31,15,244,0,728,10500
oliveira/04_11/randm10.02.02.13.020_0030.02.aba.beta,True,9,6,0.017720460891723633,0.14961981773376465,0.0022644996643066406,0.16960477828979492,27,9,0,0,0,21,70,27,13,197,0,936,14387
oliveira/04_11/randm10.02.02.13.020_0030.03.aba.beta,True,10,6,0.020761489868164062,0.1841871738433838,0.002103090286254883,0.20705175399780273,32,10,0,0,0,24,87,27,15,220,0,960,14478
oliveira/04_11/randm10.02.02.13.020_0030.04.aba.beta,True,18,6,0.03927469253540039,0.3951892852783203,0.0027282238006591797,0.4371922016143799,45,18,0,0,0,40,106,38,23,360,0,1237,18290
oliveira/04_11/randm10.02.02.13.020_0030.05.aba.beta,True,17,6,0.055211782455444336,0.39804553985595703,0.002706289291381836,0.4559636116027832,43,17,0,0,0,38,125,36,22,340,0,1269,18609
oliveira/04_11/randm10.02.02.14.020_0030.01.aba.beta,True,25,9,0.5537264347076416,6.151387929916382,0.003213167190551758,6.708327531814575,119,25,0,0,0,323,153,77,299,932,0,1499,21274
oliveira/04_11/randm10.02.02.14.020_0030.02.aba.beta,True,17,9,0.6281354427337646,6.5295631885528564,0.0018143653869628906,7.159512996673584,111,17,0,0,0,372,125,61,356,723,0,827,11694
oliveira/04_11/randm10.02.02.14.020_0030.03.aba.beta,True,26,9,0.5563461780548096,8.51875376701355,0.005004405975341797,9.080104351043701,126,26,0,0,0,378,218,71,353,942,0,2193,33058
oliveira/04_11/randm10.02.02.14.020_0030.04.aba.beta,True,27,9,4.229343414306641,31.949268579483032,0.004107236862182617,36.182719230651855,189,27,0,0,0,1269,254,87,1243,1423,0,2205,32992
oliveira/04_11/randm10.02.02.14.020_0030.05.aba.beta,True,26,9,1.1109473705291748,8.723393201828003,0.003379344940185547,9.837719917297363,136,26,0,0,0,437,189,74,412,1075,0,1472,21403
oliveira/04_11/randm10.02.02.15.020_0030.01.aba.beta,True,19,8,0.078857421875,0.9947984218597412,0.0021865367889404297,1.0758423805236816,63,19,0,0,0,98,98,48,80,394,0,1018,14476
oliveira/04_11/randm10.02.02.15.020_0030.02.aba.beta,True,21,8,0.06214737892150879,0.6823825836181641,0.001837015151977539,0.7463669776916504,56,21,0,0,0,59,72,43,39,421,0,883,12115
oliveira/04_11/randm10.02.02.15.020_0030.03.aba.beta,True,23,8,0.10689163208007812,1.0372123718261719,0.003116130828857422,1.1472201347351074,71,23,0,0,0,81,113,52,59,529,0,1486,21333
oliveira/04_11/randm10.02.02.15.020_0030.04.aba.beta,True,20,8,0.06199216842651367,0.8249719142913818,0.0021386146545410156,0.8891026973724365,54,20,0,0,0,77,76,45,58,458,0,1017,14116
oliveira/04_11/randm10.02.02.15.020_0030.05.aba.beta,True,23,8,0.07114338874816895,0.756026029586792,0.002170562744140625,0.8293399810791016,54,23,0,0,0,66,69,41,44,365,0,1081,14770
oliveira/04_11/randm10.02.02.16.020_0030.01.aba.beta,True,15,8,0.22559189796447754,3.760261058807373,0.0029840469360351562,3.9888370037078857,122,15,0,0,0,230,174,68,216,861,0,1274,18936
oliveira/04_11/randm10.02.02.16.020_0030.02.aba.beta,True,32,8,0.13760805130004883,1.7729976177215576,0.0059642791748046875,1.9165699481964111,77,32,0,0,0,104,156,60,73,742,0,2106,30508
oliveira/04_11/randm10.02.02.16.020_0030.03.aba.beta,True,20,8,0.08101153373718262,0.8766336441040039,0.003286600112915039,0.9609317779541016,67,20,0,0,0,73,121,49,54,491,0,1468,21262
oliveira/04_11/randm10.02.02.16.020_0030.04.aba.beta,True,21,8,0.1117708683013916,1.628342866897583,0.002408742904663086,1.7425224781036377,97,21,0,0,0,132,144,69,112,639,0,1179,16444
oliveira/04_11/randm10.02.02.16.020_0030.05.aba.beta,True,27,8,0.22940301895141602,4.122188091278076,0.004110097885131836,4.355701208114624,120,27,0,0,0,214,204,70,188,931,0,1835,26831
oliveira/04_11/randm10.02.02.17.020_0030.01.aba.beta,True,13,7,0.038089752197265625,0.2958223819732666,0.0015790462493896484,0.3354911804199219,39,13,0,0,0,36,51,37,24,312,0,775,11131
oliveira/04_11/randm10.02.02.17.020_0030.02.aba.beta,True,15,7,0.06653380393981934,0.800832986831665,0.002363443374633789,0.8697302341461182,71,15,0,0,0,77,121,46,63,417,0,1040,15294
oliveira/04_11/randm10.02.02.17.020_0030.03.aba.beta,True,15,7,0.0366365909576416,0.4487929344177246,0.0019497871398925781,0.4873793125152588,43,15,0,0,0,42,79,38,28,297,0,915,13435
oliveira/04_11/randm10.02.02.17.020_0030.04.aba.beta,True,17,7,0.04769778251647949,0.5715720653533936,0.0019767284393310547,0.6212465763092041,51,17,0,0,0,58,91,40,42,316,0,956,13564
oliveira/04_11/randm10.02.02.17.020_0030.05.aba.beta,True,20,7,0.057229042053222656,0.4710524082183838,0.0020961761474609375,0.5303776264190674,55,20,0,0,0,49,92,45,30,435,0,1037,14704
oliveira/04_11/randm10.02.02.18.020_0030.01.aba.beta,True,1,1,0.009277105331420898,0.002094268798828125,0.0011899471282958984,0.012561321258544922,3,1,0,0,0,1,3,3,1,2,0,539,8607
oliveira/04_11/randm10.02.02.18.020_0030.02.aba.beta,True,1,1,0.0008587837219238281,0.0019066333770751953,0.00139617919921875,0.0041615962982177734,3,1,0,0,0,1,3,3,1,2,0,537,8599
oliveira/04_11/randm10.02.02.18.020_0030.03.aba.beta,True,1,1,0.0008502006530761719,0.0020177364349365234,0.0011451244354248047,0.0040130615234375,3,1,0,0,0,1,3,3,1,2,0,537,8596
oliveira/04_11/randm10.02.02.18.020_0030.04.aba.beta,True,1,1,0.0008199214935302734,0.001893758773803711,0.0011398792266845703,0.0038535594940185547,3,1,0,0,0,1,3,3,1,2,0,536,8587
oliveira/04_11/randm10.02.02.18.020_0030.05.aba.beta,True,1,1,0.0007424354553222656,0.001890420913696289,0.0011429786682128906,0.0037758350372314453,3,1,0,0,0,1,3,3,1,2,0,537,8596
oliveira/04_11/randm10.02.02.19.020_0030.01.aba.beta,True,25,10,0.10925531387329102,1.2346746921539307,0.002952098846435547,1.3468821048736572,68,25,0,0,0,91,94,58,67,503,0,1379,19515
oliveira/04_11/randm10.02.02.19.020_0030.02.aba.beta,True,19,10,0.18869423866271973,2.3316662311553955,0.002913951873779297,2.5232744216918945,93,19,0,0,0,171,144,59,153,631,0,1317,19139
oliveira/04_11/randm10.02.02.19.020_0030.03.aba.beta,True,31,10,0.16724085807800293,2.625276565551758,0.004743099212646484,2.7972605228424072,84,31,0,0,0,143,133,63,113,682,0,2173,31588
oliveira/04_11/randm10.02.02.19.020_0030.04.aba.beta,True,23,10,0.1093752384185791,1.3306443691253662,0.002201080322265625,1.442220687866211,76,23,0,0,0,103,106,55,81,543,0,1054,14345
oliveira/04_11/randm10.02.02.19.020_0030.05.aba.beta,True,34,10,0.1956346035003662,4.433265209197998,0.004103899002075195,4.6330037117004395,85,34,0,0,0,156,176,66,123,745,0,1945,27781
oliveira/04_11/randm11.02.02.01.020_0030.01.aba.beta,True,22,10,0.14062881469726562,2.149352550506592,0.002286672592163086,2.2922680377960205,83,22,0,0,0,132,124,58,111,615,0,1099,15153
oliveira/04_11/randm11.02.02.01.020_0030.02.aba.beta,True,25,10,0.19268250465393066,2.4106228351593018,0.002854585647583008,2.6061599254608154,90,25,0,0,0,151,123,61,127,641,0,1353,18940
oliveira/04_11/randm11.02.02.01.020_0030.03.aba.beta,True,29,10,2.2545793056488037,30.036286115646362,0.004541158676147461,32.29540657997131,168,29,0,0,0,712,257,77,684,1251,0,2407,35777
oliveira/04_11/randm11.02.02.01.020_0030.04.aba.beta,True,24,10,0.3868825435638428,4.880435943603516,0.0037250518798828125,5.271043539047241,102,24,0,0,0,237,180,63,214,812,0,1659,24510
oliveira/04_11/randm11.02.02.01.020_0030.05.aba.beta,True,25,10,0.3037872314453125,3.631779432296753,0.003075838088989258,3.9386425018310547,100,25,0,0,0,209,151,63,185,760,0,1481,21104
oliveira/04_11/randm11.02.02.02.020_0030.01.aba.beta,True,23,9,0.08909726142883301,0.6834521293640137,0.004369020462036133,0.7769184112548828,57,23,0,0,0,52,138,47,30,457,0,1785,26579
oliveira/04_11/randm11.02.02.02.020_0030.02.aba.beta,True,30,10,0.15033888816833496,2.052806854248047,0.007827043533325195,2.210972785949707,83,30,0,0,0,117,135,63,88,693,0,3443,52931
oliveira/04_11/randm11.02.02.02.020_0030.03.aba.beta,True,26,10,0.11871004104614258,1.391845464706421,0.003856658935546875,1.5144121646881104,75,26,0,0,0,95,100,61,70,541,0,1568,22344
oliveira/04_11/randm11.02.02.02.020_0030.04.aba.beta,True,22,10,0.10990476608276367,1.6070759296417236,0.0033843517303466797,1.720365047454834,71,22,0,0,0,107,107,51,86,569,0,1218,17113
oliveira/04_11/randm11.02.02.02.020_0030.05.aba.beta,True,33,10,0.1268002986907959,1.2863388061523438,0.0040051937103271484,1.4171442985534668,69,33,0,0,0,87,121,53,55,618,0,1809,25700
oliveira/04_11/randm11.02.02.03.020_0030.01.aba.beta,True,24,10,0.4797377586364746,4.867574691772461,0.0046672821044921875,5.351979732513428,109,24,0,0,0,284,122,63,261,685,0,2136,31286
oliveira/04_11/randm11.02.02.03.020_0030.02.aba.beta,True,23,10,0.9767000675201416,8.5668203830719,0.003536224365234375,9.547056674957275,133,23,0,0,0,385,180,73,363,993,0,1497,21929
oliveira/04_11/randm11.02.02.03.020_0030.03.aba.beta,True,24,10,2.1316096782684326,16.0120530128479,0.0035762786865234375,18.147238969802856,150,24,0,0,0,548,189,76,525,1122,0,1633,23759
oliveira/04_11/randm11.02.02.03.020_0030.04.aba.beta,True,26,10,3.9577255249023438,31.297301769256592,0.002293109893798828,35.257320404052734,161,26,0,0,0,1069,199,71,1044,1118,0,1227,16795
oliveira/04_11/randm11.02.02.03.020_0030.05.aba.beta,True,27,10,0.4110691547393799,4.31259560585022,0.008211612701416016,4.731876373291016,101,27,0,0,0,237,152,66,211,675,0,3675,56098
oliveira/04_11/randm11.02.02.04.020_0030.01.aba.beta,True,14,9,0.0655374526977539,0.6727766990661621,0.0016794204711914062,0.7399935722351074,56,14,0,0,0,65,78,45,52,350,0,793,11162
oliveira/04_11/randm11.02.02.04.020_0030.02.aba.beta,True,20,9,0.20502138137817383,1.9981892108917236,0.002625703811645508,2.205836296081543,78,20,0,0,0,147,113,46,128,466,0,1194,16997
oliveira/04_11/randm11.02.02.04.020_0030.03.aba.beta,True,20,9,0.07261204719543457,0.6753036975860596,0.0018415451049804688,0.7497572898864746,63,20,0,0,0,58,71,51,39,461,0,903,12362
oliveira/04_11/randm11.02.02.04.020_0030.04.aba.beta,True,26,9,0.08028554916381836,0.6553103923797607,0.0027964115142822266,0.7383923530578613,59,26,0,0,0,57,102,50,32,495,0,1342,18636
oliveira/04_11/randm11.02.02.04.020_0030.05.aba.beta,True,26,9,0.11556196212768555,0.8392398357391357,0.002870321273803711,0.957672119140625,58,26,0,0,0,72,93,47,47,433,0,1320,18359
oliveira/04_11/randm11.02.02.05.020_0030.01.aba.beta,True,20,8,0.05947422981262207,0.6908063888549805,0.0024194717407226562,0.7527000904083252,54,20,0,0,0,56,95,43,37,458,0,1134,16130
oliveira/04_11/randm11.02.02.05.020_0030.02.aba.beta,True,17,8,0.05122113227844238,0.49822449684143066,0.0028264522552490234,0.5522720813751221,46,17,0,0,0,38,120,39,22,381,0,1279,18824
oliveira/04_11/randm11.02.02.05.020_0030.03.aba.beta,True,23,8,0.0672757625579834,0.5519716739654541,0.0023195743560791016,0.6215670108795166,52,23,0,0,0,50,78,45,28,424,0,1147,15844
oliveira/04_11/randm11.02.02.05.020_0030.04.aba.beta,True,25,8,0.0897986888885498,1.0817418098449707,0.0025873184204101562,1.1741278171539307,65,25,0,0,0,87,90,51,63,596,0,1187,16652
oliveira/04_11/randm11.02.02.05.020_0030.05.aba.beta,True,30,8,0.11796450614929199,1.2301499843597412,0.0028378963470458984,1.350952386856079,66,30,0,0,0,82,86,50,53,623,0,1352,18651
oliveira/04_11/randm11.02.02.06.020_0030.01.aba.beta,True,19,8,0.04995870590209961,0.38182544708251953,0.002728700637817383,0.4345128536224365,47,19,0,0,0,36,114,43,18,371,0,1286,18794
oliveira/04_11/randm11.02.02.06.020_0030.02.aba.beta,True,18,8,0.06837058067321777,0.6659364700317383,0.003964662551879883,0.7382717132568359,49,18,0,0,0,53,105,40,36,317,0,1726,27010
oliveira/04_11/randm11.02.02.06.020_0030.03.aba.beta,True,17,8,0.045911550521850586,0.2940053939819336,0.001996755599975586,0.34191370010375977,44,17,0,0,0,34,52,32,18,289,0,974,13772
oliveira/04_11/randm11.02.02.06.020_0030.04.aba.beta,True,19,8,0.05728578567504883,0.37154412269592285,0.002565145492553711,0.4313950538635254,42,19,0,0,0,38,86,33,20,312,0,1178,16966
oliveira/04_11/randm11.02.02.06.020_0030.05.aba.beta,True,19,8,0.04808759689331055,0.31688570976257324,0.0032830238342285156,0.3682563304901123,42,19,0,0,0,34,97,37,16,353,0,1503,22183
oliveira/04_11/randm11.02.02.07.020_0030.01.aba.beta,True,27,9,0.11319303512573242,1.3851454257965088,0.004253387451171875,1.502591848373413,68,27,0,0,0,85,127,54,59,525,0,1991,28814
oliveira/04_11/randm11.02.02.07.020_0030.02.aba.beta,True,21,9,0.10825967788696289,1.7009861469268799,0.0039484500885009766,1.8131942749023438,74,21,0,0,0,94,175,59,74,553,0,1721,25433
oliveira/04_11/randm11.02.02.07.020_0030.03.aba.beta,True,29,9,0.13467621803283691,2.0324482917785645,0.0039463043212890625,2.1710708141326904,79,29,0,0,0,117,161,57,89,678,0,1829,26759
oliveira/04_11/randm11.02.02.07.020_0030.04.aba.beta,True,25,9,0.21389126777648926,2.942293882369995,0.0038797855377197266,3.160064935684204,93,25,0,0,0,157,165,60,133,685,0,1732,25904
oliveira/04_11/randm11.02.02.07.020_0030.05.aba.beta,True,21,9,0.10011577606201172,1.3715648651123047,0.0031714439392089844,1.4748520851135254,66,21,0,0,0,108,103,56,88,448,0,1457,20956
oliveira/04_11/randm11.02.02.08.020_0030.01.aba.beta,True,12,6,0.02773451805114746,0.29656291007995605,0.0015387535095214844,0.325836181640625,45,12,0,0,0,36,60,33,25,293,0,707,10209
oliveira/04_11/randm11.02.02.08.020_0030.02.aba.beta,True,15,6,0.037328481674194336,0.1945204734802246,0.0016868114471435547,0.2335357666015625,38,15,0,0,0,29,56,31,15,231,0,807,11361
oliveira/04_11/randm11.02.02.08.020_0030.03.aba.beta,True,14,6,0.029965639114379883,0.12896108627319336,0.0025861263275146484,0.1615128517150879,28,14,0,0,0,22,44,28,9,158,0,1249,18800
oliveira/04_11/randm11.02.02.08.020_0030.04.aba.beta,True,13,6,0.03824734687805176,0.32311177253723145,0.0016257762908935547,0.36298489570617676,46,13,0,0,0,41,70,35,29,292,0,768,11052
oliveira/04_11/randm11.02.02.08.020_0030.05.aba.beta,True,12,6,0.033672332763671875,0.2527613639831543,0.0013866424560546875,0.28782033920288086,45,12,0,0,0,36,54,32,25,240,0,656,9361
oliveira/04_11/randm11.02.02.09.020_0030.01.aba.beta,True,9,6,0.021840572357177734,0.23579740524291992,0.0019638538360595703,0.2596018314361572,41,9,0,0,0,32,77,32,24,230,0,863,13239
oliveira/04_11/randm11.02.02.09.020_0030.02.aba.beta,True,13,6,0.024669647216796875,0.1458277702331543,0.0019125938415527344,0.1724100112915039,27,13,0,0,0,18,77,26,6,270,0,912,13390
oliveira/04_11/randm11.02.02.09.020_0030.03.aba.beta,True,14,6,0.037656307220458984,0.23544621467590332,0.002650737762451172,0.2757532596588135,36,14,0,0,0,29,115,34,16,308,0,1194,17653
oliveira/04_11/randm11.02.02.09.020_0030.04.aba.beta,True,16,6,0.03885626792907715,0.3776371479034424,0.002672433853149414,0.41916584968566895,48,16,0,0,0,40,98,39,25,391,0,1214,18043
oliveira/04_11/randm11.02.02.09.020_0030.05.aba.beta,True,16,6,0.03951692581176758,0.2561500072479248,0.001993417739868164,0.29766035079956055,37,16,0,0,0,32,84,34,17,281,0,961,13744
oliveira/04_11/randm11.02.02.10.020_0030.01.aba.beta,True,30,9,2.0804548263549805,23.360641956329346,0.00966787338256836,25.450764656066895,188,30,0,0,0,645,307,88,616,1489,0,4251,65296
oliveira/04_11/randm11.02.02.10.020_0030.02.aba.beta,True,34,9,1.5630841255187988,16.838438272476196,0.0063397884368896484,18.407862186431885,168,34,0,0,0,494,274,95,461,1377,0,2866,42381
oliveira/04_11/randm11.02.02.10.020_0030.03.aba.beta,True,24,9,1.6316139698028564,18.445351600646973,0.0038607120513916016,20.08082628250122,157,24,0,0,0,507,207,78,484,1165,0,2008,30389
oliveira/04_11/randm11.02.02.10.020_0030.04.aba.beta,True,30,9,1.8914458751678467,17.249042749404907,0.0033996105194091797,19.143888235092163,179,30,0,0,0,547,219,81,518,1300,0,1645,23547
oliveira/04_11/randm11.02.02.10.020_0030.05.aba.beta,True,16,8,0.08167314529418945,1.3750240802764893,0.002386808395385742,1.4590840339660645,68,16,0,0,0,103,127,54,88,467,0,1107,16161
oliveira/04_11/randm11.02.02.11.020_0030.01.aba.beta,True,29,11,0.11320137977600098,1.1135005950927734,0.012137651443481445,1.2388396263122559,69,29,0,0,0,80,90,54,52,492,0,4974,77974
oliveira/04_11/randm11.02.02.11.020_0030.02.aba.beta,True,17,10,0.05269217491149902,0.5050215721130371,0.001821279525756836,0.559535026550293,49,17,0,0,0,48,66,42,32,306,0,846,11743
oliveira/04_11/randm11.02.02.11.020_0030.03.aba.beta,True,24,11,0.11984419822692871,1.522829532623291,0.004100322723388672,1.6467740535736084,71,24,0,0,0,110,96,55,87,473,0,1542,22738
oliveira/04_11/randm11.02.02.11.020_0030.04.aba.beta,True,25,11,0.17136192321777344,2.015245199203491,0.006062746047973633,2.1926698684692383,79,25,0,0,0,118,113,55,94,593,0,2700,41172
oliveira/04_11/randm11.02.02.11.020_0030.05.aba.beta,True,21,11,0.10949993133544922,1.3862998485565186,0.009554624557495117,1.505354404449463,66,21,0,0,0,100,78,50,80,407,0,4278,67197
oliveira/04_11/randm11.02.02.12.020_0030.01.aba.beta,True,22,6,0.06385636329650879,0.3583405017852783,0.003355264663696289,0.4255521297454834,43,22,0,0,0,35,112,39,14,398,0,1534,22325
oliveira/04_11/randm11.02.02.12.020_0030.02.aba.beta,True,13,6,0.033113718032836914,0.21242332458496094,0.0018427371978759766,0.24737977981567383,36,13,0,0,0,26,80,32,14,241,0,864,12754
oliveira/04_11/randm11.02.02.12.020_0030.03.aba.beta,True,6,6,0.016758203506469727,0.09352993965148926,0.0013959407806396484,0.11168408393859863,26,6,0,0,0,17,47,24,12,104,0,602,9322
oliveira/04_11/randm11.02.02.12.020_0030.04.aba.beta,True,11,6,0.019109725952148438,0.11922287940979004,0.0015501976013183594,0.13988280296325684,27,11,0,0,0,18,69,25,8,165,0,750,10955
oliveira/04_11/randm11.02.02.12.020_0030.05.aba.beta,True,23,6,0.0653982162475586,0.39808201789855957,0.003139495849609375,0.46661972999572754,44,23,0,0,0,36,117,40,14,469,0,1421,20869
oliveira/04_11/randm11.02.02.13.020_0030.01.aba.beta,True,21,9,0.12937474250793457,2.160966157913208,0.002762317657470703,2.2931032180786133,81,21,0,0,0,130,116,56,110,571,0,1313,18692
oliveira/04_11/randm11.02.02.13.020_0030.02.aba.beta,True,18,9,0.1062781810760498,1.3836450576782227,0.002272367477416992,1.4921956062316895,74,18,0,0,0,109,108,52,92,510,0,1089,15568
oliveira/04_11/randm11.02.02.13.020_0030.03.aba.beta,True,15,9,0.10263347625732422,1.4573209285736084,0.0017445087432861328,1.5616989135742188,69,15,0,0,0,131,97,53,117,419,0,817,11474
oliveira/04_11/randm11.02.02.13.020_0030.04.aba.beta,True,25,9,0.14776611328125,2.612069845199585,0.0034422874450683594,2.7632782459259033,86,25,0,0,0,155,171,67,131,672,0,1651,23724
oliveira/04_11/randm11.02.02.13.020_0030.05.aba.beta,True,19,9,0.1212000846862793,2.0337891578674316,0.0026612281799316406,2.1576504707336426,78,19,0,0,0,149,140,61,131,529,0,1231,17738
oliveira/04_11/randm11.02.02.14.020_0030.01.aba.beta,True,32,9,0.15112590789794922,2.546617269515991,0.006441354751586914,2.7041845321655273,85,32,0,0,0,110,196,63,79,746,0,2625,39250
oliveira/04_11/randm11.02.02.14.020_0030.02.aba.beta,True,34,9,0.35805821418762207,6.490196704864502,0.0071489810943603516,6.855403900146484,102,34,0,0,0,232,226,66,199,890,0,3122,46192
oliveira/04_11/randm11.02.02.14.020_0030.03.aba.beta,True,33,9,1.0209672451019287,12.58194088935852,0.004913806915283203,13.607821941375732,133,33,0,0,0,437,208,71,405,1102,0,2287,33476
oliveira/04_11/randm11.02.02.14.020_0030.04.aba.beta,True,29,9,0.12115192413330078,1.9239237308502197,0.0065615177154541016,2.0516371726989746,87,29,0,0,0,122,171,71,94,722,0,1962,28407
oliveira/04_11/randm11.02.02.14.020_0030.05.aba.beta,True,31,9,0.16580963134765625,2.4965338706970215,0.00483393669128418,2.667177438735962,83,31,0,0,0,124,167,66,94,697,0,2136,32084
oliveira/04_11/randm11.02.02.15.020_0030.01.aba.beta,True,24,10,0.12328004837036133,1.6198570728302002,0.002781391143798828,1.7459185123443604,67,24,0,0,0,117,91,48,94,502,0,1279,17960
oliveira/04_11/randm11.02.02.15.020_0030.02.aba.beta,True,25,10,0.14610052108764648,1.8055195808410645,0.0022840499877929688,1.953904151916504,74,25,0,0,0,111,95,50,87,564,0,1118,15252
oliveira/04_11/randm11.02.02.15.020_0030.03.aba.beta,True,19,10,0.06623101234436035,0.5548796653747559,0.0021047592163085938,0.6232154369354248,57,19,0,0,0,53,80,50,35,363,0,1007,14185
oliveira/04_11/randm11.02.02.15.020_0030.04.aba.beta,True,11,10,0.23615789413452148,2.574716091156006,0.0017306804656982422,2.8126046657562256,92,11,0,0,0,183,116,60,173,506,0,772,11473
oliveira/04_11/randm11.02.02.15.020_0030.05.aba.beta,True,22,10,0.11304688453674316,1.3820304870605469,0.0018563270568847656,1.4969336986541748,64,22,0,0,0,102,89,50,81,456,0,1020,14070
oliveira/04_11/randm11.02.02.16.020_0030.01.aba.beta,True,20,9,0.056291818618774414,0.34606361389160156,0.0020961761474609375,0.4044516086578369,47,20,0,0,0,38,72,44,19,366,0,989,13758
oliveira/04_11/randm11.02.02.16.020_0030.02.aba.beta,True,25,9,0.10666680335998535,0.8945624828338623,0.0036776065826416016,1.0049068927764893,60,25,0,0,0,73,119,48,49,534,0,1680,24824
oliveira/04_11/randm11.02.02.16.020_0030.03.aba.beta,True,29,9,0.19657588005065918,2.474534511566162,0.006167888641357422,2.6772782802581787,92,29,0,0,0,178,182,66,150,649,0,2803,41952
oliveira/04_11/randm11.02.02.16.020_0030.04.aba.beta,True,27,9,0.07251715660095215,0.7521405220031738,0.002432584762573242,0.8270902633666992,54,27,0,0,0,51,74,44,25,482,0,1161,15807
oliveira/04_11/randm11.02.02.16.020_0030.05.aba.beta,True,24,9,0.06929802894592285,0.44962644577026367,0.002633333206176758,0.5215578079223633,50,24,0,0,0,39,95,40,16,416,0,1320,18592
oliveira/04_11/randm11.02.02.17.020_0030.01.aba.beta,True,24,11,3.0015885829925537,19.313143730163574,0.002382516860961914,22.31711483001709,166,24,0,0,0,854,209,76,831,1283,0,1431,20516
oliveira/04_11/randm11.02.02.17.020_0030.02.aba.beta,True,24,11,0.19736194610595703,3.599025249481201,0.003457307815551758,3.79984450340271,83,24,0,0,0,178,126,60,155,656,0,1412,20608
oliveira/04_11/randm11.02.02.17.020_0030.03.aba.beta,True,28,11,0.24661874771118164,3.826605796813965,0.003937244415283203,4.07716178894043,89,28,0,0,0,176,157,58,149,739,0,1668,23754
oliveira/04_11/randm11.02.02.17.020_0030.04.aba.beta,True,25,11,0.8718917369842529,7.546053886413574,0.0031991004943847656,8.421144723892212,121,25,0,0,0,360,150,69,336,878,0,1279,17894
oliveira/04_11/randm11.02.02.17.020_0030.05.aba.beta,True,41,11,2.3985116481781006,32.96689224243164,0.004410266876220703,35.36981415748596,182,41,0,0,0,750,243,86,710,1567,0,2368,34875
oliveira/04_11/randm11.02.02.18.020_0030.01.aba.beta,True,17,7,0.05459165573120117,0.5468149185180664,0.003272533416748047,0.6046791076660156,51,17,0,0,0,55,71,43,39,341,0,1544,22879
oliveira/04_11/randm11.02.02.18.020_0030.02.aba.beta,True,21,7,0.08704590797424316,1.3608458042144775,0.004185199737548828,1.4520769119262695,65,21,0,0,0,88,130,50,68,492,0,1918,28418
oliveira/04_11/randm11.02.02.18.020_0030.03.aba.beta,True,15,7,0.06861209869384766,0.7528688907623291,0.001932382583618164,0.8234133720397949,51,15,0,0,0,72,85,36,58,329,0,933,13153
oliveira/04_11/randm11.02.02.18.020_0030.04.aba.beta,True,22,7,0.04972553253173828,0.3606889247894287,0.008148670196533203,0.4185631275177002,46,22,0,0,0,32,79,40,11,319,0,1853,27522
oliveira/04_11/randm11.02.02.18.020_0030.05.aba.beta,True,30,7,0.06980085372924805,0.5872976779937744,0.0063266754150390625,0.6634252071380615,54,30,0,0,0,46,111,47,17,390,0,2810,42779
oliveira/04_11/randm11.02.02.19.020_0030.01.aba.beta,True,40,11,1.5033392906188965,73.39714980125427,0.0033829212188720703,74.90387201309204,159,40,0,0,0,658,207,67,619,1386,0,2049,28952
oliveira/04_11/randm11.02.02.19.020_0030.02.aba.beta,True,30,11,3.303262233734131,21.51561999320984,0.003084897994995117,24.821967124938965,196,30,0,0,0,1011,230,90,982,1379,0,2065,30124
oliveira/04_11/randm11.02.02.19.020_0030.03.aba.beta,True,35,11,0.31208276748657227,3.8840813636779785,0.006391048431396484,4.202555179595947,100,35,0,0,0,161,195,72,127,897,0,2874,42309
oliveira/04_11/randm11.02.02.19.020_0030.04.aba.beta,True,24,11,1.3715496063232422,11.939035654067993,0.0031652450561523438,13.313750505447388,131,24,0,0,0,588,156,69,565,982,0,1421,21079
oliveira/04_11/randm11.02.02.19.020_0030.05.aba.beta,True,24,11,3.1468307971954346,24.543749570846558,0.001857757568359375,27.69243812561035,177,24,0,0,0,1508,214,72,1485,1348,0,1372,19767
