file name,succeeded,learning_rounds,automaton_size,learning_time,smt_time,eq_oracle_time,total_time,queries_learning,validity_query,nodes,informative_nodes,sul_steps,queries_eq_oracle,steps_eq_oracle
oliveira/04_12/randm04.02.02.01.020_0030.01.aba.beta,True,2,3,0.006647825241088867,0.06809067726135254,0.0013682842254638672,0.07610678672790527,14,2,13,11,3,34,536,8587
oliveira/04_12/randm04.02.02.01.020_0030.02.aba.beta,True,2,4,0.011825323104858398,0.08345293998718262,0.0015263557434082031,0.09680461883544922,16,2,15,15,4,41,538,8590
oliveira/04_12/randm04.02.02.01.020_0030.03.aba.beta,True,3,4,0.020018577575683594,0.10704612731933594,0.0015981197357177734,0.1286628246307373,29,3,27,18,4,123,540,8592
oliveira/04_12/randm04.02.02.01.020_0030.04.aba.beta,True,3,4,0.018288850784301758,0.1279599666595459,0.0015616416931152344,0.1478104591369629,32,3,30,18,4,153,549,8634
oliveira/04_12/randm04.02.02.01.020_0030.05.aba.beta,True,2,4,0.011849641799926758,0.08263731002807617,0.001825094223022461,0.09631204605102539,16,2,15,15,4,41,544,8612
oliveira/04_12/randm04.02.02.02.020_0030.01.aba.beta,True,1,1,0.005133152008056641,0.05784130096435547,0.0012979507446289062,0.06427240371704102,3,1,3,3,1,2,543,8623
oliveira/04_12/randm04.02.02.02.020_0030.02.aba.beta,True,1,1,0.005671262741088867,0.0565335750579834,0.0013968944549560547,0.06360173225402832,3,1,3,3,1,2,537,8598
oliveira/04_12/randm04.02.02.02.020_0030.03.aba.beta,True,1,1,0.005548715591430664,0.056925058364868164,0.0013849735260009766,0.0638587474822998,3,1,3,3,1,2,527,8532
oliveira/04_12/randm04.02.02.02.020_0030.04.aba.beta,True,1,1,0.005562305450439453,0.056948184967041016,0.0014009475708007812,0.06391143798828125,3,1,3,3,1,2,536,8589
oliveira/04_12/randm04.02.02.02.020_0030.05.aba.beta,True,1,1,0.00569915771484375,0.05675148963928223,0.0013670921325683594,0.06381773948669434,3,1,3,3,1,2,536,8583
oliveira/04_12/randm04.02.02.03.020_0030.01.aba.beta,True,2,3,0.010489940643310547,0.08126330375671387,0.0020461082458496094,0.09379935264587402,15,2,14,10,3,55,536,8563
oliveira/04_12/randm04.02.02.03.020_0030.02.aba.beta,True,2,3,0.011236906051635742,0.11473894119262695,0.0015788078308105469,0.12755465507507324,23,2,22,18,3,179,545,8658
oliveira/04_12/randm04.02.02.03.020_0030.03.aba.beta,True,2,3,0.008840799331665039,0.05994248390197754,0.0015249252319335938,0.07030820846557617,11,2,10,10,3,23,540,8598
oliveira/04_12/randm04.02.02.03.020_0030.04.aba.beta,True,2,3,0.01063394546508789,0.06338882446289062,0.0017940998077392578,0.07581686973571777,11,2,10,10,3,23,543,8612
oliveira/04_12/randm04.02.02.03.020_0030.05.aba.beta,True,2,3,0.010008096694946289,0.04603981971740723,0.0014905929565429688,0.057538509368896484,17,2,16,12,3,80,538,8578
oliveira/04_12/randm04.02.02.04.020_0030.01.aba.beta,True,1,1,0.0074748992919921875,0.05397534370422363,0.001439809799194336,0.06289005279541016,3,1,3,3,1,2,529,8558
oliveira/04_12/randm04.02.02.04.020_0030.02.aba.beta,True,1,1,0.00431513786315918,0.021978139877319336,0.0014472007751464844,0.027740478515625,3,1,3,3,1,2,531,8570
oliveira/04_12/randm04.02.02.04.020_0030.03.aba.beta,True,1,1,0.004263162612915039,0.02048659324645996,0.001573324203491211,0.02632308006286621,3,1,3,3,1,2,532,8571
oliveira/04_12/randm04.02.02.04.020_0030.04.aba.beta,True,1,1,0.005464076995849609,0.020369291305541992,0.0016965866088867188,0.02752995491027832,3,1,3,3,1,2,535,8587
oliveira/04_12/randm04.02.02.04.020_0030.05.aba.beta,True,1,1,0.003847360610961914,0.023331403732299805,0.0018634796142578125,0.02904224395751953,3,1,3,3,1,2,539,8598
oliveira/04_12/randm04.02.02.05.020_0030.01.aba.beta,True,1,2,0.004181623458862305,0.02492046356201172,0.001798391342163086,0.03090047836303711,5,1,5,5,2,6,533,8580
oliveira/04_12/randm04.02.02.05.020_0030.02.aba.beta,True,1,2,0.0047054290771484375,0.02399897575378418,0.0015530586242675781,0.030257463455200195,5,1,5,5,2,6,529,8561
oliveira/04_12/randm04.02.02.05.020_0030.03.aba.beta,True,1,2,0.004694700241088867,0.030628442764282227,0.0014929771423339844,0.03681612014770508,5,1,5,5,2,6,538,8604
oliveira/04_12/randm04.02.02.05.020_0030.04.aba.beta,True,1,2,0.00621485710144043,0.024070024490356445,0.0014159679412841797,0.031700849533081055,5,1,5,5,2,6,531,8548
oliveira/04_12/randm04.02.02.05.020_0030.05.aba.beta,True,1,2,0.007638692855834961,0.030857086181640625,0.0018470287322998047,0.04034280776977539,5,1,5,5,2,6,528,8549
oliveira/04_12/randm04.02.02.06.020_0030.01.aba.beta,True,4,3,0.024735689163208008,0.1405196189880371,0.001973867416381836,0.16722917556762695,21,4,18,14,3,112,555,8658
oliveira/04_12/randm04.02.02.06.020_0030.02.aba.beta,True,2,3,0.011685371398925781,0.050698280334472656,0.0016067028045654297,0.06399035453796387,22,2,22,17,3,146,552,8677
oliveira/04_12/randm04.02.02.06.020_0030.03.aba.beta,True,2,3,0.010987281799316406,0.06472992897033691,0.0019390583038330078,0.07765626907348633,12,2,12,11,3,29,540,8602
oliveira/04_12/randm04.02.02.06.020_0030.04.aba.beta,True,3,3,0.017395496368408203,0.0777437686920166,0.0016522407531738281,0.09679150581359863,22,3,20,18,3,112,556,8693
oliveira/04_12/randm04.02.02.06.020_0030.05.aba.beta,True,2,3,0.01191091537475586,0.054207801818847656,0.0014433860778808594,0.06756210327148438,16,2,16,11,3,59,546,8620
oliveira/04_12/randm04.02.02.07.020_0030.01.aba.beta,True,1,2,0.005851268768310547,0.02896714210510254,0.001924276351928711,0.0367426872253418,5,1,5,5,2,6,531,8557
oliveira/04_12/randm04.02.02.07.020_0030.02.aba.beta,True,1,2,0.006299495697021484,0.023631572723388672,0.0017735958099365234,0.03170466423034668,5,1,5,5,2,6,531,8567
oliveira/04_12/randm04.02.02.07.020_0030.03.aba.beta,True,1,2,0.00798344612121582,0.0343937873840332,0.0018737316131591797,0.0442509651184082,5,1,5,5,2,6,538,8600
oliveira/04_12/randm04.02.02.07.020_0030.04.aba.beta,True,1,2,0.005568265914916992,0.024452924728393555,0.0014395713806152344,0.03146076202392578,5,1,5,5,2,6,538,8598
oliveira/04_12/randm04.02.02.07.020_0030.05.aba.beta,True,1,2,0.005021810531616211,0.023421049118041992,0.0021283626556396484,0.03057122230529785,5,1,5,5,2,6,541,8614
oliveira/04_12/randm04.02.02.08.020_0030.01.aba.beta,True,5,4,0.03486013412475586,0.17049503326416016,0.002697467803955078,0.2080526351928711,58,5,54,44,4,625,677,10360
oliveira/04_12/randm04.02.02.08.020_0030.02.aba.beta,True,6,4,0.04783797264099121,0.1980423927307129,0.0018415451049804688,0.24772191047668457,58,6,53,43,4,521,648,9970
oliveira/04_12/randm04.02.02.08.020_0030.03.aba.beta,True,3,4,0.016583681106567383,0.08324360847473145,0.0021371841430664062,0.10196447372436523,30,3,28,24,4,150,604,9528
oliveira/04_12/randm04.02.02.08.020_0030.04.aba.beta,True,2,4,0.01003575325012207,0.07264423370361328,0.0019960403442382812,0.08467602729797363,23,2,22,18,4,81,543,8614
oliveira/04_12/randm04.02.02.08.020_0030.05.aba.beta,True,3,4,0.01764225959777832,0.07745242118835449,0.0013980865478515625,0.09649276733398438,34,3,32,17,4,236,558,8697
oliveira/04_12/randm04.02.02.09.020_0030.01.aba.beta,True,3,3,0.018891096115112305,0.08121538162231445,0.0016322135925292969,0.10173869132995605,17,3,15,12,3,72,550,8644
oliveira/04_12/randm04.02.02.09.020_0030.02.aba.beta,True,2,3,0.01380467414855957,0.05365753173828125,0.001768350601196289,0.06923055648803711,17,2,16,13,3,89,534,8569
oliveira/04_12/randm04.02.02.09.020_0030.03.aba.beta,True,2,3,0.011170625686645508,0.0553441047668457,0.0018019676208496094,0.06831669807434082,19,2,18,15,3,94,545,8636
oliveira/04_12/randm04.02.02.09.020_0030.04.aba.beta,True,2,3,0.021271228790283203,0.06907320022583008,0.0017733573913574219,0.0921177864074707,25,2,24,21,3,193,553,8716
oliveira/04_12/randm04.02.02.09.020_0030.05.aba.beta,True,2,3,0.008923768997192383,0.057585716247558594,0.0015125274658203125,0.06802201271057129,20,2,19,16,3,134,549,8669
oliveira/04_12/randm04.02.02.10.020_0030.01.aba.beta,True,5,4,0.048119306564331055,0.20975446701049805,0.0077686309814453125,0.2656424045562744,84,5,85,70,4,1089,813,12622
oliveira/04_12/randm04.02.02.10.020_0030.02.aba.beta,True,2,4,0.013000011444091797,0.052431344985961914,0.001661539077758789,0.0670928955078125,24,2,33,15,4,152,530,8565
oliveira/04_12/randm04.02.02.10.020_0030.03.aba.beta,True,2,4,0.013780593872070312,0.05945301055908203,0.0015988349914550781,0.07483243942260742,42,2,48,32,4,668,562,8955
oliveira/04_12/randm04.02.02.10.020_0030.04.aba.beta,True,2,4,0.014982938766479492,0.0530092716217041,0.0016241073608398438,0.06961631774902344,34,2,36,25,4,362,555,8784
oliveira/04_12/randm04.02.02.10.020_0030.05.aba.beta,True,3,4,0.021731138229370117,0.11013174057006836,0.0021805763244628906,0.13404345512390137,58,3,63,47,4,728,611,9527
oliveira/04_12/randm04.02.02.11.020_0030.01.aba.beta,True,3,4,0.01850414276123047,0.11580491065979004,0.004112720489501953,0.13842177391052246,24,3,22,18,4,67,844,13361
oliveira/04_12/randm04.02.02.11.020_0030.02.aba.beta,True,3,4,0.017512083053588867,0.07901191711425781,0.0024967193603515625,0.09902071952819824,24,3,22,21,4,67,841,13341
oliveira/04_12/randm04.02.02.11.020_0030.03.aba.beta,True,3,4,0.01586174964904785,0.09730362892150879,0.0014986991882324219,0.11466407775878906,23,3,21,16,4,77,551,8634
oliveira/04_12/randm04.02.02.11.020_0030.04.aba.beta,True,4,4,0.02716970443725586,0.12084150314331055,0.0016055107116699219,0.14961671829223633,27,4,24,16,4,107,554,8644
oliveira/04_12/randm04.02.02.11.020_0030.05.aba.beta,True,4,4,0.027127742767333984,0.12641143798828125,0.002616405487060547,0.15615558624267578,36,4,33,20,4,144,788,12764
oliveira/04_12/randm04.02.02.12.020_0030.01.aba.beta,True,2,3,0.010622024536132812,0.05813288688659668,0.002045869827270508,0.07080078125,20,2,19,15,3,105,545,8621
oliveira/04_12/randm04.02.02.12.020_0030.02.aba.beta,True,2,3,0.016848325729370117,0.0488276481628418,0.001592397689819336,0.06726837158203125,19,2,18,13,3,91,550,8653
oliveira/04_12/randm04.02.02.12.020_0030.03.aba.beta,True,2,3,0.018808603286743164,0.055225372314453125,0.0023186206817626953,0.07635259628295898,21,2,20,13,3,108,551,8639
oliveira/04_12/randm04.02.02.12.020_0030.04.aba.beta,True,3,3,0.036229848861694336,0.10361480712890625,0.0015897750854492188,0.1414344310760498,23,3,24,14,3,114,551,8644
oliveira/04_12/randm04.02.02.12.020_0030.05.aba.beta,True,3,3,0.0257723331451416,0.09119176864624023,0.0021250247955322266,0.11908912658691406,37,3,36,26,3,377,562,8838
oliveira/04_12/randm04.02.02.13.020_0030.01.aba.beta,True,1,1,0.0050008296966552734,0.035166025161743164,0.003741025924682617,0.043907880783081055,3,1,3,3,1,2,528,8539
oliveira/04_12/randm04.02.02.13.020_0030.02.aba.beta,True,1,1,0.005145549774169922,0.022591114044189453,0.0015599727630615234,0.0292966365814209,3,1,3,3,1,2,535,8584
oliveira/04_12/randm04.02.02.13.020_0030.03.aba.beta,True,1,1,0.012677907943725586,0.02436971664428711,0.0016503334045410156,0.03869795799255371,3,1,3,3,1,2,534,8583
oliveira/04_12/randm04.02.02.13.020_0030.04.aba.beta,True,1,1,0.004842042922973633,0.025232315063476562,0.001779794692993164,0.03185415267944336,3,1,3,3,1,2,537,8593
oliveira/04_12/randm04.02.02.13.020_0030.05.aba.beta,True,1,1,0.0037419795989990234,0.030086755752563477,0.0015606880187988281,0.03538942337036133,3,1,3,3,1,2,543,8623
oliveira/04_12/randm04.02.02.14.020_0030.01.aba.beta,True,3,4,0.01726388931274414,0.07593297958374023,0.0015723705291748047,0.09476923942565918,22,3,21,17,4,65,547,8613
oliveira/04_12/randm04.02.02.14.020_0030.02.aba.beta,True,3,4,0.01756119728088379,0.07999682426452637,0.0015799999237060547,0.09913802146911621,18,3,16,12,4,47,542,8599
oliveira/04_12/randm04.02.02.14.020_0030.03.aba.beta,True,3,4,0.02306056022644043,0.1220552921295166,0.0016324520111083984,0.14674830436706543,32,3,30,19,4,278,562,8757
oliveira/04_12/randm04.02.02.14.020_0030.04.aba.beta,True,3,4,0.021319150924682617,0.08103442192077637,0.0015573501586914062,0.10391092300415039,39,3,37,16,4,348,554,8684
oliveira/04_12/randm04.02.02.14.020_0030.05.aba.beta,True,3,4,0.03273415565490723,0.11070442199707031,0.0018157958984375,0.14525437355041504,20,3,18,16,4,53,539,8574
oliveira/04_12/randm04.02.02.15.020_0030.01.aba.beta,True,1,2,0.005173444747924805,0.026514291763305664,0.0016477108001708984,0.03333544731140137,5,1,5,4,2,6,533,8586
oliveira/04_12/randm04.02.02.15.020_0030.02.aba.beta,True,1,2,0.008785247802734375,0.025031566619873047,0.0012314319610595703,0.03504824638366699,5,1,5,5,2,6,532,8581
oliveira/04_12/randm04.02.02.15.020_0030.03.aba.beta,True,1,2,0.005192279815673828,0.03629136085510254,0.0013530254364013672,0.042836666107177734,5,1,5,5,2,6,541,8605
oliveira/04_12/randm04.02.02.15.020_0030.04.aba.beta,True,1,2,0.008898735046386719,0.0318140983581543,0.0014386177062988281,0.042151451110839844,5,1,5,5,2,6,542,8616
oliveira/04_12/randm04.02.02.15.020_0030.05.aba.beta,True,1,2,0.005057811737060547,0.02485060691833496,0.0016016960144042969,0.031510114669799805,5,1,5,5,2,6,534,8580
oliveira/04_12/randm04.02.02.16.020_0030.01.aba.beta,True,4,3,0.02194523811340332,0.10717296600341797,0.0016453266143798828,0.13076353073120117,45,4,42,39,3,455,603,9405
oliveira/04_12/randm04.02.02.16.020_0030.02.aba.beta,True,2,3,0.011289834976196289,0.055567264556884766,0.0014879703521728516,0.0683450698852539,18,2,18,14,3,96,540,8589
oliveira/04_12/randm04.02.02.16.020_0030.03.aba.beta,True,3,3,0.017290830612182617,0.07866096496582031,0.0019037723541259766,0.0978555679321289,47,3,47,39,3,581,603,9499
oliveira/04_12/randm04.02.02.16.020_0030.04.aba.beta,True,5,3,0.023400306701660156,0.12617182731628418,0.0016927719116210938,0.15126490592956543,37,5,33,28,3,433,609,9274
oliveira/04_12/randm04.02.02.16.020_0030.05.aba.beta,True,4,3,0.022475242614746094,0.10142040252685547,0.002194643020629883,0.12609028816223145,36,4,35,27,3,373,584,9060
oliveira/04_12/randm04.02.02.17.020_0030.01.aba.beta,True,2,3,0.009390830993652344,0.050896406173706055,0.0017905235290527344,0.06207776069641113,19,2,18,15,3,94,549,8649
oliveira/04_12/randm04.02.02.17.020_0030.02.aba.beta,True,2,3,0.014006853103637695,0.05498218536376953,0.0014629364013671875,0.07045197486877441,24,2,23,21,3,177,553,8710
oliveira/04_12/randm04.02.02.17.020_0030.03.aba.beta,True,2,3,0.009927511215209961,0.05475497245788574,0.0013892650604248047,0.06607174873352051,16,2,15,12,3,76,535,8562
oliveira/04_12/randm04.02.02.17.020_0030.04.aba.beta,True,2,3,0.010972023010253906,0.04700922966003418,0.0019512176513671875,0.05993247032165527,18,2,17,15,3,95,535,8572
oliveira/04_12/randm04.02.02.17.020_0030.05.aba.beta,True,2,3,0.010751724243164062,0.07483410835266113,0.0019991397857666016,0.0875849723815918,20,2,19,16,3,108,540,8576
oliveira/04_12/randm04.02.02.18.020_0030.01.aba.beta,True,5,4,0.03506588935852051,0.14556026458740234,0.0016636848449707031,0.18228983879089355,36,5,34,22,4,244,627,9607
oliveira/04_12/randm04.02.02.18.020_0030.02.aba.beta,True,5,4,0.026237964630126953,0.13283038139343262,0.0017740726470947266,0.1608424186706543,55,4,52,35,5,632,598,9241
oliveira/04_12/randm04.02.02.18.020_0030.03.aba.beta,True,5,4,0.0289764404296875,0.16028809547424316,0.0022203922271728516,0.19148492813110352,41,5,38,27,4,321,692,10574
oliveira/04_12/randm04.02.02.18.020_0030.04.aba.beta,True,5,4,0.0351405143737793,0.14311981201171875,0.0026502609252929688,0.18091058731079102,61,5,57,44,4,691,866,13472
oliveira/04_12/randm04.02.02.18.020_0030.05.aba.beta,True,3,4,0.01763463020324707,0.07227516174316406,0.0014455318450927734,0.0913553237915039,23,3,22,19,4,93,547,8625
oliveira/04_12/randm04.02.02.19.020_0030.01.aba.beta,True,3,3,0.016788482666015625,0.0866236686706543,0.0018150806427001953,0.10522723197937012,28,3,27,21,3,192,556,8704
oliveira/04_12/randm04.02.02.19.020_0030.02.aba.beta,True,3,3,0.016388654708862305,0.0807182788848877,0.0017287731170654297,0.09883570671081543,30,3,29,24,3,253,571,8838
oliveira/04_12/randm04.02.02.19.020_0030.03.aba.beta,True,3,3,0.016295909881591797,0.06999421119689941,0.001766204833984375,0.08805632591247559,28,3,27,20,3,204,553,8705
oliveira/04_12/randm04.02.02.19.020_0030.04.aba.beta,True,3,3,0.01544499397277832,0.07314848899841309,0.0015530586242675781,0.09014654159545898,23,3,27,14,3,117,548,8634
oliveira/04_12/randm04.02.02.19.020_0030.05.aba.beta,True,3,3,0.018004417419433594,0.10232257843017578,0.0017750263214111328,0.12210202217102051,29,3,27,22,3,239,563,8791
oliveira/04_12/randm05.02.02.01.020_0030.01.aba.beta,True,4,3,0.028924942016601562,0.11403393745422363,0.001779794692993164,0.14473867416381836,35,4,32,27,3,341,568,8870
oliveira/04_12/randm05.02.02.01.020_0030.02.aba.beta,True,3,3,0.0139923095703125,0.06455636024475098,0.00148773193359375,0.08003640174865723,17,3,15,11,3,64,550,8635
oliveira/04_12/randm05.02.02.01.020_0030.03.aba.beta,True,3,3,0.021000146865844727,0.12773799896240234,0.0016396045684814453,0.15037775039672852,23,3,25,15,3,97,557,8677
oliveira/04_12/randm05.02.02.01.020_0030.04.aba.beta,True,2,3,0.018428325653076172,0.0921471118927002,0.001596212387084961,0.11217164993286133,14,2,16,11,3,38,537,8578
oliveira/04_12/randm05.02.02.01.020_0030.05.aba.beta,True,2,3,0.009366273880004883,0.051201820373535156,0.001489400863647461,0.0620574951171875,14,2,16,11,3,38,525,8509
oliveira/04_12/randm05.02.02.02.020_0030.01.aba.beta,True,2,3,0.009844541549682617,0.05124688148498535,0.0014581680297851562,0.06254959106445312,19,2,21,14,3,64,524,8509
oliveira/04_12/randm05.02.02.02.020_0030.02.aba.beta,True,2,3,0.011008501052856445,0.0489802360534668,0.001531362533569336,0.06152009963989258,24,2,23,14,3,158,544,8631
oliveira/04_12/randm05.02.02.02.020_0030.03.aba.beta,True,2,3,0.016027212142944336,0.06356072425842285,0.0019199848175048828,0.08150792121887207,27,2,26,22,3,260,544,8682
oliveira/04_12/randm05.02.02.02.020_0030.04.aba.beta,True,2,3,0.010115861892700195,0.05860710144042969,0.0019617080688476562,0.07068467140197754,18,2,19,16,3,58,537,8583
oliveira/04_12/randm05.02.02.02.020_0030.05.aba.beta,True,2,3,0.01074528694152832,0.047873735427856445,0.0015032291412353516,0.06012225151062012,18,2,19,14,3,58,535,8572
oliveira/04_12/randm05.02.02.03.020_0030.01.aba.beta,True,1,1,0.004673004150390625,0.024303436279296875,0.0016069412231445312,0.03058338165283203,3,1,3,3,1,2,543,8619
oliveira/04_12/randm05.02.02.03.020_0030.02.aba.beta,True,1,1,0.0049321651458740234,0.037575483322143555,0.0016245841979980469,0.044132232666015625,3,1,3,3,1,2,538,8597
oliveira/04_12/randm05.02.02.03.020_0030.03.aba.beta,True,1,1,0.005587577819824219,0.022272825241088867,0.0016255378723144531,0.02948594093322754,3,1,3,3,1,2,537,8598
oliveira/04_12/randm05.02.02.03.020_0030.04.aba.beta,True,1,1,0.004370212554931641,0.02698349952697754,0.0014240741729736328,0.03277778625488281,3,1,3,3,1,2,534,8583
oliveira/04_12/randm05.02.02.03.020_0030.05.aba.beta,True,1,1,0.005151271820068359,0.028103351593017578,0.0015707015991210938,0.03482532501220703,3,1,3,3,1,2,521,8531
oliveira/04_12/randm05.02.02.04.020_0030.01.aba.beta,True,5,5,0.03329300880432129,0.16415929794311523,0.0018162727355957031,0.19926857948303223,47,3,45,35,6,344,594,9252
oliveira/04_12/randm05.02.02.04.020_0030.02.aba.beta,True,6,5,0.055086374282836914,0.21836018562316895,0.0023539066314697266,0.2758004665374756,64,6,69,31,5,563,646,9800
oliveira/04_12/randm05.02.02.04.020_0030.03.aba.beta,True,4,5,0.024024009704589844,0.11799335479736328,0.0019409656524658203,0.14395833015441895,35,2,34,27,6,269,561,8738
oliveira/04_12/randm05.02.02.04.020_0030.04.aba.beta,True,9,5,0.05677056312561035,0.3229508399963379,0.002100706100463867,0.3818221092224121,60,8,53,50,5,548,738,11116
oliveira/04_12/randm05.02.02.04.020_0030.05.aba.beta,True,8,5,0.06622672080993652,0.29195713996887207,0.0020530223846435547,0.36023688316345215,69,8,65,46,5,698,696,10515
oliveira/04_12/randm05.02.02.05.020_0030.01.aba.beta,True,2,4,0.015187263488769531,0.05179166793823242,0.002153158187866211,0.06913208961486816,23,2,25,13,4,117,542,8591
oliveira/04_12/randm05.02.02.05.020_0030.02.aba.beta,True,3,4,0.025636911392211914,0.09310483932495117,0.001451253890991211,0.1201930046081543,25,3,25,16,4,134,545,8604
oliveira/04_12/randm05.02.02.05.020_0030.03.aba.beta,True,5,4,0.037383079528808594,0.1487867832183838,0.001661539077758789,0.18783140182495117,42,5,39,27,4,372,585,8993
oliveira/04_12/randm05.02.02.05.020_0030.04.aba.beta,True,5,4,0.037802696228027344,0.18193411827087402,0.004984378814697266,0.22472119331359863,49,5,48,34,4,617,609,9408
oliveira/04_12/randm05.02.02.05.020_0030.05.aba.beta,True,6,4,0.0435025691986084,0.20579147338867188,0.001955747604370117,0.2512497901916504,50,6,45,35,4,553,662,10038
oliveira/04_12/randm05.02.02.06.020_0030.01.aba.beta,True,9,5,0.07010746002197266,0.3001570701599121,0.002897024154663086,0.37316155433654785,77,8,72,50,5,711,812,12234
oliveira/04_12/randm05.02.02.06.020_0030.02.aba.beta,True,6,5,0.046697378158569336,0.2228705883026123,0.002235889434814453,0.2718038558959961,53,5,49,23,5,394,603,9218
oliveira/04_12/randm05.02.02.06.020_0030.03.aba.beta,True,7,5,0.0555417537689209,0.2794308662414551,0.0021996498107910156,0.337172269821167,55,6,52,34,5,547,651,9962
oliveira/04_12/randm05.02.02.06.020_0030.04.aba.beta,True,9,5,0.07522773742675781,0.40677428245544434,0.0026280879974365234,0.48463010787963867,96,8,89,72,5,1097,829,12505
oliveira/04_12/randm05.02.02.06.020_0030.05.aba.beta,True,6,5,0.054921865463256836,0.2514677047729492,0.0027008056640625,0.30909037590026855,53,5,49,30,5,515,597,9058
oliveira/04_12/randm05.02.02.07.020_0030.01.aba.beta,True,8,5,0.05446052551269531,0.31287074089050293,0.003145456314086914,0.37047672271728516,105,7,99,83,5,1364,818,12377
oliveira/04_12/randm05.02.02.07.020_0030.02.aba.beta,True,9,5,0.07951831817626953,0.37494540214538574,0.0025162696838378906,0.45697999000549316,86,8,81,67,5,950,814,12284
oliveira/04_12/randm05.02.02.07.020_0030.03.aba.beta,True,8,5,0.06418085098266602,0.2799642086029053,0.002054929733276367,0.34619998931884766,61,7,57,45,5,566,666,10060
oliveira/04_12/randm05.02.02.07.020_0030.04.aba.beta,True,7,5,0.0498199462890625,0.2725389003753662,0.005513191223144531,0.32787203788757324,78,6,73,58,5,873,886,13673
oliveira/04_12/randm05.02.02.07.020_0030.05.aba.beta,True,8,5,0.06271576881408691,0.32396674156188965,0.002755403518676758,0.3894379138946533,101,7,95,80,5,1320,841,12840
oliveira/04_12/randm05.02.02.08.020_0030.01.aba.beta,True,2,3,0.019068479537963867,0.0508272647857666,0.0014755725860595703,0.07137131690979004,16,2,15,11,3,53,530,8539
oliveira/04_12/randm05.02.02.08.020_0030.02.aba.beta,True,3,3,0.01641678810119629,0.08924698829650879,0.0014896392822265625,0.10715341567993164,23,3,21,15,3,113,556,8666
oliveira/04_12/randm05.02.02.08.020_0030.03.aba.beta,True,4,3,0.020701169967651367,0.1035757064819336,0.0015826225280761719,0.12585949897766113,26,4,23,17,3,149,566,8766
oliveira/04_12/randm05.02.02.08.020_0030.04.aba.beta,True,2,3,0.029180288314819336,0.1269543170928955,0.010256290435791016,0.16639089584350586,11,2,10,10,3,25,539,8597
oliveira/04_12/randm05.02.02.08.020_0030.05.aba.beta,True,2,3,0.011846065521240234,0.04994535446166992,0.0019507408142089844,0.06374216079711914,16,2,15,12,3,53,545,8613
oliveira/04_12/randm05.02.02.09.020_0030.01.aba.beta,True,4,4,0.021584272384643555,0.13782644271850586,0.001863241195678711,0.16127395629882812,42,3,40,35,4,341,592,9265
oliveira/04_12/randm05.02.02.09.020_0030.02.aba.beta,True,3,4,0.021799087524414062,0.08861947059631348,0.0018830299377441406,0.11230158805847168,41,3,39,25,4,383,573,8871
oliveira/04_12/randm05.02.02.09.020_0030.03.aba.beta,True,2,4,0.012012004852294922,0.04999732971191406,0.0018155574798583984,0.06382489204406738,24,2,25,12,4,102,546,8624
oliveira/04_12/randm05.02.02.09.020_0030.04.aba.beta,True,2,4,0.012749433517456055,0.05807924270629883,0.0015294551849365234,0.0723581314086914,17,2,20,11,4,58,542,8607
oliveira/04_12/randm05.02.02.09.020_0030.05.aba.beta,True,4,4,0.026920557022094727,0.11347365379333496,0.003314971923828125,0.1437091827392578,27,4,24,16,4,127,556,8674
oliveira/04_12/randm05.02.02.10.020_0030.01.aba.beta,True,7,5,0.05508279800415039,0.21749067306518555,0.0018444061279296875,0.2744178771972656,56,7,58,38,5,695,650,9898
oliveira/04_12/randm05.02.02.10.020_0030.02.aba.beta,True,8,5,0.055377960205078125,0.2673678398132324,0.003297090530395508,0.32604289054870605,66,7,67,40,6,873,953,14619
oliveira/04_12/randm05.02.02.10.020_0030.03.aba.beta,True,7,5,0.05287361145019531,0.2617151737213135,0.0035126209259033203,0.3181014060974121,59,6,64,31,6,622,913,14180
oliveira/04_12/randm05.02.02.10.020_0030.04.aba.beta,True,3,5,0.06859612464904785,0.2153174877166748,0.005366802215576172,0.28928041458129883,40,3,68,24,5,334,579,9120
oliveira/04_12/randm05.02.02.10.020_0030.05.aba.beta,True,7,5,0.04776430130004883,0.2477884292602539,0.0019047260284423828,0.2974574565887451,50,5,48,38,6,411,624,9705
oliveira/04_12/randm05.02.02.11.020_0030.01.aba.beta,True,7,5,0.05038905143737793,0.2176649570465088,0.006455421447753906,0.2745094299316406,57,7,53,38,5,395,2035,31766
oliveira/04_12/randm05.02.02.11.020_0030.02.aba.beta,True,7,5,0.049036264419555664,0.22734618186950684,0.00644993782043457,0.28283238410949707,59,7,55,38,5,409,1790,28426
oliveira/04_12/randm05.02.02.11.020_0030.03.aba.beta,True,6,5,0.04526972770690918,0.1875622272491455,0.0020189285278320312,0.23485088348388672,81,6,82,53,5,1121,662,10273
oliveira/04_12/randm05.02.02.11.020_0030.04.aba.beta,True,3,5,0.034384965896606445,0.1168358325958252,0.0055615901947021484,0.1567823886871338,53,3,52,27,5,461,547,8647
oliveira/04_12/randm05.02.02.11.020_0030.05.aba.beta,True,6,5,0.04823923110961914,0.19432449340820312,0.004852294921875,0.24741601943969727,59,6,54,42,5,479,1601,25244
oliveira/04_12/randm05.02.02.12.020_0030.01.aba.beta,True,2,3,0.012204170227050781,0.0536346435546875,0.0017042160034179688,0.06754302978515625,13,2,12,11,3,34,542,8611
oliveira/04_12/randm05.02.02.12.020_0030.02.aba.beta,True,3,3,0.01792144775390625,0.0823512077331543,0.0015251636505126953,0.10179781913757324,20,3,19,15,3,100,557,8683
oliveira/04_12/randm05.02.02.12.020_0030.03.aba.beta,True,5,3,0.027906179428100586,0.13463330268859863,0.001772165298461914,0.16431164741516113,38,5,34,30,3,456,587,9156
oliveira/04_12/randm05.02.02.12.020_0030.04.aba.beta,True,3,3,0.022049427032470703,0.10150504112243652,0.0017867088317871094,0.12534117698669434,38,3,37,33,3,439,575,9003
oliveira/04_12/randm05.02.02.12.020_0030.05.aba.beta,True,3,3,0.02789616584777832,0.1454930305480957,0.009066104888916016,0.18245530128479004,30,3,29,25,3,226,588,9202
oliveira/04_12/randm05.02.02.13.020_0030.01.aba.beta,True,9,5,0.07259559631347656,0.39102840423583984,0.0032057762145996094,0.466829776763916,88,8,85,67,6,882,829,12858
oliveira/04_12/randm05.02.02.13.020_0030.02.aba.beta,True,7,5,0.05614209175109863,0.22102046012878418,0.0018534660339355469,0.27901601791381836,53,6,48,28,5,462,615,9343
oliveira/04_12/randm05.02.02.13.020_0030.03.aba.beta,True,7,5,0.07344675064086914,0.24758386611938477,0.0027866363525390625,0.32381725311279297,108,6,103,66,6,1460,732,11179
oliveira/04_12/randm05.02.02.13.020_0030.04.aba.beta,True,4,5,0.036545515060424805,0.12976694107055664,0.0015420913696289062,0.16785454750061035,61,3,59,36,6,884,581,9096
oliveira/04_12/randm05.02.02.13.020_0030.05.aba.beta,True,8,5,0.06269955635070801,0.2992863655090332,0.0021424293518066406,0.36412835121154785,115,7,109,86,6,1402,733,11191
oliveira/04_12/randm05.02.02.14.020_0030.01.aba.beta,True,1,1,0.006435394287109375,0.028975963592529297,0.0017566680908203125,0.037168025970458984,3,1,3,3,1,2,531,8569
oliveira/04_12/randm05.02.02.14.020_0030.02.aba.beta,True,1,1,0.006808042526245117,0.03394460678100586,0.0021440982818603516,0.04289674758911133,3,1,3,3,1,2,530,8565
oliveira/04_12/randm05.02.02.14.020_0030.03.aba.beta,True,1,1,0.005233287811279297,0.024415969848632812,0.001741170883178711,0.03139042854309082,3,1,3,3,1,2,541,8613
oliveira/04_12/randm05.02.02.14.020_0030.04.aba.beta,True,1,1,0.003411531448364258,0.026738882064819336,0.0018148422241210938,0.03196525573730469,3,1,3,3,1,2,532,8544
oliveira/04_12/randm05.02.02.14.020_0030.05.aba.beta,True,1,1,0.004640102386474609,0.025225400924682617,0.0020232200622558594,0.031888723373413086,3,1,3,3,1,2,530,8544
oliveira/04_12/randm05.02.02.15.020_0030.01.aba.beta,True,2,3,0.017817020416259766,0.07756638526916504,0.0030083656311035156,0.09839177131652832,21,2,21,16,3,119,537,8584
oliveira/04_12/randm05.02.02.15.020_0030.02.aba.beta,True,2,3,0.010979413986206055,0.0506899356842041,0.0014452934265136719,0.06311464309692383,15,2,15,13,3,52,542,8602
oliveira/04_12/randm05.02.02.15.020_0030.03.aba.beta,True,3,3,0.0237581729888916,0.11613178253173828,0.0025339126586914062,0.1424238681793213,20,3,19,15,3,96,551,8645
oliveira/04_12/randm05.02.02.15.020_0030.04.aba.beta,True,2,3,0.009423255920410156,0.05919241905212402,0.0017812252044677734,0.07039690017700195,22,2,22,17,3,135,546,8654
oliveira/04_12/randm05.02.02.15.020_0030.05.aba.beta,True,2,3,0.02126789093017578,0.07899761199951172,0.002045869827270508,0.10231137275695801,19,2,19,14,3,90,549,8644
oliveira/04_12/randm05.02.02.16.020_0030.01.aba.beta,True,1,1,0.012451887130737305,0.025821685791015625,0.003114938735961914,0.041388511657714844,3,1,3,3,1,2,534,8587
oliveira/04_12/randm05.02.02.16.020_0030.02.aba.beta,True,1,1,0.0038635730743408203,0.0272061824798584,0.0018117427825927734,0.03288149833679199,3,1,3,3,1,2,540,8611
oliveira/04_12/randm05.02.02.16.020_0030.03.aba.beta,True,1,1,0.005167961120605469,0.0191805362701416,0.001589059829711914,0.025937557220458984,3,1,3,3,1,2,534,8572
oliveira/04_12/randm05.02.02.16.020_0030.04.aba.beta,True,1,1,0.012589216232299805,0.01905226707458496,0.0019121170043945312,0.0335536003112793,3,1,3,3,1,2,543,8622
oliveira/04_12/randm05.02.02.16.020_0030.05.aba.beta,True,1,1,0.02931833267211914,0.03215527534484863,0.0015742778778076172,0.06304788589477539,3,1,3,3,1,2,543,8624
oliveira/04_12/randm05.02.02.17.020_0030.01.aba.beta,True,4,5,0.041655540466308594,0.13543391227722168,0.0019207000732421875,0.17901015281677246,39,4,40,31,5,240,607,9538
oliveira/04_12/randm05.02.02.17.020_0030.02.aba.beta,True,7,5,0.06617212295532227,0.24800586700439453,0.003692150115966797,0.3178701400756836,47,7,45,25,5,354,619,9336
oliveira/04_12/randm05.02.02.17.020_0030.03.aba.beta,True,10,5,0.07902765274047852,0.42403101921081543,0.00552821159362793,0.5085868835449219,80,8,73,60,6,785,799,11925
oliveira/04_12/randm05.02.02.17.020_0030.04.aba.beta,True,11,5,0.07148194313049316,0.43795156478881836,0.003380298614501953,0.5128138065338135,92,9,84,71,6,1085,1067,16248
oliveira/04_12/randm05.02.02.17.020_0030.05.aba.beta,True,6,5,0.0412445068359375,0.22648930549621582,0.001989603042602539,0.26972341537475586,67,5,63,50,5,886,686,10516
oliveira/04_12/randm05.02.02.18.020_0030.01.aba.beta,True,1,1,0.006769895553588867,0.034322500228881836,0.0021004676818847656,0.04319286346435547,3,1,3,3,1,2,534,8577
oliveira/04_12/randm05.02.02.18.020_0030.02.aba.beta,True,1,1,0.006736040115356445,0.05649137496948242,0.005263090133666992,0.06849050521850586,3,1,3,3,1,2,535,8592
oliveira/04_12/randm05.02.02.18.020_0030.03.aba.beta,True,1,1,0.005293607711791992,0.02265453338623047,0.0017611980438232422,0.029709339141845703,3,1,3,3,1,2,529,8564
oliveira/04_12/randm05.02.02.18.020_0030.04.aba.beta,True,1,1,0.005308389663696289,0.02684807777404785,0.0016257762908935547,0.033782243728637695,3,1,3,3,1,2,523,8497
oliveira/04_12/randm05.02.02.18.020_0030.05.aba.beta,True,1,1,0.0061337947845458984,0.03553462028503418,0.0016007423400878906,0.04326915740966797,3,1,3,3,1,2,533,8555
oliveira/04_12/randm05.02.02.19.020_0030.01.aba.beta,True,2,3,0.011701107025146484,0.05472922325134277,0.001688241958618164,0.06811857223510742,12,2,11,11,3,25,543,8612
oliveira/04_12/randm05.02.02.19.020_0030.02.aba.beta,True,2,3,0.010367155075073242,0.047629594802856445,0.0020651817321777344,0.06006193161010742,12,2,11,11,3,25,548,8631
oliveira/04_12/randm05.02.02.19.020_0030.03.aba.beta,True,2,3,0.01584315299987793,0.14113354682922363,0.0020165443420410156,0.15899324417114258,18,2,17,14,3,82,537,8592
oliveira/04_12/randm05.02.02.19.020_0030.04.aba.beta,True,2,3,0.010093212127685547,0.05017662048339844,0.0016438961029052734,0.06191372871398926,14,2,14,10,3,46,536,8571
oliveira/04_12/randm05.02.02.19.020_0030.05.aba.beta,True,2,3,0.01316976547241211,0.05037355422973633,0.0017576217651367188,0.06530094146728516,12,2,11,11,3,25,528,8538
oliveira/04_12/randm06.02.02.01.020_0030.01.aba.beta,True,2,4,0.013012170791625977,0.06036853790283203,0.002202272415161133,0.07558298110961914,35,2,39,23,4,350,556,8740
oliveira/04_12/randm06.02.02.01.020_0030.02.aba.beta,True,2,4,0.01215505599975586,0.053392887115478516,0.0016856193542480469,0.06723356246948242,24,2,26,15,4,116,545,8623
oliveira/04_12/randm06.02.02.01.020_0030.03.aba.beta,True,3,4,0.01867818832397461,0.0877838134765625,0.0017917156219482422,0.10825371742248535,34,3,37,21,4,231,585,9124
oliveira/04_12/randm06.02.02.01.020_0030.04.aba.beta,True,3,4,0.01878809928894043,0.0813453197479248,0.0015110969543457031,0.10164451599121094,36,3,39,24,4,270,549,8665
oliveira/04_12/randm06.02.02.01.020_0030.05.aba.beta,True,5,4,0.03239607810974121,0.15777111053466797,0.0021355152130126953,0.19230270385742188,69,5,68,55,4,943,733,11308
oliveira/04_12/randm06.02.02.02.020_0030.01.aba.beta,True,2,3,0.02502727508544922,0.07041025161743164,0.0017507076263427734,0.09718823432922363,12,2,12,10,3,29,540,8590
oliveira/04_12/randm06.02.02.02.020_0030.02.aba.beta,True,2,3,0.012637615203857422,0.048505544662475586,0.001636505126953125,0.06277966499328613,18,2,18,13,3,79,521,8482
oliveira/04_12/randm06.02.02.02.020_0030.03.aba.beta,True,2,3,0.009910821914672852,0.05339694023132324,0.002156972885131836,0.06546473503112793,22,2,22,17,3,137,548,8665
oliveira/04_12/randm06.02.02.02.020_0030.04.aba.beta,True,2,3,0.01177215576171875,0.05695199966430664,0.0014584064483642578,0.07018256187438965,20,2,20,15,3,106,547,8639
oliveira/04_12/randm06.02.02.02.020_0030.05.aba.beta,True,2,3,0.00932455062866211,0.048195838928222656,0.0014455318450927734,0.05896592140197754,12,2,12,11,3,29,541,8600
oliveira/04_12/randm06.02.02.03.020_0030.01.aba.beta,True,4,5,0.028467893600463867,0.11070942878723145,0.0028138160705566406,0.14199113845825195,42,4,40,23,5,193,879,13800
oliveira/04_12/randm06.02.02.03.020_0030.02.aba.beta,True,3,5,0.019069433212280273,0.07614588737487793,0.0024678707122802734,0.09768319129943848,26,3,24,23,5,79,784,12454
oliveira/04_12/randm06.02.02.03.020_0030.03.aba.beta,True,7,5,0.04900550842285156,0.20522809028625488,0.0018436908721923828,0.25607728958129883,60,7,54,29,5,425,591,8875
oliveira/04_12/randm06.02.02.03.020_0030.04.aba.beta,True,6,5,0.03982400894165039,0.15689396858215332,0.0016291141510009766,0.1983470916748047,42,6,37,21,5,259,578,8774
oliveira/04_12/randm06.02.02.03.020_0030.05.aba.beta,True,4,5,0.04494476318359375,0.14994382858276367,0.005110025405883789,0.1999986171722412,48,4,45,39,5,377,786,12329
oliveira/04_12/randm06.02.02.04.020_0030.01.aba.beta,True,1,1,0.007046699523925781,0.029262542724609375,0.0018115043640136719,0.03812074661254883,3,1,3,3,1,2,525,8535
oliveira/04_12/randm06.02.02.04.020_0030.02.aba.beta,True,1,1,0.009709596633911133,0.03452897071838379,0.0017158985137939453,0.04595446586608887,3,1,3,3,1,2,531,8571
oliveira/04_12/randm06.02.02.04.020_0030.03.aba.beta,True,1,1,0.005333662033081055,0.02482295036315918,0.0016222000122070312,0.031778812408447266,3,1,3,3,1,2,535,8590
oliveira/04_12/randm06.02.02.04.020_0030.04.aba.beta,True,1,1,0.0038805007934570312,0.022197246551513672,0.001588582992553711,0.027666330337524414,3,1,3,3,1,2,532,8555
oliveira/04_12/randm06.02.02.04.020_0030.05.aba.beta,True,1,1,0.006420135498046875,0.028287887573242188,0.002001047134399414,0.03670907020568848,3,1,3,3,1,2,525,8541
oliveira/04_12/randm06.02.02.05.020_0030.01.aba.beta,True,8,5,0.0606234073638916,0.2810096740722656,0.0018835067749023438,0.34351658821105957,59,6,54,30,6,390,601,9225
oliveira/04_12/randm06.02.02.05.020_0030.02.aba.beta,True,8,5,0.0480351448059082,0.29819393157958984,0.0018305778503417969,0.34805965423583984,68,6,63,44,5,633,639,9669
oliveira/04_12/randm06.02.02.05.020_0030.03.aba.beta,True,2,5,0.0142822265625,0.054775238037109375,0.0015523433685302734,0.07060980796813965,32,2,37,19,5,167,551,8642
oliveira/04_12/randm06.02.02.05.020_0030.04.aba.beta,True,3,5,0.022223949432373047,0.07745695114135742,0.0020923614501953125,0.10177326202392578,39,3,41,18,5,221,569,9042
oliveira/04_12/randm06.02.02.05.020_0030.05.aba.beta,True,5,5,0.032163381576538086,0.1678776741027832,0.0019335746765136719,0.20197463035583496,73,3,73,47,6,968,608,9439
oliveira/04_12/randm06.02.02.06.020_0030.01.aba.beta,True,9,5,0.07034730911254883,0.29982590675354004,0.0025691986083984375,0.3727424144744873,74,8,67,52,5,798,731,11026
oliveira/04_12/randm06.02.02.06.020_0030.02.aba.beta,True,8,5,0.06152176856994629,0.31915903091430664,0.003612041473388672,0.3842928409576416,75,6,71,44,6,864,658,9999
oliveira/04_12/randm06.02.02.06.020_0030.03.aba.beta,True,4,5,0.035066843032836914,0.1306779384613037,0.0016188621520996094,0.16736364364624023,50,3,48,34,5,776,584,9218
oliveira/04_12/randm06.02.02.06.020_0030.04.aba.beta,True,9,5,0.0634298324584961,0.3577420711517334,0.0024111270904541016,0.4235830307006836,92,8,85,71,5,1201,815,12353
oliveira/04_12/randm06.02.02.06.020_0030.05.aba.beta,True,11,5,0.09178853034973145,0.47881579399108887,0.0033140182495117188,0.573918342590332,112,9,104,80,6,1243,1047,15911
oliveira/04_12/randm06.02.02.07.020_0030.01.aba.beta,True,5,5,0.04523301124572754,0.22831511497497559,0.0016200542449951172,0.27516818046569824,37,4,36,30,5,164,556,8676
oliveira/04_12/randm06.02.02.07.020_0030.02.aba.beta,True,6,5,0.03811955451965332,0.23193621635437012,0.001748800277709961,0.2718045711517334,52,4,49,33,5,334,571,8803
oliveira/04_12/randm06.02.02.07.020_0030.03.aba.beta,True,8,5,0.0924837589263916,0.3176243305206299,0.0017199516296386719,0.41182804107666016,79,6,83,43,6,870,621,9356
oliveira/04_12/randm06.02.02.07.020_0030.04.aba.beta,True,5,5,0.0363917350769043,0.1490919589996338,0.0020248889923095703,0.18750858306884766,40,4,38,29,5,199,556,8697
oliveira/04_12/randm06.02.02.07.020_0030.05.aba.beta,True,4,5,0.027922391891479492,0.13492202758789062,0.0018281936645507812,0.1646726131439209,58,4,58,39,5,560,631,9836
oliveira/04_12/randm06.02.02.08.020_0030.01.aba.beta,True,5,4,0.033014535903930664,0.16861701011657715,0.0022132396697998047,0.20384478569030762,36,5,32,22,4,312,589,8918
oliveira/04_12/randm06.02.02.08.020_0030.02.aba.beta,True,5,4,0.03096175193786621,0.1326770782470703,0.0016665458679199219,0.16530537605285645,33,5,29,21,4,234,570,8793
oliveira/04_12/randm06.02.02.08.020_0030.03.aba.beta,True,3,4,0.023627758026123047,0.10060501098632812,0.0040509700775146484,0.12828373908996582,23,3,21,16,4,70,532,8521
oliveira/04_12/randm06.02.02.08.020_0030.04.aba.beta,True,3,4,0.017801523208618164,0.07764267921447754,0.0017828941345214844,0.09722709655761719,25,3,23,18,4,82,537,8579
oliveira/04_12/randm06.02.02.08.020_0030.05.aba.beta,True,5,4,0.03469371795654297,0.16128158569335938,0.002551555633544922,0.19852685928344727,51,5,47,39,4,694,671,10278
oliveira/04_12/randm06.02.02.09.020_0030.01.aba.beta,True,8,5,0.06465482711791992,0.5005664825439453,0.0027556419372558594,0.5679769515991211,104,8,106,83,5,1425,894,13819
oliveira/04_12/randm06.02.02.09.020_0030.02.aba.beta,True,4,5,0.03309321403503418,0.15772414207458496,0.005521297454833984,0.19633865356445312,78,4,85,54,5,1123,665,10492
oliveira/04_12/randm06.02.02.09.020_0030.03.aba.beta,True,5,5,0.040291786193847656,0.1886293888092041,0.0019245147705078125,0.23084568977355957,63,4,60,40,5,868,615,9553
oliveira/04_12/randm06.02.02.09.020_0030.04.aba.beta,True,10,5,0.08350157737731934,0.33832502365112305,0.0027718544006347656,0.42459845542907715,107,9,100,57,6,985,919,13823
oliveira/04_12/randm06.02.02.09.020_0030.05.aba.beta,True,7,5,0.04691505432128906,0.26218509674072266,0.0025086402893066406,0.31160879135131836,69,5,76,46,6,780,930,14693
oliveira/04_12/randm06.02.02.10.020_0030.01.aba.beta,True,3,4,0.024367332458496094,0.1293165683746338,0.004697322845458984,0.15838122367858887,23,3,22,17,4,83,547,8613
oliveira/04_12/randm06.02.02.10.020_0030.02.aba.beta,True,5,4,0.023855924606323242,0.1434769630432129,0.0016646385192871094,0.16899752616882324,38,4,35,29,5,328,579,8920
oliveira/04_12/randm06.02.02.10.020_0030.03.aba.beta,True,4,4,0.03151988983154297,0.12701845169067383,0.002070188522338867,0.16060853004455566,26,3,26,16,5,127,544,8586
oliveira/04_12/randm06.02.02.10.020_0030.04.aba.beta,True,4,4,0.022446155548095703,0.10764837265014648,0.0016484260559082031,0.1317429542541504,36,3,34,28,5,302,571,8857
oliveira/04_12/randm06.02.02.10.020_0030.05.aba.beta,True,3,4,0.026080846786499023,0.07623982429504395,0.001873016357421875,0.10419368743896484,18,3,16,12,4,57,550,8631
oliveira/04_12/randm06.02.02.11.020_0030.01.aba.beta,True,6,6,0.043283700942993164,0.30983424186706543,0.002025127410888672,0.35514307022094727,102,4,99,66,6,1426,681,10607
oliveira/04_12/randm06.02.02.11.020_0030.02.aba.beta,True,9,6,0.16391801834106445,0.854762077331543,0.005675077438354492,1.024355173110962,114,8,107,77,6,1474,838,12844
oliveira/04_12/randm06.02.02.11.020_0030.03.aba.beta,True,10,6,0.10028314590454102,0.357210636138916,0.005442142486572266,0.4629359245300293,74,7,74,46,8,589,684,10323
oliveira/04_12/randm06.02.02.11.020_0030.04.aba.beta,True,8,6,0.13962721824645996,0.48959875106811523,0.002169370651245117,0.6313953399658203,97,7,109,61,7,874,771,11753
oliveira/04_12/randm06.02.02.11.020_0030.05.aba.beta,True,12,6,0.08201098442077637,0.46378159523010254,0.002783536911010742,0.5485761165618896,108,9,106,72,8,1271,902,13356
oliveira/04_12/randm06.02.02.12.020_0030.01.aba.beta,True,8,4,0.050971269607543945,0.27963948249816895,0.0021109580993652344,0.3327217102050781,40,7,34,22,4,227,726,10943
oliveira/04_12/randm06.02.02.12.020_0030.02.aba.beta,True,3,4,0.025416135787963867,0.07955479621887207,0.0015146732330322266,0.10648560523986816,36,3,35,19,4,163,542,8604
oliveira/04_12/randm06.02.02.12.020_0030.03.aba.beta,True,3,4,0.01850128173828125,0.0739281177520752,0.001405477523803711,0.09383487701416016,41,3,40,28,4,243,552,8715
oliveira/04_12/randm06.02.02.12.020_0030.04.aba.beta,True,7,4,0.061002254486083984,0.3019828796386719,0.003184795379638672,0.36616992950439453,41,6,36,24,4,322,757,11514
oliveira/04_12/randm06.02.02.12.020_0030.05.aba.beta,True,5,4,0.04325413703918457,0.20193147659301758,0.00486445426940918,0.25005006790161133,37,4,34,23,4,310,583,8891
oliveira/04_12/randm06.02.02.13.020_0030.01.aba.beta,True,6,4,0.05978226661682129,0.2756693363189697,0.003366231918334961,0.338817834854126,55,6,50,43,4,648,656,10064
oliveira/04_12/randm06.02.02.13.020_0030.02.aba.beta,True,6,4,0.05059218406677246,0.2190563678741455,0.006021261215209961,0.27566981315612793,50,6,45,39,4,552,683,10354
oliveira/04_12/randm06.02.02.13.020_0030.03.aba.beta,True,5,4,0.03673195838928223,0.1682291030883789,0.0019943714141845703,0.2069554328918457,40,5,36,30,4,312,662,10150
oliveira/04_12/randm06.02.02.13.020_0030.04.aba.beta,True,3,4,0.018820762634277344,0.08610844612121582,0.0015416145324707031,0.10647082328796387,29,3,27,21,4,216,566,8767
oliveira/04_12/randm06.02.02.13.020_0030.05.aba.beta,True,4,4,0.030383586883544922,0.15469002723693848,0.0016751289367675781,0.18674874305725098,46,4,43,37,4,597,600,9449
oliveira/04_12/randm06.02.02.14.020_0030.01.aba.beta,True,7,6,0.059430599212646484,0.20888257026672363,0.0018553733825683594,0.2701685428619385,70,6,65,43,7,810,607,9410
oliveira/04_12/randm06.02.02.14.020_0030.02.aba.beta,True,10,6,0.1279585361480713,0.3707902431488037,0.0018157958984375,0.5005645751953125,71,9,66,31,7,598,650,9544
oliveira/04_12/randm06.02.02.14.020_0030.03.aba.beta,True,6,6,0.06390380859375,0.28710436820983887,0.0026395320892333984,0.35364770889282227,80,6,84,39,6,723,623,9665
oliveira/04_12/randm06.02.02.14.020_0030.04.aba.beta,True,7,6,0.07546162605285645,0.2865462303161621,0.0017676353454589844,0.36377549171447754,78,4,75,46,8,762,579,9042
oliveira/04_12/randm06.02.02.14.020_0030.05.aba.beta,True,10,6,0.1110074520111084,0.6027138233184814,0.005071163177490234,0.7187924385070801,73,7,69,48,8,752,686,10400
oliveira/04_12/randm06.02.02.15.020_0030.01.aba.beta,True,3,5,0.0317075252532959,0.12004280090332031,0.0017230510711669922,0.1534733772277832,54,3,53,33,5,447,586,9189
oliveira/04_12/randm06.02.02.15.020_0030.02.aba.beta,True,3,5,0.025809288024902344,0.0875847339630127,0.0018129348754882812,0.11520695686340332,57,3,56,34,5,480,619,9730
oliveira/04_12/randm06.02.02.15.020_0030.03.aba.beta,True,2,5,0.017288684844970703,0.06485748291015625,0.0015494823455810547,0.08369565010070801,49,2,62,26,5,272,541,8602
oliveira/04_12/randm06.02.02.15.020_0030.04.aba.beta,True,7,5,0.0628197193145752,0.22129178047180176,0.0017976760864257812,0.28590917587280273,52,6,47,32,5,547,617,9266
oliveira/04_12/randm06.02.02.15.020_0030.05.aba.beta,True,10,5,0.07092690467834473,0.32329273223876953,0.002524137496948242,0.3967437744140625,73,8,66,42,7,899,705,10566
oliveira/04_12/randm06.02.02.16.020_0030.01.aba.beta,True,2,3,0.012997627258300781,0.056679725646972656,0.0017747879028320312,0.07145214080810547,14,2,14,10,3,42,529,8513
oliveira/04_12/randm06.02.02.16.020_0030.02.aba.beta,True,3,3,0.016721010208129883,0.0825345516204834,0.0015757083892822266,0.10083127021789551,21,3,20,15,3,112,556,8685
oliveira/04_12/randm06.02.02.16.020_0030.03.aba.beta,True,2,3,0.019867897033691406,0.1298820972442627,0.0024847984313964844,0.15223479270935059,11,2,10,10,3,21,837,13591
oliveira/04_12/randm06.02.02.16.020_0030.04.aba.beta,True,2,3,0.01388692855834961,0.08612918853759766,0.002593517303466797,0.10260963439941406,11,2,10,10,3,21,838,13337
oliveira/04_12/randm06.02.02.16.020_0030.05.aba.beta,True,2,3,0.010651111602783203,0.05206775665283203,0.0016047954559326172,0.06432366371154785,16,2,16,12,3,63,550,8643
oliveira/04_12/randm06.02.02.17.020_0030.01.aba.beta,True,6,4,0.04157876968383789,0.179091215133667,0.001703500747680664,0.22237348556518555,47,6,44,27,4,447,595,9011
oliveira/04_12/randm06.02.02.17.020_0030.02.aba.beta,True,5,4,0.03181624412536621,0.13721585273742676,0.0016138553619384766,0.17064595222473145,36,5,38,21,4,215,602,9171
oliveira/04_12/randm06.02.02.17.020_0030.03.aba.beta,True,5,4,0.04549217224121094,0.22087812423706055,0.0018122196197509766,0.26818251609802246,54,5,52,42,4,585,626,9583
oliveira/04_12/randm06.02.02.17.020_0030.04.aba.beta,True,3,4,0.04000139236450195,0.16822290420532227,0.0015528202056884766,0.2097771167755127,30,3,28,20,4,138,544,8613
oliveira/04_12/randm06.02.02.17.020_0030.05.aba.beta,True,3,4,0.02536606788635254,0.1287858486175537,0.0017671585083007812,0.15591907501220703,20,3,19,16,4,53,538,8568
oliveira/04_12/randm06.02.02.18.020_0030.01.aba.beta,True,4,6,0.05165743827819824,0.17714810371398926,0.0015506744384765625,0.23035621643066406,78,3,76,49,7,593,570,8917
oliveira/04_12/randm06.02.02.18.020_0030.02.aba.beta,True,5,6,0.03821921348571777,0.21678996086120605,0.0014252662658691406,0.25643444061279297,58,3,59,31,8,277,541,8592
oliveira/04_12/randm06.02.02.18.020_0030.03.aba.beta,True,7,6,0.061533212661743164,0.25775885581970215,0.00234222412109375,0.32163429260253906,102,7,99,61,6,1385,726,11164
oliveira/04_12/randm06.02.02.18.020_0030.04.aba.beta,True,7,6,0.05285334587097168,0.2725107669830322,0.0019927024841308594,0.32735681533813477,78,6,73,49,7,780,599,9259
oliveira/04_12/randm06.02.02.18.020_0030.05.aba.beta,True,10,6,0.07501888275146484,0.3971269130706787,0.002643585205078125,0.4747893810272217,116,9,112,84,6,1522,776,11860
oliveira/04_12/randm06.02.02.19.020_0030.01.aba.beta,True,1,1,0.005442380905151367,0.024830341339111328,0.0016086101531982422,0.03188133239746094,3,1,3,3,1,2,533,8572
oliveira/04_12/randm06.02.02.19.020_0030.02.aba.beta,True,1,1,0.007767677307128906,0.041149139404296875,0.003559112548828125,0.052475929260253906,3,1,3,3,1,2,537,8597
oliveira/04_12/randm06.02.02.19.020_0030.03.aba.beta,True,1,1,0.005271196365356445,0.02360081672668457,0.0015418529510498047,0.03041386604309082,3,1,3,3,1,2,533,8578
oliveira/04_12/randm06.02.02.19.020_0030.04.aba.beta,True,1,1,0.008015632629394531,0.03630495071411133,0.0015437602996826172,0.04586434364318848,3,1,3,3,1,2,523,8524
oliveira/04_12/randm06.02.02.19.020_0030.05.aba.beta,True,1,1,0.044763803482055664,0.057152748107910156,0.0018455982208251953,0.10376214981079102,3,1,3,3,1,2,525,8527
oliveira/04_12/randm07.02.02.01.020_0030.01.aba.beta,True,1,1,0.00445246696472168,0.023254871368408203,0.0016133785247802734,0.029320716857910156,3,1,3,3,1,2,529,8553
oliveira/04_12/randm07.02.02.01.020_0030.02.aba.beta,True,1,1,0.02328038215637207,0.035591840744018555,0.0017261505126953125,0.06059837341308594,3,1,3,3,1,2,526,8542
oliveira/04_12/randm07.02.02.01.020_0030.03.aba.beta,True,1,1,0.006528139114379883,0.025796175003051758,0.0014481544494628906,0.03377246856689453,3,1,3,3,1,2,531,8553
oliveira/04_12/randm07.02.02.01.020_0030.04.aba.beta,True,1,1,0.018625497817993164,0.0543520450592041,0.010959625244140625,0.08393716812133789,3,1,3,3,1,2,530,8550
oliveira/04_12/randm07.02.02.01.020_0030.05.aba.beta,True,1,1,0.005141258239746094,0.028489112854003906,0.001592397689819336,0.035222768783569336,3,1,3,3,1,2,540,8609
oliveira/04_12/randm07.02.02.02.020_0030.01.aba.beta,True,1,1,0.004225969314575195,0.03499269485473633,0.0015177726745605469,0.04073643684387207,3,1,3,3,1,2,535,8587
oliveira/04_12/randm07.02.02.02.020_0030.02.aba.beta,True,1,1,0.010607481002807617,0.027519702911376953,0.002488851547241211,0.04061603546142578,3,1,3,3,1,2,538,8598
oliveira/04_12/randm07.02.02.02.020_0030.03.aba.beta,True,1,1,0.004843473434448242,0.02464461326599121,0.0015530586242675781,0.03104114532470703,3,1,3,3,1,2,533,8583
oliveira/04_12/randm07.02.02.02.020_0030.04.aba.beta,True,1,1,0.004234790802001953,0.022493839263916016,0.0017101764678955078,0.028438806533813477,3,1,3,3,1,2,521,8515
oliveira/04_12/randm07.02.02.02.020_0030.05.aba.beta,True,1,1,0.0045146942138671875,0.021280765533447266,0.0018849372863769531,0.027680397033691406,3,1,3,3,1,2,531,8576
oliveira/04_12/randm07.02.02.03.020_0030.01.aba.beta,True,9,7,0.0868830680847168,0.33470726013183594,0.0019330978393554688,0.4235234260559082,114,7,118,42,7,1163,637,9654
oliveira/04_12/randm07.02.02.03.020_0030.02.aba.beta,True,11,7,0.10693025588989258,0.527752161026001,0.00858306884765625,0.6432654857635498,76,8,71,32,8,519,608,8968
oliveira/04_12/randm07.02.02.03.020_0030.03.aba.beta,True,13,7,0.13509798049926758,0.6968512535095215,0.0025620460510253906,0.8345112800598145,121,10,112,66,9,1664,730,10997
oliveira/04_12/randm07.02.02.03.020_0030.04.aba.beta,True,12,7,0.10413217544555664,0.46111440658569336,0.002481222152709961,0.56772780418396,91,10,90,42,8,1228,823,12155
oliveira/04_12/randm07.02.02.03.020_0030.05.aba.beta,True,15,7,0.18128514289855957,0.8236103057861328,0.003412485122680664,1.008307933807373,139,13,129,75,7,1542,885,13003
oliveira/04_12/randm07.02.02.04.020_0030.01.aba.beta,True,3,4,0.03166794776916504,0.17851710319519043,0.005144834518432617,0.21532988548278809,23,3,23,18,4,78,675,10731
oliveira/04_12/randm07.02.02.04.020_0030.02.aba.beta,True,8,4,0.056418657302856445,0.26708316802978516,0.00287628173828125,0.32637810707092285,53,7,49,42,5,533,1002,15455
oliveira/04_12/randm07.02.02.04.020_0030.03.aba.beta,True,6,4,0.0609126091003418,0.3984858989715576,0.005327939987182617,0.46472644805908203,51,6,49,42,4,373,1540,24322
oliveira/04_12/randm07.02.02.04.020_0030.04.aba.beta,True,2,4,0.012230396270751953,0.07145810127258301,0.002058267593383789,0.08574676513671875,19,2,21,17,4,61,685,11093
oliveira/04_12/randm07.02.02.04.020_0030.05.aba.beta,True,5,4,0.03929257392883301,0.19536995887756348,0.0020406246185302734,0.23670315742492676,30,5,30,21,4,145,618,9566
oliveira/04_12/randm07.02.02.05.020_0030.01.aba.beta,True,9,6,0.07310056686401367,0.39763712882995605,0.0022592544555664062,0.47299695014953613,94,7,90,53,7,781,709,10785
oliveira/04_12/randm07.02.02.05.020_0030.02.aba.beta,True,8,6,0.07550621032714844,0.3791663646697998,0.0025839805603027344,0.457256555557251,81,7,76,48,7,878,741,11252
oliveira/04_12/randm07.02.02.05.020_0030.03.aba.beta,True,8,6,0.06353259086608887,0.32155585289001465,0.002589702606201172,0.3876781463623047,107,5,103,52,6,1429,644,9976
oliveira/04_12/randm07.02.02.05.020_0030.04.aba.beta,True,13,6,0.0970761775970459,0.45432472229003906,0.0026209354400634766,0.5540218353271484,111,11,108,60,7,1134,741,10738
oliveira/04_12/randm07.02.02.05.020_0030.05.aba.beta,True,8,6,0.07139396667480469,0.29326581954956055,0.0018346309661865234,0.36649441719055176,78,7,81,42,6,890,691,10360
oliveira/04_12/randm07.02.02.06.020_0030.01.aba.beta,True,3,4,0.016826152801513672,0.06952929496765137,0.001394510269165039,0.08774995803833008,25,3,23,17,4,114,544,8607
oliveira/04_12/randm07.02.02.06.020_0030.02.aba.beta,True,5,4,0.04252457618713379,0.13902616500854492,0.0020105838775634766,0.1835613250732422,39,5,35,27,4,310,587,8961
oliveira/04_12/randm07.02.02.06.020_0030.03.aba.beta,True,4,4,0.024878978729248047,0.1907179355621338,0.0016446113586425781,0.21724152565002441,28,4,25,19,4,136,560,8682
oliveira/04_12/randm07.02.02.06.020_0030.04.aba.beta,True,4,4,0.026274681091308594,0.11009335517883301,0.002751588821411133,0.13911962509155273,33,4,30,22,4,233,877,13860
oliveira/04_12/randm07.02.02.06.020_0030.05.aba.beta,True,5,4,0.03948569297790527,0.20261526107788086,0.0030448436737060547,0.2451457977294922,41,5,37,20,4,252,933,14658
oliveira/04_12/randm07.02.02.07.020_0030.01.aba.beta,True,8,6,0.06670761108398438,0.261962890625,0.0020580291748046875,0.33072853088378906,61,6,56,31,7,559,594,9028
oliveira/04_12/randm07.02.02.07.020_0030.02.aba.beta,True,7,6,0.06879234313964844,0.2516934871673584,0.0028045177459716797,0.3232903480529785,76,6,81,46,6,944,684,10431
oliveira/04_12/randm07.02.02.07.020_0030.03.aba.beta,True,13,6,0.11883163452148438,0.5256402492523193,0.002414703369140625,0.6468865871429443,70,11,64,42,7,552,758,11059
oliveira/04_12/randm07.02.02.07.020_0030.04.aba.beta,True,9,6,0.07276082038879395,0.3119347095489502,0.0028057098388671875,0.38750123977661133,84,8,84,50,6,657,900,13760
oliveira/04_12/randm07.02.02.07.020_0030.05.aba.beta,True,9,6,0.066650390625,0.33574962615966797,0.0019555091857910156,0.404355525970459,76,7,70,49,6,574,689,10234
oliveira/04_12/randm07.02.02.08.020_0030.01.aba.beta,True,1,1,0.004601001739501953,0.024157285690307617,0.0014274120330810547,0.030185699462890625,3,1,3,3,1,2,542,8613
oliveira/04_12/randm07.02.02.08.020_0030.02.aba.beta,True,1,1,0.0037844181060791016,0.05024385452270508,0.0016036033630371094,0.05563187599182129,3,1,3,3,1,2,539,8607
oliveira/04_12/randm07.02.02.08.020_0030.03.aba.beta,True,1,1,0.006559133529663086,0.048229217529296875,0.0014767646789550781,0.05626511573791504,3,1,3,3,1,2,534,8577
oliveira/04_12/randm07.02.02.08.020_0030.04.aba.beta,True,1,1,0.0058596134185791016,0.039961814880371094,0.003307819366455078,0.04912924766540527,3,1,3,3,1,2,536,8592
oliveira/04_12/randm07.02.02.08.020_0030.05.aba.beta,True,1,1,0.007807493209838867,0.031106948852539062,0.0017766952514648438,0.04069113731384277,3,1,3,3,1,2,536,8587
oliveira/04_12/randm07.02.02.09.020_0030.01.aba.beta,True,5,3,0.038156747817993164,0.1753830909729004,0.0018739700317382812,0.21541380882263184,35,5,32,26,3,353,596,9062
oliveira/04_12/randm07.02.02.09.020_0030.02.aba.beta,True,3,3,0.035420894622802734,0.11450934410095215,0.0017826557159423828,0.15171289443969727,26,3,25,20,3,142,550,8648
oliveira/04_12/randm07.02.02.09.020_0030.03.aba.beta,True,2,3,0.01629471778869629,0.09934163093566895,0.0016024112701416016,0.11723875999450684,18,2,18,13,3,64,546,8623
oliveira/04_12/randm07.02.02.09.020_0030.04.aba.beta,True,3,3,0.024581193923950195,0.11449337005615234,0.0020492076873779297,0.14112377166748047,29,3,30,20,3,251,561,8758
oliveira/04_12/randm07.02.02.09.020_0030.05.aba.beta,True,3,3,0.018440961837768555,0.07862329483032227,0.001645803451538086,0.0987100601196289,26,3,27,16,3,172,552,8661
oliveira/04_12/randm07.02.02.10.020_0030.01.aba.beta,True,1,1,0.00649571418762207,0.027034282684326172,0.003482818603515625,0.03701281547546387,3,1,3,3,1,2,537,8599
oliveira/04_12/randm07.02.02.10.020_0030.02.aba.beta,True,1,1,0.00452113151550293,0.04922771453857422,0.0035011768341064453,0.057250022888183594,3,1,3,3,1,2,540,8608
oliveira/04_12/randm07.02.02.10.020_0030.03.aba.beta,True,1,1,0.0046350955963134766,0.024768829345703125,0.0016078948974609375,0.03101181983947754,3,1,3,3,1,2,527,8497
oliveira/04_12/randm07.02.02.10.020_0030.04.aba.beta,True,1,1,0.008905887603759766,0.048743486404418945,0.0016961097717285156,0.05934548377990723,3,1,3,3,1,2,537,8603
oliveira/04_12/randm07.02.02.10.020_0030.05.aba.beta,True,1,1,0.011692285537719727,0.048267364501953125,0.00160980224609375,0.0615694522857666,3,1,3,3,1,2,528,8551
oliveira/04_12/randm07.02.02.11.020_0030.01.aba.beta,True,6,5,0.045424699783325195,0.2540767192840576,0.0019969940185546875,0.3014984130859375,44,5,41,34,5,279,668,10470
oliveira/04_12/randm07.02.02.11.020_0030.02.aba.beta,True,6,5,0.03893423080444336,0.20803427696228027,0.003431081771850586,0.2503995895385742,50,5,46,40,5,425,999,15759
oliveira/04_12/randm07.02.02.11.020_0030.03.aba.beta,True,6,5,0.09641766548156738,0.3990297317504883,0.0028543472290039062,0.49830174446105957,121,6,122,91,5,2030,927,14767
oliveira/04_12/randm07.02.02.11.020_0030.04.aba.beta,True,9,5,0.0892789363861084,0.3650939464569092,0.0025238990783691406,0.4568967819213867,56,8,51,35,5,428,740,11164
oliveira/04_12/randm07.02.02.11.020_0030.05.aba.beta,True,8,5,0.05916094779968262,0.29232048988342285,0.0027780532836914062,0.3542594909667969,84,7,84,57,5,1021,822,12494
oliveira/04_12/randm07.02.02.12.020_0030.01.aba.beta,True,3,3,0.07055163383483887,0.11854672431945801,0.005494117736816406,0.19459247589111328,26,3,24,20,3,174,557,8717
oliveira/04_12/randm07.02.02.12.020_0030.02.aba.beta,True,2,3,0.012250900268554688,0.053659677505493164,0.0015392303466796875,0.06744980812072754,14,2,13,11,3,32,538,8593
oliveira/04_12/randm07.02.02.12.020_0030.03.aba.beta,True,2,3,0.021978378295898438,0.06119513511657715,0.0015411376953125,0.08471465110778809,14,2,13,12,3,32,534,8576
oliveira/04_12/randm07.02.02.12.020_0030.04.aba.beta,True,3,3,0.019788026809692383,0.08081507682800293,0.0014739036560058594,0.10207700729370117,23,3,21,19,3,146,549,8674
oliveira/04_12/randm07.02.02.12.020_0030.05.aba.beta,True,3,3,0.03292727470397949,0.1305232048034668,0.0019071102142333984,0.1653575897216797,22,3,20,16,3,135,556,8697
oliveira/04_12/randm07.02.02.13.020_0030.01.aba.beta,True,10,7,0.08329629898071289,0.39021897315979004,0.002563953399658203,0.47607922554016113,107,7,105,64,9,1195,766,11636
oliveira/04_12/randm07.02.02.13.020_0030.02.aba.beta,True,11,7,0.09847402572631836,0.4308464527130127,0.0029020309448242188,0.5322225093841553,129,10,131,82,7,2193,970,15060
oliveira/04_12/randm07.02.02.13.020_0030.03.aba.beta,True,13,7,0.14963054656982422,0.694737434387207,0.0050220489501953125,0.8493900299072266,169,11,163,108,7,2355,1480,22527
oliveira/04_12/randm07.02.02.13.020_0030.04.aba.beta,True,16,7,0.15824055671691895,0.5835425853729248,0.0037124156951904297,0.7454955577850342,136,13,127,72,9,1677,1077,15933
oliveira/04_12/randm07.02.02.13.020_0030.05.aba.beta,True,12,7,0.11455917358398438,0.45331501960754395,0.0023047924041748047,0.5701789855957031,97,10,103,49,8,1258,771,11262
oliveira/04_12/randm07.02.02.14.020_0030.01.aba.beta,True,2,3,0.024883747100830078,0.0811767578125,0.005391597747802734,0.11145210266113281,28,2,28,22,3,265,559,8755
oliveira/04_12/randm07.02.02.14.020_0030.02.aba.beta,True,3,3,0.016105175018310547,0.09080648422241211,0.0017669200897216797,0.10867857933044434,23,3,22,17,3,148,561,8710
oliveira/04_12/randm07.02.02.14.020_0030.03.aba.beta,True,2,3,0.03822159767150879,0.11754107475280762,0.0017209053039550781,0.15748357772827148,30,2,29,25,3,322,569,9159
oliveira/04_12/randm07.02.02.14.020_0030.04.aba.beta,True,3,3,0.01596665382385254,0.07979774475097656,0.001556396484375,0.0973207950592041,34,3,33,28,3,326,560,8832
oliveira/04_12/randm07.02.02.14.020_0030.05.aba.beta,True,2,3,0.012037038803100586,0.05146336555480957,0.0018935203552246094,0.06539392471313477,15,2,15,10,3,46,544,8613
oliveira/04_12/randm07.02.02.15.020_0030.01.aba.beta,True,6,7,0.06263875961303711,0.18107390403747559,0.002167224884033203,0.2458798885345459,72,6,78,32,7,627,597,8962
oliveira/04_12/randm07.02.02.15.020_0030.02.aba.beta,True,12,7,0.13303232192993164,0.5847752094268799,0.005488395690917969,0.7232959270477295,100,11,90,52,7,1331,821,12312
oliveira/04_12/randm07.02.02.15.020_0030.03.aba.beta,True,14,7,0.13703608512878418,0.6176109313964844,0.007820844650268555,0.7624678611755371,122,12,111,72,8,1750,1130,17066
oliveira/04_12/randm07.02.02.15.020_0030.04.aba.beta,True,4,7,0.05780172348022461,0.17942237854003906,0.0015263557434082031,0.23875045776367188,66,3,70,27,7,496,553,8646
oliveira/04_12/randm07.02.02.15.020_0030.05.aba.beta,True,13,7,0.12796592712402344,0.709688663482666,0.0042035579681396484,0.8418581485748291,145,10,136,86,7,1259,1355,21076
oliveira/04_12/randm07.02.02.16.020_0030.01.aba.beta,True,10,4,0.0774233341217041,0.505333662033081,0.007913351058959961,0.5906703472137451,61,9,53,49,4,648,1736,26907
oliveira/04_12/randm07.02.02.16.020_0030.02.aba.beta,True,5,4,0.03154349327087402,0.1571347713470459,0.0025358200073242188,0.19121408462524414,33,5,33,22,4,178,886,13868
oliveira/04_12/randm07.02.02.16.020_0030.03.aba.beta,True,4,4,0.05945086479187012,0.09769678115844727,0.0017540454864501953,0.15890169143676758,26,4,25,18,4,104,677,10757
oliveira/04_12/randm07.02.02.16.020_0030.04.aba.beta,True,5,4,0.032436370849609375,0.1605381965637207,0.0038704872131347656,0.19684505462646484,43,5,39,32,4,280,1218,19291
oliveira/04_12/randm07.02.02.16.020_0030.05.aba.beta,True,5,4,0.029881000518798828,0.15952110290527344,0.0027992725372314453,0.1922013759613037,39,5,39,30,4,290,942,14839
oliveira/04_12/randm07.02.02.17.020_0030.01.aba.beta,True,9,6,0.06728291511535645,0.29259729385375977,0.0022208690643310547,0.36210107803344727,79,7,73,47,6,843,683,10285
oliveira/04_12/randm07.02.02.17.020_0030.02.aba.beta,True,12,6,0.10959768295288086,0.6268539428710938,0.004499197006225586,0.7409508228302002,97,9,96,60,8,994,895,13527
oliveira/04_12/randm07.02.02.17.020_0030.03.aba.beta,True,10,6,0.07888913154602051,0.38437461853027344,0.0020017623901367188,0.46526551246643066,78,7,74,49,8,768,691,10368
oliveira/04_12/randm07.02.02.17.020_0030.04.aba.beta,True,13,6,0.1336512565612793,0.543076753616333,0.0058476924896240234,0.6825757026672363,112,10,108,76,8,1325,828,12301
oliveira/04_12/randm07.02.02.17.020_0030.05.aba.beta,True,7,6,0.05377340316772461,0.20950078964233398,0.0020596981048583984,0.265333890914917,66,6,61,37,6,853,654,9913
oliveira/04_12/randm07.02.02.18.020_0030.01.aba.beta,True,20,7,0.2631988525390625,1.7270269393920898,0.0071277618408203125,1.9973535537719727,213,16,198,136,8,2919,1590,23987
oliveira/04_12/randm07.02.02.18.020_0030.02.aba.beta,True,17,7,0.16666436195373535,1.1375470161437988,0.0038118362426757812,1.30802321434021,175,13,163,95,8,2370,1125,17139
oliveira/04_12/randm07.02.02.18.020_0030.03.aba.beta,True,13,7,0.11367154121398926,0.7415511608123779,0.0035152435302734375,0.8587379455566406,167,9,162,114,9,2505,1097,16865
oliveira/04_12/randm07.02.02.18.020_0030.04.aba.beta,True,13,7,0.16637039184570312,0.9803032875061035,0.003153085708618164,1.1498267650604248,169,9,172,100,9,2691,971,14775
oliveira/04_12/randm07.02.02.18.020_0030.05.aba.beta,True,15,7,0.16649699211120605,0.8555624485015869,0.006590843200683594,1.0286502838134766,194,11,184,113,8,2184,1045,15657
oliveira/04_12/randm07.02.02.19.020_0030.01.aba.beta,True,9,5,0.05860757827758789,0.28501367568969727,0.0021810531616210938,0.34580230712890625,71,8,68,39,6,622,693,10420
oliveira/04_12/randm07.02.02.19.020_0030.02.aba.beta,True,6,5,0.07307291030883789,0.2743377685546875,0.0019524097442626953,0.3493630886077881,108,5,106,75,5,1785,684,10736
oliveira/04_12/randm07.02.02.19.020_0030.03.aba.beta,True,11,5,0.09444856643676758,0.4513378143310547,0.008067131042480469,0.5538535118103027,87,10,78,62,5,1045,767,11287
oliveira/04_12/randm07.02.02.19.020_0030.04.aba.beta,True,13,5,0.16904592514038086,0.8471524715423584,0.010876893997192383,1.0270752906799316,89,12,78,67,5,1110,840,12252
oliveira/04_12/randm07.02.02.19.020_0030.05.aba.beta,True,9,5,0.058461904525756836,0.30231213569641113,0.002369403839111328,0.3631434440612793,83,8,76,57,5,851,818,12356
oliveira/04_12/randm08.02.02.01.020_0030.01.aba.beta,True,11,7,0.1330854892730713,0.534555196762085,0.0023927688598632812,0.6700334548950195,92,9,84,59,8,1001,756,11216
oliveira/04_12/randm08.02.02.01.020_0030.02.aba.beta,True,10,7,0.14633703231811523,0.6194343566894531,0.002058267593383789,0.7678296566009521,156,6,153,89,9,1744,658,9972
oliveira/04_12/randm08.02.02.01.020_0030.03.aba.beta,True,18,7,0.1926271915435791,0.8830366134643555,0.0024521350860595703,1.0781159400939941,117,14,110,58,9,1193,858,12453
oliveira/04_12/randm08.02.02.01.020_0030.04.aba.beta,True,15,7,0.20180177688598633,0.7511544227600098,0.004590272903442383,0.9575464725494385,150,13,138,99,8,1825,1343,20280
oliveira/04_12/randm08.02.02.01.020_0030.05.aba.beta,True,12,7,0.14368295669555664,0.5834665298461914,0.002319812774658203,0.7294692993164062,103,11,93,56,7,1024,763,11025
oliveira/04_12/randm08.02.02.02.020_0030.01.aba.beta,True,8,6,0.08713102340698242,0.2668037414550781,0.0016052722930908203,0.35554003715515137,81,5,77,43,9,471,573,8782
oliveira/04_12/randm08.02.02.02.020_0030.02.aba.beta,True,9,6,0.07317852973937988,0.29321980476379395,0.001889944076538086,0.3682882785797119,109,7,105,47,8,1664,627,9619
oliveira/04_12/randm08.02.02.02.020_0030.03.aba.beta,True,8,6,0.07194399833679199,0.2640039920806885,0.0029540061950683594,0.33890199661254883,96,7,90,43,7,855,626,9359
oliveira/04_12/randm08.02.02.02.020_0030.04.aba.beta,True,9,6,0.060143232345581055,0.26952266693115234,0.0022344589233398438,0.33190035820007324,67,8,60,42,6,700,672,10150
oliveira/04_12/randm08.02.02.02.020_0030.05.aba.beta,True,9,6,0.08904528617858887,0.3117353916168213,0.003793001174926758,0.4045736789703369,106,8,102,50,7,1580,711,10671
oliveira/04_12/randm08.02.02.03.020_0030.01.aba.beta,True,10,7,0.09556746482849121,0.4201362133026123,0.0038406848907470703,0.5195443630218506,73,8,66,42,7,447,651,9770
oliveira/04_12/randm08.02.02.03.020_0030.02.aba.beta,True,15,7,0.13462328910827637,0.6682188510894775,0.0036592483520507812,0.8065013885498047,144,11,137,98,9,1768,896,13376
oliveira/04_12/randm08.02.02.03.020_0030.03.aba.beta,True,9,7,0.057689666748046875,0.308380126953125,0.0032138824462890625,0.36928367614746094,90,7,84,57,7,797,937,14422
oliveira/04_12/randm08.02.02.03.020_0030.04.aba.beta,True,10,7,0.1185922622680664,0.4654719829559326,0.0021462440490722656,0.5862104892730713,104,7,100,67,8,1104,661,9988
oliveira/04_12/randm08.02.02.03.020_0030.05.aba.beta,True,14,7,0.11940741539001465,0.49886274337768555,0.0024857521057128906,0.6207559108734131,107,11,103,51,9,1274,722,10396
oliveira/04_12/randm08.02.02.04.020_0030.01.aba.beta,True,7,6,0.060456037521362305,0.23812603950500488,0.0017664432525634766,0.30034852027893066,100,5,97,60,7,1201,663,10256
oliveira/04_12/randm08.02.02.04.020_0030.02.aba.beta,True,8,6,0.058188438415527344,0.26352405548095703,0.0030388832092285156,0.3247513771057129,84,7,78,58,6,811,790,12135
oliveira/04_12/randm08.02.02.04.020_0030.03.aba.beta,True,13,6,0.09427380561828613,0.524686336517334,0.003243684768676758,0.6222038269042969,118,12,107,92,6,1576,946,14125
oliveira/04_12/randm08.02.02.04.020_0030.04.aba.beta,True,10,6,0.06662726402282715,0.3300769329071045,0.0019550323486328125,0.39865922927856445,85,8,83,44,7,983,659,9779
oliveira/04_12/randm08.02.02.04.020_0030.05.aba.beta,True,11,6,0.10287356376647949,0.5134561061859131,0.003226757049560547,0.6195564270019531,121,9,113,82,7,1486,831,12533
oliveira/04_12/randm08.02.02.05.020_0030.01.aba.beta,True,9,5,0.10626602172851562,0.27927660942077637,0.003407001495361328,0.3889496326446533,51,7,45,31,6,348,969,14941
oliveira/04_12/randm08.02.02.05.020_0030.02.aba.beta,True,8,5,0.06148576736450195,0.2545182704925537,0.0023279190063476562,0.3183319568634033,72,6,67,46,6,671,731,11196
oliveira/04_12/randm08.02.02.05.020_0030.03.aba.beta,True,6,5,0.04451775550842285,0.23468565940856934,0.0018711090087890625,0.28107452392578125,59,4,56,38,5,706,594,9163
oliveira/04_12/randm08.02.02.05.020_0030.04.aba.beta,True,5,5,0.054671287536621094,0.15929412841796875,0.0027909278869628906,0.21675634384155273,74,5,70,26,5,877,639,9801
oliveira/04_12/randm08.02.02.05.020_0030.05.aba.beta,True,8,5,0.05475950241088867,0.25917553901672363,0.0024750232696533203,0.3164100646972656,69,6,64,36,6,703,868,13383
oliveira/04_12/randm08.02.02.06.020_0030.01.aba.beta,True,6,8,0.09461355209350586,0.2803840637207031,0.0017561912536621094,0.3767538070678711,125,4,133,54,9,1753,587,9223
oliveira/04_12/randm08.02.02.06.020_0030.02.aba.beta,True,14,8,0.18720078468322754,0.9568054676055908,0.0035436153411865234,1.1475498676300049,273,9,269,85,10,2977,933,14136
oliveira/04_12/randm08.02.02.06.020_0030.03.aba.beta,True,16,8,0.20418810844421387,0.6967055797576904,0.002763509750366211,0.9036571979522705,170,12,168,82,12,2437,960,14350
oliveira/04_12/randm08.02.02.06.020_0030.04.aba.beta,True,9,8,0.11133360862731934,0.36256885528564453,0.0018968582153320312,0.4757993221282959,154,7,162,76,10,1403,668,9986
oliveira/04_12/randm08.02.02.06.020_0030.05.aba.beta,True,14,8,0.12665796279907227,0.6539170742034912,0.004236936569213867,0.7848119735717773,146,10,137,69,9,1166,689,10330
oliveira/04_12/randm08.02.02.07.020_0030.01.aba.beta,True,1,1,0.009960174560546875,0.06198930740356445,0.004251003265380859,0.07620048522949219,3,1,3,3,1,2,536,8587
oliveira/04_12/randm08.02.02.07.020_0030.02.aba.beta,True,1,1,0.006741046905517578,0.0337827205657959,0.004075288772583008,0.044599056243896484,3,1,3,3,1,2,524,8514
oliveira/04_12/randm08.02.02.07.020_0030.03.aba.beta,True,1,1,0.004413604736328125,0.021011829376220703,0.0018198490142822266,0.027245283126831055,3,1,3,3,1,2,519,8504
oliveira/04_12/randm08.02.02.07.020_0030.04.aba.beta,True,1,1,0.009924888610839844,0.03547167778015137,0.0014176368713378906,0.0468142032623291,3,1,3,3,1,2,539,8604
oliveira/04_12/randm08.02.02.07.020_0030.05.aba.beta,True,1,1,0.005289316177368164,0.02963733673095703,0.0014710426330566406,0.036397695541381836,3,1,3,3,1,2,530,8566
oliveira/04_12/randm08.02.02.08.020_0030.01.aba.beta,True,11,6,0.09534120559692383,0.5365667343139648,0.002557516098022461,0.6344654560089111,151,8,145,91,7,1643,818,12244
oliveira/04_12/randm08.02.02.08.020_0030.02.aba.beta,True,13,6,0.1052846908569336,0.6317181587219238,0.0031621456146240234,0.7401649951934814,137,10,128,98,7,1895,936,14256
oliveira/04_12/randm08.02.02.08.020_0030.03.aba.beta,True,14,6,0.11474728584289551,0.5747008323669434,0.0032095909118652344,0.6926577091217041,118,11,112,81,8,1242,1028,15745
oliveira/04_12/randm08.02.02.08.020_0030.04.aba.beta,True,10,6,0.06656527519226074,0.41260242462158203,0.002752065658569336,0.4819197654724121,104,8,97,78,6,1184,846,12577
oliveira/04_12/randm08.02.02.08.020_0030.05.aba.beta,True,12,6,0.10021328926086426,0.5670473575592041,0.004074573516845703,0.6713352203369141,106,9,98,72,7,1287,926,13977
oliveira/04_12/randm08.02.02.09.020_0030.01.aba.beta,True,11,7,0.09775543212890625,0.36946868896484375,0.004280567169189453,0.47150468826293945,90,9,94,47,8,778,1304,20170
oliveira/04_12/randm08.02.02.09.020_0030.02.aba.beta,True,18,7,0.2239518165588379,0.9648251533508301,0.009318828582763672,1.1980957984924316,241,16,226,133,9,3638,1793,27620
oliveira/04_12/randm08.02.02.09.020_0030.03.aba.beta,True,7,7,0.0922999382019043,0.31164979934692383,0.003828287124633789,0.4077780246734619,85,5,83,57,9,668,718,11142
oliveira/04_12/randm08.02.02.09.020_0030.04.aba.beta,True,9,7,0.08463048934936523,0.32712507247924805,0.002260446548461914,0.4140160083770752,149,6,144,66,8,1234,679,10301
oliveira/04_12/randm08.02.02.09.020_0030.05.aba.beta,True,16,7,0.2733912467956543,0.6775155067443848,0.009567022323608398,0.9604737758636475,110,16,112,40,7,967,2027,30934
oliveira/04_12/randm08.02.02.10.020_0030.01.aba.beta,True,13,7,0.12780523300170898,0.5000691413879395,0.0026161670684814453,0.6304905414581299,146,11,142,80,8,1908,878,12986
oliveira/04_12/randm08.02.02.10.020_0030.02.aba.beta,True,12,7,0.10263991355895996,0.5214760303497314,0.003840208053588867,0.6279561519622803,129,9,123,91,8,1407,1318,20180
oliveira/04_12/randm08.02.02.10.020_0030.03.aba.beta,True,13,7,0.12848758697509766,0.5064606666564941,0.0034821033477783203,0.6384303569793701,126,10,141,75,10,1683,983,14760
oliveira/04_12/randm08.02.02.10.020_0030.04.aba.beta,True,16,7,0.1902151107788086,0.73758864402771,0.00587773323059082,0.9336814880371094,226,14,227,142,9,3079,1790,27313
oliveira/04_12/randm08.02.02.10.020_0030.05.aba.beta,True,12,7,0.11415696144104004,0.48225927352905273,0.004549503326416016,0.6009657382965088,142,9,139,96,9,1612,1404,22106
oliveira/04_12/randm08.02.02.11.020_0030.01.aba.beta,True,19,8,0.24400067329406738,0.8652386665344238,0.0037412643432617188,1.112980604171753,134,17,128,71,9,1445,1264,18354
oliveira/04_12/randm08.02.02.11.020_0030.02.aba.beta,True,16,8,0.18648076057434082,0.5526654720306396,0.00611567497253418,0.7452619075775146,123,14,130,55,9,1043,1862,28952
oliveira/04_12/randm08.02.02.11.020_0030.03.aba.beta,True,15,8,0.15175175666809082,0.5413296222686768,0.0031523704528808594,0.6962337493896484,163,12,155,67,11,2338,876,13032
oliveira/04_12/randm08.02.02.11.020_0030.04.aba.beta,True,22,8,0.27568483352661133,1.338474988937378,0.005231380462646484,1.6193912029266357,290,17,275,104,11,3227,1764,26368
oliveira/04_12/randm08.02.02.11.020_0030.05.aba.beta,True,15,8,0.1462414264678955,0.5530400276184082,0.0035886764526367188,0.7028701305389404,126,13,123,61,9,1465,1088,15980
oliveira/04_12/randm08.02.02.12.020_0030.01.aba.beta,True,8,5,0.06070971488952637,0.27768898010253906,0.002898693084716797,0.3412973880767822,98,7,95,64,6,1176,836,12914
oliveira/04_12/randm08.02.02.12.020_0030.02.aba.beta,True,7,5,0.05408215522766113,0.2553434371948242,0.003840208053588867,0.3132658004760742,103,6,99,66,6,1358,912,14273
oliveira/04_12/randm08.02.02.12.020_0030.03.aba.beta,True,9,5,0.09106874465942383,0.5335392951965332,0.008841276168823242,0.6334493160247803,170,8,163,131,5,2594,1208,18605
oliveira/04_12/randm08.02.02.12.020_0030.04.aba.beta,True,8,5,0.08117222785949707,0.2893669605255127,0.005056858062744141,0.3755960464477539,106,7,100,66,5,1114,741,11221
oliveira/04_12/randm08.02.02.12.020_0030.05.aba.beta,True,7,5,0.054326772689819336,0.22117233276367188,0.003130197525024414,0.2786293029785156,92,6,87,48,5,1153,691,10515
oliveira/04_12/randm08.02.02.13.020_0030.01.aba.beta,True,20,8,0.28325939178466797,2.911501169204712,0.005392551422119141,3.200153112411499,247,16,232,141,9,3691,1751,26684
oliveira/04_12/randm08.02.02.13.020_0030.02.aba.beta,True,15,8,0.18837642669677734,1.9947123527526855,0.0051648616790771484,2.18825364112854,235,10,231,131,10,3065,1564,23954
oliveira/04_12/randm08.02.02.13.020_0030.03.aba.beta,True,14,8,0.16017866134643555,0.8381025791168213,0.00530242919921875,1.0035836696624756,193,11,198,115,10,1677,1566,24172
oliveira/04_12/randm08.02.02.13.020_0030.04.aba.beta,True,16,8,0.1643521785736084,0.9703099727630615,0.003942966461181641,1.1386051177978516,172,13,171,120,9,2185,1135,16905
oliveira/04_12/randm08.02.02.13.020_0030.05.aba.beta,True,18,8,0.20253896713256836,1.0992610454559326,0.005571842193603516,1.3073718547821045,210,13,204,145,11,2790,1399,21521
oliveira/04_12/randm08.02.02.14.020_0030.01.aba.beta,True,13,6,0.09341001510620117,0.7078709602355957,0.005270242691040039,0.8065512180328369,175,10,166,147,7,2209,1676,26021
oliveira/04_12/randm08.02.02.14.020_0030.02.aba.beta,True,16,6,0.1378633975982666,0.8645870685577393,0.005530118942260742,1.0079805850982666,179,13,168,139,8,2272,1466,22542
oliveira/04_12/randm08.02.02.14.020_0030.03.aba.beta,True,17,6,0.14101767539978027,0.8218517303466797,0.0044651031494140625,0.967334508895874,138,14,127,103,7,1624,1359,20617
oliveira/04_12/randm08.02.02.14.020_0030.04.aba.beta,True,12,6,0.14641928672790527,0.8182742595672607,0.005653858184814453,0.9703474044799805,149,9,141,112,7,2177,1650,26510
oliveira/04_12/randm08.02.02.14.020_0030.05.aba.beta,True,14,6,0.10293006896972656,0.7175962924957275,0.0037512779235839844,0.8242776393890381,142,11,132,112,7,1811,1175,17615
oliveira/04_12/randm08.02.02.15.020_0030.01.aba.beta,True,8,5,0.058882713317871094,0.3302803039550781,0.0025482177734375,0.3917112350463867,107,6,110,73,7,1217,763,11753
oliveira/04_12/randm08.02.02.15.020_0030.02.aba.beta,True,8,5,0.05817127227783203,0.2756950855255127,0.00255584716796875,0.3364222049713135,81,6,78,56,6,851,885,13784
oliveira/04_12/randm08.02.02.15.020_0030.03.aba.beta,True,6,5,0.05809450149536133,0.2445518970489502,0.0017731189727783203,0.30441951751708984,68,4,65,45,6,718,618,9494
oliveira/04_12/randm08.02.02.15.020_0030.04.aba.beta,True,11,5,0.08478736877441406,0.4195737838745117,0.002799510955810547,0.5071606636047363,117,9,111,89,6,1451,975,15048
oliveira/04_12/randm08.02.02.15.020_0030.05.aba.beta,True,13,5,0.1010282039642334,0.5277004241943359,0.0034368038177490234,0.6321654319763184,113,11,103,90,6,1444,1137,17298
oliveira/04_12/randm08.02.02.16.020_0030.01.aba.beta,True,12,5,0.09871530532836914,0.4458332061767578,0.0029993057250976562,0.5475478172302246,84,11,86,58,6,949,876,12982
oliveira/04_12/randm08.02.02.16.020_0030.02.aba.beta,True,5,5,0.034140586853027344,0.16861796379089355,0.0021581649780273438,0.20491671562194824,64,4,61,50,5,781,662,10417
oliveira/04_12/randm08.02.02.16.020_0030.03.aba.beta,True,11,5,0.11094164848327637,0.5097951889038086,0.002718687057495117,0.6234555244445801,122,10,113,104,5,1724,979,14965
oliveira/04_12/randm08.02.02.16.020_0030.04.aba.beta,True,9,5,0.057553768157958984,0.2983376979827881,0.0034275054931640625,0.35931897163391113,79,8,72,62,5,680,1019,15583
oliveira/04_12/randm08.02.02.16.020_0030.05.aba.beta,True,7,5,0.041925668716430664,0.26332807540893555,0.0025358200073242188,0.30778956413269043,63,6,58,48,5,626,818,12707
oliveira/04_12/randm08.02.02.17.020_0030.01.aba.beta,True,11,6,0.08846378326416016,0.39363646507263184,0.0023415088653564453,0.48444175720214844,92,10,85,61,6,1070,751,11236
oliveira/04_12/randm08.02.02.17.020_0030.02.aba.beta,True,6,6,0.06859922409057617,0.2965676784515381,0.002471923828125,0.36763882637023926,79,6,74,56,6,871,773,12120
oliveira/04_12/randm08.02.02.17.020_0030.03.aba.beta,True,6,6,0.04899764060974121,0.16429352760314941,0.0022153854370117188,0.21550655364990234,59,6,54,36,6,370,653,10060
oliveira/04_12/randm08.02.02.17.020_0030.04.aba.beta,True,8,6,0.07566118240356445,0.25068116188049316,0.0021865367889404297,0.32852888107299805,109,8,112,69,6,1251,736,11198
oliveira/04_12/randm08.02.02.17.020_0030.05.aba.beta,True,10,6,0.09299826622009277,0.3581960201263428,0.0027093887329101562,0.4539036750793457,118,9,114,67,7,1563,886,13959
oliveira/04_12/randm08.02.02.18.020_0030.01.aba.beta,True,7,6,0.07203459739685059,0.412766695022583,0.003523111343383789,0.4883244037628174,88,5,84,54,7,858,609,9423
oliveira/04_12/randm08.02.02.18.020_0030.02.aba.beta,True,12,6,0.07950568199157715,0.5921838283538818,0.004332065582275391,0.6760215759277344,157,9,149,125,6,1801,1363,21384
oliveira/04_12/randm08.02.02.18.020_0030.03.aba.beta,True,11,6,0.08978056907653809,0.4005005359649658,0.0049626827239990234,0.49524378776550293,98,8,91,66,7,806,1210,18646
oliveira/04_12/randm08.02.02.18.020_0030.04.aba.beta,True,11,6,0.08422684669494629,0.4735219478607178,0.002267122268676758,0.5600159168243408,122,8,115,74,7,1368,800,12109
oliveira/04_12/randm08.02.02.18.020_0030.05.aba.beta,True,11,6,0.10901045799255371,0.57627272605896,0.002833127975463867,0.6881163120269775,149,8,142,110,7,2186,868,13346
oliveira/04_12/randm08.02.02.19.020_0030.01.aba.beta,True,16,8,0.24720358848571777,0.9667251110076904,0.006019115447998047,1.2199478149414062,124,15,110,63,8,1513,1005,14525
oliveira/04_12/randm08.02.02.19.020_0030.02.aba.beta,True,16,8,0.19085192680358887,0.6011407375335693,0.004527091979980469,0.7965197563171387,174,15,160,95,9,2604,1305,20102
oliveira/04_12/randm08.02.02.19.020_0030.03.aba.beta,True,13,8,0.11398887634277344,0.6580748558044434,0.002290964126586914,0.7743546962738037,106,10,98,67,9,950,774,11321
oliveira/04_12/randm08.02.02.19.020_0030.04.aba.beta,True,11,8,0.1340954303741455,0.42189550399780273,0.002485990524291992,0.5584769248962402,110,10,106,58,8,1692,794,11976
oliveira/04_12/randm08.02.02.19.020_0030.05.aba.beta,True,15,8,0.12032556533813477,0.5885715484619141,0.003012418746948242,0.7119095325469971,118,13,106,60,8,1346,969,14096
oliveira/04_12/randm09.02.02.01.020_0030.01.aba.beta,True,21,9,0.3209836483001709,1.6054446697235107,0.013700008392333984,1.9401283264160156,201,18,190,114,10,2423,3353,53234
oliveira/04_12/randm09.02.02.01.020_0030.02.aba.beta,True,12,7,0.14366841316223145,0.5106825828552246,0.005484342575073242,0.6598353385925293,132,11,142,75,7,1695,1152,17741
oliveira/04_12/randm09.02.02.01.020_0030.03.aba.beta,True,23,9,0.2462167739868164,1.9622058868408203,0.006682872772216797,2.2151055335998535,240,19,222,121,10,3543,2099,31959
oliveira/04_12/randm09.02.02.01.020_0030.04.aba.beta,True,24,9,0.27166199684143066,1.386106014251709,0.007215738296508789,1.6649837493896484,228,20,230,120,10,2682,2257,34049
oliveira/04_12/randm09.02.02.01.020_0030.05.aba.beta,True,21,9,0.320575475692749,1.6241612434387207,0.010121822357177734,1.9548585414886475,217,17,220,105,10,1949,2973,46323
oliveira/04_12/randm09.02.02.02.020_0030.01.aba.beta,True,18,8,0.17277884483337402,0.7494313716888428,0.005082845687866211,0.927293062210083,140,15,132,69,9,1133,1739,26211
oliveira/04_12/randm09.02.02.02.020_0030.02.aba.beta,True,10,7,0.12409782409667969,0.38817667961120605,0.0034132003784179688,0.5156877040863037,118,9,126,62,7,1098,1087,16640
oliveira/04_12/randm09.02.02.02.020_0030.03.aba.beta,True,23,8,0.2151172161102295,1.1211128234863281,0.005068302154541016,1.3412983417510986,305,18,288,105,11,2961,1663,24911
oliveira/04_12/randm09.02.02.02.020_0030.04.aba.beta,True,23,8,0.20636606216430664,1.4515469074249268,0.006461381912231445,1.6643743515014648,282,18,265,94,9,3409,1963,30298
oliveira/04_12/randm09.02.02.02.020_0030.05.aba.beta,True,14,7,0.1148226261138916,0.5813257694244385,0.004454135894775391,0.7006025314331055,111,11,101,62,8,880,1562,23905
oliveira/04_12/randm09.02.02.03.020_0030.01.aba.beta,True,13,8,0.25755977630615234,0.7209296226501465,0.004961729049682617,0.9834511280059814,232,12,229,134,9,3488,1487,22741
oliveira/04_12/randm09.02.02.03.020_0030.02.aba.beta,True,11,8,0.21770119667053223,0.3871312141418457,0.0025968551635742188,0.6074292659759521,216,11,230,77,8,3506,873,13407
oliveira/04_12/randm09.02.02.03.020_0030.03.aba.beta,True,16,8,0.15942811965942383,0.9588007926940918,0.0031392574310302734,1.121368169784546,265,11,255,86,9,3599,1063,16354
oliveira/04_12/randm09.02.02.03.020_0030.04.aba.beta,True,16,8,0.2552151679992676,0.678403377532959,0.00513458251953125,0.9387531280517578,222,16,208,112,8,3439,1614,24238
oliveira/04_12/randm09.02.02.03.020_0030.05.aba.beta,True,11,8,0.17656493186950684,0.4187803268432617,0.0034215450286865234,0.5987668037414551,227,11,217,112,8,3269,1124,16956
oliveira/04_12/randm09.02.02.04.020_0030.01.aba.beta,True,15,7,0.13282299041748047,0.6430356502532959,0.003793001174926758,0.7796516418457031,140,12,131,90,8,1745,1169,17405
oliveira/04_12/randm09.02.02.04.020_0030.02.aba.beta,True,11,7,0.08715462684631348,0.3378419876098633,0.0027081966400146484,0.4277048110961914,109,10,103,63,7,1274,904,13613
oliveira/04_12/randm09.02.02.04.020_0030.03.aba.beta,True,10,7,0.10449695587158203,0.3544135093688965,0.005049943923950195,0.4639604091644287,86,8,82,47,8,877,723,10894
oliveira/04_12/randm09.02.02.04.020_0030.04.aba.beta,True,10,7,0.1762866973876953,0.5319201946258545,0.009850740432739258,0.7180576324462891,85,8,82,45,8,755,785,11843
oliveira/04_12/randm09.02.02.04.020_0030.05.aba.beta,True,12,7,0.08779454231262207,0.44110846519470215,0.0029134750366210938,0.5318164825439453,128,9,120,68,7,1075,875,13175
oliveira/04_12/randm09.02.02.05.020_0030.01.aba.beta,True,15,8,0.15429949760437012,0.6298072338104248,0.0038781166076660156,0.7879848480224609,105,13,99,69,9,873,1172,17472
oliveira/04_12/randm09.02.02.05.020_0030.02.aba.beta,True,9,8,0.07819676399230957,0.2961575984954834,0.0019683837890625,0.37632274627685547,120,7,118,55,9,1089,622,9252
oliveira/04_12/randm09.02.02.05.020_0030.03.aba.beta,True,17,8,0.22307085990905762,0.844959020614624,0.0040225982666015625,1.0720524787902832,153,14,146,83,10,1850,1258,18687
oliveira/04_12/randm09.02.02.05.020_0030.04.aba.beta,True,13,8,0.14215731620788574,0.49016833305358887,0.004064321517944336,0.636389970779419,125,12,117,69,8,1283,1221,18513
oliveira/04_12/randm09.02.02.05.020_0030.05.aba.beta,True,7,8,0.05895256996154785,0.25271081924438477,0.0019025802612304688,0.3135659694671631,85,5,83,50,9,712,603,9298
oliveira/04_12/randm09.02.02.06.020_0030.01.aba.beta,True,16,9,0.21825551986694336,0.882476806640625,0.003387928009033203,1.1041202545166016,341,11,336,96,11,4945,933,14050
oliveira/04_12/randm09.02.02.06.020_0030.02.aba.beta,True,18,9,0.292025089263916,0.9214186668395996,0.0037949085235595703,1.2172386646270752,148,15,155,62,11,1498,1031,14921
oliveira/04_12/randm09.02.02.06.020_0030.03.aba.beta,True,8,9,0.10688948631286621,0.3845696449279785,0.0024390220642089844,0.4938981533050537,166,6,173,86,10,1647,838,13101
oliveira/04_12/randm09.02.02.06.020_0030.04.aba.beta,True,20,9,0.23791193962097168,0.9090700149536133,0.003632068634033203,1.1506140232086182,210,16,197,74,11,2135,1121,16188
oliveira/04_12/randm09.02.02.06.020_0030.05.aba.beta,True,17,9,0.17896747589111328,0.8001770973205566,0.002856016159057617,0.9820005893707275,171,13,164,77,11,1957,963,14111
oliveira/04_12/randm09.02.02.07.020_0030.01.aba.beta,True,1,1,0.004818916320800781,0.024558067321777344,0.0016226768493652344,0.03099966049194336,3,1,3,3,1,2,511,8445
oliveira/04_12/randm09.02.02.07.020_0030.02.aba.beta,True,1,1,0.004187822341918945,0.02207159996032715,0.0016522407531738281,0.027911663055419922,3,1,3,3,1,2,530,8553
oliveira/04_12/randm09.02.02.07.020_0030.03.aba.beta,True,1,1,0.0051610469818115234,0.023225784301757812,0.0014884471893310547,0.02987527847290039,3,1,3,3,1,2,533,8573
oliveira/04_12/randm09.02.02.07.020_0030.04.aba.beta,True,1,1,0.004702091217041016,0.03341984748840332,0.001665353775024414,0.03978729248046875,3,1,3,3,1,2,527,8550
oliveira/04_12/randm09.02.02.07.020_0030.05.aba.beta,True,1,1,0.016003131866455078,0.021375417709350586,0.0016353130340576172,0.03901386260986328,3,1,3,3,1,2,536,8586
oliveira/04_12/randm09.02.02.08.020_0030.01.aba.beta,True,4,6,0.043407440185546875,0.11698222160339355,0.002379179000854492,0.16276884078979492,56,4,54,26,6,309,601,9477
oliveira/04_12/randm09.02.02.08.020_0030.02.aba.beta,True,9,6,0.13239121437072754,0.35901355743408203,0.0036954879760742188,0.4951002597808838,91,8,88,55,6,1123,800,12213
oliveira/04_12/randm09.02.02.08.020_0030.03.aba.beta,True,9,6,0.06638813018798828,0.28469204902648926,0.0023756027221679688,0.3534557819366455,70,8,64,41,6,578,862,13169
oliveira/04_12/randm09.02.02.08.020_0030.04.aba.beta,True,11,6,0.09026622772216797,0.505558967590332,0.006337404251098633,0.6021625995635986,95,8,88,37,8,599,1680,26376
oliveira/04_12/randm09.02.02.08.020_0030.05.aba.beta,True,6,6,0.04037189483642578,0.1639389991760254,0.003774881362915039,0.2080857753753662,71,5,77,32,7,439,1165,18489
oliveira/04_12/randm09.02.02.09.020_0030.01.aba.beta,True,17,9,0.30328965187072754,1.195369005203247,0.00719451904296875,1.5058531761169434,273,14,278,129,9,3443,2046,32480
oliveira/04_12/randm09.02.02.09.020_0030.02.aba.beta,True,16,9,0.25390625,0.815537691116333,0.004291534423828125,1.0737354755401611,250,12,239,89,11,3739,1350,20354
oliveira/04_12/randm09.02.02.09.020_0030.03.aba.beta,True,14,9,0.21773219108581543,0.4918999671936035,0.001924753189086914,0.7115569114685059,136,10,127,54,12,1231,699,10222
oliveira/04_12/randm09.02.02.09.020_0030.04.aba.beta,True,17,9,0.20108556747436523,0.9986870288848877,0.004055023193359375,1.2038276195526123,237,14,238,113,9,2903,1492,22408
oliveira/04_12/randm09.02.02.09.020_0030.05.aba.beta,True,13,9,0.1372232437133789,0.5899367332458496,0.0036449432373046875,0.7308049201965332,187,8,180,116,12,1852,1007,15393
oliveira/04_12/randm09.02.02.10.020_0030.01.aba.beta,True,8,6,0.07142782211303711,0.284238338470459,0.0024666786193847656,0.35813283920288086,75,7,71,51,6,753,783,12035
oliveira/04_12/randm09.02.02.10.020_0030.02.aba.beta,True,9,6,0.09014272689819336,0.3402891159057617,0.002510547637939453,0.43294239044189453,77,8,72,53,6,887,677,10211
oliveira/04_12/randm09.02.02.10.020_0030.03.aba.beta,True,13,6,0.1256718635559082,0.5090925693511963,0.004758596420288086,0.6395230293273926,95,12,91,52,7,904,952,13962
oliveira/04_12/randm09.02.02.10.020_0030.04.aba.beta,True,7,6,0.08663272857666016,0.21491074562072754,0.0017991065979003906,0.3033425807952881,62,6,59,36,6,608,607,9186
oliveira/04_12/randm09.02.02.10.020_0030.05.aba.beta,True,6,6,0.05180025100708008,0.16743993759155273,0.001842498779296875,0.2210826873779297,62,6,57,37,6,688,612,9215
oliveira/04_12/randm09.02.02.11.020_0030.01.aba.beta,True,15,8,0.20817041397094727,0.7647161483764648,0.004470109939575195,0.9773566722869873,185,12,174,99,10,2349,1099,16515
oliveira/04_12/randm09.02.02.11.020_0030.02.aba.beta,True,18,8,0.29000401496887207,0.6245889663696289,0.003397226333618164,0.9179902076721191,150,16,151,61,9,2535,910,13256
oliveira/04_12/randm09.02.02.11.020_0030.03.aba.beta,True,16,8,0.20473194122314453,0.6170449256896973,0.003049135208129883,0.8248260021209717,172,14,197,76,9,2812,977,14370
oliveira/04_12/randm09.02.02.11.020_0030.04.aba.beta,True,15,8,0.1983644962310791,0.6331770420074463,0.005231142044067383,0.8367726802825928,104,13,95,41,9,1095,782,11174
oliveira/04_12/randm09.02.02.11.020_0030.05.aba.beta,True,14,8,0.17919611930847168,0.5553703308105469,0.002978801727294922,0.7375452518463135,129,11,119,67,9,1288,764,11331
oliveira/04_12/randm09.02.02.12.020_0030.01.aba.beta,True,13,8,0.13957881927490234,0.5386843681335449,0.002747774124145508,0.6810109615325928,140,11,135,77,8,1567,889,13256
oliveira/04_12/randm09.02.02.12.020_0030.02.aba.beta,True,15,8,0.19532132148742676,0.5488097667694092,0.002734661102294922,0.7468657493591309,124,13,127,63,9,1200,920,13520
oliveira/04_12/randm09.02.02.12.020_0030.03.aba.beta,True,18,8,0.24480628967285156,0.7451140880584717,0.0034720897674560547,0.9933924674987793,146,16,131,85,8,1687,1117,16002
oliveira/04_12/randm09.02.02.12.020_0030.04.aba.beta,True,14,8,0.2340073585510254,0.7016420364379883,0.004045009613037109,0.9396944046020508,122,11,112,70,10,1320,875,13079
oliveira/04_12/randm09.02.02.12.020_0030.05.aba.beta,True,18,8,0.28359007835388184,0.7453515529632568,0.0033507347106933594,1.032292366027832,150,14,138,74,11,1727,1071,15488
oliveira/04_12/randm09.02.02.13.020_0030.01.aba.beta,True,14,8,0.12223267555236816,0.583127498626709,0.003645181655883789,0.7090053558349609,133,9,131,68,11,1640,921,14122
oliveira/04_12/randm09.02.02.13.020_0030.02.aba.beta,True,18,8,0.2400524616241455,1.3550827503204346,0.00793147087097168,1.6030666828155518,260,13,249,128,11,4589,1425,21571
oliveira/04_12/randm09.02.02.13.020_0030.03.aba.beta,True,19,8,0.25711941719055176,1.131742238998413,0.007105350494384766,1.3959670066833496,254,14,259,98,11,3714,1005,14657
oliveira/04_12/randm09.02.02.13.020_0030.04.aba.beta,True,14,8,0.18122100830078125,0.6184043884277344,0.002950429916381836,0.8025758266448975,184,12,175,94,8,3046,988,14859
oliveira/04_12/randm09.02.02.13.020_0030.05.aba.beta,True,18,8,0.2394542694091797,1.0670523643493652,0.0044705867767333984,1.3109772205352783,220,15,207,92,9,2314,1348,20126
oliveira/04_12/randm09.02.02.14.020_0030.01.aba.beta,True,9,6,0.06711626052856445,0.3355720043182373,0.0024001598358154297,0.4050884246826172,87,7,83,64,7,891,717,10822
oliveira/04_12/randm09.02.02.14.020_0030.02.aba.beta,True,6,6,0.04386281967163086,0.20379948616027832,0.0021543502807617188,0.2498166561126709,73,4,70,56,7,856,632,9747
oliveira/04_12/randm09.02.02.14.020_0030.03.aba.beta,True,11,6,0.09691667556762695,0.40331387519836426,0.004452943801879883,0.5046834945678711,97,9,95,61,7,978,728,10761
oliveira/04_12/randm09.02.02.14.020_0030.04.aba.beta,True,8,6,0.06118416786193848,0.27018165588378906,0.0026552677154541016,0.33402109146118164,88,5,90,63,9,792,776,12036
oliveira/04_12/randm09.02.02.14.020_0030.05.aba.beta,True,11,6,0.10063552856445312,0.45444607734680176,0.0029697418212890625,0.558051347732544,134,9,136,106,7,1830,948,14366
oliveira/04_12/randm09.02.02.15.020_0030.01.aba.beta,True,10,8,0.09641218185424805,0.46881937980651855,0.0032815933227539062,0.5685131549835205,111,6,107,83,11,1087,1072,16684
oliveira/04_12/randm09.02.02.15.020_0030.02.aba.beta,True,10,8,0.08454203605651855,0.36310243606567383,0.0019388198852539062,0.4495832920074463,82,6,78,46,11,744,637,9586
oliveira/04_12/randm09.02.02.15.020_0030.03.aba.beta,True,12,8,0.11117959022521973,0.4912552833557129,0.002779722213745117,0.6052145957946777,117,10,115,68,9,1409,873,13293
oliveira/04_12/randm09.02.02.15.020_0030.04.aba.beta,True,10,8,0.11783766746520996,0.40097570419311523,0.0021615028381347656,0.52097487449646,111,8,105,72,9,931,729,11045
oliveira/04_12/randm09.02.02.15.020_0030.05.aba.beta,True,9,8,0.14387059211730957,0.2823607921600342,0.0022253990173339844,0.42845678329467773,100,6,113,52,11,706,771,12386
oliveira/04_12/randm09.02.02.16.020_0030.01.aba.beta,True,11,6,0.13919973373413086,0.6000351905822754,0.005213737487792969,0.7444486618041992,105,9,97,70,6,1238,984,15169
oliveira/04_12/randm09.02.02.16.020_0030.02.aba.beta,True,7,6,0.06229114532470703,0.24831533432006836,0.002516031265258789,0.3131225109100342,125,6,120,68,7,1734,794,12168
oliveira/04_12/randm09.02.02.16.020_0030.03.aba.beta,True,12,6,0.0987558364868164,0.588615894317627,0.0057256221771240234,0.6930973529815674,166,10,157,122,6,2072,1741,27531
oliveira/04_12/randm09.02.02.16.020_0030.04.aba.beta,True,5,6,0.03581595420837402,0.1527409553527832,0.0018455982208251953,0.19040250778198242,69,3,67,37,7,797,569,8904
oliveira/04_12/randm09.02.02.16.020_0030.05.aba.beta,True,8,6,0.07364058494567871,0.2986259460449219,0.002302885055541992,0.3745694160461426,78,6,76,44,7,1130,692,10654
oliveira/04_12/randm09.02.02.17.020_0030.01.aba.beta,True,18,9,0.3043637275695801,1.098174810409546,0.0053446292877197266,1.4078831672668457,240,13,234,113,12,3220,1570,24432
oliveira/04_12/randm09.02.02.17.020_0030.02.aba.beta,True,12,9,0.12055397033691406,0.5886569023132324,0.0032453536987304688,0.712456226348877,158,8,157,114,12,1558,894,13643
oliveira/04_12/randm09.02.02.17.020_0030.03.aba.beta,True,10,9,0.08632755279541016,0.4238288402557373,0.002108335494995117,0.5122647285461426,103,7,102,77,11,765,715,10847
oliveira/04_12/randm09.02.02.17.020_0030.04.aba.beta,True,20,9,0.2716958522796631,1.0375721454620361,0.0038836002349853516,1.3131515979766846,196,15,185,91,12,2334,1089,15969
oliveira/04_12/randm09.02.02.17.020_0030.05.aba.beta,True,21,9,0.26279330253601074,1.13499116897583,0.006493091583251953,1.4042775630950928,197,16,182,112,12,2462,1877,28545
oliveira/04_12/randm09.02.02.18.020_0030.01.aba.beta,True,14,7,0.10604357719421387,0.43640899658203125,0.002506256103515625,0.5449588298797607,91,11,81,45,9,1354,798,11701
oliveira/04_12/randm09.02.02.18.020_0030.02.aba.beta,True,10,7,0.08474564552307129,0.3441450595855713,0.001936197280883789,0.43082690238952637,103,8,96,43,8,1043,660,9976
oliveira/04_12/randm09.02.02.18.020_0030.03.aba.beta,True,15,7,0.1751084327697754,0.5617196559906006,0.0032296180725097656,0.7400577068328857,130,14,117,75,7,2092,986,14597
oliveira/04_12/randm09.02.02.18.020_0030.04.aba.beta,True,14,7,0.14951825141906738,0.5698697566986084,0.003108501434326172,0.722496509552002,140,12,141,77,8,2041,1033,15339
oliveira/04_12/randm09.02.02.18.020_0030.05.aba.beta,True,16,7,0.23332524299621582,0.8677167892456055,0.0034720897674560547,1.1045141220092773,158,14,145,71,9,2581,1059,15842
oliveira/04_12/randm09.02.02.19.020_0030.01.aba.beta,True,17,8,0.2344505786895752,0.7578110694885254,0.0038301944732666016,0.9960918426513672,191,15,177,105,8,2658,1207,18162
oliveira/04_12/randm09.02.02.19.020_0030.02.aba.beta,True,18,8,0.22263574600219727,0.8465931415557861,0.0069239139556884766,1.0761528015136719,198,17,182,127,8,2572,2079,31798
oliveira/04_12/randm09.02.02.19.020_0030.03.aba.beta,True,12,8,0.12034010887145996,0.5709488391876221,0.0040378570556640625,0.6953268051147461,166,8,159,74,10,2423,839,12717
oliveira/04_12/randm09.02.02.19.020_0030.04.aba.beta,True,14,8,0.13748455047607422,0.6135373115539551,0.003336191177368164,0.7543580532073975,172,11,166,90,9,2674,977,14772
oliveira/04_12/randm09.02.02.19.020_0030.05.aba.beta,True,18,8,0.1805272102355957,0.9160861968994141,0.0045778751373291016,1.1011912822723389,217,14,208,139,10,2804,1443,21910
oliveira/04_12/randm10.02.02.01.020_0030.01.aba.beta,True,3,6,0.03012537956237793,0.08127737045288086,0.0023436546325683594,0.11374640464782715,59,3,62,30,6,277,708,11182
oliveira/04_12/randm10.02.02.01.020_0030.02.aba.beta,True,11,6,0.08346390724182129,0.31841540336608887,0.002686023712158203,0.40456533432006836,79,10,75,35,6,768,910,13886
oliveira/04_12/randm10.02.02.01.020_0030.03.aba.beta,True,9,6,0.07414126396179199,0.3563826084136963,0.0024852752685546875,0.43300914764404297,72,7,79,47,7,746,744,11391
oliveira/04_12/randm10.02.02.01.020_0030.04.aba.beta,True,4,6,0.035477399826049805,0.11101388931274414,0.0019533634185791016,0.14844465255737305,64,4,61,28,6,425,697,10874
oliveira/04_12/randm10.02.02.01.020_0030.05.aba.beta,True,6,6,0.056211233139038086,0.2326197624206543,0.005164384841918945,0.29399538040161133,77,5,79,33,7,399,1063,16807
oliveira/04_12/randm10.02.02.02.020_0030.01.aba.beta,True,17,9,0.23990154266357422,0.8618185520172119,0.0029184818267822266,1.1046385765075684,211,13,223,94,11,2644,985,14261
oliveira/04_12/randm10.02.02.02.020_0030.02.aba.beta,True,17,9,0.2786383628845215,0.8969597816467285,0.004339694976806641,1.1799378395080566,213,14,222,128,11,2704,1356,20475
oliveira/04_12/randm10.02.02.02.020_0030.03.aba.beta,True,17,9,0.3185856342315674,1.0548758506774902,0.005676984786987305,1.379138469696045,180,14,176,94,10,2519,1288,19613
oliveira/04_12/randm10.02.02.02.020_0030.04.aba.beta,True,17,9,0.21035194396972656,1.104403018951416,0.004274129867553711,1.3190290927886963,209,14,196,119,9,2184,1364,21092
oliveira/04_12/randm10.02.02.02.020_0030.05.aba.beta,True,17,9,0.23368287086486816,1.4236369132995605,0.00444483757019043,1.6617646217346191,241,12,233,111,11,2669,1048,15478
oliveira/04_12/randm10.02.02.03.020_0030.01.aba.beta,True,19,8,0.25618886947631836,0.7929444313049316,0.0034503936767578125,1.0525836944580078,140,16,132,78,10,1672,1017,14762
oliveira/04_12/randm10.02.02.03.020_0030.02.aba.beta,True,18,8,0.15860247611999512,0.7902262210845947,0.0035266876220703125,0.9523553848266602,130,13,118,69,11,1273,1168,17105
oliveira/04_12/randm10.02.02.03.020_0030.03.aba.beta,True,14,8,0.13251686096191406,0.6053135395050049,0.0031642913818359375,0.7409946918487549,150,10,150,88,10,1935,1021,15645
oliveira/04_12/randm10.02.02.03.020_0030.04.aba.beta,True,14,8,0.12447881698608398,0.5722436904907227,0.0031244754791259766,0.6998469829559326,144,10,137,86,10,1294,929,13863
oliveira/04_12/randm10.02.02.03.020_0030.05.aba.beta,True,15,8,0.1415083408355713,0.5510568618774414,0.0037114620208740234,0.6962766647338867,133,12,133,86,10,1317,1147,17161
oliveira/04_12/randm10.02.02.04.020_0030.01.aba.beta,True,9,5,0.0657811164855957,0.3018827438354492,0.0023317337036132812,0.3699955940246582,60,8,53,34,6,665,673,9880
oliveira/04_12/randm10.02.02.04.020_0030.02.aba.beta,True,5,5,0.02488875389099121,0.13970112800598145,0.0018579959869384766,0.16644787788391113,49,3,47,33,7,373,569,8804
oliveira/04_12/randm10.02.02.04.020_0030.03.aba.beta,True,5,5,0.02180957794189453,0.12082290649414062,0.0017175674438476562,0.1443500518798828,36,3,35,20,7,132,529,8540
oliveira/04_12/randm10.02.02.04.020_0030.04.aba.beta,True,5,5,0.04282784461975098,0.14269351959228516,0.0018210411071777344,0.18734240531921387,43,5,43,26,5,247,571,8741
oliveira/04_12/randm10.02.02.04.020_0030.05.aba.beta,True,5,5,0.043660879135131836,0.14380455017089844,0.0018351078033447266,0.189300537109375,63,5,61,44,5,673,635,9600
oliveira/04_12/randm10.02.02.05.020_0030.01.aba.beta,True,16,8,0.15178823471069336,0.7117135524749756,0.004602193832397461,0.8681039810180664,139,13,129,74,9,1288,1502,23536
oliveira/04_12/randm10.02.02.05.020_0030.02.aba.beta,True,11,7,0.1106412410736084,0.4217357635498047,0.00434422492980957,0.5367212295532227,131,10,126,83,7,1313,1411,21575
oliveira/04_12/randm10.02.02.05.020_0030.03.aba.beta,True,11,8,0.12401008605957031,0.5631434917449951,0.003932476043701172,0.6910860538482666,154,9,148,100,9,2183,1235,19073
oliveira/04_12/randm10.02.02.05.020_0030.04.aba.beta,True,18,8,0.19009876251220703,0.8442215919494629,0.007580757141113281,1.0419011116027832,162,16,147,86,8,1744,2024,30636
oliveira/04_12/randm10.02.02.05.020_0030.05.aba.beta,True,15,8,0.17835640907287598,0.7940599918365479,0.00821232795715332,0.9806287288665771,186,13,190,119,8,2545,2367,36871
oliveira/04_12/randm10.02.02.06.020_0030.01.aba.beta,True,14,9,0.22975468635559082,0.6090874671936035,0.0030493736267089844,0.8418915271759033,205,9,214,83,13,1895,856,12953
oliveira/04_12/randm10.02.02.06.020_0030.02.aba.beta,True,17,9,0.2490980625152588,0.9726250171661377,0.005973100662231445,1.227696180343628,212,13,200,126,12,3563,1462,22458
oliveira/04_12/randm10.02.02.06.020_0030.03.aba.beta,True,20,9,0.25206542015075684,0.9671363830566406,0.004163980484008789,1.2233657836914062,268,14,257,112,13,4135,1230,18522
oliveira/04_12/randm10.02.02.06.020_0030.04.aba.beta,True,13,9,0.19678187370300293,0.5763192176818848,0.005186557769775391,0.7782876491546631,164,8,158,59,13,2532,754,11494
oliveira/04_12/randm10.02.02.06.020_0030.05.aba.beta,True,15,9,0.33644747734069824,0.6372814178466797,0.003476858139038086,0.977205753326416,299,13,300,103,11,4423,1078,16298
oliveira/04_12/randm10.02.02.07.020_0030.01.aba.beta,True,23,9,0.3337984085083008,1.4110438823699951,0.006322383880615234,1.7511646747589111,307,18,311,143,12,3712,1899,29069
oliveira/04_12/randm10.02.02.07.020_0030.02.aba.beta,True,18,9,0.2605769634246826,0.9102175235748291,0.005182743072509766,1.1759772300720215,203,14,190,92,11,1953,1013,15149
oliveira/04_12/randm10.02.02.07.020_0030.03.aba.beta,True,17,9,0.20280098915100098,0.744220495223999,0.003139495849609375,0.9501609802246094,169,13,166,82,12,1539,974,14358
oliveira/04_12/randm10.02.02.07.020_0030.04.aba.beta,True,19,9,0.24187517166137695,0.9196000099182129,0.004403591156005859,1.1658787727355957,228,15,216,112,12,3358,1329,19631
oliveira/04_12/randm10.02.02.07.020_0030.05.aba.beta,True,18,9,0.22712230682373047,0.9115903377532959,0.0042612552642822266,1.1429738998413086,214,13,214,135,12,2801,1192,17835
oliveira/04_12/randm10.02.02.08.020_0030.01.aba.beta,True,13,9,0.12971067428588867,0.6205804347991943,0.0026369094848632812,0.7529280185699463,142,11,132,94,10,1371,855,12983
oliveira/04_12/randm10.02.02.08.020_0030.02.aba.beta,True,9,9,0.12509846687316895,0.4287869930267334,0.003075838088989258,0.5569612979888916,104,8,98,67,9,989,683,10376
oliveira/04_12/randm10.02.02.08.020_0030.03.aba.beta,True,13,9,0.14538860321044922,0.4975602626800537,0.0024595260620117188,0.6454083919525146,111,10,102,53,10,827,661,9496
oliveira/04_12/randm10.02.02.08.020_0030.04.aba.beta,True,18,9,0.19279265403747559,0.7370703220367432,0.005835533142089844,0.9356985092163086,138,13,130,56,13,1143,801,11613
oliveira/04_12/randm10.02.02.08.020_0030.05.aba.beta,True,11,9,0.1390528678894043,0.4969909191131592,0.002381563186645508,0.638425350189209,122,10,116,76,9,1151,761,11276
oliveira/04_12/randm10.02.02.09.020_0030.01.aba.beta,True,11,7,0.08515429496765137,0.4071156978607178,0.0031969547271728516,0.495466947555542,119,9,111,69,7,1430,909,14001
oliveira/04_12/randm10.02.02.09.020_0030.02.aba.beta,True,10,7,0.08054637908935547,0.3592691421508789,0.002337217330932617,0.442152738571167,147,8,143,86,8,1390,683,10300
oliveira/04_12/randm10.02.02.09.020_0030.03.aba.beta,True,13,7,0.12476420402526855,0.5742766857147217,0.0031311511993408203,0.702172040939331,117,11,109,64,7,1127,799,11943
oliveira/04_12/randm10.02.02.09.020_0030.04.aba.beta,True,10,7,0.09814119338989258,0.5330042839050293,0.0022614002227783203,0.6334068775177002,102,8,95,69,7,976,697,10574
oliveira/04_12/randm10.02.02.09.020_0030.05.aba.beta,True,12,7,0.13852524757385254,0.5166635513305664,0.002958536148071289,0.6581473350524902,188,10,179,93,9,2751,938,14249
oliveira/04_12/randm10.02.02.10.020_0030.01.aba.beta,True,9,7,0.07753515243530273,0.32883238792419434,0.0024461746215820312,0.4088137149810791,78,8,73,52,7,752,693,10397
oliveira/04_12/randm10.02.02.10.020_0030.02.aba.beta,True,8,7,0.08005523681640625,0.26130104064941406,0.002241373062133789,0.3435976505279541,76,7,73,48,7,491,704,10631
oliveira/04_12/randm10.02.02.10.020_0030.03.aba.beta,True,11,7,0.09247064590454102,0.39400792121887207,0.0021059513092041016,0.4885845184326172,123,8,116,61,8,1758,700,10438
oliveira/04_12/randm10.02.02.10.020_0030.04.aba.beta,True,14,7,0.12702250480651855,0.4878067970275879,0.0029554367065429688,0.6177847385406494,116,12,105,56,7,1128,811,11794
oliveira/04_12/randm10.02.02.10.020_0030.05.aba.beta,True,15,7,0.12932729721069336,0.6890172958374023,0.00289154052734375,0.8212361335754395,144,12,139,87,8,1782,969,14440
oliveira/04_12/randm10.02.02.11.020_0030.01.aba.beta,True,13,7,0.11321020126342773,0.433917760848999,0.0027866363525390625,0.5499145984649658,114,11,104,59,8,965,769,11147
oliveira/04_12/randm10.02.02.11.020_0030.02.aba.beta,True,8,7,0.08762025833129883,0.3094024658203125,0.001744985580444336,0.39876770973205566,100,7,96,45,8,980,621,9344
oliveira/04_12/randm10.02.02.11.020_0030.03.aba.beta,True,12,7,0.13432002067565918,0.5100617408752441,0.002010822296142578,0.6463925838470459,97,12,89,36,7,768,674,9670
oliveira/04_12/randm10.02.02.11.020_0030.04.aba.beta,True,12,7,0.15634751319885254,0.45470762252807617,0.004090785980224609,0.6151459217071533,119,10,116,66,8,1461,912,13594
oliveira/04_12/randm10.02.02.11.020_0030.05.aba.beta,True,10,7,0.09003353118896484,0.32247114181518555,0.0024280548095703125,0.4149327278137207,99,9,92,61,7,985,829,12400
oliveira/04_12/randm10.02.02.12.020_0030.01.aba.beta,True,14,8,0.1355268955230713,0.6360352039337158,0.003139972686767578,0.7747020721435547,157,9,149,69,10,1573,762,11310
oliveira/04_12/randm10.02.02.12.020_0030.02.aba.beta,True,19,8,0.19955801963806152,1.10072660446167,0.00533604621887207,1.3056206703186035,217,14,204,128,11,2578,1627,25559
oliveira/04_12/randm10.02.02.12.020_0030.03.aba.beta,True,10,8,0.1254100799560547,0.5009129047393799,0.0022215843200683594,0.6285445690155029,86,9,80,44,8,676,680,10185
oliveira/04_12/randm10.02.02.12.020_0030.04.aba.beta,True,15,8,0.16182851791381836,0.5367488861083984,0.0021653175354003906,0.7007427215576172,99,13,97,39,9,1082,732,10448
oliveira/04_12/randm10.02.02.12.020_0030.05.aba.beta,True,22,8,0.30731654167175293,1.1777808666229248,0.005465269088745117,1.4905626773834229,269,18,252,114,11,3300,1725,25734
oliveira/04_12/randm10.02.02.13.020_0030.01.aba.beta,True,8,6,0.08728790283203125,0.2942070960998535,0.0030171871185302734,0.38451218605041504,88,6,85,47,8,1082,633,9636
oliveira/04_12/randm10.02.02.13.020_0030.02.aba.beta,True,12,6,0.11661624908447266,0.47321152687072754,0.0032606124877929688,0.5930883884429932,101,10,92,68,7,1334,1008,15646
oliveira/04_12/randm10.02.02.13.020_0030.03.aba.beta,True,10,6,0.0750722885131836,0.3895375728607178,0.0029497146606445312,0.4675595760345459,107,9,99,79,6,1459,914,13863
oliveira/04_12/randm10.02.02.13.020_0030.04.aba.beta,True,16,6,0.15065550804138184,0.7717471122741699,0.0052852630615234375,0.9276878833770752,128,15,126,89,6,1638,1162,17308
oliveira/04_12/randm10.02.02.13.020_0030.05.aba.beta,True,8,6,0.06435298919677734,0.2629201412200928,0.002350330352783203,0.3296234607696533,93,7,87,71,6,1148,822,12513
oliveira/04_12/randm10.02.02.14.020_0030.01.aba.beta,True,24,9,0.33472347259521484,1.4074628353118896,0.0045015811920166016,1.746687889099121,262,19,244,100,11,4399,1474,21507
oliveira/04_12/randm10.02.02.14.020_0030.02.aba.beta,True,15,9,0.23199915885925293,0.6399288177490234,0.0027501583099365234,0.8746781349182129,214,12,214,62,11,3280,836,12406
oliveira/04_12/randm10.02.02.14.020_0030.03.aba.beta,True,23,9,0.35053157806396484,1.5056579113006592,0.006056070327758789,1.8622455596923828,281,18,264,150,11,4078,1867,28526
oliveira/04_12/randm10.02.02.14.020_0030.04.aba.beta,True,23,9,0.30086231231689453,2.004704236984253,0.008104085922241211,2.3136706352233887,247,19,229,113,10,3186,1655,25164
oliveira/04_12/randm10.02.02.14.020_0030.05.aba.beta,True,20,9,0.3103020191192627,1.3387391567230225,0.0033550262451171875,1.6523962020874023,338,15,331,127,11,4061,1046,15552
oliveira/04_12/randm10.02.02.15.020_0030.01.aba.beta,True,17,8,0.17241692543029785,0.6168112754821777,0.002886056900024414,0.7921142578125,155,13,153,71,11,1466,890,13077
oliveira/04_12/randm10.02.02.15.020_0030.02.aba.beta,True,11,8,0.13169407844543457,0.5088760852813721,0.004246950149536133,0.6448171138763428,109,8,103,58,10,951,660,9936
oliveira/04_12/randm10.02.02.15.020_0030.03.aba.beta,True,20,8,0.1988832950592041,0.7623305320739746,0.0032820701599121094,0.9644958972930908,177,15,172,77,12,2100,1165,17092
oliveira/04_12/randm10.02.02.15.020_0030.04.aba.beta,True,15,8,0.1412794589996338,0.5789082050323486,0.0027701854705810547,0.7229578495025635,181,11,171,71,9,2773,848,12518
oliveira/04_12/randm10.02.02.15.020_0030.05.aba.beta,True,16,8,0.25214338302612305,0.7872269153594971,0.0026226043701171875,1.0419929027557373,116,13,116,47,10,1220,896,12838
oliveira/04_12/randm10.02.02.16.020_0030.01.aba.beta,True,16,8,0.21198153495788574,0.7933080196380615,0.005613803863525391,1.0109033584594727,182,13,170,114,9,2103,1427,21535
oliveira/04_12/randm10.02.02.16.020_0030.02.aba.beta,True,15,8,0.2129068374633789,0.8949580192565918,0.0037543773651123047,1.111619234085083,190,11,184,105,10,2761,1251,19082
oliveira/04_12/randm10.02.02.16.020_0030.03.aba.beta,True,13,8,0.23215270042419434,0.5885887145996094,0.006451129913330078,0.8271925449371338,182,12,198,95,9,2105,1188,17735
oliveira/04_12/randm10.02.02.16.020_0030.04.aba.beta,True,17,8,0.2403573989868164,0.7862396240234375,0.0028848648071289062,1.0294818878173828,199,13,201,84,11,2669,1004,14565
oliveira/04_12/randm10.02.02.16.020_0030.05.aba.beta,True,14,8,0.19856786727905273,0.8857748508453369,0.003832578659057617,1.0881752967834473,258,11,248,130,9,3404,1246,19088
oliveira/04_12/randm10.02.02.17.020_0030.01.aba.beta,True,16,7,0.14464426040649414,0.5703434944152832,0.002768993377685547,0.7177567481994629,130,13,132,69,8,1980,907,13228
oliveira/04_12/randm10.02.02.17.020_0030.02.aba.beta,True,10,7,0.1264355182647705,0.3320598602294922,0.002207040786743164,0.46070241928100586,104,9,116,50,7,1222,782,11807
oliveira/04_12/randm10.02.02.17.020_0030.03.aba.beta,True,9,7,0.09063982963562012,0.4681992530822754,0.002582550048828125,0.5614216327667236,155,6,152,88,8,2489,842,13055
oliveira/04_12/randm10.02.02.17.020_0030.04.aba.beta,True,9,7,0.11017465591430664,0.42406511306762695,0.0029938220977783203,0.5372335910797119,121,8,117,60,8,1541,919,13918
oliveira/04_12/randm10.02.02.17.020_0030.05.aba.beta,True,17,7,0.2685110569000244,0.7056825160980225,0.002410888671875,0.9766044616699219,141,14,130,66,9,1986,860,12483
oliveira/04_12/randm10.02.02.18.020_0030.01.aba.beta,True,1,1,0.0047414302825927734,0.019521236419677734,0.0015652179718017578,0.025827884674072266,3,1,3,3,1,2,539,8607
oliveira/04_12/randm10.02.02.18.020_0030.02.aba.beta,True,1,1,0.00383758544921875,0.018724679946899414,0.0014743804931640625,0.024036645889282227,3,1,3,3,1,2,537,8599
oliveira/04_12/randm10.02.02.18.020_0030.03.aba.beta,True,1,1,0.004302501678466797,0.025354385375976562,0.0029821395874023438,0.0326390266418457,3,1,3,3,1,2,537,8596
oliveira/04_12/randm10.02.02.18.020_0030.04.aba.beta,True,1,1,0.004045963287353516,0.02067708969116211,0.0016655921936035156,0.02638864517211914,3,1,3,3,1,2,536,8587
oliveira/04_12/randm10.02.02.18.020_0030.05.aba.beta,True,1,1,0.005212068557739258,0.04362058639526367,0.0017268657684326172,0.05055952072143555,3,1,3,3,1,2,537,8596
oliveira/04_12/randm10.02.02.19.020_0030.01.aba.beta,True,16,10,0.19831514358520508,0.7979598045349121,0.004828453063964844,1.001103401184082,145,12,142,77,13,1274,925,13577
oliveira/04_12/randm10.02.02.19.020_0030.02.aba.beta,True,20,10,0.26254963874816895,0.7670679092407227,0.002949953079223633,1.0325675010681152,260,13,254,82,15,2439,838,12083
oliveira/04_12/randm10.02.02.19.020_0030.03.aba.beta,True,25,10,0.42897558212280273,1.784142255783081,0.0067596435546875,2.2198774814605713,299,22,278,144,10,4387,2188,33003
oliveira/04_12/randm10.02.02.19.020_0030.04.aba.beta,True,18,10,0.3383336067199707,0.8921029567718506,0.003292083740234375,1.2337286472320557,198,13,198,87,13,2562,1077,15929
oliveira/04_12/randm10.02.02.19.020_0030.05.aba.beta,True,26,10,0.31576991081237793,1.495410442352295,0.004395961761474609,1.8155763149261475,221,20,205,127,14,2693,1445,21332
oliveira/04_12/randm11.02.02.01.020_0030.01.aba.beta,True,19,10,0.25643014907836914,1.0884449481964111,0.004834413528442383,1.3497095108032227,239,15,226,101,12,2666,1232,18046
oliveira/04_12/randm11.02.02.01.020_0030.02.aba.beta,True,14,10,0.29840993881225586,0.695626974105835,0.002943277359008789,0.9969801902770996,187,13,178,74,10,2145,977,14235
oliveira/04_12/randm11.02.02.01.020_0030.03.aba.beta,True,31,10,0.5937840938568115,2.4583499431610107,0.009271860122680664,3.061405897140503,365,25,341,164,13,5092,2986,45814
oliveira/04_12/randm11.02.02.01.020_0030.04.aba.beta,True,17,10,0.25311756134033203,1.0584907531738281,0.003147125244140625,1.3147554397583008,302,11,293,117,14,3564,1034,15724
oliveira/04_12/randm11.02.02.01.020_0030.05.aba.beta,True,12,10,0.1479041576385498,0.46909117698669434,0.0020906925201416016,0.6190860271453857,207,8,203,77,13,1707,735,10995
oliveira/04_12/randm11.02.02.02.020_0030.01.aba.beta,True,9,9,0.3080592155456543,0.5253217220306396,0.0029587745666503906,0.8363397121429443,237,6,252,89,12,3703,956,14932
oliveira/04_12/randm11.02.02.02.020_0030.02.aba.beta,True,18,10,0.2890300750732422,0.8285481929779053,0.006234645843505859,1.1238129138946533,227,12,237,86,15,2829,2007,31497
oliveira/04_12/randm11.02.02.02.020_0030.03.aba.beta,True,14,10,0.2538774013519287,0.6587913036346436,0.007982730865478516,0.9206514358520508,171,11,180,73,13,2206,1265,19109
oliveira/04_12/randm11.02.02.02.020_0030.04.aba.beta,True,19,10,0.2825796604156494,0.9497179985046387,0.004971504211425781,1.2372691631317139,185,16,175,91,11,2031,1163,16981
oliveira/04_12/randm11.02.02.02.020_0030.05.aba.beta,True,17,10,0.24378466606140137,0.9658119678497314,0.003271818161010742,1.2128684520721436,198,11,200,98,14,2974,1042,15769
oliveira/04_12/randm11.02.02.03.020_0030.01.aba.beta,True,16,10,0.27187180519104004,0.7204995155334473,0.004824161529541016,0.9971954822540283,196,11,203,71,13,1658,1603,24331
oliveira/04_12/randm11.02.02.03.020_0030.02.aba.beta,True,22,10,0.39766573905944824,1.5395464897155762,0.00405573844909668,1.941267967224121,272,15,268,108,14,3824,1261,19049
oliveira/04_12/randm11.02.02.03.020_0030.03.aba.beta,True,18,10,0.26814723014831543,1.1793923377990723,0.008222818374633789,1.4557623863220215,256,14,243,103,11,4569,1443,21850
oliveira/04_12/randm11.02.02.03.020_0030.04.aba.beta,True,24,10,0.37197351455688477,1.4562876224517822,0.008980751037597656,1.8372418880462646,273,19,262,108,12,2777,1346,19613
oliveira/04_12/randm11.02.02.03.020_0030.05.aba.beta,True,12,10,0.19408607482910156,0.653876543045044,0.003951549530029297,0.8519141674041748,233,9,231,105,10,1941,1291,19847
oliveira/04_12/randm11.02.02.04.020_0030.01.aba.beta,True,12,9,0.159867525100708,0.4870786666870117,0.0032401084899902344,0.65018630027771,162,8,163,81,11,1447,1015,15510
oliveira/04_12/randm11.02.02.04.020_0030.02.aba.beta,True,13,9,0.13348793983459473,0.5022573471069336,0.0019986629486083984,0.6377439498901367,163,9,155,58,10,1430,714,10515
oliveira/04_12/randm11.02.02.04.020_0030.03.aba.beta,True,16,9,0.21994400024414062,0.6442768573760986,0.0027132034301757812,0.866934061050415,187,14,187,80,11,2007,869,12517
oliveira/04_12/randm11.02.02.04.020_0030.04.aba.beta,True,11,9,0.1886272430419922,0.4925854206085205,0.0023300647735595703,0.6835427284240723,152,9,151,68,11,1527,766,11370
oliveira/04_12/randm11.02.02.04.020_0030.05.aba.beta,True,19,9,0.2485675811767578,0.8239619731903076,0.003361225128173828,1.0758907794952393,165,15,155,84,12,1608,1065,15522
oliveira/04_12/randm11.02.02.05.020_0030.01.aba.beta,True,14,8,0.18852806091308594,0.527921199798584,0.0031337738037109375,0.7195830345153809,144,13,144,70,8,2194,929,13754
oliveira/04_12/randm11.02.02.05.020_0030.02.aba.beta,True,19,8,0.22029495239257812,1.0302088260650635,0.003717660903930664,1.2542214393615723,177,16,166,116,9,1994,1237,18302
oliveira/04_12/randm11.02.02.05.020_0030.03.aba.beta,True,13,8,0.11779975891113281,0.4314758777618408,0.0023488998413085938,0.5516245365142822,111,10,105,62,9,899,708,10289
oliveira/04_12/randm11.02.02.05.020_0030.04.aba.beta,True,15,8,0.24224185943603516,0.6575841903686523,0.0024673938751220703,0.9022934436798096,170,13,164,70,9,2136,854,12548
oliveira/04_12/randm11.02.02.05.020_0030.05.aba.beta,True,14,8,0.13765859603881836,0.630028247833252,0.003926753997802734,0.771613597869873,121,11,111,68,9,1224,740,10903
oliveira/04_12/randm11.02.02.06.020_0030.01.aba.beta,True,15,8,0.160203218460083,0.6771154403686523,0.0030837059020996094,0.840402364730835,169,12,177,107,10,1761,1045,15648
oliveira/04_12/randm11.02.02.06.020_0030.02.aba.beta,True,15,8,0.17496633529663086,0.5746827125549316,0.007073640823364258,0.7567226886749268,162,14,149,87,9,2252,2301,37242
oliveira/04_12/randm11.02.02.06.020_0030.03.aba.beta,True,14,8,0.12490701675415039,0.43845367431640625,0.0023763179779052734,0.5657370090484619,104,12,93,42,9,849,794,11445
oliveira/04_12/randm11.02.02.06.020_0030.04.aba.beta,True,15,8,0.1654512882232666,0.602522611618042,0.0042574405670166016,0.7722313404083252,143,12,137,84,10,1582,1046,15696
oliveira/04_12/randm11.02.02.06.020_0030.05.aba.beta,True,14,8,0.12333416938781738,0.5440223217010498,0.0029518604278564453,0.6703083515167236,132,11,123,91,9,1264,981,14647
oliveira/04_12/randm11.02.02.07.020_0030.01.aba.beta,True,11,9,0.17789959907531738,0.669975996017456,0.0041005611419677734,0.8519761562347412,176,9,175,83,9,2053,1314,19975
oliveira/04_12/randm11.02.02.07.020_0030.02.aba.beta,True,19,9,0.23537778854370117,1.3391327857971191,0.005415439605712891,1.5799260139465332,284,16,281,148,9,3849,1558,23554
oliveira/04_12/randm11.02.02.07.020_0030.03.aba.beta,True,15,9,0.28230714797973633,0.9816360473632812,0.003859996795654297,1.2678031921386719,213,11,206,113,11,1906,999,15157
oliveira/04_12/randm11.02.02.07.020_0030.04.aba.beta,True,14,9,0.13202476501464844,0.6966512203216553,0.0029189586639404297,0.8315949440002441,200,10,191,103,10,1913,869,13353
oliveira/04_12/randm11.02.02.07.020_0030.05.aba.beta,True,14,9,0.1664266586303711,0.6519558429718018,0.0035812854766845703,0.8219637870788574,174,10,168,92,11,2133,1204,18131
oliveira/04_12/randm11.02.02.08.020_0030.01.aba.beta,True,8,6,0.07957577705383301,0.24610233306884766,0.0020303726196289062,0.32770848274230957,90,8,85,36,6,1175,652,9779
oliveira/04_12/randm11.02.02.08.020_0030.02.aba.beta,True,12,6,0.1265106201171875,0.4774346351623535,0.0023212432861328125,0.6062664985656738,101,11,98,49,7,863,792,11555
oliveira/04_12/randm11.02.02.08.020_0030.03.aba.beta,True,6,6,0.06918001174926758,0.20165348052978516,0.0021085739135742188,0.27294206619262695,68,6,63,39,6,608,732,11207
oliveira/04_12/randm11.02.02.08.020_0030.04.aba.beta,True,9,6,0.08831048011779785,0.2799403667449951,0.0020012855529785156,0.3702521324157715,94,8,91,46,7,1334,675,10106
oliveira/04_12/randm11.02.02.08.020_0030.05.aba.beta,True,6,6,0.04747295379638672,0.16538310050964355,0.0016384124755859375,0.2144944667816162,69,6,76,33,6,653,595,9044
oliveira/04_12/randm11.02.02.09.020_0030.01.aba.beta,True,11,6,0.09411382675170898,0.46866393089294434,0.0032405853271484375,0.5660183429718018,116,8,109,70,8,1428,933,14621
oliveira/04_12/randm11.02.02.09.020_0030.02.aba.beta,True,11,6,0.09748578071594238,0.5141000747680664,0.0036716461181640625,0.6152575016021729,143,9,135,96,7,1786,828,12561
oliveira/04_12/randm11.02.02.09.020_0030.03.aba.beta,True,11,6,0.0810537338256836,0.44091224670410156,0.0036482810974121094,0.5256142616271973,121,9,113,92,7,1412,1256,19403
oliveira/04_12/randm11.02.02.09.020_0030.04.aba.beta,True,7,6,0.057268381118774414,0.2563333511352539,0.002100706100463867,0.3157024383544922,118,5,114,73,7,1705,658,10216
oliveira/04_12/randm11.02.02.09.020_0030.05.aba.beta,True,10,6,0.0789494514465332,0.34639430046081543,0.002304553985595703,0.42764830589294434,103,8,105,74,7,1381,806,12109
oliveira/04_12/randm11.02.02.10.020_0030.01.aba.beta,True,23,9,0.44429445266723633,1.8060402870178223,0.011708736419677734,2.2620434761047363,341,18,326,179,12,5305,2399,36803
oliveira/04_12/randm11.02.02.10.020_0030.02.aba.beta,True,21,9,0.4164152145385742,1.338313341140747,0.007539272308349609,1.762267827987671,274,16,264,121,12,4752,1931,29346
oliveira/04_12/randm11.02.02.10.020_0030.03.aba.beta,True,22,9,0.3504626750946045,1.1492128372192383,0.007799386978149414,1.5074748992919922,226,18,209,88,11,3923,1510,22779
oliveira/04_12/randm11.02.02.10.020_0030.04.aba.beta,True,22,9,0.3080625534057617,1.4564249515533447,0.015259504318237305,1.7797470092773438,270,17,254,120,11,3659,1462,21972
oliveira/04_12/randm11.02.02.10.020_0030.05.aba.beta,True,18,8,0.2069246768951416,0.9263274669647217,0.0047643184661865234,1.1380164623260498,189,13,177,113,11,2455,1565,23983
oliveira/04_12/randm11.02.02.11.020_0030.01.aba.beta,True,14,11,0.26874661445617676,0.6007611751556396,0.0064830780029296875,0.8759908676147461,166,8,180,55,16,1229,1982,31472
oliveira/04_12/randm11.02.02.11.020_0030.02.aba.beta,True,11,10,0.14798235893249512,0.4723172187805176,0.002591371536254883,0.6228909492492676,142,7,138,64,13,1187,788,12022
oliveira/04_12/randm11.02.02.11.020_0030.03.aba.beta,True,24,11,0.3335399627685547,1.0463058948516846,0.0049173831939697266,1.384763240814209,202,20,188,83,13,2212,1599,23948
oliveira/04_12/randm11.02.02.11.020_0030.04.aba.beta,True,16,11,0.3275737762451172,0.7856712341308594,0.005101203918457031,1.1183462142944336,292,10,297,75,16,3116,1610,25103
oliveira/04_12/randm11.02.02.11.020_0030.05.aba.beta,True,14,11,0.2980368137359619,0.7191531658172607,0.00691533088684082,1.0241053104400635,265,8,260,71,16,2394,2134,33753
oliveira/04_12/randm11.02.02.12.020_0030.01.aba.beta,True,8,6,0.051253318786621094,0.3252599239349365,0.0027239322662353516,0.37923717498779297,86,6,85,67,6,649,813,12511
oliveira/04_12/randm11.02.02.12.020_0030.02.aba.beta,True,5,6,0.05178356170654297,0.15768647193908691,0.0019388198852539062,0.2114088535308838,63,5,62,48,6,569,611,9554
oliveira/04_12/randm11.02.02.12.020_0030.03.aba.beta,True,8,6,0.052550315856933594,0.2512493133544922,0.0024793148040771484,0.30627894401550293,85,6,92,58,7,995,775,12119
oliveira/04_12/randm11.02.02.12.020_0030.04.aba.beta,True,10,6,0.07021069526672363,0.35404253005981445,0.002473592758178711,0.4267268180847168,82,8,75,60,7,1017,705,10553
oliveira/04_12/randm11.02.02.12.020_0030.05.aba.beta,True,6,6,0.037362098693847656,0.20380854606628418,0.0021028518676757812,0.24327349662780762,71,4,70,46,7,635,684,10782
oliveira/04_12/randm11.02.02.13.020_0030.01.aba.beta,True,18,9,0.24647879600524902,0.9063899517059326,0.0031905174255371094,1.1560592651367188,203,12,207,91,14,2000,1037,15331
oliveira/04_12/randm11.02.02.13.020_0030.02.aba.beta,True,15,9,0.18333911895751953,0.5803587436676025,0.0022056102752685547,0.7659034729003906,190,9,216,77,14,1802,712,10459
oliveira/04_12/randm11.02.02.13.020_0030.03.aba.beta,True,15,9,0.1968991756439209,0.7651374340057373,0.003875255584716797,0.965911865234375,141,10,138,72,13,1548,750,10995
oliveira/04_12/randm11.02.02.13.020_0030.04.aba.beta,True,21,9,0.28115344047546387,0.9561059474945068,0.005401611328125,1.2426609992980957,216,17,218,111,12,3242,1446,21364
oliveira/04_12/randm11.02.02.13.020_0030.05.aba.beta,True,15,9,0.15235161781311035,0.6672625541687012,0.0026323795318603516,0.8222465515136719,168,10,169,94,12,1938,859,12806
oliveira/04_12/randm11.02.02.14.020_0030.01.aba.beta,True,20,9,0.3870811462402344,1.898421049118042,0.004515886306762695,2.290018081665039,346,14,334,134,13,3481,1383,20912
oliveira/04_12/randm11.02.02.14.020_0030.02.aba.beta,True,20,9,0.251462459564209,1.2697103023529053,0.006372690200805664,1.52754545211792,235,15,224,150,12,2417,2055,31281
oliveira/04_12/randm11.02.02.14.020_0030.03.aba.beta,True,19,9,0.22170805931091309,1.3250651359558105,0.004235506057739258,1.551008701324463,238,14,227,138,12,2636,1330,20263
oliveira/04_12/randm11.02.02.14.020_0030.04.aba.beta,True,17,9,0.18506908416748047,2.110846757888794,0.0038764476776123047,2.2997922897338867,312,12,302,142,10,3240,1279,19322
oliveira/04_12/randm11.02.02.14.020_0030.05.aba.beta,True,22,9,0.3542146682739258,2.690157890319824,0.0048770904541015625,3.0492496490478516,349,16,334,141,11,4029,1482,22963
oliveira/04_12/randm11.02.02.15.020_0030.01.aba.beta,True,16,10,0.3377561569213867,0.6631855964660645,0.003360748291015625,1.0043025016784668,192,16,227,72,10,2598,1133,16618
oliveira/04_12/randm11.02.02.15.020_0030.02.aba.beta,True,14,10,0.23316001892089844,0.5885782241821289,0.0023610591888427734,0.8240993022918701,192,11,197,60,11,1721,824,12136
oliveira/04_12/randm11.02.02.15.020_0030.03.aba.beta,True,9,10,0.12129426002502441,0.39568257331848145,0.002355337142944336,0.5193321704864502,130,8,136,74,10,1040,820,12434
oliveira/04_12/randm11.02.02.15.020_0030.04.aba.beta,True,15,10,0.30379343032836914,0.6831293106079102,0.003252267837524414,0.9901750087738037,145,13,136,76,11,1714,883,12954
oliveira/04_12/randm11.02.02.15.020_0030.05.aba.beta,True,12,10,0.22354459762573242,0.5867798328399658,0.0027611255645751953,0.8130855560302734,185,10,185,93,10,1917,860,13001
oliveira/04_12/randm11.02.02.16.020_0030.01.aba.beta,True,14,9,0.1976182460784912,0.5838565826416016,0.0031757354736328125,0.7846505641937256,137,12,136,67,10,1632,821,12031
oliveira/04_12/randm11.02.02.16.020_0030.02.aba.beta,True,20,9,0.2595083713531494,0.952021598815918,0.0064389705657958984,1.2179689407348633,203,18,192,105,10,2817,2103,32421
oliveira/04_12/randm11.02.02.16.020_0030.03.aba.beta,True,19,9,0.22782373428344727,0.7199873924255371,0.0044553279876708984,0.9522664546966553,171,16,165,95,11,1784,1533,22884
oliveira/04_12/randm11.02.02.16.020_0030.04.aba.beta,True,11,9,0.16703438758850098,0.5011553764343262,0.002154827117919922,0.6703445911407471,145,8,146,70,11,1165,693,10346
oliveira/04_12/randm11.02.02.16.020_0030.05.aba.beta,True,21,9,0.4573650360107422,0.7961137294769287,0.0033960342407226562,1.2568747997283936,215,20,212,94,9,2454,1218,17503
oliveira/04_12/randm11.02.02.17.020_0030.01.aba.beta,True,30,11,0.6408977508544922,2.4279112815856934,0.0050983428955078125,3.0739073753356934,355,23,357,139,15,5199,1640,24455
oliveira/04_12/randm11.02.02.17.020_0030.02.aba.beta,True,24,11,0.5666861534118652,2.4155116081237793,0.006055355072021484,2.988253116607666,302,19,288,139,13,3381,1831,28031
oliveira/04_12/randm11.02.02.17.020_0030.03.aba.beta,True,20,11,0.28833532333374023,0.8704326152801514,0.0032978057861328125,1.1620657444000244,218,13,210,94,16,2804,968,14211
oliveira/04_12/randm11.02.02.17.020_0030.04.aba.beta,True,23,11,0.44106173515319824,2.567415475845337,0.0035660266876220703,3.0120432376861572,376,15,362,132,15,3220,1201,17950
oliveira/04_12/randm11.02.02.17.020_0030.05.aba.beta,True,24,11,0.6103227138519287,2.0502073764801025,0.008257389068603516,2.6687874794006348,361,20,355,148,12,6142,2104,32563
oliveira/04_12/randm11.02.02.18.020_0030.01.aba.beta,True,14,7,0.1739041805267334,0.47774410247802734,0.0041043758392333984,0.6557526588439941,102,11,100,52,8,1133,1333,20332
oliveira/04_12/randm11.02.02.18.020_0030.02.aba.beta,True,9,7,0.10860371589660645,0.38582611083984375,0.003400564193725586,0.4978303909301758,117,8,126,74,7,1354,1193,18261
oliveira/04_12/randm11.02.02.18.020_0030.03.aba.beta,True,12,7,0.18372869491577148,0.48488736152648926,0.0028219223022460938,0.6714379787445068,133,10,128,71,8,1637,880,13001
oliveira/04_12/randm11.02.02.18.020_0030.04.aba.beta,True,6,7,0.05988788604736328,0.17023229598999023,0.0022025108337402344,0.23232269287109375,83,6,87,36,7,501,729,11279
oliveira/04_12/randm11.02.02.18.020_0030.05.aba.beta,True,8,7,0.07762455940246582,0.26088690757751465,0.003660440444946289,0.34217190742492676,101,7,98,50,8,692,1160,18271
oliveira/04_12/randm11.02.02.19.020_0030.01.aba.beta,True,28,11,0.5037326812744141,1.474998950958252,0.004669904708862305,1.9834015369415283,347,23,347,132,15,4541,1522,22560
oliveira/04_12/randm11.02.02.19.020_0030.02.aba.beta,True,28,11,0.6452112197875977,1.9227070808410645,0.008162975311279297,2.5760812759399414,353,23,340,150,15,4595,2150,32613
oliveira/04_12/randm11.02.02.19.020_0030.03.aba.beta,True,26,11,0.3632018566131592,1.5110394954681396,0.004599332809448242,1.878840684890747,333,20,314,140,14,5142,1423,20813
oliveira/04_12/randm11.02.02.19.020_0030.04.aba.beta,True,17,11,0.4102444648742676,0.9384243488311768,0.004125833511352539,1.3527946472167969,206,14,258,106,13,2848,1189,18295
oliveira/04_12/randm11.02.02.19.020_0030.05.aba.beta,True,30,11,0.6772286891937256,1.9946658611297607,0.006751537322998047,2.6786460876464844,339,23,328,112,16,4749,1933,29407
oliveira/04_12/randm12.02.02.01.020_0030.01.aba.beta,True,16,8,0.15340304374694824,0.7816650867462158,0.002544879913330078,0.9376130104064941,142,13,139,91,10,1969,872,12964
oliveira/04_12/randm12.02.02.01.020_0030.02.aba.beta,True,12,8,0.08628296852111816,0.41753482818603516,0.001964569091796875,0.5057823657989502,96,10,91,55,8,704,694,10067
oliveira/04_12/randm12.02.02.01.020_0030.03.aba.beta,True,15,8,0.1855940818786621,0.6656434535980225,0.003347158432006836,0.8545846939086914,233,12,225,107,9,2918,1163,17508
oliveira/04_12/randm12.02.02.01.020_0030.04.aba.beta,True,20,8,0.24445700645446777,0.7850372791290283,0.003915071487426758,1.0334093570709229,207,18,201,93,9,2588,1326,19527
oliveira/04_12/randm12.02.02.01.020_0030.05.aba.beta,True,10,8,0.10971212387084961,0.3503849506378174,0.002424478530883789,0.4625215530395508,99,9,93,55,8,1020,738,11056
oliveira/04_12/randm12.02.02.02.020_0030.01.aba.beta,True,24,11,0.5872166156768799,1.8464691638946533,0.004847288131713867,2.438533067703247,456,17,455,111,16,5154,1227,18386
oliveira/04_12/randm12.02.02.02.020_0030.02.aba.beta,True,10,11,0.18513727188110352,0.4191246032714844,0.001634836196899414,0.6058967113494873,196,5,205,69,15,1882,631,9618
oliveira/04_12/randm12.02.02.02.020_0030.03.aba.beta,True,15,11,0.27550315856933594,1.2922215461730957,0.0030219554901123047,1.570746660232544,310,10,301,107,12,2378,815,11982
oliveira/04_12/randm12.02.02.02.020_0030.04.aba.beta,True,25,11,0.4274740219116211,2.4506995677948,0.005395174026489258,2.88356876373291,305,19,288,111,14,4526,1311,19361
oliveira/04_12/randm12.02.02.02.020_0030.05.aba.beta,True,22,11,0.5493125915527344,3.419811964035034,0.003337383270263672,3.9724619388580322,592,15,578,97,13,7077,871,12521
oliveira/04_12/randm12.02.02.03.020_0030.01.aba.beta,True,26,11,0.3492002487182617,1.1045589447021484,0.002673625946044922,1.456432819366455,270,19,257,79,15,3141,953,13172
oliveira/04_12/randm12.02.02.03.020_0030.02.aba.beta,True,21,11,0.4208335876464844,1.1569349765777588,0.003383159637451172,1.5811517238616943,429,14,416,124,15,4416,998,14384
oliveira/04_12/randm12.02.02.03.020_0030.03.aba.beta,True,15,11,0.30184149742126465,0.6976969242095947,0.0031075477600097656,1.0026459693908691,215,11,237,90,14,2283,867,12868
oliveira/04_12/randm12.02.02.03.020_0030.04.aba.beta,True,17,11,0.40343451499938965,0.8635971546173096,0.007677793502807617,1.2747094631195068,255,14,258,95,13,3003,1073,15693
oliveira/04_12/randm12.02.02.03.020_0030.05.aba.beta,True,16,11,0.43704891204833984,1.2638139724731445,0.006195545196533203,1.7070584297180176,541,10,532,115,13,4603,823,12414
oliveira/04_12/randm12.02.02.04.020_0030.01.aba.beta,True,23,11,0.44011521339416504,1.4171853065490723,0.0035827159881591797,1.8608832359313965,438,17,425,130,15,6414,1189,17894
oliveira/04_12/randm12.02.02.04.020_0030.02.aba.beta,True,26,11,0.4685542583465576,2.851951837539673,0.0042972564697265625,3.324803352355957,439,19,425,157,14,5639,1416,20783
oliveira/04_12/randm12.02.02.04.020_0030.03.aba.beta,True,18,11,0.28041791915893555,1.4879281520843506,0.002708911895751953,1.771054983139038,334,13,322,109,12,3374,909,13126
oliveira/04_12/randm12.02.02.04.020_0030.04.aba.beta,True,17,11,0.29451894760131836,1.2687318325042725,0.0031697750091552734,1.566420555114746,288,13,291,101,13,3742,1030,15414
oliveira/04_12/randm12.02.02.04.020_0030.05.aba.beta,True,20,11,0.3919527530670166,1.4162402153015137,0.003095865249633789,1.811288833618164,413,13,403,116,15,7004,981,14564
oliveira/04_12/randm12.02.02.05.020_0030.01.aba.beta,True,26,10,0.556774377822876,2.4301111698150635,0.012840032577514648,2.999725580215454,430,20,411,206,14,6503,3555,55428
oliveira/04_12/randm12.02.02.05.020_0030.02.aba.beta,True,29,10,0.5784580707550049,1.7837247848510742,0.0077817440032958984,2.369964599609375,307,23,300,125,15,5573,2563,38687
oliveira/04_12/randm12.02.02.05.020_0030.03.aba.beta,True,40,12,1.2996318340301514,6.152715444564819,0.015427827835083008,7.467775106430054,632,33,607,229,15,10916,5073,77972
oliveira/04_12/randm12.02.02.05.020_0030.04.aba.beta,True,25,12,0.9271783828735352,4.7730629444122314,0.010693788528442383,5.710935115814209,916,18,909,197,14,16406,3327,51923
oliveira/04_12/randm12.02.02.05.020_0030.05.aba.beta,True,23,10,0.5512714385986328,1.3488554954528809,0.008701086044311523,1.9088280200958252,418,19,400,179,13,6908,2660,41463
oliveira/04_12/randm12.02.02.06.020_0030.01.aba.beta,True,33,10,0.6842920780181885,15.604809999465942,0.018101930618286133,16.307204008102417,437,30,444,306,10,5389,6119,96134
oliveira/04_12/randm12.02.02.06.020_0030.02.aba.beta,True,25,9,0.2985410690307617,3.344202995300293,0.009645223617553711,3.6523892879486084,356,20,342,197,10,3862,3172,48955
oliveira/04_12/randm12.02.02.06.020_0030.03.aba.beta,True,39,10,0.8711621761322021,101.38555264472961,0.015110969543457031,102.27182579040527,1070,32,1039,300,11,13502,6478,99929
oliveira/04_12/randm12.02.02.06.020_0030.04.aba.beta,True,32,10,0.5900664329528809,106.26083254814148,0.009214401245117188,106.86011338233948,1036,25,1012,264,11,19495,3546,55756
oliveira/04_12/randm12.02.02.06.020_0030.05.aba.beta,True,37,11,0.8888030052185059,7.90302586555481,0.017356157302856445,8.809185028076172,606,30,587,254,14,10318,5029,78131
oliveira/04_12/randm12.02.02.07.020_0030.01.aba.beta,True,12,7,0.11844038963317871,0.536919116973877,0.0033228397369384766,0.6586823463439941,154,8,159,99,9,2190,1111,16829
oliveira/04_12/randm12.02.02.07.020_0030.02.aba.beta,True,14,7,0.11930632591247559,0.623795747756958,0.004746675491333008,0.7478487491607666,154,13,142,113,7,1928,1417,21681
oliveira/04_12/randm12.02.02.07.020_0030.03.aba.beta,True,14,7,0.11217904090881348,0.6789267063140869,0.0038194656372070312,0.7949252128601074,168,10,159,120,10,2450,1259,19563
oliveira/04_12/randm12.02.02.07.020_0030.04.aba.beta,True,11,7,0.09695744514465332,0.43311285972595215,0.002617359161376953,0.5326876640319824,145,9,139,101,7,2115,894,13726
oliveira/04_12/randm12.02.02.07.020_0030.05.aba.beta,True,15,7,0.14126920700073242,0.6307477951049805,0.003946542739868164,0.775963544845581,141,12,130,85,8,2128,1012,15301
oliveira/04_12/randm12.02.02.08.020_0030.01.aba.beta,True,16,8,0.24882841110229492,0.8669049739837646,0.0029032230377197266,1.1186366081237793,189,12,182,94,9,1790,981,14386
oliveira/04_12/randm12.02.02.08.020_0030.02.aba.beta,True,18,8,0.16121268272399902,1.5729260444641113,0.003913402557373047,1.7380521297454834,312,13,300,137,9,3800,1312,20031
oliveira/04_12/randm12.02.02.08.020_0030.03.aba.beta,True,14,8,0.1261742115020752,0.6732094287872314,0.0038385391235351562,0.8032221794128418,193,11,186,101,8,2144,1260,19545
oliveira/04_12/randm12.02.02.08.020_0030.04.aba.beta,True,13,8,0.11957502365112305,0.4657142162322998,0.0024640560150146484,0.5877532958984375,130,10,149,58,10,1199,822,12419
oliveira/04_12/randm12.02.02.08.020_0030.05.aba.beta,True,10,8,0.08290958404541016,0.3777318000793457,0.0018978118896484375,0.4625391960144043,102,7,99,64,9,844,646,9744
oliveira/04_12/randm12.02.02.09.020_0030.01.aba.beta,True,15,10,0.20588946342468262,0.9142568111419678,0.002789020538330078,1.1229352951049805,204,11,194,108,11,1731,957,14347
oliveira/04_12/randm12.02.02.09.020_0030.02.aba.beta,True,23,10,0.4336845874786377,1.4537761211395264,0.004544734954833984,1.892005443572998,256,19,266,115,12,3194,1623,23673
oliveira/04_12/randm12.02.02.09.020_0030.03.aba.beta,True,19,10,0.28972625732421875,1.942765474319458,0.005004405975341797,2.2374961376190186,497,12,486,110,12,4527,960,14358
oliveira/04_12/randm12.02.02.09.020_0030.04.aba.beta,True,24,10,0.4271821975708008,1.9988086223602295,0.008462190628051758,2.434453010559082,243,21,223,117,11,3238,2686,41691
oliveira/04_12/randm12.02.02.09.020_0030.05.aba.beta,True,15,10,0.3126392364501953,0.9831595420837402,0.005235195159912109,1.3010339736938477,238,13,240,103,10,2212,1746,26880
oliveira/04_12/randm12.02.02.10.020_0030.01.aba.beta,True,26,11,0.5290768146514893,1.3226609230041504,0.006847381591796875,1.8585851192474365,285,23,289,143,13,3255,2309,34528
oliveira/04_12/randm12.02.02.10.020_0030.02.aba.beta,True,24,11,0.35439157485961914,1.906578779220581,0.0053102970123291016,2.2662806510925293,423,18,406,137,13,5145,1800,26760
oliveira/04_12/randm12.02.02.10.020_0030.03.aba.beta,True,26,11,0.5479898452758789,1.3587791919708252,0.005282402038574219,1.9120514392852783,336,21,357,122,14,4682,1770,26196
oliveira/04_12/randm12.02.02.10.020_0030.04.aba.beta,True,25,11,0.45444369316101074,1.6720995903015137,0.005697727203369141,2.1322410106658936,308,21,296,121,12,3692,1885,28308
oliveira/04_12/randm12.02.02.10.020_0030.05.aba.beta,True,26,11,0.4187016487121582,2.080641984939575,0.006428956985473633,2.505772590637207,323,20,309,158,14,4376,1633,24418
oliveira/04_12/randm12.02.02.11.020_0030.01.aba.beta,True,18,11,0.2100214958190918,1.0872526168823242,0.004908323287963867,1.3021824359893799,333,11,323,104,14,2677,1702,26349
oliveira/04_12/randm12.02.02.11.020_0030.02.aba.beta,True,14,11,0.2544069290161133,3.4252898693084717,0.0022346973419189453,3.681931495666504,596,7,590,119,14,6555,747,11325
oliveira/04_12/randm12.02.02.11.020_0030.03.aba.beta,True,23,11,0.32253527641296387,1.1960701942443848,0.0029480457305908203,1.5215535163879395,274,16,263,105,15,2821,977,13762
oliveira/04_12/randm12.02.02.11.020_0030.04.aba.beta,True,20,11,0.3166823387145996,1.1473360061645508,0.002550840377807617,1.466569185256958,378,13,369,100,15,4050,869,12497
oliveira/04_12/randm12.02.02.11.020_0030.05.aba.beta,True,21,11,0.3797473907470703,1.2399852275848389,0.0037145614624023438,1.6234471797943115,262,13,257,105,16,2545,1211,18039
oliveira/04_12/randm12.02.02.12.020_0030.01.aba.beta,True,15,9,0.163102388381958,0.7657499313354492,0.0027468204498291016,0.9315991401672363,299,11,289,114,9,3139,887,13309
oliveira/04_12/randm12.02.02.12.020_0030.02.aba.beta,True,20,9,0.2093808650970459,0.9113349914550781,0.004402875900268555,1.1251187324523926,198,17,182,112,10,2505,1344,19797
oliveira/04_12/randm12.02.02.12.020_0030.03.aba.beta,True,17,9,0.21456003189086914,0.8414585590362549,0.0060577392578125,1.0620763301849365,208,15,197,108,9,2667,1941,30103
oliveira/04_12/randm12.02.02.12.020_0030.04.aba.beta,True,13,9,0.20767569541931152,0.5185017585754395,0.004372596740722656,0.7305500507354736,201,11,201,86,10,1935,1490,22835
oliveira/04_12/randm12.02.02.12.020_0030.05.aba.beta,True,21,9,0.24660658836364746,1.035813331604004,0.005850315093994141,1.2882702350616455,170,17,154,90,11,2083,1680,25356
oliveira/04_12/randm12.02.02.13.020_0030.01.aba.beta,True,20,9,0.26993560791015625,0.899057149887085,0.003619670867919922,1.1726124286651611,199,16,185,80,12,2090,1134,16381
oliveira/04_12/randm12.02.02.13.020_0030.02.aba.beta,True,13,9,0.12315750122070312,0.5139453411102295,0.0023865699768066406,0.6394894123077393,132,7,127,69,13,1039,719,10827
oliveira/04_12/randm12.02.02.13.020_0030.03.aba.beta,True,12,9,0.282132625579834,0.4448690414428711,0.0027153491973876953,0.7297170162200928,206,11,247,68,10,3390,822,12063
oliveira/04_12/randm12.02.02.13.020_0030.04.aba.beta,True,15,9,0.17821121215820312,0.522435188293457,0.002110719680786133,0.7027571201324463,159,10,152,72,13,1646,738,10873
oliveira/04_12/randm12.02.02.13.020_0030.05.aba.beta,True,14,9,0.22207283973693848,0.514702320098877,0.002409219741821289,0.7391843795776367,174,12,170,70,10,1893,798,11728
oliveira/04_12/randm12.02.02.14.020_0030.01.aba.beta,True,27,9,0.47745537757873535,7.137109041213989,0.01119232177734375,7.625756740570068,316,22,328,198,11,4196,3592,56070
oliveira/04_12/randm12.02.02.14.020_0030.02.aba.beta,True,26,9,0.36304450035095215,11.773292303085327,0.008587837219238281,12.144924640655518,422,21,402,229,10,6664,2901,44883
oliveira/04_12/randm12.02.02.14.020_0030.03.aba.beta,True,34,9,0.5776901245117188,9.22565484046936,0.016548871994018555,9.819893836975098,396,29,375,265,11,5372,5408,84671
oliveira/04_12/randm12.02.02.14.020_0030.04.aba.beta,True,27,9,0.45853257179260254,9.824837446212769,0.010046005249023438,10.293416023254395,454,22,446,239,11,5266,3741,57704
oliveira/04_12/randm12.02.02.14.020_0030.05.aba.beta,True,18,8,0.2731211185455322,2.795332670211792,0.0067942142486572266,3.0752480030059814,302,14,305,191,10,4951,1982,31395
oliveira/04_12/randm12.02.02.15.020_0030.01.aba.beta,True,6,5,0.052672624588012695,0.15723824501037598,0.0016520023345947266,0.2115628719329834,38,6,35,25,5,259,583,8873
oliveira/04_12/randm12.02.02.15.020_0030.02.aba.beta,True,6,5,0.032701969146728516,0.16157150268554688,0.001661539077758789,0.19593501091003418,40,5,36,35,5,312,580,8915
oliveira/04_12/randm12.02.02.15.020_0030.03.aba.beta,True,8,5,0.05377674102783203,0.23063993453979492,0.0019659996032714844,0.28638267517089844,58,7,64,34,6,619,668,9947
oliveira/04_12/randm12.02.02.15.020_0030.04.aba.beta,True,7,5,0.04145050048828125,0.22154569625854492,0.0036225318908691406,0.2666187286376953,61,5,59,40,6,430,625,9715
oliveira/04_12/randm12.02.02.15.020_0030.05.aba.beta,True,10,5,0.05356454849243164,0.3060479164123535,0.0022411346435546875,0.36185359954833984,82,8,77,60,6,768,767,11595
oliveira/04_12/randm12.02.02.16.020_0030.01.aba.beta,True,1,1,0.003478527069091797,0.019385576248168945,0.0014827251434326172,0.02434682846069336,3,1,3,3,1,2,534,8555
oliveira/04_12/randm12.02.02.16.020_0030.02.aba.beta,True,1,1,0.005708217620849609,0.024251222610473633,0.0017766952514648438,0.031736135482788086,3,1,3,3,1,2,533,8582
oliveira/04_12/randm12.02.02.16.020_0030.03.aba.beta,True,1,1,0.004827737808227539,0.027434110641479492,0.0018813610076904297,0.03414320945739746,3,1,3,3,1,2,543,8621
oliveira/04_12/randm12.02.02.16.020_0030.04.aba.beta,True,1,1,0.004358053207397461,0.01956343650817871,0.001672506332397461,0.025593996047973633,3,1,3,3,1,2,539,8609
oliveira/04_12/randm12.02.02.16.020_0030.05.aba.beta,True,1,1,0.015871524810791016,0.02287125587463379,0.0016264915466308594,0.040369272232055664,3,1,3,3,1,2,526,8544
oliveira/04_12/randm12.02.02.17.020_0030.01.aba.beta,True,27,12,0.7658951282501221,11.594568490982056,0.002530336380004883,12.362993955612183,1448,19,1431,147,15,20380,1180,17073
oliveira/04_12/randm12.02.02.17.020_0030.02.aba.beta,True,34,12,0.7453408241271973,8.274951696395874,0.010338068008422852,9.030630588531494,824,27,800,180,15,9282,1870,27014
oliveira/04_12/randm12.02.02.17.020_0030.03.aba.beta,True,27,12,0.6046895980834961,5.829394340515137,0.004896640777587891,6.438980579376221,505,19,491,142,16,5976,1600,23836
oliveira/04_12/randm12.02.02.17.020_0030.04.aba.beta,True,25,12,0.6903624534606934,3.2684426307678223,0.003931760787963867,3.9627368450164795,459,18,445,133,16,5246,1293,19336
oliveira/04_12/randm12.02.02.17.020_0030.05.aba.beta,True,34,12,0.9148058891296387,5.007539510726929,0.005575895309448242,5.927921295166016,784,26,759,167,16,9149,1885,27392
oliveira/04_12/randm12.02.02.18.020_0030.01.aba.beta,True,16,10,0.2959709167480469,0.9950160980224609,0.0030014514923095703,1.2939884662628174,275,12,279,120,12,3415,994,15094
oliveira/04_12/randm12.02.02.18.020_0030.02.aba.beta,True,17,10,0.30632996559143066,0.890357255935669,0.0032646656036376953,1.1999518871307373,269,13,260,109,13,3226,1074,16332
oliveira/04_12/randm12.02.02.18.020_0030.03.aba.beta,True,23,10,0.3205759525299072,1.2474725246429443,0.004866838455200195,1.5729153156280518,256,19,238,82,11,3789,1550,23188
oliveira/04_12/randm12.02.02.18.020_0030.04.aba.beta,True,17,10,0.27129077911376953,0.6536476612091064,0.002619028091430664,0.9275574684143066,249,14,276,75,12,3255,893,12827
oliveira/04_12/randm12.02.02.18.020_0030.05.aba.beta,True,23,10,0.32111620903015137,1.0648632049560547,0.0038862228393554688,1.3898656368255615,252,20,243,114,12,3031,1339,19458
oliveira/04_12/randm12.02.02.19.020_0030.01.aba.beta,True,11,10,0.17222809791564941,0.5665359497070312,0.0022170543670654297,0.7409811019897461,193,6,189,69,13,1208,711,10956
oliveira/04_12/randm12.02.02.19.020_0030.02.aba.beta,True,19,10,0.2752833366394043,0.8410584926605225,0.0026369094848632812,1.11897873878479,200,15,190,85,12,2471,902,13004
oliveira/04_12/randm12.02.02.19.020_0030.03.aba.beta,True,19,10,0.31938743591308594,0.9176819324493408,0.0034084320068359375,1.2404778003692627,186,16,179,97,12,1551,1093,16168
oliveira/04_12/randm12.02.02.19.020_0030.04.aba.beta,True,14,10,0.1718916893005371,0.5564560890197754,0.0021066665649414062,0.7304544448852539,174,11,171,82,12,1460,734,10739
oliveira/04_12/randm12.02.02.19.020_0030.05.aba.beta,True,14,10,0.20377635955810547,0.7259314060211182,0.003604412078857422,0.933312177658081,193,12,183,121,11,2394,1204,18618
