file name,succeeded,learning_rounds,automaton_size,learning_time,smt_time,eq_oracle_time,total_time,queries_learning,validity_query,rule1,rule2,rule3,rule4,nodes,informative_nodes,analyzed_bases,sul_steps,cache_saved,queries_eq_oracle,steps_eq_oracle
oliveira/04_11/randm04.02.02.01.020_0030.01.aba.beta,True,2,3,0.0025892257690429688,0.037183523178100586,0.0013496875762939453,0.0411224365234375,7,2,0,0,0,2,69,7,1,12,0,536,8587
oliveira/04_11/randm04.02.02.01.020_0030.02.aba.beta,True,6,4,0.008734703063964844,0.050644874572753906,0.0032501220703125,0.06262969970703125,11,6,0,0,0,6,391,11,1,24,0,1378,21897
oliveira/04_11/randm04.02.02.01.020_0030.03.aba.beta,True,8,4,0.01303243637084961,0.07031536102294922,0.0046727657318115234,0.08802056312561035,15,8,0,0,0,8,685,14,1,41,0,1866,29995
oliveira/04_11/randm04.02.02.01.020_0030.04.aba.beta,True,5,4,0.009035825729370117,0.05650496482849121,0.0021893978118896484,0.06773018836975098,13,5,0,0,0,6,561,12,2,34,0,817,12918
oliveira/04_11/randm04.02.02.01.020_0030.05.aba.beta,True,6,4,0.009058713912963867,0.04963421821594238,0.0035855770111083984,0.06227850914001465,11,6,0,0,0,6,469,11,1,27,0,1610,25420
oliveira/04_11/randm04.02.02.02.020_0030.01.aba.beta,True,1,1,0.0008938312530517578,0.034056901931762695,0.0011682510375976562,0.03611898422241211,3,1,0,0,0,1,9,3,1,2,0,543,8623
oliveira/04_11/randm04.02.02.02.020_0030.02.aba.beta,True,1,1,0.0009179115295410156,0.035912513732910156,0.0012578964233398438,0.038088321685791016,3,1,0,0,0,1,9,3,1,2,0,537,8598
oliveira/04_11/randm04.02.02.02.020_0030.03.aba.beta,True,1,1,0.0009658336639404297,0.03026556968688965,0.0011491775512695312,0.03238058090209961,3,1,0,0,0,1,9,3,1,2,0,527,8532
oliveira/04_11/randm04.02.02.02.020_0030.04.aba.beta,True,1,1,0.0009157657623291016,0.030957698822021484,0.001293182373046875,0.03316664695739746,3,1,0,0,0,1,9,3,1,2,0,536,8589
oliveira/04_11/randm04.02.02.02.020_0030.05.aba.beta,True,1,1,0.0008623600006103516,0.032117605209350586,0.001234292984008789,0.03421425819396973,3,1,0,0,0,1,9,3,1,2,0,536,8583
oliveira/04_11/randm04.02.02.03.020_0030.01.aba.beta,True,2,3,0.003213167190551758,0.04009675979614258,0.0012805461883544922,0.04459047317504883,10,2,0,0,0,4,218,10,3,21,0,536,8563
oliveira/04_11/randm04.02.02.03.020_0030.02.aba.beta,True,4,3,0.006597280502319336,0.054938316345214844,0.00128173828125,0.06281733512878418,12,4,0,0,0,6,783,11,3,55,0,597,9269
oliveira/04_11/randm04.02.02.03.020_0030.03.aba.beta,True,2,3,0.002619504928588867,0.03544783592224121,0.001199483871459961,0.03926682472229004,7,2,0,0,0,2,86,7,1,12,0,540,8598
oliveira/04_11/randm04.02.02.03.020_0030.04.aba.beta,True,2,3,0.00262451171875,0.03542160987854004,0.0011458396911621094,0.03919196128845215,7,2,0,0,0,2,86,7,1,12,0,543,8612
oliveira/04_11/randm04.02.02.03.020_0030.05.aba.beta,True,2,3,0.003481149673461914,0.042908430099487305,0.0012965202331542969,0.047686100006103516,10,2,0,0,0,4,302,9,3,23,0,538,8578
oliveira/04_11/randm04.02.02.04.020_0030.01.aba.beta,True,1,1,0.0011105537414550781,0.0022923946380615234,0.0012123584747314453,0.004615306854248047,3,1,0,0,0,1,9,3,1,2,0,529,8558
oliveira/04_11/randm04.02.02.04.020_0030.02.aba.beta,True,1,1,0.0008494853973388672,0.030060291290283203,0.0012886524200439453,0.032198429107666016,3,1,0,0,0,1,9,3,1,2,0,531,8570
oliveira/04_11/randm04.02.02.04.020_0030.03.aba.beta,True,1,1,0.001005411148071289,0.002086162567138672,0.0013082027435302734,0.004399776458740234,3,1,0,0,0,1,9,3,1,2,0,532,8571
oliveira/04_11/randm04.02.02.04.020_0030.04.aba.beta,True,1,1,0.0010013580322265625,0.002080202102661133,0.0010366439819335938,0.004118204116821289,3,1,0,0,0,1,9,3,1,2,0,535,8587
oliveira/04_11/randm04.02.02.04.020_0030.05.aba.beta,True,1,1,0.0007584095001220703,0.0019130706787109375,0.0011630058288574219,0.0038344860076904297,3,1,0,0,0,1,9,3,1,2,0,539,8598
oliveira/04_11/randm04.02.02.05.020_0030.01.aba.beta,True,1,2,0.0014317035675048828,0.002827882766723633,0.0011658668518066406,0.005425453186035156,5,1,0,0,0,1,23,5,1,6,0,533,8580
oliveira/04_11/randm04.02.02.05.020_0030.02.aba.beta,True,1,2,0.0015175342559814453,0.0031418800354003906,0.001190185546875,0.005849599838256836,5,1,0,0,0,1,23,5,1,6,0,529,8561
oliveira/04_11/randm04.02.02.05.020_0030.03.aba.beta,True,1,2,0.00148773193359375,0.0031349658966064453,0.001444101333618164,0.006066799163818359,5,1,0,0,0,1,23,5,1,6,0,538,8604
oliveira/04_11/randm04.02.02.05.020_0030.04.aba.beta,True,1,2,0.001535177230834961,0.002709627151489258,0.0012748241424560547,0.0055196285247802734,5,1,0,0,0,1,23,5,1,6,0,531,8548
oliveira/04_11/randm04.02.02.05.020_0030.05.aba.beta,True,1,2,0.0011820793151855469,0.0029489994049072266,0.0011403560638427734,0.005271434783935547,5,1,0,0,0,1,23,5,1,6,0,528,8549
oliveira/04_11/randm04.02.02.06.020_0030.01.aba.beta,True,3,3,0.004415750503540039,0.014789342880249023,0.0011668205261230469,0.02037191390991211,12,3,0,0,0,3,355,11,1,53,0,554,8748
oliveira/04_11/randm04.02.02.06.020_0030.02.aba.beta,True,2,3,0.003142833709716797,0.010563135147094727,0.0011501312255859375,0.014856100082397461,8,2,0,0,0,3,185,8,2,21,0,552,8677
oliveira/04_11/randm04.02.02.06.020_0030.03.aba.beta,True,4,3,0.007074832916259766,0.014207124710083008,0.001226663589477539,0.022508621215820312,9,4,0,0,0,4,298,9,1,33,0,563,8743
oliveira/04_11/randm04.02.02.06.020_0030.04.aba.beta,True,4,3,0.007798194885253906,0.018565654754638672,0.0012540817260742188,0.027617931365966797,9,4,0,0,0,4,420,9,1,49,0,582,9018
oliveira/04_11/randm04.02.02.06.020_0030.05.aba.beta,True,3,3,0.004399538040161133,0.012563705444335938,0.0011487007141113281,0.0181119441986084,10,3,0,0,0,3,220,10,1,33,0,559,8698
oliveira/04_11/randm04.02.02.07.020_0030.01.aba.beta,True,1,2,0.0010673999786376953,0.0028493404388427734,0.0010914802551269531,0.005008220672607422,5,1,0,0,0,1,20,5,1,6,0,531,8557
oliveira/04_11/randm04.02.02.07.020_0030.02.aba.beta,True,1,2,0.0010590553283691406,0.0028924942016601562,0.0011217594146728516,0.0050733089447021484,5,1,0,0,0,1,20,5,1,6,0,531,8567
oliveira/04_11/randm04.02.02.07.020_0030.03.aba.beta,True,1,2,0.0010559558868408203,0.002508401870727539,0.001253366470336914,0.0048177242279052734,5,1,0,0,0,1,20,5,1,6,0,538,8600
oliveira/04_11/randm04.02.02.07.020_0030.04.aba.beta,True,1,2,0.0011055469512939453,0.002557516098022461,0.0011653900146484375,0.004828453063964844,5,1,0,0,0,1,20,5,1,6,0,538,8598
oliveira/04_11/randm04.02.02.07.020_0030.05.aba.beta,True,1,2,0.0009958744049072266,0.002580404281616211,0.0011377334594726562,0.004714012145996094,5,1,0,0,0,1,20,5,1,6,0,541,8614
oliveira/04_11/randm04.02.02.08.020_0030.01.aba.beta,True,11,4,0.03645825386047363,0.1147003173828125,0.001791238784790039,0.15294981002807617,25,11,0,0,0,17,6812,24,7,185,0,830,12141
oliveira/04_11/randm04.02.02.08.020_0030.02.aba.beta,True,10,4,0.025290727615356445,0.07496428489685059,0.0015087127685546875,0.10176372528076172,19,10,0,0,0,12,4336,18,3,154,0,751,11263
oliveira/04_11/randm04.02.02.08.020_0030.03.aba.beta,True,7,4,0.01306009292602539,0.028217077255249023,0.0014705657958984375,0.04274773597717285,13,7,0,0,0,7,1014,13,1,52,0,685,10478
oliveira/04_11/randm04.02.02.08.020_0030.04.aba.beta,True,5,4,0.009287595748901367,0.017136096954345703,0.0012755393981933594,0.02769923210144043,11,5,0,0,0,5,430,11,1,31,0,561,8660
oliveira/04_11/randm04.02.02.08.020_0030.05.aba.beta,True,6,4,0.013181686401367188,0.05355095863342285,0.0013661384582519531,0.06809878349304199,18,6,0,0,0,11,2195,18,6,92,0,631,9493
oliveira/04_11/randm04.02.02.09.020_0030.01.aba.beta,True,2,3,0.002870798110961914,0.008746147155761719,0.0012009143829345703,0.012817859649658203,8,2,0,0,0,3,112,8,2,17,0,541,8608
oliveira/04_11/randm04.02.02.09.020_0030.02.aba.beta,True,3,3,0.0052340030670166016,0.015415668487548828,0.001276254653930664,0.021925926208496094,9,3,0,0,0,4,334,9,2,44,0,579,9244
oliveira/04_11/randm04.02.02.09.020_0030.03.aba.beta,True,2,3,0.003487110137939453,0.019538402557373047,0.001374959945678711,0.02440047264099121,12,2,0,0,0,5,350,12,4,31,0,545,8636
oliveira/04_11/randm04.02.02.09.020_0030.04.aba.beta,True,2,3,0.00513911247253418,0.020723342895507812,0.0011835098266601562,0.02704596519470215,12,2,0,0,0,5,476,12,4,37,0,553,8716
oliveira/04_11/randm04.02.02.09.020_0030.05.aba.beta,True,2,3,0.002831697463989258,0.009733438491821289,0.0012056827545166016,0.013770818710327148,8,2,0,0,0,3,182,8,2,24,0,549,8669
oliveira/04_11/randm04.02.02.10.020_0030.01.aba.beta,True,6,4,0.02596879005432129,0.10172891616821289,0.0014805793762207031,0.12917828559875488,24,6,0,0,0,15,5595,21,10,115,0,688,10521
oliveira/04_11/randm04.02.02.10.020_0030.02.aba.beta,True,4,4,0.013796806335449219,0.05805778503417969,0.0014400482177734375,0.07329463958740234,20,4,0,0,0,12,2167,17,9,71,0,573,9070
oliveira/04_11/randm04.02.02.10.020_0030.03.aba.beta,True,3,4,0.014893054962158203,0.06593513488769531,0.0014102458953857422,0.08223843574523926,19,3,0,0,0,11,3049,18,9,97,0,589,9306
oliveira/04_11/randm04.02.02.10.020_0030.04.aba.beta,True,2,4,0.010291576385498047,0.06351113319396973,0.0012249946594238281,0.0750277042388916,20,2,0,0,0,11,2425,19,10,69,0,555,8784
oliveira/04_11/randm04.02.02.10.020_0030.05.aba.beta,True,5,4,0.01899409294128418,0.0846705436706543,0.0014226436614990234,0.1050872802734375,23,5,0,0,0,14,4110,21,10,123,0,670,10208
oliveira/04_11/randm04.02.02.11.020_0030.01.aba.beta,True,7,4,0.010094165802001953,0.025915145874023438,0.002905130386352539,0.03891444206237793,13,7,0,0,0,7,627,13,1,36,0,1329,20771
oliveira/04_11/randm04.02.02.11.020_0030.02.aba.beta,True,7,4,0.011205196380615234,0.02566385269165039,0.0027768611907958984,0.03964591026306152,13,7,0,0,0,7,527,13,1,31,0,1290,20261
oliveira/04_11/randm04.02.02.11.020_0030.03.aba.beta,True,7,4,0.011872291564941406,0.02732396125793457,0.0017886161804199219,0.0409848690032959,13,7,0,0,0,7,613,13,1,38,0,846,13003
oliveira/04_11/randm04.02.02.11.020_0030.04.aba.beta,True,7,4,0.012413978576660156,0.028415441513061523,0.0019447803497314453,0.042774200439453125,13,7,0,0,0,7,729,12,1,38,0,940,14680
oliveira/04_11/randm04.02.02.11.020_0030.05.aba.beta,True,8,4,0.014014244079589844,0.030167341232299805,0.0029168128967285156,0.047098398208618164,14,8,0,0,0,8,720,13,1,39,0,1183,19109
oliveira/04_11/randm04.02.02.12.020_0030.01.aba.beta,True,2,3,0.00416254997253418,0.018019676208496094,0.0015952587127685547,0.023777484893798828,12,2,0,0,0,5,382,12,4,31,0,545,8621
oliveira/04_11/randm04.02.02.12.020_0030.02.aba.beta,True,3,3,0.00615692138671875,0.022106409072875977,0.0011997222900390625,0.02946305274963379,13,3,0,0,0,6,527,12,4,40,0,561,8708
oliveira/04_11/randm04.02.02.12.020_0030.03.aba.beta,True,2,3,0.002882719039916992,0.010279178619384766,0.0014328956604003906,0.014594793319702148,8,2,0,0,0,3,144,8,2,19,0,551,8639
oliveira/04_11/randm04.02.02.12.020_0030.04.aba.beta,True,4,3,0.0051195621490478516,0.01675891876220703,0.0011785030364990234,0.023056983947753906,10,4,0,0,0,5,249,10,2,26,0,552,8626
oliveira/04_11/randm04.02.02.12.020_0030.05.aba.beta,True,4,3,0.006298065185546875,0.017808914184570312,0.0011789798736572266,0.025285959243774414,10,4,0,0,0,5,397,10,2,42,0,563,8784
oliveira/04_11/randm04.02.02.13.020_0030.01.aba.beta,True,1,1,0.0010180473327636719,0.001920461654663086,0.0011546611785888672,0.004093170166015625,3,1,0,0,0,1,9,3,1,2,0,528,8539
oliveira/04_11/randm04.02.02.13.020_0030.02.aba.beta,True,1,1,0.0011801719665527344,0.001920461654663086,0.001161336898803711,0.004261970520019531,3,1,0,0,0,1,9,3,1,2,0,535,8584
oliveira/04_11/randm04.02.02.13.020_0030.03.aba.beta,True,1,1,0.0010781288146972656,0.0020008087158203125,0.0012633800506591797,0.004342317581176758,3,1,0,0,0,1,9,3,1,2,0,534,8583
oliveira/04_11/randm04.02.02.13.020_0030.04.aba.beta,True,1,1,0.0005962848663330078,0.0024857521057128906,0.0011484622955322266,0.004230499267578125,3,1,0,0,0,1,9,3,1,2,0,537,8593
oliveira/04_11/randm04.02.02.13.020_0030.05.aba.beta,True,1,1,0.0007998943328857422,0.0019176006317138672,0.0011680126190185547,0.003885507583618164,3,1,0,0,0,1,9,3,1,2,0,543,8623
oliveira/04_11/randm04.02.02.14.020_0030.01.aba.beta,True,7,4,0.010576725006103516,0.02932119369506836,0.0012252330780029297,0.041123151779174805,13,7,0,0,0,7,820,13,1,55,0,590,8897
oliveira/04_11/randm04.02.02.14.020_0030.02.aba.beta,True,6,4,0.009163618087768555,0.02519965171813965,0.0011773109436035156,0.03554058074951172,12,6,0,0,0,6,616,11,1,34,0,563,8669
oliveira/04_11/randm04.02.02.14.020_0030.03.aba.beta,True,3,4,0.0077435970306396484,0.03516125679016113,0.0012488365173339844,0.044153690338134766,15,3,0,0,0,8,907,15,6,53,0,562,8757
oliveira/04_11/randm04.02.02.14.020_0030.04.aba.beta,True,3,4,0.007142305374145508,0.03135418891906738,0.0011992454528808594,0.03969573974609375,21,3,0,0,0,7,1030,17,5,83,0,554,8684
oliveira/04_11/randm04.02.02.14.020_0030.05.aba.beta,True,7,4,0.011270523071289062,0.028914451599121094,0.0011811256408691406,0.0413661003112793,13,7,0,0,0,7,866,13,1,53,0,580,8777
oliveira/04_11/randm04.02.02.15.020_0030.01.aba.beta,True,1,2,0.0011210441589355469,0.0024690628051757812,0.0013034343719482422,0.00489354133605957,5,1,0,0,0,1,25,4,1,6,0,533,8586
oliveira/04_11/randm04.02.02.15.020_0030.02.aba.beta,True,1,2,0.0011668205261230469,0.002324342727661133,0.001096487045288086,0.004587650299072266,5,1,0,0,0,1,20,5,1,6,0,532,8581
oliveira/04_11/randm04.02.02.15.020_0030.03.aba.beta,True,1,2,0.0014955997467041016,0.0024306774139404297,0.00118255615234375,0.005108833312988281,5,1,0,0,0,1,20,5,1,6,0,541,8605
oliveira/04_11/randm04.02.02.15.020_0030.04.aba.beta,True,1,2,0.0010876655578613281,0.002418041229248047,0.001130819320678711,0.004636526107788086,5,1,0,0,0,1,20,5,1,6,0,542,8616
oliveira/04_11/randm04.02.02.15.020_0030.05.aba.beta,True,1,2,0.0011010169982910156,0.002649545669555664,0.0010967254638671875,0.004847288131713867,5,1,0,0,0,1,20,5,1,6,0,534,8580
oliveira/04_11/randm04.02.02.16.020_0030.01.aba.beta,True,2,3,0.0023088455200195312,0.006032228469848633,0.001064300537109375,0.009405374526977539,9,2,0,0,0,2,124,9,1,19,0,536,8574
oliveira/04_11/randm04.02.02.16.020_0030.02.aba.beta,True,4,3,0.006495475769042969,0.01996588706970215,0.0011377334594726562,0.027599096298217773,12,4,0,0,0,6,623,11,3,48,0,567,8770
oliveira/04_11/randm04.02.02.16.020_0030.03.aba.beta,True,5,3,0.008369684219360352,0.03449845314025879,0.0012772083282470703,0.04414534568786621,13,5,0,0,0,7,1301,13,3,84,0,636,9785
oliveira/04_11/randm04.02.02.16.020_0030.04.aba.beta,True,5,3,0.008084297180175781,0.027358055114746094,0.001409769058227539,0.036852121353149414,13,5,0,0,0,7,964,13,3,82,0,611,9297
oliveira/04_11/randm04.02.02.16.020_0030.05.aba.beta,True,2,3,0.002445220947265625,0.005697488784790039,0.001226663589477539,0.009369373321533203,11,2,0,0,0,2,186,10,1,30,0,541,8613
oliveira/04_11/randm04.02.02.17.020_0030.01.aba.beta,True,2,3,0.003814220428466797,0.017498016357421875,0.001130819320678711,0.022443056106567383,12,2,0,0,0,5,332,12,4,31,0,549,8649
oliveira/04_11/randm04.02.02.17.020_0030.02.aba.beta,True,2,3,0.003756284713745117,0.020414113998413086,0.0011489391326904297,0.025319337844848633,12,2,0,0,0,5,452,12,4,37,0,553,8710
oliveira/04_11/randm04.02.02.17.020_0030.03.aba.beta,True,2,3,0.0025081634521484375,0.008802175521850586,0.001157999038696289,0.012468338012695312,8,2,0,0,0,3,129,8,2,20,0,535,8562
oliveira/04_11/randm04.02.02.17.020_0030.04.aba.beta,True,3,3,0.00413966178894043,0.013181924819946289,0.0011744499206542969,0.018496036529541016,9,3,0,0,0,4,207,9,2,25,0,539,8578
oliveira/04_11/randm04.02.02.17.020_0030.05.aba.beta,True,2,3,0.00397038459777832,0.01787257194519043,0.0011849403381347656,0.023027896881103516,12,2,0,0,0,5,352,12,4,32,0,540,8576
oliveira/04_11/randm04.02.02.18.020_0030.01.aba.beta,True,6,4,0.01324152946472168,0.04402756690979004,0.00130462646484375,0.05857372283935547,19,6,0,0,0,10,1296,18,5,68,0,608,9200
oliveira/04_11/randm04.02.02.18.020_0030.02.aba.beta,True,3,4,0.007489919662475586,0.02286052703857422,0.0013360977172851562,0.03168654441833496,13,3,0,0,0,6,574,13,4,42,0,561,8719
oliveira/04_11/randm04.02.02.18.020_0030.03.aba.beta,True,4,4,0.009929895401000977,0.04445171356201172,0.0012123584747314453,0.05559396743774414,18,4,0,0,0,10,1384,17,7,62,0,567,8749
oliveira/04_11/randm04.02.02.18.020_0030.04.aba.beta,True,8,4,0.01718616485595703,0.06238865852355957,0.0015692710876464844,0.08114409446716309,21,8,0,0,0,12,2580,20,5,118,0,758,11389
oliveira/04_11/randm04.02.02.18.020_0030.05.aba.beta,True,5,4,0.011616230010986328,0.03717613220214844,0.0011982917785644531,0.04999065399169922,18,5,0,0,0,9,1088,17,5,70,0,574,8850
oliveira/04_11/randm04.02.02.19.020_0030.01.aba.beta,True,3,3,0.007196664810180664,0.02231144905090332,0.001132965087890625,0.03064107894897461,13,3,0,0,0,6,543,13,4,45,0,556,8704
oliveira/04_11/randm04.02.02.19.020_0030.02.aba.beta,True,4,3,0.00916910171508789,0.030138731002807617,0.0011992454528808594,0.04050707817077637,14,4,0,0,0,7,794,14,4,66,0,586,8943
oliveira/04_11/randm04.02.02.19.020_0030.03.aba.beta,True,4,3,0.007183074951171875,0.017277002334594727,0.001096963882446289,0.02555704116821289,10,4,0,0,0,5,352,10,2,30,0,550,8627
oliveira/04_11/randm04.02.02.19.020_0030.04.aba.beta,True,3,3,0.004003047943115234,0.015725135803222656,0.0011396408081054688,0.02086782455444336,9,3,0,0,0,4,241,9,2,25,0,546,8617
oliveira/04_11/randm04.02.02.19.020_0030.05.aba.beta,True,3,3,0.0061991214752197266,0.02561163902282715,0.0011820793151855469,0.03299283981323242,13,3,0,0,0,6,816,12,4,52,0,563,8791
oliveira/04_11/randm05.02.02.01.020_0030.01.aba.beta,True,4,3,0.0046160221099853516,0.013783693313598633,0.0012171268463134766,0.01961684226989746,11,4,0,0,0,4,301,11,1,37,0,556,8660
oliveira/04_11/randm05.02.02.01.020_0030.02.aba.beta,True,4,3,0.0056383609771728516,0.01512002944946289,0.0011641979217529297,0.021922588348388672,11,4,0,0,0,4,337,11,1,42,0,567,8781
oliveira/04_11/randm05.02.02.01.020_0030.03.aba.beta,True,6,3,0.007944107055664062,0.022381067276000977,0.0012042522430419922,0.03152942657470703,11,6,0,0,0,6,501,10,1,45,0,584,8801
oliveira/04_11/randm05.02.02.01.020_0030.04.aba.beta,True,3,3,0.003962516784667969,0.009947061538696289,0.0013303756713867188,0.015239953994750977,8,3,0,0,0,3,191,8,1,22,0,548,8633
oliveira/04_11/randm05.02.02.01.020_0030.05.aba.beta,True,4,3,0.00496220588684082,0.013836145401000977,0.0014300346374511719,0.02022838592529297,9,4,0,0,0,4,364,9,1,33,0,548,8650
oliveira/04_11/randm05.02.02.02.020_0030.01.aba.beta,True,2,3,0.0023627281188964844,0.007609844207763672,0.0011565685272216797,0.011129140853881836,7,2,0,0,0,2,93,7,1,12,0,524,8509
oliveira/04_11/randm05.02.02.02.020_0030.02.aba.beta,True,2,3,0.0033218860626220703,0.011844396591186523,0.0012254714965820312,0.016391754150390625,10,2,0,0,0,4,350,9,3,25,0,544,8631
oliveira/04_11/randm05.02.02.02.020_0030.03.aba.beta,True,2,3,0.0032744407653808594,0.014808893203735352,0.0012323856353759766,0.019315719604492188,10,2,0,0,0,4,472,10,3,32,0,544,8682
oliveira/04_11/randm05.02.02.02.020_0030.04.aba.beta,True,2,3,0.0020036697387695312,0.0052068233489990234,0.001116037368774414,0.008326530456542969,7,2,0,0,0,2,93,7,1,12,0,537,8583
oliveira/04_11/randm05.02.02.02.020_0030.05.aba.beta,True,2,3,0.0028829574584960938,0.006360054016113281,0.0011811256408691406,0.010424137115478516,7,2,0,0,0,2,93,7,1,12,0,535,8572
oliveira/04_11/randm05.02.02.03.020_0030.01.aba.beta,True,1,1,0.0008287429809570312,0.002022266387939453,0.0013358592987060547,0.004186868667602539,3,1,0,0,0,1,9,3,1,2,0,543,8619
oliveira/04_11/randm05.02.02.03.020_0030.02.aba.beta,True,1,1,0.0007696151733398438,0.0019180774688720703,0.0011987686157226562,0.0038864612579345703,3,1,0,0,0,1,9,3,1,2,0,538,8597
oliveira/04_11/randm05.02.02.03.020_0030.03.aba.beta,True,1,1,0.0011091232299804688,0.0019407272338867188,0.0011491775512695312,0.004199028015136719,3,1,0,0,0,1,9,3,1,2,0,537,8598
oliveira/04_11/randm05.02.02.03.020_0030.04.aba.beta,True,1,1,0.0011334419250488281,0.002053976058959961,0.001153707504272461,0.00434112548828125,3,1,0,0,0,1,9,3,1,2,0,534,8583
oliveira/04_11/randm05.02.02.03.020_0030.05.aba.beta,True,1,1,0.0007462501525878906,0.0019369125366210938,0.0011022090911865234,0.003785371780395508,3,1,0,0,0,1,9,3,1,2,0,521,8531
oliveira/04_11/randm05.02.02.04.020_0030.01.aba.beta,True,7,5,0.01957988739013672,0.07017135620117188,0.0015454292297363281,0.09129667282104492,22,7,0,0,0,12,3366,20,6,113,0,719,10936
oliveira/04_11/randm05.02.02.04.020_0030.02.aba.beta,True,11,5,0.027167320251464844,0.07460284233093262,0.0013799667358398438,0.1031501293182373,20,11,0,0,0,14,4236,19,4,128,0,679,9928
oliveira/04_11/randm05.02.02.04.020_0030.03.aba.beta,True,7,5,0.02119159698486328,0.06326103210449219,0.001466512680053711,0.08591914176940918,23,7,0,0,0,11,3662,20,5,130,0,626,9162
oliveira/04_11/randm05.02.02.04.020_0030.04.aba.beta,True,9,5,0.024991273880004883,0.06966614723205566,0.001443624496459961,0.09610104560852051,21,9,0,0,0,12,4039,21,4,118,0,688,10188
oliveira/04_11/randm05.02.02.04.020_0030.05.aba.beta,True,9,5,0.02150750160217285,0.07734942436218262,0.0014200210571289062,0.10027694702148438,21,9,0,0,0,12,4393,21,4,128,0,668,9981
oliveira/04_11/randm05.02.02.05.020_0030.01.aba.beta,True,3,4,0.00844717025756836,0.0318145751953125,0.0011327266693115234,0.04139447212219238,17,3,0,0,0,8,901,16,6,51,0,551,8627
oliveira/04_11/randm05.02.02.05.020_0030.02.aba.beta,True,4,4,0.00721430778503418,0.027609825134277344,0.00128936767578125,0.03611350059509277,15,4,0,0,0,7,584,15,4,47,0,554,8640
oliveira/04_11/randm05.02.02.05.020_0030.03.aba.beta,True,5,4,0.009248018264770508,0.038776397705078125,0.0012519359588623047,0.04927635192871094,16,5,0,0,0,8,960,15,4,68,0,575,8848
oliveira/04_11/randm05.02.02.05.020_0030.04.aba.beta,True,6,4,0.01366114616394043,0.04415154457092285,0.0013115406036376953,0.05912423133850098,17,6,0,0,0,9,1704,16,4,106,0,619,9453
oliveira/04_11/randm05.02.02.05.020_0030.05.aba.beta,True,5,4,0.010957479476928711,0.04941868782043457,0.001394510269165039,0.06177067756652832,19,5,0,0,0,10,1890,18,6,97,0,627,9606
oliveira/04_11/randm05.02.02.06.020_0030.01.aba.beta,True,7,5,0.029379606246948242,0.1011347770690918,0.0018682479858398438,0.13238263130187988,25,7,0,0,0,17,6263,20,11,127,0,792,12044
oliveira/04_11/randm05.02.02.06.020_0030.02.aba.beta,True,7,5,0.022873401641845703,0.07782983779907227,0.0013284683227539062,0.10203170776367188,23,7,0,0,0,14,3844,22,8,124,0,677,10113
oliveira/04_11/randm05.02.02.06.020_0030.03.aba.beta,True,6,5,0.02756476402282715,0.09273362159729004,0.0012583732604980469,0.12155675888061523,24,6,0,0,0,16,4399,22,11,123,0,601,9052
oliveira/04_11/randm05.02.02.06.020_0030.04.aba.beta,True,9,5,0.05405139923095703,0.18231701850891113,0.0017883777618408203,0.23815679550170898,31,9,0,0,0,24,14076,26,16,193,0,813,12121
oliveira/04_11/randm05.02.02.06.020_0030.05.aba.beta,True,7,5,0.024487972259521484,0.0884554386138916,0.0011744499206542969,0.11411786079406738,29,7,0,0,0,15,4482,24,9,140,0,608,8985
oliveira/04_11/randm05.02.02.07.020_0030.01.aba.beta,True,13,5,0.10403943061828613,0.33464527130126953,0.0029153823852539062,0.44160008430480957,42,13,0,0,0,33,31760,37,21,295,0,1381,20821
oliveira/04_11/randm05.02.02.07.020_0030.02.aba.beta,True,10,5,0.07136821746826172,0.2490077018737793,0.0020432472229003906,0.3224191665649414,37,10,0,0,0,27,21499,32,18,257,0,920,13893
oliveira/04_11/randm05.02.02.07.020_0030.03.aba.beta,True,12,5,0.07469606399536133,0.24867773056030273,0.0017313957214355469,0.3251051902770996,39,12,0,0,0,29,21345,33,18,264,0,844,12337
oliveira/04_11/randm05.02.02.07.020_0030.04.aba.beta,True,11,5,0.10775327682495117,0.32344484329223633,0.0023653507232666016,0.4335634708404541,41,11,0,0,0,31,34417,33,21,272,0,1110,16829
oliveira/04_11/randm05.02.02.07.020_0030.05.aba.beta,True,15,5,0.10217761993408203,0.290757417678833,0.002731800079345703,0.39566683769226074,36,15,0,0,0,30,33100,32,16,260,0,1287,19151
oliveira/04_11/randm05.02.02.08.020_0030.01.aba.beta,True,4,3,0.007494926452636719,0.015895605087280273,0.0017428398132324219,0.025133371353149414,12,4,0,0,0,4,371,12,1,37,0,789,12484
oliveira/04_11/randm05.02.02.08.020_0030.02.aba.beta,True,4,3,0.007953643798828125,0.01581740379333496,0.0027627944946289062,0.026533842086791992,13,4,0,0,0,4,403,13,1,45,0,962,15132
oliveira/04_11/randm05.02.02.08.020_0030.03.aba.beta,True,4,3,0.007035732269287109,0.012899160385131836,0.0012195110321044922,0.021154403686523438,9,4,0,0,0,4,302,8,1,29,0,558,8690
oliveira/04_11/randm05.02.02.08.020_0030.04.aba.beta,True,4,3,0.005126953125,0.012696504592895508,0.001277923583984375,0.019101381301879883,9,4,0,0,0,4,218,9,1,25,0,554,8652
oliveira/04_11/randm05.02.02.08.020_0030.05.aba.beta,True,4,3,0.0055654048919677734,0.013823986053466797,0.0017592906951904297,0.021148681640625,12,4,0,0,0,4,313,11,1,33,0,851,13362
oliveira/04_11/randm05.02.02.09.020_0030.01.aba.beta,True,5,4,0.011500120162963867,0.049929141998291016,0.0014901161193847656,0.06291937828063965,15,5,0,0,0,10,1953,15,6,107,0,705,10970
oliveira/04_11/randm05.02.02.09.020_0030.02.aba.beta,True,4,4,0.009613990783691406,0.03516888618469238,0.0012962818145751953,0.046079158782958984,16,4,0,0,0,8,1538,15,5,82,0,596,9122
oliveira/04_11/randm05.02.02.09.020_0030.03.aba.beta,True,5,4,0.00899958610534668,0.023491859436035156,0.0013108253479003906,0.03380227088928223,12,5,0,0,0,5,1025,11,1,66,0,647,9952
oliveira/04_11/randm05.02.02.09.020_0030.04.aba.beta,True,5,4,0.008770465850830078,0.024466991424560547,0.0011432170867919922,0.03438067436218262,12,5,0,0,0,5,757,11,1,50,0,575,8779
oliveira/04_11/randm05.02.02.09.020_0030.05.aba.beta,True,4,4,0.00693511962890625,0.016556978225708008,0.0013580322265625,0.024850130081176758,11,4,0,0,0,4,623,10,1,52,0,570,8880
oliveira/04_11/randm05.02.02.10.020_0030.01.aba.beta,True,13,5,0.03428816795349121,0.08933877944946289,0.002204418182373047,0.12583136558532715,22,13,0,0,0,14,5286,21,2,196,0,1016,15165
oliveira/04_11/randm05.02.02.10.020_0030.02.aba.beta,True,6,5,0.02070021629333496,0.08013510704040527,0.0012621879577636719,0.1020975112915039,22,6,0,0,0,15,3909,21,10,125,0,621,9368
oliveira/04_11/randm05.02.02.10.020_0030.03.aba.beta,True,7,5,0.034509897232055664,0.12042713165283203,0.0013859272003173828,0.15632295608520508,27,7,0,0,0,20,6287,24,14,160,0,627,9403
oliveira/04_11/randm05.02.02.10.020_0030.04.aba.beta,True,7,5,0.023115158081054688,0.06715512275695801,0.0032570362091064453,0.09352731704711914,24,7,0,0,0,10,4533,21,4,120,0,1501,23696
oliveira/04_11/randm05.02.02.10.020_0030.05.aba.beta,True,8,5,0.041458845138549805,0.1314682960510254,0.0023505687713623047,0.1752777099609375,26,8,0,0,0,20,9762,21,13,115,0,1014,15799
oliveira/04_11/randm05.02.02.11.020_0030.01.aba.beta,True,13,5,0.04050421714782715,0.09875011444091797,0.007867574691772461,0.14712190628051758,29,13,0,0,0,16,6329,24,4,132,0,3395,52902
oliveira/04_11/randm05.02.02.11.020_0030.02.aba.beta,True,10,5,0.027750253677368164,0.08647370338439941,0.004978656768798828,0.1192026138305664,26,10,0,0,0,15,3951,24,6,101,0,2118,33571
oliveira/04_11/randm05.02.02.11.020_0030.03.aba.beta,True,10,5,0.03002166748046875,0.07976293563842773,0.0018188953399658203,0.1116034984588623,21,10,0,0,0,13,6414,18,4,166,0,752,11327
oliveira/04_11/randm05.02.02.11.020_0030.04.aba.beta,True,8,5,0.02276301383972168,0.06272196769714355,0.001434326171875,0.08691930770874023,18,8,0,0,0,11,3762,17,4,106,0,668,10071
oliveira/04_11/randm05.02.02.11.020_0030.05.aba.beta,True,10,5,0.02576732635498047,0.08621692657470703,0.0048596858978271484,0.11684393882751465,27,10,0,0,0,15,4316,23,6,113,0,2279,35891
oliveira/04_11/randm05.02.02.12.020_0030.01.aba.beta,True,4,3,0.0070345401763916016,0.02108597755432129,0.0012657642364501953,0.029386281967163086,13,4,0,0,0,6,633,12,3,48,0,568,8771
oliveira/04_11/randm05.02.02.12.020_0030.02.aba.beta,True,3,3,0.005033731460571289,0.025238513946533203,0.001146554946899414,0.031418800354003906,13,3,0,0,0,6,410,13,4,39,0,558,8694
oliveira/04_11/randm05.02.02.12.020_0030.03.aba.beta,True,5,3,0.009886026382446289,0.031645774841308594,0.0012712478637695312,0.042803049087524414,15,5,0,0,0,8,1090,12,4,79,0,587,9156
oliveira/04_11/randm05.02.02.12.020_0030.04.aba.beta,True,2,3,0.0025124549865722656,0.006251811981201172,0.001108407974243164,0.009872674942016602,9,2,0,0,0,2,111,9,1,21,0,547,8625
oliveira/04_11/randm05.02.02.12.020_0030.05.aba.beta,True,2,3,0.003017902374267578,0.007047414779663086,0.0011820793151855469,0.011247396469116211,13,2,0,0,0,2,201,9,1,51,0,547,8646
oliveira/04_11/randm05.02.02.13.020_0030.01.aba.beta,True,11,5,0.041864871978759766,0.11890721321105957,0.0017948150634765625,0.1625669002532959,27,11,0,0,0,18,8825,26,8,193,0,806,12099
oliveira/04_11/randm05.02.02.13.020_0030.02.aba.beta,True,11,5,0.03601384162902832,0.10839271545410156,0.0015418529510498047,0.1459484100341797,31,11,0,0,0,17,7006,26,7,203,0,759,11109
oliveira/04_11/randm05.02.02.13.020_0030.03.aba.beta,True,7,5,0.029663562774658203,0.10831356048583984,0.0016498565673828125,0.13962697982788086,29,7,0,0,0,16,6403,26,10,200,0,744,11276
oliveira/04_11/randm05.02.02.13.020_0030.04.aba.beta,True,9,5,0.03047776222229004,0.13692426681518555,0.0017282962799072266,0.1691303253173828,27,9,0,0,0,19,7167,24,11,175,0,721,10756
oliveira/04_11/randm05.02.02.13.020_0030.05.aba.beta,True,7,5,0.02799248695373535,0.10144472122192383,0.0015416145324707031,0.13097882270812988,23,7,0,0,0,19,5656,21,13,86,0,642,9677
oliveira/04_11/randm05.02.02.14.020_0030.01.aba.beta,True,1,1,0.0006823539733886719,0.002539396286010742,0.00113677978515625,0.004358530044555664,3,1,0,0,0,1,9,3,1,2,0,531,8569
oliveira/04_11/randm05.02.02.14.020_0030.02.aba.beta,True,1,1,0.0008509159088134766,0.002025604248046875,0.001088857650756836,0.0039653778076171875,3,1,0,0,0,1,9,3,1,2,0,530,8565
oliveira/04_11/randm05.02.02.14.020_0030.03.aba.beta,True,1,1,0.0012555122375488281,0.0018706321716308594,0.0011096000671386719,0.004235744476318359,3,1,0,0,0,1,9,3,1,2,0,541,8613
oliveira/04_11/randm05.02.02.14.020_0030.04.aba.beta,True,1,1,0.0014617443084716797,0.0022046566009521484,0.0012459754943847656,0.004912376403808594,3,1,0,0,0,1,9,3,1,2,0,532,8544
oliveira/04_11/randm05.02.02.14.020_0030.05.aba.beta,True,1,1,0.0008800029754638672,0.0019228458404541016,0.001132965087890625,0.003935813903808594,3,1,0,0,0,1,9,3,1,2,0,530,8544
oliveira/04_11/randm05.02.02.15.020_0030.01.aba.beta,True,2,3,0.0033257007598876953,0.01869344711303711,0.0011241436004638672,0.023143291473388672,12,2,0,0,0,5,375,12,4,32,0,537,8584
oliveira/04_11/randm05.02.02.15.020_0030.02.aba.beta,True,4,3,0.00514674186706543,0.016174793243408203,0.0011751651763916016,0.022496700286865234,10,4,0,0,0,5,301,10,2,32,0,559,8668
oliveira/04_11/randm05.02.02.15.020_0030.03.aba.beta,True,4,3,0.005219221115112305,0.016889572143554688,0.001161813735961914,0.023270606994628906,10,4,0,0,0,5,309,10,2,33,0,558,8666
oliveira/04_11/randm05.02.02.15.020_0030.04.aba.beta,True,2,3,0.003895998001098633,0.01768946647644043,0.0011572837829589844,0.022742748260498047,12,2,0,0,0,5,413,11,4,33,0,546,8654
oliveira/04_11/randm05.02.02.15.020_0030.05.aba.beta,True,2,3,0.0032830238342285156,0.017427921295166016,0.0011601448059082031,0.021871089935302734,12,2,0,0,0,5,333,12,4,30,0,549,8644
oliveira/04_11/randm05.02.02.16.020_0030.01.aba.beta,True,1,1,0.0008146762847900391,0.0019598007202148438,0.0010921955108642578,0.0038666725158691406,3,1,0,0,0,1,9,3,1,2,0,534,8587
oliveira/04_11/randm05.02.02.16.020_0030.02.aba.beta,True,1,1,0.0008008480072021484,0.0019054412841796875,0.0011425018310546875,0.0038487911224365234,3,1,0,0,0,1,9,3,1,2,0,540,8611
oliveira/04_11/randm05.02.02.16.020_0030.03.aba.beta,True,1,1,0.0005922317504882812,0.004144430160522461,0.0011336803436279297,0.005870342254638672,3,1,0,0,0,1,9,3,1,2,0,534,8572
oliveira/04_11/randm05.02.02.16.020_0030.04.aba.beta,True,1,1,0.0010409355163574219,0.0018870830535888672,0.0010576248168945312,0.00398564338684082,3,1,0,0,0,1,9,3,1,2,0,543,8622
oliveira/04_11/randm05.02.02.16.020_0030.05.aba.beta,True,1,1,0.0007302761077880859,0.002473592758178711,0.0011298656463623047,0.0043337345123291016,3,1,0,0,0,1,9,3,1,2,0,543,8624
oliveira/04_11/randm05.02.02.17.020_0030.01.aba.beta,True,9,5,0.020008325576782227,0.0594325065612793,0.0020635128021240234,0.08150434494018555,20,9,0,0,0,11,2731,19,3,102,0,688,10302
oliveira/04_11/randm05.02.02.17.020_0030.02.aba.beta,True,8,5,0.01873779296875,0.046938180923461914,0.001445770263671875,0.06712174415588379,19,8,0,0,0,10,1895,19,3,79,0,698,10554
oliveira/04_11/randm05.02.02.17.020_0030.03.aba.beta,True,9,5,0.030478954315185547,0.11129283905029297,0.001476287841796875,0.1432480812072754,24,9,0,0,0,19,5616,23,11,132,0,689,10121
oliveira/04_11/randm05.02.02.17.020_0030.04.aba.beta,True,13,5,0.0592350959777832,0.18651938438415527,0.002480030059814453,0.24823451042175293,28,13,0,0,0,22,13835,26,10,218,0,1175,17588
oliveira/04_11/randm05.02.02.17.020_0030.05.aba.beta,True,8,5,0.02829742431640625,0.09810757637023926,0.0016009807586669922,0.1280059814453125,22,8,0,0,0,14,5926,22,7,168,0,786,11742
oliveira/04_11/randm05.02.02.18.020_0030.01.aba.beta,True,1,1,0.0008769035339355469,0.002084493637084961,0.0010869503021240234,0.004048347473144531,3,1,0,0,0,1,9,3,1,2,0,534,8577
oliveira/04_11/randm05.02.02.18.020_0030.02.aba.beta,True,1,1,0.0010387897491455078,0.002223968505859375,0.0012891292572021484,0.004551887512207031,3,1,0,0,0,1,9,3,1,2,0,535,8592
oliveira/04_11/randm05.02.02.18.020_0030.03.aba.beta,True,1,1,0.0018315315246582031,0.00196075439453125,0.0011012554168701172,0.00489354133605957,3,1,0,0,0,1,9,3,1,2,0,529,8564
oliveira/04_11/randm05.02.02.18.020_0030.04.aba.beta,True,1,1,0.0010876655578613281,0.0020825862884521484,0.001074075698852539,0.004244327545166016,3,1,0,0,0,1,9,3,1,2,0,523,8497
oliveira/04_11/randm05.02.02.18.020_0030.05.aba.beta,True,1,1,0.0008091926574707031,0.001991748809814453,0.0012421607971191406,0.004043102264404297,3,1,0,0,0,1,9,3,1,2,0,533,8555
oliveira/04_11/randm05.02.02.19.020_0030.01.aba.beta,True,2,3,0.002292633056640625,0.0063970088958740234,0.0010929107666015625,0.009782552719116211,7,2,0,0,0,2,76,7,1,12,0,543,8612
oliveira/04_11/randm05.02.02.19.020_0030.02.aba.beta,True,2,3,0.0022292137145996094,0.005746126174926758,0.001087188720703125,0.009062528610229492,7,2,0,0,0,2,76,7,1,12,0,548,8631
oliveira/04_11/randm05.02.02.19.020_0030.03.aba.beta,True,2,3,0.003212451934814453,0.017569303512573242,0.0011878013610839844,0.02196955680847168,12,2,0,0,0,5,344,12,4,30,0,537,8592
oliveira/04_11/randm05.02.02.19.020_0030.04.aba.beta,True,2,3,0.0035016536712646484,0.015477180480957031,0.001299142837524414,0.020277976989746094,12,2,0,0,0,5,272,12,4,27,0,536,8571
oliveira/04_11/randm05.02.02.19.020_0030.05.aba.beta,True,2,3,0.0023870468139648438,0.006766557693481445,0.0011398792266845703,0.01029348373413086,7,2,0,0,0,2,76,7,1,12,0,528,8538
oliveira/04_11/randm06.02.02.01.020_0030.01.aba.beta,True,3,4,0.011202096939086914,0.04118084907531738,0.0012464523315429688,0.053629398345947266,17,3,0,0,0,9,1664,16,7,63,0,566,8785
oliveira/04_11/randm06.02.02.01.020_0030.02.aba.beta,True,4,4,0.006879329681396484,0.02080059051513672,0.0011181831359863281,0.02879810333251953,13,4,0,0,0,5,531,13,2,44,0,562,8693
oliveira/04_11/randm06.02.02.01.020_0030.03.aba.beta,True,7,4,0.015293359756469727,0.04019045829772949,0.0013349056243896484,0.05681872367858887,17,7,0,0,0,8,1545,16,2,98,0,643,9569
oliveira/04_11/randm06.02.02.01.020_0030.04.aba.beta,True,5,4,0.008321762084960938,0.026539325714111328,0.001260519027709961,0.03612160682678223,14,5,0,0,0,6,900,14,2,65,0,603,9322
oliveira/04_11/randm06.02.02.01.020_0030.05.aba.beta,True,6,4,0.010771036148071289,0.035883188247680664,0.001432657241821289,0.04808688163757324,17,6,0,0,0,7,1482,17,2,104,0,678,10310
oliveira/04_11/randm06.02.02.02.020_0030.01.aba.beta,True,3,3,0.0038030147552490234,0.009861230850219727,0.001367807388305664,0.015032052993774414,8,3,0,0,0,3,156,8,1,18,0,573,9040
oliveira/04_11/randm06.02.02.02.020_0030.02.aba.beta,True,2,3,0.0034990310668945312,0.01277613639831543,0.0010874271392822266,0.017362594604492188,10,2,0,0,0,4,232,10,3,23,0,521,8482
oliveira/04_11/randm06.02.02.02.020_0030.03.aba.beta,True,2,3,0.003587961196899414,0.013786554336547852,0.001272439956665039,0.018646955490112305,10,2,0,0,0,4,304,10,3,27,0,548,8665
oliveira/04_11/randm06.02.02.02.020_0030.04.aba.beta,True,2,3,0.005507707595825195,0.013156414031982422,0.0013053417205810547,0.019969463348388672,10,2,0,0,0,4,268,10,3,25,0,547,8639
oliveira/04_11/randm06.02.02.02.020_0030.05.aba.beta,True,3,3,0.004082918167114258,0.009418487548828125,0.0010845661163330078,0.01458597183227539,8,3,0,0,0,3,156,8,1,18,0,548,8621
oliveira/04_11/randm06.02.02.03.020_0030.01.aba.beta,True,9,5,0.01575946807861328,0.04103446006774902,0.004280567169189453,0.06107449531555176,18,9,0,0,0,9,1340,18,1,54,0,2065,32362
oliveira/04_11/randm06.02.02.03.020_0030.02.aba.beta,True,9,5,0.014944076538085938,0.03942751884460449,0.005002737045288086,0.059374332427978516,18,9,0,0,0,9,1377,17,1,55,0,2396,37858
oliveira/04_11/randm06.02.02.03.020_0030.03.aba.beta,True,8,5,0.018559932708740234,0.05046200752258301,0.0014872550964355469,0.07050919532775879,18,8,0,0,0,10,1972,17,3,72,0,731,11040
oliveira/04_11/randm06.02.02.03.020_0030.04.aba.beta,True,9,5,0.021236896514892578,0.04970860481262207,0.0012881755828857422,0.07223367691040039,19,9,0,0,0,11,1881,18,3,80,0,602,8862
oliveira/04_11/randm06.02.02.03.020_0030.05.aba.beta,True,10,5,0.022038936614990234,0.057579755783081055,0.0031795501708984375,0.08279824256896973,19,10,0,0,0,10,3101,18,1,107,0,1499,23049
oliveira/04_11/randm06.02.02.04.020_0030.01.aba.beta,True,1,1,0.0009057521820068359,0.001743316650390625,0.001138925552368164,0.003787994384765625,3,1,0,0,0,1,9,3,1,2,0,525,8535
oliveira/04_11/randm06.02.02.04.020_0030.02.aba.beta,True,1,1,0.0010581016540527344,0.0020563602447509766,0.0012044906616210938,0.004318952560424805,3,1,0,0,0,1,9,3,1,2,0,531,8571
oliveira/04_11/randm06.02.02.04.020_0030.03.aba.beta,True,1,1,0.0008351802825927734,0.0019636154174804688,0.0011339187622070312,0.0039327144622802734,3,1,0,0,0,1,9,3,1,2,0,535,8590
oliveira/04_11/randm06.02.02.04.020_0030.04.aba.beta,True,1,1,0.0010364055633544922,0.0023818016052246094,0.0011653900146484375,0.004583597183227539,3,1,0,0,0,1,9,3,1,2,0,532,8555
oliveira/04_11/randm06.02.02.04.020_0030.05.aba.beta,True,1,1,0.001199483871459961,0.002010345458984375,0.001283884048461914,0.00449371337890625,3,1,0,0,0,1,9,3,1,2,0,525,8541
oliveira/04_11/randm06.02.02.05.020_0030.01.aba.beta,True,5,5,0.02118825912475586,0.0821993350982666,0.0013318061828613281,0.10471940040588379,21,5,0,0,0,17,4242,17,13,75,0,582,9086
oliveira/04_11/randm06.02.02.05.020_0030.02.aba.beta,True,10,5,0.06409692764282227,0.2045135498046875,0.0014693737030029297,0.2700798511505127,36,10,0,0,0,29,17182,26,20,223,0,702,10153
oliveira/04_11/randm06.02.02.05.020_0030.03.aba.beta,True,10,5,0.029847383499145508,0.0702979564666748,0.0015327930450439453,0.10167813301086426,19,10,0,0,0,10,4450,19,1,185,0,740,10802
oliveira/04_11/randm06.02.02.05.020_0030.04.aba.beta,True,8,5,0.021852970123291016,0.048465728759765625,0.0014786720275878906,0.07179737091064453,17,8,0,0,0,8,3112,16,1,116,0,676,10126
oliveira/04_11/randm06.02.02.05.020_0030.05.aba.beta,True,8,5,0.0408170223236084,0.1297311782836914,0.0017561912536621094,0.17230439186096191,32,8,0,0,0,16,10056,26,9,233,0,817,12238
oliveira/04_11/randm06.02.02.06.020_0030.01.aba.beta,True,10,5,0.04580998420715332,0.13776040077209473,0.0017766952514648438,0.1853470802307129,24,10,0,0,0,18,10436,24,9,148,0,779,11572
oliveira/04_11/randm06.02.02.06.020_0030.02.aba.beta,True,11,5,0.04872488975524902,0.1319584846496582,0.0016019344329833984,0.18228530883789062,25,11,0,0,0,19,10039,24,9,195,0,762,11120
oliveira/04_11/randm06.02.02.06.020_0030.03.aba.beta,True,11,5,0.05729413032531738,0.1380457878112793,0.0025038719177246094,0.1978437900543213,29,11,0,0,0,19,10573,25,9,232,0,721,10587
oliveira/04_11/randm06.02.02.06.020_0030.04.aba.beta,True,6,5,0.022594213485717773,0.043834686279296875,0.0016112327575683594,0.06804013252258301,21,6,0,0,0,7,5043,17,2,155,0,696,10612
oliveira/04_11/randm06.02.02.06.020_0030.05.aba.beta,True,14,5,0.08513450622558594,0.19462132453918457,0.002559185028076172,0.2823150157928467,31,14,0,0,0,22,20053,25,9,241,0,1102,16320
oliveira/04_11/randm06.02.02.07.020_0030.01.aba.beta,True,8,5,0.029021501541137695,0.08622074127197266,0.0014123916625976562,0.11665463447570801,25,8,0,0,0,15,5119,23,8,112,0,656,9909
oliveira/04_11/randm06.02.02.07.020_0030.02.aba.beta,True,9,5,0.02603006362915039,0.06809687614440918,0.0013737678527832031,0.09550070762634277,19,9,0,0,0,12,3667,19,4,132,0,654,9630
oliveira/04_11/randm06.02.02.07.020_0030.03.aba.beta,True,8,5,0.023298263549804688,0.08077573776245117,0.001482248306274414,0.10555624961853027,22,8,0,0,0,13,4302,21,6,130,0,666,9798
oliveira/04_11/randm06.02.02.07.020_0030.04.aba.beta,True,10,5,0.02554631233215332,0.08646512031555176,0.0013365745544433594,0.11334800720214844,25,10,0,0,0,16,4784,23,7,117,0,643,9492
oliveira/04_11/randm06.02.02.07.020_0030.05.aba.beta,True,11,5,0.03438758850097656,0.1188802719116211,0.0015635490417480469,0.1548314094543457,28,11,0,0,0,18,8011,27,8,185,0,737,10817
oliveira/04_11/randm06.02.02.08.020_0030.01.aba.beta,True,8,4,0.01576089859008789,0.04631233215332031,0.001340627670288086,0.06341385841369629,16,8,0,0,0,10,1730,16,3,110,0,636,9327
oliveira/04_11/randm06.02.02.08.020_0030.02.aba.beta,True,6,4,0.015074729919433594,0.03264188766479492,0.0014569759368896484,0.049173593521118164,14,6,0,0,0,8,957,14,3,62,0,576,8808
oliveira/04_11/randm06.02.02.08.020_0030.03.aba.beta,True,7,4,0.012676477432250977,0.029245615005493164,0.0012896060943603516,0.04321169853210449,14,7,0,0,0,7,873,14,1,53,0,624,9617
oliveira/04_11/randm06.02.02.08.020_0030.04.aba.beta,True,6,4,0.011531591415405273,0.02469348907470703,0.0012428760528564453,0.03746795654296875,12,6,0,0,0,6,684,12,1,50,0,574,8893
oliveira/04_11/randm06.02.02.08.020_0030.05.aba.beta,True,6,4,0.012652397155761719,0.03717184066772461,0.0013327598571777344,0.05115699768066406,14,6,0,0,0,8,1483,14,3,99,0,632,9500
oliveira/04_11/randm06.02.02.09.020_0030.01.aba.beta,True,5,5,0.0215456485748291,0.04992246627807617,0.0016360282897949219,0.0731041431427002,19,5,0,0,0,10,2132,19,6,92,0,748,11664
oliveira/04_11/randm06.02.02.09.020_0030.02.aba.beta,True,6,5,0.03302621841430664,0.12572979927062988,0.0017976760864257812,0.1605536937713623,26,6,0,0,0,18,7266,21,13,140,0,606,9259
oliveira/04_11/randm06.02.02.09.020_0030.03.aba.beta,True,7,5,0.0288236141204834,0.09005618095397949,0.0015571117401123047,0.1204369068145752,21,7,0,0,0,13,4658,20,7,139,0,700,10538
oliveira/04_11/randm06.02.02.09.020_0030.04.aba.beta,True,11,5,0.03701186180114746,0.08669018745422363,0.002777099609375,0.1264791488647461,24,11,0,0,0,11,7037,19,1,155,0,1314,20210
oliveira/04_11/randm06.02.02.09.020_0030.05.aba.beta,True,8,5,0.048477888107299805,0.1441822052001953,0.0014178752899169922,0.1940779685974121,26,8,0,0,0,22,9085,23,15,167,0,678,10169
oliveira/04_11/randm06.02.02.10.020_0030.01.aba.beta,True,7,4,0.013975858688354492,0.03851914405822754,0.0012736320495605469,0.05376863479614258,17,7,0,0,0,9,1040,17,3,56,0,576,8708
oliveira/04_11/randm06.02.02.10.020_0030.02.aba.beta,True,4,4,0.008069038391113281,0.03051590919494629,0.0012950897216796875,0.03988003730773926,12,4,0,0,0,6,820,12,3,54,0,579,8920
oliveira/04_11/randm06.02.02.10.020_0030.03.aba.beta,True,3,4,0.0054705142974853516,0.02209186553955078,0.0012252330780029297,0.028787612915039062,11,3,0,0,0,5,483,11,3,30,0,544,8586
oliveira/04_11/randm06.02.02.10.020_0030.04.aba.beta,True,5,4,0.00973963737487793,0.0363006591796875,0.0012714862823486328,0.04731178283691406,13,5,0,0,0,7,1024,13,3,66,0,596,9013
oliveira/04_11/randm06.02.02.10.020_0030.05.aba.beta,True,6,4,0.01371312141418457,0.03866839408874512,0.0015747547149658203,0.05395627021789551,16,6,0,0,0,8,941,15,3,48,0,570,8690
oliveira/04_11/randm06.02.02.11.020_0030.01.aba.beta,True,14,6,0.10161232948303223,0.3506286144256592,0.001844644546508789,0.4540855884552002,35,14,0,0,0,38,30014,32,25,221,0,885,12905
oliveira/04_11/randm06.02.02.11.020_0030.02.aba.beta,True,11,6,0.1601579189300537,0.41138291358947754,0.0018205642700195312,0.5733613967895508,44,11,0,0,0,38,50549,35,28,283,0,854,12619
oliveira/04_11/randm06.02.02.11.020_0030.03.aba.beta,True,15,6,0.24380207061767578,0.7950894832611084,0.001985311508178711,1.040876865386963,51,15,0,0,0,65,73407,44,51,323,0,901,12982
oliveira/04_11/randm06.02.02.11.020_0030.04.aba.beta,True,14,6,0.19320154190063477,0.5758132934570312,0.0018341541290283203,0.7708489894866943,47,14,0,0,0,52,60915,38,39,313,0,901,13034
oliveira/04_11/randm06.02.02.11.020_0030.05.aba.beta,True,15,6,0.1020805835723877,0.2616913318634033,0.0016245841979980469,0.36539649963378906,42,15,0,0,0,29,25046,36,15,254,0,827,11508
oliveira/04_11/randm06.02.02.12.020_0030.01.aba.beta,True,4,4,0.008856534957885742,0.035608530044555664,0.0012743473052978516,0.04573941230773926,16,4,0,0,0,9,999,16,6,51,0,592,9122
oliveira/04_11/randm06.02.02.12.020_0030.02.aba.beta,True,6,4,0.012133359909057617,0.03350830078125,0.0016117095947265625,0.04725337028503418,14,6,0,0,0,8,1183,13,3,50,0,723,11316
oliveira/04_11/randm06.02.02.12.020_0030.03.aba.beta,True,5,4,0.010569572448730469,0.0239713191986084,0.0015721321105957031,0.03611302375793457,11,5,0,0,0,5,743,10,1,39,0,643,10025
oliveira/04_11/randm06.02.02.12.020_0030.04.aba.beta,True,3,4,0.013274669647216797,0.04095005989074707,0.0012047290802001953,0.05542945861816406,17,3,0,0,0,9,1076,17,7,56,0,561,8699
oliveira/04_11/randm06.02.02.12.020_0030.05.aba.beta,True,4,4,0.01095438003540039,0.037973642349243164,0.0011796951293945312,0.050107717514038086,16,4,0,0,0,9,1204,15,6,59,0,574,8765
oliveira/04_11/randm06.02.02.13.020_0030.01.aba.beta,True,5,4,0.030918598175048828,0.09089136123657227,0.0014867782592773438,0.12329673767089844,25,5,0,0,0,16,4240,20,12,98,0,597,9197
oliveira/04_11/randm06.02.02.13.020_0030.02.aba.beta,True,4,4,0.018230676651000977,0.08426451683044434,0.0014336109161376953,0.10392880439758301,24,4,0,0,0,15,3628,23,12,101,0,636,9819
oliveira/04_11/randm06.02.02.13.020_0030.03.aba.beta,True,4,4,0.011704683303833008,0.047594547271728516,0.0013666152954101562,0.06066584587097168,16,4,0,0,0,8,975,16,5,56,0,588,9118
oliveira/04_11/randm06.02.02.13.020_0030.04.aba.beta,True,7,4,0.029506921768188477,0.06782674789428711,0.0012574195861816406,0.09859108924865723,21,7,0,0,0,13,3298,19,7,123,0,630,9420
oliveira/04_11/randm06.02.02.13.020_0030.05.aba.beta,True,5,4,0.027209043502807617,0.08929109573364258,0.0012736320495605469,0.11777377128601074,25,5,0,0,0,16,3963,22,12,119,0,594,9163
oliveira/04_11/randm06.02.02.14.020_0030.01.aba.beta,True,11,6,0.07039237022399902,0.19227123260498047,0.0013194084167480469,0.26398301124572754,35,11,0,0,0,27,14564,29,17,202,0,652,9545
oliveira/04_11/randm06.02.02.14.020_0030.02.aba.beta,True,11,6,0.028667926788330078,0.08930635452270508,0.001401662826538086,0.11937594413757324,26,11,0,0,0,14,4953,23,4,151,0,646,9209
oliveira/04_11/randm06.02.02.14.020_0030.03.aba.beta,True,10,6,0.07451963424682617,0.14595985412597656,0.001828908920288086,0.22230839729309082,29,10,0,0,0,20,14154,22,11,188,0,753,11320
oliveira/04_11/randm06.02.02.14.020_0030.04.aba.beta,True,10,6,0.06459736824035645,0.1421217918395996,0.002017974853515625,0.20873713493347168,30,10,0,0,0,18,11103,27,9,202,0,694,10292
oliveira/04_11/randm06.02.02.14.020_0030.05.aba.beta,True,8,6,0.057775259017944336,0.1610109806060791,0.001466989517211914,0.22025322914123535,32,8,0,0,0,21,14002,27,14,186,0,689,10247
oliveira/04_11/randm06.02.02.15.020_0030.01.aba.beta,True,9,5,0.0413661003112793,0.17927908897399902,0.0014233589172363281,0.22206854820251465,33,9,0,0,0,27,8641,31,19,179,0,660,9892
oliveira/04_11/randm06.02.02.15.020_0030.02.aba.beta,True,7,5,0.02280449867248535,0.051853179931640625,0.001554250717163086,0.07621192932128906,23,7,0,0,0,9,4014,20,3,147,0,745,11277
oliveira/04_11/randm06.02.02.15.020_0030.03.aba.beta,True,3,5,0.008182525634765625,0.014023303985595703,0.0012729167938232422,0.02347874641418457,12,3,0,0,0,3,696,12,1,43,0,581,9122
oliveira/04_11/randm06.02.02.15.020_0030.04.aba.beta,True,11,5,0.04488062858581543,0.14612412452697754,0.0018374919891357422,0.1928422451019287,29,11,0,0,0,20,8151,25,10,220,0,708,10062
oliveira/04_11/randm06.02.02.15.020_0030.05.aba.beta,True,10,5,0.05072903633117676,0.15395116806030273,0.0015990734100341797,0.20627927780151367,28,10,0,0,0,20,10154,22,11,205,0,735,10791
oliveira/04_11/randm06.02.02.16.020_0030.01.aba.beta,True,4,3,0.00536036491394043,0.012558698654174805,0.0019392967224121094,0.019858360290527344,10,4,0,0,0,4,199,10,1,23,0,899,14447
oliveira/04_11/randm06.02.02.16.020_0030.02.aba.beta,True,4,3,0.007392406463623047,0.015863418579101562,0.0018634796142578125,0.025119304656982422,13,4,0,0,0,4,368,13,1,48,0,776,12141
oliveira/04_11/randm06.02.02.16.020_0030.03.aba.beta,True,2,3,0.0029523372650146484,0.006054878234863281,0.0018324851989746094,0.010839700698852539,7,2,0,0,0,2,83,7,1,10,0,837,13591
oliveira/04_11/randm06.02.02.16.020_0030.04.aba.beta,True,2,3,0.0027074813842773438,0.005834341049194336,0.0018279552459716797,0.01036977767944336,7,2,0,0,0,2,83,7,1,10,0,838,13337
oliveira/04_11/randm06.02.02.16.020_0030.05.aba.beta,True,4,3,0.006230354309082031,0.016537189483642578,0.00168609619140625,0.02445363998413086,12,4,0,0,0,4,328,12,1,42,0,779,12143
oliveira/04_11/randm06.02.02.17.020_0030.01.aba.beta,True,6,4,0.02416372299194336,0.048296213150024414,0.0012819766998291016,0.07374191284179688,18,6,0,0,0,11,1373,18,6,86,0,594,9004
oliveira/04_11/randm06.02.02.17.020_0030.02.aba.beta,True,5,4,0.010750055313110352,0.03488802909851074,0.0012290477752685547,0.04686713218688965,14,5,0,0,0,6,514,14,2,51,0,575,8739
oliveira/04_11/randm06.02.02.17.020_0030.03.aba.beta,True,6,4,0.011997222900390625,0.03412604331970215,0.0012521743774414062,0.04737544059753418,17,6,0,0,0,7,1508,15,2,102,0,635,9619
oliveira/04_11/randm06.02.02.17.020_0030.04.aba.beta,True,6,4,0.008706808090209961,0.03360176086425781,0.0011935234069824219,0.043502092361450195,13,6,0,0,0,7,575,13,2,42,0,566,8685
oliveira/04_11/randm06.02.02.17.020_0030.05.aba.beta,True,7,4,0.010834455490112305,0.028968095779418945,0.0013241767883300781,0.04112672805786133,13,7,0,0,0,7,687,13,1,41,0,567,8663
oliveira/04_11/randm06.02.02.18.020_0030.01.aba.beta,True,7,6,0.023874759674072266,0.08377313613891602,0.001461029052734375,0.10910892486572266,24,7,0,0,0,14,4536,22,8,116,0,612,9115
oliveira/04_11/randm06.02.02.18.020_0030.02.aba.beta,True,9,6,0.047454833984375,0.1623368263244629,0.0013499259948730469,0.21114158630371094,32,9,0,0,0,25,9704,24,17,140,0,596,8862
oliveira/04_11/randm06.02.02.18.020_0030.03.aba.beta,True,16,6,0.08145689964294434,0.20135045051574707,0.0020751953125,0.2848825454711914,32,16,0,0,0,23,18201,27,8,258,0,966,14037
oliveira/04_11/randm06.02.02.18.020_0030.04.aba.beta,True,15,6,0.06417059898376465,0.1508793830871582,0.0026395320892333984,0.21768951416015625,27,15,0,0,0,18,10608,26,4,217,0,928,13675
oliveira/04_11/randm06.02.02.18.020_0030.05.aba.beta,True,19,6,0.07441067695617676,0.19379186630249023,0.0019960403442382812,0.2701985836029053,33,19,0,0,0,25,13919,31,7,339,0,950,13629
oliveira/04_11/randm06.02.02.19.020_0030.01.aba.beta,True,1,1,0.00154876708984375,0.0033082962036132812,0.0011892318725585938,0.006046295166015625,3,1,0,0,0,1,9,3,1,2,0,533,8572
oliveira/04_11/randm06.02.02.19.020_0030.02.aba.beta,True,1,1,0.0008094310760498047,0.002385377883911133,0.0011570453643798828,0.00435185432434082,3,1,0,0,0,1,9,3,1,2,0,537,8597
oliveira/04_11/randm06.02.02.19.020_0030.03.aba.beta,True,1,1,0.0007770061492919922,0.001916646957397461,0.0011315345764160156,0.0038251876831054688,3,1,0,0,0,1,9,3,1,2,0,533,8578
oliveira/04_11/randm06.02.02.19.020_0030.04.aba.beta,True,1,1,0.0008056163787841797,0.001840353012084961,0.0011861324310302734,0.003832101821899414,3,1,0,0,0,1,9,3,1,2,0,523,8524
oliveira/04_11/randm06.02.02.19.020_0030.05.aba.beta,True,1,1,0.002875089645385742,0.0019631385803222656,0.0012197494506835938,0.0060579776763916016,3,1,0,0,0,1,9,3,1,2,0,525,8527
oliveira/04_11/randm07.02.02.01.020_0030.01.aba.beta,True,1,1,0.0007746219635009766,0.0018813610076904297,0.001149892807006836,0.003805875778198242,3,1,0,0,0,1,9,3,1,2,0,529,8553
oliveira/04_11/randm07.02.02.01.020_0030.02.aba.beta,True,1,1,0.0009758472442626953,0.002973794937133789,0.0015301704406738281,0.0054798126220703125,3,1,0,0,0,1,9,3,1,2,0,526,8542
oliveira/04_11/randm07.02.02.01.020_0030.03.aba.beta,True,1,1,0.000789642333984375,0.0019724369049072266,0.0011408329010009766,0.003902912139892578,3,1,0,0,0,1,9,3,1,2,0,531,8553
oliveira/04_11/randm07.02.02.01.020_0030.04.aba.beta,True,1,1,0.0026428699493408203,0.001954317092895508,0.0011382102966308594,0.0057353973388671875,3,1,0,0,0,1,9,3,1,2,0,530,8550
oliveira/04_11/randm07.02.02.01.020_0030.05.aba.beta,True,1,1,0.0009341239929199219,0.003174304962158203,0.0012366771697998047,0.00534510612487793,3,1,0,0,0,1,9,3,1,2,0,540,8609
oliveira/04_11/randm07.02.02.02.020_0030.01.aba.beta,True,1,1,0.0008203983306884766,0.0020215511322021484,0.001153707504272461,0.003995656967163086,3,1,0,0,0,1,9,3,1,2,0,535,8587
oliveira/04_11/randm07.02.02.02.020_0030.02.aba.beta,True,1,1,0.0009250640869140625,0.002196788787841797,0.001131296157836914,0.0042531490325927734,3,1,0,0,0,1,9,3,1,2,0,538,8598
oliveira/04_11/randm07.02.02.02.020_0030.03.aba.beta,True,1,1,0.0007894039154052734,0.002910137176513672,0.0010900497436523438,0.004789590835571289,3,1,0,0,0,1,9,3,1,2,0,533,8583
oliveira/04_11/randm07.02.02.02.020_0030.04.aba.beta,True,1,1,0.0008449554443359375,0.003162860870361328,0.0012240409851074219,0.0052318572998046875,3,1,0,0,0,1,9,3,1,2,0,521,8515
oliveira/04_11/randm07.02.02.02.020_0030.05.aba.beta,True,1,1,0.0007843971252441406,0.0018510818481445312,0.0011990070343017578,0.0038344860076904297,3,1,0,0,0,1,9,3,1,2,0,531,8576
oliveira/04_11/randm07.02.02.03.020_0030.01.aba.beta,True,14,7,0.21881532669067383,0.6054267883300781,0.0014879703521728516,0.8257300853729248,51,14,0,0,0,70,66780,35,57,338,0,723,10283
oliveira/04_11/randm07.02.02.03.020_0030.02.aba.beta,True,14,7,0.09830737113952637,0.2925441265106201,0.0017964839935302734,0.39264798164367676,40,14,0,0,0,35,22479,33,22,295,0,731,10200
oliveira/04_11/randm07.02.02.03.020_0030.03.aba.beta,True,20,7,0.37301039695739746,1.0261049270629883,0.002079486846923828,1.4011948108673096,58,20,0,0,0,88,127189,40,69,434,0,945,13431
oliveira/04_11/randm07.02.02.03.020_0030.04.aba.beta,True,14,7,0.08853507041931152,0.26302385330200195,0.0018243789672851562,0.35338330268859863,35,14,0,0,0,32,20445,30,19,276,0,904,12927
oliveira/04_11/randm07.02.02.03.020_0030.05.aba.beta,True,14,7,0.131516695022583,0.37284183502197266,0.0018918514251708984,0.5062503814697266,42,14,0,0,0,44,37712,35,31,264,0,881,12795
oliveira/04_11/randm07.02.02.04.020_0030.01.aba.beta,True,10,4,0.02642083168029785,0.07662343978881836,0.004462480545043945,0.10750675201416016,20,10,0,0,0,11,2408,20,2,82,0,1525,23797
oliveira/04_11/randm07.02.02.04.020_0030.02.aba.beta,True,9,4,0.025920391082763672,0.052346229553222656,0.0036590099334716797,0.08192563056945801,15,9,0,0,0,10,2043,15,2,72,0,1784,27883
oliveira/04_11/randm07.02.02.04.020_0030.03.aba.beta,True,14,4,0.03176093101501465,0.07980728149414062,0.006003379821777344,0.11757159233093262,23,14,0,0,0,15,4141,22,2,114,0,2762,43364
oliveira/04_11/randm07.02.02.04.020_0030.04.aba.beta,True,12,4,0.03324580192565918,0.08983850479125977,0.0056269168853759766,0.12871122360229492,19,12,0,0,0,12,4289,19,1,108,0,2108,33588
oliveira/04_11/randm07.02.02.04.020_0030.05.aba.beta,True,7,4,0.012526273727416992,0.031162023544311523,0.0014264583587646484,0.045114755630493164,14,7,0,0,0,7,1409,14,1,79,0,656,9909
oliveira/04_11/randm07.02.02.05.020_0030.01.aba.beta,True,13,6,0.08427000045776367,0.2533445358276367,0.0016207695007324219,0.3392353057861328,32,13,0,0,0,32,19101,25,20,187,0,781,11246
oliveira/04_11/randm07.02.02.05.020_0030.02.aba.beta,True,12,6,0.05549263954162598,0.16329288482666016,0.0019268989562988281,0.22071242332458496,32,12,0,0,0,22,13534,28,11,204,0,842,12247
oliveira/04_11/randm07.02.02.05.020_0030.03.aba.beta,True,10,6,0.06837153434753418,0.22319626808166504,0.0017974376678466797,0.2933652400970459,39,10,0,0,0,26,19001,32,17,251,0,829,12458
oliveira/04_11/randm07.02.02.05.020_0030.04.aba.beta,True,10,6,0.044863224029541016,0.14643597602844238,0.002115011215209961,0.19341421127319336,34,10,0,0,0,21,7932,30,12,203,0,730,10676
oliveira/04_11/randm07.02.02.05.020_0030.05.aba.beta,True,9,6,0.03385353088378906,0.10226273536682129,0.0014772415161132812,0.13759350776672363,25,9,0,0,0,17,7196,21,9,157,0,702,10317
oliveira/04_11/randm07.02.02.06.020_0030.01.aba.beta,True,4,4,0.010144710540771484,0.02864217758178711,0.0013060569763183594,0.04009294509887695,18,4,0,0,0,7,716,16,4,58,0,553,8643
oliveira/04_11/randm07.02.02.06.020_0030.02.aba.beta,True,5,4,0.014310359954833984,0.039685964584350586,0.0015714168548583984,0.05556774139404297,19,5,0,0,0,7,1100,17,3,77,0,738,11410
oliveira/04_11/randm07.02.02.06.020_0030.03.aba.beta,True,4,4,0.0069615840911865234,0.027588367462158203,0.0011823177337646484,0.035732269287109375,17,4,0,0,0,7,658,15,4,50,0,557,8655
oliveira/04_11/randm07.02.02.06.020_0030.04.aba.beta,True,5,4,0.010111570358276367,0.02501964569091797,0.0024175643920898438,0.03754878044128418,13,5,0,0,0,6,757,13,2,55,0,891,13951
oliveira/04_11/randm07.02.02.06.020_0030.05.aba.beta,True,6,4,0.010578632354736328,0.032709360122680664,0.0023610591888427734,0.045649051666259766,14,6,0,0,0,8,1092,14,3,46,0,968,15122
oliveira/04_11/randm07.02.02.07.020_0030.01.aba.beta,True,12,6,0.0459284782409668,0.13184475898742676,0.0015079975128173828,0.17928123474121094,33,12,0,0,0,18,8669,31,7,222,0,753,10941
oliveira/04_11/randm07.02.02.07.020_0030.02.aba.beta,True,15,6,0.13457465171813965,0.36064839363098145,0.0027163028717041016,0.4979393482208252,43,15,0,0,0,35,39709,32,21,274,0,1124,16238
oliveira/04_11/randm07.02.02.07.020_0030.03.aba.beta,True,12,6,0.057791709899902344,0.14224600791931152,0.0014731884002685547,0.20151090621948242,31,12,0,0,0,19,11161,25,8,185,0,710,10258
oliveira/04_11/randm07.02.02.07.020_0030.04.aba.beta,True,11,6,0.03525424003601074,0.10239171981811523,0.002225160598754883,0.13987112045288086,26,11,0,0,0,16,6868,24,6,151,0,933,13984
oliveira/04_11/randm07.02.02.07.020_0030.05.aba.beta,True,12,6,0.058803558349609375,0.19328880310058594,0.0016541481018066406,0.25374650955200195,33,12,0,0,0,22,12741,30,11,215,0,787,11238
oliveira/04_11/randm07.02.02.08.020_0030.01.aba.beta,True,1,1,0.0010504722595214844,0.0018448829650878906,0.0011069774627685547,0.00400233268737793,3,1,0,0,0,1,9,3,1,2,0,542,8613
oliveira/04_11/randm07.02.02.08.020_0030.02.aba.beta,True,1,1,0.002055644989013672,0.004317283630371094,0.0011584758758544922,0.007531404495239258,3,1,0,0,0,1,9,3,1,2,0,539,8607
oliveira/04_11/randm07.02.02.08.020_0030.03.aba.beta,True,1,1,0.0008323192596435547,0.0019555091857910156,0.0010881423950195312,0.0038759708404541016,3,1,0,0,0,1,9,3,1,2,0,534,8577
oliveira/04_11/randm07.02.02.08.020_0030.04.aba.beta,True,1,1,0.0008578300476074219,0.0032422542572021484,0.0013134479522705078,0.005413532257080078,3,1,0,0,0,1,9,3,1,2,0,536,8592
oliveira/04_11/randm07.02.02.08.020_0030.05.aba.beta,True,1,1,0.0009996891021728516,0.0023190975189208984,0.0010914802551269531,0.004410266876220703,3,1,0,0,0,1,9,3,1,2,0,536,8587
oliveira/04_11/randm07.02.02.09.020_0030.01.aba.beta,True,4,3,0.008243560791015625,0.023239612579345703,0.0012421607971191406,0.03272533416748047,12,4,0,0,0,6,645,12,3,60,0,581,8957
oliveira/04_11/randm07.02.02.09.020_0030.02.aba.beta,True,3,3,0.006000518798828125,0.012185335159301758,0.0011277198791503906,0.019313573837280273,10,3,0,0,0,3,204,10,1,22,0,542,8572
oliveira/04_11/randm07.02.02.09.020_0030.03.aba.beta,True,3,3,0.0037467479705810547,0.010679483413696289,0.0012068748474121094,0.015633106231689453,11,3,0,0,0,3,239,10,1,28,0,553,8644
oliveira/04_11/randm07.02.02.09.020_0030.04.aba.beta,True,3,3,0.005021810531616211,0.021158218383789062,0.0011806488037109375,0.02736067771911621,11,3,0,0,0,5,491,11,3,43,0,561,8758
oliveira/04_11/randm07.02.02.09.020_0030.05.aba.beta,True,3,3,0.006922483444213867,0.019802331924438477,0.0012745857238769531,0.027999401092529297,11,3,0,0,0,5,391,11,3,35,0,552,8661
oliveira/04_11/randm07.02.02.10.020_0030.01.aba.beta,True,1,1,0.0009961128234863281,0.0023887157440185547,0.0012347698211669922,0.004619598388671875,3,1,0,0,0,1,9,3,1,2,0,537,8599
oliveira/04_11/randm07.02.02.10.020_0030.02.aba.beta,True,1,1,0.001338958740234375,0.0018301010131835938,0.0011756420135498047,0.0043447017669677734,3,1,0,0,0,1,9,3,1,2,0,540,8608
oliveira/04_11/randm07.02.02.10.020_0030.03.aba.beta,True,1,1,0.0029969215393066406,0.0019376277923583984,0.0012774467468261719,0.006211996078491211,3,1,0,0,0,1,9,3,1,2,0,527,8497
oliveira/04_11/randm07.02.02.10.020_0030.04.aba.beta,True,1,1,0.001226663589477539,0.0031418800354003906,0.001283884048461914,0.005652427673339844,3,1,0,0,0,1,9,3,1,2,0,537,8603
oliveira/04_11/randm07.02.02.10.020_0030.05.aba.beta,True,1,1,0.0008194446563720703,0.001859903335571289,0.0011246204376220703,0.0038039684295654297,3,1,0,0,0,1,9,3,1,2,0,528,8551
oliveira/04_11/randm07.02.02.11.020_0030.01.aba.beta,True,11,5,0.030531883239746094,0.06777024269104004,0.0017321109771728516,0.10003423690795898,17,11,0,0,0,12,4192,16,2,95,0,755,11316
oliveira/04_11/randm07.02.02.11.020_0030.02.aba.beta,True,12,5,0.04016542434692383,0.13334083557128906,0.0023717880249023438,0.17587804794311523,28,12,0,0,0,20,7892,27,9,162,0,1150,17502
oliveira/04_11/randm07.02.02.11.020_0030.03.aba.beta,True,10,5,0.04951357841491699,0.19710159301757812,0.002420186996459961,0.24903535842895508,26,10,0,0,0,21,12900,25,12,255,0,1064,16703
oliveira/04_11/randm07.02.02.11.020_0030.04.aba.beta,True,7,5,0.0211639404296875,0.0738229751586914,0.0016605854034423828,0.09664750099182129,23,7,0,0,0,14,2916,21,8,94,0,694,10549
oliveira/04_11/randm07.02.02.11.020_0030.05.aba.beta,True,6,5,0.017661333084106445,0.09347915649414062,0.001489877700805664,0.11263036727905273,22,6,0,0,0,14,3288,21,9,118,0,670,10125
oliveira/04_11/randm07.02.02.12.020_0030.01.aba.beta,True,3,3,0.005817413330078125,0.015165567398071289,0.0010442733764648438,0.022027254104614258,9,3,0,0,0,4,179,9,2,23,0,548,8618
oliveira/04_11/randm07.02.02.12.020_0030.02.aba.beta,True,4,3,0.006504535675048828,0.016037940979003906,0.0013327598571777344,0.02387523651123047,9,4,0,0,0,4,210,9,1,21,0,551,8631
oliveira/04_11/randm07.02.02.12.020_0030.03.aba.beta,True,4,3,0.010452985763549805,0.018898963928222656,0.0013082027435302734,0.030660152435302734,9,4,0,0,0,4,231,9,1,24,0,550,8641
oliveira/04_11/randm07.02.02.12.020_0030.04.aba.beta,True,3,3,0.004385948181152344,0.014627933502197266,0.0012056827545166016,0.02021956443786621,9,3,0,0,0,4,244,9,2,32,0,549,8674
oliveira/04_11/randm07.02.02.12.020_0030.05.aba.beta,True,4,3,0.008509397506713867,0.020432710647583008,0.0018870830535888672,0.030829191207885742,11,4,0,0,0,5,395,11,2,35,0,880,13851
oliveira/04_11/randm07.02.02.13.020_0030.01.aba.beta,True,15,7,0.11607027053833008,0.3204357624053955,0.0018320083618164062,0.438338041305542,44,15,0,0,0,36,31057,35,22,314,0,974,14013
oliveira/04_11/randm07.02.02.13.020_0030.02.aba.beta,True,12,7,0.10387587547302246,0.35442590713500977,0.0020470619201660156,0.46034884452819824,43,12,0,0,0,38,31209,38,27,341,0,837,12563
oliveira/04_11/randm07.02.02.13.020_0030.03.aba.beta,True,13,7,0.10810661315917969,0.30268120765686035,0.0026428699493408203,0.41343069076538086,55,13,0,0,0,30,32006,38,18,396,0,1238,18393
oliveira/04_11/randm07.02.02.13.020_0030.04.aba.beta,True,18,7,0.18433666229248047,0.4876565933227539,0.0025796890258789062,0.6745729446411133,49,18,0,0,0,53,46192,42,36,373,0,1161,16717
oliveira/04_11/randm07.02.02.13.020_0030.05.aba.beta,True,13,7,0.0890665054321289,0.2611696720123291,0.002118825912475586,0.3523550033569336,38,13,0,0,0,32,17162,36,20,250,0,832,11845
oliveira/04_11/randm07.02.02.14.020_0030.01.aba.beta,True,5,3,0.007475376129150391,0.02469801902770996,0.0012738704681396484,0.033447265625,11,5,0,0,0,6,735,11,2,71,0,607,9167
oliveira/04_11/randm07.02.02.14.020_0030.02.aba.beta,True,4,3,0.008703231811523438,0.019205093383789062,0.0013475418090820312,0.02925586700439453,10,4,0,0,0,5,374,10,2,34,0,565,8702
oliveira/04_11/randm07.02.02.14.020_0030.03.aba.beta,True,3,3,0.005079984664916992,0.016328096389770508,0.0014863014221191406,0.02289438247680664,9,3,0,0,0,4,467,9,2,51,0,614,9804
oliveira/04_11/randm07.02.02.14.020_0030.04.aba.beta,True,5,3,0.00793766975402832,0.022225379943847656,0.0012822151184082031,0.03144526481628418,14,5,0,0,0,5,801,11,1,75,0,604,9346
oliveira/04_11/randm07.02.02.14.020_0030.05.aba.beta,True,3,3,0.004439115524291992,0.009464502334594727,0.001112222671508789,0.015015840530395508,9,3,0,0,0,3,155,9,1,22,0,551,8634
oliveira/04_11/randm07.02.02.15.020_0030.01.aba.beta,True,13,7,0.06357693672180176,0.14416861534118652,0.0016417503356933594,0.20938730239868164,31,13,0,0,0,18,13489,25,6,194,0,776,11096
oliveira/04_11/randm07.02.02.15.020_0030.02.aba.beta,True,14,7,0.14519453048706055,0.44664955139160156,0.0019497871398925781,0.5937938690185547,49,14,0,0,0,47,43959,42,34,354,0,879,12887
oliveira/04_11/randm07.02.02.15.020_0030.03.aba.beta,True,15,7,0.17432355880737305,0.45919036865234375,0.0029227733612060547,0.6364367008209229,47,15,0,0,0,46,52350,40,32,335,0,1309,19610
oliveira/04_11/randm07.02.02.15.020_0030.04.aba.beta,True,15,7,0.07855772972106934,0.1376330852508545,0.0020837783813476562,0.21827459335327148,31,15,0,0,0,18,16916,28,4,214,0,969,14051
oliveira/04_11/randm07.02.02.15.020_0030.05.aba.beta,True,21,7,0.7517211437225342,1.9310431480407715,0.0027494430541992188,2.685513734817505,80,21,0,0,0,102,261204,49,82,550,0,1272,18343
oliveira/04_11/randm07.02.02.16.020_0030.01.aba.beta,True,9,4,0.01785445213317871,0.05621790885925293,0.0035490989685058594,0.0776214599609375,16,9,0,0,0,11,2135,16,3,110,0,1663,25862
oliveira/04_11/randm07.02.02.16.020_0030.02.aba.beta,True,8,4,0.016649484634399414,0.041588544845581055,0.002666473388671875,0.060904502868652344,15,8,0,0,0,10,1246,15,3,61,0,1223,19071
oliveira/04_11/randm07.02.02.16.020_0030.03.aba.beta,True,6,4,0.010463953018188477,0.03247261047363281,0.002207040786743164,0.04514360427856445,15,6,0,0,0,8,895,14,3,42,0,995,15879
oliveira/04_11/randm07.02.02.16.020_0030.04.aba.beta,True,7,4,0.020298242568969727,0.058769941329956055,0.002077341079711914,0.0811455249786377,25,7,0,0,0,9,2961,18,3,165,0,994,15182
oliveira/04_11/randm07.02.02.16.020_0030.05.aba.beta,True,7,4,0.011326789855957031,0.0354924201965332,0.0028650760650634766,0.04968428611755371,14,7,0,0,0,9,956,14,3,50,0,1309,20702
oliveira/04_11/randm07.02.02.17.020_0030.01.aba.beta,True,15,6,0.17767071723937988,0.44919896125793457,0.0022208690643310547,0.6290905475616455,45,15,0,0,0,42,56432,35,28,354,0,1016,14806
oliveira/04_11/randm07.02.02.17.020_0030.02.aba.beta,True,11,6,0.051239967346191406,0.12273716926574707,0.0014791488647460938,0.17545628547668457,30,11,0,0,0,16,10960,30,6,224,0,733,10638
oliveira/04_11/randm07.02.02.17.020_0030.03.aba.beta,True,13,6,0.06760334968566895,0.19142889976501465,0.0019152164459228516,0.26094746589660645,39,13,0,0,0,21,16141,33,9,301,0,917,13237
oliveira/04_11/randm07.02.02.17.020_0030.04.aba.beta,True,11,6,0.15599703788757324,0.4419560432434082,0.001955747604370117,0.5999088287353516,45,11,0,0,0,40,43164,36,30,306,0,820,12161
oliveira/04_11/randm07.02.02.17.020_0030.05.aba.beta,True,14,6,0.1649632453918457,0.4347844123840332,0.002021312713623047,0.601768970489502,46,14,0,0,0,42,51548,35,29,323,0,965,13959
oliveira/04_11/randm07.02.02.18.020_0030.01.aba.beta,True,17,7,0.2373638153076172,0.6093850135803223,0.0029153823852539062,0.8496642112731934,55,17,0,0,0,45,85755,44,29,402,0,1390,20593
oliveira/04_11/randm07.02.02.18.020_0030.02.aba.beta,True,14,7,0.23010873794555664,0.6110818386077881,0.0022606849670410156,0.8434512615203857,49,14,0,0,0,45,81790,38,32,389,0,1048,15721
oliveira/04_11/randm07.02.02.18.020_0030.03.aba.beta,True,16,7,0.2080368995666504,0.43131399154663086,0.003110647201538086,0.6424615383148193,48,16,0,0,0,35,70661,34,20,388,0,1373,20385
oliveira/04_11/randm07.02.02.18.020_0030.04.aba.beta,True,25,7,0.5222303867340088,1.3768947124481201,0.002947092056274414,1.9020721912384033,69,25,0,0,0,64,189831,48,40,583,0,1429,20215
oliveira/04_11/randm07.02.02.18.020_0030.05.aba.beta,True,27,7,2.593380928039551,4.085458993911743,0.0039212703704833984,6.682761192321777,96,27,0,0,0,184,1028475,56,158,808,0,1854,26375
oliveira/04_11/randm07.02.02.19.020_0030.01.aba.beta,True,11,5,0.04369163513183594,0.09849834442138672,0.0014412403106689453,0.1436312198638916,25,11,0,0,0,17,5989,24,7,166,0,721,10515
oliveira/04_11/randm07.02.02.19.020_0030.02.aba.beta,True,10,5,0.04428720474243164,0.10146260261535645,0.0018508434295654297,0.14760065078735352,24,10,0,0,0,16,7327,19,7,163,0,765,11547
oliveira/04_11/randm07.02.02.19.020_0030.03.aba.beta,True,5,5,0.015936851501464844,0.057141780853271484,0.0013747215270996094,0.07445335388183594,21,5,0,0,0,12,2006,21,8,85,0,634,9672
oliveira/04_11/randm07.02.02.19.020_0030.04.aba.beta,True,13,5,0.0694737434387207,0.22108864784240723,0.0018358230590820312,0.29239821434020996,41,13,0,0,0,32,17795,32,20,267,0,849,12243
oliveira/04_11/randm07.02.02.19.020_0030.05.aba.beta,True,7,5,0.0213775634765625,0.08350992202758789,0.001669168472290039,0.10655665397644043,23,7,0,0,0,15,3833,21,9,110,0,764,11630
oliveira/04_11/randm08.02.02.01.020_0030.01.aba.beta,True,19,7,0.11328339576721191,0.2808537483215332,0.0022232532501220703,0.3963603973388672,44,19,0,0,0,31,32770,36,13,316,0,952,13136
oliveira/04_11/randm08.02.02.01.020_0030.02.aba.beta,True,14,7,0.10852599143981934,0.311875581741333,0.0022690296173095703,0.4226706027984619,45,14,0,0,0,34,32150,40,21,314,0,1075,15813
oliveira/04_11/randm08.02.02.01.020_0030.03.aba.beta,True,11,7,0.06284570693969727,0.16784334182739258,0.0014219284057617188,0.23211097717285156,35,11,0,0,0,24,13467,33,14,194,0,684,9861
oliveira/04_11/randm08.02.02.01.020_0030.04.aba.beta,True,21,7,0.2830383777618408,0.7018105983734131,0.0032172203063964844,0.9880661964416504,66,21,0,0,0,59,93261,55,39,500,0,1521,22313
oliveira/04_11/randm08.02.02.01.020_0030.05.aba.beta,True,17,7,0.14450621604919434,0.377277135848999,0.0020618438720703125,0.5238451957702637,46,17,0,0,0,41,38493,39,25,324,0,1006,14340
oliveira/04_11/randm08.02.02.02.020_0030.01.aba.beta,True,13,6,0.12841248512268066,0.42364501953125,0.0014967918395996094,0.5535542964935303,45,13,0,0,0,52,37647,35,40,245,0,729,10366
oliveira/04_11/randm08.02.02.02.020_0030.02.aba.beta,True,14,6,0.0761117935180664,0.2299656867980957,0.0015659332275390625,0.30764341354370117,38,14,0,0,0,32,19300,30,19,258,0,715,10297
oliveira/04_11/randm08.02.02.02.020_0030.03.aba.beta,True,13,6,0.0551609992980957,0.12075233459472656,0.0018572807312011719,0.17777061462402344,32,13,0,0,0,18,11647,25,6,200,0,863,12589
oliveira/04_11/randm08.02.02.02.020_0030.04.aba.beta,True,13,6,0.10059452056884766,0.3315732479095459,0.0014660358428955078,0.43363380432128906,40,13,0,0,0,45,27355,29,33,211,0,714,10324
oliveira/04_11/randm08.02.02.02.020_0030.05.aba.beta,True,15,6,0.07875585556030273,0.25337886810302734,0.0016465187072753906,0.33378124237060547,40,15,0,0,0,34,18617,34,20,271,0,785,11010
oliveira/04_11/randm08.02.02.03.020_0030.01.aba.beta,True,8,7,0.1222076416015625,0.3519411087036133,0.0013470649719238281,0.4754958152770996,47,8,0,0,0,43,33411,33,36,222,0,628,9380
oliveira/04_11/randm08.02.02.03.020_0030.02.aba.beta,True,16,7,0.1765003204345703,0.4898850917816162,0.0022020339965820312,0.6685874462127686,49,16,0,0,0,45,53334,43,30,359,0,965,13843
oliveira/04_11/randm08.02.02.03.020_0030.03.aba.beta,True,7,7,0.10643148422241211,0.3549380302429199,0.001474142074584961,0.462843656539917,46,7,0,0,0,46,31133,37,40,212,0,600,9014
oliveira/04_11/randm08.02.02.03.020_0030.04.aba.beta,True,14,7,0.7535660266876221,1.5745172500610352,0.0016436576843261719,2.3297269344329834,69,14,0,0,0,127,271477,43,114,473,0,760,10896
oliveira/04_11/randm08.02.02.03.020_0030.05.aba.beta,True,11,7,0.4048116207122803,1.0083048343658447,0.0014033317565917969,1.4145197868347168,59,11,0,0,0,96,136935,39,86,344,0,702,10127
oliveira/04_11/randm08.02.02.04.020_0030.01.aba.beta,True,6,6,0.05780363082885742,0.21968746185302734,0.0014195442199707031,0.27891063690185547,36,6,0,0,0,33,14483,31,28,162,0,650,9907
oliveira/04_11/randm08.02.02.04.020_0030.02.aba.beta,True,12,6,0.0778346061706543,0.21731114387512207,0.001466512680053711,0.2966122627258301,35,12,0,0,0,29,18934,27,18,195,0,682,9876
oliveira/04_11/randm08.02.02.04.020_0030.03.aba.beta,True,11,6,0.04050159454345703,0.14516830444335938,0.0015461444854736328,0.18721604347229004,30,11,0,0,0,24,8081,30,14,184,0,753,11104
oliveira/04_11/randm08.02.02.04.020_0030.04.aba.beta,True,9,6,0.04828953742980957,0.17080974578857422,0.0015158653259277344,0.22061514854431152,29,9,0,0,0,25,11490,27,17,167,0,734,10827
oliveira/04_11/randm08.02.02.04.020_0030.05.aba.beta,True,15,6,0.09737491607666016,0.26982712745666504,0.0019521713256835938,0.3691542148590088,37,15,0,0,0,33,23743,35,19,249,0,915,13194
oliveira/04_11/randm08.02.02.05.020_0030.01.aba.beta,True,4,5,0.011519432067871094,0.03894329071044922,0.0012433528900146484,0.05170607566833496,17,4,0,0,0,8,1852,17,5,58,0,564,8728
oliveira/04_11/randm08.02.02.05.020_0030.02.aba.beta,True,4,5,0.01611948013305664,0.05054140090942383,0.0012543201446533203,0.06791520118713379,21,4,0,0,0,8,2470,18,5,85,0,564,8719
oliveira/04_11/randm08.02.02.05.020_0030.03.aba.beta,True,5,5,0.03459501266479492,0.0780336856842041,0.0013890266418457031,0.11401772499084473,23,5,0,0,0,14,5110,22,10,114,0,655,10062
oliveira/04_11/randm08.02.02.05.020_0030.04.aba.beta,True,5,5,0.026665210723876953,0.07158279418945312,0.0013828277587890625,0.09963083267211914,21,5,0,0,0,13,3879,20,9,93,0,638,9787
oliveira/04_11/randm08.02.02.05.020_0030.05.aba.beta,True,7,5,0.034896135330200195,0.07740640640258789,0.0018105506896972656,0.11411309242248535,27,7,0,0,0,12,6609,21,6,157,0,753,11385
oliveira/04_11/randm08.02.02.06.020_0030.01.aba.beta,True,14,8,0.3079872131347656,0.895596981048584,0.0017070770263671875,1.2052912712097168,60,14,0,0,0,82,109857,46,69,406,0,785,11351
oliveira/04_11/randm08.02.02.06.020_0030.02.aba.beta,True,17,8,0.4238901138305664,1.1085433959960938,0.002313852310180664,1.5347473621368408,65,17,0,0,0,81,148667,48,65,447,0,1113,15989
oliveira/04_11/randm08.02.02.06.020_0030.03.aba.beta,True,22,8,0.2626478672027588,0.582719087600708,0.0024924278259277344,0.8478593826293945,56,22,0,0,0,45,89025,46,24,484,0,1209,17265
oliveira/04_11/randm08.02.02.06.020_0030.04.aba.beta,True,21,8,0.4801063537597656,1.1517508029937744,0.0019440650939941406,1.6338012218475342,73,21,0,0,0,96,169359,52,76,536,0,959,13055
oliveira/04_11/randm08.02.02.06.020_0030.05.aba.beta,True,19,8,0.9860033988952637,1.9715917110443115,0.002031087875366211,2.9596261978149414,79,19,0,0,0,141,358552,44,123,532,0,877,12235
oliveira/04_11/randm08.02.02.07.020_0030.01.aba.beta,True,1,1,0.0008304119110107422,0.0021038055419921875,0.0011794567108154297,0.004113674163818359,3,1,0,0,0,1,9,3,1,2,0,536,8587
oliveira/04_11/randm08.02.02.07.020_0030.02.aba.beta,True,1,1,0.0007917881011962891,0.0018894672393798828,0.001155853271484375,0.003837108612060547,3,1,0,0,0,1,9,3,1,2,0,524,8514
oliveira/04_11/randm08.02.02.07.020_0030.03.aba.beta,True,1,1,0.0008172988891601562,0.002064943313598633,0.0011272430419921875,0.0040094852447509766,3,1,0,0,0,1,9,3,1,2,0,519,8504
oliveira/04_11/randm08.02.02.07.020_0030.04.aba.beta,True,1,1,0.0007922649383544922,0.0018992424011230469,0.0010724067687988281,0.003763914108276367,3,1,0,0,0,1,9,3,1,2,0,539,8604
oliveira/04_11/randm08.02.02.07.020_0030.05.aba.beta,True,1,1,0.0010275840759277344,0.0019593238830566406,0.0013000965118408203,0.004287004470825195,3,1,0,0,0,1,9,3,1,2,0,530,8566
oliveira/04_11/randm08.02.02.08.020_0030.01.aba.beta,True,9,6,0.3490731716156006,1.0330662727355957,0.0018973350524902344,1.3840367794036865,59,9,0,0,0,74,113424,44,66,347,0,858,12758
oliveira/04_11/randm08.02.02.08.020_0030.02.aba.beta,True,16,6,0.5833296775817871,1.4089138507843018,0.002477884292602539,1.9947214126586914,72,16,0,0,0,95,212565,51,80,505,0,1144,16938
oliveira/04_11/randm08.02.02.08.020_0030.03.aba.beta,True,12,6,0.12399911880493164,0.36049675941467285,0.0022225379943847656,0.48671841621398926,43,12,0,0,0,41,34301,36,30,289,0,968,14548
oliveira/04_11/randm08.02.02.08.020_0030.04.aba.beta,True,13,6,0.9111320972442627,2.463803291320801,0.0017504692077636719,3.376685857772827,96,13,0,0,0,147,321272,52,135,614,0,836,11924
oliveira/04_11/randm08.02.02.08.020_0030.05.aba.beta,True,9,6,0.43837738037109375,1.1266343593597412,0.002105712890625,1.56711745262146,63,9,0,0,0,103,154310,38,95,331,0,897,13476
oliveira/04_11/randm08.02.02.09.020_0030.01.aba.beta,True,18,7,0.22066235542297363,0.5201621055603027,0.003735065460205078,0.7445595264434814,57,18,0,0,0,46,75007,44,29,356,0,1686,25483
oliveira/04_11/randm08.02.02.09.020_0030.02.aba.beta,True,22,7,0.32468628883361816,0.7418320178985596,0.004852771759033203,1.071371078491211,60,22,0,0,0,61,111729,49,40,460,0,2013,30453
oliveira/04_11/randm08.02.02.09.020_0030.03.aba.beta,True,16,7,0.25548768043518066,0.6752264499664307,0.002792835235595703,0.933506965637207,59,16,0,0,0,56,90043,41,41,352,0,1293,19272
oliveira/04_11/randm08.02.02.09.020_0030.04.aba.beta,True,20,7,0.2279362678527832,0.5559616088867188,0.00296783447265625,0.7868657112121582,49,20,0,0,0,50,73804,43,31,358,0,1401,20277
oliveira/04_11/randm08.02.02.09.020_0030.05.aba.beta,True,12,7,0.11118507385253906,0.2873826026916504,0.002779245376586914,0.40134692192077637,44,12,0,0,0,36,30601,34,25,210,0,1234,18844
oliveira/04_11/randm08.02.02.10.020_0030.01.aba.beta,True,27,7,0.2746315002441406,0.5351850986480713,0.0034694671630859375,0.8132860660552979,47,27,0,0,0,45,91882,39,19,475,0,1671,23761
oliveira/04_11/randm08.02.02.10.020_0030.02.aba.beta,True,20,7,0.2780015468597412,0.5885052680969238,0.003923654556274414,0.8704304695129395,50,20,0,0,0,50,95951,41,31,459,0,1750,26196
oliveira/04_11/randm08.02.02.10.020_0030.03.aba.beta,True,15,7,0.1477806568145752,0.38817501068115234,0.0022335052490234375,0.538189172744751,47,15,0,0,0,40,42441,40,26,334,0,1041,14980
oliveira/04_11/randm08.02.02.10.020_0030.04.aba.beta,True,19,7,0.24514031410217285,0.6295697689056396,0.0043392181396484375,0.8790493011474609,55,19,0,0,0,49,86357,47,31,393,0,1977,29661
oliveira/04_11/randm08.02.02.10.020_0030.05.aba.beta,True,16,7,0.22416114807128906,0.5101611614227295,0.00499415397644043,0.739316463470459,46,16,0,0,0,44,65801,38,29,358,0,2208,34766
oliveira/04_11/randm08.02.02.11.020_0030.01.aba.beta,True,25,8,1.7797112464904785,2.967503786087036,0.003068685531616211,4.750283718109131,99,25,0,0,0,192,664380,50,168,750,0,1374,19162
oliveira/04_11/randm08.02.02.11.020_0030.02.aba.beta,True,26,8,0.3223731517791748,0.7615261077880859,0.006796598434448242,1.090695858001709,61,26,0,0,0,54,111503,47,29,411,0,3043,46883
oliveira/04_11/randm08.02.02.11.020_0030.03.aba.beta,True,22,8,0.4029247760772705,0.8307416439056396,0.003610849380493164,1.2372772693634033,66,22,0,0,0,67,143295,48,46,500,0,1592,23833
oliveira/04_11/randm08.02.02.11.020_0030.04.aba.beta,True,15,8,0.3215022087097168,0.7811834812164307,0.002966642379760742,1.1056523323059082,56,15,0,0,0,69,109110,44,55,375,0,1307,19072
oliveira/04_11/randm08.02.02.11.020_0030.05.aba.beta,True,21,8,0.3216822147369385,0.6958057880401611,0.003365039825439453,1.020853042602539,64,21,0,0,0,61,102793,47,41,465,0,1595,23109
oliveira/04_11/randm08.02.02.12.020_0030.01.aba.beta,True,8,5,0.0220186710357666,0.05837678909301758,0.001901865005493164,0.08229732513427734,18,8,0,0,0,10,3260,18,3,127,0,848,12980
oliveira/04_11/randm08.02.02.12.020_0030.02.aba.beta,True,8,5,0.04008007049560547,0.10894465446472168,0.0022249221801757812,0.15124964714050293,26,8,0,0,0,16,6468,25,9,177,0,999,15544
oliveira/04_11/randm08.02.02.12.020_0030.03.aba.beta,True,6,5,0.03315091133117676,0.1281876564025879,0.002223491668701172,0.16356205940246582,22,6,0,0,0,14,7882,22,9,145,0,1025,15801
oliveira/04_11/randm08.02.02.12.020_0030.04.aba.beta,True,7,5,0.018067598342895508,0.04126548767089844,0.001468658447265625,0.06080174446105957,16,7,0,0,0,8,2219,15,2,93,0,642,9585
oliveira/04_11/randm08.02.02.12.020_0030.05.aba.beta,True,4,5,0.025444507598876953,0.10651445388793945,0.001302480697631836,0.13326144218444824,24,4,0,0,0,17,5766,20,14,109,0,589,9117
oliveira/04_11/randm08.02.02.13.020_0030.01.aba.beta,True,28,8,1.1309683322906494,3.1877598762512207,0.004741191864013672,4.323469400405884,75,28,0,0,0,124,419380,55,97,678,0,2032,29750
oliveira/04_11/randm08.02.02.13.020_0030.02.aba.beta,True,36,8,0.7487690448760986,1.8328578472137451,0.006609916687011719,2.5882368087768555,82,36,0,0,0,76,277724,64,41,749,0,3047,45012
oliveira/04_11/randm08.02.02.13.020_0030.03.aba.beta,True,27,8,1.4479217529296875,3.2061290740966797,0.0048410892486572266,4.658891916275024,80,27,0,0,0,153,555267,57,127,641,0,2194,32284
oliveira/04_11/randm08.02.02.13.020_0030.04.aba.beta,True,27,8,1.182985544204712,3.0482211112976074,0.0038459300994873047,4.235052585601807,77,27,0,0,0,138,441651,63,112,668,0,1767,25577
oliveira/04_11/randm08.02.02.13.020_0030.05.aba.beta,True,27,8,0.7832651138305664,1.2135930061340332,0.004338741302490234,2.00119686126709,73,27,0,0,0,59,289920,51,33,640,0,1979,29302
oliveira/04_11/randm08.02.02.14.020_0030.01.aba.beta,True,22,6,0.2285904884338379,0.5228416919708252,0.004609107971191406,0.7560412883758545,48,22,0,0,0,41,75764,45,20,438,0,2153,32375
oliveira/04_11/randm08.02.02.14.020_0030.02.aba.beta,True,18,6,0.19123244285583496,0.40552353858947754,0.003241300582885742,0.5999972820281982,45,18,0,0,0,31,54054,41,14,385,0,1368,20244
oliveira/04_11/randm08.02.02.14.020_0030.03.aba.beta,True,22,6,0.19541192054748535,0.4416072368621826,0.004190206527709961,0.6412093639373779,52,22,0,0,0,34,65867,44,13,459,0,1922,28837
oliveira/04_11/randm08.02.02.14.020_0030.04.aba.beta,True,22,6,0.20983457565307617,0.5092709064483643,0.00492405891418457,0.724029541015625,48,22,0,0,0,43,66908,42,22,434,0,2151,33493
oliveira/04_11/randm08.02.02.14.020_0030.05.aba.beta,True,19,6,0.2170870304107666,0.5092236995697021,0.0031969547271728516,0.7295076847076416,47,19,0,0,0,43,72896,42,25,391,0,1427,20812
oliveira/04_11/randm08.02.02.15.020_0030.01.aba.beta,True,14,5,0.06651926040649414,0.16808152198791504,0.0021631717681884766,0.23676395416259766,33,14,0,0,0,20,17895,31,7,245,0,1028,15206
oliveira/04_11/randm08.02.02.15.020_0030.02.aba.beta,True,16,5,0.08294010162353516,0.16379165649414062,0.003055095672607422,0.2497868537902832,30,16,0,0,0,18,21829,27,3,283,0,1455,22134
oliveira/04_11/randm08.02.02.15.020_0030.03.aba.beta,True,13,5,0.050099849700927734,0.11992597579956055,0.0023391246795654297,0.1723649501800537,27,13,0,0,0,16,12443,25,4,223,0,1100,16330
oliveira/04_11/randm08.02.02.15.020_0030.04.aba.beta,True,18,5,0.0816347599029541,0.17468953132629395,0.0030057430267333984,0.25933003425598145,32,18,0,0,0,22,22907,30,5,331,0,1374,20702
oliveira/04_11/randm08.02.02.15.020_0030.05.aba.beta,True,18,5,0.08202886581420898,0.18336796760559082,0.002934694290161133,0.26833152770996094,31,18,0,0,0,22,21308,31,5,294,0,1337,19847
oliveira/04_11/randm08.02.02.16.020_0030.01.aba.beta,True,11,5,0.03415679931640625,0.10223078727722168,0.0020592212677001953,0.13844680786132812,27,11,0,0,0,15,5835,24,5,170,0,827,12204
oliveira/04_11/randm08.02.02.16.020_0030.02.aba.beta,True,12,5,0.055307626724243164,0.1472151279449463,0.0019664764404296875,0.20448923110961914,28,12,0,0,0,22,11016,23,11,166,0,782,11614
oliveira/04_11/randm08.02.02.16.020_0030.03.aba.beta,True,10,5,0.05506491661071777,0.18665122985839844,0.002070188522338867,0.24378633499145508,32,10,0,0,0,25,14228,31,16,236,0,918,13887
oliveira/04_11/randm08.02.02.16.020_0030.04.aba.beta,True,7,5,0.04765892028808594,0.15840888023376465,0.0015480518341064453,0.20761585235595703,33,7,0,0,0,23,11398,29,17,175,0,755,11474
oliveira/04_11/randm08.02.02.16.020_0030.05.aba.beta,True,10,5,0.053435325622558594,0.18145322799682617,0.002218008041381836,0.2371065616607666,32,10,0,0,0,25,13481,30,16,198,0,901,13607
oliveira/04_11/randm08.02.02.17.020_0030.01.aba.beta,True,11,6,0.0636751651763916,0.21403861045837402,0.001638650894165039,0.27935242652893066,39,11,0,0,0,30,17194,32,20,207,0,736,10764
oliveira/04_11/randm08.02.02.17.020_0030.02.aba.beta,True,15,6,0.0757443904876709,0.2067127227783203,0.001992464065551758,0.28444957733154297,32,15,0,0,0,25,20498,27,11,287,0,908,13269
oliveira/04_11/randm08.02.02.17.020_0030.03.aba.beta,True,16,6,0.08054041862487793,0.1972968578338623,0.002195119857788086,0.2800323963165283,33,16,0,0,0,26,20329,29,11,227,0,1031,15122
oliveira/04_11/randm08.02.02.17.020_0030.04.aba.beta,True,11,6,0.03559684753417969,0.10683393478393555,0.001377105712890625,0.14380788803100586,26,11,0,0,0,19,6515,24,9,152,0,675,9852
oliveira/04_11/randm08.02.02.17.020_0030.05.aba.beta,True,10,6,0.03690695762634277,0.1032719612121582,0.0013709068298339844,0.14154982566833496,24,10,0,0,0,17,6416,22,8,145,0,630,9466
oliveira/04_11/randm08.02.02.18.020_0030.01.aba.beta,True,14,6,0.39037585258483887,1.0176663398742676,0.002199888229370117,1.4102420806884766,69,14,0,0,0,77,140403,43,64,436,0,922,13595
oliveira/04_11/randm08.02.02.18.020_0030.02.aba.beta,True,17,6,0.4964475631713867,1.2245125770568848,0.0034112930297851562,1.7243714332580566,70,17,0,0,0,80,182550,48,64,473,0,1525,23222
oliveira/04_11/randm08.02.02.18.020_0030.03.aba.beta,True,10,6,0.048709869384765625,0.11839628219604492,0.0021753311157226562,0.1692814826965332,28,10,0,0,0,14,12133,27,5,158,0,1022,15452
oliveira/04_11/randm08.02.02.18.020_0030.04.aba.beta,True,13,6,0.18175482749938965,0.4595906734466553,0.003444671630859375,0.6447901725769043,42,13,0,0,0,40,57599,36,28,293,0,1527,23322
oliveira/04_11/randm08.02.02.18.020_0030.05.aba.beta,True,16,6,0.40375804901123047,1.070425271987915,0.003319978713989258,1.4775032997131348,67,16,0,0,0,78,147692,50,63,454,0,1493,22606
oliveira/04_11/randm08.02.02.19.020_0030.01.aba.beta,True,15,8,0.15179944038391113,0.4289722442626953,0.0018634796142578125,0.5826351642608643,45,15,0,0,0,48,40009,40,34,309,0,870,12397
oliveira/04_11/randm08.02.02.19.020_0030.02.aba.beta,True,18,8,0.34018540382385254,0.8363678455352783,0.002873659133911133,1.179426908493042,52,18,0,0,0,78,117108,41,61,428,0,1294,19562
oliveira/04_11/randm08.02.02.19.020_0030.03.aba.beta,True,17,8,0.10402917861938477,0.31627559661865234,0.001779794692993164,0.4220845699310303,45,17,0,0,0,39,27865,41,23,301,0,889,12378
oliveira/04_11/randm08.02.02.19.020_0030.04.aba.beta,True,15,8,0.5074455738067627,1.3074281215667725,0.001722574234008789,1.816596269607544,72,15,0,0,0,107,180294,51,93,452,0,743,10492
oliveira/04_11/randm08.02.02.19.020_0030.05.aba.beta,True,19,8,0.2969188690185547,0.9235868453979492,0.0026264190673828125,1.2231321334838867,61,19,0,0,0,70,100047,50,52,436,0,1191,16994
oliveira/04_11/randm09.02.02.01.020_0030.01.aba.beta,True,29,9,1.5175063610076904,2.520465850830078,0.005670309066772461,4.043642520904541,82,29,0,0,0,136,589246,55,108,653,0,2557,39225
oliveira/04_11/randm09.02.02.01.020_0030.02.aba.beta,True,16,7,0.21686863899230957,0.5256397724151611,0.0022521018981933594,0.7447605133056641,50,16,0,0,0,51,72395,39,36,349,0,1034,15154
oliveira/04_11/randm09.02.02.01.020_0030.03.aba.beta,True,30,9,2.023524522781372,7.0973169803619385,0.005266666412353516,9.126108169555664,84,30,0,0,0,152,725086,49,123,662,0,2288,33718
oliveira/04_11/randm09.02.02.01.020_0030.04.aba.beta,True,28,9,9.94930386543274,12.373040676116943,0.007030487060546875,22.32937502861023,152,28,0,0,0,416,3310505,72,389,1140,0,3078,46236
oliveira/04_11/randm09.02.02.01.020_0030.05.aba.beta,True,36,9,4.807683706283569,7.446518898010254,0.01412343978881836,12.268326044082642,118,36,0,0,0,310,1708409,69,275,897,0,5556,86284
oliveira/04_11/randm09.02.02.02.020_0030.01.aba.beta,True,34,8,0.7428412437438965,1.3835036754608154,0.005662441253662109,2.132007360458374,81,34,0,0,0,103,268994,60,70,562,0,2653,38629
oliveira/04_11/randm09.02.02.02.020_0030.02.aba.beta,True,41,7,0.27094030380249023,0.5466742515563965,0.007136106491088867,0.8247506618499756,64,41,0,0,0,50,81463,60,10,569,0,2870,42294
oliveira/04_11/randm09.02.02.02.020_0030.03.aba.beta,True,27,8,0.24455523490905762,0.5549614429473877,0.0045735836029052734,0.8040902614593506,58,27,0,0,0,54,74369,52,28,469,0,2137,31360
oliveira/04_11/randm09.02.02.02.020_0030.04.aba.beta,True,33,8,2.188563346862793,3.6518394947052,0.007567644119262695,5.847970485687256,113,33,0,0,0,203,851033,67,171,774,0,3315,50776
oliveira/04_11/randm09.02.02.02.020_0030.05.aba.beta,True,24,7,0.5653185844421387,1.1559836864471436,0.0046427249908447266,1.725944995880127,78,24,0,0,0,85,211772,59,62,578,0,2123,31468
oliveira/04_11/randm09.02.02.03.020_0030.01.aba.beta,True,26,8,0.39972543716430664,1.2920398712158203,0.004402875900268555,1.6961681842803955,60,26,0,0,0,63,145586,47,38,526,0,2016,29673
oliveira/04_11/randm09.02.02.03.020_0030.02.aba.beta,True,14,8,0.20867705345153809,0.5262935161590576,0.0023343563079833984,0.7373049259185791,56,14,0,0,0,53,64933,42,40,363,0,1071,16276
oliveira/04_11/randm09.02.02.03.020_0030.03.aba.beta,True,22,8,0.42035794258117676,2.5928008556365967,0.002567768096923828,3.0157265663146973,78,22,0,0,0,78,142156,59,57,615,0,1181,16955
oliveira/04_11/randm09.02.02.03.020_0030.04.aba.beta,True,22,8,0.5455043315887451,1.3146827220916748,0.004033088684082031,1.864220142364502,70,22,0,0,0,82,202990,49,61,595,0,1597,23256
oliveira/04_11/randm09.02.02.03.020_0030.05.aba.beta,True,27,8,0.38553929328918457,0.9139108657836914,0.0033681392669677734,1.3028182983398438,63,27,0,0,0,75,132897,50,49,564,0,1561,22067
oliveira/04_11/randm09.02.02.04.020_0030.01.aba.beta,True,16,7,0.13231873512268066,0.3277742862701416,0.002485990524291992,0.46257901191711426,39,16,0,0,0,34,39464,33,19,315,0,1138,16526
oliveira/04_11/randm09.02.02.04.020_0030.02.aba.beta,True,16,7,0.07462239265441895,0.20293402671813965,0.002386331558227539,0.27994275093078613,37,16,0,0,0,27,16738,35,12,288,0,1055,15382
oliveira/04_11/randm09.02.02.04.020_0030.03.aba.beta,True,18,7,0.11128997802734375,0.30763864517211914,0.0020780563354492188,0.4210066795349121,41,18,0,0,0,36,30103,36,19,287,0,979,14022
oliveira/04_11/randm09.02.02.04.020_0030.04.aba.beta,True,14,7,0.0638422966003418,0.1404709815979004,0.0017750263214111328,0.20608830451965332,33,14,0,0,0,21,10792,32,8,208,0,865,12461
oliveira/04_11/randm09.02.02.04.020_0030.05.aba.beta,True,22,7,0.14806342124938965,0.3643338680267334,0.002774953842163086,0.5151722431182861,47,22,0,0,0,39,41556,39,18,414,0,1302,18663
oliveira/04_11/randm09.02.02.05.020_0030.01.aba.beta,True,21,8,0.13120269775390625,0.3529648780822754,0.0024514198303222656,0.4866189956665039,39,21,0,0,0,28,34833,35,8,327,0,1122,15758
oliveira/04_11/randm09.02.02.05.020_0030.02.aba.beta,True,14,8,0.24904894828796387,0.5810549259185791,0.0015130043029785156,0.8316168785095215,58,14,0,0,0,56,81622,37,43,353,0,690,9546
oliveira/04_11/randm09.02.02.05.020_0030.03.aba.beta,True,27,8,0.698911190032959,1.360353708267212,0.0027790069580078125,2.0620439052581787,79,27,0,0,0,99,256333,55,73,589,0,1309,17932
oliveira/04_11/randm09.02.02.05.020_0030.04.aba.beta,True,21,8,0.3723571300506592,0.7743997573852539,0.002995014190673828,1.149751901626587,65,21,0,0,0,59,131680,48,39,456,0,1370,19860
oliveira/04_11/randm09.02.02.05.020_0030.05.aba.beta,True,17,8,0.19336223602294922,0.5936052799224854,0.0016808509826660156,0.7886483669281006,49,17,0,0,0,44,58130,38,28,371,0,844,11764
oliveira/04_11/randm09.02.02.06.020_0030.01.aba.beta,True,29,9,1.2633960247039795,3.4751675128936768,0.0030548572540283203,4.741618394851685,92,29,0,0,0,133,474347,61,105,829,0,1420,19839
oliveira/04_11/randm09.02.02.06.020_0030.02.aba.beta,True,25,9,2.706172227859497,4.98664927482605,0.0021843910217285156,7.695005893707275,99,25,0,0,0,198,1044481,49,174,784,0,1056,14247
oliveira/04_11/randm09.02.02.06.020_0030.03.aba.beta,True,28,9,0.44089698791503906,1.0344700813293457,0.002525806427001953,1.4778928756713867,66,28,0,0,0,57,151240,53,30,645,0,1189,16235
oliveira/04_11/randm09.02.02.06.020_0030.04.aba.beta,True,23,9,2.8404617309570312,4.202183723449707,0.0035009384155273438,7.046146392822266,103,23,0,0,0,250,870830,63,228,709,0,1439,20302
oliveira/04_11/randm09.02.02.06.020_0030.05.aba.beta,True,19,9,0.40105533599853516,0.812819242477417,0.002570629119873047,1.2164452075958252,57,19,0,0,0,67,144551,45,49,389,0,1187,17086
oliveira/04_11/randm09.02.02.07.020_0030.01.aba.beta,True,1,1,0.0010457038879394531,0.0018918514251708984,0.0010569095611572266,0.003994464874267578,3,1,0,0,0,1,9,3,1,2,0,511,8445
oliveira/04_11/randm09.02.02.07.020_0030.02.aba.beta,True,1,1,0.0008242130279541016,0.0018739700317382812,0.001308441162109375,0.004006624221801758,3,1,0,0,0,1,9,3,1,2,0,530,8553
oliveira/04_11/randm09.02.02.07.020_0030.03.aba.beta,True,1,1,0.0007982254028320312,0.001951456069946289,0.0011529922485351562,0.0039026737213134766,3,1,0,0,0,1,9,3,1,2,0,533,8573
oliveira/04_11/randm09.02.02.07.020_0030.04.aba.beta,True,1,1,0.0008327960968017578,0.0017719268798828125,0.0011355876922607422,0.0037403106689453125,3,1,0,0,0,1,9,3,1,2,0,527,8550
oliveira/04_11/randm09.02.02.07.020_0030.05.aba.beta,True,1,1,0.0008249282836914062,0.0018830299377441406,0.001085519790649414,0.003793478012084961,3,1,0,0,0,1,9,3,1,2,0,536,8586
oliveira/04_11/randm09.02.02.08.020_0030.01.aba.beta,True,13,6,0.045697689056396484,0.11242866516113281,0.0016007423400878906,0.1597270965576172,27,13,0,0,0,19,7900,22,7,133,0,758,11111
oliveira/04_11/randm09.02.02.08.020_0030.02.aba.beta,True,13,6,0.051853179931640625,0.1528761386871338,0.001767873764038086,0.2064971923828125,31,13,0,0,0,24,9847,28,12,192,0,761,10930
oliveira/04_11/randm09.02.02.08.020_0030.03.aba.beta,True,9,6,0.030785322189331055,0.09657120704650879,0.0013158321380615234,0.12867236137390137,25,9,0,0,0,17,5329,24,9,140,0,635,9364
oliveira/04_11/randm09.02.02.08.020_0030.04.aba.beta,True,13,6,0.03984189033508301,0.08980035781860352,0.008334159851074219,0.13797640800476074,27,13,0,0,0,14,5409,27,2,105,0,3675,58175
oliveira/04_11/randm09.02.02.08.020_0030.05.aba.beta,True,10,6,0.02956104278564453,0.06528615951538086,0.004849910736083984,0.09969711303710938,24,10,0,0,0,11,4664,23,2,100,0,2237,35344
oliveira/04_11/randm09.02.02.09.020_0030.01.aba.beta,True,24,9,0.9125375747680664,1.7741665840148926,0.004933834075927734,2.6916379928588867,69,24,0,0,0,125,355862,54,102,519,0,1942,29660
oliveira/04_11/randm09.02.02.09.020_0030.02.aba.beta,True,19,9,0.44483065605163574,1.021817684173584,0.0034079551696777344,1.4700562953948975,69,19,0,0,0,81,157661,52,63,532,0,1535,22694
oliveira/04_11/randm09.02.02.09.020_0030.03.aba.beta,True,17,9,0.41104912757873535,0.9850189685821533,0.0017087459564208984,1.3977768421173096,62,17,0,0,0,89,145363,45,73,407,0,835,11596
oliveira/04_11/randm09.02.02.09.020_0030.04.aba.beta,True,20,9,0.32211804389953613,0.8693068027496338,0.0030727386474609375,1.1944975852966309,56,20,0,0,0,75,106989,50,56,426,0,1472,21571
oliveira/04_11/randm09.02.02.09.020_0030.05.aba.beta,True,17,9,0.6400723457336426,1.3494644165039062,0.0022711753845214844,1.9918079376220703,70,17,0,0,0,104,236551,51,88,438,0,1084,15605
oliveira/04_11/randm09.02.02.10.020_0030.01.aba.beta,True,9,6,0.04216575622558594,0.14601707458496094,0.0016007423400878906,0.18978357315063477,30,9,0,0,0,22,9393,25,14,159,0,728,10795
oliveira/04_11/randm09.02.02.10.020_0030.02.aba.beta,True,13,6,0.06919407844543457,0.17422723770141602,0.0017025470733642578,0.24512386322021484,34,13,0,0,0,26,12716,30,14,267,0,774,11432
oliveira/04_11/randm09.02.02.10.020_0030.03.aba.beta,True,15,6,0.06390643119812012,0.16461801528930664,0.0020818710327148438,0.2306063175201416,34,15,0,0,0,22,15690,31,8,203,0,961,13822
oliveira/04_11/randm09.02.02.10.020_0030.04.aba.beta,True,11,6,0.04656553268432617,0.088653564453125,0.0015401840209960938,0.13675928115844727,24,11,0,0,0,14,7200,22,4,162,0,721,10441
oliveira/04_11/randm09.02.02.10.020_0030.05.aba.beta,True,7,6,0.030525684356689453,0.11501193046569824,0.0012593269348144531,0.14679694175720215,28,7,0,0,0,20,6733,25,14,128,0,605,8970
oliveira/04_11/randm09.02.02.11.020_0030.01.aba.beta,True,18,8,0.23976945877075195,0.5892777442932129,0.002735137939453125,0.831782341003418,55,18,0,0,0,54,76952,49,37,419,0,1257,18354
oliveira/04_11/randm09.02.02.11.020_0030.02.aba.beta,True,17,8,0.13599514961242676,0.3572351932525635,0.0019335746765136719,0.4951639175415039,46,17,0,0,0,41,38505,40,25,358,0,901,12881
oliveira/04_11/randm09.02.02.11.020_0030.03.aba.beta,True,15,8,0.21417927742004395,0.6129426956176758,0.0019352436065673828,0.8290572166442871,56,15,0,0,0,63,70251,51,49,367,0,915,13229
oliveira/04_11/randm09.02.02.11.020_0030.04.aba.beta,True,13,8,0.15382981300354004,0.4582841396331787,0.001573324203491211,0.61368727684021,43,13,0,0,0,51,49112,35,39,271,0,735,10441
oliveira/04_11/randm09.02.02.11.020_0030.05.aba.beta,True,14,8,0.1292130947113037,0.4070405960083008,0.0020008087158203125,0.5382544994354248,46,14,0,0,0,43,39733,40,30,306,0,841,12277
oliveira/04_11/randm09.02.02.12.020_0030.01.aba.beta,True,17,8,0.11618542671203613,0.2642965316772461,0.0017728805541992188,0.38225483894348145,44,17,0,0,0,31,28302,37,15,317,0,872,12309
oliveira/04_11/randm09.02.02.12.020_0030.02.aba.beta,True,23,8,0.14196395874023438,0.33147239685058594,0.0028302669525146484,0.47626662254333496,44,23,0,0,0,36,39133,40,14,299,0,1305,18631
oliveira/04_11/randm09.02.02.12.020_0030.03.aba.beta,True,22,8,0.19750070571899414,0.444718599319458,0.0024785995483398438,0.644697904586792,49,22,0,0,0,44,64957,43,23,390,0,1167,16270
oliveira/04_11/randm09.02.02.12.020_0030.04.aba.beta,True,23,8,0.10188579559326172,0.26851558685302734,0.0025696754455566406,0.3729710578918457,48,23,0,0,0,34,22122,44,12,339,0,1179,16614
oliveira/04_11/randm09.02.02.12.020_0030.05.aba.beta,True,18,8,0.11828923225402832,0.2696230411529541,0.0017714500427246094,0.38968372344970703,42,18,0,0,0,30,32624,35,13,313,0,946,13089
oliveira/04_11/randm09.02.02.13.020_0030.01.aba.beta,True,18,8,0.17553138732910156,0.3682892322540283,0.0030498504638671875,0.5468704700469971,46,18,0,0,0,37,53120,37,20,353,0,1365,20271
oliveira/04_11/randm09.02.02.13.020_0030.02.aba.beta,True,23,8,0.3437643051147461,0.8443777561187744,0.004018545150756836,1.1921606063842773,66,23,0,0,0,68,113958,53,46,590,0,1814,26789
oliveira/04_11/randm09.02.02.13.020_0030.03.aba.beta,True,24,8,4.956804990768433,9.028770208358765,0.003664731979370117,13.989239931106567,167,24,0,0,0,393,1743463,81,370,1178,0,1650,23951
oliveira/04_11/randm09.02.02.13.020_0030.04.aba.beta,True,24,8,0.39409685134887695,1.0010700225830078,0.006671428680419922,1.4018383026123047,69,24,0,0,0,88,131890,55,65,629,0,1342,19287
oliveira/04_11/randm09.02.02.13.020_0030.05.aba.beta,True,23,8,0.906376838684082,2.169257402420044,0.003578662872314453,3.0792129039764404,82,23,0,0,0,134,271188,56,112,550,0,1655,24034
oliveira/04_11/randm09.02.02.14.020_0030.01.aba.beta,True,9,6,0.05134463310241699,0.08470463752746582,0.001810312271118164,0.13785958290100098,26,9,0,0,0,12,8057,24,4,157,0,836,12529
oliveira/04_11/randm09.02.02.14.020_0030.02.aba.beta,True,6,6,0.059192657470703125,0.18136286735534668,0.0015480518341064453,0.24210357666015625,26,6,0,0,0,28,14423,23,23,167,0,732,11105
oliveira/04_11/randm09.02.02.14.020_0030.03.aba.beta,True,5,6,0.055498361587524414,0.2584984302520752,0.001363515853881836,0.31536030769348145,33,5,0,0,0,38,15882,27,34,129,0,600,9191
oliveira/04_11/randm09.02.02.14.020_0030.04.aba.beta,True,6,6,0.024039506912231445,0.06042051315307617,0.0016415119171142578,0.08610153198242188,26,6,0,0,0,11,3537,25,6,133,0,735,11328
oliveira/04_11/randm09.02.02.14.020_0030.05.aba.beta,True,11,6,0.08587336540222168,0.20339465141296387,0.00194549560546875,0.2912135124206543,37,11,0,0,0,22,25443,29,12,280,0,911,13513
oliveira/04_11/randm09.02.02.15.020_0030.01.aba.beta,True,16,8,0.1389780044555664,0.30409979820251465,0.002971649169921875,0.44604945182800293,42,16,0,0,0,34,42848,37,19,269,0,1342,20034
oliveira/04_11/randm09.02.02.15.020_0030.02.aba.beta,True,12,8,0.09574723243713379,0.2257392406463623,0.002457857131958008,0.3239443302154541,39,12,0,0,0,25,25702,33,14,251,0,1157,17259
oliveira/04_11/randm09.02.02.15.020_0030.03.aba.beta,True,24,8,0.2104809284210205,0.5297598838806152,0.002068042755126953,0.7423088550567627,49,24,0,0,0,49,65766,40,26,354,0,1009,13826
oliveira/04_11/randm09.02.02.15.020_0030.04.aba.beta,True,22,8,0.1332259178161621,0.3143489360809326,0.002718687057495117,0.45029354095458984,43,22,0,0,0,31,35106,39,10,348,0,1151,16354
oliveira/04_11/randm09.02.02.15.020_0030.05.aba.beta,True,13,8,0.2783653736114502,0.5970704555511475,0.0019845962524414062,0.8774204254150391,53,13,0,0,0,57,83458,37,45,262,0,888,13565
oliveira/04_11/randm09.02.02.16.020_0030.01.aba.beta,True,14,6,0.12659525871276855,0.4242274761199951,0.002789020538330078,0.5536117553710938,50,14,0,0,0,44,36959,42,31,334,0,1258,19059
oliveira/04_11/randm09.02.02.16.020_0030.02.aba.beta,True,14,6,0.15125274658203125,0.46005940437316895,0.0023419857025146484,0.6136541366577148,49,14,0,0,0,44,41765,43,31,310,0,1116,16455
oliveira/04_11/randm09.02.02.16.020_0030.03.aba.beta,True,14,6,0.17614293098449707,0.5001046657562256,0.002819061279296875,0.6790666580200195,47,14,0,0,0,42,46697,39,29,298,0,1218,18513
oliveira/04_11/randm09.02.02.16.020_0030.04.aba.beta,True,7,6,0.03492617607116699,0.13301348686218262,0.0013072490692138672,0.16924691200256348,29,7,0,0,0,22,7325,26,16,140,0,611,9131
oliveira/04_11/randm09.02.02.16.020_0030.05.aba.beta,True,10,6,0.09543466567993164,0.30577731132507324,0.0018045902252197266,0.4030165672302246,41,10,0,0,0,35,25700,34,26,254,0,736,10871
oliveira/04_11/randm09.02.02.17.020_0030.01.aba.beta,True,20,9,1.159656286239624,1.9606921672821045,0.00412297248840332,3.124471426010132,73,20,0,0,0,120,323883,53,101,529,0,1846,28420
oliveira/04_11/randm09.02.02.17.020_0030.02.aba.beta,True,31,9,0.6902546882629395,1.3426227569580078,0.0043256282806396484,2.037203073501587,73,31,0,0,0,84,194002,62,54,657,0,1964,28564
oliveira/04_11/randm09.02.02.17.020_0030.03.aba.beta,True,18,9,0.21074414253234863,0.49260377883911133,0.0025746822357177734,0.7059226036071777,51,18,0,0,0,44,66631,46,27,369,0,1164,16988
oliveira/04_11/randm09.02.02.17.020_0030.04.aba.beta,True,25,9,0.6664972305297852,1.8287124633789062,0.0024602413177490234,2.4976699352264404,65,25,0,0,0,79,168406,51,55,481,0,1141,15625
oliveira/04_11/randm09.02.02.17.020_0030.05.aba.beta,True,29,9,0.6153535842895508,1.604966163635254,0.0065157413482666016,2.2268354892730713,69,29,0,0,0,83,182103,61,55,544,0,2265,33608
oliveira/04_11/randm09.02.02.18.020_0030.01.aba.beta,True,17,7,0.4710874557495117,1.1133532524108887,0.0024924278259277344,1.5869331359863281,66,17,0,0,0,72,110026,46,56,509,0,1010,14550
oliveira/04_11/randm09.02.02.18.020_0030.02.aba.beta,True,20,7,1.0734546184539795,1.8321177959442139,0.002271890640258789,2.907844305038452,79,20,0,0,0,128,262715,49,109,545,0,1038,14972
oliveira/04_11/randm09.02.02.18.020_0030.03.aba.beta,True,16,7,0.710026741027832,0.8093574047088623,0.0028662681579589844,1.5222504138946533,52,16,0,0,0,56,100443,43,41,463,0,1268,18987
oliveira/04_11/randm09.02.02.18.020_0030.04.aba.beta,True,20,7,0.41017985343933105,0.8758015632629395,0.00307464599609375,1.2890560626983643,59,20,0,0,0,61,107097,43,42,469,0,1538,22453
oliveira/04_11/randm09.02.02.18.020_0030.05.aba.beta,True,12,7,0.24698710441589355,0.8989503383636475,0.0016973018646240234,1.147634744644165,57,12,0,0,0,49,47105,43,38,397,0,812,11941
oliveira/04_11/randm09.02.02.19.020_0030.01.aba.beta,True,22,8,1.8792996406555176,4.232064247131348,0.003983497619628906,6.115347385406494,123,22,0,0,0,268,668729,68,247,880,0,1560,23107
oliveira/04_11/randm09.02.02.19.020_0030.02.aba.beta,True,16,8,3.7023580074310303,5.788649559020996,0.0044765472412109375,9.495484113693237,119,16,0,0,0,366,1334258,66,351,757,0,1949,29820
oliveira/04_11/randm09.02.02.19.020_0030.03.aba.beta,True,22,8,0.992042064666748,2.3956480026245117,0.003302335739135742,3.3909924030303955,78,22,0,0,0,163,347640,58,142,570,0,1426,20466
oliveira/04_11/randm09.02.02.19.020_0030.04.aba.beta,True,18,8,1.1857085227966309,3.014866352081299,0.0028574466705322266,4.203432321548462,89,18,0,0,0,219,435345,58,202,656,0,1239,18155
oliveira/04_11/randm09.02.02.19.020_0030.05.aba.beta,True,33,8,0.6605737209320068,1.445080280303955,0.006753444671630859,2.1124074459075928,67,33,0,0,0,88,226567,53,56,704,0,2974,44399
oliveira/04_11/randm10.02.02.01.020_0030.01.aba.beta,True,11,6,0.028684616088867188,0.0786123275756836,0.003204822540283203,0.11050176620483398,24,11,0,0,0,15,4370,22,5,100,0,1480,22644
oliveira/04_11/randm10.02.02.01.020_0030.02.aba.beta,True,14,6,0.09875631332397461,0.1933443546295166,0.0018222332000732422,0.29392290115356445,37,14,0,0,0,26,19505,26,13,251,0,810,11615
oliveira/04_11/randm10.02.02.01.020_0030.03.aba.beta,True,10,6,0.03395342826843262,0.09743332862854004,0.0017693042755126953,0.13315606117248535,26,10,0,0,0,15,7142,23,6,121,0,834,12444
oliveira/04_11/randm10.02.02.01.020_0030.04.aba.beta,True,7,6,0.037596940994262695,0.10298871994018555,0.0013365745544433594,0.1419222354888916,27,7,0,0,0,15,7055,24,9,144,0,616,9218
oliveira/04_11/randm10.02.02.01.020_0030.05.aba.beta,True,21,6,0.0682377815246582,0.14605379104614258,0.00794839859008789,0.22223997116088867,32,21,0,0,0,23,11964,28,3,156,0,3618,56754
oliveira/04_11/randm10.02.02.02.020_0030.01.aba.beta,True,23,9,0.385664701461792,0.8904774188995361,0.002822399139404297,1.2789645195007324,68,23,0,0,0,80,115720,57,58,464,0,1278,17932
oliveira/04_11/randm10.02.02.02.020_0030.02.aba.beta,True,29,9,1.1398627758026123,2.176621913909912,0.003866910934448242,3.3203516006469727,82,29,0,0,0,127,438661,59,99,672,0,1714,24563
oliveira/04_11/randm10.02.02.02.020_0030.03.aba.beta,True,28,9,0.7797119617462158,1.8827648162841797,0.0041463375091552734,2.666623115539551,78,28,0,0,0,100,295145,55,73,658,0,1933,28674
oliveira/04_11/randm10.02.02.02.020_0030.04.aba.beta,True,28,9,1.411454677581787,2.724573850631714,0.003001689910888672,4.13903021812439,86,28,0,0,0,162,542169,60,135,716,0,1394,20042
oliveira/04_11/randm10.02.02.02.020_0030.05.aba.beta,True,26,9,2.6786110401153564,4.374913215637207,0.0030193328857421875,7.056543588638306,119,26,0,0,0,243,1010517,63,218,927,0,1355,18695
oliveira/04_11/randm10.02.02.03.020_0030.01.aba.beta,True,19,8,0.18202948570251465,0.43320226669311523,0.0029153823852539062,0.6181471347808838,53,19,0,0,0,48,51325,47,30,355,0,1379,20150
oliveira/04_11/randm10.02.02.03.020_0030.02.aba.beta,True,17,8,0.12112975120544434,0.38959693908691406,0.0033059120178222656,0.5140326023101807,47,17,0,0,0,46,34011,45,30,332,0,1579,23226
oliveira/04_11/randm10.02.02.03.020_0030.03.aba.beta,True,16,8,0.19533705711364746,0.505340576171875,0.0026483535766601562,0.7033259868621826,57,16,0,0,0,54,60985,43,39,442,0,1167,17506
oliveira/04_11/randm10.02.02.03.020_0030.04.aba.beta,True,18,8,0.33429861068725586,0.7834720611572266,0.0026547908782958984,1.1204254627227783,58,18,0,0,0,71,116546,48,54,393,0,1261,18447
oliveira/04_11/randm10.02.02.03.020_0030.05.aba.beta,True,20,8,0.19982457160949707,0.4031181335449219,0.0029947757720947266,0.6059374809265137,49,20,0,0,0,43,60205,39,24,341,0,1380,20141
oliveira/04_11/randm10.02.02.04.020_0030.01.aba.beta,True,8,5,0.028963088989257812,0.09622836112976074,0.0015442371368408203,0.12673568725585938,26,8,0,0,0,17,4902,25,10,153,0,648,9483
oliveira/04_11/randm10.02.02.04.020_0030.02.aba.beta,True,6,5,0.022089481353759766,0.07962679862976074,0.0013360977172851562,0.10305237770080566,24,6,0,0,0,15,3612,23,10,100,0,595,8914
oliveira/04_11/randm10.02.02.04.020_0030.03.aba.beta,True,8,5,0.037368059158325195,0.08361339569091797,0.0013957023620605469,0.12237715721130371,25,8,0,0,0,16,4821,21,9,138,0,605,9271
oliveira/04_11/randm10.02.02.04.020_0030.04.aba.beta,True,10,5,0.03719162940979004,0.05729842185974121,0.001527547836303711,0.09601759910583496,19,10,0,0,0,10,2983,18,1,111,0,762,11298
oliveira/04_11/randm10.02.02.04.020_0030.05.aba.beta,True,7,5,0.01919412612915039,0.09212350845336914,0.0012722015380859375,0.11258983612060547,24,7,0,0,0,18,3337,24,12,107,0,608,9039
oliveira/04_11/randm10.02.02.05.020_0030.01.aba.beta,True,26,8,0.27934718132019043,0.7272343635559082,0.0046155452728271484,1.0111970901489258,73,26,0,0,0,66,88681,59,41,500,0,1999,30271
oliveira/04_11/randm10.02.02.05.020_0030.02.aba.beta,True,17,7,0.20303726196289062,0.5600414276123047,0.0035104751586914062,0.7665891647338867,58,17,0,0,0,51,65664,46,35,354,0,1534,22845
oliveira/04_11/randm10.02.02.05.020_0030.03.aba.beta,True,18,8,0.23500490188598633,0.7221946716308594,0.00405573844909668,0.9612553119659424,65,18,0,0,0,58,76333,55,41,469,0,1829,27739
oliveira/04_11/randm10.02.02.05.020_0030.04.aba.beta,True,20,8,0.2357165813446045,0.6147105693817139,0.00562739372253418,0.8560545444488525,60,20,0,0,0,59,69161,54,40,424,0,2570,38947
oliveira/04_11/randm10.02.02.05.020_0030.05.aba.beta,True,30,8,2.1681816577911377,3.915588140487671,0.008830547332763672,6.092600345611572,109,30,0,0,0,170,836724,69,141,933,0,3748,57392
oliveira/04_11/randm10.02.02.06.020_0030.01.aba.beta,True,26,9,0.254824161529541,0.5062189102172852,0.0024607181549072266,0.7635037899017334,53,26,0,0,0,40,72329,48,15,463,0,1201,16531
oliveira/04_11/randm10.02.02.06.020_0030.02.aba.beta,True,25,9,0.8996748924255371,1.8518896102905273,0.003118753433227539,2.754683256149292,71,25,0,0,0,106,364350,51,82,612,0,1443,20666
oliveira/04_11/randm10.02.02.06.020_0030.03.aba.beta,True,31,9,1.3060157299041748,2.664557695388794,0.004303693771362305,3.974877119064331,89,31,0,0,0,126,509451,58,96,824,0,1887,26977
oliveira/04_11/randm10.02.02.06.020_0030.04.aba.beta,True,23,9,2.840489149093628,4.432748794555664,0.0025539398193359375,7.275791883468628,121,23,0,0,0,242,1057057,61,220,933,0,1165,16584
oliveira/04_11/randm10.02.02.06.020_0030.05.aba.beta,True,25,9,3.2801015377044678,4.68717622756958,0.003337383270263672,7.9706151485443115,127,25,0,0,0,217,1226421,65,193,1054,0,1466,21424
oliveira/04_11/randm10.02.02.07.020_0030.01.aba.beta,True,33,9,0.8212795257568359,1.5946261882781982,0.005841732025146484,2.4217474460601807,84,33,0,0,0,107,299625,72,75,718,0,2621,39070
oliveira/04_11/randm10.02.02.07.020_0030.02.aba.beta,True,23,9,2.549772024154663,4.297144412994385,0.002710103988647461,6.849626541137695,107,23,0,0,0,270,918149,56,248,741,0,1173,16801
oliveira/04_11/randm10.02.02.07.020_0030.03.aba.beta,True,19,9,0.6506600379943848,1.4176921844482422,0.002167940139770508,2.0705201625823975,71,19,0,0,0,100,239252,55,82,482,0,1011,14254
oliveira/04_11/randm10.02.02.07.020_0030.04.aba.beta,True,26,9,0.8209414482116699,1.7709829807281494,0.003782033920288086,2.5957064628601074,76,26,0,0,0,119,305103,64,94,626,0,1627,23197
oliveira/04_11/randm10.02.02.07.020_0030.05.aba.beta,True,40,9,0.9888112545013428,1.670414924621582,0.005203962326049805,2.6644301414489746,87,40,0,0,0,103,382743,69,64,866,0,2374,33827
oliveira/04_11/randm10.02.02.08.020_0030.01.aba.beta,True,33,9,0.6015608310699463,1.3167693614959717,0.0031533241271972656,1.9214835166931152,76,33,0,0,0,93,214011,60,61,654,0,1502,21272
oliveira/04_11/randm10.02.02.08.020_0030.02.aba.beta,True,18,9,0.3130640983581543,0.7521324157714844,0.0016875267028808594,1.0668840408325195,53,18,0,0,0,69,105264,40,52,372,0,807,11041
oliveira/04_11/randm10.02.02.08.020_0030.03.aba.beta,True,19,9,0.46868896484375,1.051865816116333,0.0016589164733886719,1.5222136974334717,61,19,0,0,0,93,158693,45,75,431,0,818,11058
oliveira/04_11/randm10.02.02.08.020_0030.04.aba.beta,True,12,9,0.31409120559692383,0.8999772071838379,0.0016562938690185547,1.2157247066497803,52,12,0,0,0,86,109599,42,75,297,0,737,10611
oliveira/04_11/randm10.02.02.08.020_0030.05.aba.beta,True,18,9,0.4816107749938965,1.129260778427124,0.002202272415161133,1.6130738258361816,64,18,0,0,0,87,174290,46,70,415,0,904,12764
oliveira/04_11/randm10.02.02.09.020_0030.01.aba.beta,True,15,7,0.1715257167816162,0.44080018997192383,0.0018825531005859375,0.614208459854126,54,15,0,0,0,46,56640,43,32,311,0,886,12980
oliveira/04_11/randm10.02.02.09.020_0030.02.aba.beta,True,12,7,0.1798086166381836,0.5280604362487793,0.0016393661499023438,0.7095084190368652,53,12,0,0,0,54,62227,42,43,342,0,756,11058
oliveira/04_11/randm10.02.02.09.020_0030.03.aba.beta,True,16,7,0.09560585021972656,0.24650192260742188,0.0018951892852783203,0.34400296211242676,39,16,0,0,0,32,23256,37,17,272,0,881,12713
oliveira/04_11/randm10.02.02.09.020_0030.04.aba.beta,True,18,7,0.1221168041229248,0.2547590732574463,0.0019559860229492188,0.3788318634033203,39,18,0,0,0,29,30128,32,12,318,0,902,12845
oliveira/04_11/randm10.02.02.09.020_0030.05.aba.beta,True,19,7,0.3076801300048828,0.8048510551452637,0.0023164749145507812,1.1148476600646973,55,19,0,0,0,70,102610,46,52,412,0,1048,14998
oliveira/04_11/randm10.02.02.10.020_0030.01.aba.beta,True,16,7,0.1420447826385498,0.36318135261535645,0.001886606216430664,0.5071127414703369,42,16,0,0,0,37,41565,36,22,321,0,883,12768
oliveira/04_11/randm10.02.02.10.020_0030.02.aba.beta,True,19,7,0.1503596305847168,0.34993624687194824,0.0026655197143554688,0.5029613971710205,43,19,0,0,0,37,43847,34,19,306,0,1146,16350
oliveira/04_11/randm10.02.02.10.020_0030.03.aba.beta,True,13,7,0.06692957878112793,0.18648076057434082,0.0016529560089111328,0.2550632953643799,34,13,0,0,0,24,16632,33,12,269,0,799,11543
oliveira/04_11/randm10.02.02.10.020_0030.04.aba.beta,True,17,7,0.09604120254516602,0.264007568359375,0.001832723617553711,0.3618814945220947,39,17,0,0,0,34,26017,34,18,286,0,891,12584
oliveira/04_11/randm10.02.02.10.020_0030.05.aba.beta,True,12,7,0.1161947250366211,0.36306333541870117,0.0016796588897705078,0.4809377193450928,39,12,0,0,0,40,35240,33,29,243,0,796,11668
oliveira/04_11/randm10.02.02.11.020_0030.01.aba.beta,True,17,7,0.10414242744445801,0.28275346755981445,0.0017745494842529297,0.3886704444885254,44,17,0,0,0,36,22896,39,20,278,0,837,11565
oliveira/04_11/randm10.02.02.11.020_0030.02.aba.beta,True,16,7,0.06642436981201172,0.15994668006896973,0.001718759536743164,0.2280898094177246,32,16,0,0,0,23,15353,29,8,248,0,826,11633
oliveira/04_11/randm10.02.02.11.020_0030.03.aba.beta,True,19,7,0.10309004783630371,0.26065564155578613,0.0027174949645996094,0.36646318435668945,37,19,0,0,0,28,27204,31,10,285,0,1116,16093
oliveira/04_11/randm10.02.02.11.020_0030.04.aba.beta,True,17,7,0.08859443664550781,0.21620893478393555,0.002355337142944336,0.3071587085723877,41,17,0,0,0,25,21773,35,9,293,0,1051,14947
oliveira/04_11/randm10.02.02.11.020_0030.05.aba.beta,True,12,7,0.07031512260437012,0.1528942584991455,0.002682924270629883,0.2258923053741455,35,12,0,0,0,20,14218,32,9,200,0,1237,18716
oliveira/04_11/randm10.02.02.12.020_0030.01.aba.beta,True,11,8,0.17949748039245605,0.5986003875732422,0.0015895366668701172,0.7796874046325684,58,11,0,0,0,69,55657,45,59,326,0,724,10499
oliveira/04_11/randm10.02.02.12.020_0030.02.aba.beta,True,22,8,0.7343885898590088,1.5893135070800781,0.003121614456176758,2.3268237113952637,92,22,0,0,0,124,271401,54,103,615,0,1414,21029
oliveira/04_11/randm10.02.02.12.020_0030.03.aba.beta,True,16,8,0.0946047306060791,0.2035384178161621,0.0015163421630859375,0.29965949058532715,39,16,0,0,0,28,23217,30,13,275,0,748,10599
oliveira/04_11/randm10.02.02.12.020_0030.04.aba.beta,True,17,8,0.26705479621887207,0.6814060211181641,0.0016016960144042969,0.9500625133514404,62,17,0,0,0,67,83353,40,51,417,0,773,10698
oliveira/04_11/randm10.02.02.12.020_0030.05.aba.beta,True,22,8,0.45444726943969727,0.9891748428344727,0.0029997825622558594,1.4466218948364258,59,22,0,0,0,80,166835,48,59,491,0,1354,19322
oliveira/04_11/randm10.02.02.13.020_0030.01.aba.beta,True,16,6,0.08138608932495117,0.2697770595550537,0.0017457008361816406,0.3529088497161865,42,16,0,0,0,37,20090,35,22,312,0,773,10746
oliveira/04_11/randm10.02.02.13.020_0030.02.aba.beta,True,8,6,0.049408674240112305,0.20030617713928223,0.0017976760864257812,0.2515125274658203,38,8,0,0,0,26,13542,36,19,214,0,807,12443
oliveira/04_11/randm10.02.02.13.020_0030.03.aba.beta,True,14,6,0.10858511924743652,0.325516939163208,0.0027441978454589844,0.4368462562561035,44,14,0,0,0,35,28357,39,22,355,0,1170,17504
oliveira/04_11/randm10.02.02.13.020_0030.04.aba.beta,True,15,6,0.0958395004272461,0.2514798641204834,0.0030279159545898438,0.35034728050231934,35,15,0,0,0,29,28100,30,15,296,0,1255,18914
oliveira/04_11/randm10.02.02.13.020_0030.05.aba.beta,True,18,6,0.11271548271179199,0.33032798767089844,0.0035123825073242188,0.44655585289001465,39,18,0,0,0,32,34308,35,15,319,0,1491,21930
oliveira/04_11/randm10.02.02.14.020_0030.01.aba.beta,True,23,9,11.116409301757812,15.120731115341187,0.003247499465942383,26.24038791656494,203,23,0,0,0,629,4198060,88,607,1502,0,1468,20994
oliveira/04_11/randm10.02.02.14.020_0030.02.aba.beta,True,22,9,2.407965660095215,4.951493978500366,0.0025892257690429688,7.362048864364624,110,22,0,0,0,208,880239,54,187,820,0,1067,15115
oliveira/04_11/randm10.02.02.14.020_0030.03.aba.beta,True,27,9,5.531765699386597,8.441953659057617,0.0056209564208984375,13.979340314865112,129,27,0,0,0,342,2069060,75,316,976,0,2404,36241
oliveira/04_11/randm10.02.02.14.020_0030.04.aba.beta,True,22,9,30.89311981201172,32.87233853340149,0.0028116703033447266,63.76827001571655,241,22,0,0,0,1327,15151424,84,1306,1743,0,1517,22171
oliveira/04_11/randm10.02.02.14.020_0030.05.aba.beta,True,24,9,1.9968090057373047,4.251893520355225,0.002798795700073242,6.2515013217926025,100,24,0,0,0,234,743296,61,211,851,0,1275,18309
oliveira/04_11/randm10.02.02.15.020_0030.01.aba.beta,True,20,8,0.3469393253326416,0.9128904342651367,0.002233266830444336,1.2620630264282227,62,20,0,0,0,87,120887,47,68,394,0,1052,14874
oliveira/04_11/randm10.02.02.15.020_0030.02.aba.beta,True,21,8,0.24581360816955566,0.6407086849212646,0.0017769336700439453,0.8882992267608643,57,21,0,0,0,55,74734,44,35,391,0,876,11964
oliveira/04_11/randm10.02.02.15.020_0030.03.aba.beta,True,19,8,0.4129507541656494,0.9440524578094482,0.0022742748260498047,1.3592774868011475,61,19,0,0,0,82,143759,45,64,432,0,1080,15203
oliveira/04_11/randm10.02.02.15.020_0030.04.aba.beta,True,16,8,0.4311184883117676,1.2330846786499023,0.0019066333770751953,1.6661098003387451,62,16,0,0,0,101,146271,42,86,418,0,857,11819
oliveira/04_11/randm10.02.02.15.020_0030.05.aba.beta,True,21,8,0.41500186920166016,0.9241633415222168,0.002141714096069336,1.3413069248199463,61,21,0,0,0,78,149531,40,58,430,0,998,13648
oliveira/04_11/randm10.02.02.16.020_0030.01.aba.beta,True,17,8,4.031799077987671,6.966702461242676,0.003946781158447266,11.002448320388794,139,17,0,0,0,370,1521837,73,354,933,0,1701,25488
oliveira/04_11/randm10.02.02.16.020_0030.02.aba.beta,True,24,8,0.4939994812011719,1.043675184249878,0.0037424564361572266,1.541417121887207,68,24,0,0,0,65,175014,50,42,592,0,1706,24806
oliveira/04_11/randm10.02.02.16.020_0030.03.aba.beta,True,22,8,0.3378255367279053,0.7497014999389648,0.0027959346771240234,1.0903229713439941,57,22,0,0,0,53,113452,46,32,469,0,1320,18674
oliveira/04_11/randm10.02.02.16.020_0030.04.aba.beta,True,17,8,0.43625926971435547,1.1835854053497314,0.0021774768829345703,1.6220221519470215,85,17,0,0,0,103,150430,61,87,544,0,1036,14706
oliveira/04_11/randm10.02.02.16.020_0030.05.aba.beta,True,19,8,2.262577772140503,4.408978700637817,0.003458738327026367,6.675015211105347,128,19,0,0,0,239,848184,67,221,859,0,1547,23082
oliveira/04_11/randm10.02.02.17.020_0030.01.aba.beta,True,18,7,0.14894628524780273,0.498776912689209,0.002105712890625,0.6498289108276367,47,18,0,0,0,48,44650,42,31,399,0,967,13772
oliveira/04_11/randm10.02.02.17.020_0030.02.aba.beta,True,18,7,0.2710437774658203,0.6188769340515137,0.0021686553955078125,0.8920893669128418,54,18,0,0,0,58,87108,41,41,345,0,986,14207
oliveira/04_11/randm10.02.02.17.020_0030.03.aba.beta,True,19,7,0.2223949432373047,0.6662614345550537,0.002381563186645508,0.8910379409790039,49,19,0,0,0,61,71493,43,43,369,0,1087,15785
oliveira/04_11/randm10.02.02.17.020_0030.04.aba.beta,True,16,7,0.13733458518981934,0.41385769844055176,0.002244710922241211,0.5534369945526123,44,16,0,0,0,43,36526,39,28,285,0,949,13648
oliveira/04_11/randm10.02.02.17.020_0030.05.aba.beta,True,14,7,0.3251175880432129,0.8741252422332764,0.00212860107421875,1.201371431350708,77,14,0,0,0,88,108679,49,75,470,0,976,14446
oliveira/04_11/randm10.02.02.18.020_0030.01.aba.beta,True,1,1,0.0010325908660888672,0.0018310546875,0.0011820793151855469,0.004045724868774414,3,1,0,0,0,1,9,3,1,2,0,539,8607
oliveira/04_11/randm10.02.02.18.020_0030.02.aba.beta,True,1,1,0.0007963180541992188,0.0018198490142822266,0.0011363029479980469,0.003752470016479492,3,1,0,0,0,1,9,3,1,2,0,537,8599
oliveira/04_11/randm10.02.02.18.020_0030.03.aba.beta,True,1,1,0.003197908401489258,0.0018088817596435547,0.0011434555053710938,0.006150245666503906,3,1,0,0,0,1,9,3,1,2,0,537,8596
oliveira/04_11/randm10.02.02.18.020_0030.04.aba.beta,True,1,1,0.0009272098541259766,0.002147674560546875,0.001119852066040039,0.004194736480712891,3,1,0,0,0,1,9,3,1,2,0,536,8587
oliveira/04_11/randm10.02.02.18.020_0030.05.aba.beta,True,1,1,0.0008566379547119141,0.0018584728240966797,0.0011506080627441406,0.0038657188415527344,3,1,0,0,0,1,9,3,1,2,0,537,8596
oliveira/04_11/randm10.02.02.19.020_0030.01.aba.beta,True,27,10,0.43617725372314453,0.9978659152984619,0.0034813880920410156,1.4375245571136475,66,27,0,0,0,78,153380,56,52,551,0,1597,22860
oliveira/04_11/randm10.02.02.19.020_0030.02.aba.beta,True,23,10,0.6809005737304688,1.39412260055542,0.003223896026611328,2.0782470703125,72,23,0,0,0,96,239537,57,74,569,0,1498,21584
oliveira/04_11/randm10.02.02.19.020_0030.03.aba.beta,True,28,10,1.0863592624664307,2.0804972648620605,0.004777669906616211,3.1716341972351074,86,28,0,0,0,123,413716,60,96,684,0,2110,30850
oliveira/04_11/randm10.02.02.19.020_0030.04.aba.beta,True,21,10,0.8530762195587158,1.777461051940918,0.002658367156982422,2.633195638656616,77,21,0,0,0,116,302359,55,96,537,0,1222,17202
oliveira/04_11/randm10.02.02.19.020_0030.05.aba.beta,True,28,10,0.8459877967834473,2.1276350021362305,0.003330707550048828,2.9769535064697266,77,28,0,0,0,117,314088,60,90,651,0,1484,20975
oliveira/04_11/randm11.02.02.01.020_0030.01.aba.beta,True,26,10,0.774240255355835,1.7884156703948975,0.003093719482421875,2.5657496452331543,74,26,0,0,0,115,294807,59,90,621,0,1486,20964
oliveira/04_11/randm11.02.02.01.020_0030.02.aba.beta,True,24,10,1.4102182388305664,2.502169609069824,0.0028803348541259766,3.9152681827545166,89,24,0,0,0,151,530616,61,128,624,0,1339,18848
oliveira/04_11/randm11.02.02.01.020_0030.03.aba.beta,True,34,10,6.688129901885986,12.271522045135498,0.006429195404052734,18.966081142425537,143,34,0,0,0,342,2638920,72,309,1148,0,2838,42306
oliveira/04_11/randm11.02.02.01.020_0030.04.aba.beta,True,28,10,4.64989972114563,6.291021823883057,0.0043070316314697266,10.945228576660156,121,28,0,0,0,269,1801794,67,242,976,0,1828,26837
oliveira/04_11/randm11.02.02.01.020_0030.05.aba.beta,True,24,10,2.6097307205200195,3.9889822006225586,0.003383636474609375,6.6020965576171875,96,24,0,0,0,242,904513,62,219,690,0,1469,20952
oliveira/04_11/randm11.02.02.02.020_0030.01.aba.beta,True,23,9,0.3243579864501953,0.7056376934051514,0.003688812255859375,1.033684492111206,65,23,0,0,0,61,108680,54,39,465,0,1691,24968
oliveira/04_11/randm11.02.02.02.020_0030.02.aba.beta,True,26,10,0.7858343124389648,1.537856101989746,0.007435321807861328,2.3311257362365723,81,26,0,0,0,88,310744,58,63,678,0,3219,49772
oliveira/04_11/randm11.02.02.02.020_0030.03.aba.beta,True,21,10,0.6672854423522949,1.372913122177124,0.004227161407470703,2.0444257259368896,77,21,0,0,0,99,254170,55,79,525,0,1820,26864
oliveira/04_11/randm11.02.02.02.020_0030.04.aba.beta,True,20,10,0.889387845993042,1.736208438873291,0.003560304641723633,2.6291565895080566,79,20,0,0,0,135,329553,56,116,578,0,1682,24878
oliveira/04_11/randm11.02.02.02.020_0030.05.aba.beta,True,30,10,0.5169460773468018,1.0580339431762695,0.003342866897583008,1.5783228874206543,73,30,0,0,0,80,183495,54,51,597,0,1577,22107
oliveira/04_11/randm11.02.02.03.020_0030.01.aba.beta,True,24,10,1.6901705265045166,2.8082261085510254,0.004187583923339844,4.502584218978882,92,24,0,0,0,182,649939,55,159,590,0,1904,27597
oliveira/04_11/randm11.02.02.03.020_0030.02.aba.beta,True,21,10,7.645806074142456,9.157281160354614,0.0036542415618896484,16.80674147605896,145,21,0,0,0,436,2962395,72,416,1008,0,1569,23323
oliveira/04_11/randm11.02.02.03.020_0030.03.aba.beta,True,23,10,3.015045166015625,4.464797735214233,0.003886699676513672,7.483729600906372,105,23,0,0,0,210,1201521,66,188,844,0,1582,23122
oliveira/04_11/randm11.02.02.03.020_0030.04.aba.beta,True,26,10,29.799896717071533,29.25578737258911,0.0022928714752197266,59.057976961135864,189,26,0,0,0,1261,16343797,70,1236,1432,0,1367,19096
oliveira/04_11/randm11.02.02.03.020_0030.05.aba.beta,True,30,10,3.4650838375091553,4.611337423324585,0.00860905647277832,8.085030317306519,113,30,0,0,0,256,1331261,70,227,792,0,3750,56941
oliveira/04_11/randm11.02.02.04.020_0030.01.aba.beta,True,19,9,0.3575737476348877,0.9553544521331787,0.002572298049926758,1.3155004978179932,60,19,0,0,0,88,121089,48,70,432,0,1231,17734
oliveira/04_11/randm11.02.02.04.020_0030.02.aba.beta,True,20,9,1.4289090633392334,2.155433416366577,0.002048969268798828,3.5863914489746094,82,20,0,0,0,155,560987,47,136,498,0,980,13600
oliveira/04_11/randm11.02.02.04.020_0030.03.aba.beta,True,21,9,0.22696423530578613,0.5199809074401855,0.0018868446350097656,0.7488319873809814,57,21,0,0,0,44,73668,43,24,474,0,925,12589
oliveira/04_11/randm11.02.02.04.020_0030.04.aba.beta,True,28,9,0.38222384452819824,0.7652237415313721,0.0027282238006591797,1.1501758098602295,65,28,0,0,0,60,135211,49,33,569,0,1308,17861
oliveira/04_11/randm11.02.02.04.020_0030.05.aba.beta,True,24,9,0.400787353515625,0.850278377532959,0.00244140625,1.253507137298584,63,24,0,0,0,73,143015,48,50,435,0,1155,15835
oliveira/04_11/randm11.02.02.05.020_0030.01.aba.beta,True,18,8,0.4246816635131836,0.9535825252532959,0.0020775794982910156,1.3803417682647705,58,18,0,0,0,75,155340,42,58,447,0,1017,14494
oliveira/04_11/randm11.02.02.05.020_0030.02.aba.beta,True,16,8,0.4326488971710205,0.8808252811431885,0.002421855926513672,1.3158960342407227,67,16,0,0,0,59,161754,45,44,506,0,1111,16328
oliveira/04_11/randm11.02.02.05.020_0030.03.aba.beta,True,24,8,0.2340071201324463,0.4978978633880615,0.0025022029876708984,0.7344071865081787,51,24,0,0,0,46,80994,42,23,416,0,1195,16537
oliveira/04_11/randm11.02.02.05.020_0030.04.aba.beta,True,22,8,0.4118993282318115,0.9409663677215576,0.0020074844360351562,1.3548731803894043,61,22,0,0,0,82,140464,47,61,491,0,974,13495
oliveira/04_11/randm11.02.02.05.020_0030.05.aba.beta,True,27,8,0.3435237407684326,0.8109357357025146,0.0024652481079101562,1.1569247245788574,61,27,0,0,0,63,113617,50,37,545,0,1206,16653
oliveira/04_11/randm11.02.02.06.020_0030.01.aba.beta,True,18,8,0.18396377563476562,0.42205190658569336,0.0024743080139160156,0.608489990234375,47,18,0,0,0,38,57773,42,21,347,0,1169,17023
oliveira/04_11/randm11.02.02.06.020_0030.02.aba.beta,True,26,8,0.5775926113128662,0.984419584274292,0.006754875183105469,1.5687670707702637,62,26,0,0,0,71,219995,47,46,539,0,2836,45018
oliveira/04_11/randm11.02.02.06.020_0030.03.aba.beta,True,19,8,0.13886332511901855,0.3034379482269287,0.0021140575408935547,0.4444153308868408,47,19,0,0,0,34,35928,36,16,331,0,1013,14153
oliveira/04_11/randm11.02.02.06.020_0030.04.aba.beta,True,19,8,0.1678924560546875,0.3502039909362793,0.002426624298095703,0.5205230712890625,49,19,0,0,0,34,55102,34,16,369,0,1098,15696
oliveira/04_11/randm11.02.02.06.020_0030.05.aba.beta,True,19,8,0.21638703346252441,0.5200729370117188,0.0027914047241210938,0.7392513751983643,50,19,0,0,0,49,67647,41,31,399,0,1319,19178
oliveira/04_11/randm11.02.02.07.020_0030.01.aba.beta,True,27,9,0.883476734161377,1.5514552593231201,0.00429081916809082,2.439222812652588,75,27,0,0,0,94,313928,58,68,578,0,1952,28204
oliveira/04_11/randm11.02.02.07.020_0030.02.aba.beta,True,26,9,0.6351652145385742,1.4312889575958252,0.004405975341796875,2.0708601474761963,62,26,0,0,0,78,230974,56,53,584,0,2004,29694
oliveira/04_11/randm11.02.02.07.020_0030.03.aba.beta,True,31,9,1.521883487701416,2.4930579662323,0.004483938217163086,4.019425392150879,90,31,0,0,0,129,592238,64,99,771,0,2058,30126
oliveira/04_11/randm11.02.02.07.020_0030.04.aba.beta,True,24,9,2.2257981300354004,3.752331018447876,0.0037941932678222656,5.981923341751099,99,24,0,0,0,202,879066,61,179,685,0,1671,25060
oliveira/04_11/randm11.02.02.07.020_0030.05.aba.beta,True,18,9,0.5120952129364014,1.4264893531799316,0.0022356510162353516,1.9408202171325684,68,18,0,0,0,116,175331,55,99,407,0,1025,14549
oliveira/04_11/randm11.02.02.08.020_0030.01.aba.beta,True,13,6,0.08736515045166016,0.2545969486236572,0.0015511512756347656,0.34351325035095215,38,13,0,0,0,32,26062,29,20,268,0,723,10421
oliveira/04_11/randm11.02.02.08.020_0030.02.aba.beta,True,17,6,0.10500454902648926,0.21953153610229492,0.001950979232788086,0.32648706436157227,35,17,0,0,0,29,23236,29,13,239,0,921,12922
oliveira/04_11/randm11.02.02.08.020_0030.03.aba.beta,True,13,6,0.05217432975769043,0.147691011428833,0.0025680065155029297,0.20243334770202637,31,13,0,0,0,23,9954,29,11,174,0,1214,18338
oliveira/04_11/randm11.02.02.08.020_0030.04.aba.beta,True,11,6,0.08294296264648438,0.27498626708984375,0.0014202594757080078,0.35934948921203613,44,11,0,0,0,35,24576,33,25,262,0,684,9939
oliveira/04_11/randm11.02.02.08.020_0030.05.aba.beta,True,13,6,0.06138181686401367,0.19655489921569824,0.0014734268188476562,0.25941014289855957,38,13,0,0,0,30,14491,31,18,210,0,667,9416
oliveira/04_11/randm11.02.02.09.020_0030.01.aba.beta,True,16,6,0.13012909889221191,0.4219789505004883,0.0025861263275146484,0.5546941757202148,43,16,0,0,0,45,39049,35,30,337,0,1110,16745
oliveira/04_11/randm11.02.02.09.020_0030.02.aba.beta,True,12,6,0.06841754913330078,0.22046470642089844,0.0018198490142822266,0.29070210456848145,34,12,0,0,0,27,17798,29,16,265,0,821,11892
oliveira/04_11/randm11.02.02.09.020_0030.03.aba.beta,True,9,6,0.050994873046875,0.13135600090026855,0.002423524856567383,0.18477439880371094,29,9,0,0,0,14,13136,26,6,220,0,1045,15911
oliveira/04_11/randm11.02.02.09.020_0030.04.aba.beta,True,10,6,0.06174015998840332,0.2116532325744629,0.0017423629760742188,0.27513575553894043,32,10,0,0,0,28,16310,28,19,213,0,794,11803
oliveira/04_11/randm11.02.02.09.020_0030.05.aba.beta,True,18,6,0.1052093505859375,0.30788350105285645,0.0025968551635742188,0.41568970680236816,40,18,0,0,0,33,29649,36,16,335,0,1177,16793
oliveira/04_11/randm11.02.02.10.020_0030.01.aba.beta,True,39,9,10.41934061050415,16.63355541229248,0.010094642639160156,27.06299066543579,141,39,0,0,0,542,4783536,80,504,1267,0,4890,74585
oliveira/04_11/randm11.02.02.10.020_0030.02.aba.beta,True,30,9,6.686851501464844,10.801145792007446,0.005856513977050781,17.49385380744934,146,30,0,0,0,396,2510273,84,367,1171,0,2717,40341
oliveira/04_11/randm11.02.02.10.020_0030.03.aba.beta,True,27,9,7.399724006652832,12.768582105636597,0.003671407699584961,20.171977519989014,148,27,0,0,0,429,2883475,73,403,1177,0,1931,28707
oliveira/04_11/randm11.02.02.10.020_0030.04.aba.beta,True,33,9,9.329937219619751,18.58683729171753,0.0038290023803710938,27.92060351371765,175,33,0,0,0,553,4056252,83,521,1345,0,2036,29478
oliveira/04_11/randm11.02.02.10.020_0030.05.aba.beta,True,19,8,0.4365692138671875,0.9254608154296875,0.003930091857910156,1.3659601211547852,61,19,0,0,0,72,143248,51,54,469,0,1753,26356
oliveira/04_11/randm11.02.02.11.020_0030.01.aba.beta,True,32,11,0.4714784622192383,0.9379255771636963,0.011552810668945312,1.4209568500518799,72,32,0,0,0,75,153154,58,44,512,0,4921,76619
oliveira/04_11/randm11.02.02.11.020_0030.02.aba.beta,True,18,10,0.3429398536682129,0.7581193447113037,0.0049092769622802734,1.1059684753417969,53,18,0,0,0,69,123463,40,52,309,0,1973,29943
oliveira/04_11/randm11.02.02.11.020_0030.03.aba.beta,True,25,11,0.8695416450500488,1.5733215808868408,0.004606485366821289,2.447469711303711,73,25,0,0,0,109,319410,55,85,480,0,2043,30757
oliveira/04_11/randm11.02.02.11.020_0030.04.aba.beta,True,28,11,1.250882863998413,1.9440996646881104,0.008310794830322266,3.2032933235168457,84,28,0,0,0,107,445323,58,80,664,0,3620,55779
oliveira/04_11/randm11.02.02.11.020_0030.05.aba.beta,True,30,11,2.376729726791382,3.2647602558135986,0.011957645416259766,5.65344762802124,104,30,0,0,0,175,968529,67,146,782,0,4601,71445
oliveira/04_11/randm11.02.02.12.020_0030.01.aba.beta,True,26,6,0.21250653266906738,0.5309875011444092,0.003854036331176758,0.7473480701446533,55,26,0,0,0,45,70129,47,20,496,0,1792,25968
oliveira/04_11/randm11.02.02.12.020_0030.02.aba.beta,True,18,6,0.13530182838439941,0.358748197555542,0.0023250579833984375,0.49637508392333984,45,18,0,0,0,35,41076,38,18,337,0,1023,14743
oliveira/04_11/randm11.02.02.12.020_0030.03.aba.beta,True,7,6,0.03000330924987793,0.1100611686706543,0.0014503002166748047,0.14151477813720703,33,7,0,0,0,19,7310,24,13,170,0,641,9820
oliveira/04_11/randm11.02.02.12.020_0030.04.aba.beta,True,14,6,0.0958867073059082,0.27950167655944824,0.001722574234008789,0.37711095809936523,43,14,0,0,0,36,26078,34,23,228,0,816,11702
oliveira/04_11/randm11.02.02.12.020_0030.05.aba.beta,True,20,6,0.16800665855407715,0.43702077865600586,0.003045797348022461,0.6080732345581055,45,20,0,0,0,37,54760,38,18,427,0,1358,20148
oliveira/04_11/randm11.02.02.13.020_0030.01.aba.beta,True,25,9,1.0799553394317627,2.776945114135742,0.002984285354614258,3.859884738922119,88,25,0,0,0,161,417364,59,137,659,0,1384,19422
oliveira/04_11/randm11.02.02.13.020_0030.02.aba.beta,True,12,9,0.3474242687225342,0.8958451747894287,0.0016391277313232422,1.2449085712432861,54,12,0,0,0,89,120585,41,78,295,0,780,11180
oliveira/04_11/randm11.02.02.13.020_0030.03.aba.beta,True,19,9,0.4856741428375244,1.176523208618164,0.002057313919067383,1.6642546653747559,62,19,0,0,0,96,168230,46,78,446,0,937,13141
oliveira/04_11/randm11.02.02.13.020_0030.04.aba.beta,True,21,9,0.9680438041687012,2.058086395263672,0.0028553009033203125,3.0289855003356934,76,21,0,0,0,136,363137,61,116,559,0,1294,18386
oliveira/04_11/randm11.02.02.13.020_0030.05.aba.beta,True,19,9,0.4532911777496338,1.1937894821166992,0.0027980804443359375,1.649878740310669,67,19,0,0,0,97,164476,55,79,511,0,1273,18495
oliveira/04_11/randm11.02.02.14.020_0030.01.aba.beta,True,37,9,2.4711997509002686,4.352304220199585,0.004788875579833984,6.8282928466796875,110,37,0,0,0,171,1014497,72,135,928,0,2157,31063
oliveira/04_11/randm11.02.02.14.020_0030.02.aba.beta,True,27,9,1.2084529399871826,2.748364210128784,0.005819559097290039,3.962636709213257,79,27,0,0,0,106,457071,58,80,628,0,2442,35975
oliveira/04_11/randm11.02.02.14.020_0030.03.aba.beta,True,29,9,2.814194679260254,5.5619215965271,0.005068063735961914,8.381184339523315,106,29,0,0,0,195,989590,68,167,843,0,2205,32549
oliveira/04_11/randm11.02.02.14.020_0030.04.aba.beta,True,28,9,1.23405122756958,2.6800649166107178,0.003912210464477539,3.9180283546447754,85,28,0,0,0,157,461661,69,130,684,0,1817,26235
oliveira/04_11/randm11.02.02.14.020_0030.05.aba.beta,True,26,9,0.8206655979156494,1.5711376667022705,0.004486799240112305,2.3962900638580322,89,26,0,0,0,82,329445,65,57,725,0,1978,29958
oliveira/04_11/randm11.02.02.15.020_0030.01.aba.beta,True,25,10,1.1514053344726562,2.093073844909668,0.002811431884765625,3.24729061126709,75,25,0,0,0,142,438593,51,118,554,0,1316,18487
oliveira/04_11/randm11.02.02.15.020_0030.02.aba.beta,True,29,10,0.48902106285095215,0.895627498626709,0.002835988998413086,1.3874845504760742,60,29,0,0,0,68,164628,47,40,524,0,1223,16558
oliveira/04_11/randm11.02.02.15.020_0030.03.aba.beta,True,17,10,0.18633294105529785,0.43749499320983887,0.002101421356201172,0.6259293556213379,51,17,0,0,0,45,55972,46,29,325,0,934,13294
oliveira/04_11/randm11.02.02.15.020_0030.04.aba.beta,True,15,10,0.6989948749542236,1.5747811794281006,0.0016455650329589844,2.275421619415283,80,15,0,0,0,129,235401,57,115,490,0,768,10773
oliveira/04_11/randm11.02.02.15.020_0030.05.aba.beta,True,16,10,0.3295762538909912,0.7098963260650635,0.002021312713623047,1.0414938926696777,61,16,0,0,0,62,115282,50,47,391,0,912,13181
oliveira/04_11/randm11.02.02.16.020_0030.01.aba.beta,True,20,9,0.31082892417907715,0.7019429206848145,0.002362966537475586,1.0151348114013672,58,20,0,0,0,62,105399,47,43,460,0,1013,14026
oliveira/04_11/randm11.02.02.16.020_0030.02.aba.beta,True,25,9,0.9048638343811035,1.6184122562408447,0.004044771194458008,2.5273208618164062,69,25,0,0,0,107,335685,50,83,575,0,1826,27147
oliveira/04_11/randm11.02.02.16.020_0030.03.aba.beta,True,33,9,1.4645912647247314,2.0277223587036133,0.006041049957275391,3.49835467338562,75,33,0,0,0,100,561260,51,68,631,0,2544,37077
oliveira/04_11/randm11.02.02.16.020_0030.04.aba.beta,True,22,9,0.22989964485168457,0.530907392501831,0.0021407604217529297,0.7629477977752686,50,22,0,0,0,42,68501,40,21,404,0,1049,14495
oliveira/04_11/randm11.02.02.16.020_0030.05.aba.beta,True,28,9,0.37875938415527344,0.6854283809661865,0.003383636474609375,1.0675714015960693,56,28,0,0,0,49,137963,41,22,570,0,1591,22502
oliveira/04_11/randm11.02.02.17.020_0030.01.aba.beta,True,18,11,15.313974142074585,16.359848737716675,0.0019979476928710938,31.67582082748413,168,18,0,0,0,897,8105143,75,880,1181,0,1093,15591
oliveira/04_11/randm11.02.02.17.020_0030.02.aba.beta,True,25,11,2.1177256107330322,3.6467490196228027,0.003954410552978516,5.7684290409088135,94,25,0,0,0,197,849967,63,173,694,0,1774,26536
oliveira/04_11/randm11.02.02.17.020_0030.03.aba.beta,True,33,11,2.3935980796813965,4.948023557662964,0.003658771514892578,7.345280408859253,107,33,0,0,0,184,968520,64,152,941,0,1929,27602
oliveira/04_11/randm11.02.02.17.020_0030.04.aba.beta,True,27,11,3.3161752223968506,5.403462171554565,0.0024886131286621094,8.722126007080078,110,27,0,0,0,293,1383266,67,267,803,0,1494,21089
oliveira/04_11/randm11.02.02.17.020_0030.05.aba.beta,True,40,11,11.839419603347778,13.504490375518799,0.0039942264556884766,25.347904205322266,154,40,0,0,0,677,6774034,91,638,1347,0,2416,35805
oliveira/04_11/randm11.02.02.18.020_0030.01.aba.beta,True,18,7,0.1372828483581543,0.3428525924682617,0.003405332565307617,0.48354077339172363,47,18,0,0,0,41,37255,42,24,320,0,1523,22471
oliveira/04_11/randm11.02.02.18.020_0030.02.aba.beta,True,23,7,0.4087183475494385,1.1674549579620361,0.005221366882324219,1.5813946723937988,59,23,0,0,0,78,159431,47,56,511,0,2328,34838
oliveira/04_11/randm11.02.02.18.020_0030.03.aba.beta,True,12,7,0.24406814575195312,0.7771017551422119,0.0016710758209228516,1.022840976715088,50,12,0,0,0,82,82422,37,71,280,0,793,11322
oliveira/04_11/randm11.02.02.18.020_0030.04.aba.beta,True,19,7,0.0867002010345459,0.18237638473510742,0.0034503936767578125,0.27252697944641113,36,19,0,0,0,23,21185,33,5,260,0,1586,23624
oliveira/04_11/randm11.02.02.18.020_0030.05.aba.beta,True,29,7,0.15983128547668457,0.37462806701660156,0.0057697296142578125,0.540229082107544,50,29,0,0,0,42,47768,42,14,301,0,2658,40525
oliveira/04_11/randm11.02.02.19.020_0030.01.aba.beta,True,38,11,12.584037065505981,48.30015826225281,0.0030145645141601562,60.88720989227295,169,38,0,0,0,624,8211404,66,587,1476,0,1911,27024
oliveira/04_11/randm11.02.02.19.020_0030.02.aba.beta,True,33,11,11.246986150741577,12.578352689743042,0.0044689178466796875,23.8298077583313,183,33,0,0,0,611,6221300,87,579,1331,0,2490,36745
oliveira/04_11/randm11.02.02.19.020_0030.03.aba.beta,True,28,11,1.5910024642944336,2.844977855682373,0.005022764205932617,4.441003084182739,92,28,0,0,0,159,642520,68,132,784,0,2296,33724
oliveira/04_11/randm11.02.02.19.020_0030.04.aba.beta,True,34,11,7.191045045852661,8.043912887573242,0.003077268600463867,15.238035202026367,132,34,0,0,0,459,3672756,74,426,1106,0,1702,24647
oliveira/04_11/randm11.02.02.19.020_0030.05.aba.beta,True,30,11,35.69022178649902,29.11254334449768,0.0025949478149414062,64.80536007881165,217,30,0,0,0,1528,20720403,79,1499,1636,0,1964,28911
