file name,succeeded,learning_rounds,automaton_size,learning_time,smt_time,eq_oracle_time,total_time,queries_learning,validity_query,rule1,rule2,rule3,rule4,nodes,informative_nodes,analyzed_bases,sul_steps,cache_saved,queries_eq_oracle,steps_eq_oracle
oliveira/04_11/randm04.02.02.01.020_0030.01.aba.beta,True,2,3,0.002471923828125,0.03764939308166504,0.0012350082397460938,0.04135632514953613,7,2,0,0,0,2,7,7,1,12,0,536,8587
oliveira/04_11/randm04.02.02.01.020_0030.02.aba.beta,True,6,4,0.00793600082397461,0.05191159248352051,0.0031435489654541016,0.06299114227294922,11,6,0,0,0,6,12,11,1,24,0,1378,21897
oliveira/04_11/randm04.02.02.01.020_0030.03.aba.beta,True,6,4,0.008015871047973633,0.055149078369140625,0.002457141876220703,0.06562209129333496,13,6,0,0,0,7,14,13,2,32,0,1044,16720
oliveira/04_11/randm04.02.02.01.020_0030.04.aba.beta,True,5,4,0.0068929195404052734,0.05808305740356445,0.0018985271453857422,0.06687450408935547,13,5,0,0,0,6,16,12,2,34,0,817,12918
oliveira/04_11/randm04.02.02.01.020_0030.05.aba.beta,True,6,4,0.007748126983642578,0.05383872985839844,0.003461122512817383,0.0650479793548584,11,6,0,0,0,6,15,11,1,27,0,1610,25420
oliveira/04_11/randm04.02.02.02.020_0030.01.aba.beta,True,1,1,0.0009853839874267578,0.030072689056396484,0.0012962818145751953,0.03235435485839844,3,1,0,0,0,1,3,3,1,2,0,543,8623
oliveira/04_11/randm04.02.02.02.020_0030.02.aba.beta,True,1,1,0.0008709430694580078,0.02995467185974121,0.00127410888671875,0.03209972381591797,3,1,0,0,0,1,3,3,1,2,0,537,8598
oliveira/04_11/randm04.02.02.02.020_0030.03.aba.beta,True,1,1,0.0009446144104003906,0.030493974685668945,0.0012412071228027344,0.03267979621887207,3,1,0,0,0,1,3,3,1,2,0,527,8532
oliveira/04_11/randm04.02.02.02.020_0030.04.aba.beta,True,1,1,0.0012743473052978516,0.03267192840576172,0.0011839866638183594,0.03513026237487793,3,1,0,0,0,1,3,3,1,2,0,536,8589
oliveira/04_11/randm04.02.02.02.020_0030.05.aba.beta,True,1,1,0.0008661746978759766,0.03125762939453125,0.001130819320678711,0.03325462341308594,3,1,0,0,0,1,3,3,1,2,0,536,8583
oliveira/04_11/randm04.02.02.03.020_0030.01.aba.beta,True,2,3,0.0024712085723876953,0.04142260551452637,0.0013053417205810547,0.04519915580749512,10,2,0,0,0,4,12,10,3,21,0,536,8563
oliveira/04_11/randm04.02.02.03.020_0030.02.aba.beta,True,2,3,0.002550840377807617,0.044835805892944336,0.0013377666473388672,0.04872441291809082,10,2,0,0,0,4,20,9,3,29,0,545,8658
oliveira/04_11/randm04.02.02.03.020_0030.03.aba.beta,True,2,3,0.0024459362030029297,0.034752607345581055,0.0012309551239013672,0.03842949867248535,7,2,0,0,0,2,7,7,1,12,0,540,8598
oliveira/04_11/randm04.02.02.03.020_0030.04.aba.beta,True,2,3,0.0022916793823242188,0.03461575508117676,0.0012454986572265625,0.03815293312072754,7,2,0,0,0,2,7,7,1,12,0,543,8612
oliveira/04_11/randm04.02.02.03.020_0030.05.aba.beta,True,2,3,0.002524137496948242,0.01684403419494629,0.0013217926025390625,0.020689964294433594,10,2,0,0,0,4,14,9,3,23,0,538,8578
oliveira/04_11/randm04.02.02.04.020_0030.01.aba.beta,True,1,1,0.0007886886596679688,0.029461145401000977,0.0013096332550048828,0.03155946731567383,3,1,0,0,0,1,3,3,1,2,0,529,8558
oliveira/04_11/randm04.02.02.04.020_0030.02.aba.beta,True,1,1,0.0008296966552734375,0.029832124710083008,0.0012056827545166016,0.03186750411987305,3,1,0,0,0,1,3,3,1,2,0,531,8570
oliveira/04_11/randm04.02.02.04.020_0030.03.aba.beta,True,1,1,0.0010175704956054688,0.002012968063354492,0.0011622905731201172,0.004192829132080078,3,1,0,0,0,1,3,3,1,2,0,532,8571
oliveira/04_11/randm04.02.02.04.020_0030.04.aba.beta,True,1,1,0.0010073184967041016,0.0019664764404296875,0.0012698173522949219,0.004243612289428711,3,1,0,0,0,1,3,3,1,2,0,535,8587
oliveira/04_11/randm04.02.02.04.020_0030.05.aba.beta,True,1,1,0.0010378360748291016,0.0023844242095947266,0.001123189926147461,0.004545450210571289,3,1,0,0,0,1,3,3,1,2,0,539,8598
oliveira/04_11/randm04.02.02.05.020_0030.01.aba.beta,True,1,2,0.0014526844024658203,0.0030183792114257812,0.0011439323425292969,0.0056149959564208984,5,1,0,0,0,1,5,5,1,6,0,533,8580
oliveira/04_11/randm04.02.02.05.020_0030.02.aba.beta,True,1,2,0.0011315345764160156,0.002778291702270508,0.00113677978515625,0.0050466060638427734,5,1,0,0,0,1,5,5,1,6,0,529,8561
oliveira/04_11/randm04.02.02.05.020_0030.03.aba.beta,True,1,2,0.0014710426330566406,0.0029828548431396484,0.00106048583984375,0.005514383316040039,5,1,0,0,0,1,5,5,1,6,0,538,8604
oliveira/04_11/randm04.02.02.05.020_0030.04.aba.beta,True,1,2,0.0011661052703857422,0.0030057430267333984,0.0010950565338134766,0.005266904830932617,5,1,0,0,0,1,5,5,1,6,0,531,8548
oliveira/04_11/randm04.02.02.05.020_0030.05.aba.beta,True,1,2,0.0012578964233398438,0.0024919509887695312,0.0011615753173828125,0.0049114227294921875,5,1,0,0,0,1,5,5,1,6,0,528,8549
oliveira/04_11/randm04.02.02.06.020_0030.01.aba.beta,True,2,3,0.002301931381225586,0.009502172470092773,0.001148223876953125,0.012952327728271484,8,2,0,0,0,3,12,8,2,17,0,534,8558
oliveira/04_11/randm04.02.02.06.020_0030.02.aba.beta,True,2,3,0.0022058486938476562,0.010401248931884766,0.0011560916900634766,0.013763189315795898,8,2,0,0,0,3,16,8,2,21,0,552,8677
oliveira/04_11/randm04.02.02.06.020_0030.03.aba.beta,True,4,3,0.004886150360107422,0.015295982360839844,0.0014805793762207031,0.02166271209716797,9,4,0,0,0,4,19,9,1,33,0,563,8743
oliveira/04_11/randm04.02.02.06.020_0030.04.aba.beta,True,4,3,0.0045435428619384766,0.01594996452331543,0.0013289451599121094,0.021822452545166016,9,4,0,0,0,4,29,9,1,49,0,582,9018
oliveira/04_11/randm04.02.02.06.020_0030.05.aba.beta,True,2,3,0.002216815948486328,0.00856637954711914,0.0012140274047851562,0.011997222900390625,8,2,0,0,0,3,10,8,2,15,0,546,8620
oliveira/04_11/randm04.02.02.07.020_0030.01.aba.beta,True,1,2,0.001111745834350586,0.002918720245361328,0.0011866092681884766,0.005217075347900391,5,1,0,0,0,1,5,5,1,6,0,531,8557
oliveira/04_11/randm04.02.02.07.020_0030.02.aba.beta,True,1,2,0.0010676383972167969,0.002694368362426758,0.0011703968048095703,0.004932403564453125,5,1,0,0,0,1,5,5,1,6,0,531,8567
oliveira/04_11/randm04.02.02.07.020_0030.03.aba.beta,True,1,2,0.0009737014770507812,0.002454996109008789,0.0011436939239501953,0.004572391510009766,5,1,0,0,0,1,5,5,1,6,0,538,8600
oliveira/04_11/randm04.02.02.07.020_0030.04.aba.beta,True,1,2,0.0009944438934326172,0.0025718212127685547,0.0011861324310302734,0.004752397537231445,5,1,0,0,0,1,5,5,1,6,0,538,8598
oliveira/04_11/randm04.02.02.07.020_0030.05.aba.beta,True,1,2,0.0010051727294921875,0.0027954578399658203,0.0011699199676513672,0.004970550537109375,5,1,0,0,0,1,5,5,1,6,0,541,8614
oliveira/04_11/randm04.02.02.08.020_0030.01.aba.beta,True,12,4,0.01703047752380371,0.12966609001159668,0.0018432140350341797,0.14853978157043457,26,12,0,0,0,18,64,25,7,229,0,875,12831
oliveira/04_11/randm04.02.02.08.020_0030.02.aba.beta,True,9,4,0.01363229751586914,0.07356095314025879,0.0015096664428710938,0.08870291709899902,20,9,0,0,0,12,48,18,4,153,0,715,10801
oliveira/04_11/randm04.02.02.08.020_0030.03.aba.beta,True,7,4,0.010053157806396484,0.02953171730041504,0.0014200210571289062,0.04100489616394043,13,7,0,0,0,7,20,13,1,52,0,685,10478
oliveira/04_11/randm04.02.02.08.020_0030.04.aba.beta,True,5,4,0.006285429000854492,0.02188897132873535,0.001300811767578125,0.02947521209716797,11,5,0,0,0,5,11,11,1,31,0,561,8660
oliveira/04_11/randm04.02.02.08.020_0030.05.aba.beta,True,8,4,0.012595653533935547,0.08022928237915039,0.0014374256134033203,0.09426236152648926,22,8,0,0,0,14,46,21,7,127,0,689,10150
oliveira/04_11/randm04.02.02.09.020_0030.01.aba.beta,True,2,3,0.0033011436462402344,0.016942501068115234,0.0012621879577636719,0.02150583267211914,12,2,0,0,0,5,13,12,4,27,0,541,8608
oliveira/04_11/randm04.02.02.09.020_0030.02.aba.beta,True,2,3,0.002797365188598633,0.017896413803100586,0.0011718273162841797,0.0218656063079834,12,2,0,0,0,5,17,11,4,31,0,534,8569
oliveira/04_11/randm04.02.02.09.020_0030.03.aba.beta,True,2,3,0.0027322769165039062,0.013776779174804688,0.001556396484375,0.018065452575683594,10,2,0,0,0,4,16,10,3,25,0,545,8636
oliveira/04_11/randm04.02.02.09.020_0030.04.aba.beta,True,2,3,0.002859830856323242,0.015529632568359375,0.0013794898986816406,0.019768953323364258,10,2,0,0,0,4,22,10,3,31,0,553,8716
oliveira/04_11/randm04.02.02.09.020_0030.05.aba.beta,True,2,3,0.0028963088989257812,0.018669843673706055,0.0012829303741455078,0.022849082946777344,12,2,0,0,0,5,20,12,4,34,0,549,8669
oliveira/04_11/randm04.02.02.10.020_0030.01.aba.beta,True,3,4,0.006449699401855469,0.036119937896728516,0.0012664794921875,0.043836116790771484,15,3,0,0,0,7,38,14,5,57,0,593,9290
oliveira/04_11/randm04.02.02.10.020_0030.02.aba.beta,True,2,4,0.0030786991119384766,0.023688793182373047,0.0011286735534667969,0.02789616584777832,14,2,0,0,0,6,19,13,5,37,0,530,8565
oliveira/04_11/randm04.02.02.10.020_0030.03.aba.beta,True,2,4,0.004640102386474609,0.05179905891418457,0.0011310577392578125,0.05757021903991699,16,2,0,0,0,9,39,16,8,61,0,562,8955
oliveira/04_11/randm04.02.02.10.020_0030.04.aba.beta,True,2,4,0.0031049251556396484,0.027879714965820312,0.0011920928955078125,0.03217673301696777,14,2,0,0,0,6,30,13,5,47,0,555,8784
oliveira/04_11/randm04.02.02.10.020_0030.05.aba.beta,True,4,4,0.006567478179931641,0.0438840389251709,0.0013306140899658203,0.05178213119506836,16,4,0,0,0,8,51,15,5,83,0,624,9605
oliveira/04_11/randm04.02.02.11.020_0030.01.aba.beta,True,7,4,0.01108551025390625,0.03034234046936035,0.0030508041381835938,0.044478654861450195,13,7,0,0,0,7,18,13,1,36,0,1329,20771
oliveira/04_11/randm04.02.02.11.020_0030.02.aba.beta,True,7,4,0.010788440704345703,0.02475762367248535,0.002918243408203125,0.03846430778503418,13,7,0,0,0,7,13,13,1,31,0,1290,20261
oliveira/04_11/randm04.02.02.11.020_0030.03.aba.beta,True,7,4,0.01133418083190918,0.026388883590698242,0.0016565322875976562,0.03937959671020508,13,7,0,0,0,7,14,13,1,38,0,846,13003
oliveira/04_11/randm04.02.02.11.020_0030.04.aba.beta,True,7,4,0.011560916900634766,0.028833389282226562,0.0019986629486083984,0.04239296913146973,13,7,0,0,0,7,14,12,1,38,0,940,14680
oliveira/04_11/randm04.02.02.11.020_0030.05.aba.beta,True,8,4,0.011590719223022461,0.028653621673583984,0.0027043819427490234,0.04294872283935547,14,8,0,0,0,8,15,13,1,39,0,1183,19109
oliveira/04_11/randm04.02.02.12.020_0030.01.aba.beta,True,2,3,0.003953456878662109,0.013197898864746094,0.0011539459228515625,0.018305301666259766,10,2,0,0,0,4,16,10,3,25,0,545,8621
oliveira/04_11/randm04.02.02.12.020_0030.02.aba.beta,True,2,3,0.00455927848815918,0.013378381729125977,0.0012078285217285156,0.019145488739013672,10,2,0,0,0,4,15,10,3,24,0,550,8653
oliveira/04_11/randm04.02.02.12.020_0030.03.aba.beta,True,2,3,0.0048828125,0.016927242279052734,0.001209259033203125,0.02301931381225586,12,2,0,0,0,5,15,12,4,29,0,551,8639
oliveira/04_11/randm04.02.02.12.020_0030.04.aba.beta,True,2,3,0.00468754768371582,0.015630245208740234,0.0012006759643554688,0.021518468856811523,12,2,0,0,0,5,13,12,4,27,0,541,8599
oliveira/04_11/randm04.02.02.12.020_0030.05.aba.beta,True,2,3,0.0051386356353759766,0.017600536346435547,0.0011153221130371094,0.023854494094848633,12,2,0,0,0,5,17,12,4,31,0,540,8607
oliveira/04_11/randm04.02.02.13.020_0030.01.aba.beta,True,1,1,0.0008561611175537109,0.0027785301208496094,0.0011284351348876953,0.004763126373291016,3,1,0,0,0,1,3,3,1,2,0,528,8539
oliveira/04_11/randm04.02.02.13.020_0030.02.aba.beta,True,1,1,0.0007545948028564453,0.00180816650390625,0.0011856555938720703,0.0037484169006347656,3,1,0,0,0,1,3,3,1,2,0,535,8584
oliveira/04_11/randm04.02.02.13.020_0030.03.aba.beta,True,1,1,0.0012483596801757812,0.0019495487213134766,0.0011014938354492188,0.0042994022369384766,3,1,0,0,0,1,3,3,1,2,0,534,8583
oliveira/04_11/randm04.02.02.13.020_0030.04.aba.beta,True,1,1,0.0009768009185791016,0.002924203872680664,0.001138448715209961,0.0050394535064697266,3,1,0,0,0,1,3,3,1,2,0,537,8593
oliveira/04_11/randm04.02.02.13.020_0030.05.aba.beta,True,1,1,0.0008218288421630859,0.0021500587463378906,0.0011265277862548828,0.004098415374755859,3,1,0,0,0,1,3,3,1,2,0,543,8623
oliveira/04_11/randm04.02.02.14.020_0030.01.aba.beta,True,5,4,0.006441354751586914,0.020037412643432617,0.0012428760528564453,0.027721643447875977,11,5,0,0,0,5,26,11,1,44,0,577,8859
oliveira/04_11/randm04.02.02.14.020_0030.02.aba.beta,True,4,4,0.0049326419830322266,0.013719320297241211,0.0011112689971923828,0.01976323127746582,10,4,0,0,0,4,11,9,1,21,0,548,8614
oliveira/04_11/randm04.02.02.14.020_0030.03.aba.beta,True,5,4,0.007016420364379883,0.038408517837524414,0.0012881755828857422,0.04671311378479004,17,5,0,0,0,9,24,17,5,72,0,583,8877
oliveira/04_11/randm04.02.02.14.020_0030.04.aba.beta,True,3,4,0.0051116943359375,0.03838300704956055,0.0012111663818359375,0.044705867767333984,17,3,0,0,0,9,22,16,7,53,0,554,8684
oliveira/04_11/randm04.02.02.14.020_0030.05.aba.beta,True,4,4,0.004781007766723633,0.015599489212036133,0.001138448715209961,0.021518945693969727,10,4,0,0,0,4,12,10,1,22,0,546,8595
oliveira/04_11/randm04.02.02.15.020_0030.01.aba.beta,True,1,2,0.0015170574188232422,0.002671480178833008,0.0011501312255859375,0.0053386688232421875,5,1,0,0,0,1,5,4,1,6,0,533,8586
oliveira/04_11/randm04.02.02.15.020_0030.02.aba.beta,True,1,2,0.0009925365447998047,0.002452850341796875,0.0011279582977294922,0.004573345184326172,5,1,0,0,0,1,5,5,1,6,0,532,8581
oliveira/04_11/randm04.02.02.15.020_0030.03.aba.beta,True,1,2,0.0011157989501953125,0.002525806427001953,0.0011181831359863281,0.004759788513183594,5,1,0,0,0,1,5,5,1,6,0,541,8605
oliveira/04_11/randm04.02.02.15.020_0030.04.aba.beta,True,1,2,0.0011370182037353516,0.002584695816040039,0.0011434555053710938,0.004865169525146484,5,1,0,0,0,1,5,5,1,6,0,542,8616
oliveira/04_11/randm04.02.02.15.020_0030.05.aba.beta,True,1,2,0.0012860298156738281,0.00234222412109375,0.001140594482421875,0.004768848419189453,5,1,0,0,0,1,5,5,1,6,0,534,8580
oliveira/04_11/randm04.02.02.16.020_0030.01.aba.beta,True,6,3,0.006884574890136719,0.028835773468017578,0.0013065338134765625,0.03702688217163086,12,6,0,0,0,7,40,12,2,71,0,621,9478
oliveira/04_11/randm04.02.02.16.020_0030.02.aba.beta,True,4,3,0.005112409591674805,0.02033209800720215,0.0011990070343017578,0.02664351463317871,12,4,0,0,0,6,23,11,3,48,0,567,8770
oliveira/04_11/randm04.02.02.16.020_0030.03.aba.beta,True,5,3,0.00548243522644043,0.036542654037475586,0.001451730728149414,0.04347681999206543,13,5,0,0,0,7,54,13,3,84,0,636,9785
oliveira/04_11/randm04.02.02.16.020_0030.04.aba.beta,True,5,3,0.0061817169189453125,0.02760004997253418,0.001209259033203125,0.03499102592468262,13,5,0,0,0,7,32,13,3,82,0,611,9297
oliveira/04_11/randm04.02.02.16.020_0030.05.aba.beta,True,6,3,0.006847858428955078,0.026975631713867188,0.0012962818145751953,0.03511977195739746,12,6,0,0,0,7,28,12,2,77,0,604,9151
oliveira/04_11/randm04.02.02.17.020_0030.01.aba.beta,True,2,3,0.002407550811767578,0.015587329864501953,0.0011818408966064453,0.019176721572875977,10,2,0,0,0,4,16,10,3,25,0,549,8649
oliveira/04_11/randm04.02.02.17.020_0030.02.aba.beta,True,2,3,0.002408266067504883,0.015470027923583984,0.0012028217315673828,0.01908111572265625,10,2,0,0,0,4,22,10,3,31,0,553,8710
oliveira/04_11/randm04.02.02.17.020_0030.03.aba.beta,True,2,3,0.0030188560485839844,0.016855239868164062,0.0012025833129882812,0.021076679229736328,12,2,0,0,0,5,16,12,4,30,0,535,8562
oliveira/04_11/randm04.02.02.17.020_0030.04.aba.beta,True,2,3,0.002932310104370117,0.018021345138549805,0.001203298568725586,0.022156953811645508,12,2,0,0,0,5,18,12,4,32,0,535,8572
oliveira/04_11/randm04.02.02.17.020_0030.05.aba.beta,True,2,3,0.004568576812744141,0.013666868209838867,0.001211404800415039,0.019446849822998047,10,2,0,0,0,4,17,10,3,26,0,540,8576
oliveira/04_11/randm04.02.02.18.020_0030.01.aba.beta,True,6,4,0.007974863052368164,0.03338742256164551,0.001222372055053711,0.04258465766906738,15,6,0,0,0,8,22,15,3,52,0,608,9200
oliveira/04_11/randm04.02.02.18.020_0030.02.aba.beta,True,3,4,0.004142045974731445,0.02188587188720703,0.0012485980987548828,0.02727651596069336,13,3,0,0,0,6,19,13,4,42,0,561,8719
oliveira/04_11/randm04.02.02.18.020_0030.03.aba.beta,True,4,4,0.0053272247314453125,0.0375523567199707,0.0012247562408447266,0.04410433769226074,16,4,0,0,0,9,22,15,6,56,0,567,8749
oliveira/04_11/randm04.02.02.18.020_0030.04.aba.beta,True,5,4,0.007177114486694336,0.03288102149963379,0.0015113353729248047,0.04156947135925293,14,5,0,0,0,7,44,14,3,73,0,726,11214
oliveira/04_11/randm04.02.02.18.020_0030.05.aba.beta,True,6,4,0.00837564468383789,0.03609657287597656,0.0012018680572509766,0.04567408561706543,15,6,0,0,0,8,28,15,3,66,0,587,8928
oliveira/04_11/randm04.02.02.19.020_0030.01.aba.beta,True,3,3,0.003620147705078125,0.01772308349609375,0.0011909008026123047,0.02253413200378418,11,3,0,0,0,5,21,11,3,39,0,556,8704
oliveira/04_11/randm04.02.02.19.020_0030.02.aba.beta,True,3,3,0.003395557403564453,0.01893925666809082,0.0012059211730957031,0.023540735244750977,11,3,0,0,0,5,21,11,3,43,0,568,8790
oliveira/04_11/randm04.02.02.19.020_0030.03.aba.beta,True,4,3,0.005208253860473633,0.026206016540527344,0.0012102127075195312,0.03262448310852051,14,4,0,0,0,7,23,13,4,52,0,562,8741
oliveira/04_11/randm04.02.02.19.020_0030.04.aba.beta,True,5,3,0.005564451217651367,0.02918696403503418,0.0013430118560791016,0.03609442710876465,15,5,0,0,0,8,17,14,4,48,0,561,8672
oliveira/04_11/randm04.02.02.19.020_0030.05.aba.beta,True,4,3,0.00501704216003418,0.024469375610351562,0.0013027191162109375,0.03078913688659668,12,4,0,0,0,6,23,11,3,55,0,573,8836
oliveira/04_11/randm05.02.02.01.020_0030.01.aba.beta,True,4,3,0.005529642105102539,0.014949798583984375,0.0013051033020019531,0.021784543991088867,10,4,0,0,0,5,16,10,2,34,0,556,8660
oliveira/04_11/randm05.02.02.01.020_0030.02.aba.beta,True,4,3,0.005005359649658203,0.015742778778076172,0.0012094974517822266,0.0219576358795166,10,4,0,0,0,5,22,10,2,39,0,567,8781
oliveira/04_11/randm05.02.02.01.020_0030.03.aba.beta,True,6,3,0.006654262542724609,0.019763708114624023,0.0012347698211669922,0.027652740478515625,11,6,0,0,0,6,16,10,1,45,0,584,8801
oliveira/04_11/randm05.02.02.01.020_0030.04.aba.beta,True,3,3,0.0035092830657958984,0.00882101058959961,0.0011756420135498047,0.013505935668945312,8,3,0,0,0,3,14,8,1,22,0,548,8633
oliveira/04_11/randm05.02.02.01.020_0030.05.aba.beta,True,4,3,0.004557609558105469,0.014071226119995117,0.001220703125,0.019849538803100586,9,4,0,0,0,4,19,9,1,33,0,548,8650
oliveira/04_11/randm05.02.02.02.020_0030.01.aba.beta,True,2,3,0.0021359920501708984,0.005369424819946289,0.0011167526245117188,0.008622169494628906,7,2,0,0,0,2,7,7,1,12,0,524,8509
oliveira/04_11/randm05.02.02.02.020_0030.02.aba.beta,True,3,3,0.003404855728149414,0.0161898136138916,0.0012462139129638672,0.020840883255004883,11,3,0,0,0,5,22,10,3,40,0,560,8751
oliveira/04_11/randm05.02.02.02.020_0030.03.aba.beta,True,2,3,0.002002716064453125,0.01328277587890625,0.0011219978332519531,0.016407489776611328,10,2,0,0,0,4,23,10,3,32,0,544,8682
oliveira/04_11/randm05.02.02.02.020_0030.04.aba.beta,True,2,3,0.001794576644897461,0.005048274993896484,0.00121307373046875,0.008055925369262695,7,2,0,0,0,2,7,7,1,12,0,537,8583
oliveira/04_11/randm05.02.02.02.020_0030.05.aba.beta,True,2,3,0.0017325878143310547,0.005014657974243164,0.0011820793151855469,0.007929325103759766,7,2,0,0,0,2,7,7,1,12,0,535,8572
oliveira/04_11/randm05.02.02.03.020_0030.01.aba.beta,True,1,1,0.0009698867797851562,0.001745462417602539,0.0011196136474609375,0.003834962844848633,3,1,0,0,0,1,3,3,1,2,0,543,8619
oliveira/04_11/randm05.02.02.03.020_0030.02.aba.beta,True,1,1,0.0010907649993896484,0.001795053482055664,0.0010840892791748047,0.003969907760620117,3,1,0,0,0,1,3,3,1,2,0,538,8597
oliveira/04_11/randm05.02.02.03.020_0030.03.aba.beta,True,1,1,0.0011060237884521484,0.0017802715301513672,0.0011513233184814453,0.004037618637084961,3,1,0,0,0,1,3,3,1,2,0,537,8598
oliveira/04_11/randm05.02.02.03.020_0030.04.aba.beta,True,1,1,0.0008544921875,0.00167083740234375,0.001142263412475586,0.003667593002319336,3,1,0,0,0,1,3,3,1,2,0,534,8583
oliveira/04_11/randm05.02.02.03.020_0030.05.aba.beta,True,1,1,0.0009353160858154297,0.0016956329345703125,0.0010852813720703125,0.0037162303924560547,3,1,0,0,0,1,3,3,1,2,0,521,8531
oliveira/04_11/randm05.02.02.04.020_0030.01.aba.beta,True,5,5,0.012091875076293945,0.06566596031188965,0.0013337135314941406,0.07909154891967773,23,5,0,0,0,13,36,21,9,84,0,603,9242
oliveira/04_11/randm05.02.02.04.020_0030.02.aba.beta,True,4,5,0.008065938949584961,0.04207158088684082,0.0013933181762695312,0.05153083801269531,16,4,0,0,0,9,25,16,6,60,0,620,9635
oliveira/04_11/randm05.02.02.04.020_0030.03.aba.beta,True,3,5,0.0048558712005615234,0.05864071846008301,0.0011942386627197266,0.06469082832336426,15,3,0,0,0,10,24,15,8,51,0,571,8783
oliveira/04_11/randm05.02.02.04.020_0030.04.aba.beta,True,10,5,0.016434907913208008,0.0786123275756836,0.001497507095336914,0.09654474258422852,20,10,0,0,0,12,43,20,3,127,0,729,10744
oliveira/04_11/randm05.02.02.04.020_0030.05.aba.beta,True,11,5,0.019597291946411133,0.07451891899108887,0.0015752315521240234,0.09569144248962402,21,11,0,0,0,13,43,21,3,143,0,691,10125
oliveira/04_11/randm05.02.02.05.020_0030.01.aba.beta,True,3,4,0.004965543746948242,0.039234161376953125,0.001173257827758789,0.045372962951660156,17,3,0,0,0,10,20,16,8,51,0,551,8627
oliveira/04_11/randm05.02.02.05.020_0030.02.aba.beta,True,4,4,0.0060520172119140625,0.03247475624084473,0.0013027191162109375,0.03982949256896973,17,4,0,0,0,8,19,17,5,53,0,554,8640
oliveira/04_11/randm05.02.02.05.020_0030.03.aba.beta,True,4,4,0.005202054977416992,0.033357858657836914,0.0011703968048095703,0.03973031044006348,17,4,0,0,0,8,31,16,5,65,0,565,8803
oliveira/04_11/randm05.02.02.05.020_0030.04.aba.beta,True,5,4,0.006717681884765625,0.044610023498535156,0.0012438297271728516,0.05257153511047363,18,5,0,0,0,9,38,17,5,103,0,609,9408
oliveira/04_11/randm05.02.02.05.020_0030.05.aba.beta,True,5,4,0.00793313980102539,0.060703277587890625,0.001352071762084961,0.06998848915100098,19,5,0,0,0,12,42,19,8,97,0,627,9606
oliveira/04_11/randm05.02.02.06.020_0030.01.aba.beta,True,7,5,0.012935400009155273,0.06269168853759766,0.0014777183532714844,0.07710480690002441,21,7,0,0,0,13,36,18,7,98,0,728,11086
oliveira/04_11/randm05.02.02.06.020_0030.02.aba.beta,True,6,5,0.010438680648803711,0.05414938926696777,0.0013270378112792969,0.06591510772705078,20,6,0,0,0,12,27,19,7,82,0,614,9273
oliveira/04_11/randm05.02.02.06.020_0030.03.aba.beta,True,9,5,0.015796184539794922,0.11642742156982422,0.00146484375,0.13368844985961914,29,9,0,0,0,20,57,26,12,173,0,671,9927
oliveira/04_11/randm05.02.02.06.020_0030.04.aba.beta,True,10,5,0.02177739143371582,0.22574615478515625,0.001962423324584961,0.24948596954345703,36,10,0,0,0,30,81,29,21,225,0,830,12257
oliveira/04_11/randm05.02.02.06.020_0030.05.aba.beta,True,9,5,0.014986515045166016,0.08468961715698242,0.0014300346374511719,0.10110616683959961,23,9,0,0,0,16,34,21,8,138,0,645,9329
oliveira/04_11/randm05.02.02.07.020_0030.01.aba.beta,True,12,5,0.02686929702758789,0.3227269649505615,0.0026128292083740234,0.35220909118652344,41,12,0,0,0,32,111,36,21,284,0,1208,18171
oliveira/04_11/randm05.02.02.07.020_0030.02.aba.beta,True,9,5,0.01651906967163086,0.18622112274169922,0.001893758773803711,0.2046339511871338,28,9,0,0,0,21,92,27,13,203,0,852,12927
oliveira/04_11/randm05.02.02.07.020_0030.03.aba.beta,True,13,5,0.02872443199157715,0.22574973106384277,0.0021545886993408203,0.25662875175476074,34,13,0,0,0,26,81,31,14,246,0,1016,15079
oliveira/04_11/randm05.02.02.07.020_0030.04.aba.beta,True,11,5,0.023791074752807617,0.222306489944458,0.0028176307678222656,0.2489151954650879,32,11,0,0,0,24,111,29,14,225,0,1318,20244
oliveira/04_11/randm05.02.02.07.020_0030.05.aba.beta,True,14,5,0.03331112861633301,0.3390228748321533,0.0027179718017578125,0.37505197525024414,43,14,0,0,0,34,95,32,21,273,0,1259,18696
oliveira/04_11/randm05.02.02.08.020_0030.01.aba.beta,True,4,3,0.004904985427856445,0.017101764678955078,0.0017211437225341797,0.023727893829345703,10,4,0,0,0,5,18,10,2,30,0,789,12484
oliveira/04_11/randm05.02.02.08.020_0030.02.aba.beta,True,4,3,0.0074977874755859375,0.017467260360717773,0.0021369457244873047,0.027101993560791016,10,4,0,0,0,5,20,10,2,33,0,962,15132
oliveira/04_11/randm05.02.02.08.020_0030.03.aba.beta,True,4,3,0.006471157073974609,0.013300418853759766,0.0012192726135253906,0.020990848541259766,9,4,0,0,0,4,16,8,1,29,0,558,8690
oliveira/04_11/randm05.02.02.08.020_0030.04.aba.beta,True,4,3,0.0072307586669921875,0.012592554092407227,0.0010967254638671875,0.0209200382232666,9,4,0,0,0,4,13,9,1,25,0,554,8652
oliveira/04_11/randm05.02.02.08.020_0030.05.aba.beta,True,4,3,0.0046977996826171875,0.01604437828063965,0.0018358230590820312,0.022578001022338867,10,4,0,0,0,5,14,10,2,26,0,851,13362
oliveira/04_11/randm05.02.02.09.020_0030.01.aba.beta,True,5,4,0.008066177368164062,0.05124235153198242,0.0014600753784179688,0.06076860427856445,15,5,0,0,0,10,43,15,6,86,0,657,10160
oliveira/04_11/randm05.02.02.09.020_0030.02.aba.beta,True,4,4,0.007559537887573242,0.0514986515045166,0.0013222694396972656,0.06038045883178711,18,4,0,0,0,11,34,15,8,79,0,585,8957
oliveira/04_11/randm05.02.02.09.020_0030.03.aba.beta,True,4,4,0.005902767181396484,0.02694559097290039,0.001482248306274414,0.03433060646057129,13,4,0,0,0,6,33,12,3,63,0,639,9924
oliveira/04_11/randm05.02.02.09.020_0030.04.aba.beta,True,5,4,0.007857799530029297,0.028109073638916016,0.0012729167938232422,0.037239789962768555,14,5,0,0,0,7,19,13,3,54,0,575,8779
oliveira/04_11/randm05.02.02.09.020_0030.05.aba.beta,True,5,4,0.00876760482788086,0.02854752540588379,0.0012481212615966797,0.03856325149536133,14,5,0,0,0,7,28,13,3,64,0,579,8914
oliveira/04_11/randm05.02.02.10.020_0030.01.aba.beta,True,11,5,0.018813371658325195,0.10281753540039062,0.002450704574584961,0.12408161163330078,26,11,0,0,0,16,46,24,6,188,0,1128,17097
oliveira/04_11/randm05.02.02.10.020_0030.02.aba.beta,True,8,5,0.013254880905151367,0.12002706527709961,0.001978635787963867,0.13526058197021484,28,8,0,0,0,20,45,26,13,158,0,938,14157
oliveira/04_11/randm05.02.02.10.020_0030.03.aba.beta,True,8,5,0.01470184326171875,0.11020612716674805,0.0013551712036132812,0.12626314163208008,26,8,0,0,0,17,40,25,10,161,0,643,9523
oliveira/04_11/randm05.02.02.10.020_0030.04.aba.beta,True,8,5,0.014885663986206055,0.08340644836425781,0.0026726722717285156,0.10096478462219238,24,8,0,0,0,16,41,22,9,118,0,1167,18071
oliveira/04_11/randm05.02.02.10.020_0030.05.aba.beta,True,8,5,0.018564939498901367,0.10857534408569336,0.002273082733154297,0.12941336631774902,25,8,0,0,0,17,50,22,10,118,0,1023,15871
oliveira/04_11/randm05.02.02.11.020_0030.01.aba.beta,True,11,5,0.02493143081665039,0.08331680297851562,0.005217075347900391,0.1134653091430664,21,11,0,0,0,15,38,20,5,99,0,2336,36205
oliveira/04_11/randm05.02.02.11.020_0030.02.aba.beta,True,8,5,0.012134552001953125,0.06301331520080566,0.0031354427337646484,0.07828330993652344,18,8,0,0,0,12,28,18,5,63,0,1470,23243
oliveira/04_11/randm05.02.02.11.020_0030.03.aba.beta,True,10,5,0.014156818389892578,0.0846397876739502,0.0016326904296875,0.10042929649353027,21,10,0,0,0,14,53,18,5,149,0,737,11072
oliveira/04_11/randm05.02.02.11.020_0030.04.aba.beta,True,9,5,0.013280868530273438,0.07385706901550293,0.0014905929565429688,0.08862853050231934,19,9,0,0,0,13,48,19,5,130,0,695,10374
oliveira/04_11/randm05.02.02.11.020_0030.05.aba.beta,True,9,5,0.015984773635864258,0.05855751037597656,0.003925323486328125,0.07846760749816895,18,9,0,0,0,13,24,17,5,60,0,1808,28423
oliveira/04_11/randm05.02.02.12.020_0030.01.aba.beta,True,4,3,0.005338907241821289,0.021930456161499023,0.0012784004211425781,0.02854776382446289,13,4,0,0,0,6,21,12,3,48,0,568,8771
oliveira/04_11/randm05.02.02.12.020_0030.02.aba.beta,True,3,3,0.007112741470336914,0.020914077758789062,0.00118255615234375,0.029209375381469727,13,3,0,0,0,6,19,13,4,39,0,558,8694
oliveira/04_11/randm05.02.02.12.020_0030.03.aba.beta,True,5,3,0.005676746368408203,0.031290292739868164,0.0013208389282226562,0.03828787803649902,15,5,0,0,0,8,35,12,4,79,0,587,9156
oliveira/04_11/randm05.02.02.12.020_0030.04.aba.beta,True,5,3,0.006529331207275391,0.03283238410949707,0.0012629032135009766,0.04062461853027344,13,5,0,0,0,7,33,13,3,69,0,598,9126
oliveira/04_11/randm05.02.02.12.020_0030.05.aba.beta,True,4,3,0.004669666290283203,0.022577762603759766,0.0012404918670654297,0.0284879207611084,12,4,0,0,0,6,28,12,3,53,0,601,9280
oliveira/04_11/randm05.02.02.13.020_0030.01.aba.beta,True,13,5,0.023330211639404297,0.12163925170898438,0.0020194053649902344,0.1469888687133789,27,13,0,0,0,16,87,26,4,236,0,932,13942
oliveira/04_11/randm05.02.02.13.020_0030.02.aba.beta,True,7,5,0.0157010555267334,0.1770627498626709,0.001176595687866211,0.1939404010772705,37,7,0,0,0,27,49,32,21,174,0,611,9122
oliveira/04_11/randm05.02.02.13.020_0030.03.aba.beta,True,6,5,0.01698160171508789,0.15831661224365234,0.0015399456024169922,0.17683815956115723,32,6,0,0,0,23,66,30,18,168,0,682,10361
oliveira/04_11/randm05.02.02.13.020_0030.04.aba.beta,True,6,5,0.011892318725585938,0.11064600944519043,0.0013210773468017578,0.12385940551757812,26,6,0,0,0,19,49,23,14,144,0,647,9804
oliveira/04_11/randm05.02.02.13.020_0030.05.aba.beta,True,13,5,0.031272172927856445,0.16506600379943848,0.0020818710327148438,0.19842004776000977,31,13,0,0,0,22,90,27,10,247,0,910,13451
oliveira/04_11/randm05.02.02.14.020_0030.01.aba.beta,True,1,1,0.003521442413330078,0.0020797252655029297,0.0011005401611328125,0.00670170783996582,3,1,0,0,0,1,3,3,1,2,0,531,8569
oliveira/04_11/randm05.02.02.14.020_0030.02.aba.beta,True,1,1,0.003662109375,0.0017189979553222656,0.0011448860168457031,0.006525993347167969,3,1,0,0,0,1,3,3,1,2,0,530,8565
oliveira/04_11/randm05.02.02.14.020_0030.03.aba.beta,True,1,1,0.0007956027984619141,0.001947641372680664,0.0010724067687988281,0.0038156509399414062,3,1,0,0,0,1,3,3,1,2,0,541,8613
oliveira/04_11/randm05.02.02.14.020_0030.04.aba.beta,True,1,1,0.0010335445404052734,0.0020771026611328125,0.0011360645294189453,0.004246711730957031,3,1,0,0,0,1,3,3,1,2,0,532,8544
oliveira/04_11/randm05.02.02.14.020_0030.05.aba.beta,True,1,1,0.0007417201995849609,0.0018124580383300781,0.001306772232055664,0.003860950469970703,3,1,0,0,0,1,3,3,1,2,0,530,8544
oliveira/04_11/randm05.02.02.15.020_0030.01.aba.beta,True,2,3,0.0024433135986328125,0.013403892517089844,0.0011875629425048828,0.01703476905822754,10,2,0,0,0,4,17,10,3,26,0,537,8584
oliveira/04_11/randm05.02.02.15.020_0030.02.aba.beta,True,4,3,0.007870674133300781,0.02344679832458496,0.0011050701141357422,0.032422542572021484,14,4,0,0,0,7,17,14,4,42,0,559,8668
oliveira/04_11/randm05.02.02.15.020_0030.03.aba.beta,True,4,3,0.004727602005004883,0.024594545364379883,0.0011904239654541016,0.030512571334838867,14,4,0,0,0,7,18,14,4,43,0,558,8666
oliveira/04_11/randm05.02.02.15.020_0030.04.aba.beta,True,2,3,0.0055654048919677734,0.01370096206665039,0.0011610984802246094,0.020427465438842773,10,2,0,0,0,4,18,10,3,27,0,546,8654
oliveira/04_11/randm05.02.02.15.020_0030.05.aba.beta,True,2,3,0.0024881362915039062,0.012870550155639648,0.001094818115234375,0.01645350456237793,10,2,0,0,0,4,15,10,3,24,0,549,8644
oliveira/04_11/randm05.02.02.16.020_0030.01.aba.beta,True,1,1,0.0008594989776611328,0.0019147396087646484,0.0011487007141113281,0.003922939300537109,3,1,0,0,0,1,3,3,1,2,0,534,8587
oliveira/04_11/randm05.02.02.16.020_0030.02.aba.beta,True,1,1,0.0055239200592041016,0.0019981861114501953,0.0016562938690185547,0.009178400039672852,3,1,0,0,0,1,3,3,1,2,0,540,8611
oliveira/04_11/randm05.02.02.16.020_0030.03.aba.beta,True,1,1,0.0007741451263427734,0.0018880367279052734,0.0011210441589355469,0.0037832260131835938,3,1,0,0,0,1,3,3,1,2,0,534,8572
oliveira/04_11/randm05.02.02.16.020_0030.04.aba.beta,True,1,1,0.0010483264923095703,0.0019915103912353516,0.0015511512756347656,0.0045909881591796875,3,1,0,0,0,1,3,3,1,2,0,543,8622
oliveira/04_11/randm05.02.02.16.020_0030.05.aba.beta,True,1,1,0.0012664794921875,0.001949310302734375,0.001180887222290039,0.004396677017211914,3,1,0,0,0,1,3,3,1,2,0,543,8624
oliveira/04_11/randm05.02.02.17.020_0030.01.aba.beta,True,11,5,0.017243385314941406,0.07004308700561523,0.0015032291412353516,0.08878970146179199,20,11,0,0,0,12,55,20,2,126,0,748,11039
oliveira/04_11/randm05.02.02.17.020_0030.02.aba.beta,True,8,5,0.016471147537231445,0.042585134506225586,0.001371622085571289,0.06042790412902832,17,8,0,0,0,9,24,17,2,81,0,682,10230
oliveira/04_11/randm05.02.02.17.020_0030.03.aba.beta,True,9,5,0.015746355056762695,0.13718342781066895,0.0013926029205322266,0.15432238578796387,28,9,0,0,0,23,37,27,15,139,0,625,9174
oliveira/04_11/randm05.02.02.17.020_0030.04.aba.beta,True,13,5,0.020891189575195312,0.13984990119934082,0.002375364303588867,0.163116455078125,26,13,0,0,0,18,77,24,6,202,0,1137,16989
oliveira/04_11/randm05.02.02.17.020_0030.05.aba.beta,True,4,5,0.007215023040771484,0.06413841247558594,0.0014276504516601562,0.07278108596801758,18,4,0,0,0,10,50,17,7,97,0,657,10122
oliveira/04_11/randm05.02.02.18.020_0030.01.aba.beta,True,1,1,0.0007383823394775391,0.0018091201782226562,0.0011637210845947266,0.003711223602294922,3,1,0,0,0,1,3,3,1,2,0,534,8577
oliveira/04_11/randm05.02.02.18.020_0030.02.aba.beta,True,1,1,0.0006546974182128906,0.0024132728576660156,0.0010890960693359375,0.004157066345214844,3,1,0,0,0,1,3,3,1,2,0,535,8592
oliveira/04_11/randm05.02.02.18.020_0030.03.aba.beta,True,1,1,0.0012104511260986328,0.0016248226165771484,0.0011401176452636719,0.003975391387939453,3,1,0,0,0,1,3,3,1,2,0,529,8564
oliveira/04_11/randm05.02.02.18.020_0030.04.aba.beta,True,1,1,0.0012629032135009766,0.0019328594207763672,0.0011048316955566406,0.004300594329833984,3,1,0,0,0,1,3,3,1,2,0,523,8497
oliveira/04_11/randm05.02.02.18.020_0030.05.aba.beta,True,1,1,0.0007386207580566406,0.0018310546875,0.0011339187622070312,0.003703594207763672,3,1,0,0,0,1,3,3,1,2,0,533,8555
oliveira/04_11/randm05.02.02.19.020_0030.01.aba.beta,True,2,3,0.0021321773529052734,0.005781650543212891,0.0011749267578125,0.009088754653930664,7,2,0,0,0,2,7,7,1,12,0,543,8612
oliveira/04_11/randm05.02.02.19.020_0030.02.aba.beta,True,2,3,0.002097606658935547,0.005728721618652344,0.0011136531829833984,0.008939981460571289,7,2,0,0,0,2,7,7,1,12,0,548,8631
oliveira/04_11/randm05.02.02.19.020_0030.03.aba.beta,True,2,3,0.0029211044311523438,0.016399145126342773,0.0011703968048095703,0.020490646362304688,12,2,0,0,0,5,16,12,4,30,0,537,8592
oliveira/04_11/randm05.02.02.19.020_0030.04.aba.beta,True,2,3,0.007912397384643555,0.01630425453186035,0.0012035369873046875,0.025420188903808594,12,2,0,0,0,5,13,12,4,27,0,536,8571
oliveira/04_11/randm05.02.02.19.020_0030.05.aba.beta,True,2,3,0.002286672592163086,0.00645756721496582,0.0011749267578125,0.009919166564941406,7,2,0,0,0,2,7,7,1,12,0,528,8538
oliveira/04_11/randm06.02.02.01.020_0030.01.aba.beta,True,7,4,0.010775089263916016,0.060758352279663086,0.0013356208801269531,0.07286906242370605,19,7,0,0,0,12,31,19,6,122,0,639,9437
oliveira/04_11/randm06.02.02.01.020_0030.02.aba.beta,True,3,4,0.004950761795043945,0.029964208602905273,0.0011038780212402344,0.03601884841918945,15,3,0,0,0,8,17,15,6,40,0,551,8638
oliveira/04_11/randm06.02.02.01.020_0030.03.aba.beta,True,5,4,0.00741887092590332,0.04469490051269531,0.0013113021850585938,0.05342507362365723,15,5,0,0,0,9,23,15,5,57,0,605,9223
oliveira/04_11/randm06.02.02.01.020_0030.04.aba.beta,True,6,4,0.009444713592529297,0.05152702331542969,0.001413583755493164,0.06238532066345215,18,6,0,0,0,11,38,18,6,89,0,619,9442
oliveira/04_11/randm06.02.02.01.020_0030.05.aba.beta,True,9,4,0.012961387634277344,0.0756845474243164,0.0015592575073242188,0.09020519256591797,21,9,0,0,0,14,60,20,6,151,0,728,10771
oliveira/04_11/randm06.02.02.02.020_0030.01.aba.beta,True,3,3,0.003366231918334961,0.009846687316894531,0.0012221336364746094,0.014435052871704102,8,3,0,0,0,3,10,8,1,18,0,573,9040
oliveira/04_11/randm06.02.02.02.020_0030.02.aba.beta,True,2,3,0.002408742904663086,0.012223005294799805,0.00110626220703125,0.01573801040649414,10,2,0,0,0,4,13,10,3,23,0,521,8482
oliveira/04_11/randm06.02.02.02.020_0030.03.aba.beta,True,2,3,0.006230831146240234,0.01398158073425293,0.0011572837829589844,0.02136969566345215,10,2,0,0,0,4,17,10,3,27,0,548,8665
oliveira/04_11/randm06.02.02.02.020_0030.04.aba.beta,True,2,3,0.0026578903198242188,0.012861967086791992,0.0011401176452636719,0.016659975051879883,10,2,0,0,0,4,15,10,3,25,0,547,8639
oliveira/04_11/randm06.02.02.02.020_0030.05.aba.beta,True,3,3,0.004076719284057617,0.009766101837158203,0.0012161731719970703,0.01505899429321289,8,3,0,0,0,3,10,8,1,18,0,548,8621
oliveira/04_11/randm06.02.02.03.020_0030.01.aba.beta,True,8,5,0.014124393463134766,0.05289196968078613,0.003427267074584961,0.07044363021850586,20,8,0,0,0,12,22,17,5,60,0,1606,25050
oliveira/04_11/randm06.02.02.03.020_0030.02.aba.beta,True,8,5,0.0121917724609375,0.05396223068237305,0.0043375492095947266,0.07049155235290527,20,8,0,0,0,12,23,19,5,61,0,1914,30139
oliveira/04_11/randm06.02.02.03.020_0030.03.aba.beta,True,9,5,0.018262386322021484,0.05005335807800293,0.0016777515411376953,0.06999349594116211,17,9,0,0,0,10,27,16,2,68,0,790,11913
oliveira/04_11/randm06.02.02.03.020_0030.04.aba.beta,True,9,5,0.013631820678710938,0.04613065719604492,0.0012598037719726562,0.061022281646728516,17,9,0,0,0,10,20,16,2,72,0,602,8862
oliveira/04_11/randm06.02.02.03.020_0030.05.aba.beta,True,12,5,0.0188906192779541,0.1074068546295166,0.005175113677978516,0.13147258758544922,25,12,0,0,0,16,42,23,5,126,0,2441,38093
oliveira/04_11/randm06.02.02.04.020_0030.01.aba.beta,True,1,1,0.0007605552673339844,0.002036571502685547,0.0011851787567138672,0.0039823055267333984,3,1,0,0,0,1,3,3,1,2,0,525,8535
oliveira/04_11/randm06.02.02.04.020_0030.02.aba.beta,True,1,1,0.0007970333099365234,0.0021326541900634766,0.0012671947479248047,0.004196882247924805,3,1,0,0,0,1,3,3,1,2,0,531,8571
oliveira/04_11/randm06.02.02.04.020_0030.03.aba.beta,True,1,1,0.0033321380615234375,0.0019075870513916016,0.0012013912200927734,0.0064411163330078125,3,1,0,0,0,1,3,3,1,2,0,535,8590
oliveira/04_11/randm06.02.02.04.020_0030.04.aba.beta,True,1,1,0.0007693767547607422,0.0020537376403808594,0.0011014938354492188,0.00392460823059082,3,1,0,0,0,1,3,3,1,2,0,532,8555
oliveira/04_11/randm06.02.02.04.020_0030.05.aba.beta,True,1,1,0.0011506080627441406,0.0019986629486083984,0.0010957717895507812,0.00424504280090332,3,1,0,0,0,1,3,3,1,2,0,525,8541
oliveira/04_11/randm06.02.02.05.020_0030.01.aba.beta,True,6,5,0.01385498046875,0.10507726669311523,0.0013306140899658203,0.12026286125183105,24,6,0,0,0,19,31,20,14,91,0,593,9141
oliveira/04_11/randm06.02.02.05.020_0030.02.aba.beta,True,11,5,0.025486230850219727,0.23430991172790527,0.0014204978942871094,0.2612166404724121,37,11,0,0,0,31,53,27,21,243,0,723,10363
oliveira/04_11/randm06.02.02.05.020_0030.03.aba.beta,True,8,5,0.014807462692260742,0.0586550235748291,0.0014138221740722656,0.07487630844116211,19,8,0,0,0,10,36,19,3,158,0,681,10087
oliveira/04_11/randm06.02.02.05.020_0030.04.aba.beta,True,6,5,0.01079702377319336,0.03968191146850586,0.0014293193817138672,0.051908254623413086,17,6,0,0,0,8,28,16,3,81,0,635,9744
oliveira/04_11/randm06.02.02.05.020_0030.05.aba.beta,True,5,5,0.011663436889648438,0.14621210098266602,0.001520395278930664,0.15939593315124512,27,5,0,0,0,21,70,24,17,158,0,661,10145
oliveira/04_11/randm06.02.02.06.020_0030.01.aba.beta,True,9,5,0.019623517990112305,0.1511549949645996,0.001573324203491211,0.17235183715820312,31,9,0,0,0,22,60,29,14,171,0,725,10737
oliveira/04_11/randm06.02.02.06.020_0030.02.aba.beta,True,11,5,0.02334308624267578,0.18176674842834473,0.001569986343383789,0.2066798210144043,30,11,0,0,0,23,62,28,13,198,0,748,10979
oliveira/04_11/randm06.02.02.06.020_0030.03.aba.beta,True,16,5,0.03206157684326172,0.25015926361083984,0.0018200874328613281,0.2840409278869629,33,16,0,0,0,28,68,29,13,292,0,835,11974
oliveira/04_11/randm06.02.02.06.020_0030.04.aba.beta,True,11,5,0.021022796630859375,0.17087435722351074,0.0018737316131591797,0.1937708854675293,31,11,0,0,0,22,78,30,12,252,0,875,12918
oliveira/04_11/randm06.02.02.06.020_0030.05.aba.beta,True,13,5,0.02784562110900879,0.2034471035003662,0.002131223678588867,0.23342394828796387,33,13,0,0,0,24,90,28,12,217,0,991,14684
oliveira/04_11/randm06.02.02.07.020_0030.01.aba.beta,True,9,5,0.02395796775817871,0.07529234886169434,0.0015110969543457031,0.10076141357421875,24,9,0,0,0,15,30,21,7,93,0,671,10101
oliveira/04_11/randm06.02.02.07.020_0030.02.aba.beta,True,10,5,0.0166318416595459,0.10696530342102051,0.0014009475708007812,0.12499809265136719,28,10,0,0,0,18,39,28,9,164,0,659,9506
oliveira/04_11/randm06.02.02.07.020_0030.03.aba.beta,True,11,5,0.022176265716552734,0.12693142890930176,0.0014460086822509766,0.15055370330810547,29,11,0,0,0,19,56,28,9,187,0,712,10221
oliveira/04_11/randm06.02.02.07.020_0030.04.aba.beta,True,11,5,0.02197742462158203,0.0936892032623291,0.0013003349304199219,0.11696696281433105,28,11,0,0,0,18,36,25,8,142,0,633,9179
oliveira/04_11/randm06.02.02.07.020_0030.05.aba.beta,True,15,5,0.02870631217956543,0.1493833065032959,0.0017697811126708984,0.17985939979553223,30,15,0,0,0,21,63,30,7,251,0,869,12504
oliveira/04_11/randm06.02.02.08.020_0030.01.aba.beta,True,4,4,0.006813526153564453,0.03708696365356445,0.001172780990600586,0.04507327079772949,16,4,0,0,0,9,21,16,6,58,0,568,8728
oliveira/04_11/randm06.02.02.08.020_0030.02.aba.beta,True,5,4,0.007625579833984375,0.04000449180603027,0.0012187957763671875,0.048848867416381836,17,5,0,0,0,9,20,16,5,59,0,560,8673
oliveira/04_11/randm06.02.02.08.020_0030.03.aba.beta,True,6,4,0.00828409194946289,0.02726149559020996,0.0012485980987548828,0.036794185638427734,12,6,0,0,0,6,25,12,1,44,0,563,8736
oliveira/04_11/randm06.02.02.08.020_0030.04.aba.beta,True,6,4,0.008397817611694336,0.023976802825927734,0.0012695789337158203,0.03364419937133789,12,6,0,0,0,6,29,12,1,50,0,574,8893
oliveira/04_11/randm06.02.02.08.020_0030.05.aba.beta,True,5,4,0.007712364196777344,0.04932737350463867,0.0016815662384033203,0.058721303939819336,17,5,0,0,0,10,32,17,6,84,0,655,9934
oliveira/04_11/randm06.02.02.09.020_0030.01.aba.beta,True,6,5,0.012884378433227539,0.09944510459899902,0.0016489028930664062,0.11397838592529297,24,6,0,0,0,17,66,24,12,120,0,763,11769
oliveira/04_11/randm06.02.02.09.020_0030.02.aba.beta,True,7,5,0.011515617370605469,0.10724020004272461,0.0016446113586425781,0.12040042877197266,23,7,0,0,0,16,69,21,10,153,0,740,11341
oliveira/04_11/randm06.02.02.09.020_0030.03.aba.beta,True,5,5,0.00939488410949707,0.07993316650390625,0.0014271736145019531,0.09075522422790527,21,5,0,0,0,14,54,19,10,120,0,671,10300
oliveira/04_11/randm06.02.02.09.020_0030.04.aba.beta,True,7,5,0.015378952026367188,0.08210349082946777,0.0019664764404296875,0.09944891929626465,23,7,0,0,0,14,63,22,8,116,0,897,13754
oliveira/04_11/randm06.02.02.09.020_0030.05.aba.beta,True,7,5,0.015820026397705078,0.09926962852478027,0.0013267993927001953,0.11641645431518555,25,7,0,0,0,19,52,22,13,142,0,652,9844
oliveira/04_11/randm06.02.02.10.020_0030.01.aba.beta,True,5,4,0.007071733474731445,0.02117156982421875,0.0011911392211914062,0.0294344425201416,12,5,0,0,0,6,13,12,2,31,0,559,8644
oliveira/04_11/randm06.02.02.10.020_0030.02.aba.beta,True,4,4,0.009363174438476562,0.04256844520568848,0.0013370513916015625,0.0532686710357666,18,4,0,0,0,10,33,18,7,68,0,575,8882
oliveira/04_11/randm06.02.02.10.020_0030.03.aba.beta,True,2,4,0.0037522315979003906,0.032413482666015625,0.001230478286743164,0.03739619255065918,16,2,0,0,0,8,18,16,7,40,0,535,8550
oliveira/04_11/randm06.02.02.10.020_0030.04.aba.beta,True,2,4,0.003192424774169922,0.032473087310791016,0.0013098716735839844,0.03697538375854492,16,2,0,0,0,8,19,16,7,41,0,550,8647
oliveira/04_11/randm06.02.02.10.020_0030.05.aba.beta,True,5,4,0.006502389907836914,0.02080678939819336,0.0012602806091308594,0.028569459915161133,12,5,0,0,0,6,13,12,2,31,0,562,8662
oliveira/04_11/randm06.02.02.11.020_0030.01.aba.beta,True,10,6,0.02731919288635254,0.3536679744720459,0.0018002986907958984,0.38278746604919434,40,10,0,0,0,39,65,34,30,225,0,818,12231
oliveira/04_11/randm06.02.02.11.020_0030.02.aba.beta,True,12,6,0.037750244140625,0.5567328929901123,0.0018925666809082031,0.5963757038116455,54,12,0,0,0,55,83,41,44,310,0,877,12885
oliveira/04_11/randm06.02.02.11.020_0030.03.aba.beta,True,14,6,0.034639835357666016,0.5592834949493408,0.001871347427368164,0.595794677734375,50,14,0,0,0,60,78,43,47,318,0,868,12509
oliveira/04_11/randm06.02.02.11.020_0030.04.aba.beta,True,14,6,0.02772355079650879,0.3043546676635742,0.0019822120666503906,0.3340604305267334,35,14,0,0,0,36,72,33,23,253,0,901,13034
oliveira/04_11/randm06.02.02.11.020_0030.05.aba.beta,True,19,6,0.04943704605102539,0.4148223400115967,0.0020673274993896484,0.4663267135620117,46,19,0,0,0,44,79,39,26,311,0,1001,13865
oliveira/04_11/randm06.02.02.12.020_0030.01.aba.beta,True,3,4,0.004423618316650391,0.034151554107666016,0.0012164115905761719,0.03979158401489258,17,3,0,0,0,9,21,17,7,52,0,558,8673
oliveira/04_11/randm06.02.02.12.020_0030.02.aba.beta,True,5,4,0.0061969757080078125,0.03438568115234375,0.0012969970703125,0.04187965393066406,15,5,0,0,0,8,25,14,4,53,0,564,8750
oliveira/04_11/randm06.02.02.12.020_0030.03.aba.beta,True,5,4,0.006257772445678711,0.018931150436401367,0.0013594627380371094,0.026548385620117188,11,5,0,0,0,5,22,10,1,39,0,643,10025
oliveira/04_11/randm06.02.02.12.020_0030.04.aba.beta,True,3,4,0.0048084259033203125,0.036530494689941406,0.001210927963256836,0.042549848556518555,17,3,0,0,0,9,23,17,7,56,0,561,8699
oliveira/04_11/randm06.02.02.12.020_0030.05.aba.beta,True,4,4,0.005525112152099609,0.04431724548339844,0.0012600421905517578,0.051102399826049805,18,4,0,0,0,10,24,17,7,65,0,574,8765
oliveira/04_11/randm06.02.02.13.020_0030.01.aba.beta,True,9,4,0.014676094055175781,0.09830427169799805,0.0014352798461914062,0.11441564559936523,25,9,0,0,0,17,47,23,9,158,0,704,10431
oliveira/04_11/randm06.02.02.13.020_0030.02.aba.beta,True,4,4,0.007726430892944336,0.06597375869750977,0.0013208389282226562,0.07502102851867676,20,4,0,0,0,12,56,19,9,101,0,625,9672
oliveira/04_11/randm06.02.02.13.020_0030.03.aba.beta,True,7,4,0.012658119201660156,0.09403634071350098,0.001461029052734375,0.10815548896789551,27,7,0,0,0,18,49,25,12,133,0,668,9985
oliveira/04_11/randm06.02.02.13.020_0030.04.aba.beta,True,3,4,0.008941650390625,0.06968069076538086,0.0012624263763427734,0.07988476753234863,23,3,0,0,0,14,45,22,12,97,0,580,9068
oliveira/04_11/randm06.02.02.13.020_0030.05.aba.beta,True,6,4,0.010331392288208008,0.08732128143310547,0.0014464855194091797,0.09909915924072266,24,6,0,0,0,15,60,21,10,148,0,659,10146
oliveira/04_11/randm06.02.02.14.020_0030.01.aba.beta,True,9,6,0.016460418701171875,0.11885738372802734,0.001338958740234375,0.1366567611694336,29,9,0,0,0,19,41,25,11,156,0,624,9314
oliveira/04_11/randm06.02.02.14.020_0030.02.aba.beta,True,8,6,0.015978336334228516,0.07413744926452637,0.0014984607696533203,0.0916142463684082,24,8,0,0,0,14,30,21,7,113,0,633,9408
oliveira/04_11/randm06.02.02.14.020_0030.03.aba.beta,True,9,6,0.02486562728881836,0.15395450592041016,0.0013606548309326172,0.18018078804016113,31,9,0,0,0,22,46,28,14,176,0,638,9558
oliveira/04_11/randm06.02.02.14.020_0030.04.aba.beta,True,8,6,0.017423152923583984,0.13728070259094238,0.0018754005432128906,0.15657925605773926,30,8,0,0,0,20,64,27,13,188,0,710,10677
oliveira/04_11/randm06.02.02.14.020_0030.05.aba.beta,True,9,6,0.02087569236755371,0.15085768699645996,0.0017752647399902344,0.1735086441040039,31,9,0,0,0,21,75,29,13,188,0,845,12684
oliveira/04_11/randm06.02.02.15.020_0030.01.aba.beta,True,12,5,0.024588584899902344,0.18577098846435547,0.00148773193359375,0.21184730529785156,34,12,0,0,0,28,64,23,17,220,0,739,10663
oliveira/04_11/randm06.02.02.15.020_0030.02.aba.beta,True,7,5,0.012442588806152344,0.06657218933105469,0.0015804767608642578,0.08059525489807129,23,7,0,0,0,12,52,21,6,146,0,745,11277
oliveira/04_11/randm06.02.02.15.020_0030.03.aba.beta,True,6,5,0.009912967681884766,0.03671717643737793,0.0013315677642822266,0.04796171188354492,17,6,0,0,0,8,27,17,3,74,0,637,9689
oliveira/04_11/randm06.02.02.15.020_0030.04.aba.beta,True,8,5,0.01592421531677246,0.10583686828613281,0.0013267993927001953,0.12308788299560547,24,8,0,0,0,18,38,22,11,163,0,658,9668
oliveira/04_11/randm06.02.02.15.020_0030.05.aba.beta,True,11,5,0.02148151397705078,0.15366768836975098,0.0015985965728759766,0.17674779891967773,31,11,0,0,0,21,56,24,11,244,0,769,11293
oliveira/04_11/randm06.02.02.16.020_0030.01.aba.beta,True,3,3,0.004054546356201172,0.011478424072265625,0.001186370849609375,0.016719341278076172,9,3,0,0,0,4,10,9,2,19,0,535,8528
oliveira/04_11/randm06.02.02.16.020_0030.02.aba.beta,True,4,3,0.008310794830322266,0.017398834228515625,0.001256704330444336,0.026966333389282227,10,4,0,0,0,5,15,10,2,36,0,566,8730
oliveira/04_11/randm06.02.02.16.020_0030.03.aba.beta,True,2,3,0.002151012420654297,0.006010293960571289,0.002155303955078125,0.010316610336303711,7,2,0,0,0,2,7,7,1,10,0,837,13591
oliveira/04_11/randm06.02.02.16.020_0030.04.aba.beta,True,2,3,0.0022614002227783203,0.0057828426361083984,0.0018610954284667969,0.009905338287353516,7,2,0,0,0,2,7,7,1,10,0,838,13337
oliveira/04_11/randm06.02.02.16.020_0030.05.aba.beta,True,3,3,0.0037784576416015625,0.012375831604003906,0.0011107921600341797,0.01726508140563965,9,3,0,0,0,4,12,9,2,23,0,558,8671
oliveira/04_11/randm06.02.02.17.020_0030.01.aba.beta,True,5,4,0.0071909427642822266,0.024838924407958984,0.001249074935913086,0.0332789421081543,13,5,0,0,0,7,17,13,3,48,0,571,8751
oliveira/04_11/randm06.02.02.17.020_0030.02.aba.beta,True,6,4,0.008574724197387695,0.030432701110839844,0.0012917518615722656,0.040299177169799805,14,6,0,0,0,8,21,14,3,54,0,612,9216
oliveira/04_11/randm06.02.02.17.020_0030.03.aba.beta,True,6,4,0.01134347915649414,0.03186821937561035,0.001344442367553711,0.0445561408996582,14,6,0,0,0,8,25,14,3,75,0,599,9015
oliveira/04_11/randm06.02.02.17.020_0030.04.aba.beta,True,6,4,0.008233070373535156,0.03057265281677246,0.0012454986572265625,0.04005122184753418,15,6,0,0,0,8,17,15,3,48,0,566,8685
oliveira/04_11/randm06.02.02.17.020_0030.05.aba.beta,True,7,4,0.011905193328857422,0.02637338638305664,0.0011446475982666016,0.039423227310180664,13,7,0,0,0,7,20,13,1,49,0,575,8747
oliveira/04_11/randm06.02.02.18.020_0030.01.aba.beta,True,12,6,0.02255415916442871,0.12001395225524902,0.0015528202056884766,0.1441209316253662,29,12,0,0,0,19,42,27,8,175,0,702,10031
oliveira/04_11/randm06.02.02.18.020_0030.02.aba.beta,True,13,6,0.027894020080566406,0.12042975425720215,0.0014505386352539062,0.14977431297302246,30,13,0,0,0,19,48,25,7,205,0,715,10493
oliveira/04_11/randm06.02.02.18.020_0030.03.aba.beta,True,19,6,0.035575151443481445,0.19171810150146484,0.002434253692626953,0.22972750663757324,34,19,0,0,0,25,61,30,7,331,0,1069,15392
oliveira/04_11/randm06.02.02.18.020_0030.04.aba.beta,True,9,6,0.01862359046936035,0.08009672164916992,0.0014011859893798828,0.10012149810791016,24,9,0,0,0,15,48,21,7,122,0,658,9973
oliveira/04_11/randm06.02.02.18.020_0030.05.aba.beta,True,15,6,0.03093409538269043,0.1553788185119629,0.0015468597412109375,0.18785977363586426,31,15,0,0,0,24,66,29,10,238,0,763,10890
oliveira/04_11/randm06.02.02.19.020_0030.01.aba.beta,True,1,1,0.0010952949523925781,0.0018172264099121094,0.001201629638671875,0.0041141510009765625,3,1,0,0,0,1,3,3,1,2,0,533,8572
oliveira/04_11/randm06.02.02.19.020_0030.02.aba.beta,True,1,1,0.000919342041015625,0.0019142627716064453,0.0011806488037109375,0.004014253616333008,3,1,0,0,0,1,3,3,1,2,0,537,8597
oliveira/04_11/randm06.02.02.19.020_0030.03.aba.beta,True,1,1,0.0008304119110107422,0.0019197463989257812,0.0010800361633300781,0.0038301944732666016,3,1,0,0,0,1,3,3,1,2,0,533,8578
oliveira/04_11/randm06.02.02.19.020_0030.04.aba.beta,True,1,1,0.0007340908050537109,0.0019240379333496094,0.0011832714080810547,0.003841400146484375,3,1,0,0,0,1,3,3,1,2,0,523,8524
oliveira/04_11/randm06.02.02.19.020_0030.05.aba.beta,True,1,1,0.0007917881011962891,0.00179290771484375,0.001056671142578125,0.003641366958618164,3,1,0,0,0,1,3,3,1,2,0,525,8527
oliveira/04_11/randm07.02.02.01.020_0030.01.aba.beta,True,1,1,0.0007445812225341797,0.001798391342163086,0.0010600090026855469,0.0036029815673828125,3,1,0,0,0,1,3,3,1,2,0,529,8553
oliveira/04_11/randm07.02.02.01.020_0030.02.aba.beta,True,1,1,0.0007410049438476562,0.0018236637115478516,0.0011930465698242188,0.0037577152252197266,3,1,0,0,0,1,3,3,1,2,0,526,8542
oliveira/04_11/randm07.02.02.01.020_0030.03.aba.beta,True,1,1,0.0007483959197998047,0.0018935203552246094,0.0011188983917236328,0.003760814666748047,3,1,0,0,0,1,3,3,1,2,0,531,8553
oliveira/04_11/randm07.02.02.01.020_0030.04.aba.beta,True,1,1,0.0007092952728271484,0.0018160343170166016,0.0011801719665527344,0.0037055015563964844,3,1,0,0,0,1,3,3,1,2,0,530,8550
oliveira/04_11/randm07.02.02.01.020_0030.05.aba.beta,True,1,1,0.0007677078247070312,0.002052783966064453,0.001127004623413086,0.00394749641418457,3,1,0,0,0,1,3,3,1,2,0,540,8609
oliveira/04_11/randm07.02.02.02.020_0030.01.aba.beta,True,1,1,0.0007557868957519531,0.0017931461334228516,0.0011699199676513672,0.003718852996826172,3,1,0,0,0,1,3,3,1,2,0,535,8587
oliveira/04_11/randm07.02.02.02.020_0030.02.aba.beta,True,1,1,0.0008075237274169922,0.0018115043640136719,0.0011777877807617188,0.003796815872192383,3,1,0,0,0,1,3,3,1,2,0,538,8598
oliveira/04_11/randm07.02.02.02.020_0030.03.aba.beta,True,1,1,0.000766754150390625,0.0019373893737792969,0.0011653900146484375,0.0038695335388183594,3,1,0,0,0,1,3,3,1,2,0,533,8583
oliveira/04_11/randm07.02.02.02.020_0030.04.aba.beta,True,1,1,0.0007674694061279297,0.001768350601196289,0.0011277198791503906,0.0036635398864746094,3,1,0,0,0,1,3,3,1,2,0,521,8515
oliveira/04_11/randm07.02.02.02.020_0030.05.aba.beta,True,1,1,0.0007431507110595703,0.001837015151977539,0.0011906623840332031,0.0037708282470703125,3,1,0,0,0,1,3,3,1,2,0,531,8576
oliveira/04_11/randm07.02.02.03.020_0030.01.aba.beta,True,11,7,0.02551436424255371,0.2358722686767578,0.0014216899871826172,0.26280832290649414,39,11,0,0,0,36,51,34,26,223,0,657,9463
oliveira/04_11/randm07.02.02.03.020_0030.02.aba.beta,True,15,7,0.03509330749511719,0.2809410095214844,0.0015552043914794922,0.31758952140808105,41,15,0,0,0,38,49,34,24,308,0,745,10291
oliveira/04_11/randm07.02.02.03.020_0030.03.aba.beta,True,20,7,0.10485100746154785,1.811767339706421,0.0019919872283935547,1.9186103343963623,95,20,0,0,0,134,133,52,115,633,0,938,13264
oliveira/04_11/randm07.02.02.03.020_0030.04.aba.beta,True,14,7,0.04514741897583008,0.4328441619873047,0.00191497802734375,0.4799065589904785,47,14,0,0,0,49,72,39,36,330,0,902,12896
oliveira/04_11/randm07.02.02.03.020_0030.05.aba.beta,True,17,7,0.057230472564697266,0.3965439796447754,0.0019659996032714844,0.45574045181274414,50,17,0,0,0,46,86,40,30,329,0,897,12804
oliveira/04_11/randm07.02.02.04.020_0030.01.aba.beta,True,8,4,0.010404348373413086,0.03941011428833008,0.0021326541900634766,0.05194711685180664,15,8,0,0,0,9,24,15,2,54,0,977,15151
oliveira/04_11/randm07.02.02.04.020_0030.02.aba.beta,True,9,4,0.013275861740112305,0.04764389991760254,0.003630399703979492,0.06455016136169434,15,9,0,0,0,10,30,15,2,73,0,1679,26179
oliveira/04_11/randm07.02.02.04.020_0030.03.aba.beta,True,11,4,0.01462554931640625,0.06422829627990723,0.0046880245208740234,0.0835418701171875,17,11,0,0,0,12,34,17,2,78,0,2123,33301
oliveira/04_11/randm07.02.02.04.020_0030.04.aba.beta,True,9,4,0.012732505798339844,0.05407071113586426,0.0020422935485839844,0.06884551048278809,16,9,0,0,0,10,51,16,2,96,0,949,14786
oliveira/04_11/randm07.02.02.04.020_0030.05.aba.beta,True,7,4,0.009373903274536133,0.03526449203491211,0.0017170906066894531,0.046355485916137695,14,7,0,0,0,8,30,14,2,67,0,703,10653
oliveira/04_11/randm07.02.02.05.020_0030.01.aba.beta,True,11,6,0.023686885833740234,0.2399888038635254,0.0015757083892822266,0.26525139808654785,33,11,0,0,0,35,58,28,25,169,0,748,10978
oliveira/04_11/randm07.02.02.05.020_0030.02.aba.beta,True,16,6,0.03386211395263672,0.20198988914489746,0.0021185874938964844,0.23797059059143066,35,16,0,0,0,27,64,31,12,243,0,1030,14846
oliveira/04_11/randm07.02.02.05.020_0030.03.aba.beta,True,9,6,0.021923065185546875,0.16806364059448242,0.0017788410186767578,0.19176554679870605,31,9,0,0,0,23,65,29,15,193,0,805,12182
oliveira/04_11/randm07.02.02.05.020_0030.04.aba.beta,True,13,6,0.02939629554748535,0.14588356018066406,0.0017516613006591797,0.1770315170288086,34,13,0,0,0,22,67,30,10,236,0,801,11471
oliveira/04_11/randm07.02.02.05.020_0030.05.aba.beta,True,11,6,0.020848512649536133,0.15601539611816406,0.0016961097717285156,0.1785600185394287,30,11,0,0,0,24,45,27,14,176,0,771,11174
oliveira/04_11/randm07.02.02.06.020_0030.01.aba.beta,True,6,4,0.008526325225830078,0.027418136596679688,0.0015592575073242188,0.037503719329833984,13,6,0,0,0,7,21,13,2,45,0,719,11232
oliveira/04_11/randm07.02.02.06.020_0030.02.aba.beta,True,7,4,0.01254582405090332,0.03551435470581055,0.0016345977783203125,0.04969477653503418,15,7,0,0,0,8,27,15,2,75,0,767,11618
oliveira/04_11/randm07.02.02.06.020_0030.03.aba.beta,True,6,4,0.008843660354614258,0.029431581497192383,0.0014111995697021484,0.03968644142150879,13,6,0,0,0,7,18,13,2,39,0,650,9979
oliveira/04_11/randm07.02.02.06.020_0030.04.aba.beta,True,4,4,0.010273218154907227,0.027311325073242188,0.0011920928955078125,0.03877663612365723,14,4,0,0,0,7,22,13,4,58,0,573,8821
oliveira/04_11/randm07.02.02.06.020_0030.05.aba.beta,True,3,4,0.007195949554443359,0.026853084564208984,0.0011734962463378906,0.035222530364990234,13,3,0,0,0,6,17,13,4,39,0,553,8658
oliveira/04_11/randm07.02.02.07.020_0030.01.aba.beta,True,13,6,0.028766632080078125,0.17242431640625,0.0014185905456542969,0.20260953903198242,33,13,0,0,0,27,53,31,15,215,0,723,10255
oliveira/04_11/randm07.02.02.07.020_0030.02.aba.beta,True,14,6,0.033490657806396484,0.409914493560791,0.0019392967224121094,0.4453444480895996,50,14,0,0,0,39,68,33,26,325,0,900,13029
oliveira/04_11/randm07.02.02.07.020_0030.03.aba.beta,True,11,6,0.022103548049926758,0.09250092506408691,0.0014562606811523438,0.11606073379516602,26,11,0,0,0,15,43,22,5,149,0,718,10549
oliveira/04_11/randm07.02.02.07.020_0030.04.aba.beta,True,9,6,0.015940427780151367,0.07129430770874023,0.001230001449584961,0.08846473693847656,24,9,0,0,0,13,27,20,5,116,0,605,8905
oliveira/04_11/randm07.02.02.07.020_0030.05.aba.beta,True,13,6,0.02834033966064453,0.18489789962768555,0.0017323493957519531,0.21497058868408203,33,13,0,0,0,27,51,31,15,212,0,817,11622
oliveira/04_11/randm07.02.02.08.020_0030.01.aba.beta,True,1,1,0.0008234977722167969,0.0020618438720703125,0.0011494159698486328,0.004034757614135742,3,1,0,0,0,1,3,3,1,2,0,542,8613
oliveira/04_11/randm07.02.02.08.020_0030.02.aba.beta,True,1,1,0.0007870197296142578,0.0023398399353027344,0.0012984275817871094,0.0044252872467041016,3,1,0,0,0,1,3,3,1,2,0,539,8607
oliveira/04_11/randm07.02.02.08.020_0030.03.aba.beta,True,1,1,0.0007476806640625,0.0018284320831298828,0.0011947154998779297,0.0037708282470703125,3,1,0,0,0,1,3,3,1,2,0,534,8577
oliveira/04_11/randm07.02.02.08.020_0030.04.aba.beta,True,1,1,0.0031156539916992188,0.0037453174591064453,0.0011174678802490234,0.007978439331054688,3,1,0,0,0,1,3,3,1,2,0,536,8592
oliveira/04_11/randm07.02.02.08.020_0030.05.aba.beta,True,1,1,0.0009682178497314453,0.0017178058624267578,0.0011169910430908203,0.0038030147552490234,3,1,0,0,0,1,3,3,1,2,0,536,8587
oliveira/04_11/randm07.02.02.09.020_0030.01.aba.beta,True,5,3,0.005999326705932617,0.023415327072143555,0.0013108253479003906,0.030725479125976562,11,5,0,0,0,6,26,11,2,57,0,585,8963
oliveira/04_11/randm07.02.02.09.020_0030.02.aba.beta,True,3,3,0.003476858139038086,0.011913537979125977,0.001100778579711914,0.016491174697875977,9,3,0,0,0,4,10,9,2,19,0,542,8572
oliveira/04_11/randm07.02.02.09.020_0030.03.aba.beta,True,3,3,0.003696918487548828,0.012205839157104492,0.0011546611785888672,0.017057418823242188,9,3,0,0,0,4,11,9,2,21,0,553,8644
oliveira/04_11/randm07.02.02.09.020_0030.04.aba.beta,True,5,3,0.009931325912475586,0.022806882858276367,0.0012171268463134766,0.03395533561706543,11,5,0,0,0,6,20,11,2,54,0,580,8869
oliveira/04_11/randm07.02.02.09.020_0030.05.aba.beta,True,5,3,0.009010791778564453,0.0208585262298584,0.0011856555938720703,0.031054973602294922,11,5,0,0,0,6,16,11,2,42,0,567,8722
oliveira/04_11/randm07.02.02.10.020_0030.01.aba.beta,True,1,1,0.0009999275207519531,0.0019774436950683594,0.0012390613555908203,0.004216432571411133,3,1,0,0,0,1,3,3,1,2,0,537,8599
oliveira/04_11/randm07.02.02.10.020_0030.02.aba.beta,True,1,1,0.001005411148071289,0.002092599868774414,0.0011382102966308594,0.0042362213134765625,3,1,0,0,0,1,3,3,1,2,0,540,8608
oliveira/04_11/randm07.02.02.10.020_0030.03.aba.beta,True,1,1,0.0007994174957275391,0.002068758010864258,0.0011508464813232422,0.004019021987915039,3,1,0,0,0,1,3,3,1,2,0,527,8497
oliveira/04_11/randm07.02.02.10.020_0030.04.aba.beta,True,1,1,0.008086919784545898,0.0018010139465332031,0.0012106895446777344,0.011098623275756836,3,1,0,0,0,1,3,3,1,2,0,537,8603
oliveira/04_11/randm07.02.02.10.020_0030.05.aba.beta,True,1,1,0.0007991790771484375,0.0022134780883789062,0.0010881423950195312,0.004100799560546875,3,1,0,0,0,1,3,3,1,2,0,528,8551
oliveira/04_11/randm07.02.02.11.020_0030.01.aba.beta,True,12,5,0.022261619567871094,0.11246275901794434,0.0017592906951904297,0.13648366928100586,25,12,0,0,0,16,64,24,5,141,0,834,12391
oliveira/04_11/randm07.02.02.11.020_0030.02.aba.beta,True,8,5,0.012451171875,0.10075569152832031,0.0018727779388427734,0.11507964134216309,25,8,0,0,0,17,41,24,10,118,0,804,12423
oliveira/04_11/randm07.02.02.11.020_0030.03.aba.beta,True,7,5,0.010684490203857422,0.08576130867004395,0.0016980171203613281,0.0981438159942627,21,7,0,0,0,12,80,20,6,168,0,757,11872
oliveira/04_11/randm07.02.02.11.020_0030.04.aba.beta,True,10,5,0.015243053436279297,0.08654522895812988,0.0016100406646728516,0.10339832305908203,24,10,0,0,0,16,41,22,7,131,0,740,10913
oliveira/04_11/randm07.02.02.11.020_0030.05.aba.beta,True,8,5,0.011993408203125,0.0813899040222168,0.001580953598022461,0.09496426582336426,20,8,0,0,0,13,47,19,6,137,0,756,11314
oliveira/04_11/randm07.02.02.12.020_0030.01.aba.beta,True,3,3,0.0036725997924804688,0.011967658996582031,0.0012204647064208984,0.0168607234954834,9,3,0,0,0,4,11,9,2,21,0,548,8618
oliveira/04_11/randm07.02.02.12.020_0030.02.aba.beta,True,4,3,0.004687309265136719,0.012255191802978516,0.00113677978515625,0.018079280853271484,9,4,0,0,0,4,12,9,1,21,0,551,8631
oliveira/04_11/randm07.02.02.12.020_0030.03.aba.beta,True,4,3,0.004706382751464844,0.012924909591674805,0.0011818408966064453,0.018813133239746094,9,4,0,0,0,4,15,9,1,24,0,550,8641
oliveira/04_11/randm07.02.02.12.020_0030.04.aba.beta,True,3,3,0.0043430328369140625,0.013532876968383789,0.0012879371643066406,0.019163846969604492,9,3,0,0,0,4,19,9,2,30,0,549,8674
oliveira/04_11/randm07.02.02.12.020_0030.05.aba.beta,True,3,3,0.0037310123443603516,0.012711286544799805,0.001150369644165039,0.017592668533325195,9,3,0,0,0,4,15,9,2,29,0,555,8686
oliveira/04_11/randm07.02.02.13.020_0030.01.aba.beta,True,15,7,0.05414772033691406,0.3630537986755371,0.0019826889038085938,0.41918420791625977,52,15,0,0,0,42,82,38,28,367,0,991,14302
oliveira/04_11/randm07.02.02.13.020_0030.02.aba.beta,True,15,7,0.036057472229003906,0.3539550304412842,0.0021932125091552734,0.39220571517944336,40,15,0,0,0,38,83,36,24,353,0,1028,15489
oliveira/04_11/randm07.02.02.13.020_0030.03.aba.beta,True,15,7,0.03722357749938965,0.4148736000061035,0.0031692981719970703,0.45526647567749023,44,15,0,0,0,43,93,39,29,285,0,1414,20915
oliveira/04_11/randm07.02.02.13.020_0030.04.aba.beta,True,14,7,0.039095163345336914,0.5209076404571533,0.0022890567779541016,0.5622918605804443,52,14,0,0,0,58,88,41,45,347,0,1053,15364
oliveira/04_11/randm07.02.02.13.020_0030.05.aba.beta,True,17,7,0.048317909240722656,0.29764437675476074,0.00212860107421875,0.34809088706970215,44,17,0,0,0,37,66,41,21,319,0,1033,14600
oliveira/04_11/randm07.02.02.14.020_0030.01.aba.beta,True,5,3,0.0068705081939697266,0.024734020233154297,0.0012497901916503906,0.032854318618774414,11,5,0,0,0,6,26,11,2,71,0,607,9167
oliveira/04_11/randm07.02.02.14.020_0030.02.aba.beta,True,4,3,0.0053768157958984375,0.02196669578552246,0.0011625289916992188,0.028506040573120117,10,4,0,0,0,5,15,10,2,34,0,565,8702
oliveira/04_11/randm07.02.02.14.020_0030.03.aba.beta,True,3,3,0.004086971282958984,0.015488862991333008,0.0013606548309326172,0.02093648910522461,9,3,0,0,0,4,26,9,2,51,0,614,9804
oliveira/04_11/randm07.02.02.14.020_0030.04.aba.beta,True,4,3,0.005027055740356445,0.018935203552246094,0.0012450218200683594,0.0252072811126709,10,4,0,0,0,5,27,10,2,49,0,571,8887
oliveira/04_11/randm07.02.02.14.020_0030.05.aba.beta,True,3,3,0.0037598609924316406,0.013600587844848633,0.0013158321380615234,0.018676280975341797,9,3,0,0,0,4,36,9,2,43,0,602,9482
oliveira/04_11/randm07.02.02.15.020_0030.01.aba.beta,True,12,7,0.03225588798522949,0.17991113662719727,0.0016176700592041016,0.21378469467163086,35,12,0,0,0,22,61,30,11,218,0,739,10624
oliveira/04_11/randm07.02.02.15.020_0030.02.aba.beta,True,13,7,0.05896139144897461,0.6843230724334717,0.001882791519165039,0.7451672554016113,55,13,0,0,0,74,81,44,62,367,0,845,12426
oliveira/04_11/randm07.02.02.15.020_0030.03.aba.beta,True,14,7,0.04183030128479004,0.4873638153076172,0.002049684524536133,0.5312438011169434,50,14,0,0,0,51,86,45,38,352,0,935,13641
oliveira/04_11/randm07.02.02.15.020_0030.04.aba.beta,True,15,7,0.04170846939086914,0.2121729850769043,0.002096414566040039,0.2559778690338135,38,15,0,0,0,28,81,35,14,236,0,1001,14678
oliveira/04_11/randm07.02.02.15.020_0030.05.aba.beta,True,20,7,0.07964801788330078,1.1119449138641357,0.003476381301879883,1.1950693130493164,67,20,0,0,0,75,109,47,56,461,0,1564,23286
oliveira/04_11/randm07.02.02.16.020_0030.01.aba.beta,True,7,4,0.010417699813842773,0.04324984550476074,0.0020647048950195312,0.05573225021362305,17,7,0,0,0,10,35,17,4,107,0,953,14628
oliveira/04_11/randm07.02.02.16.020_0030.02.aba.beta,True,5,4,0.006676435470581055,0.04267621040344238,0.001943349838256836,0.05129599571228027,16,5,0,0,0,9,20,16,5,51,0,882,13830
oliveira/04_11/randm07.02.02.16.020_0030.03.aba.beta,True,4,4,0.007077693939208984,0.021718263626098633,0.0014691352844238281,0.030265092849731445,11,4,0,0,0,6,13,10,3,25,0,674,10733
oliveira/04_11/randm07.02.02.16.020_0030.04.aba.beta,True,7,4,0.010119199752807617,0.06116461753845215,0.0016791820526123047,0.07296299934387207,17,7,0,0,0,11,35,17,5,93,0,820,12465
oliveira/04_11/randm07.02.02.16.020_0030.05.aba.beta,True,6,4,0.008776426315307617,0.04172205924987793,0.0021805763244628906,0.05267906188964844,17,6,0,0,0,10,29,16,5,69,0,949,14860
oliveira/04_11/randm07.02.02.17.020_0030.01.aba.beta,True,13,6,0.03122711181640625,0.3113398551940918,0.0020644664764404297,0.3446314334869385,39,13,0,0,0,34,94,33,22,280,0,968,14250
oliveira/04_11/randm07.02.02.17.020_0030.02.aba.beta,True,11,6,0.034937381744384766,0.29355406761169434,0.0017206668853759766,0.3302121162414551,41,11,0,0,0,33,78,36,23,275,0,763,11200
oliveira/04_11/randm07.02.02.17.020_0030.03.aba.beta,True,11,6,0.03356528282165527,0.14108800888061523,0.0016131401062011719,0.17626643180847168,29,11,0,0,0,22,62,27,12,198,0,772,11230
oliveira/04_11/randm07.02.02.17.020_0030.04.aba.beta,True,11,6,0.03462862968444824,0.3088400363922119,0.0017032623291015625,0.3451719284057617,37,11,0,0,0,32,72,31,22,248,0,782,11452
oliveira/04_11/randm07.02.02.17.020_0030.05.aba.beta,True,11,6,0.027364253997802734,0.19094204902648926,0.0019180774688720703,0.22022438049316406,37,11,0,0,0,26,81,32,16,242,0,869,12651
oliveira/04_11/randm07.02.02.18.020_0030.01.aba.beta,True,20,7,0.050885677337646484,0.7921247482299805,0.0029938220977783203,0.8460042476654053,58,20,0,0,0,51,127,47,32,498,0,1352,19741
oliveira/04_11/randm07.02.02.18.020_0030.02.aba.beta,True,12,7,0.04149365425109863,0.5834105014801025,0.002161741256713867,0.627065896987915,50,12,0,0,0,49,86,39,38,338,0,939,14095
oliveira/04_11/randm07.02.02.18.020_0030.03.aba.beta,True,16,7,0.04709053039550781,0.8001995086669922,0.0024886131286621094,0.8497786521911621,54,16,0,0,0,57,111,38,42,409,0,1148,16865
oliveira/04_11/randm07.02.02.18.020_0030.04.aba.beta,True,22,7,0.09106731414794922,0.9806773662567139,0.003203153610229492,1.0749478340148926,51,22,0,0,0,54,109,40,33,405,0,1485,21467
oliveira/04_11/randm07.02.02.18.020_0030.05.aba.beta,True,24,7,0.1844615936279297,3.2459616661071777,0.004428863525390625,3.434852123260498,86,24,0,0,0,166,174,54,143,696,0,2058,29916
oliveira/04_11/randm07.02.02.19.020_0030.01.aba.beta,True,9,5,0.014486312866210938,0.08075284957885742,0.0014505386352539062,0.09668970108032227,23,9,0,0,0,15,52,22,7,133,0,659,9750
oliveira/04_11/randm07.02.02.19.020_0030.02.aba.beta,True,11,5,0.02710103988647461,0.1645047664642334,0.001477956771850586,0.1930837631225586,31,11,0,0,0,24,58,26,14,213,0,716,10597
oliveira/04_11/randm07.02.02.19.020_0030.03.aba.beta,True,7,5,0.014291048049926758,0.1257009506225586,0.0017480850219726562,0.141740083694458,27,7,0,0,0,19,72,27,13,148,0,765,11663
oliveira/04_11/randm07.02.02.19.020_0030.04.aba.beta,True,9,5,0.019564151763916016,0.12447524070739746,0.001644134521484375,0.14568352699279785,29,9,0,0,0,21,64,26,13,170,0,732,10913
oliveira/04_11/randm07.02.02.19.020_0030.05.aba.beta,True,8,5,0.014285087585449219,0.12922382354736328,0.0018756389617919922,0.1453845500946045,28,8,0,0,0,20,69,26,13,147,0,870,13204
oliveira/04_11/randm08.02.02.01.020_0030.01.aba.beta,True,16,7,0.04514503479003906,0.5142943859100342,0.0018420219421386719,0.5612814426422119,56,16,0,0,0,53,101,44,38,350,0,887,12587
oliveira/04_11/randm08.02.02.01.020_0030.02.aba.beta,True,17,7,0.0539853572845459,0.5546238422393799,0.0019545555114746094,0.6105637550354004,57,17,0,0,0,53,90,46,37,395,0,946,13500
oliveira/04_11/randm08.02.02.01.020_0030.03.aba.beta,True,12,7,0.03814244270324707,0.4374380111694336,0.0015468597412109375,0.4771273136138916,51,12,0,0,0,50,72,42,39,276,0,699,10005
oliveira/04_11/randm08.02.02.01.020_0030.04.aba.beta,True,20,7,0.05746865272521973,0.521761417388916,0.0028324127197265625,0.5820624828338623,53,20,0,0,0,47,102,47,28,422,0,1337,19255
oliveira/04_11/randm08.02.02.01.020_0030.05.aba.beta,True,17,7,0.05225849151611328,0.585097074508667,0.0023391246795654297,0.6396946907043457,59,17,0,0,0,59,104,44,43,385,0,1009,14407
oliveira/04_11/randm08.02.02.02.020_0030.01.aba.beta,True,15,6,0.03789854049682617,0.40201616287231445,0.0055522918701171875,0.4454669952392578,45,15,0,0,0,50,62,35,36,292,0,788,11087
oliveira/04_11/randm08.02.02.02.020_0030.02.aba.beta,True,12,6,0.02695155143737793,0.13317084312438965,0.0014891624450683594,0.16161155700683594,30,12,0,0,0,22,43,25,11,200,0,677,9874
oliveira/04_11/randm08.02.02.02.020_0030.03.aba.beta,True,11,6,0.025793075561523438,0.24127912521362305,0.0013287067413330078,0.2684009075164795,41,11,0,0,0,35,47,30,25,217,0,653,9351
oliveira/04_11/randm08.02.02.02.020_0030.04.aba.beta,True,10,6,0.024600505828857422,0.3208022117614746,0.0014216899871826172,0.34682440757751465,42,10,0,0,0,46,48,31,37,187,0,637,9353
oliveira/04_11/randm08.02.02.02.020_0030.05.aba.beta,True,17,6,0.03029155731201172,0.21514272689819336,0.0014913082122802734,0.24692559242248535,35,17,0,0,0,28,57,30,12,292,0,814,11274
oliveira/04_11/randm08.02.02.03.020_0030.01.aba.beta,True,5,7,0.01823282241821289,0.2543516159057617,0.0012755393981933594,0.27385997772216797,34,5,0,0,0,36,42,29,32,133,0,596,9187
oliveira/04_11/randm08.02.02.03.020_0030.02.aba.beta,True,14,7,0.040712833404541016,0.4999880790710449,0.0020008087158203125,0.5427017211914062,45,14,0,0,0,50,104,40,37,312,0,932,13581
oliveira/04_11/randm08.02.02.03.020_0030.03.aba.beta,True,8,7,0.08841228485107422,1.3670659065246582,0.002107381820678711,1.4575855731964111,66,8,0,0,0,122,83,43,115,334,0,932,14214
oliveira/04_11/randm08.02.02.03.020_0030.04.aba.beta,True,14,7,0.10816121101379395,1.6232030391693115,0.0017056465148925781,1.733069896697998,69,14,0,0,0,135,103,43,122,473,0,760,10896
oliveira/04_11/randm08.02.02.03.020_0030.05.aba.beta,True,13,7,0.0831155776977539,1.0526409149169922,0.0015516281127929688,1.137308120727539,60,13,0,0,0,105,82,40,93,361,0,722,10237
oliveira/04_11/randm08.02.02.04.020_0030.01.aba.beta,True,6,6,0.01337432861328125,0.12140345573425293,0.001432180404663086,0.13620996475219727,28,6,0,0,0,22,54,25,17,130,0,650,9907
oliveira/04_11/randm08.02.02.04.020_0030.02.aba.beta,True,12,6,0.02620100975036621,0.229569673538208,0.0017354488372802734,0.2575061321258545,34,12,0,0,0,28,62,27,17,196,0,744,10836
oliveira/04_11/randm08.02.02.04.020_0030.03.aba.beta,True,11,6,0.027011632919311523,0.18962764739990234,0.0016007423400878906,0.21824002265930176,34,11,0,0,0,29,74,33,19,204,0,753,11104
oliveira/04_11/randm08.02.02.04.020_0030.04.aba.beta,True,8,6,0.017155885696411133,0.14397883415222168,0.0015673637390136719,0.16270208358764648,28,8,0,0,0,21,80,26,14,183,0,749,11275
oliveira/04_11/randm08.02.02.04.020_0030.05.aba.beta,True,15,6,0.03717923164367676,0.28546905517578125,0.0019998550415039062,0.3246481418609619,37,15,0,0,0,33,77,32,19,252,0,914,13165
oliveira/04_11/randm08.02.02.05.020_0030.01.aba.beta,True,4,5,0.012721061706542969,0.045525550842285156,0.0013644695281982422,0.05961108207702637,18,4,0,0,0,10,27,18,7,61,0,617,9586
oliveira/04_11/randm08.02.02.05.020_0030.02.aba.beta,True,3,5,0.006124734878540039,0.03737211227416992,0.0012295246124267578,0.04472637176513672,17,3,0,0,0,9,23,17,7,58,0,560,8713
oliveira/04_11/randm08.02.02.05.020_0030.03.aba.beta,True,5,5,0.013594388961791992,0.07884430885314941,0.0013284683227539062,0.09376716613769531,23,5,0,0,0,14,47,22,10,114,0,655,10062
oliveira/04_11/randm08.02.02.05.020_0030.04.aba.beta,True,5,5,0.010738611221313477,0.08320951461791992,0.0012469291687011719,0.09519505500793457,23,5,0,0,0,15,33,21,11,100,0,588,8942
oliveira/04_11/randm08.02.02.05.020_0030.05.aba.beta,True,5,5,0.009943485260009766,0.053519487380981445,0.0012705326080322266,0.06473350524902344,19,5,0,0,0,11,33,17,7,104,0,611,9217
oliveira/04_11/randm08.02.02.06.020_0030.01.aba.beta,True,14,8,0.05154609680175781,0.88199782371521,0.001659393310546875,0.9352033138275146,48,14,0,0,0,80,72,40,67,318,0,761,10803
oliveira/04_11/randm08.02.02.06.020_0030.02.aba.beta,True,22,8,0.0773320198059082,0.9924242496490479,0.0029020309448242188,1.0726583003997803,60,22,0,0,0,79,81,51,58,478,0,1168,16500
oliveira/04_11/randm08.02.02.06.020_0030.03.aba.beta,True,20,8,0.07967925071716309,0.9727871417999268,0.002151966094970703,1.0546183586120605,61,20,0,0,0,89,101,48,70,461,0,1036,14711
oliveira/04_11/randm08.02.02.06.020_0030.04.aba.beta,True,17,8,0.05924868583679199,0.8032760620117188,0.001752614974975586,0.8642773628234863,49,17,0,0,0,76,66,42,60,350,0,836,11683
oliveira/04_11/randm08.02.02.06.020_0030.05.aba.beta,True,23,8,0.19677114486694336,2.6656839847564697,0.0022172927856445312,2.8646724224090576,106,23,0,0,0,185,127,54,163,718,0,1070,14756
oliveira/04_11/randm08.02.02.07.020_0030.01.aba.beta,True,1,1,0.0008721351623535156,0.0022797584533691406,0.0011284351348876953,0.0042803287506103516,3,1,0,0,0,1,3,3,1,2,0,536,8587
oliveira/04_11/randm08.02.02.07.020_0030.02.aba.beta,True,1,1,0.0007650852203369141,0.0018930435180664062,0.0010766983032226562,0.0037348270416259766,3,1,0,0,0,1,3,3,1,2,0,524,8514
oliveira/04_11/randm08.02.02.07.020_0030.03.aba.beta,True,1,1,0.0008869171142578125,0.002198934555053711,0.0011415481567382812,0.004227399826049805,3,1,0,0,0,1,3,3,1,2,0,519,8504
oliveira/04_11/randm08.02.02.07.020_0030.04.aba.beta,True,1,1,0.0008962154388427734,0.0020647048950195312,0.0011799335479736328,0.0041408538818359375,3,1,0,0,0,1,3,3,1,2,0,539,8604
oliveira/04_11/randm08.02.02.07.020_0030.05.aba.beta,True,1,1,0.004036426544189453,0.0018029212951660156,0.0011289119720458984,0.006968259811401367,3,1,0,0,0,1,3,3,1,2,0,530,8566
oliveira/04_11/randm08.02.02.08.020_0030.01.aba.beta,True,12,6,0.07581901550292969,1.7906782627105713,0.0019576549530029297,1.868454933166504,80,12,0,0,0,119,110,58,108,447,0,869,12609
oliveira/04_11/randm08.02.02.08.020_0030.02.aba.beta,True,17,6,0.10789775848388672,2.310887098312378,0.002454042434692383,2.421238899230957,95,17,0,0,0,138,142,56,122,632,0,1076,15875
oliveira/04_11/randm08.02.02.08.020_0030.03.aba.beta,True,15,6,0.05902457237243652,0.34453701972961426,0.0023419857025146484,0.40590357780456543,39,15,0,0,0,43,75,33,29,294,0,1061,15744
oliveira/04_11/randm08.02.02.08.020_0030.04.aba.beta,True,7,6,0.05916714668273926,1.4490723609924316,0.0017864704132080078,1.510025978088379,69,7,0,0,0,105,88,54,99,336,0,658,9721
oliveira/04_11/randm08.02.02.08.020_0030.05.aba.beta,True,11,6,0.05800032615661621,0.8147726058959961,0.0021047592163085938,0.8748776912689209,61,11,0,0,0,82,97,38,72,389,0,961,14308
oliveira/04_11/randm08.02.02.09.020_0030.01.aba.beta,True,14,7,0.04121875762939453,0.3935716152191162,0.003242015838623047,0.4380323886871338,52,14,0,0,0,47,69,41,34,272,0,1418,21366
oliveira/04_11/randm08.02.02.09.020_0030.02.aba.beta,True,18,7,0.0580596923828125,0.7010910511016846,0.003853321075439453,0.7630040645599365,60,18,0,0,0,60,160,50,43,461,0,1757,26736
oliveira/04_11/randm08.02.02.09.020_0030.03.aba.beta,True,19,7,0.07173848152160645,0.748115062713623,0.0033364295959472656,0.8231899738311768,64,19,0,0,0,71,109,45,53,396,0,1487,22076
oliveira/04_11/randm08.02.02.09.020_0030.04.aba.beta,True,20,7,0.06031441688537598,0.6619949340820312,0.0037589073181152344,0.7260682582855225,62,20,0,0,0,59,129,48,40,438,0,1682,24803
oliveira/04_11/randm08.02.02.09.020_0030.05.aba.beta,True,7,7,0.023195505142211914,0.3486671447753906,0.0012638568878173828,0.3731265068054199,48,7,0,0,0,47,49,34,41,206,0,574,8726
oliveira/04_11/randm08.02.02.10.020_0030.01.aba.beta,True,28,7,0.06693243980407715,0.6882939338684082,0.004142284393310547,0.7593686580657959,53,28,0,0,0,52,148,44,25,531,0,1921,27757
oliveira/04_11/randm08.02.02.10.020_0030.02.aba.beta,True,18,7,0.0442807674407959,0.506892204284668,0.0035703182220458984,0.5547432899475098,44,18,0,0,0,44,105,36,27,403,0,1606,24096
oliveira/04_11/randm08.02.02.10.020_0030.03.aba.beta,True,16,7,0.0464787483215332,0.5593819618225098,0.002524137496948242,0.6083848476409912,52,16,0,0,0,48,102,45,33,376,0,1123,16143
oliveira/04_11/randm08.02.02.10.020_0030.04.aba.beta,True,22,7,0.06140542030334473,0.6716830730438232,0.004577159881591797,0.7376656532287598,58,22,0,0,0,54,140,50,33,442,0,2055,30631
oliveira/04_11/randm08.02.02.10.020_0030.05.aba.beta,True,16,7,0.03691530227661133,0.43541741371154785,0.004786968231201172,0.47711968421936035,42,16,0,0,0,42,115,37,27,297,0,2149,33674
oliveira/04_11/randm08.02.02.11.020_0030.01.aba.beta,True,28,8,0.7338306903839111,6.905465602874756,0.0035142898559570312,7.642810583114624,124,28,0,0,0,372,160,59,345,991,0,1648,23259
oliveira/04_11/randm08.02.02.11.020_0030.02.aba.beta,True,26,8,0.08516097068786621,0.7593882083892822,0.006510019302368164,0.8510591983795166,56,26,0,0,0,51,75,40,26,395,0,2859,43868
oliveira/04_11/randm08.02.02.11.020_0030.03.aba.beta,True,20,8,0.07794880867004395,1.0008227825164795,0.0030853748321533203,1.0818569660186768,69,20,0,0,0,82,99,50,63,490,0,1350,20032
oliveira/04_11/randm08.02.02.11.020_0030.04.aba.beta,True,11,8,0.055300235748291016,0.606299638748169,0.002285480499267578,0.6638853549957275,52,11,0,0,0,59,76,43,49,313,0,1088,16128
oliveira/04_11/randm08.02.02.11.020_0030.05.aba.beta,True,22,8,0.08413314819335938,0.8585395812988281,0.003608226776123047,0.9462809562683105,63,22,0,0,0,67,96,47,46,462,0,1571,22658
oliveira/04_11/randm08.02.02.12.020_0030.01.aba.beta,True,8,5,0.012434244155883789,0.06445479393005371,0.0016362667083740234,0.07852530479431152,20,8,0,0,0,11,64,19,4,129,0,790,12015
oliveira/04_11/randm08.02.02.12.020_0030.02.aba.beta,True,6,5,0.011682748794555664,0.0938558578491211,0.002039194107055664,0.10757780075073242,20,6,0,0,0,15,56,20,10,120,0,857,13349
oliveira/04_11/randm08.02.02.12.020_0030.03.aba.beta,True,7,5,0.013745307922363281,0.14528393745422363,0.004452943801879883,0.1634821891784668,21,7,0,0,0,16,105,21,10,159,0,1073,16479
oliveira/04_11/randm08.02.02.12.020_0030.04.aba.beta,True,10,5,0.016132116317749023,0.07641863822937012,0.001766204833984375,0.09431695938110352,19,10,0,0,0,11,77,18,2,144,0,861,12751
oliveira/04_11/randm08.02.02.12.020_0030.05.aba.beta,True,5,5,0.010920524597167969,0.1419229507446289,0.0014653205871582031,0.15430879592895508,27,5,0,0,0,21,51,25,17,127,0,683,10479
oliveira/04_11/randm08.02.02.13.020_0030.01.aba.beta,True,34,8,0.1821291446685791,5.148569822311401,0.004328012466430664,5.335026979446411,93,34,0,0,0,187,144,65,154,815,0,1901,26984
oliveira/04_11/randm08.02.02.13.020_0030.02.aba.beta,True,39,8,0.15415358543395996,2.7171413898468018,0.0076372623443603516,2.878932237625122,89,39,0,0,0,116,151,69,78,722,0,2598,37357
oliveira/04_11/randm08.02.02.13.020_0030.03.aba.beta,True,32,8,0.23774051666259766,4.684307098388672,0.006199359893798828,4.928246974945068,98,32,0,0,0,198,159,65,167,789,0,2699,39857
oliveira/04_11/randm08.02.02.13.020_0030.04.aba.beta,True,28,8,0.15174031257629395,3.221273183822632,0.005099058151245117,3.378112554550171,72,28,0,0,0,140,164,64,113,643,0,2274,33621
oliveira/04_11/randm08.02.02.13.020_0030.05.aba.beta,True,29,8,0.18277645111083984,2.7343101501464844,0.004269123077392578,2.921355724334717,85,29,0,0,0,127,153,61,99,657,0,1993,29231
oliveira/04_11/randm08.02.02.14.020_0030.01.aba.beta,True,17,6,0.039241790771484375,0.5508923530578613,0.0030150413513183594,0.5931491851806641,43,17,0,0,0,41,118,41,25,386,0,1404,20829
oliveira/04_11/randm08.02.02.14.020_0030.02.aba.beta,True,20,6,0.03997635841369629,0.3312239646911621,0.0029282569885253906,0.3741285800933838,37,20,0,0,0,33,104,36,14,366,0,1338,19647
oliveira/04_11/randm08.02.02.14.020_0030.03.aba.beta,True,18,6,0.046791791915893555,0.27299976348876953,0.0037631988525390625,0.32355475425720215,36,18,0,0,0,28,123,35,11,344,0,1761,26824
oliveira/04_11/randm08.02.02.14.020_0030.04.aba.beta,True,18,6,0.044992923736572266,0.5242559909820557,0.0036237239837646484,0.5728726387023926,48,18,0,0,0,44,125,41,27,394,0,1586,24425
oliveira/04_11/randm08.02.02.14.020_0030.05.aba.beta,True,20,6,0.04822254180908203,0.519373893737793,0.0032508373260498047,0.5708472728729248,46,20,0,0,0,43,129,41,24,407,0,1505,21884
oliveira/04_11/randm08.02.02.15.020_0030.01.aba.beta,True,12,5,0.024293899536132812,0.13119196891784668,0.0019330978393554688,0.15741896629333496,27,12,0,0,0,19,75,26,8,193,0,860,12657
oliveira/04_11/randm08.02.02.15.020_0030.02.aba.beta,True,8,5,0.015729188919067383,0.11273431777954102,0.0021009445190429688,0.13056445121765137,22,8,0,0,0,14,85,20,7,152,0,949,14702
oliveira/04_11/randm08.02.02.15.020_0030.03.aba.beta,True,9,5,0.027302980422973633,0.10138988494873047,0.0014984607696533203,0.13019132614135742,23,9,0,0,0,15,55,22,7,161,0,697,10255
oliveira/04_11/randm08.02.02.15.020_0030.04.aba.beta,True,13,5,0.025403976440429688,0.16721630096435547,0.002399444580078125,0.19501972198486328,31,13,0,0,0,21,114,27,9,281,0,1093,16502
oliveira/04_11/randm08.02.02.15.020_0030.05.aba.beta,True,16,5,0.03119826316833496,0.19255566596984863,0.0036058425903320312,0.22735977172851562,34,16,0,0,0,24,137,33,9,271,0,1640,24865
oliveira/04_11/randm08.02.02.16.020_0030.01.aba.beta,True,9,5,0.023737430572509766,0.15454506874084473,0.001787424087524414,0.1800699234008789,31,9,0,0,0,23,65,27,15,166,0,804,12073
oliveira/04_11/randm08.02.02.16.020_0030.02.aba.beta,True,11,5,0.02354741096496582,0.1735374927520752,0.0016276836395263672,0.19871258735656738,34,11,0,0,0,25,58,27,15,188,0,706,10363
oliveira/04_11/randm08.02.02.16.020_0030.03.aba.beta,True,9,5,0.01645803451538086,0.1591479778289795,0.0018236637115478516,0.1774296760559082,27,9,0,0,0,21,83,27,13,194,0,867,13131
oliveira/04_11/randm08.02.02.16.020_0030.04.aba.beta,True,10,5,0.019001007080078125,0.14311003684997559,0.0024595260620117188,0.16457056999206543,28,10,0,0,0,22,78,27,13,173,0,1059,16012
oliveira/04_11/randm08.02.02.16.020_0030.05.aba.beta,True,8,5,0.016021251678466797,0.14215970039367676,0.0020732879638671875,0.16025424003601074,26,8,0,0,0,20,77,26,13,174,0,915,14114
oliveira/04_11/randm08.02.02.17.020_0030.01.aba.beta,True,16,6,0.043009281158447266,0.22182798385620117,0.0018703937530517578,0.2667076587677002,36,16,0,0,0,30,71,31,15,260,0,858,12119
oliveira/04_11/randm08.02.02.17.020_0030.02.aba.beta,True,15,6,0.0304410457611084,0.14011335372924805,0.002593517303466797,0.17314791679382324,29,15,0,0,0,19,78,25,5,287,0,1209,18161
oliveira/04_11/randm08.02.02.17.020_0030.03.aba.beta,True,14,6,0.03662729263305664,0.18986272811889648,0.0019104480743408203,0.22840046882629395,31,14,0,0,0,22,72,27,9,205,0,900,13298
oliveira/04_11/randm08.02.02.17.020_0030.04.aba.beta,True,13,6,0.0303952693939209,0.12416839599609375,0.0018453598022460938,0.15640902519226074,28,13,0,0,0,20,59,26,8,177,0,781,11249
oliveira/04_11/randm08.02.02.17.020_0030.05.aba.beta,True,14,6,0.03655123710632324,0.15400958061218262,0.002025604248046875,0.19258642196655273,31,14,0,0,0,22,70,28,9,217,0,935,14197
oliveira/04_11/randm08.02.02.18.020_0030.01.aba.beta,True,17,6,0.053632497787475586,0.8248212337493896,0.0018992424011230469,0.8803529739379883,56,17,0,0,0,66,99,42,50,389,0,920,13240
oliveira/04_11/randm08.02.02.18.020_0030.02.aba.beta,True,17,6,0.0531461238861084,0.9187049865722656,0.003482818603515625,0.9753339290618896,54,17,0,0,0,66,133,43,50,379,0,1525,23222
oliveira/04_11/randm08.02.02.18.020_0030.03.aba.beta,True,14,6,0.032536983489990234,0.21440792083740234,0.0032727718353271484,0.2502176761627197,34,14,0,0,0,25,101,32,12,224,0,1457,21981
oliveira/04_11/randm08.02.02.18.020_0030.04.aba.beta,True,14,6,0.06087827682495117,1.06642484664917,0.0036258697509765625,1.1309289932250977,67,14,0,0,0,77,152,46,64,432,0,1539,23388
oliveira/04_11/randm08.02.02.18.020_0030.05.aba.beta,True,15,6,0.04677295684814453,0.8531351089477539,0.0025064945220947266,0.9024145603179932,55,15,0,0,0,64,127,46,50,376,0,1139,17018
oliveira/04_11/randm08.02.02.19.020_0030.01.aba.beta,True,13,8,0.05415749549865723,0.4028000831604004,0.0017380714416503906,0.458695650100708,44,13,0,0,0,42,66,37,30,308,0,830,11927
oliveira/04_11/randm08.02.02.19.020_0030.02.aba.beta,True,11,8,0.0576786994934082,0.7941176891326904,0.0015454292297363281,0.853341817855835,56,11,0,0,0,73,86,41,63,373,0,749,11220
oliveira/04_11/randm08.02.02.19.020_0030.03.aba.beta,True,15,8,0.04451704025268555,0.40575242042541504,0.0017094612121582031,0.4519789218902588,43,15,0,0,0,49,58,40,35,248,0,838,11830
oliveira/04_11/randm08.02.02.19.020_0030.04.aba.beta,True,17,8,0.07459282875061035,0.8449077606201172,0.0017724037170410156,0.9212729930877686,66,17,0,0,0,88,87,47,72,423,0,843,11937
oliveira/04_11/randm08.02.02.19.020_0030.05.aba.beta,True,21,8,0.057085514068603516,0.7094721794128418,0.002891063690185547,0.7694487571716309,48,21,0,0,0,55,99,41,35,429,0,1389,20013
oliveira/04_11/randm09.02.02.01.020_0030.01.aba.beta,True,20,9,0.2759575843811035,4.291162729263306,0.005270242691040039,4.572390556335449,87,20,0,0,0,208,145,52,189,595,0,2201,34337
oliveira/04_11/randm09.02.02.01.020_0030.02.aba.beta,True,12,7,0.035372018814086914,0.6433112621307373,0.0017557144165039062,0.6804389953613281,47,12,0,0,0,65,72,38,54,298,0,806,11794
oliveira/04_11/randm09.02.02.01.020_0030.03.aba.beta,True,26,9,0.3739452362060547,8.630137205123901,0.004772663116455078,9.008855104446411,89,26,0,0,0,262,153,51,237,635,0,2096,31045
oliveira/04_11/randm09.02.02.01.020_0030.04.aba.beta,True,20,9,0.7764904499053955,8.711506605148315,0.00670933723449707,9.494706392288208,127,20,0,0,0,334,173,69,315,833,0,2998,45858
oliveira/04_11/randm09.02.02.01.020_0030.05.aba.beta,True,25,9,0.28681087493896484,3.984071969985962,0.009793281555175781,4.2806761264801025,93,25,0,0,0,200,144,60,176,639,0,4319,67332
oliveira/04_11/randm09.02.02.02.020_0030.01.aba.beta,True,34,8,0.1329188346862793,1.4569900035858154,0.005675315856933594,1.5955841541290283,83,34,0,0,0,107,101,62,74,610,0,2719,39727
oliveira/04_11/randm09.02.02.02.020_0030.02.aba.beta,True,38,7,0.09219741821289062,0.5234203338623047,0.0053713321685791016,0.6209890842437744,58,38,0,0,0,50,83,54,13,511,0,2566,37558
oliveira/04_11/randm09.02.02.02.020_0030.03.aba.beta,True,25,8,0.05972695350646973,0.5883378982543945,0.004865884780883789,0.652930736541748,53,25,0,0,0,57,90,48,33,405,0,1936,28256
oliveira/04_11/randm09.02.02.02.020_0030.04.aba.beta,True,40,8,0.6820974349975586,8.035597085952759,0.00898599624633789,8.726680517196655,157,40,0,0,0,353,209,83,314,1138,0,3948,60572
oliveira/04_11/randm09.02.02.02.020_0030.05.aba.beta,True,23,7,0.11339521408081055,1.5506858825683594,0.00397491455078125,1.6680560111999512,83,23,0,0,0,111,116,62,89,600,0,1806,26403
oliveira/04_11/randm09.02.02.03.020_0030.01.aba.beta,True,31,8,0.0836799144744873,1.2278001308441162,0.00600123405456543,1.317481279373169,61,31,0,0,0,61,184,51,31,604,0,2556,37946
oliveira/04_11/randm09.02.02.03.020_0030.02.aba.beta,True,23,8,0.06540942192077637,0.45183730125427246,0.003190279006958008,0.5204370021820068,51,23,0,0,0,41,153,41,19,488,0,1500,22412
oliveira/04_11/randm09.02.02.03.020_0030.03.aba.beta,True,24,8,0.09182095527648926,1.5652172565460205,0.002610921859741211,1.659649133682251,70,24,0,0,0,85,103,55,62,603,0,1240,17630
oliveira/04_11/randm09.02.02.03.020_0030.04.aba.beta,True,22,8,0.09325408935546875,1.182542085647583,0.0033349990844726562,1.2791311740875244,69,22,0,0,0,79,111,48,58,557,0,1537,22273
oliveira/04_11/randm09.02.02.03.020_0030.05.aba.beta,True,21,8,0.07313728332519531,1.0329954624176025,0.002699613571166992,1.1088323593139648,65,21,0,0,0,85,114,50,65,468,0,1298,18419
oliveira/04_11/randm09.02.02.04.020_0030.01.aba.beta,True,15,7,0.03963589668273926,0.547356128692627,0.0025315284729003906,0.5895235538482666,47,15,0,0,0,48,122,39,34,327,0,1170,17138
oliveira/04_11/randm09.02.02.04.020_0030.02.aba.beta,True,11,7,0.04227399826049805,0.150390625,0.0017628669738769531,0.194427490234375,31,11,0,0,0,24,41,26,14,170,0,641,9312
oliveira/04_11/randm09.02.02.04.020_0030.03.aba.beta,True,15,7,0.031122684478759766,0.2096388339996338,0.0018608570098876953,0.24262237548828125,34,15,0,0,0,27,63,32,13,211,0,878,12645
oliveira/04_11/randm09.02.02.04.020_0030.04.aba.beta,True,13,7,0.04047226905822754,0.16965079307556152,0.0016214847564697266,0.2117445468902588,34,13,0,0,0,26,47,30,14,196,0,786,11291
oliveira/04_11/randm09.02.02.04.020_0030.05.aba.beta,True,20,7,0.059893131256103516,0.4596893787384033,0.003120899200439453,0.5227034091949463,49,20,0,0,0,47,94,42,28,390,0,1436,20971
oliveira/04_11/randm09.02.02.05.020_0030.01.aba.beta,True,24,8,0.07197761535644531,0.4125499725341797,0.0028955936431884766,0.4874231815338135,49,24,0,0,0,36,82,42,13,382,0,1364,19464
oliveira/04_11/randm09.02.02.05.020_0030.02.aba.beta,True,15,8,0.04026603698730469,0.2250657081604004,0.0013968944549560547,0.26672863960266113,41,15,0,0,0,31,50,38,17,264,0,731,10104
oliveira/04_11/randm09.02.02.05.020_0030.03.aba.beta,True,28,8,0.1168820858001709,1.3885211944580078,0.0030105113983154297,1.5084137916564941,73,28,0,0,0,101,120,52,74,574,0,1460,20302
oliveira/04_11/randm09.02.02.05.020_0030.04.aba.beta,True,21,8,0.08766317367553711,0.901386022567749,0.003467082977294922,0.992516279220581,69,21,0,0,0,64,127,51,44,494,0,1551,22858
oliveira/04_11/randm09.02.02.05.020_0030.05.aba.beta,True,15,8,0.04088735580444336,0.41742444038391113,0.0016694068908691406,0.45998120307922363,39,15,0,0,0,36,55,34,22,272,0,791,11088
oliveira/04_11/randm09.02.02.06.020_0030.01.aba.beta,True,18,9,0.11922430992126465,1.3314354419708252,0.0022873878479003906,1.4529471397399902,84,18,0,0,0,101,105,58,84,630,0,1026,14650
oliveira/04_11/randm09.02.02.06.020_0030.02.aba.beta,True,30,9,0.24698495864868164,3.03094482421875,0.003007650375366211,3.280937433242798,94,30,0,0,0,154,114,57,125,740,0,1462,20151
oliveira/04_11/randm09.02.02.06.020_0030.03.aba.beta,True,25,9,0.0907437801361084,0.9748055934906006,0.002579927444458008,1.068129301071167,72,25,0,0,0,74,103,59,50,594,0,1262,17858
oliveira/04_11/randm09.02.02.06.020_0030.04.aba.beta,True,23,9,0.1607825756072998,1.9575269222259521,0.002878904342651367,2.1211884021759033,85,23,0,0,0,124,110,52,102,629,0,1397,19648
oliveira/04_11/randm09.02.02.06.020_0030.05.aba.beta,True,23,9,0.09642720222473145,1.0532255172729492,0.0030062198638916016,1.1526589393615723,65,23,0,0,0,80,103,50,58,474,0,1385,19779
oliveira/04_11/randm09.02.02.07.020_0030.01.aba.beta,True,1,1,0.0009884834289550781,0.0018460750579833984,0.0010578632354736328,0.0038924217224121094,3,1,0,0,0,1,3,3,1,2,0,511,8445
oliveira/04_11/randm09.02.02.07.020_0030.02.aba.beta,True,1,1,0.0007758140563964844,0.002012014389038086,0.0011494159698486328,0.003937244415283203,3,1,0,0,0,1,3,3,1,2,0,530,8553
oliveira/04_11/randm09.02.02.07.020_0030.03.aba.beta,True,1,1,0.004224300384521484,0.0018208026885986328,0.0011241436004638672,0.007169246673583984,3,1,0,0,0,1,3,3,1,2,0,533,8573
oliveira/04_11/randm09.02.02.07.020_0030.04.aba.beta,True,1,1,0.0007967948913574219,0.0018436908721923828,0.0010805130004882812,0.003720998764038086,3,1,0,0,0,1,3,3,1,2,0,527,8550
oliveira/04_11/randm09.02.02.07.020_0030.05.aba.beta,True,1,1,0.0008044242858886719,0.001936197280883789,0.0011425018310546875,0.0038831233978271484,3,1,0,0,0,1,3,3,1,2,0,536,8586
oliveira/04_11/randm09.02.02.08.020_0030.01.aba.beta,True,14,6,0.022380352020263672,0.0901956558227539,0.0017299652099609375,0.11430597305297852,24,14,0,0,0,16,30,21,3,121,0,817,12005
oliveira/04_11/randm09.02.02.08.020_0030.02.aba.beta,True,8,6,0.03125452995300293,0.12630248069763184,0.0014240741729736328,0.1589810848236084,29,8,0,0,0,19,42,26,12,157,0,660,9777
oliveira/04_11/randm09.02.02.08.020_0030.03.aba.beta,True,10,6,0.02994704246520996,0.10221409797668457,0.0016741752624511719,0.1338353157043457,23,10,0,0,0,16,40,22,7,147,0,764,11382
oliveira/04_11/randm09.02.02.08.020_0030.04.aba.beta,True,9,6,0.015065908432006836,0.06028151512145996,0.004728078842163086,0.08007550239562988,23,9,0,0,0,12,28,23,4,88,0,2084,32816
oliveira/04_11/randm09.02.02.08.020_0030.05.aba.beta,True,13,6,0.02612781524658203,0.11350822448730469,0.0059850215911865234,0.14562106132507324,25,13,0,0,0,18,41,25,6,115,0,2821,44534
oliveira/04_11/randm09.02.02.09.020_0030.01.aba.beta,True,24,9,0.2547166347503662,3.407398223876953,0.004920244216918945,3.6670351028442383,92,24,0,0,0,164,157,53,141,617,0,2027,30887
oliveira/04_11/randm09.02.02.09.020_0030.02.aba.beta,True,13,9,0.16449427604675293,1.6709201335906982,0.0022382736206054688,1.8376526832580566,71,13,0,0,0,142,85,50,130,416,0,982,14421
oliveira/04_11/randm09.02.02.09.020_0030.03.aba.beta,True,19,9,0.08356332778930664,0.8495595455169678,0.002094268798828125,0.9352171421051025,52,19,0,0,0,73,101,39,55,407,0,970,13613
oliveira/04_11/randm09.02.02.09.020_0030.04.aba.beta,True,23,9,0.09740734100341797,1.1098835468292236,0.0031125545501708984,1.2104034423828125,58,23,0,0,0,93,99,50,71,448,0,1442,20645
oliveira/04_11/randm09.02.02.09.020_0030.05.aba.beta,True,26,9,0.12514114379882812,1.7451345920562744,0.00390934944152832,1.8741850852966309,74,26,0,0,0,124,129,54,99,564,0,1689,24261
oliveira/04_11/randm09.02.02.10.020_0030.01.aba.beta,True,12,6,0.024598121643066406,0.19403481483459473,0.002514362335205078,0.2211472988128662,33,12,0,0,0,25,67,30,14,248,0,1119,17018
oliveira/04_11/randm09.02.02.10.020_0030.02.aba.beta,True,7,6,0.012446880340576172,0.10022687911987305,0.0013194084167480469,0.11399316787719727,28,7,0,0,0,18,37,24,12,123,0,592,8888
oliveira/04_11/randm09.02.02.10.020_0030.03.aba.beta,True,16,6,0.03679656982421875,0.16072607040405273,0.0020732879638671875,0.19959592819213867,32,16,0,0,0,23,53,28,8,219,0,989,14126
oliveira/04_11/randm09.02.02.10.020_0030.04.aba.beta,True,6,6,0.03856778144836426,0.06640100479125977,0.0012907981872558594,0.10625958442687988,22,6,0,0,0,13,27,19,8,92,0,582,8824
oliveira/04_11/randm09.02.02.10.020_0030.05.aba.beta,True,10,6,0.021114826202392578,0.11521625518798828,0.0017242431640625,0.13805532455444336,27,10,0,0,0,18,43,26,9,157,0,707,10211
oliveira/04_11/randm09.02.02.11.020_0030.01.aba.beta,True,21,8,0.06697773933410645,0.8429903984069824,0.0026450157165527344,0.9126131534576416,51,21,0,0,0,74,89,46,54,423,0,1239,17822
oliveira/04_11/randm09.02.02.11.020_0030.02.aba.beta,True,16,8,0.04115176200866699,0.30939435958862305,0.0017237663269042969,0.35226988792419434,44,16,0,0,0,36,60,38,21,317,0,813,11559
oliveira/04_11/randm09.02.02.11.020_0030.03.aba.beta,True,21,8,0.055936574935913086,0.5254740715026855,0.002844572067260742,0.5842552185058594,50,21,0,0,0,53,91,41,33,439,0,1342,19559
oliveira/04_11/randm09.02.02.11.020_0030.04.aba.beta,True,14,8,0.0684196949005127,0.6116766929626465,0.0015931129455566406,0.6816895008087158,48,14,0,0,0,62,56,39,49,297,0,742,10462
oliveira/04_11/randm09.02.02.11.020_0030.05.aba.beta,True,22,8,0.06015658378601074,0.5842239856719971,0.002526998519897461,0.6469075679779053,53,22,0,0,0,53,88,46,32,419,0,1154,16660
oliveira/04_11/randm09.02.02.12.020_0030.01.aba.beta,True,15,8,0.07259106636047363,0.7661547660827637,0.0021669864654541016,0.8409128189086914,56,15,0,0,0,71,90,42,57,351,0,984,14332
oliveira/04_11/randm09.02.02.12.020_0030.02.aba.beta,True,24,8,0.06604790687561035,0.4543166160583496,0.0028018951416015625,0.5231664180755615,50,24,0,0,0,47,95,45,24,350,0,1309,18554
oliveira/04_11/randm09.02.02.12.020_0030.03.aba.beta,True,22,8,0.07474446296691895,0.5891628265380859,0.002559661865234375,0.6664669513702393,54,22,0,0,0,53,95,46,32,411,0,1194,16699
oliveira/04_11/randm09.02.02.12.020_0030.04.aba.beta,True,22,8,0.06286764144897461,0.5482158660888672,0.0021660327911376953,0.6132495403289795,57,22,0,0,0,57,80,50,36,368,0,1038,14377
oliveira/04_11/randm09.02.02.12.020_0030.05.aba.beta,True,25,8,0.06989765167236328,0.8324930667877197,0.0024831295013427734,0.9048738479614258,66,25,0,0,0,64,108,53,40,504,0,1185,16194
oliveira/04_11/randm09.02.02.13.020_0030.01.aba.beta,True,24,8,0.05785942077636719,0.39783525466918945,0.004180431365966797,0.45987510681152344,47,24,0,0,0,37,103,42,14,455,0,1770,26283
oliveira/04_11/randm09.02.02.13.020_0030.02.aba.beta,True,23,8,0.07017207145690918,0.8428535461425781,0.004606485366821289,0.9176321029663086,65,23,0,0,0,68,156,54,46,633,0,2109,31463
oliveira/04_11/randm09.02.02.13.020_0030.03.aba.beta,True,27,8,0.8476431369781494,9.290862798690796,0.0039010047912597656,10.142406940460205,170,27,0,0,0,395,204,84,369,1208,0,1793,25762
oliveira/04_11/randm09.02.02.13.020_0030.04.aba.beta,True,21,8,0.07198667526245117,0.701181173324585,0.002711057662963867,0.77587890625,64,21,0,0,0,64,139,52,44,577,0,1246,18068
oliveira/04_11/randm09.02.02.13.020_0030.05.aba.beta,True,23,8,0.07872223854064941,0.8094995021820068,0.0034651756286621094,0.8916869163513184,72,23,0,0,0,79,110,53,57,469,0,1625,23549
oliveira/04_11/randm09.02.02.14.020_0030.01.aba.beta,True,11,6,0.022579669952392578,0.1376025676727295,0.0017690658569335938,0.16195130348205566,30,11,0,0,0,22,69,26,12,180,0,829,12218
oliveira/04_11/randm09.02.02.14.020_0030.02.aba.beta,True,6,6,0.01860785484313965,0.29793572425842285,0.0013976097106933594,0.31794118881225586,34,6,0,0,0,39,55,28,34,178,0,654,9801
oliveira/04_11/randm09.02.02.14.020_0030.03.aba.beta,True,11,6,0.027181386947631836,0.18423938751220703,0.001867532730102539,0.2132883071899414,33,11,0,0,0,28,68,31,18,237,0,767,11202
oliveira/04_11/randm09.02.02.14.020_0030.04.aba.beta,True,7,6,0.017153263092041016,0.14148426055908203,0.0014729499816894531,0.1601104736328125,31,7,0,0,0,23,51,28,17,164,0,699,10532
oliveira/04_11/randm09.02.02.14.020_0030.05.aba.beta,True,8,6,0.021711111068725586,0.22882318496704102,0.0016214847564697266,0.25215578079223633,30,8,0,0,0,33,69,25,26,193,0,740,11092
oliveira/04_11/randm09.02.02.15.020_0030.01.aba.beta,True,18,8,0.07098698616027832,0.5869646072387695,0.0030231475830078125,0.6609747409820557,57,18,0,0,0,54,111,43,37,359,0,1369,20026
oliveira/04_11/randm09.02.02.15.020_0030.02.aba.beta,True,13,8,0.035336971282958984,0.2621009349822998,0.0016558170318603516,0.29909372329711914,39,13,0,0,0,32,68,34,20,253,0,771,11000
oliveira/04_11/randm09.02.02.15.020_0030.03.aba.beta,True,22,8,0.06178402900695801,0.4032864570617676,0.0024819374084472656,0.46755242347717285,48,22,0,0,0,42,84,41,21,335,0,1169,16678
oliveira/04_11/randm09.02.02.15.020_0030.04.aba.beta,True,20,8,0.05862140655517578,0.43288493156433105,0.0021712779998779297,0.49367761611938477,48,20,0,0,0,41,75,40,22,368,0,1024,14444
oliveira/04_11/randm09.02.02.15.020_0030.05.aba.beta,True,12,8,0.32097578048706055,0.6060106754302979,0.0022127628326416016,0.92919921875,54,12,0,0,0,65,79,36,54,306,0,968,15024
oliveira/04_11/randm09.02.02.16.020_0030.01.aba.beta,True,12,6,0.030054807662963867,0.40187835693359375,0.0025453567504882812,0.4344785213470459,48,12,0,0,0,43,87,40,32,304,0,1149,17504
oliveira/04_11/randm09.02.02.16.020_0030.02.aba.beta,True,14,6,0.03924727439880371,0.4817798137664795,0.002538919448852539,0.5235660076141357,49,14,0,0,0,45,102,43,32,329,0,1129,16692
oliveira/04_11/randm09.02.02.16.020_0030.03.aba.beta,True,15,6,0.04125165939331055,0.5335209369659424,0.0034024715423583984,0.5781750679016113,50,15,0,0,0,46,107,41,32,341,0,1484,22702
oliveira/04_11/randm09.02.02.16.020_0030.04.aba.beta,True,8,6,0.01877760887145996,0.14348363876342773,0.001880645751953125,0.16414189338684082,30,8,0,0,0,22,45,27,15,149,0,753,11325
oliveira/04_11/randm09.02.02.16.020_0030.05.aba.beta,True,8,6,0.0212094783782959,0.26197195053100586,0.0015397071838378906,0.28472113609313965,38,8,0,0,0,32,71,33,25,233,0,693,10379
oliveira/04_11/randm09.02.02.17.020_0030.01.aba.beta,True,21,9,0.266589879989624,3.8419816493988037,0.005362987518310547,4.113934516906738,102,21,0,0,0,247,156,66,227,754,0,2339,36313
oliveira/04_11/randm09.02.02.17.020_0030.02.aba.beta,True,28,9,0.1380147933959961,1.8024358749389648,0.004842996597290039,1.945293664932251,78,28,0,0,0,114,143,65,87,639,0,2064,30562
oliveira/04_11/randm09.02.02.17.020_0030.03.aba.beta,True,17,9,0.07788586616516113,1.009021520614624,0.002081632614135742,1.088989019393921,64,17,0,0,0,84,105,52,68,413,0,977,13963
oliveira/04_11/randm09.02.02.17.020_0030.04.aba.beta,True,21,9,0.08692169189453125,0.8556520938873291,0.0021898746490478516,0.9447636604309082,58,21,0,0,0,75,79,48,55,392,0,1020,14186
oliveira/04_11/randm09.02.02.17.020_0030.05.aba.beta,True,28,9,0.13787412643432617,1.5587544441223145,0.004343271255493164,1.7009718418121338,73,28,0,0,0,92,150,63,65,577,0,2029,29863
oliveira/04_11/randm09.02.02.18.020_0030.01.aba.beta,True,15,7,0.08833169937133789,0.804497241973877,0.002249002456665039,0.8950779438018799,51,15,0,0,0,67,92,40,53,373,0,1008,14713
oliveira/04_11/randm09.02.02.18.020_0030.02.aba.beta,True,22,7,0.21964240074157715,0.7260477542877197,0.0022623538970947266,0.9479525089263916,64,22,0,0,0,67,108,42,46,522,0,1092,15430
oliveira/04_11/randm09.02.02.18.020_0030.03.aba.beta,True,17,7,0.044722795486450195,0.504615068435669,0.003177642822265625,0.5525155067443848,45,17,0,0,0,44,118,37,28,435,0,1357,20233
oliveira/04_11/randm09.02.02.18.020_0030.04.aba.beta,True,19,7,0.10919833183288574,0.4298434257507324,0.003037691116333008,0.5420794486999512,46,19,0,0,0,41,105,39,23,400,0,1404,20449
oliveira/04_11/randm09.02.02.18.020_0030.05.aba.beta,True,14,7,0.049295663833618164,0.42406702041625977,0.002460002899169922,0.47582268714904785,48,14,0,0,0,46,112,42,33,382,0,1097,16449
oliveira/04_11/randm09.02.02.19.020_0030.01.aba.beta,True,16,8,0.24823570251464844,3.0272457599639893,0.0027756690979003906,3.278257131576538,100,16,0,0,0,264,132,60,249,629,0,1280,18970
oliveira/04_11/randm09.02.02.19.020_0030.02.aba.beta,True,21,8,0.0719594955444336,0.7288782596588135,0.0047762393951416016,0.8056139945983887,66,21,0,0,0,66,154,53,46,470,0,2102,31700
oliveira/04_11/randm09.02.02.19.020_0030.03.aba.beta,True,19,8,0.14650678634643555,2.1996591091156006,0.0026056766510009766,2.348771572113037,75,19,0,0,0,162,118,55,144,519,0,1212,17452
oliveira/04_11/randm09.02.02.19.020_0030.04.aba.beta,True,16,8,0.21710777282714844,3.1928048133850098,0.0019567012786865234,3.4118692874908447,92,16,0,0,0,240,121,58,225,601,0,944,13600
oliveira/04_11/randm09.02.02.19.020_0030.05.aba.beta,True,27,8,0.08901762962341309,0.9716935157775879,0.0059239864349365234,1.0666351318359375,60,27,0,0,0,68,195,49,42,591,0,2512,37785
oliveira/04_11/randm10.02.02.01.020_0030.01.aba.beta,True,11,6,0.018887758255004883,0.10658860206604004,0.0024259090423583984,0.12790226936340332,25,11,0,0,0,19,27,24,9,109,0,1139,17112
oliveira/04_11/randm10.02.02.01.020_0030.02.aba.beta,True,15,6,0.031800270080566406,0.152390718460083,0.002375364303588867,0.18656635284423828,31,15,0,0,0,23,42,28,9,189,0,1022,15092
oliveira/04_11/randm10.02.02.01.020_0030.03.aba.beta,True,6,6,0.022699832916259766,0.12449765205383301,0.0012590885162353516,0.14845657348632812,32,6,0,0,0,23,33,28,18,120,0,575,8736
oliveira/04_11/randm10.02.02.01.020_0030.04.aba.beta,True,9,6,0.019946813583374023,0.13201284408569336,0.0014119148254394531,0.15337157249450684,30,9,0,0,0,21,47,26,13,174,0,640,9414
oliveira/04_11/randm10.02.02.01.020_0030.05.aba.beta,True,14,6,0.030785322189331055,0.10127377510070801,0.0063931941986083984,0.13845229148864746,27,14,0,0,0,18,31,25,5,123,0,2916,45885
oliveira/04_11/randm10.02.02.02.020_0030.01.aba.beta,True,24,9,0.0834341049194336,0.8363277912139893,0.0034449100494384766,0.9232068061828613,61,24,0,0,0,75,123,55,52,449,0,1654,23780
oliveira/04_11/randm10.02.02.02.020_0030.02.aba.beta,True,29,9,0.16020965576171875,2.392650604248047,0.004171133041381836,2.5570313930511475,89,29,0,0,0,139,160,64,111,712,0,1904,27678
oliveira/04_11/randm10.02.02.02.020_0030.03.aba.beta,True,31,9,0.13053250312805176,2.146237850189209,0.0048274993896484375,2.281597852706909,80,31,0,0,0,117,144,62,87,679,0,2139,31662
oliveira/04_11/randm10.02.02.02.020_0030.04.aba.beta,True,27,9,0.2037196159362793,2.964168071746826,0.0028204917907714844,3.170708179473877,85,27,0,0,0,162,124,58,136,710,0,1343,19251
oliveira/04_11/randm10.02.02.02.020_0030.05.aba.beta,True,29,9,0.3687782287597656,4.908747434616089,0.0033805370330810547,5.2809062004089355,130,29,0,0,0,267,178,67,239,1022,0,1561,21548
oliveira/04_11/randm10.02.02.03.020_0030.01.aba.beta,True,16,8,0.05530571937561035,0.5453267097473145,0.002649545669555664,0.6032819747924805,56,16,0,0,0,55,100,45,40,373,0,1222,17941
oliveira/04_11/randm10.02.02.03.020_0030.02.aba.beta,True,14,8,0.04706573486328125,0.5531289577484131,0.0023398399353027344,0.6025345325469971,52,14,0,0,0,61,81,46,48,323,0,1039,14929
oliveira/04_11/randm10.02.02.03.020_0030.03.aba.beta,True,19,8,0.07754850387573242,0.9821629524230957,0.0031719207763671875,1.0628833770751953,62,19,0,0,0,83,114,47,65,497,0,1376,20497
oliveira/04_11/randm10.02.02.03.020_0030.04.aba.beta,True,18,8,0.07339334487915039,0.9191656112670898,0.0024733543395996094,0.9950323104858398,62,18,0,0,0,79,106,50,62,395,0,1142,16371
oliveira/04_11/randm10.02.02.03.020_0030.05.aba.beta,True,21,8,0.06601786613464355,0.4019455909729004,0.002453327178955078,0.470416784286499,50,21,0,0,0,42,88,40,22,361,0,1189,16925
oliveira/04_11/randm10.02.02.04.020_0030.01.aba.beta,True,7,5,0.017460107803344727,0.0638270378112793,0.0014014244079589844,0.08268857002258301,21,7,0,0,0,13,29,20,7,117,0,623,9183
oliveira/04_11/randm10.02.02.04.020_0030.02.aba.beta,True,6,5,0.014061450958251953,0.08164858818054199,0.0012972354888916016,0.09700727462768555,24,6,0,0,0,15,30,23,10,100,0,595,8914
oliveira/04_11/randm10.02.02.04.020_0030.03.aba.beta,True,9,5,0.0184938907623291,0.09102129936218262,0.0013582706451416016,0.11087346076965332,23,9,0,0,0,18,38,19,10,128,0,618,9349
oliveira/04_11/randm10.02.02.04.020_0030.04.aba.beta,True,10,5,0.016251325607299805,0.057355403900146484,0.0017528533935546875,0.07535958290100098,18,10,0,0,0,10,58,18,1,119,0,829,12366
oliveira/04_11/randm10.02.02.04.020_0030.05.aba.beta,True,6,5,0.009908437728881836,0.07083582878112793,0.0012683868408203125,0.08201265335083008,21,6,0,0,0,14,26,21,9,81,0,587,8829
oliveira/04_11/randm10.02.02.05.020_0030.01.aba.beta,True,27,8,0.07761287689208984,0.6843667030334473,0.0042459964752197266,0.7662255764007568,62,27,0,0,0,62,83,53,36,444,0,1866,28078
oliveira/04_11/randm10.02.02.05.020_0030.02.aba.beta,True,15,7,0.04046034812927246,0.3331892490386963,0.0033011436462402344,0.376950740814209,44,15,0,0,0,38,99,39,24,259,0,1470,21975
oliveira/04_11/randm10.02.02.05.020_0030.03.aba.beta,True,24,8,0.07133293151855469,0.6899759769439697,0.003842592239379883,0.7651515007019043,58,24,0,0,0,56,143,53,33,480,0,1742,25709
oliveira/04_11/randm10.02.02.05.020_0030.04.aba.beta,True,14,8,0.05199027061462402,0.6422357559204102,0.0035712718963623047,0.6977972984313965,58,14,0,0,0,62,117,47,49,362,0,1659,24964
oliveira/04_11/randm10.02.02.05.020_0030.05.aba.beta,True,26,8,0.2520890235900879,4.120169162750244,0.008197307586669922,4.380455493927002,109,26,0,0,0,172,213,67,147,871,0,3538,54438
oliveira/04_11/randm10.02.02.06.020_0030.01.aba.beta,True,30,9,0.09130167961120605,0.5722000598907471,0.0026497840881347656,0.6661515235900879,57,30,0,0,0,47,81,50,18,562,0,1323,18055
oliveira/04_11/randm10.02.02.06.020_0030.02.aba.beta,True,22,9,0.11596465110778809,2.071470022201538,0.00344085693359375,2.19087553024292,78,22,0,0,0,104,125,51,83,593,0,1480,21606
oliveira/04_11/randm10.02.02.06.020_0030.03.aba.beta,True,29,9,0.12797045707702637,2.1738669872283936,0.00404667854309082,2.3058841228485107,79,29,0,0,0,116,125,56,88,723,0,1805,25870
oliveira/04_11/randm10.02.02.06.020_0030.04.aba.beta,True,15,9,0.055403709411621094,0.5423164367675781,0.0019681453704833984,0.5996882915496826,51,15,0,0,0,50,80,45,36,415,0,897,13062
oliveira/04_11/randm10.02.02.06.020_0030.05.aba.beta,True,23,9,0.11963987350463867,1.5476932525634766,0.0026750564575195312,1.6700081825256348,77,23,0,0,0,93,114,52,71,637,0,1250,18109
oliveira/04_11/randm10.02.02.07.020_0030.01.aba.beta,True,35,9,0.42391467094421387,5.501046180725098,0.006411075592041016,5.9313719272613525,129,35,0,0,0,234,189,84,200,1019,0,2851,42547
oliveira/04_11/randm10.02.02.07.020_0030.02.aba.beta,True,24,9,0.3909149169921875,4.372867584228516,0.003141641616821289,4.766924142837524,115,24,0,0,0,277,167,57,254,800,0,1376,19956
oliveira/04_11/randm10.02.02.07.020_0030.03.aba.beta,True,27,9,0.15185332298278809,2.0082600116729736,0.0032567977905273438,2.163370132446289,84,27,0,0,0,145,118,61,119,567,0,1584,22807
oliveira/04_11/randm10.02.02.07.020_0030.04.aba.beta,True,26,9,0.08594250679016113,1.0829343795776367,0.004257678985595703,1.1731345653533936,56,26,0,0,0,68,138,52,43,506,0,1966,28429
oliveira/04_11/randm10.02.02.07.020_0030.05.aba.beta,True,28,9,0.0882406234741211,0.9382038116455078,0.0033271312713623047,1.0297715663909912,61,28,0,0,0,73,102,52,46,582,0,1553,21801
oliveira/04_11/randm10.02.02.08.020_0030.01.aba.beta,True,33,9,0.10119366645812988,1.0698606967926025,0.0034012794494628906,1.1744556427001953,64,33,0,0,0,82,96,57,50,601,0,1554,22291
oliveira/04_11/randm10.02.02.08.020_0030.02.aba.beta,True,20,9,0.06644535064697266,0.5629169940948486,0.0026018619537353516,0.6319642066955566,51,20,0,0,0,56,80,42,37,376,0,1236,17765
oliveira/04_11/randm10.02.02.08.020_0030.03.aba.beta,True,20,9,0.09411191940307617,1.4210033416748047,0.002220630645751953,1.5173358917236328,64,20,0,0,0,100,70,41,81,476,0,1073,15034
oliveira/04_11/randm10.02.02.08.020_0030.04.aba.beta,True,14,9,0.13961005210876465,2.228853702545166,0.0016360282897949219,2.3700997829437256,74,14,0,0,0,154,86,47,141,399,0,752,10758
oliveira/04_11/randm10.02.02.08.020_0030.05.aba.beta,True,18,9,0.08460521697998047,1.057431936264038,0.0017936229705810547,1.1438307762145996,65,18,0,0,0,87,85,51,70,420,0,863,12065
oliveira/04_11/randm10.02.02.09.020_0030.01.aba.beta,True,18,7,0.05611848831176758,0.6555213928222656,0.0025594234466552734,0.7141993045806885,55,18,0,0,0,60,95,43,43,339,0,1134,16743
oliveira/04_11/randm10.02.02.09.020_0030.02.aba.beta,True,15,7,0.05294394493103027,0.3368046283721924,0.001764535903930664,0.3915131092071533,39,15,0,0,0,35,78,34,21,310,0,824,11872
oliveira/04_11/randm10.02.02.09.020_0030.03.aba.beta,True,19,7,0.05242776870727539,0.31584811210632324,0.0018851757049560547,0.3701610565185547,43,19,0,0,0,38,59,39,20,298,0,879,12277
oliveira/04_11/randm10.02.02.09.020_0030.04.aba.beta,True,20,7,0.06536626815795898,0.3835287094116211,0.0021293163299560547,0.45102429389953613,43,20,0,0,0,37,77,33,18,338,0,966,13603
oliveira/04_11/randm10.02.02.09.020_0030.05.aba.beta,True,17,7,0.0438230037689209,0.5801594257354736,0.0021712779998779297,0.6261537075042725,47,17,0,0,0,56,84,38,40,352,0,1004,14587
oliveira/04_11/randm10.02.02.10.020_0030.01.aba.beta,True,18,7,0.038919925689697266,0.22625088691711426,0.002128124237060547,0.26729893684387207,38,18,0,0,0,29,83,37,12,303,0,1008,14573
oliveira/04_11/randm10.02.02.10.020_0030.02.aba.beta,True,14,7,0.03643441200256348,0.21690726280212402,0.0020978450775146484,0.25543951988220215,34,14,0,0,0,28,75,32,15,213,0,969,14158
oliveira/04_11/randm10.02.02.10.020_0030.03.aba.beta,True,15,7,0.03113555908203125,0.22757339477539062,0.0018315315246582031,0.2605404853820801,37,15,0,0,0,31,72,36,17,318,0,851,12102
oliveira/04_11/randm10.02.02.10.020_0030.04.aba.beta,True,16,7,0.05390453338623047,0.37558889389038086,0.0018308162689208984,0.4313242435455322,50,16,0,0,0,48,69,40,33,291,0,862,12241
oliveira/04_11/randm10.02.02.10.020_0030.05.aba.beta,True,10,7,0.03208041191101074,0.49197983741760254,0.0019338130950927734,0.525994062423706,46,10,0,0,0,56,85,36,47,284,0,850,12652
oliveira/04_11/randm10.02.02.11.020_0030.01.aba.beta,True,13,7,0.03732156753540039,0.315579891204834,0.0014684200286865234,0.3543698787689209,44,13,0,0,0,38,46,39,26,235,0,673,9386
oliveira/04_11/randm10.02.02.11.020_0030.02.aba.beta,True,19,7,0.04610323905944824,0.2191329002380371,0.0020568370819091797,0.26729297637939453,36,19,0,0,0,27,54,34,9,279,0,941,13167
oliveira/04_11/randm10.02.02.11.020_0030.03.aba.beta,True,17,7,0.0380856990814209,0.28548407554626465,0.0022385120391845703,0.3258082866668701,39,17,0,0,0,33,84,29,17,251,0,1057,15402
oliveira/04_11/randm10.02.02.11.020_0030.04.aba.beta,True,18,7,0.03823590278625488,0.1924762725830078,0.0018804073333740234,0.23259258270263672,36,18,0,0,0,24,62,33,7,281,0,942,13080
oliveira/04_11/randm10.02.02.11.020_0030.05.aba.beta,True,14,7,0.031378984451293945,0.14838552474975586,0.001850128173828125,0.18161463737487793,32,14,0,0,0,20,64,32,7,207,0,868,12589
oliveira/04_11/randm10.02.02.12.020_0030.01.aba.beta,True,14,8,0.047916412353515625,0.5886664390563965,0.002009153366088867,0.638592004776001,47,14,0,0,0,60,82,39,47,284,0,946,13690
oliveira/04_11/randm10.02.02.12.020_0030.02.aba.beta,True,18,8,0.09418964385986328,1.449798822402954,0.002196788787841797,1.5461852550506592,80,18,0,0,0,122,104,52,105,521,0,1039,15174
oliveira/04_11/randm10.02.02.12.020_0030.03.aba.beta,True,25,8,0.07667732238769531,0.37459564208984375,0.0022165775299072266,0.4534895420074463,44,25,0,0,0,35,66,39,11,388,0,1021,14063
oliveira/04_11/randm10.02.02.12.020_0030.04.aba.beta,True,17,8,0.057637691497802734,0.5996317863464355,0.0015892982482910156,0.6588587760925293,54,17,0,0,0,64,63,43,48,350,0,772,10686
oliveira/04_11/randm10.02.02.12.020_0030.05.aba.beta,True,24,8,0.09602856636047363,0.9121694564819336,0.0031659603118896484,1.0113639831542969,61,24,0,0,0,75,111,50,52,555,0,1501,21447
oliveira/04_11/randm10.02.02.13.020_0030.01.aba.beta,True,12,6,0.02508711814880371,0.18946146965026855,0.0015604496002197266,0.216109037399292,33,12,0,0,0,26,45,31,15,244,0,728,10500
oliveira/04_11/randm10.02.02.13.020_0030.02.aba.beta,True,9,6,0.01715993881225586,0.14814090728759766,0.0021190643310546875,0.1674199104309082,27,9,0,0,0,21,70,27,13,197,0,936,14387
oliveira/04_11/randm10.02.02.13.020_0030.03.aba.beta,True,12,6,0.04146409034729004,0.20703411102294922,0.002069711685180664,0.2505679130554199,34,12,0,0,0,26,111,29,15,262,0,1031,15421
oliveira/04_11/randm10.02.02.13.020_0030.04.aba.beta,True,19,6,0.04637598991394043,0.40192484855651855,0.0027778148651123047,0.4510786533355713,45,19,0,0,0,41,106,38,23,360,0,1243,18305
oliveira/04_11/randm10.02.02.13.020_0030.05.aba.beta,True,16,6,0.04275798797607422,0.38475775718688965,0.002664804458618164,0.43018054962158203,42,16,0,0,0,37,110,35,22,316,0,1217,17877
oliveira/04_11/randm10.02.02.14.020_0030.01.aba.beta,True,25,9,0.5892488956451416,5.968487024307251,0.003484010696411133,6.561219930648804,119,25,0,0,0,323,159,77,299,929,0,1605,22937
oliveira/04_11/randm10.02.02.14.020_0030.02.aba.beta,True,19,9,0.611743688583374,6.090688467025757,0.001817464828491211,6.704249620437622,113,19,0,0,0,374,125,63,356,759,0,865,12100
oliveira/04_11/randm10.02.02.14.020_0030.03.aba.beta,True,24,9,0.7809476852416992,9.411821126937866,0.0045626163482666016,10.197331428527832,116,24,0,0,0,459,185,67,436,832,0,2011,30323
oliveira/04_11/randm10.02.02.14.020_0030.04.aba.beta,True,26,9,4.264770984649658,29.65250301361084,0.003611326217651367,33.92088532447815,188,26,0,0,0,1268,241,86,1243,1377,0,1959,28919
oliveira/04_11/randm10.02.02.14.020_0030.05.aba.beta,True,24,9,1.058657169342041,8.576683521270752,0.002859830856323242,9.638200521469116,134,24,0,0,0,435,183,72,412,1038,0,1285,18510
oliveira/04_11/randm10.02.02.15.020_0030.01.aba.beta,True,21,8,0.0789031982421875,0.9730041027069092,0.0023331642150878906,1.0542404651641846,65,21,0,0,0,100,98,50,80,440,0,1092,15482
oliveira/04_11/randm10.02.02.15.020_0030.02.aba.beta,True,21,8,0.07190918922424316,0.6611676216125488,0.0017457008361816406,0.7348225116729736,56,21,0,0,0,59,66,43,39,404,0,866,11843
oliveira/04_11/randm10.02.02.15.020_0030.03.aba.beta,True,22,8,0.08002638816833496,1.0184082984924316,0.0030443668365478516,1.1014790534973145,70,22,0,0,0,80,113,51,59,521,0,1450,20875
oliveira/04_11/randm10.02.02.15.020_0030.04.aba.beta,True,21,8,0.07214522361755371,0.8009693622589111,0.002193450927734375,0.8753080368041992,55,21,0,0,0,78,75,46,58,464,0,1024,14131
oliveira/04_11/randm10.02.02.15.020_0030.05.aba.beta,True,22,8,0.06764817237854004,0.7167251110076904,0.0021810531616210938,0.7865543365478516,53,22,0,0,0,65,64,40,44,345,0,1060,14544
oliveira/04_11/randm10.02.02.16.020_0030.01.aba.beta,True,17,8,0.25845789909362793,3.7412426471710205,0.004027843475341797,4.00372838973999,124,17,0,0,0,232,197,70,216,884,0,1730,26002
oliveira/04_11/randm10.02.02.16.020_0030.02.aba.beta,True,30,8,0.13152217864990234,1.6492042541503906,0.0038530826568603516,1.7845795154571533,75,30,0,0,0,102,116,58,73,693,0,1763,25125
oliveira/04_11/randm10.02.02.16.020_0030.03.aba.beta,True,20,8,0.10195708274841309,0.8718695640563965,0.0033991336822509766,0.9772257804870605,67,20,0,0,0,73,111,49,54,475,0,1588,23121
oliveira/04_11/randm10.02.02.16.020_0030.04.aba.beta,True,20,8,0.10703396797180176,1.6159987449645996,0.0025196075439453125,1.7255523204803467,96,20,0,0,0,131,144,68,112,624,0,1135,15890
oliveira/04_11/randm10.02.02.16.020_0030.05.aba.beta,True,27,8,0.24731183052062988,4.26250433921814,0.0037446022033691406,4.513560771942139,120,27,0,0,0,214,206,70,188,928,0,1669,24103
oliveira/04_11/randm10.02.02.17.020_0030.01.aba.beta,True,13,7,0.02841973304748535,0.3034384250640869,0.001676321029663086,0.33353447914123535,39,13,0,0,0,36,63,37,24,301,0,792,11334
oliveira/04_11/randm10.02.02.17.020_0030.02.aba.beta,True,15,7,0.061983346939086914,0.7663893699645996,0.0023555755615234375,0.83072829246521,71,15,0,0,0,77,121,46,63,415,0,1038,15279
oliveira/04_11/randm10.02.02.17.020_0030.03.aba.beta,True,15,7,0.04323601722717285,0.4559938907623291,0.0019452571868896484,0.5011751651763916,43,15,0,0,0,42,79,38,28,297,0,915,13435
oliveira/04_11/randm10.02.02.17.020_0030.04.aba.beta,True,18,7,0.06034111976623535,0.5801336765289307,0.002308368682861328,0.6427831649780273,52,18,0,0,0,59,99,41,42,347,0,1122,16168
oliveira/04_11/randm10.02.02.17.020_0030.05.aba.beta,True,17,7,0.04536604881286621,0.4076387882232666,0.002165555953979492,0.4551703929901123,52,17,0,0,0,46,117,42,30,402,0,1026,14931
oliveira/04_11/randm10.02.02.18.020_0030.01.aba.beta,True,1,1,0.0008804798126220703,0.0019123554229736328,0.0011200904846191406,0.003912925720214844,3,1,0,0,0,1,3,3,1,2,0,539,8607
oliveira/04_11/randm10.02.02.18.020_0030.02.aba.beta,True,1,1,0.0007941722869873047,0.0018627643585205078,0.0011141300201416016,0.003771066665649414,3,1,0,0,0,1,3,3,1,2,0,537,8599
oliveira/04_11/randm10.02.02.18.020_0030.03.aba.beta,True,1,1,0.0007793903350830078,0.0017933845520019531,0.001096963882446289,0.00366973876953125,3,1,0,0,0,1,3,3,1,2,0,537,8596
oliveira/04_11/randm10.02.02.18.020_0030.04.aba.beta,True,1,1,0.0008082389831542969,0.0018262863159179688,0.0011725425720214844,0.00380706787109375,3,1,0,0,0,1,3,3,1,2,0,536,8587
oliveira/04_11/randm10.02.02.18.020_0030.05.aba.beta,True,1,1,0.0008053779602050781,0.0018506050109863281,0.0011682510375976562,0.0038242340087890625,3,1,0,0,0,1,3,3,1,2,0,537,8596
oliveira/04_11/randm10.02.02.19.020_0030.01.aba.beta,True,24,10,0.10233831405639648,1.1578316688537598,0.0028345584869384766,1.2630045413970947,67,24,0,0,0,90,94,57,67,493,0,1341,19031
oliveira/04_11/randm10.02.02.19.020_0030.02.aba.beta,True,17,10,0.17412948608398438,2.261068820953369,0.0026895999908447266,2.4378879070281982,91,17,0,0,0,169,130,57,153,598,0,1174,17069
oliveira/04_11/randm10.02.02.19.020_0030.03.aba.beta,True,28,10,0.15984845161437988,2.4725849628448486,0.003244638442993164,2.6356780529022217,81,28,0,0,0,140,116,60,113,640,0,1510,21309
oliveira/04_11/randm10.02.02.19.020_0030.04.aba.beta,True,24,10,0.10986757278442383,1.3157517910003662,0.002565145492553711,1.4281845092773438,77,24,0,0,0,104,107,56,81,548,0,1221,16943
oliveira/04_11/randm10.02.02.19.020_0030.05.aba.beta,True,33,10,0.18471622467041016,4.163746356964111,0.0039501190185546875,4.352412700653076,84,33,0,0,0,155,135,65,123,704,0,1822,25865
oliveira/04_11/randm11.02.02.01.020_0030.01.aba.beta,True,25,10,0.16072511672973633,2.410602569580078,0.003385305404663086,2.5747129917144775,91,25,0,0,0,141,135,62,117,713,0,1541,21856
oliveira/04_11/randm11.02.02.01.020_0030.02.aba.beta,True,25,10,0.18726086616516113,2.3399558067321777,0.0029137134552001953,2.530130386352539,90,25,0,0,0,151,123,61,127,644,0,1356,18997
oliveira/04_11/randm11.02.02.01.020_0030.03.aba.beta,True,30,10,1.9930546283721924,27.113431930541992,0.005941629409790039,29.112428188323975,170,30,0,0,0,659,258,79,630,1304,0,2876,43346
oliveira/04_11/randm11.02.02.01.020_0030.04.aba.beta,True,28,10,0.41553831100463867,4.839772939682007,0.003888368606567383,5.259199619293213,105,28,0,0,0,241,160,66,214,854,0,1705,24855
oliveira/04_11/randm11.02.02.01.020_0030.05.aba.beta,True,27,10,0.2849597930908203,3.500420570373535,0.003362894058227539,3.788743257522583,102,27,0,0,0,211,151,65,185,798,0,1574,22394
oliveira/04_11/randm11.02.02.02.020_0030.01.aba.beta,True,26,9,0.08076620101928711,0.6431460380554199,0.004948139190673828,0.7288603782653809,61,26,0,0,0,55,169,51,30,524,0,2183,32733
oliveira/04_11/randm11.02.02.02.020_0030.02.aba.beta,True,26,10,0.16842865943908691,1.886472225189209,0.00586247444152832,2.060763359069824,79,26,0,0,0,113,109,59,88,615,0,2513,38073
oliveira/04_11/randm11.02.02.02.020_0030.03.aba.beta,True,26,10,0.10366511344909668,1.1986947059631348,0.0034439563751220703,1.3058037757873535,75,26,0,0,0,95,100,61,70,539,0,1566,22311
oliveira/04_11/randm11.02.02.02.020_0030.04.aba.beta,True,25,10,0.12188243865966797,1.631842851638794,0.0042760372161865234,1.7580013275146484,74,25,0,0,0,110,133,54,86,623,0,1889,27640
oliveira/04_11/randm11.02.02.02.020_0030.05.aba.beta,True,35,10,0.1560976505279541,1.3231322765350342,0.003846406936645508,1.4830763339996338,71,35,0,0,0,90,121,55,56,653,0,1846,26021
oliveira/04_11/randm11.02.02.03.020_0030.01.aba.beta,True,23,10,0.48643016815185547,4.913778781890869,0.004065752029418945,5.4042747020721436,109,23,0,0,0,283,122,63,261,684,0,1883,27372
oliveira/04_11/randm11.02.02.03.020_0030.02.aba.beta,True,23,10,0.9487121105194092,8.391053915023804,0.0033812522888183594,9.343147277832031,133,23,0,0,0,385,175,73,363,971,0,1553,22827
oliveira/04_11/randm11.02.02.03.020_0030.03.aba.beta,True,23,10,2.0147500038146973,15.120850801467896,0.0035736560821533203,17.139174461364746,149,23,0,0,0,547,186,75,525,1099,0,1585,23075
oliveira/04_11/randm11.02.02.03.020_0030.04.aba.beta,True,27,10,3.6599342823028564,27.294005632400513,0.002689361572265625,30.956629276275635,162,27,0,0,0,1070,199,72,1044,1140,0,1250,17048
oliveira/04_11/randm11.02.02.03.020_0030.05.aba.beta,True,28,10,0.41983580589294434,4.3579421043396,0.00860738754272461,4.7863852977752686,102,28,0,0,0,238,154,67,211,694,0,3910,59748
oliveira/04_11/randm11.02.02.04.020_0030.01.aba.beta,True,15,9,0.07299566268920898,0.6710648536682129,0.0017750263214111328,0.745835542678833,57,15,0,0,0,66,80,46,52,375,0,819,11487
oliveira/04_11/randm11.02.02.04.020_0030.02.aba.beta,True,20,9,0.19606852531433105,1.991363286972046,0.0025436878204345703,2.1899755001068115,78,20,0,0,0,147,113,46,128,466,0,1194,16997
oliveira/04_11/randm11.02.02.04.020_0030.03.aba.beta,True,20,9,0.07810711860656738,0.6456553936004639,0.0018379688262939453,0.7256004810333252,63,20,0,0,0,58,71,51,39,462,0,904,12380
oliveira/04_11/randm11.02.02.04.020_0030.04.aba.beta,True,27,9,0.09000635147094727,0.6275215148925781,0.0025022029876708984,0.7200300693511963,59,27,0,0,0,57,79,51,31,492,0,1237,16805
oliveira/04_11/randm11.02.02.04.020_0030.05.aba.beta,True,25,9,0.13446307182312012,0.8358142375946045,0.0025136470794677734,0.9727909564971924,57,25,0,0,0,71,83,46,47,406,0,1240,17131
oliveira/04_11/randm11.02.02.05.020_0030.01.aba.beta,True,20,8,0.06087660789489746,0.6638941764831543,0.002202749252319336,0.7269735336303711,54,20,0,0,0,56,95,43,37,453,0,1073,15244
oliveira/04_11/randm11.02.02.05.020_0030.02.aba.beta,True,18,8,0.047708988189697266,0.4258584976196289,0.002118349075317383,0.47568583488464355,47,18,0,0,0,39,90,40,22,383,0,1015,14356
oliveira/04_11/randm11.02.02.05.020_0030.03.aba.beta,True,24,8,0.07163619995117188,0.5300281047821045,0.0023193359375,0.6039836406707764,53,24,0,0,0,51,78,46,28,452,0,1122,15294
oliveira/04_11/randm11.02.02.05.020_0030.04.aba.beta,True,22,8,0.08503866195678711,1.021007776260376,0.0022656917572021484,1.1083121299743652,62,22,0,0,0,84,86,48,63,540,0,1050,14760
oliveira/04_11/randm11.02.02.05.020_0030.05.aba.beta,True,32,8,0.10457897186279297,1.2210073471069336,0.003034830093383789,1.3286211490631104,67,32,0,0,0,84,86,51,53,644,0,1488,20619
oliveira/04_11/randm11.02.02.06.020_0030.01.aba.beta,True,18,8,0.04958653450012207,0.3592548370361328,0.002979278564453125,0.411820650100708,46,18,0,0,0,35,114,42,18,349,0,1236,18109
oliveira/04_11/randm11.02.02.06.020_0030.02.aba.beta,True,20,8,0.08065128326416016,0.6689739227294922,0.005518674850463867,0.7551438808441162,51,20,0,0,0,55,108,42,36,365,0,2418,38530
oliveira/04_11/randm11.02.02.06.020_0030.03.aba.beta,True,18,8,0.04292774200439453,0.30334925651550293,0.002073049545288086,0.34835004806518555,45,18,0,0,0,35,53,33,18,312,0,998,14048
oliveira/04_11/randm11.02.02.06.020_0030.04.aba.beta,True,20,8,0.07316017150878906,0.37293553352355957,0.002518892288208008,0.44861459732055664,43,20,0,0,0,39,86,34,20,334,0,1201,17219
oliveira/04_11/randm11.02.02.06.020_0030.05.aba.beta,True,16,8,0.04599738121032715,0.27552318572998047,0.002782106399536133,0.32430267333984375,40,16,0,0,0,31,97,35,16,306,0,1261,18578
oliveira/04_11/randm11.02.02.07.020_0030.01.aba.beta,True,27,9,0.10164165496826172,1.3725206851959229,0.00426483154296875,1.4784271717071533,68,27,0,0,0,85,125,54,59,524,0,1990,28801
oliveira/04_11/randm11.02.02.07.020_0030.02.aba.beta,True,21,9,0.10719776153564453,1.663362979888916,0.0037910938262939453,1.7743518352508545,74,21,0,0,0,94,175,59,74,553,0,1721,25433
oliveira/04_11/randm11.02.02.07.020_0030.03.aba.beta,True,29,9,0.13542723655700684,2.0443928241729736,0.00440669059753418,2.1842267513275146,79,29,0,0,0,117,150,57,89,675,0,1907,27970
oliveira/04_11/randm11.02.02.07.020_0030.04.aba.beta,True,28,9,0.2328040599822998,2.9058213233947754,0.0037641525268554688,3.1423895359039307,96,28,0,0,0,160,154,63,133,718,0,1747,25653
oliveira/04_11/randm11.02.02.07.020_0030.05.aba.beta,True,21,9,0.10078573226928711,1.3495101928710938,0.0031960010528564453,1.4534919261932373,66,21,0,0,0,108,103,56,88,448,0,1457,20956
oliveira/04_11/randm11.02.02.08.020_0030.01.aba.beta,True,14,6,0.038034915924072266,0.3274354934692383,0.001622915267944336,0.3670933246612549,47,14,0,0,0,38,60,35,25,342,0,758,10840
oliveira/04_11/randm11.02.02.08.020_0030.02.aba.beta,True,13,6,0.029572725296020508,0.16972899436950684,0.001699686050415039,0.20100140571594238,36,13,0,0,0,27,49,29,15,199,0,745,10591
oliveira/04_11/randm11.02.02.08.020_0030.03.aba.beta,True,11,6,0.02574610710144043,0.10198402404785156,0.0018734931945800781,0.12960362434387207,25,11,0,0,0,19,32,25,9,119,0,918,13730
oliveira/04_11/randm11.02.02.08.020_0030.04.aba.beta,True,11,6,0.025255918502807617,0.2891874313354492,0.0014369487762451172,0.31588029861450195,44,11,0,0,0,39,55,33,29,247,0,669,9654
oliveira/04_11/randm11.02.02.08.020_0030.05.aba.beta,True,12,6,0.03369498252868652,0.25457763671875,0.0014832019805908203,0.28975582122802734,45,12,0,0,0,36,54,32,25,240,0,656,9361
oliveira/04_11/randm11.02.02.09.020_0030.01.aba.beta,True,10,6,0.028032541275024414,0.24661850929260254,0.0018486976623535156,0.27649974822998047,42,10,0,0,0,33,67,33,24,244,0,806,12123
oliveira/04_11/randm11.02.02.09.020_0030.02.aba.beta,True,12,6,0.025632619857788086,0.11653923988342285,0.001943826675415039,0.14411568641662598,26,12,0,0,0,17,80,25,6,232,0,898,13236
oliveira/04_11/randm11.02.02.09.020_0030.03.aba.beta,True,15,6,0.030918121337890625,0.23368144035339355,0.002288818359375,0.2668883800506592,37,15,0,0,0,30,92,35,16,316,0,1070,15481
oliveira/04_11/randm11.02.02.09.020_0030.04.aba.beta,True,17,6,0.0377650260925293,0.38846397399902344,0.0026788711547851562,0.4289078712463379,49,17,0,0,0,41,99,40,25,401,0,1197,17658
oliveira/04_11/randm11.02.02.09.020_0030.05.aba.beta,True,18,6,0.06357789039611816,0.3027222156524658,0.002393007278442383,0.36869311332702637,39,18,0,0,0,36,95,36,19,314,0,1104,15771
oliveira/04_11/randm11.02.02.10.020_0030.01.aba.beta,True,31,9,1.9226374626159668,23.850999355316162,0.008435249328613281,25.782072067260742,189,31,0,0,0,646,328,89,616,1506,0,4292,65942
oliveira/04_11/randm11.02.02.10.020_0030.02.aba.beta,True,32,9,1.4714653491973877,15.364575862884521,0.006247282028198242,16.842288494110107,166,32,0,0,0,492,266,93,461,1336,0,2881,42808
oliveira/04_11/randm11.02.02.10.020_0030.03.aba.beta,True,21,9,1.5547034740447998,17.587388515472412,0.0037941932678222656,19.145886182785034,154,21,0,0,0,504,206,75,484,1106,0,1666,25054
oliveira/04_11/randm11.02.02.10.020_0030.04.aba.beta,True,32,9,1.8014516830444336,16.849275827407837,0.0035855770111083984,18.65431308746338,181,32,0,0,0,549,224,83,518,1320,0,1983,28789
oliveira/04_11/randm11.02.02.10.020_0030.05.aba.beta,True,18,8,0.11060070991516113,1.448810338973999,0.0036499500274658203,1.563060998916626,70,18,0,0,0,105,139,56,88,505,0,1651,24754
oliveira/04_11/randm11.02.02.11.020_0030.01.aba.beta,True,32,11,0.12070393562316895,1.0776803493499756,0.014986991882324219,1.2133712768554688,69,32,0,0,0,77,91,56,46,502,0,5792,90926
oliveira/04_11/randm11.02.02.11.020_0030.02.aba.beta,True,16,10,0.04948782920837402,0.4822673797607422,0.0017199516296386719,0.5334751605987549,48,16,0,0,0,47,59,41,32,294,0,807,11215
oliveira/04_11/randm11.02.02.11.020_0030.03.aba.beta,True,24,11,0.12883377075195312,1.4374477863311768,0.0046727657318115234,1.5709543228149414,71,24,0,0,0,110,98,55,87,472,0,2088,31709
oliveira/04_11/randm11.02.02.11.020_0030.04.aba.beta,True,24,11,0.14235615730285645,1.8836655616760254,0.008024454116821289,2.034046173095703,77,24,0,0,0,117,118,53,94,540,0,3546,55001
oliveira/04_11/randm11.02.02.11.020_0030.05.aba.beta,True,22,11,0.11750173568725586,1.2917089462280273,0.00881648063659668,1.4180271625518799,67,22,0,0,0,101,82,51,80,415,0,3842,60075
oliveira/04_11/randm11.02.02.12.020_0030.01.aba.beta,True,22,6,0.04137063026428223,0.3726460933685303,0.003328561782836914,0.4173452854156494,43,22,0,0,0,35,112,39,14,388,0,1524,22140
oliveira/04_11/randm11.02.02.12.020_0030.02.aba.beta,True,16,6,0.03146839141845703,0.23519468307495117,0.0021429061889648438,0.26880598068237305,39,16,0,0,0,29,80,35,14,281,0,907,13045
oliveira/04_11/randm11.02.02.12.020_0030.03.aba.beta,True,8,6,0.014660835266113281,0.1127772331237793,0.0014035701751708984,0.12884163856506348,28,8,0,0,0,19,50,26,12,125,0,625,9443
oliveira/04_11/randm11.02.02.12.020_0030.04.aba.beta,True,11,6,0.019922256469726562,0.1165614128112793,0.0015418529510498047,0.13802552223205566,27,11,0,0,0,18,69,25,8,165,0,750,10955
oliveira/04_11/randm11.02.02.12.020_0030.05.aba.beta,True,21,6,0.04433393478393555,0.36045312881469727,0.002840757369995117,0.40762782096862793,42,21,0,0,0,34,111,38,14,424,0,1322,19453
oliveira/04_11/randm11.02.02.13.020_0030.01.aba.beta,True,21,9,0.12974143028259277,2.0324981212615967,0.0026674270629882812,2.1649069786071777,81,21,0,0,0,130,116,56,110,575,0,1238,17458
oliveira/04_11/randm11.02.02.13.020_0030.02.aba.beta,True,16,9,0.09525752067565918,1.3221707344055176,0.002196788787841797,1.4196250438690186,72,16,0,0,0,107,104,50,92,481,0,1032,14912
oliveira/04_11/randm11.02.02.13.020_0030.03.aba.beta,True,14,9,0.11577844619750977,1.3836207389831543,0.001674652099609375,1.5010738372802734,68,14,0,0,0,130,80,52,117,409,0,756,10524
oliveira/04_11/randm11.02.02.13.020_0030.04.aba.beta,True,23,9,0.15936040878295898,2.5686328411102295,0.003289937973022461,2.731283187866211,84,23,0,0,0,153,171,65,131,648,0,1518,21753
oliveira/04_11/randm11.02.02.13.020_0030.05.aba.beta,True,17,9,0.10793042182922363,1.967254877090454,0.002447366714477539,2.0776326656341553,76,17,0,0,0,147,130,59,131,502,0,1122,16139
oliveira/04_11/randm11.02.02.14.020_0030.01.aba.beta,True,33,9,0.1467134952545166,2.459879159927368,0.005021572113037109,2.611614227294922,86,33,0,0,0,111,149,64,79,729,0,2234,32817
oliveira/04_11/randm11.02.02.14.020_0030.02.aba.beta,True,36,9,0.2915961742401123,5.436743259429932,0.009438037872314453,5.737777471542358,96,36,0,0,0,207,229,67,172,861,0,3863,57753
oliveira/04_11/randm11.02.02.14.020_0030.03.aba.beta,True,37,9,1.0922482013702393,12.25471806526184,0.006422758102416992,13.353389024734497,137,37,0,0,0,441,245,75,405,1194,0,2916,43162
oliveira/04_11/randm11.02.02.14.020_0030.04.aba.beta,True,28,9,0.12058448791503906,1.8671412467956543,0.0045621395111083984,1.9922878742218018,86,28,0,0,0,121,155,70,94,698,0,1963,28502
oliveira/04_11/randm11.02.02.14.020_0030.05.aba.beta,True,31,9,0.18677711486816406,2.421311616897583,0.00468754768371582,2.612776279449463,83,31,0,0,0,124,155,66,94,705,0,2122,31915
oliveira/04_11/randm11.02.02.15.020_0030.01.aba.beta,True,24,10,0.13106274604797363,1.6361713409423828,0.0027501583099365234,1.769984245300293,67,24,0,0,0,117,91,48,94,495,0,1272,17841
oliveira/04_11/randm11.02.02.15.020_0030.02.aba.beta,True,26,10,0.19127964973449707,1.7508771419525146,0.002361297607421875,1.9445180892944336,75,26,0,0,0,112,98,51,87,589,0,1144,15577
oliveira/04_11/randm11.02.02.15.020_0030.03.aba.beta,True,19,10,0.06374335289001465,0.5639362335205078,0.0021228790283203125,0.6298024654388428,57,19,0,0,0,53,80,50,35,363,0,1007,14185
oliveira/04_11/randm11.02.02.15.020_0030.04.aba.beta,True,13,10,0.1484816074371338,1.7871711254119873,0.0018415451049804688,1.9374942779541016,89,13,0,0,0,143,109,58,131,497,0,820,12005
oliveira/04_11/randm11.02.02.15.020_0030.05.aba.beta,True,23,10,0.13775849342346191,1.3719980716705322,0.002179384231567383,1.5119359493255615,65,23,0,0,0,103,89,51,81,476,0,1041,14280
oliveira/04_11/randm11.02.02.16.020_0030.01.aba.beta,True,19,9,0.052648305892944336,0.3336155414581299,0.00203704833984375,0.38830089569091797,46,19,0,0,0,37,62,43,19,345,0,941,13098
oliveira/04_11/randm11.02.02.16.020_0030.02.aba.beta,True,26,9,0.0895388126373291,0.8892114162445068,0.004222869873046875,0.9829730987548828,61,26,0,0,0,74,120,49,49,565,0,1844,27373
oliveira/04_11/randm11.02.02.16.020_0030.03.aba.beta,True,28,9,0.22191214561462402,2.2630646228790283,0.005285739898681641,2.490262508392334,91,28,0,0,0,177,180,65,150,642,0,2421,35998
oliveira/04_11/randm11.02.02.16.020_0030.04.aba.beta,True,28,9,0.08893418312072754,0.6979668140411377,0.002437591552734375,0.7893385887145996,55,28,0,0,0,52,68,45,25,501,0,1207,16414
oliveira/04_11/randm11.02.02.16.020_0030.05.aba.beta,True,25,9,0.07543253898620605,0.4525144100189209,0.0025184154510498047,0.5304653644561768,51,25,0,0,0,40,97,41,16,439,0,1238,17126
oliveira/04_11/randm11.02.02.17.020_0030.01.aba.beta,True,24,11,3.1167054176330566,18.597368001937866,0.0023682117462158203,21.71644163131714,166,24,0,0,0,854,209,76,831,1274,0,1422,20345
oliveira/04_11/randm11.02.02.17.020_0030.02.aba.beta,True,22,11,0.17240118980407715,3.2417662143707275,0.0025174617767333984,3.416684865951538,81,22,0,0,0,176,128,58,155,637,0,1139,16319
oliveira/04_11/randm11.02.02.17.020_0030.03.aba.beta,True,26,11,0.20280718803405762,3.60360050201416,0.003917217254638672,3.8103249073028564,87,26,0,0,0,174,157,56,149,709,0,1556,22172
oliveira/04_11/randm11.02.02.17.020_0030.04.aba.beta,True,28,11,0.8599214553833008,7.181735038757324,0.0030128955841064453,8.044669389724731,123,28,0,0,0,363,161,71,336,916,0,1429,19989
oliveira/04_11/randm11.02.02.17.020_0030.05.aba.beta,True,39,11,2.513475179672241,32.30832862854004,0.004364013671875,34.826167821884155,180,39,0,0,0,748,243,84,710,1519,0,2244,33000
oliveira/04_11/randm11.02.02.18.020_0030.01.aba.beta,True,17,7,0.04954338073730469,0.5402786731719971,0.0032486915588378906,0.5930707454681396,51,17,0,0,0,55,74,43,39,334,0,1511,22352
oliveira/04_11/randm11.02.02.18.020_0030.02.aba.beta,True,22,7,0.06830763816833496,1.2769601345062256,0.0043087005615234375,1.349576473236084,66,22,0,0,0,89,132,51,68,520,0,1947,28824
oliveira/04_11/randm11.02.02.18.020_0030.03.aba.beta,True,15,7,0.05138516426086426,0.6748907566070557,0.0019237995147705078,0.7281997203826904,51,15,0,0,0,72,85,36,58,329,0,933,13153
oliveira/04_11/randm11.02.02.18.020_0030.04.aba.beta,True,22,7,0.04982900619506836,0.3244132995605469,0.003954887390136719,0.37819719314575195,46,22,0,0,0,32,79,40,11,319,0,1853,27522
oliveira/04_11/randm11.02.02.18.020_0030.05.aba.beta,True,23,7,0.04970359802246094,0.3473520278930664,0.00396728515625,0.40102291107177734,47,23,0,0,0,39,80,40,17,296,0,1825,27508
oliveira/04_11/randm11.02.02.19.020_0030.01.aba.beta,True,41,11,1.5019946098327637,72.3695421218872,0.003408670425415039,73.87494540214539,160,41,0,0,0,659,234,68,619,1409,0,2224,31785
oliveira/04_11/randm11.02.02.19.020_0030.02.aba.beta,True,30,11,3.1222875118255615,19.956982374191284,0.0038454532623291016,23.083115339279175,196,30,0,0,0,1011,251,90,982,1386,0,2388,35469
oliveira/04_11/randm11.02.02.19.020_0030.03.aba.beta,True,35,11,0.23322582244873047,3.2644143104553223,0.0049664974212646484,3.5026066303253174,100,35,0,0,0,161,187,72,127,887,0,2320,33626
oliveira/04_11/randm11.02.02.19.020_0030.04.aba.beta,True,29,11,1.32163667678833,10.822365283966064,0.003541707992553711,12.147543668746948,122,29,0,0,0,543,168,71,515,956,0,1755,26101
oliveira/04_11/randm11.02.02.19.020_0030.05.aba.beta,True,26,11,3.6652073860168457,25.67877697944641,0.001971006393432617,29.34595537185669,183,26,0,0,0,1618,219,73,1593,1434,0,1493,21570
