file name,succeeded,learning_rounds,automaton_size,learning_time,smt_time,eq_oracle_time,total_time,queries_learning,validity_query,nodes,informative_nodes,sul_steps,queries_eq_oracle,steps_eq_oracle
oliveira/04_11/randm11.02.02.14.020_0030.05.aba.beta,True,22,9,0.21672487258911133,3.9999876022338867,0.00442051887512207,4.22113299369812,344,16,329,136,3975,1431,22119
oliveira/04_11/randm11.02.02.14.020_0030.04.aba.beta,True,20,9,0.2273721694946289,3.1448328495025635,0.00600743293762207,3.3782124519348145,354,15,341,181,3990,1617,24386
oliveira/04_11/randm11.02.02.01.020_0030.03.aba.beta,True,28,10,0.3359096050262451,2.8454301357269287,0.012183904647827148,3.193523645401001,383,22,362,185,5444,2744,42341
oliveira/04_11/randm11.02.02.10.020_0030.01.aba.beta,True,24,9,0.26442599296569824,2.7318811416625977,0.01049351692199707,3.006800651550293,436,19,419,185,6275,2476,37991
oliveira/04_11/randm11.02.02.10.020_0030.04.aba.beta,True,27,9,0.29910898208618164,2.6290836334228516,0.006482839584350586,2.934675455093384,280,22,259,125,3819,1803,26909
oliveira/04_11/randm11.02.02.17.020_0030.04.aba.beta,True,21,11,0.24752283096313477,2.6825695037841797,0.002300262451171875,2.9323925971984863,374,13,362,132,3187,1009,15080
oliveira/04_11/randm11.02.02.17.020_0030.01.aba.beta,True,30,11,0.3601245880126953,2.55438232421875,0.00451970100402832,2.9190266132354736,349,23,351,133,5085,1620,24185
oliveira/04_11/randm08.02.02.13.020_0030.02.aba.beta,True,16,8,0.16468524932861328,2.709369421005249,0.004796028137207031,2.8788506984710693,240,11,235,135,3331,1440,21902
oliveira/04_11/randm11.02.02.14.020_0030.01.aba.beta,True,23,9,0.2763657569885254,2.528963088989258,0.005879640579223633,2.811208486557007,374,17,359,159,4092,1627,24609
oliveira/04_11/randm10.02.02.14.020_0030.05.aba.beta,True,24,9,0.3806774616241455,2.360112190246582,0.006781816482543945,2.7475714683532715,339,19,328,124,4116,1197,17759
oliveira/04_11/randm09.02.02.02.020_0030.04.aba.beta,True,27,8,0.23891854286193848,2.492032527923584,0.0078084468841552734,2.7387595176696777,301,22,280,109,3771,2440,37746
oliveira/04_11/randm08.02.02.13.020_0030.01.aba.beta,True,19,8,0.17644357681274414,2.4876034259796143,0.005570888519287109,2.6696178913116455,234,15,220,129,3552,1624,24703
oliveira/04_11/randm10.02.02.14.020_0030.04.aba.beta,True,22,9,0.26424098014831543,2.2969040870666504,0.005792140960693359,2.566937208175659,244,18,227,111,3141,1580,24017
oliveira/04_11/randm09.02.02.01.020_0030.04.aba.beta,True,28,9,0.3068857192993164,2.1773793697357178,0.01663041114807129,2.5008955001831055,239,24,237,127,2759,3905,60011
oliveira/04_11/randm11.02.02.14.020_0030.02.aba.beta,True,22,9,0.2748451232910156,2.105745792388916,0.009357213973999023,2.3899481296539307,258,17,245,171,2773,2474,37719
oliveira/04_11/randm10.02.02.14.020_0030.01.aba.beta,True,28,9,0.40047240257263184,1.965747356414795,0.00915670394897461,2.3753764629364014,271,23,249,105,4490,1787,26076
oliveira/04_11/randm09.02.02.01.020_0030.03.aba.beta,True,20,9,0.18137645721435547,2.140429735183716,0.005961418151855469,2.3277676105499268,233,16,218,117,3405,1786,27246
oliveira/04_11/randm11.02.02.17.020_0030.05.aba.beta,True,21,11,0.3398017883300781,1.9307796955108643,0.006602048873901367,2.2771835327148438,348,17,345,138,5974,1795,27812
oliveira/04_11/randm10.02.02.19.020_0030.03.aba.beta,True,24,10,0.3565809726715088,1.9049384593963623,0.006543397903442383,2.2680628299713135,270,21,250,116,3846,1760,26120
oliveira/04_11/randm11.02.02.17.020_0030.02.aba.beta,True,22,11,0.26943540573120117,1.905569076538086,0.005296945571899414,2.1803014278411865,287,17,275,126,3091,1380,20848
oliveira/04_11/randm11.02.02.19.020_0030.05.aba.beta,True,30,11,0.29893064498901367,1.6838433742523193,0.0055997371673583984,1.9883737564086914,358,23,347,117,5043,2441,37642
oliveira/04_11/randm11.02.02.19.020_0030.02.aba.beta,True,28,11,0.3092224597930908,1.6582608222961426,0.006463766098022461,1.9739470481872559,348,23,335,139,4295,2596,39768
oliveira/04_11/randm11.02.02.19.020_0030.03.aba.beta,True,29,11,0.27201294898986816,1.695544958114624,0.004581928253173828,1.972139835357666,345,23,323,149,5287,1833,26933
oliveira/04_11/randm09.02.02.01.020_0030.01.aba.beta,True,22,9,0.2397022247314453,1.7195560932159424,0.00907278060913086,1.9683310985565186,213,19,210,122,2787,2605,41149
oliveira/04_11/randm09.02.02.01.020_0030.05.aba.beta,True,22,9,0.24538230895996094,1.7113237380981445,0.011107921600341797,1.9678139686584473,218,18,220,105,1951,3323,51921
oliveira/04_11/randm07.02.02.18.020_0030.01.aba.beta,True,21,7,0.22506451606750488,1.7095203399658203,0.007650852203369141,1.9422357082366943,213,17,197,135,2902,1680,25316
oliveira/04_11/randm10.02.02.19.020_0030.05.aba.beta,True,25,10,0.26842236518859863,1.6280884742736816,0.0063571929931640625,1.9028680324554443,244,19,237,145,2996,1603,23955
oliveira/04_11/randm10.02.02.02.020_0030.05.aba.beta,True,21,9,0.2206709384918213,1.635422945022583,0.0042383670806884766,1.8603322505950928,247,16,235,113,2800,1212,17625
oliveira/04_11/randm09.02.02.02.020_0030.03.aba.beta,True,26,8,0.24917340278625488,1.5756757259368896,0.008730649948120117,1.8335797786712646,324,21,304,121,3210,2510,38118
oliveira/04_11/randm10.02.02.16.020_0030.05.aba.beta,True,17,8,0.2141590118408203,1.6115961074829102,0.006669282913208008,1.8324244022369385,290,14,277,157,3846,1730,26679
oliveira/04_11/randm11.02.02.14.020_0030.03.aba.beta,True,19,9,0.2156219482421875,1.5935542583465576,0.005233049392700195,1.8144092559814453,249,14,238,149,2735,1453,22301
oliveira/04_11/randm09.02.02.17.020_0030.05.aba.beta,True,23,9,0.2534034252166748,1.4999125003814697,0.007929801940917969,1.7612457275390625,199,18,182,112,2506,2186,33344
oliveira/04_11/randm11.02.02.19.020_0030.01.aba.beta,True,26,11,0.3149080276489258,1.4396440982818604,0.003935337066650391,1.7584874629974365,294,21,299,114,3600,1475,21978
oliveira/04_11/randm11.02.02.10.020_0030.03.aba.beta,True,22,9,0.2788357734680176,1.4673092365264893,0.007205009460449219,1.753350019454956,248,18,231,105,4237,1619,24655
oliveira/04_11/randm08.02.02.13.020_0030.05.aba.beta,True,20,8,0.19716691970825195,1.4828126430511475,0.00731658935546875,1.6872961521148682,227,15,219,160,3071,1599,24508
oliveira/04_11/randm11.02.02.10.020_0030.02.aba.beta,True,22,9,0.22450971603393555,1.4327983856201172,0.006322145462036133,1.6636302471160889,265,17,254,111,4674,1765,26648
oliveira/04_11/randm11.02.02.07.020_0030.02.aba.beta,True,16,9,0.170501708984375,1.472557544708252,0.005315542221069336,1.6483747959136963,267,13,267,134,3445,1420,21555
oliveira/04_11/randm11.02.02.11.020_0030.03.aba.beta,True,26,11,0.27297329902648926,1.3381690979003906,0.006521940231323242,1.6176643371582031,206,22,190,85,2253,1750,26334
oliveira/04_11/randm09.02.02.06.020_0030.04.aba.beta,True,24,9,0.2650306224822998,1.3348207473754883,0.004846811294555664,1.6046981811523438,216,20,199,76,2179,1482,21531
oliveira/04_11/randm10.02.02.07.020_0030.01.aba.beta,True,19,9,0.22276782989501953,1.3012816905975342,0.005953311920166016,1.5300028324127197,309,14,317,149,3768,1445,21990
oliveira/04_11/randm10.02.02.02.020_0030.02.aba.beta,True,19,9,0.24045968055725098,1.2684459686279297,0.005553007125854492,1.5144586563110352,224,16,231,137,2888,1547,23373
oliveira/04_11/randm10.02.02.14.020_0030.03.aba.beta,True,21,9,0.21306824684143066,1.2906599044799805,0.005404472351074219,1.5091326236724854,253,16,238,124,3553,1497,22731
oliveira/04_11/randm11.02.02.03.020_0030.02.aba.beta,True,19,10,0.2714705467224121,1.2276201248168945,0.00531458854675293,1.5044052600860596,264,12,263,103,3635,1125,17046
oliveira/04_11/randm08.02.02.09.020_0030.02.aba.beta,True,21,7,0.22463726997375488,1.2540509700775146,0.00859379768371582,1.4872820377349854,247,19,229,132,3782,2498,38657
oliveira/04_11/randm11.02.02.11.020_0030.04.aba.beta,True,20,11,0.23733162879943848,1.2355787754058838,0.009684562683105469,1.4825949668884277,317,14,318,96,3520,2556,40003
oliveira/04_11/randm11.02.02.03.020_0030.04.aba.beta,True,21,10,0.22077608108520508,1.2535731792449951,0.0038259029388427734,1.478175163269043,254,16,246,92,2476,1008,14551
oliveira/04_11/randm11.02.02.16.020_0030.05.aba.beta,True,23,9,0.2984762191772461,1.1702654361724854,0.004551410675048828,1.4732930660247803,220,22,215,97,2538,1303,18633
oliveira/04_11/randm11.02.02.01.020_0030.01.aba.beta,True,19,10,0.2925112247467041,1.1506156921386719,0.0047206878662109375,1.447847604751587,279,15,269,103,3715,1273,18728
oliveira/04_11/randm09.02.02.09.020_0030.01.aba.beta,True,17,9,0.18243789672851562,1.251150369644165,0.007055997848510742,1.4406442642211914,273,14,278,129,3423,2053,32562
oliveira/04_11/randm08.02.02.11.020_0030.04.aba.beta,True,20,8,0.1920456886291504,1.24322509765625,0.005355119705200195,1.4406259059906006,288,15,275,104,3205,1657,24935
oliveira/04_11/randm09.02.02.03.020_0030.03.aba.beta,True,18,8,0.16071057319641113,1.2612600326538086,0.003861665725708008,1.4258322715759277,266,13,254,85,3592,1128,17231
oliveira/04_11/randm11.02.02.17.020_0030.03.aba.beta,True,23,11,0.2262113094329834,1.1863291263580322,0.0038917064666748047,1.4164321422576904,220,16,209,93,2808,1084,15710
oliveira/04_11/randm10.02.02.02.020_0030.01.aba.beta,True,17,9,0.201615571975708,1.1673119068145752,0.004537820816040039,1.3734652996063232,238,13,250,121,2998,1285,19089
oliveira/04_11/randm10.02.02.19.020_0030.04.aba.beta,True,18,10,0.200669527053833,1.1669836044311523,0.005557537078857422,1.3732106685638428,274,13,286,111,3893,1571,23967
oliveira/04_11/randm11.02.02.02.020_0030.04.aba.beta,True,18,10,0.22927379608154297,1.119649887084961,0.004303455352783203,1.353227138519287,188,15,179,95,2085,1158,17077
oliveira/04_11/randm10.02.02.02.020_0030.04.aba.beta,True,17,9,0.18273425102233887,1.1455459594726562,0.004981040954589844,1.333261251449585,209,14,196,119,2184,1364,21092
oliveira/04_11/randm10.02.02.16.020_0030.04.aba.beta,True,21,8,0.2365729808807373,1.0917887687683105,0.004316091537475586,1.3326778411865234,240,17,237,92,3230,1222,17506
oliveira/04_11/randm10.02.02.06.020_0030.03.aba.beta,True,19,9,0.21468496322631836,1.103349208831787,0.0034551620483398438,1.3214893341064453,231,13,219,94,3541,1048,15526
oliveira/04_11/randm10.02.02.05.020_0030.05.aba.beta,True,16,8,0.18548035621643066,1.1150274276733398,0.00885915756225586,1.3093669414520264,200,14,203,132,2697,2490,38732
oliveira/04_11/randm10.02.02.12.020_0030.05.aba.beta,True,19,8,0.1632843017578125,1.1293914318084717,0.006872415542602539,1.2995481491088867,223,15,209,98,2576,1299,19169
oliveira/04_11/randm10.02.02.07.020_0030.02.aba.beta,True,20,9,0.20611071586608887,1.0879206657409668,0.0046844482421875,1.2987158298492432,218,16,203,105,2155,1246,18710
oliveira/04_11/randm08.02.02.11.020_0030.01.aba.beta,True,22,8,0.22018766403198242,1.0670523643493652,0.006054878234863281,1.293294906616211,139,20,130,73,1490,1457,21112
oliveira/04_11/randm09.02.02.19.020_0030.01.aba.beta,True,18,8,0.1994001865386963,1.0793163776397705,0.004655122756958008,1.2833716869354248,192,16,177,105,2663,1316,19879
oliveira/04_11/randm10.02.02.07.020_0030.04.aba.beta,True,19,9,0.18701791763305664,1.0840518474578857,0.004792690277099609,1.275862455368042,231,15,219,115,3424,1332,19694
oliveira/04_11/randm11.02.02.19.020_0030.04.aba.beta,True,20,11,0.20965337753295898,1.0581114292144775,0.00420689582824707,1.2719717025756836,173,17,207,86,2225,1392,21397
oliveira/04_11/randm10.02.02.12.020_0030.02.aba.beta,True,19,8,0.1739201545715332,1.075310230255127,0.005472898483276367,1.2547032833099365,203,14,190,114,2256,1495,23362
oliveira/04_11/randm11.02.02.03.020_0030.03.aba.beta,True,16,10,0.18509173393249512,1.061403751373291,0.004958629608154297,1.2514541149139404,254,12,243,103,4538,1253,18998
oliveira/04_11/randm08.02.02.13.020_0030.03.aba.beta,True,15,8,0.16480588912963867,1.0803239345550537,0.005216836929321289,1.2503466606140137,205,12,209,126,1977,1513,23267
oliveira/04_11/randm11.02.02.16.020_0030.02.aba.beta,True,17,9,0.26235079765319824,0.9761488437652588,0.006115436553955078,1.244615077972412,200,15,192,105,2757,1510,23188
oliveira/04_11/randm09.02.02.19.020_0030.05.aba.beta,True,18,8,0.16840338706970215,1.0657076835632324,0.005426645278930664,1.2395377159118652,223,14,214,145,2771,1573,23951
oliveira/04_11/randm11.02.02.02.020_0030.05.aba.beta,True,16,10,0.16435694694519043,1.0680232048034668,0.003580808639526367,1.2359609603881836,197,10,200,98,2958,971,14744
oliveira/04_11/randm10.02.02.07.020_0030.05.aba.beta,True,18,9,0.1664729118347168,1.0603148937225342,0.004736900329589844,1.2315247058868408,215,13,215,136,2826,1193,17859
oliveira/04_11/randm09.02.02.13.020_0030.05.aba.beta,True,18,8,0.2458958625793457,0.9604942798614502,0.004576921463012695,1.2109670639038086,220,15,207,92,2314,1348,20126
oliveira/04_11/randm09.02.02.13.020_0030.01.aba.beta,True,17,8,0.16558480262756348,1.0332989692687988,0.003738880157470703,1.202622652053833,158,12,153,90,2152,1076,16409
oliveira/04_11/randm09.02.02.12.020_0030.03.aba.beta,True,20,8,0.16942358016967773,1.0153765678405762,0.003705739974975586,1.1885058879852295,151,18,134,88,1782,1195,16994
oliveira/04_11/randm10.02.02.15.020_0030.03.aba.beta,True,21,8,0.1831822395324707,0.9992380142211914,0.00505518913269043,1.1874754428863525,178,16,172,77,2107,1408,20975
oliveira/04_11/randm11.02.02.02.020_0030.02.aba.beta,True,18,10,0.19356274604797363,0.9716074466705322,0.006497621536254883,1.1716678142547607,245,12,237,91,3222,1739,27077
oliveira/04_11/randm11.02.02.01.020_0030.04.aba.beta,True,16,10,0.1429600715637207,1.0078752040863037,0.0032079219818115234,1.154043197631836,265,10,256,108,3066,861,12924
oliveira/04_11/randm10.02.02.03.020_0030.02.aba.beta,True,18,8,0.14479875564575195,0.9966373443603516,0.005812644958496094,1.1472487449645996,146,13,134,85,1614,1393,20737
oliveira/04_11/randm11.02.02.16.020_0030.03.aba.beta,True,20,9,0.18635892868041992,0.9414453506469727,0.004820346832275391,1.132624626159668,160,17,153,83,1636,1271,18578
oliveira/04_11/randm09.02.02.06.020_0030.05.aba.beta,True,19,9,0.1705608367919922,0.9543740749359131,0.0039043426513671875,1.1288392543792725,184,15,175,88,2140,1154,16938
oliveira/04_11/randm11.02.02.11.020_0030.05.aba.beta,True,15,11,0.17568469047546387,0.9390742778778076,0.010675907135009766,1.1254348754882812,253,9,248,71,2245,2687,42662
oliveira/04_11/randm11.02.02.13.020_0030.01.aba.beta,True,18,9,0.16578412055969238,0.9552810192108154,0.004111766815185547,1.1251769065856934,203,12,207,91,2011,1022,15089
oliveira/04_11/randm09.02.02.19.020_0030.02.aba.beta,True,16,8,0.21544337272644043,0.8995516300201416,0.0072362422943115234,1.1222312450408936,230,16,246,147,2997,1994,30641
oliveira/04_11/randm07.02.02.18.020_0030.05.aba.beta,True,16,7,0.11696791648864746,0.9919040203094482,0.003710031509399414,1.1125819683074951,185,12,174,103,1941,1136,16841
oliveira/04_11/randm11.02.02.05.020_0030.02.aba.beta,True,16,8,0.17838716506958008,0.9223532676696777,0.003939390182495117,1.104679822921753,165,13,157,107,1719,1059,15778
oliveira/04_11/randm10.02.02.06.020_0030.02.aba.beta,True,16,9,0.19092798233032227,0.9039764404296875,0.004568815231323242,1.099473237991333,224,12,213,125,3486,1314,20081
oliveira/04_11/randm11.02.02.10.020_0030.05.aba.beta,True,17,8,0.14991974830627441,0.9410223960876465,0.005249977111816406,1.0961921215057373,165,12,154,90,2072,1416,21696
oliveira/04_11/randm09.02.02.13.020_0030.03.aba.beta,True,18,8,0.15409302711486816,0.9316756725311279,0.003277301788330078,1.0890460014343262,253,13,259,98,3695,1013,14891
oliveira/04_11/randm07.02.02.18.020_0030.04.aba.beta,True,14,7,0.1456451416015625,0.9373893737792969,0.003662586212158203,1.0866971015930176,173,10,175,103,2757,1037,15733
oliveira/04_11/randm09.02.02.02.020_0030.01.aba.beta,True,18,8,0.17305541038513184,0.9058501720428467,0.006613969802856445,1.085519552230835,140,15,132,69,1133,1739,26211
oliveira/04_11/randm11.02.02.13.020_0030.02.aba.beta,True,18,9,0.16091561317443848,0.9208154678344727,0.0029134750366210938,1.0846445560455322,193,12,216,77,1874,787,11354
oliveira/04_11/randm09.02.02.09.020_0030.04.aba.beta,True,16,9,0.15427494049072266,0.9187271595001221,0.0056209564208984375,1.0786230564117432,226,13,228,103,2744,1294,19336
oliveira/04_11/randm08.02.02.06.020_0030.02.aba.beta,True,15,8,0.17560720443725586,0.899756669998169,0.003120899200439453,1.0784847736358643,274,10,269,85,2991,948,14241
oliveira/04_11/randm10.02.02.08.020_0030.01.aba.beta,True,14,9,0.15359258651733398,0.9024543762207031,0.004946470260620117,1.0609934329986572,144,12,133,95,1420,980,14962
oliveira/04_11/randm09.02.02.06.020_0030.01.aba.beta,True,15,9,0.14762020111083984,0.9086990356445312,0.003880739212036133,1.0601999759674072,343,10,339,99,4991,894,13545
oliveira/04_11/randm09.02.02.17.020_0030.04.aba.beta,True,16,9,0.1666736602783203,0.8882286548614502,0.0033016204833984375,1.058203935623169,165,11,158,76,1894,920,13688
oliveira/04_11/randm11.02.02.01.020_0030.02.aba.beta,True,15,10,0.2495419979095459,0.8039376735687256,0.00413203239440918,1.0576117038726807,196,14,186,82,2206,1169,17145
oliveira/04_11/randm10.02.02.06.020_0030.05.aba.beta,True,16,9,0.21212267875671387,0.8343198299407959,0.005002260208129883,1.0514447689056396,300,14,300,103,4445,1155,17426
oliveira/04_11/randm09.02.02.17.020_0030.02.aba.beta,True,13,9,0.16206932067871094,0.883599042892456,0.004003047943115234,1.0496714115142822,171,9,169,126,1860,977,14918
oliveira/04_11/randm11.02.02.13.020_0030.04.aba.beta,True,19,9,0.16213440895080566,0.8762369155883789,0.0043048858642578125,1.0426762104034424,189,15,190,91,2524,1191,17476
oliveira/04_11/randm11.02.02.04.020_0030.01.aba.beta,True,15,9,0.16135883331298828,0.8704767227172852,0.004431962966918945,1.0362675189971924,208,11,214,112,2162,1199,18131
oliveira/04_11/randm10.02.02.16.020_0030.02.aba.beta,True,14,8,0.18345332145690918,0.8466784954071045,0.004214048385620117,1.0343458652496338,197,10,192,113,2953,1156,17620
oliveira/04_11/randm11.02.02.05.020_0030.04.aba.beta,True,16,8,0.1667618751525879,0.8623881340026855,0.003206014633178711,1.0323560237884521,172,14,165,71,2190,910,13390
oliveira/04_11/randm11.02.02.13.020_0030.05.aba.beta,True,15,9,0.13808512687683105,0.8898270130157471,0.003185272216796875,1.031097412109375,162,10,163,88,1863,853,12737
oliveira/04_11/randm10.02.02.02.020_0030.03.aba.beta,True,17,9,0.16443467140197754,0.863060712814331,0.003338336944580078,1.0308337211608887,169,14,165,83,2406,954,14121
oliveira/04_11/randm07.02.02.18.020_0030.02.aba.beta,True,16,7,0.12408161163330078,0.902376651763916,0.0036284923553466797,1.0300867557525635,175,12,164,96,2449,1046,15937
oliveira/04_11/randm09.02.02.11.020_0030.01.aba.beta,True,16,8,0.2011110782623291,0.8206634521484375,0.0036051273345947266,1.0253796577453613,182,13,170,95,2441,988,14702
oliveira/04_11/randm11.02.02.07.020_0030.04.aba.beta,True,15,9,0.12607669830322266,0.8943567276000977,0.003264904022216797,1.023698329925537,201,11,191,103,1925,907,13850
oliveira/04_11/randm10.02.02.03.020_0030.01.aba.beta,True,20,8,0.17061591148376465,0.8477141857147217,0.0038404464721679688,1.0221705436706543,142,17,133,79,1677,1068,15483
oliveira/04_11/randm10.02.02.16.020_0030.01.aba.beta,True,16,8,0.1378493309020996,0.8773458003997803,0.004945993423461914,1.0201411247253418,153,13,141,85,1583,1336,20164
oliveira/04_11/randm09.02.02.19.020_0030.03.aba.beta,True,16,8,0.15350627899169922,0.8575570583343506,0.0042188167572021484,1.015282154083252,182,12,171,82,2654,1220,18305
oliveira/04_11/randm11.02.02.07.020_0030.05.aba.beta,True,15,9,0.15003514289855957,0.8546493053436279,0.00447392463684082,1.0091583728790283,166,11,159,83,1957,1261,18900
oliveira/04_11/randm09.02.02.09.020_0030.02.aba.beta,True,17,9,0.1531665325164795,0.8519575595855713,0.003969430923461914,1.0090935230255127,261,13,249,99,3916,1253,18818
oliveira/04_11/randm11.02.02.07.020_0030.03.aba.beta,True,16,9,0.1482069492340088,0.8407249450683594,0.0038022994995117188,0.9927341938018799,222,12,214,121,2108,1030,15532
oliveira/04_11/randm08.02.02.01.020_0030.04.aba.beta,True,17,7,0.20097589492797852,0.7800076007843018,0.004261970520019531,0.9852454662322998,126,15,112,73,1571,1226,18093
oliveira/04_11/randm11.02.02.04.020_0030.05.aba.beta,True,18,9,0.16100692749023438,0.8180487155914307,0.0034906864166259766,0.982546329498291,147,14,138,67,1282,967,13982
oliveira/04_11/randm10.02.02.07.020_0030.03.aba.beta,True,16,9,0.15593385696411133,0.8230693340301514,0.0034170150756835938,0.9824202060699463,164,12,162,78,1367,1013,15092
oliveira/04_11/randm08.02.02.14.020_0030.05.aba.beta,True,14,6,0.10610222816467285,0.8651525974273682,0.004194498062133789,0.9754493236541748,150,11,140,120,1831,1218,18281
oliveira/04_11/randm09.02.02.06.020_0030.02.aba.beta,True,17,9,0.1614527702331543,0.8106918334960938,0.00272369384765625,0.9748682975769043,149,14,157,64,1564,895,12893
oliveira/04_11/randm09.02.02.19.020_0030.04.aba.beta,True,15,8,0.1591486930847168,0.8069889545440674,0.004171133041381836,0.970308780670166,189,12,182,106,2923,1145,17297
oliveira/04_11/randm09.02.02.13.020_0030.04.aba.beta,True,16,8,0.2033698558807373,0.7576899528503418,0.003280162811279297,0.9643399715423584,183,14,172,91,2996,1024,15161
oliveira/04_11/randm09.02.02.12.020_0030.02.aba.beta,True,19,8,0.16186738014221191,0.7984292507171631,0.0037467479705810547,0.964043378829956,162,17,162,93,1917,1134,16553
oliveira/04_11/randm11.02.02.03.020_0030.01.aba.beta,True,15,10,0.1624307632446289,0.7939357757568359,0.004460573196411133,0.960827112197876,195,10,203,71,1688,1253,18875
oliveira/04_11/randm11.02.02.06.020_0030.05.aba.beta,True,14,8,0.13527917861938477,0.8213112354278564,0.0036673545837402344,0.9602577686309814,124,11,115,83,1098,1107,16640
oliveira/04_11/randm07.02.02.18.020_0030.03.aba.beta,True,16,7,0.13083434104919434,0.8214621543884277,0.004116535186767578,0.9564130306243896,177,12,169,118,2747,1279,19444
oliveira/04_11/randm09.02.02.13.020_0030.02.aba.beta,True,15,8,0.1315476894378662,0.8180341720581055,0.0035889148712158203,0.9531707763671875,214,10,205,102,3657,1056,15967
oliveira/04_11/randm11.02.02.18.020_0030.03.aba.beta,True,15,7,0.19297266006469727,0.7524018287658691,0.003665924072265625,0.949040412902832,144,13,136,79,1896,1004,14732
oliveira/04_11/randm10.02.02.03.020_0030.03.aba.beta,True,15,8,0.13225269317626953,0.8000850677490234,0.0031609535217285156,0.9354987144470215,150,11,149,87,1918,924,13958
oliveira/04_11/randm10.02.02.14.020_0030.02.aba.beta,True,16,9,0.183976411819458,0.7475497722625732,0.0031921863555908203,0.9347183704376221,218,13,217,65,3402,875,13021
oliveira/04_11/randm09.02.02.11.020_0030.02.aba.beta,True,17,8,0.17220234870910645,0.7581894397735596,0.0031168460845947266,0.9335086345672607,160,15,166,64,2631,979,14383
oliveira/04_11/randm08.02.02.06.020_0030.03.aba.beta,True,17,8,0.1508495807647705,0.7751367092132568,0.003203153610229492,0.9291894435882568,171,13,168,82,2463,984,14609
oliveira/04_11/randm10.02.02.15.020_0030.05.aba.beta,True,17,8,0.148268461227417,0.7629139423370361,0.0044019222259521484,0.9155843257904053,139,14,138,69,1610,977,14075
oliveira/04_11/randm10.02.02.19.020_0030.01.aba.beta,True,15,10,0.1627964973449707,0.7392334938049316,0.004110097885131836,0.9061400890350342,158,11,156,91,1448,1186,17943
oliveira/04_11/randm10.02.02.16.020_0030.03.aba.beta,True,14,8,0.15946388244628906,0.7315645217895508,0.005051851272583008,0.8960802555084229,194,13,221,100,2210,1385,20725
oliveira/04_11/randm08.02.02.14.020_0030.03.aba.beta,True,15,6,0.12297272682189941,0.7603211402893066,0.0041332244873046875,0.8874270915985107,135,12,126,102,1630,1204,18285
oliveira/04_11/randm08.02.02.10.020_0030.01.aba.beta,True,16,7,0.15310263633728027,0.7258155345916748,0.004754543304443359,0.8836727142333984,174,14,167,105,2268,1452,21939
oliveira/04_11/randm10.02.02.12.020_0030.01.aba.beta,True,14,8,0.10299468040466309,0.7764203548431396,0.0035161972045898438,0.8829312324523926,163,9,155,75,1577,868,12981
oliveira/04_11/randm08.02.02.13.020_0030.04.aba.beta,True,12,8,0.11278533935546875,0.7654414176940918,0.003013134002685547,0.8812398910522461,161,9,164,113,2075,872,13160
oliveira/04_11/randm10.02.02.05.020_0030.04.aba.beta,True,14,8,0.1292283535003662,0.7462446689605713,0.005580902099609375,0.8810539245605469,165,12,154,93,1773,1564,23741
oliveira/04_11/randm09.02.02.02.020_0030.05.aba.beta,True,15,7,0.11240029335021973,0.7617783546447754,0.005514860153198242,0.8796935081481934,126,12,115,76,1168,1676,25618
oliveira/04_11/randm10.02.02.10.020_0030.05.aba.beta,True,15,7,0.1308608055114746,0.7438170909881592,0.0048007965087890625,0.8794786930084229,144,12,139,87,1782,969,14440
oliveira/04_11/randm09.02.02.04.020_0030.01.aba.beta,True,15,7,0.12564516067504883,0.7421026229858398,0.007740974426269531,0.8754887580871582,140,12,131,90,1745,1169,17405
oliveira/04_11/randm09.02.02.05.020_0030.03.aba.beta,True,16,8,0.15678071975708008,0.7110586166381836,0.0035588741302490234,0.8713982105255127,147,13,141,78,1813,1093,16175
oliveira/04_11/randm08.02.02.11.020_0030.05.aba.beta,True,16,8,0.13670063018798828,0.7294821739196777,0.0037660598754882812,0.8699488639831543,128,14,124,62,1471,1169,17259
oliveira/04_11/randm08.02.02.10.020_0030.04.aba.beta,True,15,7,0.13886737823486328,0.7251918315887451,0.00471949577331543,0.8687787055969238,185,13,180,118,2266,1359,20478
oliveira/04_11/randm10.02.02.12.020_0030.04.aba.beta,True,17,8,0.18544507026672363,0.6795015335083008,0.0026330947875976562,0.8675796985626221,107,15,103,45,1264,797,11346
oliveira/04_11/randm09.02.02.18.020_0030.03.aba.beta,True,16,7,0.1547696590423584,0.7008752822875977,0.0037920475006103516,0.8594369888305664,143,15,129,87,2208,1081,15985
oliveira/04_11/randm10.02.02.13.020_0030.04.aba.beta,True,16,6,0.13532543182373047,0.7191286087036133,0.0042111873626708984,0.8586652278900146,128,15,126,89,1638,1162,17308
oliveira/04_11/randm11.02.02.15.020_0030.02.aba.beta,True,14,10,0.17519330978393555,0.6785788536071777,0.0026564598083496094,0.8564286231994629,176,11,172,53,1519,769,11270
oliveira/04_11/randm11.02.02.15.020_0030.05.aba.beta,True,14,10,0.15282821655273438,0.6974260807037354,0.002931356430053711,0.8531856536865234,181,12,179,90,1921,793,11681
oliveira/04_11/randm09.02.02.12.020_0030.05.aba.beta,True,16,8,0.17421555519104004,0.6750466823577881,0.003131389617919922,0.852393627166748,151,12,141,77,1806,944,13800
oliveira/04_11/randm11.02.02.15.020_0030.01.aba.beta,True,14,10,0.18352818489074707,0.6599366664886475,0.003498077392578125,0.8469629287719727,190,14,227,72,2563,990,14575
oliveira/04_11/randm11.02.02.01.020_0030.05.aba.beta,True,14,10,0.15278196334838867,0.689305305480957,0.002870798110961914,0.8449580669403076,228,10,223,95,2074,802,11856
oliveira/04_11/randm07.02.02.03.020_0030.05.aba.beta,True,15,7,0.14324450492858887,0.6983649730682373,0.0028603076934814453,0.8444697856903076,139,13,129,75,1542,885,13003
oliveira/04_11/randm10.02.02.09.020_0030.05.aba.beta,True,13,7,0.1444261074066162,0.6948978900909424,0.0042040348052978516,0.8435280323028564,189,11,179,93,2771,959,14459
oliveira/04_11/randm10.02.02.17.020_0030.03.aba.beta,True,10,7,0.11917281150817871,0.7151243686676025,0.0031151771545410156,0.8374123573303223,149,7,145,81,2434,863,13258
oliveira/04_11/randm08.02.02.03.020_0030.02.aba.beta,True,15,7,0.1112511157989502,0.7218985557556152,0.002753734588623047,0.8359034061431885,144,11,137,98,1760,888,13204
oliveira/04_11/randm08.02.02.14.020_0030.02.aba.beta,True,15,6,0.09707045555114746,0.7344543933868408,0.003322124481201172,0.8348469734191895,126,12,115,95,1478,1014,15151
oliveira/04_11/randm11.02.02.13.020_0030.03.aba.beta,True,15,9,0.1383349895477295,0.6921803951263428,0.0028274059295654297,0.8333427906036377,166,10,163,97,1977,782,11539
oliveira/04_11/randm08.02.02.09.020_0030.05.aba.beta,True,18,7,0.1682441234588623,0.6566028594970703,0.007508039474487305,0.8323550224304199,123,18,123,51,1099,2318,35412
oliveira/04_11/randm10.02.02.15.020_0030.04.aba.beta,True,15,8,0.11237955093383789,0.7163097858428955,0.0031478404998779297,0.8318371772766113,181,11,171,71,2773,848,12518
oliveira/04_11/randm08.02.02.14.020_0030.04.aba.beta,True,12,6,0.10811281204223633,0.7156198024749756,0.0063381195068359375,0.8300707340240479,149,9,141,112,2177,1650,26510
oliveira/04_11/randm11.02.02.03.020_0030.05.aba.beta,True,11,10,0.12550735473632812,0.6982755661010742,0.0032422542572021484,0.8270251750946045,224,8,223,97,1861,903,13752
oliveira/04_11/randm08.02.02.04.020_0030.05.aba.beta,True,11,6,0.0845787525177002,0.739609956741333,0.0026531219482421875,0.8268418312072754,121,9,113,82,1486,831,12533
oliveira/04_11/randm07.02.02.15.020_0030.05.aba.beta,True,13,7,0.09938836097717285,0.7212307453155518,0.004624605178833008,0.8252437114715576,145,10,136,86,1259,1355,21076
oliveira/04_11/randm10.02.02.19.020_0030.02.aba.beta,True,16,10,0.12865805625915527,0.6931748390197754,0.002518177032470703,0.8243510723114014,252,9,250,78,2254,705,10351
oliveira/04_11/randm11.02.02.05.020_0030.05.aba.beta,True,15,8,0.11034870147705078,0.6979842185974121,0.002881765365600586,0.8112146854400635,122,12,111,68,1235,778,11398
oliveira/04_11/randm10.02.02.06.020_0030.01.aba.beta,True,15,9,0.14214634895324707,0.6654438972473145,0.003046274185180664,0.8106365203857422,206,10,214,83,1914,876,13143
oliveira/04_11/randm10.02.02.17.020_0030.01.aba.beta,True,16,7,0.11837959289550781,0.6864829063415527,0.0033457279205322266,0.8082082271575928,130,13,132,69,1980,907,13228
oliveira/04_11/randm09.02.02.02.020_0030.02.aba.beta,True,14,7,0.12742066383361816,0.6740808486938477,0.0045468807220458984,0.8060483932495117,127,13,131,67,1173,1386,21100
oliveira/04_11/randm11.02.02.06.020_0030.01.aba.beta,True,13,8,0.12069392204284668,0.6775596141815186,0.003901958465576172,0.8021554946899414,167,10,177,107,1739,1021,15515
oliveira/04_11/randm11.02.02.06.020_0030.04.aba.beta,True,15,8,0.12966680526733398,0.6681115627288818,0.0037114620208740234,0.8014898300170898,143,12,137,84,1582,1046,15696
oliveira/04_11/randm09.02.02.18.020_0030.04.aba.beta,True,14,7,0.1132657527923584,0.68398118019104,0.004056215286254883,0.8013031482696533,162,12,163,99,2368,1153,17216
oliveira/04_11/randm11.02.02.18.020_0030.02.aba.beta,True,14,7,0.11029243469238281,0.6781895160675049,0.005721330642700195,0.7942032814025879,135,13,139,87,1733,1515,22730
oliveira/04_11/randm10.02.02.05.020_0030.01.aba.beta,True,14,8,0.1127479076385498,0.673792839050293,0.00451350212097168,0.7910542488098145,134,11,126,71,1213,1220,19089
oliveira/04_11/randm08.02.02.10.020_0030.05.aba.beta,True,13,7,0.11667752265930176,0.6683821678161621,0.005675077438354492,0.7907347679138184,181,10,177,134,2357,1654,26239
oliveira/04_11/randm09.02.02.17.020_0030.01.aba.beta,True,14,9,0.13133025169372559,0.6551992893218994,0.003023386001586914,0.7895529270172119,192,9,186,72,2409,853,12964
oliveira/04_11/randm07.02.02.13.020_0030.04.aba.beta,True,16,7,0.13232803344726562,0.6515777111053467,0.002935171127319336,0.7868409156799316,136,13,127,72,1662,955,13938
oliveira/04_11/randm10.02.02.08.020_0030.05.aba.beta,True,11,9,0.12123584747314453,0.6532306671142578,0.0025794506072998047,0.7770459651947021,122,10,116,76,1152,762,11291
oliveira/04_11/randm11.02.02.05.020_0030.01.aba.beta,True,14,8,0.1454939842224121,0.6276946067810059,0.0035474300384521484,0.7767360210418701,140,13,140,66,2059,930,13746
oliveira/04_11/randm10.02.02.13.020_0030.02.aba.beta,True,14,6,0.10740494728088379,0.6607329845428467,0.0054171085357666016,0.7735550403594971,125,12,114,90,1662,1216,18913
oliveira/04_11/randm11.02.02.16.020_0030.01.aba.beta,True,12,9,0.12630486488342285,0.6409955024719238,0.0027856826782226562,0.7700860500335693,135,10,136,67,1584,771,11385
oliveira/04_11/randm10.02.02.15.020_0030.01.aba.beta,True,16,8,0.11712813377380371,0.6494078636169434,0.0032739639282226562,0.7698099613189697,155,12,154,75,1739,884,13107
oliveira/04_11/randm11.02.02.15.020_0030.04.aba.beta,True,13,10,0.13630151748657227,0.629908561706543,0.002783060073852539,0.7689931392669678,131,11,124,64,1495,798,11803
oliveira/04_11/randm08.02.02.14.020_0030.01.aba.beta,True,12,6,0.08158445358276367,0.6808452606201172,0.004971981048583984,0.7674016952514648,167,9,159,140,2142,1484,22971
oliveira/04_11/randm09.02.02.18.020_0030.05.aba.beta,True,15,7,0.17369866371154785,0.5883767604827881,0.0034444332122802734,0.7655198574066162,158,13,146,72,2584,1020,15337
oliveira/04_11/randm07.02.02.13.020_0030.05.aba.beta,True,12,7,0.13564229011535645,0.6247849464416504,0.002391815185546875,0.7628190517425537,95,10,101,47,1232,762,11112
oliveira/04_11/randm10.02.02.10.020_0030.03.aba.beta,True,13,7,0.1157529354095459,0.642425537109375,0.0033898353576660156,0.7615683078765869,142,10,133,78,2072,823,12192
oliveira/04_11/randm10.02.02.17.020_0030.05.aba.beta,True,15,7,0.12416648864746094,0.6343276500701904,0.0028944015502929688,0.7613885402679443,139,12,130,66,1802,820,11975
oliveira/04_11/randm11.02.02.06.020_0030.03.aba.beta,True,14,8,0.1471102237701416,0.6024010181427002,0.006533622741699219,0.756044864654541,107,12,96,45,867,900,13141
oliveira/04_11/randm07.02.02.13.020_0030.03.aba.beta,True,12,7,0.11897587776184082,0.6322953701019287,0.0044193267822265625,0.7556905746459961,154,10,145,98,2161,1330,20267
oliveira/04_11/randm11.02.02.07.020_0030.01.aba.beta,True,12,9,0.13434696197509766,0.6153609752655029,0.004709482192993164,0.7544174194335938,177,10,175,83,2065,1355,20487
oliveira/04_11/randm08.02.02.11.020_0030.03.aba.beta,True,16,8,0.14009666442871094,0.606464147567749,0.003083467483520508,0.7496442794799805,170,13,161,73,2400,965,14379
oliveira/04_11/randm10.02.02.09.020_0030.03.aba.beta,True,14,7,0.10822772979736328,0.6387531757354736,0.002629995346069336,0.7496109008789062,118,12,109,64,1144,795,11689
oliveira/04_11/randm09.02.02.11.020_0030.03.aba.beta,True,15,8,0.13121485710144043,0.6106414794921875,0.002758502960205078,0.744614839553833,168,13,194,73,2759,909,13404
oliveira/04_11/randm08.02.02.08.020_0030.03.aba.beta,True,14,6,0.11327743530273438,0.6253774166107178,0.003582000732421875,0.742236852645874,130,11,125,93,1432,1089,16752
oliveira/04_11/randm08.02.02.19.020_0030.04.aba.beta,True,14,8,0.13364577293395996,0.6041219234466553,0.0030307769775390625,0.7407984733581543,113,13,106,58,1744,899,13422
oliveira/04_11/randm09.02.02.16.020_0030.01.aba.beta,True,11,6,0.09320330619812012,0.6391010284423828,0.003762960433959961,0.7360672950744629,118,9,110,77,1288,1100,17056
oliveira/04_11/randm08.02.02.11.020_0030.02.aba.beta,True,16,8,0.13290858268737793,0.5962941646575928,0.006251335144042969,0.7354540824890137,131,14,138,57,1137,1866,29002
oliveira/04_11/randm08.02.02.19.020_0030.05.aba.beta,True,14,8,0.11735248565673828,0.6097617149353027,0.003543853759765625,0.7306580543518066,144,12,133,78,1617,1148,17019
oliveira/04_11/randm09.02.02.18.020_0030.01.aba.beta,True,16,7,0.1210029125213623,0.6061046123504639,0.003190755844116211,0.7302982807159424,130,13,118,69,2003,936,13745
oliveira/04_11/randm08.02.02.06.020_0030.05.aba.beta,True,14,8,0.10640215873718262,0.6199581623077393,0.0024118423461914062,0.7287721633911133,146,10,137,69,1145,697,10387
oliveira/04_11/randm09.02.02.12.020_0030.04.aba.beta,True,14,8,0.14891576766967773,0.5721216201782227,0.002825498580932617,0.723862886428833,110,11,100,58,1098,863,12869
oliveira/04_11/randm11.02.02.09.020_0030.01.aba.beta,True,12,6,0.09802007675170898,0.6120750904083252,0.0046024322509765625,0.7146975994110107,142,9,134,86,2093,950,14850
oliveira/04_11/randm11.02.02.05.020_0030.03.aba.beta,True,14,8,0.11281085014343262,0.5920078754425049,0.002775907516479492,0.707594633102417,118,11,111,68,968,774,11228
oliveira/04_11/randm09.02.02.03.020_0030.04.aba.beta,True,13,8,0.13956427574157715,0.5636646747589111,0.0043222904205322266,0.7075512409210205,201,13,190,94,3167,1342,20233
oliveira/04_11/randm08.02.02.18.020_0030.02.aba.beta,True,12,6,0.08419656753540039,0.6184782981872559,0.004381895065307617,0.7070567607879639,157,9,149,125,1801,1363,21384
oliveira/04_11/randm09.02.02.12.020_0030.01.aba.beta,True,13,8,0.12643861770629883,0.5748996734619141,0.0026319026947021484,0.703970193862915,144,11,139,81,1719,811,12058
oliveira/04_11/randm08.02.02.10.020_0030.02.aba.beta,True,13,7,0.1009528636932373,0.5902018547058105,0.005861043930053711,0.6970157623291016,159,10,156,116,1885,1829,28327
oliveira/04_11/randm11.02.02.04.020_0030.04.aba.beta,True,11,9,0.14818310737609863,0.5446054935455322,0.0026929378509521484,0.695481538772583,149,9,148,65,1452,754,11172
oliveira/04_11/randm11.02.02.18.020_0030.01.aba.beta,True,14,7,0.10314750671386719,0.583416223526001,0.005966901779174805,0.692530632019043,103,11,101,53,1134,1646,25364
oliveira/04_11/randm11.02.02.09.020_0030.02.aba.beta,True,11,6,0.12517285346984863,0.5632853507995605,0.003404855728149414,0.6918630599975586,143,9,135,96,1786,828,12561
oliveira/04_11/randm10.02.02.06.020_0030.04.aba.beta,True,13,9,0.13280320167541504,0.5546019077301025,0.00279998779296875,0.6902050971984863,164,8,158,59,2532,754,11494
oliveira/04_11/randm09.02.02.11.020_0030.05.aba.beta,True,14,8,0.12344074249267578,0.5615124702453613,0.0042150020599365234,0.6891682147979736,117,11,107,55,1111,753,11177
oliveira/04_11/randm08.02.02.01.020_0030.03.aba.beta,True,15,7,0.15056681632995605,0.5351636409759521,0.002423524856567383,0.6881539821624756,108,11,104,55,1072,712,10329
oliveira/04_11/randm07.02.02.15.020_0030.03.aba.beta,True,14,7,0.11791110038757324,0.5614736080169678,0.004071950912475586,0.6834566593170166,139,12,128,89,2032,1279,19453
oliveira/04_11/randm10.02.02.08.020_0030.04.aba.beta,True,15,9,0.10168671607971191,0.5762693881988525,0.0026161670684814453,0.6805722713470459,133,10,128,54,1045,718,10616
oliveira/04_11/randm07.02.02.03.020_0030.01.aba.beta,True,10,7,0.09852266311645508,0.5755927562713623,0.00540614128112793,0.6795215606689453,123,8,126,50,1243,729,11020
oliveira/04_11/randm10.02.02.05.020_0030.03.aba.beta,True,12,8,0.1060018539428711,0.5677664279937744,0.004553079605102539,0.678321361541748,156,10,149,100,2216,1313,20234
oliveira/04_11/randm09.02.02.03.020_0030.05.aba.beta,True,12,8,0.15635895729064941,0.5177876949310303,0.003645181655883789,0.6777918338775635,218,12,207,102,3192,1144,17126
oliveira/04_11/randm08.02.02.04.020_0030.03.aba.beta,True,12,6,0.1573336124420166,0.5166850090026855,0.002719402313232422,0.6767380237579346,109,11,99,84,1469,853,12728
oliveira/04_11/randm11.02.02.02.020_0030.03.aba.beta,True,12,10,0.12658286094665527,0.542090654373169,0.0027179718017578125,0.671391487121582,153,9,164,63,1964,756,11233
oliveira/04_11/randm09.02.02.05.020_0030.04.aba.beta,True,13,8,0.12514948844909668,0.5394220352172852,0.004703998565673828,0.6692755222320557,124,12,116,68,1255,1220,18486
oliveira/04_11/randm10.02.02.03.020_0030.05.aba.beta,True,13,8,0.1039578914642334,0.55666184425354,0.002997875213623047,0.6636176109313965,122,10,125,77,1209,852,12686
oliveira/04_11/randm06.02.02.06.020_0030.05.aba.beta,True,11,5,0.08726859092712402,0.5686216354370117,0.006021261215209961,0.6619114875793457,112,9,104,80,1243,1047,15911
oliveira/04_11/randm08.02.02.17.020_0030.01.aba.beta,True,13,6,0.1283705234527588,0.5273516178131104,0.0030303001403808594,0.65875244140625,110,12,101,77,1303,895,13266
oliveira/04_11/randm10.02.02.17.020_0030.02.aba.beta,True,12,7,0.13397789001464844,0.5194206237792969,0.0035080909729003906,0.6569066047668457,166,11,195,84,2199,1012,15358
oliveira/04_11/randm09.02.02.11.020_0030.04.aba.beta,True,14,8,0.16907238960266113,0.48412036895751953,0.0022878646850585938,0.6554806232452393,105,12,97,43,1137,747,10776
oliveira/04_11/randm08.02.02.15.020_0030.05.aba.beta,True,13,5,0.09882020950317383,0.551933765411377,0.003924846649169922,0.6546788215637207,113,11,103,90,1444,1137,17298
oliveira/04_11/randm08.02.02.06.020_0030.01.aba.beta,True,10,8,0.13418078422546387,0.5170271396636963,0.0026586055755615234,0.6538665294647217,185,8,187,72,2904,753,11469
oliveira/04_11/randm08.02.02.10.020_0030.03.aba.beta,True,13,7,0.12635421752929688,0.5191915035247803,0.003133058547973633,0.6486787796020508,135,10,150,84,1927,957,14366
oliveira/04_11/randm08.02.02.01.020_0030.05.aba.beta,True,13,7,0.1266651153564453,0.5191102027893066,0.0026006698608398438,0.6483759880065918,104,12,93,56,1036,776,11103
oliveira/04_11/randm11.02.02.06.020_0030.02.aba.beta,True,12,8,0.10946321487426758,0.530447244644165,0.007615566253662109,0.6475260257720947,164,11,154,91,2357,1986,32321
oliveira/04_11/randm09.02.02.03.020_0030.02.aba.beta,True,12,8,0.13410162925720215,0.5084562301635742,0.004048824310302734,0.6466066837310791,236,12,243,96,3700,1109,17179
oliveira/04_11/randm10.02.02.03.020_0030.04.aba.beta,True,13,8,0.09982943534851074,0.5407745838165283,0.0031189918518066406,0.6437230110168457,143,9,137,86,1284,918,13808
oliveira/04_11/randm08.02.02.18.020_0030.04.aba.beta,True,12,6,0.08283209800720215,0.5516207218170166,0.003217935562133789,0.6376707553863525,148,9,140,96,1778,933,14180
oliveira/04_11/randm07.02.02.07.020_0030.04.aba.beta,True,9,6,0.10337972640991211,0.5264132022857666,0.007550716400146484,0.6373436450958252,84,8,84,50,657,900,13760
oliveira/04_11/randm07.02.02.07.020_0030.03.aba.beta,True,13,6,0.1099693775177002,0.5191035270690918,0.0036499500274658203,0.6327228546142578,84,11,83,43,780,760,11090
oliveira/04_11/randm09.02.02.09.020_0030.05.aba.beta,True,12,9,0.08598184585571289,0.5397100448608398,0.0029649734497070312,0.6286568641662598,166,7,160,96,1538,926,14226
oliveira/04_11/randm08.02.02.19.020_0030.03.aba.beta,True,13,8,0.0901341438293457,0.5275888442993164,0.0023729801177978516,0.62009596824646,107,10,99,68,1022,735,10816
oliveira/04_11/randm11.02.02.04.020_0030.02.aba.beta,True,13,9,0.09984278678894043,0.5159485340118408,0.002621173858642578,0.6184124946594238,163,9,155,58,1430,714,10515
oliveira/04_11/randm08.02.02.18.020_0030.05.aba.beta,True,11,6,0.09449005126953125,0.5185885429382324,0.002864360809326172,0.6159429550170898,149,8,142,110,2186,868,13346
oliveira/04_11/randm06.02.02.18.020_0030.05.aba.beta,True,10,6,0.0860300064086914,0.526134729385376,0.0026526451110839844,0.6148173809051514,116,9,112,84,1522,776,11860
oliveira/04_11/randm07.02.02.05.020_0030.04.aba.beta,True,13,6,0.09824419021606445,0.5050539970397949,0.0025718212127685547,0.6058700084686279,111,11,108,60,1149,772,11253
oliveira/04_11/randm10.02.02.11.020_0030.01.aba.beta,True,13,7,0.0962221622467041,0.5069215297698975,0.0025403499603271484,0.6056840419769287,103,11,93,48,827,737,10635
oliveira/04_11/randm07.02.02.03.020_0030.04.aba.beta,True,11,7,0.1060338020324707,0.4937880039215088,0.003252744674682617,0.6030745506286621,103,9,112,49,1389,816,12174
oliveira/04_11/randm10.02.02.08.020_0030.03.aba.beta,True,11,9,0.09507513046264648,0.4999856948852539,0.0022759437561035156,0.5973367691040039,133,8,126,55,1315,648,9586
oliveira/04_11/randm08.02.02.09.020_0030.04.aba.beta,True,10,7,0.0995490550994873,0.4932997226715088,0.002331972122192383,0.5951807498931885,155,7,153,63,1268,711,10730
oliveira/04_11/randm09.02.02.01.020_0030.02.aba.beta,True,12,7,0.09587907791137695,0.49497389793395996,0.0038139820098876953,0.5946669578552246,132,11,142,75,1695,1152,17741
oliveira/04_11/randm06.02.02.11.020_0030.05.aba.beta,True,12,6,0.0787804126739502,0.5076766014099121,0.003126382827758789,0.5895833969116211,108,9,106,72,1271,902,13356
oliveira/04_11/randm06.02.02.06.020_0030.02.aba.beta,True,12,5,0.08206033706665039,0.5041978359222412,0.0028047561645507812,0.5890629291534424,95,10,87,60,1103,898,13422
oliveira/04_11/randm10.02.02.05.020_0030.02.aba.beta,True,10,7,0.10436320304870605,0.47690272331237793,0.004259586334228516,0.5855255126953125,124,9,120,77,1258,1264,19361
oliveira/04_11/randm11.02.02.04.020_0030.03.aba.beta,True,10,9,0.11309957504272461,0.4685068130493164,0.002908468246459961,0.584514856338501,126,8,122,57,1232,711,10625
oliveira/04_11/randm09.02.02.15.020_0030.04.aba.beta,True,11,8,0.09865403175354004,0.48191046714782715,0.0030565261840820312,0.5836210250854492,114,9,107,74,951,789,11930
oliveira/04_11/randm11.02.02.09.020_0030.04.aba.beta,True,9,6,0.08052730560302734,0.49640798568725586,0.0035178661346435547,0.5804531574249268,140,7,134,93,1901,866,13382
oliveira/04_11/randm09.02.02.04.020_0030.05.aba.beta,True,12,7,0.08270788192749023,0.4912984371185303,0.0028371810913085938,0.5768435001373291,128,9,120,68,1075,875,13175
oliveira/04_11/randm08.02.02.09.020_0030.01.aba.beta,True,12,7,0.11285543441772461,0.453488826751709,0.004497528076171875,0.5708417892456055,92,10,95,48,808,1320,20290
oliveira/04_11/randm10.02.02.11.020_0030.03.aba.beta,True,12,7,0.11585068702697754,0.4514658451080322,0.0030727386474609375,0.5703892707824707,120,12,115,53,1055,897,13262
oliveira/04_11/randm08.02.02.08.020_0030.05.aba.beta,True,12,6,0.08197712898254395,0.48384523391723633,0.0030374526977539062,0.5688598155975342,106,9,98,72,1287,926,13977
oliveira/04_11/randm09.02.02.09.020_0030.03.aba.beta,True,12,9,0.09479475021362305,0.4714243412017822,0.0020897388458251953,0.5683088302612305,132,8,125,52,1131,652,9663
oliveira/04_11/randm05.02.02.06.020_0030.03.aba.beta,True,7,5,0.07674884796142578,0.48796510696411133,0.0035827159881591797,0.5682966709136963,70,6,67,49,826,680,10523
oliveira/04_11/randm09.02.02.16.020_0030.03.aba.beta,True,9,6,0.08077526092529297,0.4819169044494629,0.004174232482910156,0.566866397857666,144,7,138,104,1773,1194,18895
oliveira/04_11/randm08.02.02.01.020_0030.01.aba.beta,True,13,7,0.09033989906311035,0.473067045211792,0.002527952194213867,0.5659348964691162,84,11,74,49,770,773,11181
oliveira/04_11/randm10.02.02.10.020_0030.04.aba.beta,True,12,7,0.09912443161010742,0.462634801864624,0.0024962425231933594,0.5642554759979248,111,10,102,53,1100,709,10386
oliveira/04_11/randm10.02.02.13.020_0030.05.aba.beta,True,11,6,0.08914637565612793,0.47068166732788086,0.004271268844604492,0.5640993118286133,107,10,98,81,1362,1214,18429
oliveira/04_11/randm07.02.02.11.020_0030.04.aba.beta,True,11,5,0.09122991561889648,0.4689483642578125,0.0036673545837402344,0.5638456344604492,78,10,79,47,741,823,12338
oliveira/04_11/randm07.02.02.13.020_0030.02.aba.beta,True,9,7,0.1033332347869873,0.4573180675506592,0.0026865005493164062,0.5633378028869629,107,8,101,72,1785,824,12787
oliveira/04_11/randm08.02.02.15.020_0030.04.aba.beta,True,11,5,0.08947968482971191,0.4705648422241211,0.003069162368774414,0.5631136894226074,123,9,117,95,1586,954,14745
oliveira/04_11/randm11.02.02.11.020_0030.02.aba.beta,True,10,10,0.09186792373657227,0.4677402973175049,0.0032303333282470703,0.5628385543823242,150,6,147,65,1286,856,13241
oliveira/04_11/randm08.02.02.08.020_0030.02.aba.beta,True,11,6,0.06942939758300781,0.4879903793334961,0.002542257308959961,0.5599620342254639,121,8,114,84,1629,787,12008
oliveira/04_11/randm09.02.02.14.020_0030.05.aba.beta,True,11,6,0.07710456848144531,0.47716689109802246,0.0030908584594726562,0.5573623180389404,134,9,136,106,1830,948,14366
oliveira/04_11/randm10.02.02.08.020_0030.02.aba.beta,True,10,9,0.10581517219543457,0.44765543937683105,0.002436399459838867,0.5559070110321045,92,9,85,54,692,659,9759
oliveira/04_11/randm08.02.02.19.020_0030.02.aba.beta,True,11,8,0.10909891128540039,0.4431133270263672,0.0023856163024902344,0.5545978546142578,120,10,111,52,1741,757,11526
oliveira/04_11/randm09.02.02.06.020_0030.03.aba.beta,True,8,9,0.08896660804748535,0.461667537689209,0.0029206275939941406,0.5535547733306885,166,6,173,86,1647,838,13101
oliveira/04_11/randm08.02.02.08.020_0030.01.aba.beta,True,9,6,0.1175076961517334,0.43145108222961426,0.002189159393310547,0.5511479377746582,132,6,128,74,1367,693,10508
oliveira/04_11/randm07.02.02.07.020_0030.05.aba.beta,True,11,6,0.08843517303466797,0.4528372287750244,0.0030477046966552734,0.5443201065063477,121,9,113,81,1196,922,13711
oliveira/04_11/randm07.02.02.19.020_0030.03.aba.beta,True,13,5,0.07726502418518066,0.4626343250274658,0.0030426979064941406,0.5429420471191406,96,12,85,69,1156,926,13618
oliveira/04_11/randm07.02.02.17.020_0030.03.aba.beta,True,11,6,0.09653019905090332,0.44034337997436523,0.004925251007080078,0.5417988300323486,104,8,104,63,1273,764,11403
oliveira/04_11/randm08.02.02.15.020_0030.03.aba.beta,True,10,5,0.07398247718811035,0.45992159843444824,0.004947662353515625,0.5388517379760742,113,8,106,86,1358,1044,15990
oliveira/04_11/randm11.02.02.09.020_0030.03.aba.beta,True,10,6,0.08152174949645996,0.45301079750061035,0.0040051937103271484,0.5385377407073975,120,8,113,92,1388,1070,16525
oliveira/04_11/randm08.02.02.03.020_0030.05.aba.beta,True,13,7,0.09020447731018066,0.4440805912017822,0.0023102760314941406,0.536595344543457,106,10,103,51,1252,699,10143
oliveira/04_11/randm07.02.02.07.020_0030.02.aba.beta,True,9,6,0.09538936614990234,0.4359579086303711,0.0045125484466552734,0.5358598232269287,87,8,90,55,1027,936,14018
oliveira/04_11/randm11.02.02.12.020_0030.05.aba.beta,True,9,6,0.07657980918884277,0.4553194046020508,0.0032434463500976562,0.5351426601409912,123,7,125,87,1587,915,14312
oliveira/04_11/randm11.02.02.15.020_0030.03.aba.beta,True,8,10,0.0815131664276123,0.44871044158935547,0.0028276443481445312,0.5330512523651123,129,7,136,74,1029,755,11507
oliveira/04_11/randm05.02.02.06.020_0030.04.aba.beta,True,9,5,0.08808135986328125,0.44150328636169434,0.0023889541625976562,0.5319736003875732,82,8,75,58,930,770,11551
oliveira/04_11/randm09.02.02.05.020_0030.01.aba.beta,True,12,8,0.07933783531188965,0.4490776062011719,0.0026450157165527344,0.5310604572296143,88,10,81,59,839,805,11970
oliveira/04_11/randm09.02.02.10.020_0030.03.aba.beta,True,12,6,0.09463381767272949,0.4324662685394287,0.002939939498901367,0.5300400257110596,93,11,90,51,862,930,13731
oliveira/04_11/randm08.02.02.12.020_0030.03.aba.beta,True,9,5,0.07407069206237793,0.4515876770019531,0.00386810302734375,0.5295264720916748,170,8,163,131,2594,1208,18605
oliveira/04_11/randm10.02.02.11.020_0030.04.aba.beta,True,11,7,0.08337688446044922,0.4423656463623047,0.0024671554565429688,0.5282096862792969,109,9,107,57,1377,768,11387
oliveira/04_11/randm07.02.02.19.020_0030.04.aba.beta,True,13,5,0.09237861633300781,0.4311697483062744,0.002753019332885742,0.526301383972168,89,12,78,67,1110,840,12252
oliveira/04_11/randm07.02.02.17.020_0030.02.aba.beta,True,11,6,0.07677483558654785,0.44441866874694824,0.0023186206817626953,0.5235121250152588,110,8,117,65,1459,712,10728
oliveira/04_11/randm09.02.02.04.020_0030.02.aba.beta,True,11,7,0.10201430320739746,0.418410062789917,0.002596616744995117,0.5230209827423096,113,10,107,67,1328,824,12300
oliveira/04_11/randm07.02.02.03.020_0030.03.aba.beta,True,12,7,0.08455634117126465,0.43515729904174805,0.0024733543395996094,0.5221869945526123,125,9,118,70,1401,745,11261
oliveira/04_11/randm11.02.02.09.020_0030.05.aba.beta,True,10,6,0.0737905502319336,0.4445195198059082,0.003118276596069336,0.5214283466339111,103,8,105,74,1381,806,12109
oliveira/04_11/randm09.02.02.17.020_0030.03.aba.beta,True,10,9,0.08161211013793945,0.43575310707092285,0.0023345947265625,0.5196998119354248,103,7,102,77,765,715,10847
oliveira/04_11/randm07.02.02.13.020_0030.01.aba.beta,True,10,7,0.08186578750610352,0.4330625534057617,0.002378702163696289,0.5173070430755615,98,7,94,58,997,758,11456
oliveira/04_11/randm05.02.02.06.020_0030.01.aba.beta,True,8,5,0.07549619674682617,0.43764734268188477,0.002440929412841797,0.5155844688415527,71,7,67,45,625,742,11237
oliveira/04_11/randm11.02.02.18.020_0030.05.aba.beta,True,9,7,0.10187840461730957,0.406583309173584,0.006106376647949219,0.5145680904388428,103,8,99,51,712,1352,21312
oliveira/04_11/randm10.02.02.12.020_0030.03.aba.beta,True,10,8,0.08426094055175781,0.4262430667877197,0.002422332763671875,0.5129263401031494,107,9,101,65,1129,685,10333
oliveira/04_11/randm09.02.02.15.020_0030.03.aba.beta,True,11,8,0.09178686141967773,0.4177131652832031,0.002337217330932617,0.5118372440338135,98,9,97,50,1144,668,10059
oliveira/04_11/randm11.02.02.08.020_0030.02.aba.beta,True,11,6,0.08784842491149902,0.42002439498901367,0.003076314926147461,0.5109491348266602,96,10,94,45,810,751,11044
oliveira/04_11/randm11.02.02.16.020_0030.04.aba.beta,True,10,9,0.08207082748413086,0.42623329162597656,0.002286672592163086,0.5105907917022705,144,7,146,70,1145,672,10144
oliveira/04_11/randm07.02.02.15.020_0030.02.aba.beta,True,11,7,0.09332776069641113,0.4134409427642822,0.002903461456298828,0.5096721649169922,99,10,90,52,1316,780,11759
oliveira/04_11/randm10.02.02.09.020_0030.02.aba.beta,True,10,7,0.07683372497558594,0.42900991439819336,0.002295255661010742,0.50813889503479,146,8,142,85,1364,682,10275
oliveira/04_11/randm04.02.02.10.020_0030.01.aba.beta,True,5,4,0.07961916923522949,0.42517590522766113,0.002466917037963867,0.5072619915008545,84,5,85,70,1089,813,12622
oliveira/04_11/randm05.02.02.07.020_0030.05.aba.beta,True,8,5,0.07612895965576172,0.42593812942504883,0.0027544498443603516,0.5048215389251709,101,7,95,80,1320,841,12840
oliveira/04_11/randm09.02.02.03.020_0030.01.aba.beta,True,9,8,0.09453940391540527,0.40637850761413574,0.0034568309783935547,0.5043747425079346,189,8,191,105,2988,868,13378
oliveira/04_11/randm11.02.02.08.020_0030.04.aba.beta,True,10,6,0.10872721672058105,0.3921077251434326,0.0024843215942382812,0.503319263458252,110,9,105,59,1540,747,11153
oliveira/04_11/randm07.02.02.03.020_0030.02.aba.beta,True,12,7,0.07482576370239258,0.4169273376464844,0.0060389041900634766,0.49779200553894043,97,9,93,40,894,635,9269
oliveira/04_11/randm10.02.02.15.020_0030.02.aba.beta,True,10,8,0.07622432708740234,0.41747331619262695,0.002186298370361328,0.4958839416503906,108,7,103,58,941,649,9865
oliveira/04_11/randm08.02.02.18.020_0030.03.aba.beta,True,11,6,0.07381963729858398,0.41770505905151367,0.0038619041442871094,0.49538660049438477,98,8,91,66,806,1210,18646
oliveira/04_11/randm09.02.02.14.020_0030.02.aba.beta,True,10,6,0.08425426483154297,0.4077467918395996,0.0031061172485351562,0.49510717391967773,77,8,70,56,942,722,10755
oliveira/04_11/randm08.02.02.12.020_0030.05.aba.beta,True,10,5,0.08276534080505371,0.40914416313171387,0.0026519298553466797,0.49456143379211426,109,9,101,54,1510,828,12454
oliveira/04_11/randm08.02.02.01.020_0030.02.aba.beta,True,10,7,0.06155204772949219,0.4227161407470703,0.002302408218383789,0.4865705966949463,156,6,153,89,1744,658,9972
oliveira/04_11/randm08.02.02.03.020_0030.04.aba.beta,True,10,7,0.09887504577636719,0.38556575775146484,0.0020673274993896484,0.4865081310272217,104,7,100,67,1104,661,9988
oliveira/04_11/randm08.02.02.19.020_0030.01.aba.beta,True,10,8,0.0992281436920166,0.3839879035949707,0.0024144649505615234,0.48563051223754883,106,9,98,51,1321,719,10681
oliveira/04_11/randm08.02.02.03.020_0030.03.aba.beta,True,9,7,0.13055944442749023,0.3487975597381592,0.0031359195709228516,0.48249292373657227,90,7,84,57,797,937,14422
oliveira/04_11/randm07.02.02.17.020_0030.01.aba.beta,True,9,6,0.06980752944946289,0.40801429748535156,0.0024423599243164062,0.48026418685913086,93,7,87,61,1044,719,10879
oliveira/04_11/randm05.02.02.07.020_0030.02.aba.beta,True,9,5,0.06739950180053711,0.4054374694824219,0.0026814937591552734,0.47551846504211426,86,8,81,67,950,814,12284
oliveira/04_11/randm10.02.02.01.020_0030.02.aba.beta,True,11,6,0.08429527282714844,0.38799190521240234,0.003117084503173828,0.4754042625427246,79,10,75,35,774,840,12668
oliveira/04_11/randm06.02.02.11.020_0030.04.aba.beta,True,9,6,0.07599401473999023,0.39449524879455566,0.0025377273559570312,0.47302699089050293,98,8,109,61,898,796,12053
oliveira/04_11/randm09.02.02.08.020_0030.02.aba.beta,True,9,6,0.09227871894836426,0.37422871589660645,0.0045778751373291016,0.4710853099822998,91,8,88,55,1123,800,12213
oliveira/04_11/randm10.02.02.09.020_0030.04.aba.beta,True,9,7,0.06813859939575195,0.40060925483703613,0.0022284984588623047,0.4709763526916504,101,7,95,69,951,671,10249
oliveira/04_11/randm08.02.02.16.020_0030.03.aba.beta,True,9,5,0.07178616523742676,0.3944275379180908,0.0027904510498046875,0.46900415420532227,120,8,113,104,1690,895,13794
oliveira/04_11/randm09.02.02.15.020_0030.05.aba.beta,True,10,8,0.08179259300231934,0.38236522674560547,0.0032796859741210938,0.4674375057220459,105,7,117,56,785,907,14583
oliveira/04_11/randm07.02.02.17.020_0030.04.aba.beta,True,11,6,0.06600642204284668,0.3986546993255615,0.0021507740020751953,0.4668118953704834,89,8,87,55,994,684,10138
oliveira/04_11/randm11.02.02.02.020_0030.01.aba.beta,True,7,9,0.08290410041809082,0.37743496894836426,0.0034770965576171875,0.46381616592407227,227,4,244,85,3558,881,13968
oliveira/04_11/randm08.02.02.16.020_0030.01.aba.beta,True,11,5,0.06661438941955566,0.39191102981567383,0.002619504928588867,0.46114492416381836,81,10,84,56,878,851,12682
oliveira/04_11/randm09.02.02.08.020_0030.04.aba.beta,True,12,6,0.06715869903564453,0.3851304054260254,0.006415605545043945,0.45870471000671387,101,9,93,38,649,1979,31110
oliveira/04_11/randm06.02.02.11.020_0030.03.aba.beta,True,10,6,0.07757449150085449,0.3780677318572998,0.0021643638610839844,0.4578065872192383,74,7,74,46,589,684,10323
oliveira/04_11/randm06.02.02.11.020_0030.02.aba.beta,True,8,6,0.0663139820098877,0.38663697242736816,0.0032606124877929688,0.45621156692504883,113,7,107,77,1468,806,12398
oliveira/04_11/randm10.02.02.04.020_0030.01.aba.beta,True,10,5,0.08125829696655273,0.3713345527648926,0.0030355453491210938,0.4556283950805664,70,9,62,37,859,698,10180
oliveira/04_11/randm08.02.02.02.020_0030.04.aba.beta,True,9,6,0.07970523834228516,0.3673250675201416,0.0027441978454589844,0.44977450370788574,67,8,60,42,700,672,10150
oliveira/04_11/randm11.02.02.11.020_0030.01.aba.beta,True,9,11,0.08403491973876953,0.3630645275115967,0.0019669532775878906,0.4490664005279541,143,3,163,46,991,542,8592
oliveira/04_11/randm06.02.02.09.020_0030.01.aba.beta,True,8,5,0.08496308326721191,0.36044812202453613,0.002923727035522461,0.4483349323272705,104,8,106,83,1424,893,13799
oliveira/04_11/randm06.02.02.15.020_0030.05.aba.beta,True,10,5,0.08485960960388184,0.360809326171875,0.002490997314453125,0.44815993309020996,73,8,66,42,899,705,10566
oliveira/04_11/randm06.02.02.14.020_0030.05.aba.beta,True,10,6,0.06992506980895996,0.3750185966491699,0.0023620128631591797,0.44730567932128906,73,7,69,48,752,686,10400
oliveira/04_11/randm10.02.02.17.020_0030.04.aba.beta,True,8,7,0.09104466438293457,0.3511924743652344,0.0034961700439453125,0.44573330879211426,123,8,124,73,1726,966,14760
oliveira/04_11/randm09.02.02.15.020_0030.02.aba.beta,True,10,8,0.08466482162475586,0.35805201530456543,0.0022690296173095703,0.44498586654663086,82,6,78,46,737,630,9460
oliveira/04_11/randm05.02.02.17.020_0030.03.aba.beta,True,10,5,0.06937837600708008,0.3692891597747803,0.0026590824127197266,0.4413266181945801,80,8,73,60,785,799,11925
oliveira/04_11/randm09.02.02.18.020_0030.02.aba.beta,True,10,7,0.0709233283996582,0.3651573657989502,0.0024046897888183594,0.43848538398742676,102,8,95,42,1017,659,9951
oliveira/04_11/randm08.02.02.06.020_0030.04.aba.beta,True,8,8,0.07348871231079102,0.360684871673584,0.0020859241485595703,0.43625950813293457,153,6,162,76,1385,649,9815
oliveira/04_11/randm09.02.02.04.020_0030.04.aba.beta,True,10,7,0.08563041687011719,0.3433098793029785,0.0053446292877197266,0.43428492546081543,85,8,82,45,755,785,11843
oliveira/04_11/randm07.02.02.16.020_0030.01.aba.beta,True,10,4,0.06490683555603027,0.36322760581970215,0.005495309829711914,0.43362975120544434,61,9,53,49,648,1736,26907
oliveira/04_11/randm08.02.02.03.020_0030.01.aba.beta,True,9,7,0.11338233947753906,0.31487536430358887,0.0020897388458251953,0.4303474426269531,72,7,66,42,435,638,9692
oliveira/04_11/randm05.02.02.13.020_0030.03.aba.beta,True,7,5,0.06701421737670898,0.3563845157623291,0.003888368606567383,0.42728710174560547,108,6,103,66,1460,732,11179
oliveira/04_11/randm10.02.02.10.020_0030.02.aba.beta,True,8,7,0.06864666938781738,0.35421133041381836,0.0035037994384765625,0.4263617992401123,85,7,82,57,591,897,13721
oliveira/04_11/randm11.02.02.12.020_0030.04.aba.beta,True,9,6,0.07976102828979492,0.34358644485473633,0.002452373504638672,0.4257998466491699,69,7,69,44,687,693,10394
oliveira/04_11/randm06.02.02.11.020_0030.01.aba.beta,True,7,6,0.06813359260559082,0.3541083335876465,0.0025794506072998047,0.4248213768005371,105,5,101,68,1506,709,10985
oliveira/04_11/randm08.02.02.15.020_0030.01.aba.beta,True,10,5,0.06141519546508789,0.36013174057006836,0.0023369789123535156,0.42388391494750977,96,8,97,60,973,754,11321
oliveira/04_11/randm11.02.02.12.020_0030.03.aba.beta,True,8,6,0.061017751693725586,0.35717177391052246,0.002777576446533203,0.42096710205078125,85,6,92,58,995,775,12119
oliveira/04_11/randm07.02.02.11.020_0030.03.aba.beta,True,6,5,0.06514501571655273,0.3513495922088623,0.0032329559326171875,0.4197275638580322,121,6,122,91,2030,927,14767
oliveira/04_11/randm09.02.02.15.020_0030.01.aba.beta,True,9,8,0.0533452033996582,0.3635537624359131,0.002332925796508789,0.4192318916320801,87,5,84,60,692,727,11167
oliveira/04_11/randm11.02.02.12.020_0030.01.aba.beta,True,8,6,0.05813908576965332,0.3546750545501709,0.0030624866485595703,0.4158766269683838,86,6,85,67,649,813,12511
oliveira/04_11/randm06.02.02.09.020_0030.05.aba.beta,True,7,5,0.05398225784301758,0.3569774627685547,0.0047953128814697266,0.415755033493042,69,5,76,46,780,930,14693
oliveira/04_11/randm09.02.02.05.020_0030.05.aba.beta,True,8,8,0.07622027397155762,0.33585405349731445,0.0034966468811035156,0.4155709743499756,112,6,109,76,1170,1001,15725
oliveira/04_11/randm06.02.02.14.020_0030.02.aba.beta,True,10,6,0.07646846771240234,0.331251859664917,0.00739598274230957,0.4151163101196289,71,9,66,31,598,650,9544
oliveira/04_11/randm09.02.02.10.020_0030.02.aba.beta,True,9,6,0.07633090019226074,0.328418493270874,0.0022597312927246094,0.4070091247558594,77,8,72,53,887,677,10211
oliveira/04_11/randm05.02.02.04.020_0030.04.aba.beta,True,9,5,0.06507253646850586,0.3395426273345947,0.0022323131561279297,0.4068474769592285,60,8,53,50,548,738,11116
oliveira/04_11/randm07.02.02.05.020_0030.02.aba.beta,True,9,6,0.06337928771972656,0.3392007350921631,0.0025343894958496094,0.40511441230773926,83,8,77,49,888,781,11772
oliveira/04_11/randm09.02.02.14.020_0030.03.aba.beta,True,10,6,0.0767817497253418,0.3247337341308594,0.0019707679748535156,0.4034862518310547,70,8,66,38,586,655,9682
oliveira/04_11/randm09.02.02.16.020_0030.04.aba.beta,True,6,6,0.05222296714782715,0.3474740982055664,0.0019178390502929688,0.4016149044036865,74,4,71,41,911,594,9204
oliveira/04_11/randm09.02.02.16.020_0030.05.aba.beta,True,8,6,0.06375980377197266,0.3347475528717041,0.0024297237396240234,0.4009370803833008,90,6,88,56,1329,705,10849
oliveira/04_11/randm06.02.02.18.020_0030.03.aba.beta,True,8,6,0.06557130813598633,0.33084702491760254,0.0026056766510009766,0.39902400970458984,103,8,99,61,1406,774,11831
oliveira/04_11/randm09.02.02.16.020_0030.02.aba.beta,True,8,6,0.06615185737609863,0.3290846347808838,0.003458738327026367,0.3986952304840088,140,7,134,82,1928,997,15359
oliveira/04_11/randm10.02.02.13.020_0030.01.aba.beta,True,8,6,0.06513833999633789,0.3308718204498291,0.002240896224975586,0.3982510566711426,88,6,85,47,1082,633,9636
oliveira/04_11/randm05.02.02.10.020_0030.01.aba.beta,True,8,5,0.07331204414367676,0.3209705352783203,0.003651857376098633,0.3979344367980957,57,8,58,38,701,657,9919
oliveira/04_11/randm10.02.02.09.020_0030.01.aba.beta,True,8,7,0.06008505821228027,0.33104991912841797,0.003210783004760742,0.394345760345459,105,6,100,58,1136,768,11972
oliveira/04_11/randm06.02.02.07.020_0030.03.aba.beta,True,7,5,0.04887700080871582,0.34334731101989746,0.0018618106842041016,0.3940861225128174,60,5,56,40,485,599,9113
oliveira/04_11/randm06.02.02.06.020_0030.01.aba.beta,True,9,5,0.06885933876037598,0.32288527488708496,0.002310037612915039,0.394054651260376,67,8,60,45,710,711,10646
oliveira/04_11/randm05.02.02.10.020_0030.02.aba.beta,True,8,5,0.06933879852294922,0.32123374938964844,0.003098726272583008,0.39367127418518066,66,7,67,40,873,953,14619
oliveira/04_11/randm07.02.02.19.020_0030.05.aba.beta,True,9,5,0.05384206771850586,0.3364379405975342,0.0032265186309814453,0.3935065269470215,77,8,70,51,899,802,12093
oliveira/04_11/randm05.02.02.07.020_0030.01.aba.beta,True,8,5,0.052106380462646484,0.3379225730895996,0.002763986587524414,0.3927929401397705,105,7,99,83,1364,818,12377
oliveira/04_11/randm07.02.02.19.020_0030.02.aba.beta,True,7,5,0.062436819076538086,0.3273775577545166,0.0029327869415283203,0.392747163772583,118,6,115,84,2009,737,11516
oliveira/04_11/randm09.02.02.08.020_0030.03.aba.beta,True,8,6,0.05481290817260742,0.33446407318115234,0.002972841262817383,0.39224982261657715,72,7,67,44,633,838,12952
oliveira/04_11/randm06.02.02.14.020_0030.03.aba.beta,True,7,6,0.0846562385559082,0.3046691417694092,0.0020956993103027344,0.3914210796356201,83,7,86,41,746,658,10130
oliveira/04_11/randm09.02.02.04.020_0030.03.aba.beta,True,10,7,0.06758856773376465,0.3210415840148926,0.0024330615997314453,0.39106321334838867,86,8,82,47,875,721,10869
oliveira/04_11/randm07.02.02.05.020_0030.03.aba.beta,True,8,6,0.06025242805480957,0.3271214962005615,0.0022382736206054688,0.38961219787597656,107,5,103,52,1429,644,9976
oliveira/04_11/randm08.02.02.02.020_0030.05.aba.beta,True,8,6,0.07436919212341309,0.310840368270874,0.002404928207397461,0.38761448860168457,105,7,102,50,1567,670,10148
oliveira/04_11/randm08.02.02.05.020_0030.05.aba.beta,True,9,5,0.07148003578186035,0.31255149841308594,0.0035109519958496094,0.3875424861907959,73,7,67,37,738,1110,17245
oliveira/04_11/randm06.02.02.09.020_0030.04.aba.beta,True,8,5,0.0603635311126709,0.31909871101379395,0.0027806758880615234,0.38224291801452637,90,7,84,58,872,828,12618
oliveira/04_11/randm08.02.02.16.020_0030.05.aba.beta,True,8,5,0.05020260810852051,0.3284482955932617,0.0028476715087890625,0.3814985752105713,81,7,75,65,988,842,13067
oliveira/04_11/randm10.02.02.11.020_0030.05.aba.beta,True,9,7,0.0606694221496582,0.31661367416381836,0.002490997314453125,0.3797740936279297,85,8,79,50,837,705,10553
oliveira/04_11/randm05.02.02.17.020_0030.05.aba.beta,True,6,5,0.06437826156616211,0.308485746383667,0.005534648895263672,0.3783986568450928,67,5,63,50,886,686,10516
oliveira/04_11/randm05.02.02.13.020_0030.05.aba.beta,True,8,5,0.060268402099609375,0.31397557258605957,0.0025153160095214844,0.37675929069519043,112,7,106,87,1507,734,11215
oliveira/04_11/randm07.02.02.05.020_0030.01.aba.beta,True,9,6,0.06303882598876953,0.31101155281066895,0.0022258758544921875,0.37627625465393066,94,7,90,53,781,709,10785
oliveira/04_11/randm10.02.02.10.020_0030.01.aba.beta,True,7,7,0.06979155540466309,0.29340410232543945,0.0022814273834228516,0.3654770851135254,76,6,73,52,703,642,9772
oliveira/04_11/randm10.02.02.01.020_0030.03.aba.beta,True,8,6,0.07175922393798828,0.2905259132385254,0.002496004104614258,0.36478114128112793,62,6,70,38,512,716,11013
oliveira/04_11/randm07.02.02.11.020_0030.05.aba.beta,True,8,5,0.06021428108215332,0.29972195625305176,0.002816915512084961,0.36275315284729004,84,7,84,57,1021,822,12494
oliveira/04_11/randm11.02.02.18.020_0030.04.aba.beta,True,8,7,0.07222390174865723,0.2867603302001953,0.0036211013793945312,0.36260533332824707,96,8,96,42,611,957,14775
oliveira/04_11/randm08.02.02.02.020_0030.03.aba.beta,True,8,6,0.06503105163574219,0.2949342727661133,0.002208709716796875,0.36217403411865234,96,7,90,43,855,626,9359
oliveira/04_11/randm06.02.02.05.020_0030.02.aba.beta,True,8,5,0.04152178764343262,0.3177299499511719,0.0019593238830566406,0.36121106147766113,68,6,63,44,633,639,9669
oliveira/04_11/randm11.02.02.08.020_0030.01.aba.beta,True,8,6,0.07681822776794434,0.27788734436035156,0.002367734909057617,0.3570733070373535,92,8,87,38,1238,658,9938
oliveira/04_11/randm05.02.02.10.020_0030.05.aba.beta,True,8,5,0.04969191551208496,0.30207347869873047,0.0036458969116210938,0.3554112911224365,68,6,69,49,644,692,10689
oliveira/04_11/randm10.02.02.13.020_0030.03.aba.beta,True,7,6,0.05331707000732422,0.2983884811401367,0.002733469009399414,0.35443902015686035,97,6,92,72,1302,736,11252
oliveira/04_11/randm05.02.02.17.020_0030.04.aba.beta,True,8,5,0.04715585708618164,0.3029210567474365,0.002841949462890625,0.3529188632965088,72,6,67,54,870,736,11235
oliveira/04_11/randm08.02.02.08.020_0030.04.aba.beta,True,8,6,0.05610060691833496,0.29442763328552246,0.0020723342895507812,0.3526005744934082,73,6,68,49,704,657,9793
oliveira/04_11/randm09.02.02.05.020_0030.02.aba.beta,True,8,8,0.05928778648376465,0.2891232967376709,0.0021774768829345703,0.3505885601043701,119,6,118,55,1071,603,9081
oliveira/04_11/randm08.02.02.16.020_0030.04.aba.beta,True,8,5,0.06143331527709961,0.2852470874786377,0.0025482177734375,0.3492286205291748,62,7,56,46,555,742,11232
oliveira/04_11/randm08.02.02.12.020_0030.04.aba.beta,True,8,5,0.05915641784667969,0.28685426712036133,0.002359628677368164,0.3483703136444092,106,7,100,66,1114,741,11221
oliveira/04_11/randm07.02.02.05.020_0030.05.aba.beta,True,8,6,0.05344843864440918,0.29176807403564453,0.002221822738647461,0.34743833541870117,78,7,81,42,890,691,10360
oliveira/04_11/randm07.02.02.07.020_0030.01.aba.beta,True,9,6,0.054579973220825195,0.2901883125305176,0.0019054412841796875,0.34667372703552246,62,7,56,31,568,604,9073
oliveira/04_11/randm08.02.02.04.020_0030.01.aba.beta,True,7,6,0.05630636215209961,0.2878592014312744,0.0023071765899658203,0.34647274017333984,100,5,97,60,1201,663,10256
oliveira/04_11/randm08.02.02.05.020_0030.01.aba.beta,True,9,5,0.05379605293273926,0.2861168384552002,0.0031273365020751953,0.34304022789001465,51,7,45,31,348,969,14941
oliveira/04_11/randm08.02.02.12.020_0030.01.aba.beta,True,8,5,0.059177398681640625,0.2809762954711914,0.002710580825805664,0.3428642749786377,98,7,95,64,1176,836,12914
oliveira/04_11/randm07.02.02.17.020_0030.05.aba.beta,True,8,6,0.056951284408569336,0.2819492816925049,0.002808094024658203,0.3417086601257324,75,7,69,45,915,721,10835
oliveira/04_11/randm09.02.02.14.020_0030.04.aba.beta,True,8,6,0.0478973388671875,0.29021453857421875,0.0025124549865722656,0.3406243324279785,88,5,90,63,792,776,12036
oliveira/04_11/randm08.02.02.17.020_0030.02.aba.beta,True,7,6,0.07944655418395996,0.2562856674194336,0.0036377906799316406,0.3393700122833252,101,7,95,75,1152,1081,17033
oliveira/04_11/randm09.02.02.10.020_0030.01.aba.beta,True,8,6,0.06648468971252441,0.26966071128845215,0.0027017593383789062,0.33884716033935547,75,7,71,51,753,783,12035
oliveira/04_11/randm08.02.02.17.020_0030.05.aba.beta,True,8,6,0.07104897499084473,0.2646298408508301,0.0020034313201904297,0.33768224716186523,75,7,71,46,750,638,9933
oliveira/04_11/randm08.02.02.04.020_0030.04.aba.beta,True,8,6,0.04839515686035156,0.28659486770629883,0.001882314682006836,0.3368723392486572,83,6,83,44,953,627,9475
oliveira/04_11/randm11.02.02.12.020_0030.02.aba.beta,True,6,6,0.05551552772521973,0.27837204933166504,0.002553224563598633,0.3364408016204834,64,6,62,48,594,637,9879
oliveira/04_11/randm06.02.02.06.020_0030.04.aba.beta,True,7,5,0.0537257194519043,0.279282808303833,0.002539396286010742,0.33554792404174805,88,6,83,69,1112,724,11069
oliveira/04_11/randm05.02.02.13.020_0030.02.aba.beta,True,7,5,0.05833745002746582,0.27408528327941895,0.0030336380004882812,0.33545637130737305,53,6,48,28,462,615,9343
oliveira/04_11/randm04.02.02.18.020_0030.04.aba.beta,True,5,4,0.05095410346984863,0.2808547019958496,0.0030868053436279297,0.33489561080932617,61,5,57,44,691,866,13472
oliveira/04_11/randm07.02.02.19.020_0030.01.aba.beta,True,8,5,0.05128765106201172,0.2806825637817383,0.0021741390228271484,0.33414435386657715,70,7,68,39,607,677,10300
oliveira/04_11/randm05.02.02.17.020_0030.02.aba.beta,True,7,5,0.06720685958862305,0.2614402770996094,0.0021893978118896484,0.33083653450012207,47,7,45,25,354,619,9336
oliveira/04_11/randm05.02.02.07.020_0030.04.aba.beta,True,7,5,0.04875659942626953,0.27258944511413574,0.003297567367553711,0.324643611907959,78,6,73,58,873,886,13673
oliveira/04_11/randm06.02.02.07.020_0030.02.aba.beta,True,7,5,0.05651378631591797,0.26471710205078125,0.0032286643981933594,0.3244595527648926,64,5,60,44,603,599,9181
oliveira/04_11/randm06.02.02.05.020_0030.01.aba.beta,True,8,5,0.05318164825439453,0.26808691024780273,0.0021512508392333984,0.32341980934143066,59,6,54,30,390,601,9225
oliveira/04_11/randm05.02.02.07.020_0030.03.aba.beta,True,8,5,0.04927420616149902,0.2711930274963379,0.0022726058959960938,0.322739839553833,61,7,57,45,566,666,10060
oliveira/04_11/randm04.02.02.08.020_0030.02.aba.beta,True,6,4,0.04735207557678223,0.26838040351867676,0.0028002262115478516,0.31853270530700684,58,6,53,43,521,648,9970
oliveira/04_11/randm07.02.02.15.020_0030.04.aba.beta,True,5,7,0.050951242446899414,0.2643616199493408,0.0020253658294677734,0.317338228225708,94,4,97,49,930,607,9453
oliveira/04_11/randm08.02.02.17.020_0030.03.aba.beta,True,6,6,0.07949566841125488,0.23415613174438477,0.0031278133392333984,0.31677961349487305,59,6,54,36,370,653,10060
oliveira/04_11/randm08.02.02.04.020_0030.02.aba.beta,True,8,6,0.04898715019226074,0.26372551918029785,0.002548694610595703,0.3152613639831543,84,7,78,58,811,790,12135
oliveira/04_11/randm08.02.02.05.020_0030.02.aba.beta,True,8,5,0.05281329154968262,0.26011157035827637,0.0023331642150878906,0.3152580261230469,72,6,67,46,671,731,11196
oliveira/04_11/randm08.02.02.02.020_0030.02.aba.beta,True,8,6,0.05185294151306152,0.25977110862731934,0.0020246505737304688,0.31364870071411133,107,6,104,46,1610,599,9241
oliveira/04_11/randm09.02.02.14.020_0030.01.aba.beta,True,8,6,0.04845476150512695,0.2624015808105469,0.0018901824951171875,0.312746524810791,63,6,60,41,462,625,9422
oliveira/04_11/randm05.02.02.13.020_0030.01.aba.beta,True,7,5,0.05540728569030762,0.25496530532836914,0.0022668838500976562,0.3126394748687744,77,6,76,58,778,669,10413
oliveira/04_11/randm05.02.02.06.020_0030.05.aba.beta,True,7,5,0.048969268798828125,0.26033544540405273,0.002321004867553711,0.31162571907043457,60,6,55,31,582,655,9929
oliveira/04_11/randm07.02.02.04.020_0030.02.aba.beta,True,8,4,0.048174381256103516,0.2601170539855957,0.003236532211303711,0.31152796745300293,53,7,49,42,533,1002,15455
oliveira/04_11/randm06.02.02.07.020_0030.04.aba.beta,True,5,5,0.04692196846008301,0.2627139091491699,0.001889944076538086,0.311525821685791,40,4,38,29,199,556,8697
oliveira/04_11/randm05.02.02.11.020_0030.03.aba.beta,True,6,5,0.06992220878601074,0.23890018463134766,0.002130746841430664,0.31095314025878906,81,6,82,53,1121,662,10273
oliveira/04_11/randm10.02.02.11.020_0030.02.aba.beta,True,7,7,0.05941009521484375,0.2492084503173828,0.0022618770599365234,0.3108804225921631,97,6,94,43,945,608,9266
oliveira/04_11/randm05.02.02.11.020_0030.02.aba.beta,True,7,5,0.07070422172546387,0.23099231719970703,0.006218433380126953,0.30791497230529785,59,7,55,38,409,1790,28426
oliveira/04_11/randm08.02.02.09.020_0030.03.aba.beta,True,7,7,0.05044436454772949,0.25307703018188477,0.002744436264038086,0.30626583099365234,89,5,87,61,698,738,11512
oliveira/04_11/randm06.02.02.14.020_0030.04.aba.beta,True,7,6,0.0423431396484375,0.26061224937438965,0.0017881393432617188,0.30474352836608887,78,4,75,46,762,579,9042
oliveira/04_11/randm08.02.02.18.020_0030.01.aba.beta,True,7,6,0.0445561408996582,0.25807952880859375,0.0020439624786376953,0.30467963218688965,88,5,84,54,858,609,9423
oliveira/04_11/randm08.02.02.12.020_0030.02.aba.beta,True,7,5,0.049677371978759766,0.251617431640625,0.002922534942626953,0.3042173385620117,103,6,99,66,1358,912,14273
oliveira/04_11/randm06.02.02.14.020_0030.01.aba.beta,True,7,6,0.05895376205444336,0.24294018745422363,0.0023179054260253906,0.3042118549346924,70,6,65,43,810,607,9410
oliveira/04_11/randm09.02.02.10.020_0030.04.aba.beta,True,7,6,0.07071042060852051,0.23016786575317383,0.001956939697265625,0.30283522605895996,62,6,59,36,608,607,9186
oliveira/04_11/randm06.02.02.03.020_0030.04.aba.beta,True,6,5,0.0554203987121582,0.24226021766662598,0.003528594970703125,0.3012092113494873,42,6,37,21,259,578,8774
oliveira/04_11/randm08.02.02.15.020_0030.02.aba.beta,True,7,5,0.03813362121582031,0.2586050033569336,0.0021789073944091797,0.2989175319671631,77,5,75,53,863,693,10805
oliveira/04_11/randm06.02.02.17.020_0030.03.aba.beta,True,6,4,0.05217170715332031,0.24305939674377441,0.002565145492553711,0.29779624938964844,55,6,52,42,597,639,9661
oliveira/04_11/randm06.02.02.18.020_0030.04.aba.beta,True,7,6,0.0478975772857666,0.24677109718322754,0.0018680095672607422,0.2965366840362549,78,6,73,49,780,599,9259
oliveira/04_11/randm05.02.02.04.020_0030.05.aba.beta,True,7,5,0.05315399169921875,0.2380657196044922,0.002172231674194336,0.2933919429779053,68,7,65,46,674,671,10215
oliveira/04_11/randm06.02.02.15.020_0030.04.aba.beta,True,7,5,0.05496716499328613,0.23406124114990234,0.0020601749420166016,0.2910885810852051,52,6,47,32,547,617,9266
oliveira/04_11/randm10.02.02.01.020_0030.05.aba.beta,True,7,6,0.051644325256347656,0.22642064094543457,0.005448818206787109,0.28351378440856934,79,6,80,34,413,1576,24991
oliveira/04_11/randm06.02.02.12.020_0030.01.aba.beta,True,8,4,0.045633792877197266,0.23417091369628906,0.002274036407470703,0.28207874298095703,40,7,34,22,227,726,10943
oliveira/04_11/randm06.02.02.03.020_0030.03.aba.beta,True,7,5,0.05518913269042969,0.22446012496948242,0.0022606849670410156,0.2819099426269531,60,7,54,29,425,591,8875
oliveira/04_11/randm08.02.02.17.020_0030.04.aba.beta,True,7,6,0.048896074295043945,0.22823667526245117,0.0021784305572509766,0.2793111801147461,91,7,96,52,991,660,10084
oliveira/04_11/randm08.02.02.02.020_0030.01.aba.beta,True,8,6,0.039285898208618164,0.2340559959411621,0.0017819404602050781,0.27512383460998535,81,5,77,43,471,573,8782
oliveira/04_11/randm05.02.02.11.020_0030.01.aba.beta,True,7,5,0.042075157165527344,0.2241818904876709,0.006525516510009766,0.272782564163208,57,7,53,38,395,2035,31766
oliveira/04_11/randm05.02.02.05.020_0030.05.aba.beta,True,6,4,0.04381537437438965,0.22058939933776855,0.0048007965087890625,0.26920557022094727,50,6,45,35,553,662,10038
oliveira/04_11/randm11.02.02.08.020_0030.03.aba.beta,True,6,6,0.04818081855773926,0.2180461883544922,0.002587556838989258,0.2688145637512207,68,6,63,39,608,732,11207
oliveira/04_11/randm08.02.02.16.020_0030.02.aba.beta,True,5,5,0.02922677993774414,0.23112964630126953,0.0019528865814208984,0.26230931282043457,71,4,68,57,1040,633,9970
oliveira/04_11/randm05.02.02.06.020_0030.02.aba.beta,True,6,5,0.050575971603393555,0.20926713943481445,0.0019161701202392578,0.26175928115844727,53,5,49,23,394,603,9218
oliveira/04_11/randm05.02.02.04.020_0030.02.aba.beta,True,6,5,0.05216646194458008,0.20410466194152832,0.002279043197631836,0.25855016708374023,64,6,69,31,563,646,9800
oliveira/04_11/randm07.02.02.04.020_0030.03.aba.beta,True,6,4,0.036931753158569336,0.21149468421936035,0.0052280426025390625,0.25365447998046875,51,6,49,42,373,1540,24322
oliveira/04_11/randm07.02.02.15.020_0030.01.aba.beta,True,6,7,0.057511091232299805,0.19360995292663574,0.0018162727355957031,0.25293731689453125,72,6,78,32,591,617,9298
oliveira/04_11/randm10.02.02.01.020_0030.04.aba.beta,True,6,6,0.04820728302001953,0.20150160789489746,0.002497434616088867,0.25220632553100586,67,6,62,29,444,739,11363
oliveira/04_11/randm11.02.02.08.020_0030.05.aba.beta,True,6,6,0.04612135887145996,0.2037496566772461,0.0021820068359375,0.25205302238464355,69,6,76,33,653,595,9044
oliveira/04_11/randm07.02.02.11.020_0030.02.aba.beta,True,5,5,0.027771949768066406,0.22172904014587402,0.0022733211517333984,0.25177431106567383,42,4,39,33,366,668,10558
oliveira/04_11/randm05.02.02.11.020_0030.05.aba.beta,True,6,5,0.04276680946350098,0.20190215110778809,0.0054798126220703125,0.2501487731933594,59,6,54,42,479,1601,25244
oliveira/04_11/randm05.02.02.10.020_0030.03.aba.beta,True,6,5,0.04444408416748047,0.20350909233093262,0.0018727779388427734,0.24982595443725586,55,5,61,28,605,589,9025
oliveira/04_11/randm04.02.02.01.020_0030.04.aba.beta,True,3,4,0.03890347480773926,0.20418596267700195,0.004101991653442383,0.2471914291381836,32,3,30,18,153,549,8634
oliveira/04_11/randm06.02.02.12.020_0030.04.aba.beta,True,7,4,0.04111504554748535,0.2026348114013672,0.0025310516357421875,0.24628090858459473,41,6,36,24,322,757,11514
oliveira/04_11/randm07.02.02.16.020_0030.05.aba.beta,True,5,4,0.06107020378112793,0.17616510391235352,0.003360748291015625,0.24059605598449707,39,5,39,30,290,942,14839
oliveira/04_11/randm07.02.02.11.020_0030.01.aba.beta,True,6,5,0.03478837013244629,0.20323562622070312,0.002390623092651367,0.24041461944580078,44,5,41,34,279,668,10470
oliveira/04_11/randm06.02.02.18.020_0030.02.aba.beta,True,5,6,0.036331892013549805,0.19981622695922852,0.004196882247924805,0.24034500122070312,58,3,59,31,277,541,8592
oliveira/04_11/randm06.02.02.06.020_0030.03.aba.beta,True,4,5,0.030515193939208984,0.20673108100891113,0.001800537109375,0.23904681205749512,48,3,46,32,719,582,9163
oliveira/04_11/randm08.02.02.05.020_0030.03.aba.beta,True,6,5,0.03143048286437988,0.20278453826904297,0.0022857189178466797,0.23650074005126953,59,4,56,38,706,594,9163
oliveira/04_11/randm05.02.02.13.020_0030.04.aba.beta,True,5,5,0.041619062423706055,0.19236159324645996,0.0022766590118408203,0.23625731468200684,70,4,67,44,982,622,9630
oliveira/04_11/randm07.02.02.16.020_0030.02.aba.beta,True,5,4,0.04606199264526367,0.18185973167419434,0.0057332515716552734,0.23365497589111328,33,5,33,22,178,886,13868
oliveira/04_11/randm04.02.02.08.020_0030.03.aba.beta,True,3,4,0.056097984313964844,0.13220620155334473,0.044214487075805664,0.23251867294311523,30,3,28,24,150,604,9528
oliveira/04_11/randm06.02.02.01.020_0030.05.aba.beta,True,5,4,0.035161733627319336,0.193833589553833,0.002460479736328125,0.23145580291748047,69,5,68,55,943,733,11308
oliveira/04_11/randm06.02.02.05.020_0030.05.aba.beta,True,5,5,0.032488346099853516,0.19255685806274414,0.0018239021301269531,0.2268691062927246,73,3,73,47,968,608,9439
oliveira/04_11/randm10.02.02.04.020_0030.05.aba.beta,True,5,5,0.06395673751831055,0.15647244453430176,0.0051343441009521484,0.22556352615356445,63,5,61,44,673,635,9600
oliveira/04_11/randm04.02.02.18.020_0030.01.aba.beta,True,5,4,0.03530311584472656,0.17925333976745605,0.003690481185913086,0.2182469367980957,36,5,34,22,244,627,9607
oliveira/04_11/randm09.02.02.10.020_0030.05.aba.beta,True,6,6,0.04081368446350098,0.17519116401672363,0.0020635128021240234,0.21806836128234863,62,6,57,37,688,612,9215
oliveira/04_11/randm06.02.02.13.020_0030.02.aba.beta,True,5,4,0.034368276596069336,0.18017292022705078,0.002272367477416992,0.2168135643005371,65,5,61,55,850,651,9997
oliveira/04_11/randm06.02.02.13.020_0030.05.aba.beta,True,5,4,0.03782486915588379,0.17634820938110352,0.002198934555053711,0.21637201309204102,47,5,43,37,625,629,9855
oliveira/04_11/randm06.02.02.08.020_0030.05.aba.beta,True,5,4,0.032788753509521484,0.18072104454040527,0.002798318862915039,0.2163081169128418,51,5,47,39,694,671,10278
oliveira/04_11/randm06.02.02.09.020_0030.03.aba.beta,True,5,5,0.02818155288696289,0.1854102611541748,0.002299070358276367,0.21589088439941406,63,4,60,40,868,615,9553
oliveira/04_11/randm09.02.02.08.020_0030.05.aba.beta,True,6,6,0.03415489196777344,0.17599177360534668,0.0038652420043945312,0.21401190757751465,71,5,77,32,439,1165,18489
oliveira/04_11/randm05.02.02.09.020_0030.01.aba.beta,True,4,4,0.026582002639770508,0.18103504180908203,0.003445148468017578,0.21106219291687012,42,3,40,35,341,592,9265
oliveira/04_11/randm07.02.02.09.020_0030.01.aba.beta,True,5,3,0.04647707939147949,0.16251420974731445,0.0019617080688476562,0.2109529972076416,35,5,32,26,353,596,9062
oliveira/04_11/randm06.02.02.17.020_0030.02.aba.beta,True,5,4,0.05359077453613281,0.15240907669067383,0.0019469261169433594,0.20794677734375,36,5,38,21,215,602,9171
oliveira/04_11/randm07.02.02.06.020_0030.03.aba.beta,True,4,4,0.03291440010070801,0.1716604232788086,0.0016548633575439453,0.20622968673706055,28,4,25,19,136,560,8682
oliveira/04_11/randm04.02.02.08.020_0030.01.aba.beta,True,5,4,0.03412938117980957,0.16704678535461426,0.0020856857299804688,0.2032618522644043,58,5,54,44,625,677,10360
oliveira/04_11/randm06.02.02.08.020_0030.01.aba.beta,True,5,4,0.0349576473236084,0.15956783294677734,0.0018808841705322266,0.19640636444091797,36,5,32,22,312,589,8918
oliveira/04_11/randm07.02.02.06.020_0030.04.aba.beta,True,4,4,0.03584694862365723,0.1564798355102539,0.0037641525268554688,0.1960909366607666,33,4,30,22,233,877,13860
oliveira/04_11/randm04.02.02.18.020_0030.03.aba.beta,True,5,4,0.036215782165527344,0.1567981243133545,0.0027468204498291016,0.19576072692871094,41,5,38,27,321,692,10574
oliveira/04_11/randm04.02.02.18.020_0030.02.aba.beta,True,5,4,0.03910112380981445,0.15471267700195312,0.0019147396087646484,0.19572854042053223,55,4,52,35,632,598,9241
oliveira/04_11/randm07.02.02.16.020_0030.03.aba.beta,True,6,4,0.0355377197265625,0.15717172622680664,0.002273082733154297,0.19498252868652344,28,6,25,18,115,690,10793
oliveira/04_11/randm05.02.02.05.020_0030.04.aba.beta,True,5,4,0.030245065689086914,0.1616964340209961,0.0022513866424560547,0.19419288635253906,49,5,48,34,617,609,9408
oliveira/04_11/randm05.02.02.12.020_0030.03.aba.beta,True,5,3,0.03796553611755371,0.15218520164489746,0.0030074119567871094,0.19315814971923828,38,5,34,30,456,587,9156
oliveira/04_11/randm05.02.02.04.020_0030.01.aba.beta,True,5,5,0.027154207229614258,0.1589369773864746,0.0049591064453125,0.19105029106140137,47,3,45,35,344,594,9252
oliveira/04_11/randm06.02.02.03.020_0030.02.aba.beta,True,3,5,0.04037022590637207,0.1478583812713623,0.002707242965698242,0.19093585014343262,26,3,24,23,79,784,12454
oliveira/04_11/randm08.02.02.05.020_0030.04.aba.beta,True,5,5,0.0377957820892334,0.15121769905090332,0.0019054412841796875,0.1909189224243164,74,5,70,26,877,639,9801
oliveira/04_11/randm06.02.02.12.020_0030.05.aba.beta,True,5,4,0.02895188331604004,0.1574692726135254,0.002207040786743164,0.1886281967163086,37,4,34,23,310,583,8891
oliveira/04_11/randm04.02.02.09.020_0030.01.aba.beta,True,3,3,0.04797768592834473,0.13730287551879883,0.0030493736267089844,0.18832993507385254,17,3,15,12,72,550,8644
oliveira/04_11/randm05.02.02.04.020_0030.03.aba.beta,True,5,5,0.02571392059326172,0.16000056266784668,0.0019779205322265625,0.18769240379333496,49,3,47,39,571,589,9116
oliveira/04_11/randm07.02.02.06.020_0030.02.aba.beta,True,5,4,0.03023838996887207,0.15302371978759766,0.001813650131225586,0.1850757598876953,39,5,35,27,310,587,8961
oliveira/04_11/randm06.02.02.07.020_0030.01.aba.beta,True,5,5,0.026737689971923828,0.15590834617614746,0.0018775463104248047,0.1845235824584961,37,4,36,30,164,556,8676
oliveira/04_11/randm05.02.02.01.020_0030.01.aba.beta,True,4,3,0.04405927658081055,0.13685965538024902,0.0031354427337646484,0.18405437469482422,35,4,32,27,341,568,8870
oliveira/04_11/randm06.02.02.17.020_0030.01.aba.beta,True,5,4,0.03462362289428711,0.14621496200561523,0.0028803348541259766,0.18371891975402832,35,5,33,16,238,572,8758
oliveira/04_11/randm06.02.02.08.020_0030.02.aba.beta,True,5,4,0.030848979949951172,0.1503612995147705,0.002070903778076172,0.18328118324279785,33,5,29,21,234,570,8793
oliveira/04_11/randm05.02.02.05.020_0030.03.aba.beta,True,5,4,0.03154325485229492,0.149658203125,0.00188446044921875,0.18308591842651367,42,5,39,27,372,585,8993
oliveira/04_11/randm07.02.02.06.020_0030.05.aba.beta,True,5,4,0.030980348587036133,0.1462559700012207,0.0030629634857177734,0.1802992820739746,41,5,37,20,252,933,14658
oliveira/04_11/randm10.02.02.04.020_0030.04.aba.beta,True,5,5,0.032831668853759766,0.14540815353393555,0.0020322799682617188,0.18027210235595703,43,5,43,26,247,571,8741
oliveira/04_11/randm06.02.02.09.020_0030.02.aba.beta,True,4,5,0.029653072357177734,0.1483135223388672,0.002111196517944336,0.18007779121398926,78,4,85,54,1123,665,10492
oliveira/04_11/randm06.02.02.13.020_0030.03.aba.beta,True,4,4,0.025841712951660156,0.14837431907653809,0.0019659996032714844,0.17618203163146973,39,4,36,30,301,622,9650
oliveira/04_11/randm05.02.02.12.020_0030.02.aba.beta,True,4,3,0.029134035110473633,0.14452719688415527,0.001987457275390625,0.17564868927001953,22,4,20,16,122,569,8749
oliveira/04_11/randm07.02.02.04.020_0030.05.aba.beta,True,5,4,0.028067588806152344,0.14403271675109863,0.0020890235900878906,0.17418932914733887,30,5,30,21,145,618,9566
oliveira/04_11/randm10.02.02.04.020_0030.02.aba.beta,True,5,5,0.021791696548461914,0.149491548538208,0.0021123886108398438,0.17339563369750977,49,3,47,33,373,569,8804
oliveira/04_11/randm04.02.02.19.020_0030.02.aba.beta,True,3,3,0.0350956916809082,0.1326155662536621,0.0037932395935058594,0.17150449752807617,30,3,29,24,253,571,8838
oliveira/04_11/randm06.02.02.03.020_0030.01.aba.beta,True,4,5,0.03641676902770996,0.13162684440612793,0.0029680728912353516,0.17101168632507324,42,4,40,23,193,879,13800
oliveira/04_11/randm05.02.02.10.020_0030.04.aba.beta,True,4,5,0.034651994705200195,0.1326429843902588,0.003551483154296875,0.17084646224975586,44,4,71,27,351,1088,17281
oliveira/04_11/randm06.02.02.01.020_0030.04.aba.beta,True,4,4,0.0383915901184082,0.13007307052612305,0.0017561912536621094,0.17022085189819336,43,4,45,30,402,571,8896
oliveira/04_11/randm04.02.02.17.020_0030.03.aba.beta,True,2,3,0.015747547149658203,0.13502788543701172,0.012235403060913086,0.163010835647583,16,2,15,12,76,535,8562
oliveira/04_11/randm04.02.02.11.020_0030.05.aba.beta,True,4,4,0.02822399139404297,0.13092637062072754,0.002608776092529297,0.1617591381072998,36,4,33,20,144,788,12764
oliveira/04_11/randm06.02.02.18.020_0030.01.aba.beta,True,4,6,0.029144763946533203,0.12963366508483887,0.002026796340942383,0.16080522537231445,78,3,76,49,593,570,8917
oliveira/04_11/randm09.02.02.08.020_0030.01.aba.beta,True,4,6,0.026076316833496094,0.13083553314208984,0.0021431446075439453,0.15905499458312988,56,4,54,26,309,601,9477
oliveira/04_11/randm07.02.02.16.020_0030.04.aba.beta,True,4,4,0.025402545928955078,0.12831735610961914,0.004130840301513672,0.1578507423400879,41,4,38,31,272,1186,18849
oliveira/04_11/randm06.02.02.13.020_0030.01.aba.beta,True,4,4,0.026994705200195312,0.12789630889892578,0.001989126205444336,0.15688014030456543,43,4,40,33,417,598,9336
oliveira/04_11/randm05.02.02.17.020_0030.01.aba.beta,True,4,5,0.030358076095581055,0.12397170066833496,0.0019392967224121094,0.15626907348632812,39,4,40,31,240,607,9538
oliveira/04_11/randm07.02.02.09.020_0030.05.aba.beta,True,3,3,0.022795677185058594,0.12805986404418945,0.0026941299438476562,0.1535496711730957,26,3,27,16,172,552,8661
oliveira/04_11/randm06.02.02.10.020_0030.04.aba.beta,True,4,4,0.01995110511779785,0.1295762062072754,0.001744985580444336,0.15127229690551758,36,3,34,28,302,571,8857
oliveira/04_11/randm04.02.02.16.020_0030.05.aba.beta,True,4,3,0.02541375160217285,0.12349390983581543,0.0018548965454101562,0.15076255798339844,36,4,35,27,373,584,9060
oliveira/04_11/randm06.02.02.03.020_0030.05.aba.beta,True,4,5,0.025546550750732422,0.12173223495483398,0.002546548843383789,0.1498253345489502,48,4,45,39,377,786,12329
oliveira/04_11/randm04.02.02.01.020_0030.03.aba.beta,True,3,4,0.019818544387817383,0.12642979621887207,0.001786947250366211,0.14803528785705566,29,3,27,18,123,540,8592
oliveira/04_11/randm04.02.02.09.020_0030.04.aba.beta,True,2,3,0.013968944549560547,0.13120532035827637,0.0017328262329101562,0.14690709114074707,25,2,24,21,193,553,8716
oliveira/04_11/randm10.02.02.04.020_0030.03.aba.beta,True,5,5,0.019875049591064453,0.12510085105895996,0.0018267631530761719,0.14680266380310059,36,3,35,20,132,529,8540
oliveira/04_11/randm06.02.02.10.020_0030.02.aba.beta,True,4,4,0.023135900497436523,0.12180924415588379,0.0018260478973388672,0.14677119255065918,27,3,25,19,142,557,8689
oliveira/04_11/randm05.02.02.09.020_0030.05.aba.beta,True,4,4,0.03359413146972656,0.11083531379699707,0.0019757747650146484,0.14640522003173828,27,4,24,16,127,556,8674
oliveira/04_11/randm05.02.02.12.020_0030.05.aba.beta,True,3,3,0.021625995635986328,0.1135399341583252,0.006300926208496094,0.14146685600280762,30,3,29,25,226,588,9202
oliveira/04_11/randm04.02.02.16.020_0030.01.aba.beta,True,4,3,0.02189946174621582,0.11757183074951172,0.0018727779388427734,0.1413440704345703,45,4,42,39,455,603,9405
oliveira/04_11/randm06.02.02.15.020_0030.01.aba.beta,True,3,5,0.023862361907958984,0.11479806900024414,0.002213001251220703,0.14087343215942383,54,3,53,33,447,586,9189
oliveira/04_11/randm05.02.02.08.020_0030.03.aba.beta,True,4,3,0.024430036544799805,0.1141209602355957,0.0017795562744140625,0.14033055305480957,26,4,23,17,149,566,8766
oliveira/04_11/randm06.02.02.17.020_0030.04.aba.beta,True,3,4,0.04597306251525879,0.08989810943603516,0.002256155014038086,0.13812732696533203,30,3,28,20,138,544,8613
oliveira/04_11/randm04.02.02.11.020_0030.04.aba.beta,True,4,4,0.022423982620239258,0.11391639709472656,0.0016987323760986328,0.13803911209106445,27,4,24,16,107,554,8644
oliveira/04_11/randm07.02.02.06.020_0030.01.aba.beta,True,3,4,0.020651578903198242,0.11396980285644531,0.0018038749694824219,0.13642525672912598,25,3,23,17,114,544,8607
oliveira/04_11/randm04.02.02.06.020_0030.01.aba.beta,True,4,3,0.02048015594482422,0.10949945449829102,0.0017824172973632812,0.13176202774047852,21,4,18,14,112,555,8658
oliveira/04_11/randm06.02.02.05.020_0030.04.aba.beta,True,3,5,0.026225566864013672,0.10277724266052246,0.0017957687377929688,0.1307985782623291,39,3,41,18,221,569,9042
oliveira/04_11/randm05.02.02.08.020_0030.02.aba.beta,True,3,3,0.022144317626953125,0.10630512237548828,0.002059459686279297,0.1305088996887207,23,3,21,15,113,556,8666
oliveira/04_11/randm06.02.02.10.020_0030.03.aba.beta,True,4,4,0.022403240203857422,0.1056520938873291,0.0017657279968261719,0.1298210620880127,26,3,26,16,127,544,8586
oliveira/04_11/randm04.02.02.03.020_0030.01.aba.beta,True,2,3,0.021068334579467773,0.10698676109313965,0.0017571449279785156,0.12981224060058594,15,2,14,10,55,536,8563
oliveira/04_11/randm05.02.02.09.020_0030.02.aba.beta,True,3,4,0.02693653106689453,0.09923052787780762,0.0021889209747314453,0.1283559799194336,41,3,39,25,383,573,8871
oliveira/04_11/randm06.02.02.12.020_0030.03.aba.beta,True,3,4,0.022328615188598633,0.10345053672790527,0.0019865036010742188,0.12776565551757812,41,3,40,28,243,552,8715
oliveira/04_11/randm07.02.02.12.020_0030.04.aba.beta,True,3,3,0.01879715919494629,0.10285401344299316,0.0058002471923828125,0.12745141983032227,23,3,21,19,146,549,8674
oliveira/04_11/randm07.02.02.14.020_0030.04.aba.beta,True,3,3,0.01731586456298828,0.10804891586303711,0.001718282699584961,0.12708306312561035,34,3,33,28,326,560,8832
oliveira/04_11/randm04.02.02.10.020_0030.05.aba.beta,True,3,4,0.021212339401245117,0.10237407684326172,0.002183198928833008,0.12576961517333984,58,3,63,47,728,611,9527
oliveira/04_11/randm06.02.02.08.020_0030.04.aba.beta,True,3,4,0.025105714797973633,0.09385228157043457,0.002639293670654297,0.1215972900390625,25,3,23,18,82,537,8579
oliveira/04_11/randm06.02.02.15.020_0030.02.aba.beta,True,3,5,0.023647785186767578,0.09566664695739746,0.0019545555114746094,0.12126898765563965,57,3,56,34,480,619,9730
oliveira/04_11/randm04.02.02.19.020_0030.05.aba.beta,True,3,3,0.0209653377532959,0.09801173210144043,0.0021314620971679688,0.1211085319519043,29,3,27,22,239,563,8791
oliveira/04_11/randm04.02.02.12.020_0030.05.aba.beta,True,3,3,0.03005838394165039,0.08829021453857422,0.002515077590942383,0.12086367607116699,37,3,36,26,377,562,8838
oliveira/04_11/randm07.02.02.04.020_0030.01.aba.beta,True,3,4,0.018667936325073242,0.09936118125915527,0.0021677017211914062,0.12019681930541992,23,3,23,18,78,675,10731
oliveira/04_11/randm04.02.02.03.020_0030.02.aba.beta,True,2,3,0.012219905853271484,0.10593771934509277,0.001804351806640625,0.11996197700500488,23,2,22,18,179,545,8658
oliveira/04_11/randm05.02.02.15.020_0030.03.aba.beta,True,3,3,0.0189669132232666,0.09722709655761719,0.002561807632446289,0.11875581741333008,20,3,19,15,96,551,8645
oliveira/04_11/randm06.02.02.10.020_0030.05.aba.beta,True,3,4,0.026068449020385742,0.08966207504272461,0.0017824172973632812,0.11751294136047363,18,3,16,12,57,550,8631
oliveira/04_11/randm06.02.02.01.020_0030.03.aba.beta,True,3,4,0.020847797393798828,0.09461665153503418,0.001936197280883789,0.1174006462097168,34,3,37,21,231,585,9124
oliveira/04_11/randm06.02.02.07.020_0030.05.aba.beta,True,3,5,0.020652294158935547,0.09199905395507812,0.0019910335540771484,0.11464238166809082,43,3,44,27,285,579,9104
oliveira/04_11/randm05.02.02.11.020_0030.04.aba.beta,True,3,5,0.021493911743164062,0.09054994583129883,0.0019321441650390625,0.11397600173950195,53,3,52,27,461,547,8647
oliveira/04_11/randm05.02.02.01.020_0030.02.aba.beta,True,3,3,0.0174558162689209,0.09464836120605469,0.0017783641815185547,0.11388254165649414,17,3,15,11,64,550,8635
oliveira/04_11/randm04.02.02.01.020_0030.01.aba.beta,True,2,3,0.010414600372314453,0.10144472122192383,0.0017206668853759766,0.11357998847961426,14,2,13,11,34,536,8587
oliveira/04_11/randm04.02.02.01.020_0030.05.aba.beta,True,2,4,0.012860298156738281,0.09503650665283203,0.0055348873138427734,0.11343169212341309,16,2,15,15,41,544,8612
oliveira/04_11/randm04.02.02.16.020_0030.03.aba.beta,True,3,3,0.014866113662719727,0.09625840187072754,0.0019407272338867188,0.11306524276733398,47,3,47,39,581,603,9499
oliveira/04_11/randm04.02.02.19.020_0030.03.aba.beta,True,3,3,0.017171859741210938,0.09361958503723145,0.0020554065704345703,0.11284685134887695,28,3,27,20,204,553,8705
oliveira/04_11/randm05.02.02.05.020_0030.02.aba.beta,True,3,4,0.019587039947509766,0.08963918685913086,0.001909494400024414,0.11113572120666504,25,3,25,16,134,545,8604
oliveira/04_11/randm05.02.02.12.020_0030.01.aba.beta,True,2,3,0.022017955780029297,0.08632898330688477,0.0017962455749511719,0.11014318466186523,13,2,12,11,34,542,8611
oliveira/04_11/randm04.02.02.19.020_0030.04.aba.beta,True,3,3,0.01841449737548828,0.08935356140136719,0.0018191337585449219,0.10958719253540039,23,3,27,14,117,548,8634
oliveira/04_11/randm10.02.02.01.020_0030.01.aba.beta,True,3,6,0.021701335906982422,0.08500838279724121,0.0025467872619628906,0.10925650596618652,59,3,62,30,277,708,11182
oliveira/04_11/randm04.02.02.11.020_0030.02.aba.beta,True,3,4,0.018076419830322266,0.08821320533752441,0.002671480178833008,0.10896110534667969,24,3,22,21,67,841,13341
oliveira/04_11/randm04.02.02.01.020_0030.02.aba.beta,True,2,4,0.013399839401245117,0.09355735778808594,0.0016782283782958984,0.10863542556762695,16,2,15,15,41,538,8590
oliveira/04_11/randm06.02.02.17.020_0030.05.aba.beta,True,3,4,0.01920175552368164,0.08760333061218262,0.0017571449279785156,0.10856223106384277,20,3,19,16,53,538,8568
oliveira/04_11/randm04.02.02.18.020_0030.05.aba.beta,True,3,4,0.018442869186401367,0.08800864219665527,0.0017597675323486328,0.10821127891540527,23,3,22,19,93,547,8625
oliveira/04_11/randm04.02.02.14.020_0030.04.aba.beta,True,3,4,0.01787710189819336,0.08851337432861328,0.0017130374908447266,0.10810351371765137,39,3,37,16,348,554,8684
oliveira/04_11/randm07.02.02.12.020_0030.05.aba.beta,True,3,3,0.016843795776367188,0.08861947059631348,0.0016732215881347656,0.10713648796081543,22,3,20,16,135,556,8697
oliveira/04_11/randm05.02.02.15.020_0030.01.aba.beta,True,2,3,0.019280433654785156,0.0860433578491211,0.00165557861328125,0.1069793701171875,21,2,21,16,119,537,8584
oliveira/04_11/randm04.02.02.12.020_0030.01.aba.beta,True,2,3,0.01117706298828125,0.09374880790710449,0.0017638206481933594,0.1066896915435791,20,2,19,15,105,545,8621
oliveira/04_11/randm04.02.02.19.020_0030.01.aba.beta,True,3,3,0.018849849700927734,0.08562517166137695,0.0020644664764404297,0.10653948783874512,28,3,27,21,192,556,8704
oliveira/04_11/randm07.02.02.12.020_0030.01.aba.beta,True,3,3,0.01793956756591797,0.08594775199890137,0.0018012523651123047,0.10568857192993164,26,3,24,20,174,557,8717
oliveira/04_11/randm06.02.02.10.020_0030.01.aba.beta,True,3,4,0.01893448829650879,0.08449983596801758,0.0016677379608154297,0.1051020622253418,23,3,22,17,83,547,8613
oliveira/04_11/randm04.02.02.02.020_0030.02.aba.beta,True,1,1,0.008912324905395508,0.0912482738494873,0.0048046112060546875,0.1049652099609375,3,1,3,3,2,537,8598
oliveira/04_11/randm04.02.02.14.020_0030.01.aba.beta,True,3,4,0.015020132064819336,0.08771800994873047,0.0020971298217773438,0.10483527183532715,22,3,21,17,65,547,8613
oliveira/04_11/randm05.02.02.01.020_0030.03.aba.beta,True,3,3,0.01693129539489746,0.08577728271484375,0.002115488052368164,0.10482406616210938,23,3,25,15,97,557,8677
oliveira/04_11/randm06.02.02.12.020_0030.02.aba.beta,True,3,4,0.018856525421142578,0.08399343490600586,0.0017337799072265625,0.104583740234375,36,3,35,19,163,542,8604
oliveira/04_11/randm05.02.02.12.020_0030.04.aba.beta,True,3,3,0.018550634384155273,0.08321952819824219,0.0018050670623779297,0.10357522964477539,38,3,37,33,439,575,9003
oliveira/04_11/randm05.02.02.08.020_0030.01.aba.beta,True,3,3,0.016521453857421875,0.08508872985839844,0.001897573471069336,0.10350775718688965,25,3,23,17,129,542,8605
oliveira/04_11/randm04.02.02.12.020_0030.03.aba.beta,True,2,3,0.017138957977294922,0.08443307876586914,0.001817941665649414,0.10338997840881348,21,2,20,13,108,551,8639
oliveira/04_11/randm04.02.02.08.020_0030.05.aba.beta,True,3,4,0.015961647033691406,0.08446574211120605,0.0019774436950683594,0.10240483283996582,34,3,32,17,236,558,8697
oliveira/04_11/randm04.02.02.11.020_0030.01.aba.beta,True,3,4,0.018110990524291992,0.08100557327270508,0.002708911895751953,0.10182547569274902,24,3,22,18,67,844,13361
oliveira/04_11/randm04.02.02.12.020_0030.04.aba.beta,True,3,3,0.02078843116760254,0.07913589477539062,0.0017201900482177734,0.10164451599121094,23,3,24,14,114,551,8644
oliveira/04_11/randm04.02.02.14.020_0030.03.aba.beta,True,3,4,0.017197370529174805,0.08213686943054199,0.0017507076263427734,0.10108494758605957,32,3,30,19,278,562,8757
oliveira/04_11/randm07.02.02.09.020_0030.02.aba.beta,True,3,3,0.018296480178833008,0.08078432083129883,0.0019032955169677734,0.10098409652709961,26,3,25,20,142,550,8648
oliveira/04_11/randm07.02.02.09.020_0030.04.aba.beta,True,3,3,0.016920089721679688,0.08208370208740234,0.001965045928955078,0.10096883773803711,29,3,30,20,251,561,8758
oliveira/04_11/randm06.02.02.13.020_0030.04.aba.beta,True,3,4,0.01700592041015625,0.08205246925354004,0.0018835067749023438,0.10094189643859863,29,3,27,21,216,566,8767
oliveira/04_11/randm07.02.02.14.020_0030.05.aba.beta,True,2,3,0.013300657272338867,0.08550047874450684,0.0017175674438476562,0.10051870346069336,15,2,15,10,46,544,8613
oliveira/04_11/randm04.02.02.16.020_0030.02.aba.beta,True,3,3,0.015471458435058594,0.08296966552734375,0.0017251968383789062,0.10016632080078125,26,3,25,21,203,557,8725
oliveira/04_11/randm06.02.02.15.020_0030.03.aba.beta,True,2,5,0.01807379722595215,0.08028316497802734,0.001699686050415039,0.10005664825439453,49,2,62,26,272,541,8602
oliveira/04_11/randm07.02.02.14.020_0030.02.aba.beta,True,3,3,0.01639580726623535,0.08174633979797363,0.0018177032470703125,0.0999598503112793,23,3,22,17,148,561,8710
oliveira/04_11/randm04.02.02.05.020_0030.02.aba.beta,True,1,2,0.005510091781616211,0.05894732475280762,0.035112857818603516,0.09957027435302734,5,1,5,5,6,529,8561
oliveira/04_11/randm04.02.02.06.020_0030.05.aba.beta,True,2,3,0.01076364517211914,0.08634209632873535,0.0024328231811523438,0.09953856468200684,16,2,16,11,59,546,8620
oliveira/04_11/randm06.02.02.08.020_0030.03.aba.beta,True,3,4,0.01601696014404297,0.08145594596862793,0.001977205276489258,0.09945011138916016,23,3,21,16,70,532,8521
oliveira/04_11/randm06.02.02.16.020_0030.01.aba.beta,True,2,3,0.01856374740600586,0.0770106315612793,0.003149271011352539,0.0987236499786377,14,2,14,10,42,529,8513
oliveira/04_11/randm04.02.02.06.020_0030.04.aba.beta,True,3,3,0.01686859130859375,0.0798032283782959,0.0018405914306640625,0.09851241111755371,22,3,20,18,112,556,8693
oliveira/04_11/randm04.02.02.11.020_0030.03.aba.beta,True,3,4,0.014681100845336914,0.08144259452819824,0.0018856525421142578,0.09800934791564941,23,3,21,16,77,551,8634
oliveira/04_11/randm04.02.02.16.020_0030.04.aba.beta,True,3,3,0.014054298400878906,0.08140230178833008,0.0022118091583251953,0.09766840934753418,35,3,33,28,401,575,8966
oliveira/04_11/randm04.02.02.14.020_0030.05.aba.beta,True,3,4,0.014696121215820312,0.08123946189880371,0.0016863346099853516,0.09762191772460938,20,3,18,16,53,539,8574
oliveira/04_11/randm04.02.02.14.020_0030.02.aba.beta,True,3,4,0.02029871940612793,0.07471799850463867,0.0016865730285644531,0.09670329093933105,18,3,16,12,47,542,8599
oliveira/04_11/randm05.02.02.15.020_0030.05.aba.beta,True,2,3,0.021689653396606445,0.07056379318237305,0.002702951431274414,0.0949563980102539,19,2,19,14,90,549,8644
oliveira/04_11/randm06.02.02.02.020_0030.01.aba.beta,True,2,3,0.01922917366027832,0.07158064842224121,0.0029532909393310547,0.09376311302185059,12,2,12,10,29,540,8590
oliveira/04_11/randm05.02.02.19.020_0030.04.aba.beta,True,2,3,0.017975330352783203,0.07158160209655762,0.0017480850219726562,0.09130501747131348,14,2,14,10,46,536,8571
oliveira/04_11/randm05.02.02.08.020_0030.05.aba.beta,True,2,3,0.009642362594604492,0.07831740379333496,0.0019388198852539062,0.08989858627319336,16,2,15,12,53,545,8613
oliveira/04_11/randm06.02.02.01.020_0030.01.aba.beta,True,2,4,0.013427019119262695,0.07423257827758789,0.001682281494140625,0.08934187889099121,35,2,39,23,350,556,8740
oliveira/04_11/randm06.02.02.16.020_0030.02.aba.beta,True,2,3,0.013701200485229492,0.06652426719665527,0.0017845630645751953,0.08201003074645996,17,2,17,12,75,545,8630
oliveira/04_11/randm05.02.02.19.020_0030.03.aba.beta,True,2,3,0.02308797836303711,0.055655479431152344,0.0018451213836669922,0.08058857917785645,18,2,17,14,82,537,8592
oliveira/04_11/randm06.02.02.02.020_0030.02.aba.beta,True,2,3,0.011806488037109375,0.06592679023742676,0.001760244369506836,0.07949352264404297,18,2,18,13,79,521,8482
oliveira/04_11/randm05.02.02.02.020_0030.03.aba.beta,True,2,3,0.010675430297851562,0.06674504280090332,0.002001523971557617,0.0794219970703125,27,2,26,22,260,544,8682
oliveira/04_11/randm05.02.02.15.020_0030.04.aba.beta,True,2,3,0.013870716094970703,0.06299662590026855,0.0018241405487060547,0.07869148254394531,22,2,22,17,135,546,8654
oliveira/04_11/randm07.02.02.12.020_0030.03.aba.beta,True,2,3,0.010707855224609375,0.06500053405761719,0.0028989315032958984,0.07860732078552246,14,2,13,12,32,534,8576
oliveira/04_11/randm06.02.02.01.020_0030.02.aba.beta,True,2,4,0.017278194427490234,0.059407949447631836,0.0017476081848144531,0.07843375205993652,24,2,26,15,116,545,8623
oliveira/04_11/randm05.02.02.19.020_0030.02.aba.beta,True,2,3,0.01920795440673828,0.057132720947265625,0.0017008781433105469,0.07804155349731445,12,2,11,11,25,548,8631
oliveira/04_11/randm07.02.02.08.020_0030.01.aba.beta,True,1,1,0.0038411617279052734,0.0715794563293457,0.002357006072998047,0.07777762413024902,3,1,3,3,2,542,8613
oliveira/04_11/randm06.02.02.05.020_0030.03.aba.beta,True,2,5,0.014306306838989258,0.061482906341552734,0.001819610595703125,0.07760882377624512,32,2,37,19,167,551,8642
oliveira/04_11/randm05.02.02.05.020_0030.01.aba.beta,True,2,4,0.014724493026733398,0.06113409996032715,0.001730203628540039,0.07758879661560059,23,2,25,13,117,542,8591
oliveira/04_11/randm05.02.02.02.020_0030.02.aba.beta,True,2,3,0.014663934707641602,0.060565948486328125,0.0018527507781982422,0.07708263397216797,24,2,23,14,158,544,8631
oliveira/04_11/randm07.02.02.14.020_0030.01.aba.beta,True,2,3,0.013991117477416992,0.060487985610961914,0.002075672149658203,0.07655477523803711,28,2,28,22,265,559,8755
oliveira/04_11/randm04.02.02.02.020_0030.05.aba.beta,True,1,1,0.004529476165771484,0.0697929859161377,0.0016481876373291016,0.07597064971923828,3,1,3,3,2,536,8583
oliveira/04_11/randm05.02.02.02.020_0030.01.aba.beta,True,2,3,0.014940738677978516,0.05887413024902344,0.0018062591552734375,0.07562112808227539,19,2,21,14,64,524,8509
oliveira/04_11/randm04.02.02.03.020_0030.05.aba.beta,True,2,3,0.012208700180053711,0.060491085052490234,0.001718282699584961,0.0744180679321289,17,2,16,12,80,538,8578
oliveira/04_11/randm04.02.02.08.020_0030.04.aba.beta,True,2,4,0.012531757354736328,0.059763193130493164,0.001779794692993164,0.07407474517822266,23,2,22,18,81,543,8614
oliveira/04_11/randm06.02.02.02.020_0030.03.aba.beta,True,2,3,0.013227224349975586,0.05904412269592285,0.0017943382263183594,0.0740656852722168,22,2,22,17,137,548,8665
oliveira/04_11/randm06.02.02.16.020_0030.05.aba.beta,True,2,3,0.010180234909057617,0.0618436336517334,0.0018241405487060547,0.07384800910949707,16,2,16,12,63,550,8643
oliveira/04_11/randm06.02.02.16.020_0030.03.aba.beta,True,2,3,0.012283802032470703,0.0583491325378418,0.002805948257446289,0.07343888282775879,11,2,10,10,21,837,13591
oliveira/04_11/randm05.02.02.15.020_0030.02.aba.beta,True,2,3,0.011985301971435547,0.05957341194152832,0.0017774105072021484,0.07333612442016602,15,2,15,13,52,542,8602
oliveira/04_11/randm05.02.02.03.020_0030.02.aba.beta,True,1,1,0.004754066467285156,0.06013178825378418,0.008122682571411133,0.07300853729248047,3,1,3,3,2,538,8597
oliveira/04_11/randm04.02.02.17.020_0030.04.aba.beta,True,2,3,0.014316797256469727,0.056237220764160156,0.001852273941040039,0.07240629196166992,18,2,17,15,95,535,8572
oliveira/04_11/randm04.02.02.10.020_0030.03.aba.beta,True,2,4,0.012833356857299805,0.05770683288574219,0.0017914772033691406,0.07233166694641113,42,2,48,32,668,562,8955
oliveira/04_11/randm07.02.02.04.020_0030.04.aba.beta,True,2,4,0.015558719635009766,0.053829193115234375,0.0023839473724365234,0.07177186012268066,19,2,21,17,61,685,11093
oliveira/04_11/randm04.02.02.02.020_0030.04.aba.beta,True,1,1,0.004831552505493164,0.06475830078125,0.0016887187957763672,0.07127857208251953,3,1,3,3,2,536,8589
oliveira/04_11/randm06.02.02.02.020_0030.04.aba.beta,True,2,3,0.011553525924682617,0.057633399963378906,0.0019690990447998047,0.07115602493286133,20,2,20,15,106,547,8639
oliveira/04_11/randm04.02.02.02.020_0030.01.aba.beta,True,1,1,0.005025625228881836,0.06441783905029297,0.0016663074493408203,0.07110977172851562,3,1,3,3,2,543,8623
oliveira/04_11/randm04.02.02.06.020_0030.03.aba.beta,True,2,3,0.013139963150024414,0.05547976493835449,0.0018992424011230469,0.07051897048950195,12,2,12,11,29,540,8602
oliveira/04_11/randm07.02.02.12.020_0030.02.aba.beta,True,2,3,0.009946823120117188,0.05878615379333496,0.0016818046569824219,0.07041478157043457,14,2,13,11,32,538,8593
oliveira/04_11/randm04.02.02.10.020_0030.04.aba.beta,True,2,4,0.012569189071655273,0.05577659606933594,0.0018734931945800781,0.07021927833557129,34,2,36,25,362,555,8784
oliveira/04_11/randm04.02.02.02.020_0030.03.aba.beta,True,1,1,0.00494837760925293,0.06331038475036621,0.0016734600067138672,0.06993222236633301,3,1,3,3,2,527,8532
oliveira/04_11/randm04.02.02.07.020_0030.02.aba.beta,True,1,2,0.0113677978515625,0.05679059028625488,0.0017559528350830078,0.06991434097290039,5,1,5,5,6,531,8567
oliveira/04_11/randm04.02.02.09.020_0030.05.aba.beta,True,2,3,0.010214090347290039,0.0573124885559082,0.0022830963134765625,0.0698096752166748,20,2,19,16,134,549,8669
oliveira/04_11/randm05.02.02.02.020_0030.05.aba.beta,True,2,3,0.012051820755004883,0.055531978607177734,0.0017609596252441406,0.06934475898742676,18,2,19,14,58,535,8572
oliveira/04_11/randm04.02.02.10.020_0030.02.aba.beta,True,2,4,0.011987686157226562,0.0554654598236084,0.0018754005432128906,0.06932854652404785,24,2,33,15,152,530,8565
oliveira/04_11/randm05.02.02.19.020_0030.05.aba.beta,True,2,3,0.010883331298828125,0.05672430992126465,0.0017049312591552734,0.06931257247924805,12,2,11,11,25,528,8538
oliveira/04_11/randm05.02.02.19.020_0030.01.aba.beta,True,2,3,0.010395288467407227,0.05689215660095215,0.0017158985137939453,0.06900334358215332,12,2,11,11,25,543,8612
oliveira/04_11/randm05.02.02.02.020_0030.04.aba.beta,True,2,3,0.010474205017089844,0.05666327476501465,0.0017981529235839844,0.06893563270568848,18,2,19,16,58,537,8583
oliveira/04_11/randm07.02.02.14.020_0030.03.aba.beta,True,2,3,0.011307954788208008,0.05547380447387695,0.001974344253540039,0.068756103515625,30,2,29,25,322,569,9159
oliveira/04_11/randm04.02.02.06.020_0030.02.aba.beta,True,2,3,0.013768911361694336,0.05317497253417969,0.0017392635345458984,0.06868314743041992,22,2,22,17,146,552,8677
oliveira/04_11/randm04.02.02.17.020_0030.05.aba.beta,True,2,3,0.01170969009399414,0.055058956146240234,0.0018918514251708984,0.06866049766540527,20,2,19,16,108,540,8576
oliveira/04_11/randm05.02.02.08.020_0030.04.aba.beta,True,2,3,0.010661125183105469,0.05601930618286133,0.0017652511596679688,0.06844568252563477,11,2,10,10,25,539,8597
oliveira/04_11/randm04.02.02.09.020_0030.03.aba.beta,True,2,3,0.01075601577758789,0.05571150779724121,0.0017049312591552734,0.06817245483398438,19,2,18,15,94,545,8636
oliveira/04_11/randm05.02.02.09.020_0030.03.aba.beta,True,2,4,0.012784481048583984,0.05239248275756836,0.0016820430755615234,0.06685900688171387,24,2,25,12,102,546,8624
oliveira/04_11/randm04.02.02.03.020_0030.03.aba.beta,True,2,3,0.010476350784301758,0.054534912109375,0.0017919540405273438,0.0668032169342041,11,2,10,10,23,540,8598
oliveira/04_11/randm07.02.02.09.020_0030.03.aba.beta,True,2,3,0.010604619979858398,0.05416750907897949,0.001842498779296875,0.06661462783813477,18,2,18,13,64,546,8623
oliveira/04_11/randm05.02.02.09.020_0030.04.aba.beta,True,2,4,0.010320425033569336,0.05443429946899414,0.001707315444946289,0.06646203994750977,17,2,20,11,58,542,8607
oliveira/04_11/randm04.02.02.03.020_0030.04.aba.beta,True,2,3,0.010596036911010742,0.05399274826049805,0.0018410682678222656,0.06642985343933105,11,2,10,10,23,543,8612
oliveira/04_11/randm04.02.02.17.020_0030.02.aba.beta,True,2,3,0.009223461151123047,0.0546419620513916,0.0016622543334960938,0.06552767753601074,24,2,23,21,177,553,8710
oliveira/04_11/randm05.02.02.01.020_0030.05.aba.beta,True,2,3,0.012038230895996094,0.051013946533203125,0.0021789073944091797,0.0652310848236084,14,2,16,11,38,525,8509
oliveira/04_11/randm04.02.02.07.020_0030.04.aba.beta,True,1,2,0.011617898941040039,0.05183601379394531,0.0016472339630126953,0.06510114669799805,5,1,5,5,6,538,8598
oliveira/04_11/randm04.02.02.12.020_0030.02.aba.beta,True,2,3,0.00970602035522461,0.0533449649810791,0.0017795562744140625,0.06483054161071777,19,2,18,13,91,550,8653
oliveira/04_11/randm06.02.02.16.020_0030.04.aba.beta,True,2,3,0.008171319961547852,0.05385780334472656,0.002794027328491211,0.06482315063476562,11,2,10,10,21,838,13337
oliveira/04_11/randm04.02.02.04.020_0030.04.aba.beta,True,1,1,0.010461807250976562,0.04754137992858887,0.006476402282714844,0.06447958946228027,3,1,3,3,2,535,8587
oliveira/04_11/randm06.02.02.02.020_0030.05.aba.beta,True,2,3,0.010837793350219727,0.05160665512084961,0.001852273941040039,0.06429672241210938,12,2,12,11,29,541,8600
oliveira/04_11/randm05.02.02.01.020_0030.04.aba.beta,True,2,3,0.010201454162597656,0.052255868911743164,0.0017800331115722656,0.06423735618591309,14,2,16,11,38,537,8578
oliveira/04_11/randm04.02.02.09.020_0030.02.aba.beta,True,2,3,0.00906062126159668,0.05141258239746094,0.0018808841705322266,0.062354087829589844,17,2,16,13,89,534,8569
oliveira/04_11/randm04.02.02.17.020_0030.01.aba.beta,True,2,3,0.009171009063720703,0.05099081993103027,0.0019106864929199219,0.0620725154876709,19,2,18,15,94,549,8649
oliveira/04_11/randm04.02.02.04.020_0030.03.aba.beta,True,1,1,0.007841110229492188,0.05132269859313965,0.0018148422241210938,0.06097865104675293,3,1,3,3,2,532,8571
oliveira/04_11/randm05.02.02.14.020_0030.04.aba.beta,True,1,1,0.006701469421386719,0.042049407958984375,0.0017962455749511719,0.050547122955322266,3,1,3,3,2,532,8544
oliveira/04_11/randm04.02.02.15.020_0030.04.aba.beta,True,1,2,0.006848573684692383,0.037157297134399414,0.0017998218536376953,0.04580569267272949,5,1,5,5,6,542,8616
oliveira/04_11/randm04.02.02.05.020_0030.04.aba.beta,True,1,2,0.009708642959594727,0.03348684310913086,0.0016930103302001953,0.04488849639892578,5,1,5,5,6,531,8548
oliveira/04_11/randm05.02.02.14.020_0030.03.aba.beta,True,1,1,0.0049285888671875,0.032465219497680664,0.002917051315307617,0.04031085968017578,3,1,3,3,2,541,8613
oliveira/04_11/randm08.02.02.07.020_0030.02.aba.beta,True,1,1,0.003420591354370117,0.03497433662414551,0.00160980224609375,0.040004730224609375,3,1,3,3,2,524,8514
oliveira/04_11/randm08.02.02.07.020_0030.01.aba.beta,True,1,1,0.013236761093139648,0.023773670196533203,0.0016770362854003906,0.03868746757507324,3,1,3,3,2,536,8587
oliveira/04_11/randm06.02.02.04.020_0030.04.aba.beta,True,1,1,0.008879661560058594,0.027520418167114258,0.0017633438110351562,0.03816342353820801,3,1,3,3,2,532,8555
oliveira/04_11/randm05.02.02.14.020_0030.05.aba.beta,True,1,1,0.00530242919921875,0.03079986572265625,0.002035856246948242,0.03813815116882324,3,1,3,3,2,530,8544
oliveira/04_11/randm09.02.02.07.020_0030.05.aba.beta,True,1,1,0.004918575286865234,0.030666351318359375,0.001615762710571289,0.0372006893157959,3,1,3,3,2,536,8586
oliveira/04_11/randm07.02.02.02.020_0030.04.aba.beta,True,1,1,0.004301548004150391,0.03051447868347168,0.002022266387939453,0.03683829307556152,3,1,3,3,2,521,8515
oliveira/04_11/randm05.02.02.16.020_0030.04.aba.beta,True,1,1,0.006279468536376953,0.02781224250793457,0.002599477767944336,0.03669118881225586,3,1,3,3,2,543,8622
oliveira/04_11/randm07.02.02.08.020_0030.03.aba.beta,True,1,1,0.012023448944091797,0.022101402282714844,0.0018014907836914062,0.03592634201049805,3,1,3,3,2,534,8577
oliveira/04_11/randm05.02.02.14.020_0030.02.aba.beta,True,1,1,0.005232810974121094,0.028582096099853516,0.0020186901092529297,0.03583359718322754,3,1,3,3,2,530,8565
oliveira/04_11/randm08.02.02.07.020_0030.05.aba.beta,True,1,1,0.007063627243041992,0.02556324005126953,0.0017461776733398438,0.03437304496765137,3,1,3,3,2,530,8566
oliveira/04_11/randm07.02.02.01.020_0030.02.aba.beta,True,1,1,0.006011962890625,0.02599358558654785,0.0020017623901367188,0.03400731086730957,3,1,3,3,2,526,8542
oliveira/04_11/randm05.02.02.18.020_0030.01.aba.beta,True,1,1,0.0053174495697021484,0.02667832374572754,0.0018379688262939453,0.03383374214172363,3,1,3,3,2,534,8577
oliveira/04_11/randm07.02.02.08.020_0030.02.aba.beta,True,1,1,0.003219127655029297,0.028772354125976562,0.0018417835235595703,0.03383326530456543,3,1,3,3,2,539,8607
oliveira/04_11/randm05.02.02.03.020_0030.04.aba.beta,True,1,1,0.006392717361450195,0.025626659393310547,0.0016794204711914062,0.03369879722595215,3,1,3,3,2,534,8583
oliveira/04_11/randm06.02.02.04.020_0030.05.aba.beta,True,1,1,0.005503177642822266,0.026250362396240234,0.001695394515991211,0.03344893455505371,3,1,3,3,2,525,8541
oliveira/04_11/randm05.02.02.18.020_0030.02.aba.beta,True,1,1,0.0038552284240722656,0.02740931510925293,0.0020296573638916016,0.0332942008972168,3,1,3,3,2,535,8592
oliveira/04_11/randm08.02.02.07.020_0030.03.aba.beta,True,1,1,0.0041921138763427734,0.027053356170654297,0.0018455982208251953,0.033091068267822266,3,1,3,3,2,519,8504
oliveira/04_11/randm04.02.02.15.020_0030.01.aba.beta,True,1,2,0.010448455810546875,0.02084660530090332,0.0017197132110595703,0.033014774322509766,5,1,5,4,6,533,8586
oliveira/04_11/randm09.02.02.07.020_0030.03.aba.beta,True,1,1,0.0036163330078125,0.027657032012939453,0.001695871353149414,0.03296923637390137,3,1,3,3,2,533,8573
oliveira/04_11/randm09.02.02.07.020_0030.02.aba.beta,True,1,1,0.0059125423431396484,0.02528548240661621,0.0017681121826171875,0.03296613693237305,3,1,3,3,2,530,8553
oliveira/04_11/randm05.02.02.18.020_0030.03.aba.beta,True,1,1,0.0050983428955078125,0.025964736938476562,0.0018706321716308594,0.032933712005615234,3,1,3,3,2,529,8564
oliveira/04_11/randm05.02.02.14.020_0030.01.aba.beta,True,1,1,0.003398418426513672,0.02768540382385254,0.0017511844635009766,0.03283500671386719,3,1,3,3,2,531,8569
oliveira/04_11/randm06.02.02.04.020_0030.02.aba.beta,True,1,1,0.003627300262451172,0.027335643768310547,0.0017414093017578125,0.03270435333251953,3,1,3,3,2,531,8571
oliveira/04_11/randm05.02.02.18.020_0030.04.aba.beta,True,1,1,0.004622459411621094,0.026259422302246094,0.0018115043640136719,0.03269338607788086,3,1,3,3,2,523,8497
oliveira/04_11/randm06.02.02.19.020_0030.03.aba.beta,True,1,1,0.004015445709228516,0.02669835090637207,0.0018897056579589844,0.03260350227355957,3,1,3,3,2,533,8578
oliveira/04_11/randm10.02.02.18.020_0030.04.aba.beta,True,1,1,0.003796815872192383,0.026690006256103516,0.0020210742950439453,0.032507896423339844,3,1,3,3,2,536,8587
oliveira/04_11/randm04.02.02.07.020_0030.05.aba.beta,True,1,2,0.005457401275634766,0.025323152542114258,0.001718282699584961,0.032498836517333984,5,1,5,5,6,541,8614
oliveira/04_11/randm07.02.02.10.020_0030.05.aba.beta,True,1,1,0.0060617923736572266,0.024343252182006836,0.0019009113311767578,0.03230595588684082,3,1,3,3,2,528,8551
oliveira/04_11/randm05.02.02.16.020_0030.02.aba.beta,True,1,1,0.005411386489868164,0.025057077407836914,0.0018362998962402344,0.03230476379394531,3,1,3,3,2,540,8611
oliveira/04_11/randm04.02.02.05.020_0030.05.aba.beta,True,1,2,0.00454401969909668,0.02609395980834961,0.0016248226165771484,0.03226280212402344,5,1,5,5,6,528,8549
oliveira/04_11/randm05.02.02.16.020_0030.05.aba.beta,True,1,1,0.003988742828369141,0.026267290115356445,0.0018818378448486328,0.03213787078857422,3,1,3,3,2,543,8624
oliveira/04_11/randm05.02.02.18.020_0030.05.aba.beta,True,1,1,0.002936840057373047,0.027559757232666016,0.0016036033630371094,0.03210020065307617,3,1,3,3,2,533,8555
oliveira/04_11/randm05.02.02.16.020_0030.01.aba.beta,True,1,1,0.005021572113037109,0.025136709213256836,0.0017597675323486328,0.03191804885864258,3,1,3,3,2,534,8587
oliveira/04_11/randm10.02.02.18.020_0030.02.aba.beta,True,1,1,0.004705905914306641,0.02535533905029297,0.0018537044525146484,0.03191494941711426,3,1,3,3,2,537,8599
oliveira/04_11/randm06.02.02.19.020_0030.02.aba.beta,True,1,1,0.0036072731018066406,0.026475906372070312,0.0017995834350585938,0.03188276290893555,3,1,3,3,2,537,8597
oliveira/04_11/randm04.02.02.07.020_0030.03.aba.beta,True,1,2,0.004815578460693359,0.02454066276550293,0.0021970272064208984,0.03155326843261719,5,1,5,5,6,538,8600
oliveira/04_11/randm07.02.02.01.020_0030.03.aba.beta,True,1,1,0.005103588104248047,0.02438044548034668,0.0017795562744140625,0.03126358985900879,3,1,3,3,2,531,8553
oliveira/04_11/randm04.02.02.04.020_0030.02.aba.beta,True,1,1,0.005712032318115234,0.023926258087158203,0.001615285873413086,0.03125357627868652,3,1,3,3,2,531,8570
oliveira/04_11/randm06.02.02.04.020_0030.01.aba.beta,True,1,1,0.004822254180908203,0.02460932731628418,0.0017521381378173828,0.031183719635009766,3,1,3,3,2,525,8535
oliveira/04_11/randm05.02.02.16.020_0030.03.aba.beta,True,1,1,0.004271268844604492,0.024795055389404297,0.002008676528930664,0.031075000762939453,3,1,3,3,2,534,8572
oliveira/04_11/randm04.02.02.04.020_0030.01.aba.beta,True,1,1,0.0029022693634033203,0.026401281356811523,0.0017671585083007812,0.031070709228515625,3,1,3,3,2,529,8558
oliveira/04_11/randm04.02.02.04.020_0030.05.aba.beta,True,1,1,0.0035881996154785156,0.025798559188842773,0.0016815662384033203,0.03106832504272461,3,1,3,3,2,539,8598
oliveira/04_11/randm09.02.02.07.020_0030.01.aba.beta,True,1,1,0.003160715103149414,0.02607274055480957,0.0017750263214111328,0.031008481979370117,3,1,3,3,2,511,8445
oliveira/04_11/randm04.02.02.05.020_0030.03.aba.beta,True,1,2,0.004915475845336914,0.02431797981262207,0.0016674995422363281,0.030900955200195312,5,1,5,5,6,538,8604
oliveira/04_11/randm05.02.02.03.020_0030.01.aba.beta,True,1,1,0.004199981689453125,0.025026321411132812,0.0016369819641113281,0.030863285064697266,3,1,3,3,2,543,8619
oliveira/04_11/randm07.02.02.10.020_0030.01.aba.beta,True,1,1,0.005045175552368164,0.023775577545166016,0.0018138885498046875,0.030634641647338867,3,1,3,3,2,537,8599
oliveira/04_11/randm04.02.02.07.020_0030.01.aba.beta,True,1,2,0.004370927810668945,0.024059772491455078,0.0017580986022949219,0.030188798904418945,5,1,5,5,6,531,8557
oliveira/04_11/randm07.02.02.02.020_0030.05.aba.beta,True,1,1,0.004230976104736328,0.02397322654724121,0.0019083023071289062,0.030112504959106445,3,1,3,3,2,531,8576
oliveira/04_11/randm04.02.02.05.020_0030.01.aba.beta,True,1,2,0.005013704299926758,0.023385047912597656,0.0017125606536865234,0.030111312866210938,5,1,5,5,6,533,8580
oliveira/04_11/randm07.02.02.01.020_0030.05.aba.beta,True,1,1,0.004294395446777344,0.024077653884887695,0.0017375946044921875,0.030109643936157227,3,1,3,3,2,540,8609
oliveira/04_11/randm04.02.02.15.020_0030.05.aba.beta,True,1,2,0.005472660064697266,0.02293682098388672,0.0016169548034667969,0.03002643585205078,5,1,5,5,6,534,8580
oliveira/04_11/randm05.02.02.03.020_0030.03.aba.beta,True,1,1,0.00404667854309082,0.024018287658691406,0.0017650127410888672,0.029829978942871094,3,1,3,3,2,537,8598
oliveira/04_11/randm04.02.02.13.020_0030.03.aba.beta,True,1,1,0.0033063888549804688,0.02472209930419922,0.0016701221466064453,0.029698610305786133,3,1,3,3,2,534,8583
oliveira/04_11/randm06.02.02.19.020_0030.01.aba.beta,True,1,1,0.0034084320068359375,0.024483680725097656,0.0016973018646240234,0.029589414596557617,3,1,3,3,2,533,8572
oliveira/04_11/randm10.02.02.18.020_0030.03.aba.beta,True,1,1,0.003578662872314453,0.024023056030273438,0.001983165740966797,0.029584884643554688,3,1,3,3,2,537,8596
oliveira/04_11/randm07.02.02.10.020_0030.04.aba.beta,True,1,1,0.004521846771240234,0.023159503936767578,0.001847982406616211,0.029529333114624023,3,1,3,3,2,537,8603
oliveira/04_11/randm04.02.02.13.020_0030.02.aba.beta,True,1,1,0.003977537155151367,0.023563146591186523,0.001832723617553711,0.0293734073638916,3,1,3,3,2,535,8584
oliveira/04_11/randm07.02.02.02.020_0030.01.aba.beta,True,1,1,0.00392913818359375,0.023506641387939453,0.0016789436340332031,0.029114723205566406,3,1,3,3,2,535,8587
oliveira/04_11/randm06.02.02.19.020_0030.04.aba.beta,True,1,1,0.004552602767944336,0.023009538650512695,0.0015368461608886719,0.029098987579345703,3,1,3,3,2,523,8524
oliveira/04_11/randm10.02.02.18.020_0030.01.aba.beta,True,1,1,0.003043651580810547,0.024066448211669922,0.001980304718017578,0.029090404510498047,3,1,3,3,2,539,8607
oliveira/04_11/randm05.02.02.03.020_0030.05.aba.beta,True,1,1,0.0031354427337646484,0.0243227481842041,0.0015952587127685547,0.029053449630737305,3,1,3,3,2,521,8531
oliveira/04_11/randm06.02.02.04.020_0030.03.aba.beta,True,1,1,0.003859996795654297,0.0230252742767334,0.0019502639770507812,0.028835535049438477,3,1,3,3,2,535,8590
oliveira/04_11/randm07.02.02.10.020_0030.02.aba.beta,True,1,1,0.003901243209838867,0.02315497398376465,0.0017023086547851562,0.028758525848388672,3,1,3,3,2,540,8608
oliveira/04_11/randm04.02.02.13.020_0030.01.aba.beta,True,1,1,0.004156589508056641,0.02289557456970215,0.0016841888427734375,0.028736352920532227,3,1,3,3,2,528,8539
oliveira/04_11/randm04.02.02.13.020_0030.05.aba.beta,True,1,1,0.004844188690185547,0.022054195404052734,0.001832723617553711,0.028731107711791992,3,1,3,3,2,543,8623
oliveira/04_11/randm07.02.02.01.020_0030.01.aba.beta,True,1,1,0.0033576488494873047,0.02354884147644043,0.0018069744110107422,0.028713464736938477,3,1,3,3,2,529,8553
oliveira/04_11/randm04.02.02.13.020_0030.04.aba.beta,True,1,1,0.003200531005859375,0.023606300354003906,0.0016710758209228516,0.028477907180786133,3,1,3,3,2,537,8593
oliveira/04_11/randm07.02.02.08.020_0030.04.aba.beta,True,1,1,0.0034568309783935547,0.02317357063293457,0.0018100738525390625,0.028440475463867188,3,1,3,3,2,536,8592
oliveira/04_11/randm07.02.02.02.020_0030.02.aba.beta,True,1,1,0.0034377574920654297,0.023229598999023438,0.0017139911651611328,0.02838134765625,3,1,3,3,2,538,8598
oliveira/04_11/randm08.02.02.07.020_0030.04.aba.beta,True,1,1,0.003686666488647461,0.022671222686767578,0.001999378204345703,0.028357267379760742,3,1,3,3,2,539,8604
oliveira/04_11/randm04.02.02.15.020_0030.03.aba.beta,True,1,2,0.003763437271118164,0.022822856903076172,0.0016889572143554688,0.028275251388549805,5,1,5,5,6,541,8605
oliveira/04_11/randm06.02.02.19.020_0030.05.aba.beta,True,1,1,0.003370523452758789,0.02321910858154297,0.0016825199127197266,0.028272151947021484,3,1,3,3,2,525,8527
oliveira/04_11/randm07.02.02.01.020_0030.04.aba.beta,True,1,1,0.0031278133392333984,0.023293018341064453,0.0017895698547363281,0.02821040153503418,3,1,3,3,2,530,8550
oliveira/04_11/randm10.02.02.18.020_0030.05.aba.beta,True,1,1,0.003937244415283203,0.022109031677246094,0.0019447803497314453,0.027991056442260742,3,1,3,3,2,537,8596
oliveira/04_11/randm04.02.02.15.020_0030.02.aba.beta,True,1,2,0.003484964370727539,0.02202916145324707,0.0017032623291015625,0.027217388153076172,5,1,5,5,6,532,8581
oliveira/04_11/randm07.02.02.10.020_0030.03.aba.beta,True,1,1,0.004229545593261719,0.021088838577270508,0.0016429424285888672,0.026961326599121094,3,1,3,3,2,527,8497
oliveira/04_11/randm07.02.02.08.020_0030.05.aba.beta,True,1,1,0.0034873485565185547,0.021504640579223633,0.0018391609191894531,0.02683115005493164,3,1,3,3,2,536,8587
oliveira/04_11/randm07.02.02.02.020_0030.03.aba.beta,True,1,1,0.003415346145629883,0.020955801010131836,0.0017070770263671875,0.026078224182128906,3,1,3,3,2,533,8583
oliveira/04_11/randm09.02.02.07.020_0030.04.aba.beta,True,1,1,0.003291606903076172,0.020498275756835938,0.0017306804656982422,0.02552056312561035,3,1,3,3,2,527,8550
