file name,succeeded,learning_rounds,automaton_size,learning_time,smt_time,eq_oracle_time,total_time,queries_learning,validity_query,rule1,rule2,rule3,rule4,nodes,informative_nodes,analyzed_bases,sul_steps,cache_saved,queries_eq_oracle,steps_eq_oracle
oliveira/04_11/randm04.02.02.01.020_0030.01.aba.beta,True,2,3,0.011234760284423828,0.09093284606933594,0.0017304420471191406,0.1038980484008789,14,2,13,11,3,34,536,8587
oliveira/04_11/randm04.02.02.01.020_0030.02.aba.beta,True,2,4,0.013867378234863281,0.10952258110046387,0.0027387142181396484,0.1261286735534668,16,2,15,15,4,41,538,8590
oliveira/04_11/randm04.02.02.01.020_0030.03.aba.beta,True,3,4,0.017871856689453125,0.12088799476623535,0.0016012191772460938,0.14036107063293457,29,3,27,18,4,123,540,8592
oliveira/04_11/randm04.02.02.01.020_0030.04.aba.beta,True,3,4,0.02103137969970703,0.13816213607788086,0.0014903545379638672,0.16068387031555176,32,3,30,18,4,153,549,8634
oliveira/04_11/randm04.02.02.01.020_0030.05.aba.beta,True,2,4,0.014418363571166992,0.11205911636352539,0.0015087127685546875,0.12798619270324707,16,2,15,15,4,41,544,8612
oliveira/04_11/randm04.02.02.02.020_0030.01.aba.beta,True,1,1,0.0041408538818359375,0.07486653327941895,0.0014698505401611328,0.08047723770141602,3,1,3,3,1,2,543,8623
oliveira/04_11/randm04.02.02.02.020_0030.02.aba.beta,True,1,1,0.005989789962768555,0.06134629249572754,0.0014576911926269531,0.06879377365112305,3,1,3,3,1,2,537,8598
oliveira/04_11/randm04.02.02.02.020_0030.03.aba.beta,True,1,1,0.004866123199462891,0.06344485282897949,0.001392364501953125,0.06970334053039551,3,1,3,3,1,2,527,8532
oliveira/04_11/randm04.02.02.02.020_0030.04.aba.beta,True,1,1,0.005164384841918945,0.06492996215820312,0.0015337467193603516,0.07162809371948242,3,1,3,3,1,2,536,8589
oliveira/04_11/randm04.02.02.02.020_0030.05.aba.beta,True,1,1,0.004535675048828125,0.06437158584594727,0.0014047622680664062,0.0703120231628418,3,1,3,3,1,2,536,8583
oliveira/04_11/randm04.02.02.03.020_0030.01.aba.beta,True,2,3,0.012997627258300781,0.0930323600769043,0.0017430782318115234,0.1077730655670166,15,2,14,10,3,55,536,8563
oliveira/04_11/randm04.02.02.03.020_0030.02.aba.beta,True,2,3,0.014286518096923828,0.1028444766998291,0.0017328262329101562,0.11886382102966309,23,2,22,18,3,179,545,8658
oliveira/04_11/randm04.02.02.03.020_0030.03.aba.beta,True,2,3,0.010905742645263672,0.06169009208679199,0.0026123523712158203,0.07520818710327148,11,2,10,10,3,23,540,8598
oliveira/04_11/randm04.02.02.03.020_0030.04.aba.beta,True,2,3,0.010663509368896484,0.05038762092590332,0.0017855167388916016,0.0628366470336914,11,2,10,10,3,23,543,8612
oliveira/04_11/randm04.02.02.03.020_0030.05.aba.beta,True,2,3,0.010358095169067383,0.048460960388183594,0.0019066333770751953,0.06072568893432617,17,2,16,12,3,80,538,8578
oliveira/04_11/randm04.02.02.04.020_0030.01.aba.beta,True,1,1,0.008671998977661133,0.058966875076293945,0.0023102760314941406,0.06994915008544922,3,1,3,3,1,2,529,8558
oliveira/04_11/randm04.02.02.04.020_0030.02.aba.beta,True,1,1,0.004686594009399414,0.028928279876708984,0.001451253890991211,0.03506612777709961,3,1,3,3,1,2,531,8570
oliveira/04_11/randm04.02.02.04.020_0030.03.aba.beta,True,1,1,0.0046694278717041016,0.02201366424560547,0.0023009777069091797,0.02898406982421875,3,1,3,3,1,2,532,8571
oliveira/04_11/randm04.02.02.04.020_0030.04.aba.beta,True,1,1,0.0049746036529541016,0.023610591888427734,0.0015666484832763672,0.030151844024658203,3,1,3,3,1,2,535,8587
oliveira/04_11/randm04.02.02.04.020_0030.05.aba.beta,True,1,1,0.005597114562988281,0.03322553634643555,0.002843141555786133,0.04166579246520996,3,1,3,3,1,2,539,8598
oliveira/04_11/randm04.02.02.05.020_0030.01.aba.beta,True,1,2,0.006593227386474609,0.03557276725769043,0.001745462417602539,0.04391145706176758,5,1,5,5,2,6,533,8580
oliveira/04_11/randm04.02.02.05.020_0030.02.aba.beta,True,1,2,0.005741119384765625,0.02331995964050293,0.0016477108001708984,0.030708789825439453,5,1,5,5,2,6,529,8561
oliveira/04_11/randm04.02.02.05.020_0030.03.aba.beta,True,1,2,0.0051653385162353516,0.021757125854492188,0.0016875267028808594,0.0286099910736084,5,1,5,5,2,6,538,8604
oliveira/04_11/randm04.02.02.05.020_0030.04.aba.beta,True,1,2,0.005322933197021484,0.023004770278930664,0.0014317035675048828,0.02975940704345703,5,1,5,5,2,6,531,8548
oliveira/04_11/randm04.02.02.05.020_0030.05.aba.beta,True,1,2,0.005502462387084961,0.023225784301757812,0.0014815330505371094,0.030209779739379883,5,1,5,5,2,6,528,8549
oliveira/04_11/randm04.02.02.06.020_0030.01.aba.beta,True,3,3,0.016310453414916992,0.08079719543457031,0.001959562301635742,0.09906721115112305,29,3,27,23,3,247,554,8748
oliveira/04_11/randm04.02.02.06.020_0030.02.aba.beta,True,2,3,0.01013946533203125,0.05001640319824219,0.0016896724700927734,0.06184554100036621,22,2,22,17,3,146,552,8677
oliveira/04_11/randm04.02.02.06.020_0030.03.aba.beta,True,2,3,0.00971221923828125,0.05021810531616211,0.0018093585968017578,0.06173968315124512,12,2,12,11,3,29,540,8602
oliveira/04_11/randm04.02.02.06.020_0030.04.aba.beta,True,3,3,0.02144455909729004,0.09728717803955078,0.00151824951171875,0.12024998664855957,22,3,20,18,3,112,556,8693
oliveira/04_11/randm04.02.02.06.020_0030.05.aba.beta,True,2,3,0.012320518493652344,0.0454709529876709,0.0016491413116455078,0.05944061279296875,16,2,16,11,3,59,546,8620
oliveira/04_11/randm04.02.02.07.020_0030.01.aba.beta,True,1,2,0.005445241928100586,0.033652305603027344,0.002863645553588867,0.0419611930847168,5,1,5,5,2,6,531,8557
oliveira/04_11/randm04.02.02.07.020_0030.02.aba.beta,True,1,2,0.006456613540649414,0.022227048873901367,0.001293182373046875,0.029976844787597656,5,1,5,5,2,6,531,8567
oliveira/04_11/randm04.02.02.07.020_0030.03.aba.beta,True,1,2,0.005492687225341797,0.024330854415893555,0.001476287841796875,0.03129982948303223,5,1,5,5,2,6,538,8600
oliveira/04_11/randm04.02.02.07.020_0030.04.aba.beta,True,1,2,0.004949092864990234,0.024107694625854492,0.0016524791717529297,0.030709266662597656,5,1,5,5,2,6,538,8598
oliveira/04_11/randm04.02.02.07.020_0030.05.aba.beta,True,1,2,0.00701594352722168,0.03422689437866211,0.0028705596923828125,0.0441133975982666,5,1,5,5,2,6,541,8614
oliveira/04_11/randm04.02.02.08.020_0030.01.aba.beta,True,5,4,0.032810211181640625,0.18231630325317383,0.0030548572540283203,0.21818137168884277,58,5,54,44,4,625,677,10360
oliveira/04_11/randm04.02.02.08.020_0030.02.aba.beta,True,6,4,0.04107475280761719,0.19446301460266113,0.002227306365966797,0.23776507377624512,58,6,53,43,4,521,648,9970
oliveira/04_11/randm04.02.02.08.020_0030.03.aba.beta,True,3,4,0.0196535587310791,0.09833526611328125,0.003059864044189453,0.1210486888885498,30,3,28,24,4,150,604,9528
oliveira/04_11/randm04.02.02.08.020_0030.04.aba.beta,True,2,4,0.011117219924926758,0.05070304870605469,0.001802682876586914,0.06362295150756836,23,2,22,18,4,81,543,8614
oliveira/04_11/randm04.02.02.08.020_0030.05.aba.beta,True,3,4,0.02188730239868164,0.07999825477600098,0.0020475387573242188,0.10393309593200684,34,3,32,17,4,236,558,8697
oliveira/04_11/randm04.02.02.09.020_0030.01.aba.beta,True,3,3,0.017469406127929688,0.0765221118927002,0.002087116241455078,0.09607863426208496,17,3,15,12,3,72,550,8644
oliveira/04_11/randm04.02.02.09.020_0030.02.aba.beta,True,2,3,0.012060403823852539,0.05341315269470215,0.001409292221069336,0.06688284873962402,17,2,16,13,3,89,534,8569
oliveira/04_11/randm04.02.02.09.020_0030.03.aba.beta,True,2,3,0.010352373123168945,0.048861026763916016,0.0017404556274414062,0.06095385551452637,19,2,18,15,3,94,545,8636
oliveira/04_11/randm04.02.02.09.020_0030.04.aba.beta,True,2,3,0.015275955200195312,0.06638884544372559,0.004434347152709961,0.08609914779663086,25,2,24,21,3,193,553,8716
oliveira/04_11/randm04.02.02.09.020_0030.05.aba.beta,True,2,3,0.016283512115478516,0.08572125434875488,0.0017135143280029297,0.10371828079223633,20,2,19,16,3,134,549,8669
oliveira/04_11/randm04.02.02.10.020_0030.01.aba.beta,True,5,4,0.04463768005371094,0.1825089454650879,0.0022852420806884766,0.2294318675994873,84,5,85,70,4,1089,813,12622
oliveira/04_11/randm04.02.02.10.020_0030.02.aba.beta,True,2,4,0.016629457473754883,0.06517648696899414,0.0014927387237548828,0.0832986831665039,24,2,33,15,4,152,530,8565
oliveira/04_11/randm04.02.02.10.020_0030.03.aba.beta,True,2,4,0.013631105422973633,0.05519390106201172,0.0017137527465820312,0.07053875923156738,42,2,48,32,4,668,562,8955
oliveira/04_11/randm04.02.02.10.020_0030.04.aba.beta,True,2,4,0.01374197006225586,0.05371689796447754,0.0015459060668945312,0.06900477409362793,34,2,36,25,4,362,555,8784
oliveira/04_11/randm04.02.02.10.020_0030.05.aba.beta,True,3,4,0.02071976661682129,0.09141039848327637,0.001894235610961914,0.11402440071105957,58,3,63,47,4,728,611,9527
oliveira/04_11/randm04.02.02.11.020_0030.01.aba.beta,True,3,4,0.018047571182250977,0.09019660949707031,0.0025370121002197266,0.11078119277954102,24,3,22,18,4,67,844,13361
oliveira/04_11/randm04.02.02.11.020_0030.02.aba.beta,True,3,4,0.02453303337097168,0.12553763389587402,0.0038373470306396484,0.15390801429748535,24,3,22,21,4,67,841,13341
oliveira/04_11/randm04.02.02.11.020_0030.03.aba.beta,True,3,4,0.01579451560974121,0.0740654468536377,0.001580953598022461,0.09144091606140137,23,3,21,16,4,77,551,8634
oliveira/04_11/randm04.02.02.11.020_0030.04.aba.beta,True,4,4,0.049726009368896484,0.2123110294342041,0.0016620159149169922,0.2636990547180176,27,4,24,16,4,107,554,8644
oliveira/04_11/randm04.02.02.11.020_0030.05.aba.beta,True,4,4,0.04987049102783203,0.1718451976776123,0.0023965835571289062,0.22411227226257324,36,4,33,20,4,144,788,12764
oliveira/04_11/randm04.02.02.12.020_0030.01.aba.beta,True,2,3,0.018094539642333984,0.04995226860046387,0.0016398429870605469,0.0696866512298584,20,2,19,15,3,105,545,8621
oliveira/04_11/randm04.02.02.12.020_0030.02.aba.beta,True,2,3,0.010548830032348633,0.05012679100036621,0.0016083717346191406,0.062283992767333984,19,2,18,13,3,91,550,8653
oliveira/04_11/randm04.02.02.12.020_0030.03.aba.beta,True,2,3,0.010368108749389648,0.05535387992858887,0.001861572265625,0.06758356094360352,21,2,20,13,3,108,551,8639
oliveira/04_11/randm04.02.02.12.020_0030.04.aba.beta,True,3,3,0.031662702560424805,0.08466291427612305,0.003726959228515625,0.12005257606506348,23,3,24,14,3,114,551,8644
oliveira/04_11/randm04.02.02.12.020_0030.05.aba.beta,True,3,3,0.023450136184692383,0.08039975166320801,0.002122640609741211,0.1059725284576416,37,3,36,26,3,377,562,8838
oliveira/04_11/randm04.02.02.13.020_0030.01.aba.beta,True,1,1,0.015402793884277344,0.023671627044677734,0.0015282630920410156,0.040602684020996094,3,1,3,3,1,2,528,8539
oliveira/04_11/randm04.02.02.13.020_0030.02.aba.beta,True,1,1,0.006210803985595703,0.025015592575073242,0.0015079975128173828,0.03273439407348633,3,1,3,3,1,2,535,8584
oliveira/04_11/randm04.02.02.13.020_0030.03.aba.beta,True,1,1,0.010425567626953125,0.021910905838012695,0.0015325546264648438,0.033869028091430664,3,1,3,3,1,2,534,8583
oliveira/04_11/randm04.02.02.13.020_0030.04.aba.beta,True,1,1,0.010929346084594727,0.022829055786132812,0.001531839370727539,0.03529024124145508,3,1,3,3,1,2,537,8593
oliveira/04_11/randm04.02.02.13.020_0030.05.aba.beta,True,1,1,0.006604194641113281,0.021722078323364258,0.0015349388122558594,0.0298612117767334,3,1,3,3,1,2,543,8623
oliveira/04_11/randm04.02.02.14.020_0030.01.aba.beta,True,3,4,0.026322364807128906,0.08133697509765625,0.0015759468078613281,0.10923528671264648,22,3,21,17,4,65,547,8613
oliveira/04_11/randm04.02.02.14.020_0030.02.aba.beta,True,3,4,0.016594409942626953,0.07424569129943848,0.0014159679412841797,0.09225606918334961,18,3,16,12,4,47,542,8599
oliveira/04_11/randm04.02.02.14.020_0030.03.aba.beta,True,3,4,0.0205075740814209,0.08453559875488281,0.002043008804321289,0.107086181640625,32,3,30,19,4,278,562,8757
oliveira/04_11/randm04.02.02.14.020_0030.04.aba.beta,True,3,4,0.0223543643951416,0.07951021194458008,0.0016067028045654297,0.10347127914428711,39,3,37,16,4,348,554,8684
oliveira/04_11/randm04.02.02.14.020_0030.05.aba.beta,True,3,4,0.01794743537902832,0.07976794242858887,0.0016927719116210938,0.09940814971923828,20,3,18,16,4,53,539,8574
oliveira/04_11/randm04.02.02.15.020_0030.01.aba.beta,True,1,2,0.0069010257720947266,0.030324220657348633,0.0018000602722167969,0.039025306701660156,5,1,5,4,2,6,533,8586
oliveira/04_11/randm04.02.02.15.020_0030.02.aba.beta,True,1,2,0.010386228561401367,0.04996013641357422,0.004495143890380859,0.06484150886535645,5,1,5,5,2,6,532,8581
oliveira/04_11/randm04.02.02.15.020_0030.03.aba.beta,True,1,2,0.005434274673461914,0.023790597915649414,0.00199127197265625,0.031216144561767578,5,1,5,5,2,6,541,8605
oliveira/04_11/randm04.02.02.15.020_0030.04.aba.beta,True,1,2,0.008886575698852539,0.03486227989196777,0.0015985965728759766,0.04534745216369629,5,1,5,5,2,6,542,8616
oliveira/04_11/randm04.02.02.15.020_0030.05.aba.beta,True,1,2,0.005170106887817383,0.021449804306030273,0.0013866424560546875,0.028006553649902344,5,1,5,5,2,6,534,8580
oliveira/04_11/randm04.02.02.16.020_0030.01.aba.beta,True,4,3,0.02062082290649414,0.10831546783447266,0.0017824172973632812,0.13071870803833008,45,4,42,39,3,455,603,9405
oliveira/04_11/randm04.02.02.16.020_0030.02.aba.beta,True,3,3,0.021227121353149414,0.09993982315063477,0.0020132064819335938,0.12318015098571777,26,3,25,21,3,203,557,8725
oliveira/04_11/randm04.02.02.16.020_0030.03.aba.beta,True,3,3,0.018138408660888672,0.08910727500915527,0.001985788345336914,0.10923147201538086,47,3,47,39,3,581,603,9499
oliveira/04_11/randm04.02.02.16.020_0030.04.aba.beta,True,5,3,0.0281524658203125,0.1336970329284668,0.0018270015716552734,0.16367650032043457,37,5,33,28,3,433,609,9274
oliveira/04_11/randm04.02.02.16.020_0030.05.aba.beta,True,4,3,0.0342402458190918,0.15262150764465332,0.0017423629760742188,0.18860411643981934,36,4,35,27,3,373,584,9060
oliveira/04_11/randm04.02.02.17.020_0030.01.aba.beta,True,2,3,0.010208845138549805,0.04685068130493164,0.0016741752624511719,0.05873370170593262,19,2,18,15,3,94,549,8649
oliveira/04_11/randm04.02.02.17.020_0030.02.aba.beta,True,2,3,0.028695106506347656,0.10292458534240723,0.004640817642211914,0.1362605094909668,24,2,23,21,3,177,553,8710
oliveira/04_11/randm04.02.02.17.020_0030.03.aba.beta,True,2,3,0.014149188995361328,0.054303884506225586,0.0015816688537597656,0.07003474235534668,16,2,15,12,3,76,535,8562
oliveira/04_11/randm04.02.02.17.020_0030.04.aba.beta,True,2,3,0.01685333251953125,0.0809168815612793,0.0019538402557373047,0.09972405433654785,18,2,17,15,3,95,535,8572
oliveira/04_11/randm04.02.02.17.020_0030.05.aba.beta,True,2,3,0.015117883682250977,0.06588482856750488,0.0018310546875,0.08283376693725586,20,2,19,16,3,108,540,8576
oliveira/04_11/randm04.02.02.18.020_0030.01.aba.beta,True,5,4,0.04011964797973633,0.1426239013671875,0.0017998218536376953,0.18454337120056152,36,5,34,22,4,244,627,9607
oliveira/04_11/randm04.02.02.18.020_0030.02.aba.beta,True,5,4,0.03725838661193848,0.15877628326416016,0.001920938491821289,0.19795560836791992,55,4,52,35,5,632,598,9241
oliveira/04_11/randm04.02.02.18.020_0030.03.aba.beta,True,5,4,0.028402090072631836,0.13750123977661133,0.002141714096069336,0.1680450439453125,41,5,38,27,4,321,692,10574
oliveira/04_11/randm04.02.02.18.020_0030.04.aba.beta,True,5,4,0.04201698303222656,0.1608140468597412,0.0026628971099853516,0.20549392700195312,61,5,57,44,4,691,866,13472
oliveira/04_11/randm04.02.02.18.020_0030.05.aba.beta,True,3,4,0.014939546585083008,0.08485579490661621,0.00196075439453125,0.10175609588623047,23,3,22,19,4,93,547,8625
oliveira/04_11/randm04.02.02.19.020_0030.01.aba.beta,True,3,3,0.03343796730041504,0.11909294128417969,0.0024521350860595703,0.1549830436706543,28,3,27,21,3,192,556,8704
oliveira/04_11/randm04.02.02.19.020_0030.02.aba.beta,True,3,3,0.021958589553833008,0.11257290840148926,0.006309986114501953,0.14084148406982422,30,3,29,24,3,253,571,8838
oliveira/04_11/randm04.02.02.19.020_0030.03.aba.beta,True,3,3,0.02088761329650879,0.08213067054748535,0.001745462417602539,0.10476374626159668,28,3,27,20,3,204,553,8705
oliveira/04_11/randm04.02.02.19.020_0030.04.aba.beta,True,3,3,0.020656108856201172,0.0987234115600586,0.0017523765563964844,0.12113189697265625,23,3,27,14,3,117,548,8634
oliveira/04_11/randm04.02.02.19.020_0030.05.aba.beta,True,3,3,0.023652315139770508,0.12449812889099121,0.0015895366668701172,0.14973998069763184,29,3,27,22,3,239,563,8791
oliveira/04_11/randm05.02.02.01.020_0030.01.aba.beta,True,4,3,0.020162582397460938,0.10704660415649414,0.0016922950744628906,0.12890148162841797,35,4,32,27,3,341,568,8870
oliveira/04_11/randm05.02.02.01.020_0030.02.aba.beta,True,3,3,0.02086019515991211,0.07571530342102051,0.0018792152404785156,0.09845471382141113,17,3,15,11,3,64,550,8635
oliveira/04_11/randm05.02.02.01.020_0030.03.aba.beta,True,3,3,0.016420841217041016,0.08300375938415527,0.0017709732055664062,0.1011955738067627,23,3,25,15,3,97,557,8677
oliveira/04_11/randm05.02.02.01.020_0030.04.aba.beta,True,2,3,0.012431621551513672,0.09411120414733887,0.003793954849243164,0.1103367805480957,14,2,16,11,3,38,537,8578
oliveira/04_11/randm05.02.02.01.020_0030.05.aba.beta,True,2,3,0.011275529861450195,0.05231070518493652,0.0014851093292236328,0.06507134437561035,14,2,16,11,3,38,525,8509
oliveira/04_11/randm05.02.02.02.020_0030.01.aba.beta,True,2,3,0.012605905532836914,0.05150318145751953,0.0021140575408935547,0.06622314453125,19,2,21,14,3,64,524,8509
oliveira/04_11/randm05.02.02.02.020_0030.02.aba.beta,True,2,3,0.00875997543334961,0.04810953140258789,0.0017464160919189453,0.058615922927856445,24,2,23,14,3,158,544,8631
oliveira/04_11/randm05.02.02.02.020_0030.03.aba.beta,True,2,3,0.012897491455078125,0.05721259117126465,0.0023827552795410156,0.07249283790588379,27,2,26,22,3,260,544,8682
oliveira/04_11/randm05.02.02.02.020_0030.04.aba.beta,True,2,3,0.012478351593017578,0.05450844764709473,0.0020058155059814453,0.06899261474609375,18,2,19,16,3,58,537,8583
oliveira/04_11/randm05.02.02.02.020_0030.05.aba.beta,True,2,3,0.019156932830810547,0.06881833076477051,0.0017042160034179688,0.08967947959899902,18,2,19,14,3,58,535,8572
oliveira/04_11/randm05.02.02.03.020_0030.01.aba.beta,True,1,1,0.005849599838256836,0.025165796279907227,0.0019412040710449219,0.032956600189208984,3,1,3,3,1,2,543,8619
oliveira/04_11/randm05.02.02.03.020_0030.02.aba.beta,True,1,1,0.005801677703857422,0.0337982177734375,0.0028989315032958984,0.04249882698059082,3,1,3,3,1,2,538,8597
oliveira/04_11/randm05.02.02.03.020_0030.03.aba.beta,True,1,1,0.006056785583496094,0.03975081443786621,0.0018088817596435547,0.04761648178100586,3,1,3,3,1,2,537,8598
oliveira/04_11/randm05.02.02.03.020_0030.04.aba.beta,True,1,1,0.005260467529296875,0.025391101837158203,0.0020720958709716797,0.03272366523742676,3,1,3,3,1,2,534,8583
oliveira/04_11/randm05.02.02.03.020_0030.05.aba.beta,True,1,1,0.005661964416503906,0.021717071533203125,0.002077341079711914,0.029456377029418945,3,1,3,3,1,2,521,8531
oliveira/04_11/randm05.02.02.04.020_0030.01.aba.beta,True,5,5,0.033170223236083984,0.1919078826904297,0.0017211437225341797,0.22679924964904785,47,3,45,35,6,344,594,9252
oliveira/04_11/randm05.02.02.04.020_0030.02.aba.beta,True,6,5,0.06046652793884277,0.1860811710357666,0.0019779205322265625,0.24852561950683594,64,6,69,31,5,563,646,9800
oliveira/04_11/randm05.02.02.04.020_0030.03.aba.beta,True,4,5,0.020840883255004883,0.11425185203552246,0.00176239013671875,0.1368551254272461,35,2,34,27,6,269,561,8738
oliveira/04_11/randm05.02.02.04.020_0030.04.aba.beta,True,9,5,0.06629824638366699,0.33162927627563477,0.002184152603149414,0.40011167526245117,60,8,53,50,5,548,738,11116
oliveira/04_11/randm05.02.02.04.020_0030.05.aba.beta,True,6,5,0.0546722412109375,0.2244274616241455,0.001989603042602539,0.28108930587768555,65,6,63,44,5,639,630,9703
oliveira/04_11/randm05.02.02.05.020_0030.01.aba.beta,True,2,4,0.01452779769897461,0.05404853820800781,0.0016045570373535156,0.07018089294433594,23,2,25,13,4,117,542,8591
oliveira/04_11/randm05.02.02.05.020_0030.02.aba.beta,True,3,4,0.020537376403808594,0.08466792106628418,0.0016934871673583984,0.10689878463745117,25,3,25,16,4,134,545,8604
oliveira/04_11/randm05.02.02.05.020_0030.03.aba.beta,True,5,4,0.030184030532836914,0.13484668731689453,0.002285003662109375,0.16731572151184082,42,5,39,27,4,372,585,8993
oliveira/04_11/randm05.02.02.05.020_0030.04.aba.beta,True,5,4,0.04569411277770996,0.18471336364746094,0.0026819705963134766,0.23308944702148438,49,5,48,34,4,617,609,9408
oliveira/04_11/randm05.02.02.05.020_0030.05.aba.beta,True,6,4,0.060843706130981445,0.26717042922973633,0.004955291748046875,0.33296942710876465,50,6,45,35,4,553,662,10038
oliveira/04_11/randm05.02.02.06.020_0030.01.aba.beta,True,6,5,0.05110430717468262,0.1926112174987793,0.0028684139251708984,0.2465839385986328,46,5,44,26,5,323,626,9647
oliveira/04_11/randm05.02.02.06.020_0030.02.aba.beta,True,6,5,0.05301165580749512,0.25718235969543457,0.0019731521606445312,0.3121671676635742,53,5,49,23,5,394,603,9218
oliveira/04_11/randm05.02.02.06.020_0030.03.aba.beta,True,7,5,0.0565800666809082,0.2826881408691406,0.0022940635681152344,0.34156227111816406,70,6,67,49,5,826,680,10523
oliveira/04_11/randm05.02.02.06.020_0030.04.aba.beta,True,10,5,0.09418344497680664,0.3820493221282959,0.002871274948120117,0.47910404205322266,97,9,89,72,5,1109,868,13012
oliveira/04_11/randm05.02.02.06.020_0030.05.aba.beta,True,7,5,0.06392621994018555,0.2921903133392334,0.003348827362060547,0.3594653606414795,54,6,49,30,5,531,614,9194
oliveira/04_11/randm05.02.02.07.020_0030.01.aba.beta,True,8,5,0.044956207275390625,0.2993624210357666,0.0026040077209472656,0.3469226360321045,105,7,99,83,5,1364,818,12377
oliveira/04_11/randm05.02.02.07.020_0030.02.aba.beta,True,9,5,0.09461140632629395,0.49953532218933105,0.004462480545043945,0.598609209060669,86,8,81,67,5,950,814,12284
oliveira/04_11/randm05.02.02.07.020_0030.03.aba.beta,True,8,5,0.059041738510131836,0.25581932067871094,0.0020389556884765625,0.31690001487731934,61,7,57,45,5,566,666,10060
oliveira/04_11/randm05.02.02.07.020_0030.04.aba.beta,True,7,5,0.06598377227783203,0.2726867198944092,0.002961874008178711,0.3416323661804199,78,6,73,58,5,873,886,13673
oliveira/04_11/randm05.02.02.07.020_0030.05.aba.beta,True,8,5,0.053197383880615234,0.2976257801055908,0.0024170875549316406,0.3532402515411377,101,7,95,80,5,1320,841,12840
oliveira/04_11/randm05.02.02.08.020_0030.01.aba.beta,True,2,3,0.02922677993774414,0.07403230667114258,0.0015671253204345703,0.10482621192932129,16,2,15,11,3,53,530,8539
oliveira/04_11/randm05.02.02.08.020_0030.02.aba.beta,True,3,3,0.020025968551635742,0.08560371398925781,0.001589059829711914,0.10721874237060547,23,3,21,15,3,113,556,8666
oliveira/04_11/randm05.02.02.08.020_0030.03.aba.beta,True,4,3,0.0218353271484375,0.12304186820983887,0.0022461414337158203,0.1471233367919922,26,4,23,17,3,149,566,8766
oliveira/04_11/randm05.02.02.08.020_0030.04.aba.beta,True,2,3,0.012618541717529297,0.05367088317871094,0.0015947818756103516,0.06788420677185059,11,2,10,10,3,25,539,8597
oliveira/04_11/randm05.02.02.08.020_0030.05.aba.beta,True,2,3,0.020211219787597656,0.08650684356689453,0.0020246505737304688,0.10874271392822266,16,2,15,12,3,53,545,8613
oliveira/04_11/randm05.02.02.09.020_0030.01.aba.beta,True,4,4,0.0312955379486084,0.17142200469970703,0.00217437744140625,0.20489192008972168,42,3,40,35,4,341,592,9265
oliveira/04_11/randm05.02.02.09.020_0030.02.aba.beta,True,3,4,0.022194385528564453,0.08231258392333984,0.0016238689422607422,0.10613083839416504,41,3,39,25,4,383,573,8871
oliveira/04_11/randm05.02.02.09.020_0030.03.aba.beta,True,2,4,0.014280557632446289,0.052648305892944336,0.001924753189086914,0.06885361671447754,24,2,25,12,4,102,546,8624
oliveira/04_11/randm05.02.02.09.020_0030.04.aba.beta,True,2,4,0.017984390258789062,0.0819394588470459,0.0030701160430908203,0.10299396514892578,17,2,20,11,4,58,542,8607
oliveira/04_11/randm05.02.02.09.020_0030.05.aba.beta,True,4,4,0.0230560302734375,0.09818482398986816,0.0015361309051513672,0.12277698516845703,27,4,24,16,4,127,556,8674
oliveira/04_11/randm05.02.02.10.020_0030.01.aba.beta,True,8,5,0.06320977210998535,0.24380803108215332,0.0023903846740722656,0.30940818786621094,57,8,58,38,5,701,657,9919
oliveira/04_11/randm05.02.02.10.020_0030.02.aba.beta,True,8,5,0.06534266471862793,0.2616007328033447,0.003083944320678711,0.33002734184265137,66,7,67,40,6,873,953,14619
oliveira/04_11/randm05.02.02.10.020_0030.03.aba.beta,True,8,5,0.05554676055908203,0.24045968055725098,0.0028078556060791016,0.2988142967224121,60,7,64,31,6,639,931,14333
oliveira/04_11/randm05.02.02.10.020_0030.04.aba.beta,True,3,5,0.03133702278137207,0.10678720474243164,0.004380941390991211,0.14250516891479492,40,3,68,24,5,334,579,9120
oliveira/04_11/randm05.02.02.10.020_0030.05.aba.beta,True,7,5,0.04715275764465332,0.22521615028381348,0.001996278762817383,0.2743651866912842,64,5,66,46,7,607,653,10200
oliveira/04_11/randm05.02.02.11.020_0030.01.aba.beta,True,7,5,0.05765509605407715,0.2712581157684326,0.008977890014648438,0.3378911018371582,57,7,53,38,5,395,2035,31766
oliveira/04_11/randm05.02.02.11.020_0030.02.aba.beta,True,7,5,0.05142545700073242,0.21757173538208008,0.005789279937744141,0.27478647232055664,59,7,55,38,5,409,1790,28426
oliveira/04_11/randm05.02.02.11.020_0030.03.aba.beta,True,6,5,0.07062768936157227,0.23755550384521484,0.0052645206451416016,0.3134477138519287,81,6,82,53,5,1121,662,10273
oliveira/04_11/randm05.02.02.11.020_0030.04.aba.beta,True,3,5,0.021079540252685547,0.08354973793029785,0.001514434814453125,0.10614371299743652,53,3,52,27,5,461,547,8647
oliveira/04_11/randm05.02.02.11.020_0030.05.aba.beta,True,6,5,0.04523158073425293,0.19903874397277832,0.0066623687744140625,0.2509326934814453,59,6,54,42,5,479,1601,25244
oliveira/04_11/randm05.02.02.12.020_0030.01.aba.beta,True,2,3,0.009344816207885742,0.048865556716918945,0.0015811920166015625,0.05979156494140625,13,2,12,11,3,34,542,8611
oliveira/04_11/randm05.02.02.12.020_0030.02.aba.beta,True,4,3,0.03024768829345703,0.14881253242492676,0.0017118453979492188,0.180772066116333,22,4,20,16,3,122,569,8749
oliveira/04_11/randm05.02.02.12.020_0030.03.aba.beta,True,4,3,0.01852130889892578,0.09793877601623535,0.0017061233520507812,0.11816620826721191,29,4,26,22,3,241,559,8778
oliveira/04_11/randm05.02.02.12.020_0030.04.aba.beta,True,3,3,0.0299069881439209,0.1116325855255127,0.0019435882568359375,0.14348316192626953,38,3,37,33,3,439,575,9003
oliveira/04_11/randm05.02.02.12.020_0030.05.aba.beta,True,3,3,0.041176557540893555,0.20250606536865234,0.005009889602661133,0.24869251251220703,30,3,29,25,3,226,588,9202
oliveira/04_11/randm05.02.02.13.020_0030.01.aba.beta,True,9,5,0.062194108963012695,0.2901911735534668,0.002234220504760742,0.35461950302124023,92,8,89,71,6,941,770,11857
oliveira/04_11/randm05.02.02.13.020_0030.02.aba.beta,True,7,5,0.05000114440917969,0.2045905590057373,0.0017805099487304688,0.25637221336364746,53,6,48,28,5,462,615,9343
oliveira/04_11/randm05.02.02.13.020_0030.03.aba.beta,True,7,5,0.07126474380493164,0.3649110794067383,0.0022513866424560547,0.438427209854126,108,6,103,66,6,1460,732,11179
oliveira/04_11/randm05.02.02.13.020_0030.04.aba.beta,True,5,5,0.04024243354797363,0.18157505989074707,0.0017476081848144531,0.22356510162353516,70,4,67,44,6,982,622,9630
oliveira/04_11/randm05.02.02.13.020_0030.05.aba.beta,True,8,5,0.08318257331848145,0.3400394916534424,0.004925251007080078,0.4281473159790039,72,7,66,60,5,824,684,10374
oliveira/04_11/randm05.02.02.14.020_0030.01.aba.beta,True,1,1,0.003871917724609375,0.020878314971923828,0.0019261837005615234,0.026676416397094727,3,1,3,3,1,2,531,8569
oliveira/04_11/randm05.02.02.14.020_0030.02.aba.beta,True,1,1,0.008922576904296875,0.025340557098388672,0.0018167495727539062,0.03607988357543945,3,1,3,3,1,2,530,8565
oliveira/04_11/randm05.02.02.14.020_0030.03.aba.beta,True,1,1,0.004885435104370117,0.022202253341674805,0.0016932487487792969,0.02878093719482422,3,1,3,3,1,2,541,8613
oliveira/04_11/randm05.02.02.14.020_0030.04.aba.beta,True,1,1,0.007591962814331055,0.024364948272705078,0.0014352798461914062,0.03339219093322754,3,1,3,3,1,2,532,8544
oliveira/04_11/randm05.02.02.14.020_0030.05.aba.beta,True,1,1,0.004056215286254883,0.021781206130981445,0.001508951187133789,0.027346372604370117,3,1,3,3,1,2,530,8544
oliveira/04_11/randm05.02.02.15.020_0030.01.aba.beta,True,2,3,0.018570899963378906,0.09456276893615723,0.0034210681915283203,0.11655473709106445,21,2,21,16,3,119,537,8584
oliveira/04_11/randm05.02.02.15.020_0030.02.aba.beta,True,2,3,0.011301994323730469,0.0469052791595459,0.0016014575958251953,0.05980873107910156,15,2,15,13,3,52,542,8602
oliveira/04_11/randm05.02.02.15.020_0030.03.aba.beta,True,3,3,0.01744699478149414,0.07509541511535645,0.0019795894622802734,0.09452199935913086,20,3,19,15,3,96,551,8645
oliveira/04_11/randm05.02.02.15.020_0030.04.aba.beta,True,2,3,0.01242518424987793,0.05576515197753906,0.0019578933715820312,0.07014822959899902,22,2,22,17,3,135,546,8654
oliveira/04_11/randm05.02.02.15.020_0030.05.aba.beta,True,2,3,0.013818025588989258,0.06982684135437012,0.0016937255859375,0.08533859252929688,19,2,19,14,3,90,549,8644
oliveira/04_11/randm05.02.02.16.020_0030.01.aba.beta,True,1,1,0.0037899017333984375,0.022834062576293945,0.0014750957489013672,0.02809906005859375,3,1,3,3,1,2,534,8587
oliveira/04_11/randm05.02.02.16.020_0030.02.aba.beta,True,1,1,0.004939079284667969,0.029381275177001953,0.0015327930450439453,0.03585314750671387,3,1,3,3,1,2,540,8611
oliveira/04_11/randm05.02.02.16.020_0030.03.aba.beta,True,1,1,0.0049893856048583984,0.020212650299072266,0.0016825199127197266,0.02688455581665039,3,1,3,3,1,2,534,8572
oliveira/04_11/randm05.02.02.16.020_0030.04.aba.beta,True,1,1,0.007409572601318359,0.028459548950195312,0.0018765926361083984,0.03774571418762207,3,1,3,3,1,2,543,8622
oliveira/04_11/randm05.02.02.16.020_0030.05.aba.beta,True,1,1,0.0054473876953125,0.03481340408325195,0.001988649368286133,0.042249441146850586,3,1,3,3,1,2,543,8624
oliveira/04_11/randm05.02.02.17.020_0030.01.aba.beta,True,4,5,0.02684950828552246,0.11009621620178223,0.0016558170318603516,0.13860154151916504,39,4,40,31,5,240,607,9538
oliveira/04_11/randm05.02.02.17.020_0030.02.aba.beta,True,7,5,0.0512394905090332,0.18840622901916504,0.0016512870788574219,0.24129700660705566,47,7,45,25,5,354,619,9336
oliveira/04_11/randm05.02.02.17.020_0030.03.aba.beta,True,10,5,0.13007760047912598,0.46476173400878906,0.003306865692138672,0.5981462001800537,80,8,73,60,6,785,799,11925
oliveira/04_11/randm05.02.02.17.020_0030.04.aba.beta,True,9,5,0.08230710029602051,0.4918243885040283,0.006203651428222656,0.5803351402282715,87,7,81,68,6,1034,884,13522
oliveira/04_11/randm05.02.02.17.020_0030.05.aba.beta,True,6,5,0.04468536376953125,0.23479247093200684,0.002482175827026367,0.28196001052856445,67,5,63,50,5,886,686,10516
oliveira/04_11/randm05.02.02.18.020_0030.01.aba.beta,True,1,1,0.0050542354583740234,0.026925086975097656,0.0016200542449951172,0.0335993766784668,3,1,3,3,1,2,534,8577
oliveira/04_11/randm05.02.02.18.020_0030.02.aba.beta,True,1,1,0.014815092086791992,0.0221710205078125,0.0014693737030029297,0.03845548629760742,3,1,3,3,1,2,535,8592
oliveira/04_11/randm05.02.02.18.020_0030.03.aba.beta,True,1,1,0.004506587982177734,0.020748615264892578,0.0015218257904052734,0.026777029037475586,3,1,3,3,1,2,529,8564
oliveira/04_11/randm05.02.02.18.020_0030.04.aba.beta,True,1,1,0.005725860595703125,0.033410072326660156,0.002881288528442383,0.042017221450805664,3,1,3,3,1,2,523,8497
oliveira/04_11/randm05.02.02.18.020_0030.05.aba.beta,True,1,1,0.011681318283081055,0.021843433380126953,0.0015065670013427734,0.03503131866455078,3,1,3,3,1,2,533,8555
oliveira/04_11/randm05.02.02.19.020_0030.01.aba.beta,True,2,3,0.012139558792114258,0.04792428016662598,0.0016856193542480469,0.06174945831298828,12,2,11,11,3,25,543,8612
oliveira/04_11/randm05.02.02.19.020_0030.02.aba.beta,True,2,3,0.010868549346923828,0.050711631774902344,0.0020079612731933594,0.06358814239501953,12,2,11,11,3,25,548,8631
oliveira/04_11/randm05.02.02.19.020_0030.03.aba.beta,True,2,3,0.019207239151000977,0.10831856727600098,0.0016906261444091797,0.12921643257141113,18,2,17,14,3,82,537,8592
oliveira/04_11/randm05.02.02.19.020_0030.04.aba.beta,True,2,3,0.011615991592407227,0.045805931091308594,0.0014848709106445312,0.05890679359436035,14,2,14,10,3,46,536,8571
oliveira/04_11/randm05.02.02.19.020_0030.05.aba.beta,True,2,3,0.010242700576782227,0.04735684394836426,0.0015926361083984375,0.05919218063354492,12,2,11,11,3,25,528,8538
oliveira/04_11/randm06.02.02.01.020_0030.01.aba.beta,True,2,4,0.012941122055053711,0.051833391189575195,0.0016565322875976562,0.06643104553222656,35,2,39,23,4,350,556,8740
oliveira/04_11/randm06.02.02.01.020_0030.02.aba.beta,True,2,4,0.014670848846435547,0.05086040496826172,0.001863241195678711,0.06739449501037598,24,2,26,15,4,116,545,8623
oliveira/04_11/randm06.02.02.01.020_0030.03.aba.beta,True,3,4,0.019746065139770508,0.08005642890930176,0.0022020339965820312,0.1020045280456543,34,3,37,21,4,231,585,9124
oliveira/04_11/randm06.02.02.01.020_0030.04.aba.beta,True,3,4,0.020851850509643555,0.10141158103942871,0.001725912094116211,0.12398934364318848,36,3,39,24,4,270,549,8665
oliveira/04_11/randm06.02.02.01.020_0030.05.aba.beta,True,5,4,0.030345439910888672,0.15794658660888672,0.002277374267578125,0.19056940078735352,69,5,68,55,4,943,733,11308
oliveira/04_11/randm06.02.02.02.020_0030.01.aba.beta,True,2,3,0.00881648063659668,0.04952192306518555,0.0014951229095458984,0.059833526611328125,12,2,12,10,3,29,540,8590
oliveira/04_11/randm06.02.02.02.020_0030.02.aba.beta,True,2,3,0.013493061065673828,0.061667680740356445,0.0016160011291503906,0.07677674293518066,18,2,18,13,3,79,521,8482
oliveira/04_11/randm06.02.02.02.020_0030.03.aba.beta,True,2,3,0.012337684631347656,0.050012826919555664,0.0016503334045410156,0.06400084495544434,22,2,22,17,3,137,548,8665
oliveira/04_11/randm06.02.02.02.020_0030.04.aba.beta,True,2,3,0.013258695602416992,0.05057072639465332,0.0017261505126953125,0.06555557250976562,20,2,20,15,3,106,547,8639
oliveira/04_11/randm06.02.02.02.020_0030.05.aba.beta,True,2,3,0.04151105880737305,0.11506962776184082,0.0018188953399658203,0.1583995819091797,12,2,12,11,3,29,541,8600
oliveira/04_11/randm06.02.02.03.020_0030.01.aba.beta,True,4,5,0.03112959861755371,0.11454153060913086,0.0028045177459716797,0.14847564697265625,42,4,40,23,5,193,879,13800
oliveira/04_11/randm06.02.02.03.020_0030.02.aba.beta,True,3,5,0.016820192337036133,0.07429862022399902,0.0024716854095458984,0.09359049797058105,26,3,24,23,5,79,784,12454
oliveira/04_11/randm06.02.02.03.020_0030.03.aba.beta,True,7,5,0.05243086814880371,0.18581891059875488,0.0016644001007080078,0.2399141788482666,60,7,54,29,5,425,591,8875
oliveira/04_11/randm06.02.02.03.020_0030.04.aba.beta,True,6,5,0.054431915283203125,0.1595315933227539,0.001764059066772461,0.2157275676727295,42,6,37,21,5,259,578,8774
oliveira/04_11/randm06.02.02.03.020_0030.05.aba.beta,True,4,5,0.02970719337463379,0.1148982048034668,0.0025048255920410156,0.1471102237701416,48,4,45,39,5,377,786,12329
oliveira/04_11/randm06.02.02.04.020_0030.01.aba.beta,True,1,1,0.004990339279174805,0.024741411209106445,0.0015137195587158203,0.03124547004699707,3,1,3,3,1,2,525,8535
oliveira/04_11/randm06.02.02.04.020_0030.02.aba.beta,True,1,1,0.014709711074829102,0.05076265335083008,0.002574920654296875,0.06804728507995605,3,1,3,3,1,2,531,8571
oliveira/04_11/randm06.02.02.04.020_0030.03.aba.beta,True,1,1,0.00637364387512207,0.02237558364868164,0.0018837451934814453,0.030632972717285156,3,1,3,3,1,2,535,8590
oliveira/04_11/randm06.02.02.04.020_0030.04.aba.beta,True,1,1,0.004584074020385742,0.02232193946838379,0.0012760162353515625,0.028182029724121094,3,1,3,3,1,2,532,8555
oliveira/04_11/randm06.02.02.04.020_0030.05.aba.beta,True,1,1,0.004257917404174805,0.025339841842651367,0.0017991065979003906,0.03139686584472656,3,1,3,3,1,2,525,8541
oliveira/04_11/randm06.02.02.05.020_0030.01.aba.beta,True,8,5,0.04423213005065918,0.2184739112854004,0.002028226852416992,0.26473426818847656,59,6,54,30,6,390,601,9225
oliveira/04_11/randm06.02.02.05.020_0030.02.aba.beta,True,6,5,0.05640745162963867,0.24021029472351074,0.0036759376525878906,0.3002936840057373,55,4,52,34,5,441,578,8895
oliveira/04_11/randm06.02.02.05.020_0030.03.aba.beta,True,2,5,0.022521495819091797,0.05077242851257324,0.001863718032836914,0.07515764236450195,32,2,37,19,5,167,551,8642
oliveira/04_11/randm06.02.02.05.020_0030.04.aba.beta,True,3,5,0.04313063621520996,0.14373373985290527,0.0018129348754882812,0.18867731094360352,39,3,41,18,5,221,569,9042
oliveira/04_11/randm06.02.02.05.020_0030.05.aba.beta,True,5,5,0.036852359771728516,0.1692790985107422,0.0018146038055419922,0.2079460620880127,73,3,73,47,6,968,608,9439
oliveira/04_11/randm06.02.02.06.020_0030.01.aba.beta,True,8,5,0.06205558776855469,0.269442081451416,0.0019381046295166016,0.3334357738494873,64,7,58,43,5,654,664,10024
oliveira/04_11/randm06.02.02.06.020_0030.02.aba.beta,True,8,5,0.05660581588745117,0.28973960876464844,0.002173185348510742,0.34851861000061035,88,6,84,57,6,1048,673,10215
oliveira/04_11/randm06.02.02.06.020_0030.03.aba.beta,True,4,5,0.02939772605895996,0.13327789306640625,0.001825571060180664,0.16450119018554688,50,3,48,34,5,776,584,9218
oliveira/04_11/randm06.02.02.06.020_0030.04.aba.beta,True,8,5,0.04982280731201172,0.28348350524902344,0.0026476383209228516,0.335953950881958,86,7,80,66,5,1040,784,11897
oliveira/04_11/randm06.02.02.06.020_0030.05.aba.beta,True,11,5,0.07980084419250488,0.44585585594177246,0.003398895263671875,0.5290555953979492,112,9,104,80,6,1243,1047,15911
oliveira/04_11/randm06.02.02.07.020_0030.01.aba.beta,True,5,5,0.025055885314941406,0.1490011215209961,0.0016567707061767578,0.17571377754211426,37,4,36,30,5,164,556,8676
oliveira/04_11/randm06.02.02.07.020_0030.02.aba.beta,True,6,5,0.04806375503540039,0.21000933647155762,0.003648042678833008,0.261721134185791,52,4,49,33,5,334,571,8803
oliveira/04_11/randm06.02.02.07.020_0030.03.aba.beta,True,8,5,0.06951403617858887,0.3108353614807129,0.0030107498168945312,0.3833601474761963,80,6,84,44,6,904,629,9536
oliveira/04_11/randm06.02.02.07.020_0030.04.aba.beta,True,5,5,0.03652215003967285,0.15772604942321777,0.0015213489532470703,0.1957695484161377,40,4,38,29,5,199,556,8697
oliveira/04_11/randm06.02.02.07.020_0030.05.aba.beta,True,4,5,0.03340935707092285,0.139601469039917,0.001997232437133789,0.17500805854797363,58,4,58,39,5,560,631,9836
oliveira/04_11/randm06.02.02.08.020_0030.01.aba.beta,True,5,4,0.042905569076538086,0.1476302146911621,0.0016739368438720703,0.19220972061157227,36,5,32,22,4,312,589,8918
oliveira/04_11/randm06.02.02.08.020_0030.02.aba.beta,True,5,4,0.03462386131286621,0.12673211097717285,0.0023717880249023438,0.1637277603149414,33,5,29,21,4,234,570,8793
oliveira/04_11/randm06.02.02.08.020_0030.03.aba.beta,True,3,4,0.02667069435119629,0.09822368621826172,0.00234222412109375,0.12723660469055176,23,3,21,16,4,70,532,8521
oliveira/04_11/randm06.02.02.08.020_0030.04.aba.beta,True,3,4,0.04567074775695801,0.1356830596923828,0.0021147727966308594,0.18346858024597168,25,3,23,18,4,82,537,8579
oliveira/04_11/randm06.02.02.08.020_0030.05.aba.beta,True,5,4,0.038396358489990234,0.15851783752441406,0.0025434494018554688,0.19945764541625977,51,5,47,39,4,694,671,10278
oliveira/04_11/randm06.02.02.09.020_0030.01.aba.beta,True,7,5,0.05663895606994629,0.2674980163574219,0.0028045177459716797,0.32694149017333984,91,7,95,75,5,1270,878,13694
oliveira/04_11/randm06.02.02.09.020_0030.02.aba.beta,True,4,5,0.03649711608886719,0.13285040855407715,0.002028942108154297,0.17137646675109863,78,4,85,54,5,1123,665,10492
oliveira/04_11/randm06.02.02.09.020_0030.03.aba.beta,True,5,5,0.02861642837524414,0.1537940502166748,0.0017685890197753906,0.18417906761169434,63,4,60,40,5,868,615,9553
oliveira/04_11/randm06.02.02.09.020_0030.04.aba.beta,True,9,5,0.09744429588317871,0.376086950302124,0.0034720897674560547,0.4770033359527588,91,8,84,58,5,884,841,12696
oliveira/04_11/randm06.02.02.09.020_0030.05.aba.beta,True,7,5,0.040381669998168945,0.22774434089660645,0.0027229785919189453,0.27084898948669434,69,5,76,46,6,780,930,14693
oliveira/04_11/randm06.02.02.10.020_0030.01.aba.beta,True,3,4,0.020883560180664062,0.07898139953613281,0.001627206802368164,0.10149216651916504,23,3,22,17,4,83,547,8613
oliveira/04_11/randm06.02.02.10.020_0030.02.aba.beta,True,4,4,0.03180050849914551,0.21500897407531738,0.0019826889038085938,0.24879217147827148,27,3,25,19,5,142,557,8689
oliveira/04_11/randm06.02.02.10.020_0030.03.aba.beta,True,4,4,0.03196239471435547,0.17497611045837402,0.0022780895233154297,0.20921659469604492,26,3,26,16,5,127,544,8586
oliveira/04_11/randm06.02.02.10.020_0030.04.aba.beta,True,4,4,0.028391122817993164,0.14941692352294922,0.0018410682678222656,0.17964911460876465,36,3,34,28,5,302,571,8857
oliveira/04_11/randm06.02.02.10.020_0030.05.aba.beta,True,3,4,0.019034862518310547,0.08252453804016113,0.0019004344940185547,0.10345983505249023,18,3,16,12,4,57,550,8631
oliveira/04_11/randm06.02.02.11.020_0030.01.aba.beta,True,7,6,0.05738091468811035,0.34784388542175293,0.0022079944610595703,0.40743279457092285,105,5,101,68,6,1506,709,10985
oliveira/04_11/randm06.02.02.11.020_0030.02.aba.beta,True,10,6,0.07369184494018555,0.3773949146270752,0.002599477767944336,0.4536862373352051,115,9,107,77,6,1489,854,12964
oliveira/04_11/randm06.02.02.11.020_0030.03.aba.beta,True,12,6,0.10358524322509766,0.47235870361328125,0.002863168716430664,0.5788071155548096,96,9,99,61,8,1086,755,11242
oliveira/04_11/randm06.02.02.11.020_0030.04.aba.beta,True,8,6,0.05998039245605469,0.30362606048583984,0.0024237632751464844,0.366030216217041,94,7,106,58,7,835,768,11717
oliveira/04_11/randm06.02.02.11.020_0030.05.aba.beta,True,12,6,0.0804755687713623,0.4687061309814453,0.002838611602783203,0.5520203113555908,108,9,106,72,8,1271,902,13356
oliveira/04_11/randm06.02.02.12.020_0030.01.aba.beta,True,8,4,0.049332380294799805,0.23508334159851074,0.0021169185638427734,0.2865326404571533,40,7,34,22,4,227,726,10943
oliveira/04_11/randm06.02.02.12.020_0030.02.aba.beta,True,3,4,0.02253890037536621,0.0831458568572998,0.0017628669738769531,0.10744762420654297,36,3,35,19,4,163,542,8604
oliveira/04_11/randm06.02.02.12.020_0030.03.aba.beta,True,3,4,0.02101445198059082,0.09381747245788574,0.00186920166015625,0.11670112609863281,41,3,40,28,4,243,552,8715
oliveira/04_11/randm06.02.02.12.020_0030.04.aba.beta,True,7,4,0.07158994674682617,0.2973365783691406,0.0064182281494140625,0.37534475326538086,41,6,36,24,4,322,757,11514
oliveira/04_11/randm06.02.02.12.020_0030.05.aba.beta,True,5,4,0.0321347713470459,0.1287846565246582,0.001617431640625,0.1625368595123291,37,4,34,23,4,310,583,8891
oliveira/04_11/randm06.02.02.13.020_0030.01.aba.beta,True,7,4,0.09689211845397949,0.3355586528778076,0.004372119903564453,0.43682289123535156,53,7,47,40,4,568,682,10317
oliveira/04_11/randm06.02.02.13.020_0030.02.aba.beta,True,7,4,0.06871271133422852,0.26871395111083984,0.0030775070190429688,0.34050416946411133,73,7,67,61,4,918,761,11542
oliveira/04_11/randm06.02.02.13.020_0030.03.aba.beta,True,4,4,0.02780938148498535,0.11551403999328613,0.0021390914916992188,0.1454625129699707,32,4,29,23,4,189,615,9545
oliveira/04_11/randm06.02.02.13.020_0030.04.aba.beta,True,4,4,0.023079872131347656,0.10946345329284668,0.0019006729125976562,0.134443998336792,37,4,34,28,4,363,588,8998
oliveira/04_11/randm06.02.02.13.020_0030.05.aba.beta,True,3,4,0.026500701904296875,0.09966635704040527,0.0015344619750976562,0.1277015209197998,43,3,41,35,4,511,570,9014
oliveira/04_11/randm06.02.02.14.020_0030.01.aba.beta,True,6,6,0.04509472846984863,0.1764998435974121,0.0017285346984863281,0.22332310676574707,60,5,56,34,7,686,567,8860
oliveira/04_11/randm06.02.02.14.020_0030.02.aba.beta,True,9,6,0.07516646385192871,0.2723665237426758,0.0018107891082763672,0.34934377670288086,70,8,66,31,7,583,634,9424
oliveira/04_11/randm06.02.02.14.020_0030.03.aba.beta,True,6,6,0.0523529052734375,0.17625665664672852,0.0020627975463867188,0.23067235946655273,80,6,84,39,6,723,623,9665
oliveira/04_11/randm06.02.02.14.020_0030.04.aba.beta,True,7,6,0.06127476692199707,0.22699379920959473,0.00213623046875,0.2904047966003418,78,4,75,46,8,762,579,9042
oliveira/04_11/randm06.02.02.14.020_0030.05.aba.beta,True,9,6,0.05464482307434082,0.26866769790649414,0.0017404556274414062,0.32505297660827637,68,6,65,44,8,698,645,9888
oliveira/04_11/randm06.02.02.15.020_0030.01.aba.beta,True,3,5,0.03522896766662598,0.13479018211364746,0.0024404525756835938,0.17245960235595703,54,3,53,33,5,447,586,9189
oliveira/04_11/randm06.02.02.15.020_0030.02.aba.beta,True,3,5,0.02039170265197754,0.08188652992248535,0.001959085464477539,0.10423731803894043,57,3,56,34,5,480,619,9730
oliveira/04_11/randm06.02.02.15.020_0030.03.aba.beta,True,2,5,0.038672685623168945,0.10535073280334473,0.0014538764953613281,0.145477294921875,49,2,62,26,5,272,541,8602
oliveira/04_11/randm06.02.02.15.020_0030.04.aba.beta,True,7,5,0.06208086013793945,0.26937150955200195,0.00397491455078125,0.33542728424072266,52,6,47,32,5,547,617,9266
oliveira/04_11/randm06.02.02.15.020_0030.05.aba.beta,True,10,5,0.11875605583190918,0.5688903331756592,0.005471944808959961,0.6931183338165283,73,8,66,42,7,899,705,10566
oliveira/04_11/randm06.02.02.16.020_0030.01.aba.beta,True,2,3,0.009979248046875,0.04842090606689453,0.0016164779663085938,0.060016632080078125,14,2,14,10,3,42,529,8513
oliveira/04_11/randm06.02.02.16.020_0030.02.aba.beta,True,3,3,0.022257328033447266,0.08139967918395996,0.0018413066864013672,0.1054983139038086,21,3,20,15,3,112,556,8685
oliveira/04_11/randm06.02.02.16.020_0030.03.aba.beta,True,2,3,0.010703086853027344,0.05374479293823242,0.0031151771545410156,0.06756305694580078,11,2,10,10,3,21,837,13591
oliveira/04_11/randm06.02.02.16.020_0030.04.aba.beta,True,2,3,0.009617090225219727,0.0488433837890625,0.0029075145721435547,0.06136798858642578,11,2,10,10,3,21,838,13337
oliveira/04_11/randm06.02.02.16.020_0030.05.aba.beta,True,2,3,0.009736299514770508,0.04754209518432617,0.0014965534210205078,0.05877494812011719,16,2,16,12,3,63,550,8643
oliveira/04_11/randm06.02.02.17.020_0030.01.aba.beta,True,5,4,0.030614852905273438,0.12748169898986816,0.0019998550415039062,0.1600964069366455,46,5,44,27,4,436,583,8945
oliveira/04_11/randm06.02.02.17.020_0030.02.aba.beta,True,5,4,0.035344839096069336,0.1549510955810547,0.0018553733825683594,0.19215130805969238,36,5,38,21,4,215,602,9171
oliveira/04_11/randm06.02.02.17.020_0030.03.aba.beta,True,5,4,0.048956871032714844,0.19301795959472656,0.0017743110656738281,0.24374914169311523,54,5,52,42,4,585,626,9583
oliveira/04_11/randm06.02.02.17.020_0030.04.aba.beta,True,3,4,0.023627519607543945,0.08387589454650879,0.0018553733825683594,0.1093587875366211,30,3,28,20,4,138,544,8613
oliveira/04_11/randm06.02.02.17.020_0030.05.aba.beta,True,3,4,0.017653465270996094,0.07841897010803223,0.0015590190887451172,0.09763145446777344,20,3,19,16,4,53,538,8568
oliveira/04_11/randm06.02.02.18.020_0030.01.aba.beta,True,4,6,0.03437352180480957,0.12729978561401367,0.0018393993377685547,0.1635127067565918,78,3,76,49,7,593,570,8917
oliveira/04_11/randm06.02.02.18.020_0030.02.aba.beta,True,5,6,0.03244376182556152,0.14305877685546875,0.0017104148864746094,0.17721295356750488,58,3,59,31,8,277,541,8592
oliveira/04_11/randm06.02.02.18.020_0030.03.aba.beta,True,7,6,0.05678367614746094,0.2444782257080078,0.0022537708282470703,0.3035156726837158,102,7,99,61,6,1377,718,10976
oliveira/04_11/randm06.02.02.18.020_0030.04.aba.beta,True,7,6,0.05408954620361328,0.24556684494018555,0.0016562938690185547,0.3013126850128174,78,6,73,49,7,780,599,9259
oliveira/04_11/randm06.02.02.18.020_0030.05.aba.beta,True,10,6,0.08536720275878906,0.3512532711029053,0.0023174285888671875,0.4389379024505615,116,9,112,84,6,1522,776,11860
oliveira/04_11/randm06.02.02.19.020_0030.01.aba.beta,True,1,1,0.005337953567504883,0.019489288330078125,0.0016472339630126953,0.026474475860595703,3,1,3,3,1,2,533,8572
oliveira/04_11/randm06.02.02.19.020_0030.02.aba.beta,True,1,1,0.005037784576416016,0.02475881576538086,0.00135040283203125,0.031147003173828125,3,1,3,3,1,2,537,8597
oliveira/04_11/randm06.02.02.19.020_0030.03.aba.beta,True,1,1,0.0039136409759521484,0.020872116088867188,0.0012159347534179688,0.026001691818237305,3,1,3,3,1,2,533,8578
oliveira/04_11/randm06.02.02.19.020_0030.04.aba.beta,True,1,1,0.003507852554321289,0.021245956420898438,0.0015234947204589844,0.02627730369567871,3,1,3,3,1,2,523,8524
oliveira/04_11/randm06.02.02.19.020_0030.05.aba.beta,True,1,1,0.015073537826538086,0.0234375,0.0015566349029541016,0.04006767272949219,3,1,3,3,1,2,525,8527
oliveira/04_11/randm07.02.02.01.020_0030.01.aba.beta,True,1,1,0.0048487186431884766,0.024347305297851562,0.0015950202941894531,0.030791044235229492,3,1,3,3,1,2,529,8553
oliveira/04_11/randm07.02.02.01.020_0030.02.aba.beta,True,1,1,0.004607677459716797,0.03700733184814453,0.001531362533569336,0.043146371841430664,3,1,3,3,1,2,526,8542
oliveira/04_11/randm07.02.02.01.020_0030.03.aba.beta,True,1,1,0.005701780319213867,0.02306056022644043,0.001699686050415039,0.030462026596069336,3,1,3,3,1,2,531,8553
oliveira/04_11/randm07.02.02.01.020_0030.04.aba.beta,True,1,1,0.003293752670288086,0.021781206130981445,0.001928567886352539,0.02700352668762207,3,1,3,3,1,2,530,8550
oliveira/04_11/randm07.02.02.01.020_0030.05.aba.beta,True,1,1,0.004157304763793945,0.022383689880371094,0.00142669677734375,0.02796769142150879,3,1,3,3,1,2,540,8609
oliveira/04_11/randm07.02.02.02.020_0030.01.aba.beta,True,1,1,0.004308462142944336,0.02203083038330078,0.0013866424560546875,0.027725934982299805,3,1,3,3,1,2,535,8587
oliveira/04_11/randm07.02.02.02.020_0030.02.aba.beta,True,1,1,0.009127378463745117,0.035797119140625,0.0017435550689697266,0.046668052673339844,3,1,3,3,1,2,538,8598
oliveira/04_11/randm07.02.02.02.020_0030.03.aba.beta,True,1,1,0.005384683609008789,0.02182745933532715,0.0013988018035888672,0.028610944747924805,3,1,3,3,1,2,533,8583
oliveira/04_11/randm07.02.02.02.020_0030.04.aba.beta,True,1,1,0.004090785980224609,0.021569013595581055,0.0019168853759765625,0.027576684951782227,3,1,3,3,1,2,521,8515
oliveira/04_11/randm07.02.02.02.020_0030.05.aba.beta,True,1,1,0.007623910903930664,0.025481700897216797,0.0015997886657714844,0.034705400466918945,3,1,3,3,1,2,531,8576
oliveira/04_11/randm07.02.02.03.020_0030.01.aba.beta,True,8,7,0.2289876937866211,0.5323011875152588,0.0018002986907958984,0.7630891799926758,113,6,118,42,7,1136,609,9276
oliveira/04_11/randm07.02.02.03.020_0030.02.aba.beta,True,12,7,0.10538172721862793,0.4124338626861572,0.0017161369323730469,0.5195317268371582,97,9,93,40,9,893,634,9257
oliveira/04_11/randm07.02.02.03.020_0030.03.aba.beta,True,14,7,0.13443350791931152,0.5978741645812988,0.0027616024017333984,0.7350692749023438,132,11,122,76,9,1742,818,12326
oliveira/04_11/randm07.02.02.03.020_0030.04.aba.beta,True,13,7,0.14681172370910645,0.48578858375549316,0.0029647350311279297,0.6355650424957275,109,11,116,53,8,1478,983,14651
oliveira/04_11/randm07.02.02.03.020_0030.05.aba.beta,True,15,7,0.178009033203125,0.9184303283691406,0.00299835205078125,1.0994377136230469,139,13,129,75,7,1542,885,13003
oliveira/04_11/randm07.02.02.04.020_0030.01.aba.beta,True,3,4,0.016173601150512695,0.08142232894897461,0.0020182132720947266,0.09961414337158203,23,3,23,18,4,78,675,10731
oliveira/04_11/randm07.02.02.04.020_0030.02.aba.beta,True,8,4,0.05290675163269043,0.26450157165527344,0.0028541088104248047,0.32026243209838867,53,7,49,42,5,533,1002,15455
oliveira/04_11/randm07.02.02.04.020_0030.03.aba.beta,True,6,4,0.07251143455505371,0.23845458030700684,0.0059583187103271484,0.3169243335723877,51,6,49,42,4,373,1540,24322
oliveira/04_11/randm07.02.02.04.020_0030.04.aba.beta,True,2,4,0.00996088981628418,0.05143308639526367,0.002361774444580078,0.06375575065612793,19,2,21,17,4,61,685,11093
oliveira/04_11/randm07.02.02.04.020_0030.05.aba.beta,True,5,4,0.03345036506652832,0.1460726261138916,0.0018656253814697266,0.18138861656188965,30,5,30,21,4,145,618,9566
oliveira/04_11/randm07.02.02.05.020_0030.01.aba.beta,True,9,6,0.05967354774475098,0.2797520160675049,0.001979827880859375,0.34140539169311523,94,7,90,53,7,781,709,10785
oliveira/04_11/randm07.02.02.05.020_0030.02.aba.beta,True,9,6,0.07805228233337402,0.32216429710388184,0.005218029022216797,0.40543460845947266,96,8,90,53,7,1133,762,11462
oliveira/04_11/randm07.02.02.05.020_0030.03.aba.beta,True,8,6,0.04692649841308594,0.3249657154083252,0.00535893440246582,0.37725114822387695,107,5,103,52,6,1429,644,9976
oliveira/04_11/randm07.02.02.05.020_0030.04.aba.beta,True,13,6,0.10620832443237305,0.4457893371582031,0.0022208690643310547,0.5542185306549072,119,11,116,68,7,1361,780,11447
oliveira/04_11/randm07.02.02.05.020_0030.05.aba.beta,True,8,6,0.0845487117767334,0.3640565872192383,0.002014636993408203,0.4506199359893799,78,7,81,42,6,890,691,10360
oliveira/04_11/randm07.02.02.06.020_0030.01.aba.beta,True,3,4,0.03241872787475586,0.0749199390411377,0.0016393661499023438,0.1089780330657959,25,3,23,17,4,114,544,8607
oliveira/04_11/randm07.02.02.06.020_0030.02.aba.beta,True,5,4,0.03342700004577637,0.13492536544799805,0.001743316650390625,0.17009568214416504,39,5,35,27,4,310,587,8961
oliveira/04_11/randm07.02.02.06.020_0030.03.aba.beta,True,3,4,0.01564502716064453,0.06828570365905762,0.0018455982208251953,0.08577632904052734,24,3,22,16,4,99,549,8627
oliveira/04_11/randm07.02.02.06.020_0030.04.aba.beta,True,4,4,0.028479337692260742,0.10428810119628906,0.0029282569885253906,0.1356956958770752,33,4,30,22,4,233,877,13860
oliveira/04_11/randm07.02.02.06.020_0030.05.aba.beta,True,5,4,0.035370826721191406,0.13697600364685059,0.002677440643310547,0.17502427101135254,41,5,37,20,4,252,933,14658
oliveira/04_11/randm07.02.02.07.020_0030.01.aba.beta,True,13,6,0.12351465225219727,0.504098653793335,0.005445003509521484,0.6330583095550537,96,11,86,61,7,1154,752,11004
oliveira/04_11/randm07.02.02.07.020_0030.02.aba.beta,True,8,6,0.0886683464050293,0.3386232852935791,0.002605915069580078,0.4298975467681885,86,7,90,55,6,1018,811,12235
oliveira/04_11/randm07.02.02.07.020_0030.03.aba.beta,True,12,6,0.11122727394104004,0.44006776809692383,0.0023107528686523438,0.5536057949066162,65,10,60,38,7,474,714,10487
oliveira/04_11/randm07.02.02.07.020_0030.04.aba.beta,True,9,6,0.09230947494506836,0.3217036724090576,0.0029633045196533203,0.4169764518737793,84,8,84,50,6,657,900,13760
oliveira/04_11/randm07.02.02.07.020_0030.05.aba.beta,True,11,6,0.07457113265991211,0.42709922790527344,0.002687215805053711,0.5043575763702393,121,9,113,81,7,1197,923,13731
oliveira/04_11/randm07.02.02.08.020_0030.01.aba.beta,True,1,1,0.004772663116455078,0.02372145652770996,0.0014719963073730469,0.029966115951538086,3,1,3,3,1,2,542,8613
oliveira/04_11/randm07.02.02.08.020_0030.02.aba.beta,True,1,1,0.01724863052368164,0.025275707244873047,0.0016591548919677734,0.04418349266052246,3,1,3,3,1,2,539,8607
oliveira/04_11/randm07.02.02.08.020_0030.03.aba.beta,True,1,1,0.00447535514831543,0.023668766021728516,0.0013549327850341797,0.029499053955078125,3,1,3,3,1,2,534,8577
oliveira/04_11/randm07.02.02.08.020_0030.04.aba.beta,True,1,1,0.015120506286621094,0.0428619384765625,0.0033948421478271484,0.06137728691101074,3,1,3,3,1,2,536,8592
oliveira/04_11/randm07.02.02.08.020_0030.05.aba.beta,True,1,1,0.005000114440917969,0.022124528884887695,0.0014231204986572266,0.02854776382446289,3,1,3,3,1,2,536,8587
oliveira/04_11/randm07.02.02.09.020_0030.01.aba.beta,True,5,3,0.029944419860839844,0.14834356307983398,0.0018413066864013672,0.1801292896270752,35,5,32,26,3,353,596,9062
oliveira/04_11/randm07.02.02.09.020_0030.02.aba.beta,True,3,3,0.0181119441986084,0.08144617080688477,0.0014755725860595703,0.10103368759155273,26,3,25,20,3,142,550,8648
oliveira/04_11/randm07.02.02.09.020_0030.03.aba.beta,True,2,3,0.010472297668457031,0.057509422302246094,0.0015606880187988281,0.06954240798950195,18,2,18,13,3,64,546,8623
oliveira/04_11/randm07.02.02.09.020_0030.04.aba.beta,True,3,3,0.019043684005737305,0.07758688926696777,0.0016939640045166016,0.09832453727722168,29,3,30,20,3,251,561,8758
oliveira/04_11/randm07.02.02.09.020_0030.05.aba.beta,True,3,3,0.03150749206542969,0.12485933303833008,0.0024292469024658203,0.15879607200622559,26,3,27,16,3,172,552,8661
oliveira/04_11/randm07.02.02.10.020_0030.01.aba.beta,True,1,1,0.0057430267333984375,0.018402814865112305,0.0013968944549560547,0.025542736053466797,3,1,3,3,1,2,537,8599
oliveira/04_11/randm07.02.02.10.020_0030.02.aba.beta,True,1,1,0.005074501037597656,0.02777242660522461,0.0016391277313232422,0.03448605537414551,3,1,3,3,1,2,540,8608
oliveira/04_11/randm07.02.02.10.020_0030.03.aba.beta,True,1,1,0.005582094192504883,0.026053667068481445,0.0015871524810791016,0.03322291374206543,3,1,3,3,1,2,527,8497
oliveira/04_11/randm07.02.02.10.020_0030.04.aba.beta,True,1,1,0.004133701324462891,0.021114826202392578,0.0013880729675292969,0.026636600494384766,3,1,3,3,1,2,537,8603
oliveira/04_11/randm07.02.02.10.020_0030.05.aba.beta,True,1,1,0.003184080123901367,0.01980137825012207,0.0014328956604003906,0.024418354034423828,3,1,3,3,1,2,528,8551
oliveira/04_11/randm07.02.02.11.020_0030.01.aba.beta,True,6,5,0.03213930130004883,0.1612248420715332,0.0020325183868408203,0.19539666175842285,44,5,41,34,5,279,668,10470
oliveira/04_11/randm07.02.02.11.020_0030.02.aba.beta,True,6,5,0.04051566123962402,0.1889793872833252,0.003698587417602539,0.23319363594055176,50,5,46,40,5,425,999,15759
oliveira/04_11/randm07.02.02.11.020_0030.03.aba.beta,True,5,5,0.04206991195678711,0.16980576515197754,0.0019822120666503906,0.21385788917541504,98,5,100,69,5,1686,722,11473
oliveira/04_11/randm07.02.02.11.020_0030.04.aba.beta,True,11,5,0.07737374305725098,0.358933687210083,0.0022759437561035156,0.4385833740234375,78,10,79,47,5,741,823,12338
oliveira/04_11/randm07.02.02.11.020_0030.05.aba.beta,True,8,5,0.05911993980407715,0.2978818416595459,0.002756834030151367,0.3597586154937744,84,7,84,57,5,1021,822,12494
oliveira/04_11/randm07.02.02.12.020_0030.01.aba.beta,True,3,3,0.04265642166137695,0.19346070289611816,0.0036225318908691406,0.23973965644836426,26,3,24,20,3,174,557,8717
oliveira/04_11/randm07.02.02.12.020_0030.02.aba.beta,True,2,3,0.012201786041259766,0.05248522758483887,0.001569986343383789,0.06625699996948242,14,2,13,11,3,32,538,8593
oliveira/04_11/randm07.02.02.12.020_0030.03.aba.beta,True,2,3,0.01371455192565918,0.05680370330810547,0.001678466796875,0.07219672203063965,14,2,13,12,3,32,534,8576
oliveira/04_11/randm07.02.02.12.020_0030.04.aba.beta,True,3,3,0.01843881607055664,0.08407330513000488,0.0017390251159667969,0.10425114631652832,23,3,21,19,3,146,549,8674
oliveira/04_11/randm07.02.02.12.020_0030.05.aba.beta,True,3,3,0.023215293884277344,0.08290219306945801,0.002749204635620117,0.10886669158935547,22,3,20,16,3,135,556,8697
oliveira/04_11/randm07.02.02.13.020_0030.01.aba.beta,True,12,7,0.11199069023132324,0.48636484146118164,0.002459287643432617,0.6008148193359375,117,9,117,70,9,1371,826,12364
oliveira/04_11/randm07.02.02.13.020_0030.02.aba.beta,True,13,7,0.12873172760009766,0.5384149551391602,0.003573894500732422,0.6707205772399902,150,12,150,101,7,2575,1142,17792
oliveira/04_11/randm07.02.02.13.020_0030.03.aba.beta,True,13,7,0.15308904647827148,0.6660056114196777,0.00479888916015625,0.8238935470581055,169,11,163,108,7,2355,1480,22527
oliveira/04_11/randm07.02.02.13.020_0030.04.aba.beta,True,13,7,0.1197195053100586,0.4534876346588135,0.0023467540740966797,0.5755538940429688,116,10,110,55,9,1378,756,11104
oliveira/04_11/randm07.02.02.13.020_0030.05.aba.beta,True,13,7,0.14188027381896973,0.45519161224365234,0.0029654502868652344,0.6000373363494873,107,11,112,58,8,1346,915,13395
oliveira/04_11/randm07.02.02.14.020_0030.01.aba.beta,True,2,3,0.014914512634277344,0.056128740310668945,0.0017790794372558594,0.07282233238220215,28,2,28,22,3,265,559,8755
oliveira/04_11/randm07.02.02.14.020_0030.02.aba.beta,True,3,3,0.025632619857788086,0.13250732421875,0.004488945007324219,0.1626288890838623,23,3,22,17,3,148,561,8710
oliveira/04_11/randm07.02.02.14.020_0030.03.aba.beta,True,2,3,0.013360261917114258,0.056150197982788086,0.001592397689819336,0.07110285758972168,30,2,29,25,3,322,569,9159
oliveira/04_11/randm07.02.02.14.020_0030.04.aba.beta,True,3,3,0.015918493270874023,0.09347724914550781,0.0020575523376464844,0.11145329475402832,34,3,33,28,3,326,560,8832
oliveira/04_11/randm07.02.02.14.020_0030.05.aba.beta,True,2,3,0.0445554256439209,0.11397314071655273,0.0018167495727539062,0.16034531593322754,15,2,15,10,3,46,544,8613
oliveira/04_11/randm07.02.02.15.020_0030.01.aba.beta,True,7,7,0.0852060317993164,0.2597165107727051,0.0021622180938720703,0.34708476066589355,78,7,83,37,7,689,636,9469
oliveira/04_11/randm07.02.02.15.020_0030.02.aba.beta,True,14,7,0.14642858505249023,0.5100448131561279,0.002714395523071289,0.6591877937316895,102,13,90,52,7,1360,877,13088
oliveira/04_11/randm07.02.02.15.020_0030.03.aba.beta,True,14,7,0.12837433815002441,0.5710513591766357,0.004120826721191406,0.7035465240478516,139,12,128,89,8,2046,1293,19754
oliveira/04_11/randm07.02.02.15.020_0030.04.aba.beta,True,5,7,0.0724191665649414,0.17403149604797363,0.002234220504760742,0.24868488311767578,74,4,77,29,8,560,587,9103
oliveira/04_11/randm07.02.02.15.020_0030.05.aba.beta,True,13,7,0.17805886268615723,0.8412394523620605,0.004351377487182617,1.0236496925354004,145,10,136,86,7,1259,1355,21076
oliveira/04_11/randm07.02.02.16.020_0030.01.aba.beta,True,10,4,0.0696103572845459,0.4125020503997803,0.0064487457275390625,0.48856115341186523,61,9,53,49,4,648,1736,26907
oliveira/04_11/randm07.02.02.16.020_0030.02.aba.beta,True,4,4,0.03880620002746582,0.15599298477172852,0.0032439231872558594,0.1980431079864502,31,4,32,21,4,156,874,13802
oliveira/04_11/randm07.02.02.16.020_0030.03.aba.beta,True,4,4,0.02936553955078125,0.11370658874511719,0.0021266937255859375,0.14519882202148438,26,4,25,18,4,104,677,10757
oliveira/04_11/randm07.02.02.16.020_0030.04.aba.beta,True,3,4,0.020678997039794922,0.08382844924926758,0.0024573802947998047,0.1069648265838623,37,3,35,28,4,251,739,11637
oliveira/04_11/randm07.02.02.16.020_0030.05.aba.beta,True,5,4,0.04830336570739746,0.2519211769104004,0.008316993713378906,0.30854153633117676,32,5,32,23,4,171,935,14727
oliveira/04_11/randm07.02.02.17.020_0030.01.aba.beta,True,12,6,0.09122347831726074,0.4745302200317383,0.003133058547973633,0.5688867568969727,128,10,119,93,6,1604,933,14084
oliveira/04_11/randm07.02.02.17.020_0030.02.aba.beta,True,12,6,0.0854794979095459,0.4005424976348877,0.0025794506072998047,0.4886014461517334,97,9,96,60,8,994,895,13527
oliveira/04_11/randm07.02.02.17.020_0030.03.aba.beta,True,14,6,0.15525507926940918,0.5281541347503662,0.0028302669525146484,0.68623948097229,110,11,107,66,9,1427,870,12826
oliveira/04_11/randm07.02.02.17.020_0030.04.aba.beta,True,13,6,0.10980892181396484,0.5192670822143555,0.002550363540649414,0.6316263675689697,120,10,116,84,8,1521,836,12489
oliveira/04_11/randm07.02.02.17.020_0030.05.aba.beta,True,7,6,0.05441021919250488,0.235731840133667,0.002204418182373047,0.2923464775085449,66,6,61,37,6,853,654,9913
oliveira/04_11/randm07.02.02.18.020_0030.01.aba.beta,True,21,7,0.2453317642211914,1.4924733638763428,0.007092714309692383,1.7448978424072266,214,17,198,136,8,2927,1678,25313
oliveira/04_11/randm07.02.02.18.020_0030.02.aba.beta,True,15,7,0.15349221229553223,0.7739756107330322,0.003433704376220703,0.9309015274047852,171,11,161,93,8,2283,1038,15888
oliveira/04_11/randm07.02.02.18.020_0030.03.aba.beta,True,13,7,0.0963292121887207,0.6178328990936279,0.002649545669555664,0.7168116569519043,139,9,134,86,9,2007,894,13538
oliveira/04_11/randm07.02.02.18.020_0030.04.aba.beta,True,11,7,0.11426019668579102,0.7699894905090332,0.0030934810638427734,0.887343168258667,140,7,136,76,9,2296,776,11908
oliveira/04_11/randm07.02.02.18.020_0030.05.aba.beta,True,17,7,0.18091058731079102,1.2269296646118164,0.005368947982788086,1.4132091999053955,183,13,171,100,8,1855,1113,16339
oliveira/04_11/randm07.02.02.19.020_0030.01.aba.beta,True,9,5,0.06238722801208496,0.2791321277618408,0.003213644027709961,0.34473299980163574,85,8,81,53,6,831,726,10963
oliveira/04_11/randm07.02.02.19.020_0030.02.aba.beta,True,7,5,0.07379698753356934,0.32450413703918457,0.002451181411743164,0.40075230598449707,118,6,115,84,5,2009,737,11516
oliveira/04_11/randm07.02.02.19.020_0030.03.aba.beta,True,10,5,0.1080634593963623,0.28354740142822266,0.002170085906982422,0.3937809467315674,64,9,56,40,5,706,738,10955
oliveira/04_11/randm07.02.02.19.020_0030.04.aba.beta,True,13,5,0.0857541561126709,0.4464261531829834,0.002579927444458008,0.5347602367401123,89,12,78,67,5,1110,840,12252
oliveira/04_11/randm07.02.02.19.020_0030.05.aba.beta,True,10,5,0.06577658653259277,0.339200496673584,0.002910614013671875,0.40788769721984863,85,9,77,58,5,875,884,13295
oliveira/04_11/randm08.02.02.01.020_0030.01.aba.beta,True,12,7,0.1987745761871338,0.45524001121520996,0.0024683475494384766,0.6564829349517822,83,10,74,49,8,800,733,10679
oliveira/04_11/randm08.02.02.01.020_0030.02.aba.beta,True,10,7,0.09060287475585938,0.5153181552886963,0.0018656253814697266,0.6077866554260254,156,6,153,89,9,1744,658,9972
oliveira/04_11/randm08.02.02.01.020_0030.03.aba.beta,True,16,7,0.1329665184020996,0.633502721786499,0.007636547088623047,0.7741057872772217,113,12,107,56,9,1118,810,11912
oliveira/04_11/randm08.02.02.01.020_0030.04.aba.beta,True,16,7,0.18228483200073242,0.7427537441253662,0.004291534423828125,0.9293301105499268,162,14,149,110,8,2192,1341,20201
oliveira/04_11/randm08.02.02.01.020_0030.05.aba.beta,True,14,7,0.1336836814880371,0.5064105987548828,0.002705812454223633,0.6428000926971436,127,13,115,78,7,1414,920,13372
oliveira/04_11/randm08.02.02.02.020_0030.01.aba.beta,True,8,6,0.04935789108276367,0.22030186653137207,0.0016105175018310547,0.2712702751159668,81,5,77,43,9,471,573,8782
oliveira/04_11/randm08.02.02.02.020_0030.02.aba.beta,True,9,6,0.0682072639465332,0.2907874584197998,0.0018322467803955078,0.3608269691467285,110,7,106,48,8,1693,628,9647
oliveira/04_11/randm08.02.02.02.020_0030.03.aba.beta,True,8,6,0.09484577178955078,0.26795172691345215,0.0018982887268066406,0.36469578742980957,96,7,90,43,7,855,626,9359
oliveira/04_11/randm08.02.02.02.020_0030.04.aba.beta,True,9,6,0.061449289321899414,0.2703840732574463,0.0023467540740966797,0.3341801166534424,68,8,61,43,6,700,697,10559
oliveira/04_11/randm08.02.02.02.020_0030.05.aba.beta,True,8,6,0.09280252456665039,0.33739304542541504,0.0020711421966552734,0.4322667121887207,103,7,100,48,7,1500,683,10293
oliveira/04_11/randm08.02.02.03.020_0030.01.aba.beta,True,9,7,0.0666506290435791,0.28481125831604004,0.0021615028381347656,0.3536233901977539,72,7,66,42,7,435,638,9692
oliveira/04_11/randm08.02.02.03.020_0030.02.aba.beta,True,15,7,0.1357266902923584,0.772721529006958,0.003764629364013672,0.9122128486633301,144,11,137,98,9,1768,896,13376
oliveira/04_11/randm08.02.02.03.020_0030.03.aba.beta,True,9,7,0.08677458763122559,0.39423680305480957,0.0028090476989746094,0.48382043838500977,90,7,84,57,7,797,937,14422
oliveira/04_11/randm08.02.02.03.020_0030.04.aba.beta,True,10,7,0.07635974884033203,0.3327140808105469,0.0020668506622314453,0.41114068031311035,104,7,100,67,8,1104,661,9988
oliveira/04_11/randm08.02.02.03.020_0030.05.aba.beta,True,13,7,0.17271757125854492,0.44184350967407227,0.0023794174194335938,0.6169404983520508,106,10,103,51,9,1252,699,10143
oliveira/04_11/randm08.02.02.04.020_0030.01.aba.beta,True,7,6,0.060920000076293945,0.266249418258667,0.0020818710327148438,0.3292512893676758,100,5,97,60,7,1201,663,10256
oliveira/04_11/randm08.02.02.04.020_0030.02.aba.beta,True,8,6,0.06044459342956543,0.30114102363586426,0.0029935836791992188,0.3645792007446289,84,7,78,58,6,811,790,12135
oliveira/04_11/randm08.02.02.04.020_0030.03.aba.beta,True,12,6,0.10094094276428223,0.4197258949279785,0.0025746822357177734,0.5232415199279785,96,11,86,71,6,1170,863,12856
oliveira/04_11/randm08.02.02.04.020_0030.04.aba.beta,True,9,6,0.14277100563049316,0.32899999618530273,0.001974344253540039,0.47374534606933594,84,7,83,44,7,960,635,9503
oliveira/04_11/randm08.02.02.04.020_0030.05.aba.beta,True,11,6,0.07852005958557129,0.43852829933166504,0.002523660659790039,0.5195720195770264,121,9,113,82,7,1486,831,12533
oliveira/04_11/randm08.02.02.05.020_0030.01.aba.beta,True,9,5,0.08520674705505371,0.2841932773590088,0.005899667739868164,0.37529969215393066,51,7,45,31,6,348,1045,16216
oliveira/04_11/randm08.02.02.05.020_0030.02.aba.beta,True,7,5,0.062337636947631836,0.24878263473510742,0.002138853073120117,0.3132591247558594,56,5,52,31,6,424,682,10514
oliveira/04_11/randm08.02.02.05.020_0030.03.aba.beta,True,6,5,0.039496421813964844,0.20780467987060547,0.0018367767333984375,0.24913787841796875,59,4,56,38,5,706,594,9163
oliveira/04_11/randm08.02.02.05.020_0030.04.aba.beta,True,5,5,0.06268668174743652,0.18628859519958496,0.0033156871795654297,0.2522909641265869,74,5,70,26,5,877,639,9801
oliveira/04_11/randm08.02.02.05.020_0030.05.aba.beta,True,7,5,0.05204367637634277,0.22622323036193848,0.002541780471801758,0.280808687210083,67,5,63,35,6,693,730,11221
oliveira/04_11/randm08.02.02.06.020_0030.01.aba.beta,True,6,8,0.0800013542175293,0.23989462852478027,0.0020439624786376953,0.32193994522094727,125,4,133,54,9,1753,587,9223
oliveira/04_11/randm08.02.02.06.020_0030.02.aba.beta,True,15,8,0.17156171798706055,0.8530664443969727,0.0028731822967529297,1.0275013446807861,267,10,260,85,10,2827,969,14566
oliveira/04_11/randm08.02.02.06.020_0030.03.aba.beta,True,16,8,0.25879645347595215,0.7774133682250977,0.004108905792236328,1.0403187274932861,166,12,164,78,12,2344,965,14365
oliveira/04_11/randm08.02.02.06.020_0030.04.aba.beta,True,7,8,0.08472537994384766,0.2624807357788086,0.00183868408203125,0.3490447998046875,139,5,148,65,10,1205,604,9230
oliveira/04_11/randm08.02.02.06.020_0030.05.aba.beta,True,13,8,0.1172952651977539,0.6696407794952393,0.0022280216217041016,0.7891640663146973,145,9,137,69,9,1138,660,9924
oliveira/04_11/randm08.02.02.07.020_0030.01.aba.beta,True,1,1,0.0065937042236328125,0.027004241943359375,0.0013427734375,0.03494071960449219,3,1,3,3,1,2,536,8587
oliveira/04_11/randm08.02.02.07.020_0030.02.aba.beta,True,1,1,0.005158424377441406,0.02515268325805664,0.0017173290252685547,0.0320284366607666,3,1,3,3,1,2,524,8514
oliveira/04_11/randm08.02.02.07.020_0030.03.aba.beta,True,1,1,0.004798173904418945,0.024064302444458008,0.001783609390258789,0.030646085739135742,3,1,3,3,1,2,519,8504
oliveira/04_11/randm08.02.02.07.020_0030.04.aba.beta,True,1,1,0.006230592727661133,0.03740406036376953,0.003617525100708008,0.04725217819213867,3,1,3,3,1,2,539,8604
oliveira/04_11/randm08.02.02.07.020_0030.05.aba.beta,True,1,1,0.00584864616394043,0.02138662338256836,0.001649618148803711,0.0288848876953125,3,1,3,3,1,2,530,8566
oliveira/04_11/randm08.02.02.08.020_0030.01.aba.beta,True,9,6,0.11574482917785645,0.5816428661346436,0.0031595230102539062,0.7005472183227539,132,6,128,74,7,1367,693,10508
oliveira/04_11/randm08.02.02.08.020_0030.02.aba.beta,True,12,6,0.09203600883483887,0.5393686294555664,0.0032002925872802734,0.6346049308776855,133,9,125,95,7,1790,883,13453
oliveira/04_11/randm08.02.02.08.020_0030.03.aba.beta,True,13,6,0.11762237548828125,0.6531734466552734,0.0033817291259765625,0.7741775512695312,125,10,116,99,7,1434,1023,15687
oliveira/04_11/randm08.02.02.08.020_0030.04.aba.beta,True,9,6,0.08046460151672363,0.3509945869445801,0.002069234848022461,0.43352842330932617,89,7,83,64,6,1005,716,10673
oliveira/04_11/randm08.02.02.08.020_0030.05.aba.beta,True,12,6,0.09305238723754883,0.466033935546875,0.0027649402618408203,0.5618512630462646,106,9,98,72,7,1287,926,13977
oliveira/04_11/randm08.02.02.09.020_0030.01.aba.beta,True,10,7,0.10458183288574219,0.36420345306396484,0.0032062530517578125,0.47199153900146484,88,8,93,46,8,766,1057,16279
oliveira/04_11/randm08.02.02.09.020_0030.02.aba.beta,True,22,7,0.32006311416625977,1.0944609642028809,0.007571697235107422,1.422095775604248,269,20,260,143,9,4114,2272,34836
oliveira/04_11/randm08.02.02.09.020_0030.03.aba.beta,True,8,7,0.07106781005859375,0.2848074436187744,0.0028324127197265625,0.3587076663970947,93,6,90,64,9,739,808,12498
oliveira/04_11/randm08.02.02.09.020_0030.04.aba.beta,True,12,7,0.1094973087310791,0.41300106048583984,0.0022780895233154297,0.5247764587402344,159,9,155,65,9,1324,740,10928
oliveira/04_11/randm08.02.02.09.020_0030.05.aba.beta,True,16,7,0.254838228225708,0.6261954307556152,0.008960247039794922,0.8899939060211182,121,16,123,51,7,1074,2129,32663
oliveira/04_11/randm08.02.02.10.020_0030.01.aba.beta,True,15,7,0.14682388305664062,0.6365001201629639,0.0053789615631103516,0.7887029647827148,156,13,150,106,8,2018,1372,20715
oliveira/04_11/randm08.02.02.10.020_0030.02.aba.beta,True,13,7,0.13411355018615723,0.5917577743530273,0.0052034854888916016,0.7310748100280762,159,10,156,116,8,1885,1829,28327
oliveira/04_11/randm08.02.02.10.020_0030.03.aba.beta,True,12,7,0.12523984909057617,0.4308595657348633,0.0023550987243652344,0.5584545135498047,87,9,88,53,9,1122,778,11506
oliveira/04_11/randm08.02.02.10.020_0030.04.aba.beta,True,16,7,0.19574213027954102,0.7567214965820312,0.0057985782623291016,0.9582622051239014,223,14,224,139,9,2972,1820,27758
oliveira/04_11/randm08.02.02.10.020_0030.05.aba.beta,True,12,7,0.1272275447845459,0.6369597911834717,0.011818647384643555,0.7760059833526611,145,9,143,101,9,1757,1401,22088
oliveira/04_11/randm08.02.02.11.020_0030.01.aba.beta,True,21,8,0.2780036926269531,0.9510457515716553,0.005336761474609375,1.2343862056732178,142,19,134,77,9,1553,1633,24102
oliveira/04_11/randm08.02.02.11.020_0030.02.aba.beta,True,19,8,0.23299670219421387,0.7260618209838867,0.007308244705200195,0.9663667678833008,133,17,137,56,9,1152,2238,34719
oliveira/04_11/randm08.02.02.11.020_0030.03.aba.beta,True,16,8,0.15581178665161133,0.5549361705780029,0.0034301280975341797,0.7141780853271484,170,13,161,73,11,2400,965,14379
oliveira/04_11/randm08.02.02.11.020_0030.04.aba.beta,True,23,8,0.3578951358795166,1.439115285873413,0.007059574127197266,1.804069995880127,292,18,276,105,11,3251,2015,30309
oliveira/04_11/randm08.02.02.11.020_0030.05.aba.beta,True,18,8,0.2011709213256836,0.7413511276245117,0.004357814788818359,0.9468798637390137,136,16,130,68,9,1579,1304,19241
oliveira/04_11/randm08.02.02.12.020_0030.01.aba.beta,True,8,5,0.08209443092346191,0.37329745292663574,0.0025942325592041016,0.45798611640930176,98,7,95,64,6,1176,836,12914
oliveira/04_11/randm08.02.02.12.020_0030.02.aba.beta,True,7,5,0.04944324493408203,0.23762822151184082,0.0030167102813720703,0.2900881767272949,103,6,99,66,6,1358,912,14273
oliveira/04_11/randm08.02.02.12.020_0030.03.aba.beta,True,7,5,0.06917309761047363,0.341738224029541,0.002822399139404297,0.41373372077941895,119,6,114,84,5,1752,829,12675
oliveira/04_11/randm08.02.02.12.020_0030.04.aba.beta,True,8,5,0.06777238845825195,0.28971195220947266,0.0026290416717529297,0.36011338233947754,106,7,100,66,5,1114,741,11221
oliveira/04_11/randm08.02.02.12.020_0030.05.aba.beta,True,9,5,0.10023689270019531,0.33028697967529297,0.0038299560546875,0.4343538284301758,110,8,103,60,5,1428,818,12361
oliveira/04_11/randm08.02.02.13.020_0030.01.aba.beta,True,18,8,0.22040152549743652,2.7855770587921143,0.006303071975708008,3.012281656265259,253,14,240,149,9,3865,1677,25730
oliveira/04_11/randm08.02.02.13.020_0030.02.aba.beta,True,18,8,0.26905202865600586,3.0839431285858154,0.006099700927734375,3.3590948581695557,239,13,232,132,10,3287,1541,23378
oliveira/04_11/randm08.02.02.13.020_0030.03.aba.beta,True,16,8,0.19789505004882812,0.9299545288085938,0.004217863082885742,1.1320674419403076,183,13,186,103,10,1566,1389,20980
oliveira/04_11/randm08.02.02.13.020_0030.04.aba.beta,True,14,8,0.14772295951843262,1.050816297531128,0.00430750846862793,1.2028467655181885,177,11,178,127,9,2156,1240,18764
oliveira/04_11/randm08.02.02.13.020_0030.05.aba.beta,True,21,8,0.23396944999694824,1.454590082168579,0.0074083805084228516,1.6959679126739502,228,16,219,160,11,3100,1784,27422
oliveira/04_11/randm08.02.02.14.020_0030.01.aba.beta,True,13,6,0.13679027557373047,0.8225631713867188,0.005212068557739258,0.9645655155181885,168,10,159,140,7,2157,1580,24382
oliveira/04_11/randm08.02.02.14.020_0030.02.aba.beta,True,15,6,0.15667223930358887,0.9163291454315186,0.004810810089111328,1.0778121948242188,155,12,145,116,8,1880,1261,19237
oliveira/04_11/randm08.02.02.14.020_0030.03.aba.beta,True,19,6,0.1580204963684082,1.0383963584899902,0.00655055046081543,1.2029674053192139,161,16,150,118,8,1876,1700,25980
oliveira/04_11/randm08.02.02.14.020_0030.04.aba.beta,True,12,6,0.09207439422607422,0.6291992664337158,0.005365133285522461,0.7266387939453125,149,9,141,112,7,2177,1650,26510
oliveira/04_11/randm08.02.02.14.020_0030.05.aba.beta,True,14,6,0.11246347427368164,0.9071276187896729,0.004380226135253906,1.0239713191986084,151,11,141,121,7,1910,1266,19001
oliveira/04_11/randm08.02.02.15.020_0030.01.aba.beta,True,10,5,0.07971501350402832,0.3643195629119873,0.003026723861694336,0.44706130027770996,106,8,106,70,7,1116,973,14903
oliveira/04_11/randm08.02.02.15.020_0030.02.aba.beta,True,10,5,0.08130717277526855,0.36847686767578125,0.004458904266357422,0.4542429447174072,86,8,81,59,6,932,1144,17826
oliveira/04_11/randm08.02.02.15.020_0030.03.aba.beta,True,11,5,0.09686946868896484,0.5331997871398926,0.007490873336791992,0.6375601291656494,114,9,106,86,6,1367,1289,19885
oliveira/04_11/randm08.02.02.15.020_0030.04.aba.beta,True,11,5,0.07071709632873535,0.42064642906188965,0.0026285648345947266,0.4939920902252197,123,9,117,95,6,1586,954,14745
oliveira/04_11/randm08.02.02.15.020_0030.05.aba.beta,True,13,5,0.10866761207580566,0.49074292182922363,0.0034399032592773438,0.6028504371643066,113,11,103,90,6,1444,1137,17298
oliveira/04_11/randm08.02.02.16.020_0030.01.aba.beta,True,10,5,0.07561922073364258,0.334179162979126,0.0027282238006591797,0.41252660751342773,79,9,83,55,6,857,846,12744
oliveira/04_11/randm08.02.02.16.020_0030.02.aba.beta,True,6,5,0.03351998329162598,0.21272706985473633,0.001943349838256836,0.24819040298461914,72,5,68,57,5,1049,666,10429
oliveira/04_11/randm08.02.02.16.020_0030.03.aba.beta,True,9,5,0.064483642578125,0.29016971588134766,0.0022499561309814453,0.3569033145904541,73,8,66,57,5,949,796,12098
oliveira/04_11/randm08.02.02.16.020_0030.04.aba.beta,True,7,5,0.04787087440490723,0.21007347106933594,0.002287626266479492,0.26023197174072266,53,6,48,38,5,450,672,10230
oliveira/04_11/randm08.02.02.16.020_0030.05.aba.beta,True,7,5,0.04629373550415039,0.2621653079986572,0.002814769744873047,0.31127381324768066,77,6,72,62,5,955,832,13022
oliveira/04_11/randm08.02.02.17.020_0030.01.aba.beta,True,13,6,0.11532163619995117,0.4120299816131592,0.002739429473876953,0.5300910472869873,110,12,101,77,6,1308,819,12051
oliveira/04_11/randm08.02.02.17.020_0030.02.aba.beta,True,7,6,0.07182431221008301,0.27980971336364746,0.0063495635986328125,0.3579835891723633,101,7,95,75,6,1152,1081,17033
oliveira/04_11/randm08.02.02.17.020_0030.03.aba.beta,True,6,6,0.06516218185424805,0.17328858375549316,0.001953125,0.2404038906097412,59,6,54,36,6,370,653,10060
oliveira/04_11/randm08.02.02.17.020_0030.04.aba.beta,True,8,6,0.07702112197875977,0.2467331886291504,0.002455472946166992,0.32620978355407715,109,8,112,69,6,1251,736,11198
oliveira/04_11/randm08.02.02.17.020_0030.05.aba.beta,True,8,6,0.07521438598632812,0.2758023738861084,0.0017156600952148438,0.35273241996765137,75,7,71,46,6,750,638,9933
oliveira/04_11/randm08.02.02.18.020_0030.01.aba.beta,True,8,6,0.05332612991333008,0.26217198371887207,0.002240896224975586,0.31773900985717773,90,6,85,55,7,870,669,10305
oliveira/04_11/randm08.02.02.18.020_0030.02.aba.beta,True,12,6,0.09842109680175781,0.5567152500152588,0.004421234130859375,0.659557580947876,157,9,149,125,6,1801,1363,21384
oliveira/04_11/randm08.02.02.18.020_0030.03.aba.beta,True,11,6,0.08646035194396973,0.539649486541748,0.0086669921875,0.6347768306732178,98,8,91,66,7,806,1210,18646
oliveira/04_11/randm08.02.02.18.020_0030.04.aba.beta,True,12,6,0.09721636772155762,0.7626621723175049,0.014549970626831055,0.8744285106658936,148,9,140,96,7,1778,933,14180
oliveira/04_11/randm08.02.02.18.020_0030.05.aba.beta,True,11,6,0.07892274856567383,0.4814324378967285,0.00247955322265625,0.5628347396850586,149,8,142,110,7,2186,868,13346
oliveira/04_11/randm08.02.02.19.020_0030.01.aba.beta,True,14,8,0.20130014419555664,0.5763545036315918,0.004238605499267578,0.781893253326416,161,13,154,72,9,1922,1013,14861
oliveira/04_11/randm08.02.02.19.020_0030.02.aba.beta,True,16,8,0.2390599250793457,0.6902115345001221,0.004334926605224609,0.9336063861846924,161,15,147,82,9,2455,1272,19583
oliveira/04_11/randm08.02.02.19.020_0030.03.aba.beta,True,12,8,0.08761882781982422,0.44571995735168457,0.002076864242553711,0.5354156494140625,104,9,97,66,9,920,730,10767
oliveira/04_11/randm08.02.02.19.020_0030.04.aba.beta,True,13,8,0.16486716270446777,0.5246140956878662,0.003641843795776367,0.6931231021881104,125,12,123,67,8,1866,950,14301
oliveira/04_11/randm08.02.02.19.020_0030.05.aba.beta,True,17,8,0.16059446334838867,0.6714801788330078,0.003846406936645508,0.835921049118042,146,15,132,77,9,1663,1232,18041
oliveira/04_11/randm09.02.02.01.020_0030.01.aba.beta,True,20,9,0.3946990966796875,1.5092017650604248,0.008652210235595703,1.912553071975708,199,17,189,113,10,2540,2083,32732
oliveira/04_11/randm09.02.02.01.020_0030.02.aba.beta,True,12,7,0.16541767120361328,0.559847354888916,0.0034008026123046875,0.728665828704834,132,11,142,75,7,1695,1152,17741
oliveira/04_11/randm09.02.02.01.020_0030.03.aba.beta,True,21,9,0.23659682273864746,3.143044948577881,0.006509065628051758,3.38615083694458,239,17,223,122,10,3508,2002,30638
oliveira/04_11/randm09.02.02.01.020_0030.04.aba.beta,True,28,9,0.3540060520172119,2.069408416748047,0.011748075485229492,2.4351625442504883,239,24,237,127,10,2759,3905,60011
oliveira/04_11/randm09.02.02.01.020_0030.05.aba.beta,True,23,9,0.3274807929992676,1.6073083877563477,0.011163949966430664,1.945953130722046,223,19,224,109,10,1992,3680,57537
oliveira/04_11/randm09.02.02.02.020_0030.01.aba.beta,True,18,8,0.1947474479675293,0.8142280578613281,0.005336284637451172,1.0143117904663086,140,15,132,69,9,1133,1739,26211
oliveira/04_11/randm09.02.02.02.020_0030.02.aba.beta,True,13,7,0.16190266609191895,0.5479443073272705,0.0051496028900146484,0.7149965763092041,128,12,133,69,7,1199,1336,20375
oliveira/04_11/randm09.02.02.02.020_0030.03.aba.beta,True,25,8,0.2975318431854248,1.3296759128570557,0.006333589553833008,1.6335413455963135,315,20,296,113,11,3085,2044,30736
oliveira/04_11/randm09.02.02.02.020_0030.04.aba.beta,True,25,8,0.23610734939575195,1.8928022384643555,0.008829355239868164,2.1377389430999756,296,20,277,106,9,3536,2610,40691
oliveira/04_11/randm09.02.02.02.020_0030.05.aba.beta,True,14,7,0.14186930656433105,0.8349769115447998,0.004933834075927734,0.9817800521850586,121,11,111,72,8,1150,1437,21835
oliveira/04_11/randm09.02.02.03.020_0030.01.aba.beta,True,13,8,0.2368018627166748,0.6554338932037354,0.0055963993072509766,0.8978321552276611,230,12,230,129,9,3488,1357,20669
oliveira/04_11/randm09.02.02.03.020_0030.02.aba.beta,True,12,8,0.2646207809448242,0.44051074981689453,0.003153085708618164,0.7082846164703369,248,12,261,96,8,3935,986,15100
oliveira/04_11/randm09.02.02.03.020_0030.03.aba.beta,True,17,8,0.2053229808807373,1.0270063877105713,0.002760171890258789,1.2350895404815674,269,12,258,89,9,3673,949,14309
oliveira/04_11/randm09.02.02.03.020_0030.04.aba.beta,True,16,8,0.27066683769226074,0.731050968170166,0.006119966506958008,1.0078377723693848,222,16,208,112,8,3439,1614,24238
oliveira/04_11/randm09.02.02.03.020_0030.05.aba.beta,True,11,8,0.22111892700195312,0.5104618072509766,0.0033948421478271484,0.7349755764007568,219,11,209,104,8,3235,1074,16181
oliveira/04_11/randm09.02.02.04.020_0030.01.aba.beta,True,15,7,0.11781024932861328,0.5930676460266113,0.0034406185150146484,0.7143185138702393,140,12,131,90,8,1745,1169,17405
oliveira/04_11/randm09.02.02.04.020_0030.02.aba.beta,True,10,7,0.10303497314453125,0.34171152114868164,0.0022721290588378906,0.4470186233520508,101,9,96,56,7,1095,772,11568
oliveira/04_11/randm09.02.02.04.020_0030.03.aba.beta,True,10,7,0.10655331611633301,0.3672749996185303,0.00390625,0.4777345657348633,86,8,82,47,8,877,723,10894
oliveira/04_11/randm09.02.02.04.020_0030.04.aba.beta,True,10,7,0.07482361793518066,0.3147711753845215,0.002306699752807617,0.39190149307250977,85,8,82,45,8,755,785,11843
oliveira/04_11/randm09.02.02.04.020_0030.05.aba.beta,True,12,7,0.10744285583496094,0.6165485382080078,0.002757549285888672,0.7267489433288574,128,9,120,68,7,1075,875,13175
oliveira/04_11/randm09.02.02.05.020_0030.01.aba.beta,True,13,8,0.15763306617736816,0.5091512203216553,0.0034902095794677734,0.6702744960784912,99,11,95,65,9,821,984,14713
oliveira/04_11/randm09.02.02.05.020_0030.02.aba.beta,True,9,8,0.07934045791625977,0.29015636444091797,0.001786947250366211,0.37128376960754395,120,7,118,55,9,1089,622,9249
oliveira/04_11/randm09.02.02.05.020_0030.03.aba.beta,True,16,8,0.22644948959350586,0.7232213020324707,0.004175424575805664,0.9538462162017822,152,13,146,83,10,1847,1198,17883
oliveira/04_11/randm09.02.02.05.020_0030.04.aba.beta,True,13,8,0.20046305656433105,0.660536527633667,0.0045168399810791016,0.8655164241790771,125,12,117,69,8,1283,1221,18513
oliveira/04_11/randm09.02.02.05.020_0030.05.aba.beta,True,7,8,0.06131243705749512,0.25519490242004395,0.002225637435913086,0.31873297691345215,85,5,83,50,9,712,603,9298
oliveira/04_11/randm09.02.02.06.020_0030.01.aba.beta,True,14,9,0.18007993698120117,0.6994836330413818,0.0028514862060546875,0.8824150562286377,342,9,339,99,11,4968,845,12844
oliveira/04_11/randm09.02.02.06.020_0030.02.aba.beta,True,17,9,0.2727653980255127,0.9720616340637207,0.008547306060791016,1.2533743381500244,131,14,130,59,10,1346,969,14034
oliveira/04_11/randm09.02.02.06.020_0030.03.aba.beta,True,7,9,0.0813746452331543,0.30687999725341797,0.0019540786743164062,0.39020872116088867,159,5,167,80,10,1571,671,10456
oliveira/04_11/randm09.02.02.06.020_0030.04.aba.beta,True,21,9,0.26886773109436035,0.905071496963501,0.0037000179290771484,1.1776392459869385,213,17,199,76,11,2202,1159,16718
oliveira/04_11/randm09.02.02.06.020_0030.05.aba.beta,True,17,9,0.20533537864685059,0.6949217319488525,0.0032744407653808594,0.903531551361084,171,13,164,77,11,1957,963,14111
oliveira/04_11/randm09.02.02.07.020_0030.01.aba.beta,True,1,1,0.003404855728149414,0.0214693546295166,0.0017261505126953125,0.026600360870361328,3,1,3,3,1,2,511,8445
oliveira/04_11/randm09.02.02.07.020_0030.02.aba.beta,True,1,1,0.0025146007537841797,0.024958133697509766,0.0014331340789794922,0.028905868530273438,3,1,3,3,1,2,530,8553
oliveira/04_11/randm09.02.02.07.020_0030.03.aba.beta,True,1,1,0.0038084983825683594,0.02036571502685547,0.0015079975128173828,0.02568221092224121,3,1,3,3,1,2,533,8573
oliveira/04_11/randm09.02.02.07.020_0030.04.aba.beta,True,1,1,0.017533302307128906,0.023205280303955078,0.0014312267303466797,0.042169809341430664,3,1,3,3,1,2,527,8550
oliveira/04_11/randm09.02.02.07.020_0030.05.aba.beta,True,1,1,0.004978179931640625,0.021657943725585938,0.0016443729400634766,0.02828049659729004,3,1,3,3,1,2,536,8586
oliveira/04_11/randm09.02.02.08.020_0030.01.aba.beta,True,4,6,0.10254454612731934,0.11306905746459961,0.0017063617706298828,0.21731996536254883,56,4,54,26,6,309,601,9477
oliveira/04_11/randm09.02.02.08.020_0030.02.aba.beta,True,9,6,0.09232592582702637,0.3157784938812256,0.0023086071014404297,0.4104130268096924,91,8,88,55,6,1123,800,12213
oliveira/04_11/randm09.02.02.08.020_0030.03.aba.beta,True,10,6,0.08379888534545898,0.30257606506347656,0.0027387142181396484,0.3891136646270752,71,9,64,41,6,588,873,13224
oliveira/04_11/randm09.02.02.08.020_0030.04.aba.beta,True,11,6,0.07544612884521484,0.324016809463501,0.005698204040527344,0.40516114234924316,95,8,88,37,8,599,1680,26376
oliveira/04_11/randm09.02.02.08.020_0030.05.aba.beta,True,6,6,0.06297683715820312,0.2151327133178711,0.0035424232482910156,0.28165197372436523,71,5,77,32,7,439,1165,18489
oliveira/04_11/randm09.02.02.09.020_0030.01.aba.beta,True,16,9,0.22124075889587402,0.9595510959625244,0.0068438053131103516,1.1876356601715088,264,13,270,121,9,3190,1844,29153
oliveira/04_11/randm09.02.02.09.020_0030.02.aba.beta,True,14,9,0.19446086883544922,0.6268072128295898,0.002596139907836914,0.823864221572876,198,10,189,68,10,2560,755,11099
oliveira/04_11/randm09.02.02.09.020_0030.03.aba.beta,True,11,9,0.1341099739074707,0.40276384353637695,0.0017697811126708984,0.5386435985565186,133,7,127,54,12,1166,631,9465
oliveira/04_11/randm09.02.02.09.020_0030.04.aba.beta,True,20,9,0.28048253059387207,1.2963409423828125,0.006537199020385742,1.5833606719970703,275,17,273,148,9,3517,2046,30978
oliveira/04_11/randm09.02.02.09.020_0030.05.aba.beta,True,15,9,0.33468008041381836,1.0571355819702148,0.005753993988037109,1.3975696563720703,205,10,196,132,12,2195,1077,16308
oliveira/04_11/randm09.02.02.10.020_0030.01.aba.beta,True,8,6,0.07360148429870605,0.3134298324584961,0.002638578414916992,0.38966989517211914,75,7,71,51,6,753,783,12035
oliveira/04_11/randm09.02.02.10.020_0030.02.aba.beta,True,9,6,0.07270646095275879,0.2938992977142334,0.0024154186248779297,0.3690211772918701,77,8,72,53,6,887,677,10211
oliveira/04_11/randm09.02.02.10.020_0030.03.aba.beta,True,9,6,0.07590556144714355,0.4073488712310791,0.0023398399353027344,0.4855942726135254,76,8,73,48,6,681,764,11392
oliveira/04_11/randm09.02.02.10.020_0030.04.aba.beta,True,7,6,0.07344532012939453,0.28722691535949707,0.00199127197265625,0.36266350746154785,62,6,59,36,6,608,607,9186
oliveira/04_11/randm09.02.02.10.020_0030.05.aba.beta,True,7,6,0.05822920799255371,0.20997929573059082,0.0017213821411132812,0.2699298858642578,63,7,57,37,6,701,626,9306
oliveira/04_11/randm09.02.02.11.020_0030.01.aba.beta,True,16,8,0.20856165885925293,0.6938698291778564,0.003322601318359375,0.9057540893554688,182,13,170,95,10,2441,988,14702
oliveira/04_11/randm09.02.02.11.020_0030.02.aba.beta,True,12,8,0.21165847778320312,0.41816210746765137,0.0024399757385253906,0.6322605609893799,135,10,146,44,9,2235,763,11383
oliveira/04_11/randm09.02.02.11.020_0030.03.aba.beta,True,17,8,0.2506256103515625,0.754357099533081,0.004400968551635742,1.0093836784362793,176,15,199,79,9,2826,1104,16375
oliveira/04_11/randm09.02.02.11.020_0030.04.aba.beta,True,16,8,0.22603368759155273,0.5402693748474121,0.002501964569091797,0.7688050270080566,108,14,98,44,9,1192,805,11480
oliveira/04_11/randm09.02.02.11.020_0030.05.aba.beta,True,14,8,0.15430903434753418,0.5740947723388672,0.0030732154846191406,0.7314770221710205,143,11,133,81,9,1515,817,12274
oliveira/04_11/randm09.02.02.12.020_0030.01.aba.beta,True,12,8,0.13792014122009277,0.5504612922668457,0.0026814937591552734,0.6910629272460938,123,10,119,61,8,1286,821,12286
oliveira/04_11/randm09.02.02.12.020_0030.02.aba.beta,True,19,8,0.2804694175720215,0.9632363319396973,0.004331827163696289,1.248037576675415,138,17,137,73,9,1485,1072,15489
oliveira/04_11/randm09.02.02.12.020_0030.03.aba.beta,True,20,8,0.2318871021270752,1.033952236175537,0.00644683837890625,1.2722861766815186,147,18,130,84,8,1763,1094,15405
oliveira/04_11/randm09.02.02.12.020_0030.04.aba.beta,True,14,8,0.12033605575561523,0.5366659164428711,0.0028276443481445312,0.6598296165466309,112,11,108,58,10,1081,950,14255
oliveira/04_11/randm09.02.02.12.020_0030.05.aba.beta,True,16,8,0.1692676544189453,0.6057379245758057,0.0032660961151123047,0.7782716751098633,151,12,141,77,11,1806,944,13800
oliveira/04_11/randm09.02.02.13.020_0030.01.aba.beta,True,18,8,0.1686089038848877,0.8061211109161377,0.003465414047241211,0.9781954288482666,159,13,153,90,11,2169,1118,16982
oliveira/04_11/randm09.02.02.13.020_0030.02.aba.beta,True,19,8,0.28542113304138184,1.3902323246002197,0.005784273147583008,1.6814377307891846,285,14,273,152,11,5059,1848,28398
oliveira/04_11/randm09.02.02.13.020_0030.03.aba.beta,True,18,8,0.25599122047424316,0.9725840091705322,0.003535747528076172,1.2321109771728516,256,13,262,101,11,3712,1099,16351
oliveira/04_11/randm09.02.02.13.020_0030.04.aba.beta,True,14,8,0.20741963386535645,0.7996771335601807,0.00667119026184082,1.013767957687378,200,12,191,102,8,3286,1040,15678
oliveira/04_11/randm09.02.02.13.020_0030.05.aba.beta,True,18,8,0.24074625968933105,0.9534380435943604,0.004246950149536133,1.1984312534332275,226,15,216,95,9,2801,1194,17674
oliveira/04_11/randm09.02.02.14.020_0030.01.aba.beta,True,9,6,0.1340487003326416,0.3103814125061035,0.002705097198486328,0.44713521003723145,85,7,81,62,7,854,795,12069
oliveira/04_11/randm09.02.02.14.020_0030.02.aba.beta,True,7,6,0.07835125923156738,0.32079362869262695,0.0017161369323730469,0.4008610248565674,61,5,57,43,7,627,640,9721
oliveira/04_11/randm09.02.02.14.020_0030.03.aba.beta,True,10,6,0.1409618854522705,0.30647945404052734,0.0022318363189697266,0.4496731758117676,85,8,81,53,7,884,661,9839
oliveira/04_11/randm09.02.02.14.020_0030.04.aba.beta,True,8,6,0.05889749526977539,0.29531359672546387,0.0033621788024902344,0.3575732707977295,88,5,90,63,9,792,776,12036
oliveira/04_11/randm09.02.02.14.020_0030.05.aba.beta,True,12,6,0.09367966651916504,0.4765665531158447,0.0031697750091552734,0.573415994644165,135,10,136,106,7,1850,996,15008
oliveira/04_11/randm09.02.02.15.020_0030.01.aba.beta,True,11,8,0.10373830795288086,0.43833208084106445,0.004383563995361328,0.5464539527893066,127,7,122,98,11,1286,1302,20295
oliveira/04_11/randm09.02.02.15.020_0030.02.aba.beta,True,10,8,0.07850432395935059,0.33669376373291016,0.0021626949310302734,0.417360782623291,80,6,76,44,11,688,628,9413
oliveira/04_11/randm09.02.02.15.020_0030.03.aba.beta,True,10,8,0.08607649803161621,0.33018040657043457,0.0024597644805908203,0.4187166690826416,107,8,107,60,9,1222,807,12417
oliveira/04_11/randm09.02.02.15.020_0030.04.aba.beta,True,10,8,0.09803509712219238,0.4222745895385742,0.0021715164184570312,0.5224812030792236,111,8,105,72,9,931,729,11045
oliveira/04_11/randm09.02.02.15.020_0030.05.aba.beta,True,8,8,0.07482481002807617,0.275942325592041,0.004416704177856445,0.35518383979797363,104,5,118,57,11,829,746,12081
oliveira/04_11/randm09.02.02.16.020_0030.01.aba.beta,True,11,6,0.10817670822143555,0.5430970191955566,0.004317760467529297,0.6555914878845215,122,9,114,81,7,1382,1104,17146
oliveira/04_11/randm09.02.02.16.020_0030.02.aba.beta,True,8,6,0.08464527130126953,0.28877806663513184,0.004094600677490234,0.3775179386138916,140,7,134,82,7,1928,997,15359
oliveira/04_11/randm09.02.02.16.020_0030.03.aba.beta,True,12,6,0.12218880653381348,0.7285807132720947,0.009949207305908203,0.8607187271118164,166,10,157,122,6,2072,1741,27531
oliveira/04_11/randm09.02.02.16.020_0030.04.aba.beta,True,7,6,0.09613871574401855,0.28565120697021484,0.0021462440490722656,0.38393616676330566,116,5,136,60,8,1607,643,9877
oliveira/04_11/randm09.02.02.16.020_0030.05.aba.beta,True,8,6,0.0634918212890625,0.2905106544494629,0.002201557159423828,0.3562040328979492,78,6,76,44,7,1130,692,10654
oliveira/04_11/randm09.02.02.17.020_0030.01.aba.beta,True,19,9,0.22965145111083984,1.0093927383422852,0.006123781204223633,1.2451679706573486,239,14,232,111,12,3205,1669,26036
oliveira/04_11/randm09.02.02.17.020_0030.02.aba.beta,True,12,9,0.14622139930725098,0.7183899879455566,0.0031557083129882812,0.8677670955657959,155,8,152,113,12,1496,902,13752
oliveira/04_11/randm09.02.02.17.020_0030.03.aba.beta,True,9,9,0.08384299278259277,0.34173059463500977,0.0020105838775634766,0.427584171295166,88,6,88,63,11,511,666,10146
oliveira/04_11/randm09.02.02.17.020_0030.04.aba.beta,True,16,9,0.2178504467010498,0.8101146221160889,0.003275156021118164,1.0312402248382568,165,11,158,76,12,1898,924,13761
oliveira/04_11/randm09.02.02.17.020_0030.05.aba.beta,True,22,9,0.24507427215576172,1.043095350265503,0.0048961639404296875,1.2930657863616943,187,17,172,96,12,2354,1506,22570
oliveira/04_11/randm09.02.02.18.020_0030.01.aba.beta,True,15,7,0.15327048301696777,0.5478348731994629,0.003062009811401367,0.704167366027832,129,12,118,69,10,1995,875,12855
oliveira/04_11/randm09.02.02.18.020_0030.02.aba.beta,True,12,7,0.16837358474731445,0.43419671058654785,0.0029153823852539062,0.6054856777191162,185,10,180,78,9,2394,886,13672
oliveira/04_11/randm09.02.02.18.020_0030.03.aba.beta,True,17,7,0.21006488800048828,0.6383485794067383,0.0038340091705322266,0.8522474765777588,144,16,129,87,7,2228,1237,18344
oliveira/04_11/randm09.02.02.18.020_0030.04.aba.beta,True,13,7,0.19034457206726074,0.6970858573913574,0.003858327865600586,0.8912887573242188,161,11,163,99,8,2349,1106,16598
oliveira/04_11/randm09.02.02.18.020_0030.05.aba.beta,True,15,7,0.21577072143554688,0.6472232341766357,0.003079652786254883,0.8660736083984375,158,13,146,72,9,2584,1020,15337
oliveira/04_11/randm09.02.02.19.020_0030.01.aba.beta,True,18,8,0.2308661937713623,0.859464168548584,0.004691123962402344,1.0950214862823486,192,16,177,105,8,2663,1316,19879
oliveira/04_11/randm09.02.02.19.020_0030.02.aba.beta,True,13,8,0.22718214988708496,0.7262287139892578,0.006327390670776367,0.9597382545471191,209,12,198,139,8,2673,1815,28146
oliveira/04_11/randm09.02.02.19.020_0030.03.aba.beta,True,12,8,0.13820242881774902,0.5299186706542969,0.002553224563598633,0.6706743240356445,166,8,159,74,10,2423,839,12717
oliveira/04_11/randm09.02.02.19.020_0030.04.aba.beta,True,16,8,0.18606352806091309,0.8664116859436035,0.005362033843994141,1.0578372478485107,211,13,203,127,9,3273,1370,20826
oliveira/04_11/randm09.02.02.19.020_0030.05.aba.beta,True,19,8,0.26056694984436035,1.0795929431915283,0.0056912899017333984,1.345851182937622,228,15,218,149,10,2902,1747,26689
oliveira/04_11/randm10.02.02.01.020_0030.01.aba.beta,True,3,6,0.03288555145263672,0.1121053695678711,0.003293275833129883,0.1482841968536377,59,3,62,30,6,277,708,11182
oliveira/04_11/randm10.02.02.01.020_0030.02.aba.beta,True,11,6,0.12779831886291504,0.43066859245300293,0.0025942325592041016,0.5610611438751221,79,10,75,35,6,774,840,12668
oliveira/04_11/randm10.02.02.01.020_0030.03.aba.beta,True,8,6,0.08421158790588379,0.33504581451416016,0.003347635269165039,0.422605037689209,62,6,70,38,7,512,716,11013
oliveira/04_11/randm10.02.02.01.020_0030.04.aba.beta,True,4,6,0.03890872001647949,0.11291956901550293,0.001965761184692383,0.1537940502166748,64,4,61,28,6,425,697,10874
oliveira/04_11/randm10.02.02.01.020_0030.05.aba.beta,True,6,6,0.05982208251953125,0.21687936782836914,0.0032927989959716797,0.27999424934387207,77,5,79,33,7,399,1063,16807
oliveira/04_11/randm10.02.02.02.020_0030.01.aba.beta,True,16,9,0.24559521675109863,0.8803553581237793,0.0040302276611328125,1.1299808025360107,233,12,246,117,11,2864,1256,18683
oliveira/04_11/randm10.02.02.02.020_0030.02.aba.beta,True,22,9,0.48114991188049316,1.7805113792419434,0.008014202117919922,2.2696754932403564,236,19,240,146,11,3064,2005,30721
oliveira/04_11/randm10.02.02.02.020_0030.03.aba.beta,True,16,9,0.18449878692626953,0.8858911991119385,0.0029578208923339844,1.073347806930542,168,13,165,83,10,2399,920,13664
oliveira/04_11/randm10.02.02.02.020_0030.04.aba.beta,True,18,9,0.18304848670959473,1.0273959636688232,0.004465341567993164,1.2149097919464111,212,15,198,121,9,2270,1394,21527
oliveira/04_11/randm10.02.02.02.020_0030.05.aba.beta,True,19,9,0.3138279914855957,1.5163650512695312,0.007485866546630859,1.8376789093017578,228,14,218,96,11,2523,1033,15055
oliveira/04_11/randm10.02.02.03.020_0030.01.aba.beta,True,21,8,0.26483678817749023,1.0569782257080078,0.007883548736572266,1.3296985626220703,159,18,149,95,10,1841,1344,19652
oliveira/04_11/randm10.02.02.03.020_0030.02.aba.beta,True,16,8,0.1919252872467041,0.8743648529052734,0.0050356388092041016,1.0713257789611816,129,11,119,70,11,1336,1245,18618
oliveira/04_11/randm10.02.02.03.020_0030.03.aba.beta,True,15,8,0.16440963745117188,0.7475268840789795,0.0043566226959228516,0.9162931442260742,151,11,150,88,10,1950,1063,16194
oliveira/04_11/randm10.02.02.03.020_0030.04.aba.beta,True,13,8,0.11913561820983887,0.5002667903900146,0.003188610076904297,0.6225910186767578,140,9,139,96,11,1657,1008,15301
oliveira/04_11/randm10.02.02.03.020_0030.05.aba.beta,True,14,8,0.13834309577941895,0.5509922504425049,0.0042345523834228516,0.6935698986053467,132,11,133,86,10,1302,1131,17041
oliveira/04_11/randm10.02.02.04.020_0030.01.aba.beta,True,9,5,0.05819559097290039,0.2788090705871582,0.0017232894897460938,0.3387279510498047,60,8,53,34,6,665,673,9880
oliveira/04_11/randm10.02.02.04.020_0030.02.aba.beta,True,5,5,0.022933006286621094,0.13227248191833496,0.0016353130340576172,0.15684080123901367,49,3,47,33,7,373,569,8804
oliveira/04_11/randm10.02.02.04.020_0030.03.aba.beta,True,5,5,0.02465200424194336,0.11272668838500977,0.0020627975463867188,0.13944149017333984,36,3,35,20,7,132,529,8540
oliveira/04_11/randm10.02.02.04.020_0030.04.aba.beta,True,5,5,0.05704689025878906,0.13076472282409668,0.0017361640930175781,0.18954777717590332,43,5,43,26,5,247,571,8741
oliveira/04_11/randm10.02.02.04.020_0030.05.aba.beta,True,5,5,0.03936195373535156,0.15113496780395508,0.0018625259399414062,0.19235944747924805,63,5,61,44,5,673,635,9600
oliveira/04_11/randm10.02.02.05.020_0030.01.aba.beta,True,16,8,0.20248651504516602,0.7842085361480713,0.007259368896484375,0.9939544200897217,139,13,129,74,9,1288,1637,25691
oliveira/04_11/randm10.02.02.05.020_0030.02.aba.beta,True,10,7,0.11670207977294922,0.4486370086669922,0.004176616668701172,0.5695157051086426,130,9,126,83,7,1309,1270,19406
oliveira/04_11/randm10.02.02.05.020_0030.03.aba.beta,True,14,8,0.16791725158691406,0.6862807273864746,0.008204221725463867,0.8624022006988525,173,12,164,110,9,2322,1598,24588
oliveira/04_11/randm10.02.02.05.020_0030.04.aba.beta,True,14,8,0.13384199142456055,0.6233022212982178,0.004634380340576172,0.7617785930633545,163,12,152,91,8,1752,1562,23722
oliveira/04_11/randm10.02.02.05.020_0030.05.aba.beta,True,17,8,0.23314261436462402,1.010033130645752,0.006699800491333008,1.249875545501709,186,15,188,117,8,2511,1996,30551
oliveira/04_11/randm10.02.02.06.020_0030.01.aba.beta,True,16,9,0.2504305839538574,0.69624924659729,0.0038530826568603516,0.9505329132080078,207,11,214,83,13,1919,882,13104
oliveira/04_11/randm10.02.02.06.020_0030.02.aba.beta,True,17,9,0.27211952209472656,1.004711627960205,0.007530927658081055,1.2843620777130127,205,13,193,119,12,3375,1347,20462
oliveira/04_11/randm10.02.02.06.020_0030.03.aba.beta,True,21,9,0.28099894523620605,1.126807689666748,0.005840778350830078,1.4136474132537842,259,15,247,102,13,3907,1462,22044
oliveira/04_11/randm10.02.02.06.020_0030.04.aba.beta,True,15,9,0.23537135124206543,0.5580275058746338,0.0028786659240722656,0.7962775230407715,167,10,159,60,13,2601,871,13257
oliveira/04_11/randm10.02.02.06.020_0030.05.aba.beta,True,18,9,0.4332859516143799,0.7833120822906494,0.003371000289916992,1.2199690341949463,282,16,280,83,11,4178,1094,16198
oliveira/04_11/randm10.02.02.07.020_0030.01.aba.beta,True,21,9,0.30629897117614746,1.107860803604126,0.005367279052734375,1.4195270538330078,307,16,313,147,12,3796,1545,23404
oliveira/04_11/randm10.02.02.07.020_0030.02.aba.beta,True,18,9,0.1942887306213379,0.804750919342041,0.004430055618286133,1.003469705581665,208,14,195,97,11,1885,1215,18352
oliveira/04_11/randm10.02.02.07.020_0030.03.aba.beta,True,14,9,0.18595552444458008,0.7724504470825195,0.014494180679321289,0.9729001522064209,180,10,174,98,11,1752,1213,18620
oliveira/04_11/randm10.02.02.07.020_0030.04.aba.beta,True,19,9,0.3409700393676758,1.2013916969299316,0.004389286041259766,1.5467510223388672,230,15,218,114,12,3411,1513,22425
oliveira/04_11/randm10.02.02.07.020_0030.05.aba.beta,True,18,9,0.22112560272216797,0.8987216949462891,0.0035529136657714844,1.1234002113342285,172,13,172,93,12,2053,1028,15162
oliveira/04_11/randm10.02.02.08.020_0030.01.aba.beta,True,13,9,0.14239287376403809,0.5929498672485352,0.0026950836181640625,0.7380378246307373,142,11,132,94,10,1371,855,12983
oliveira/04_11/randm10.02.02.08.020_0030.02.aba.beta,True,9,9,0.09927678108215332,0.34211158752441406,0.0018835067749023438,0.4432718753814697,92,8,86,55,9,710,650,9750
oliveira/04_11/randm10.02.02.08.020_0030.03.aba.beta,True,11,9,0.1616508960723877,0.5063686370849609,0.004683732986450195,0.6727032661437988,133,8,126,55,11,1314,647,9572
oliveira/04_11/randm10.02.02.08.020_0030.04.aba.beta,True,16,9,0.1805729866027832,0.5925836563110352,0.002315521240234375,0.7754721641540527,136,11,130,56,13,1102,758,11170
oliveira/04_11/randm10.02.02.08.020_0030.05.aba.beta,True,10,9,0.12084555625915527,0.5157063007354736,0.0024068355560302734,0.6389586925506592,121,9,116,76,9,1124,759,11356
oliveira/04_11/randm10.02.02.09.020_0030.01.aba.beta,True,9,7,0.0786740779876709,0.3660919666290283,0.0028412342071533203,0.44760727882385254,117,7,111,69,7,1393,820,12748
oliveira/04_11/randm10.02.02.09.020_0030.02.aba.beta,True,9,7,0.08276915550231934,0.3442394733428955,0.0024895668029785156,0.42949819564819336,145,7,142,85,8,1352,669,10197
oliveira/04_11/randm10.02.02.09.020_0030.03.aba.beta,True,12,7,0.1360166072845459,0.5269241333007812,0.002534151077270508,0.6654748916625977,109,10,100,58,7,1020,697,10236
oliveira/04_11/randm10.02.02.09.020_0030.04.aba.beta,True,10,7,0.0838155746459961,0.35692429542541504,0.002070188522338867,0.44281005859375,102,8,95,69,7,961,682,10304
oliveira/04_11/randm10.02.02.09.020_0030.05.aba.beta,True,11,7,0.1953423023223877,0.6232187747955322,0.0027086734771728516,0.8212697505950928,182,9,174,88,9,2593,882,13411
oliveira/04_11/randm10.02.02.10.020_0030.01.aba.beta,True,7,7,0.0632634162902832,0.26105642318725586,0.0017848014831542969,0.32610464096069336,76,6,73,52,7,709,648,9901
oliveira/04_11/randm10.02.02.10.020_0030.02.aba.beta,True,9,7,0.12526369094848633,0.38091206550598145,0.004417896270751953,0.5105936527252197,98,8,94,69,7,807,916,13940
oliveira/04_11/randm10.02.02.10.020_0030.03.aba.beta,True,11,7,0.1772153377532959,0.43668532371520996,0.002603769302368164,0.616504430770874,156,8,149,72,9,1549,756,11285
oliveira/04_11/randm10.02.02.10.020_0030.04.aba.beta,True,12,7,0.1742849349975586,0.3998091220855713,0.0025167465209960938,0.576610803604126,104,10,95,46,7,972,725,10675
oliveira/04_11/randm10.02.02.10.020_0030.05.aba.beta,True,15,7,0.13667798042297363,0.6536037921905518,0.003420114517211914,0.7937018871307373,144,12,139,87,8,1782,969,14440
oliveira/04_11/randm10.02.02.11.020_0030.01.aba.beta,True,11,7,0.10801815986633301,0.3407175540924072,0.001961231231689453,0.4506969451904297,95,9,87,42,8,747,634,9204
oliveira/04_11/randm10.02.02.11.020_0030.02.aba.beta,True,8,7,0.08025932312011719,0.27330589294433594,0.001804351806640625,0.35536956787109375,100,7,96,45,8,980,621,9344
oliveira/04_11/randm10.02.02.11.020_0030.03.aba.beta,True,11,7,0.16627120971679688,0.4992220401763916,0.0022978782653808594,0.6677911281585693,96,11,89,36,7,760,665,9634
oliveira/04_11/randm10.02.02.11.020_0030.04.aba.beta,True,11,7,0.12900781631469727,0.4319779872894287,0.0024094581604003906,0.5633952617645264,109,9,107,57,8,1377,768,11387
oliveira/04_11/randm10.02.02.11.020_0030.05.aba.beta,True,11,7,0.11191272735595703,0.35972023010253906,0.0033457279205322266,0.4749786853790283,121,10,114,69,8,1124,1052,15871
oliveira/04_11/randm10.02.02.12.020_0030.01.aba.beta,True,13,8,0.09770965576171875,0.4893789291381836,0.0027227401733398438,0.5898113250732422,146,8,139,59,10,1357,688,10194
oliveira/04_11/randm10.02.02.12.020_0030.02.aba.beta,True,18,8,0.19294500350952148,0.9340589046478271,0.0051724910736083984,1.132176399230957,201,13,189,113,11,2276,1483,23303
oliveira/04_11/randm10.02.02.12.020_0030.03.aba.beta,True,9,8,0.08930563926696777,0.34435319900512695,0.002277374267578125,0.43593621253967285,85,8,80,44,8,667,645,9715
oliveira/04_11/randm10.02.02.12.020_0030.04.aba.beta,True,17,8,0.19079256057739258,0.6335122585296631,0.0024843215942382812,0.826789140701294,106,15,102,44,9,1267,789,11232
oliveira/04_11/randm10.02.02.12.020_0030.05.aba.beta,True,21,8,0.3156466484069824,1.0075962543487549,0.005503177642822266,1.3287460803985596,263,17,247,109,11,3158,1630,24264
oliveira/04_11/randm10.02.02.13.020_0030.01.aba.beta,True,8,6,0.06823134422302246,0.2551600933074951,0.0018544197082519531,0.32524585723876953,88,6,85,47,8,1082,633,9636
oliveira/04_11/randm10.02.02.13.020_0030.02.aba.beta,True,16,6,0.13401007652282715,0.728198766708374,0.0048046112060546875,0.8670134544372559,150,14,137,113,7,2012,1373,21359
oliveira/04_11/randm10.02.02.13.020_0030.03.aba.beta,True,9,6,0.1325550079345703,0.5016956329345703,0.0027289390563964844,0.6369795799255371,112,8,106,79,7,1633,846,12833
oliveira/04_11/randm10.02.02.13.020_0030.04.aba.beta,True,16,6,0.1358482837677002,0.6188812255859375,0.004065275192260742,0.7587947845458984,128,15,126,89,6,1638,1162,17308
oliveira/04_11/randm10.02.02.13.020_0030.05.aba.beta,True,10,6,0.0840444564819336,0.4241621494293213,0.0031518936157226562,0.5113584995269775,101,9,93,76,6,1330,986,14945
oliveira/04_11/randm10.02.02.14.020_0030.01.aba.beta,True,29,9,0.5070333480834961,1.8348329067230225,0.008940696716308594,2.350806951522827,292,24,269,125,11,4941,1919,28163
oliveira/04_11/randm10.02.02.14.020_0030.02.aba.beta,True,15,9,0.2704646587371826,0.6371262073516846,0.003187417984008789,0.910778284072876,217,12,217,65,11,3378,850,12721
oliveira/04_11/randm10.02.02.14.020_0030.03.aba.beta,True,21,9,0.3375587463378906,1.4675121307373047,0.010221004486083984,1.8152918815612793,254,16,239,125,11,3593,1684,25773
oliveira/04_11/randm10.02.02.14.020_0030.04.aba.beta,True,23,9,0.33863282203674316,2.2723894119262695,0.0069732666015625,2.617995500564575,258,19,240,124,10,3463,1559,23538
oliveira/04_11/randm10.02.02.14.020_0030.05.aba.beta,True,23,9,0.41190028190612793,1.9658927917480469,0.0042459964752197266,2.3820390701293945,343,18,333,129,11,4151,1259,18844
oliveira/04_11/randm10.02.02.15.020_0030.01.aba.beta,True,17,8,0.15088891983032227,0.6000936031341553,0.0026330947875976562,0.7536156177520752,156,13,154,75,11,1749,895,13162
oliveira/04_11/randm10.02.02.15.020_0030.02.aba.beta,True,9,8,0.11289143562316895,0.4128265380859375,0.0031156539916992188,0.5288336277008057,102,6,98,55,10,893,615,9404
oliveira/04_11/randm10.02.02.15.020_0030.03.aba.beta,True,19,8,0.17775583267211914,0.7604818344116211,0.0037136077880859375,0.9419512748718262,155,14,147,71,11,1837,1125,16577
oliveira/04_11/randm10.02.02.15.020_0030.04.aba.beta,True,15,8,0.13057327270507812,0.5809464454650879,0.002613067626953125,0.7141327857971191,181,11,171,71,9,2773,848,12518
oliveira/04_11/randm10.02.02.15.020_0030.05.aba.beta,True,17,8,0.19570016860961914,0.6244034767150879,0.002846240997314453,0.8229498863220215,139,14,138,69,10,1610,977,14075
oliveira/04_11/randm10.02.02.16.020_0030.01.aba.beta,True,17,8,0.22416996955871582,0.8133089542388916,0.003984689712524414,1.0414636135101318,162,14,149,90,9,1647,1212,18061
oliveira/04_11/randm10.02.02.16.020_0030.02.aba.beta,True,15,8,0.19282150268554688,0.762779951095581,0.00412750244140625,0.9597289562225342,190,11,184,105,10,2761,1251,19082
oliveira/04_11/randm10.02.02.16.020_0030.03.aba.beta,True,16,8,0.29134702682495117,0.778754711151123,0.004340410232543945,1.0744421482086182,196,15,221,100,9,2264,1441,21437
oliveira/04_11/randm10.02.02.16.020_0030.04.aba.beta,True,20,8,0.3212466239929199,0.9722321033477783,0.006880998611450195,1.3003597259521484,239,16,237,92,11,3227,1217,17569
oliveira/04_11/randm10.02.02.16.020_0030.05.aba.beta,True,16,8,0.25327610969543457,1.1028881072998047,0.00789642333984375,1.364060640335083,279,13,267,147,9,3743,1474,22624
oliveira/04_11/randm10.02.02.17.020_0030.01.aba.beta,True,16,7,0.13440752029418945,0.5495667457580566,0.0027468204498291016,0.6867210865020752,130,13,132,69,8,1980,907,13228
oliveira/04_11/randm10.02.02.17.020_0030.02.aba.beta,True,13,7,0.17809128761291504,0.49793243408203125,0.0033349990844726562,0.679358720779419,154,12,182,71,8,2105,975,14742
oliveira/04_11/randm10.02.02.17.020_0030.03.aba.beta,True,13,7,0.1342759132385254,0.6798346042633057,0.0033321380615234375,0.8174426555633545,156,10,149,82,8,2627,999,15162
oliveira/04_11/randm10.02.02.17.020_0030.04.aba.beta,True,9,7,0.10980224609375,0.4259829521179199,0.003939628601074219,0.5397248268127441,171,9,171,115,7,2453,1130,17348
oliveira/04_11/randm10.02.02.17.020_0030.05.aba.beta,True,17,7,0.2678046226501465,1.0010037422180176,0.003590822219848633,1.2723991870880127,149,14,138,74,9,2045,902,13184
oliveira/04_11/randm10.02.02.18.020_0030.01.aba.beta,True,1,1,0.00470423698425293,0.02060246467590332,0.001590728759765625,0.026897430419921875,3,1,3,3,1,2,539,8607
oliveira/04_11/randm10.02.02.18.020_0030.02.aba.beta,True,1,1,0.0041005611419677734,0.022098541259765625,0.0019366741180419922,0.02813577651977539,3,1,3,3,1,2,537,8599
oliveira/04_11/randm10.02.02.18.020_0030.03.aba.beta,True,1,1,0.004287242889404297,0.020042896270751953,0.001592874526977539,0.02592301368713379,3,1,3,3,1,2,537,8596
oliveira/04_11/randm10.02.02.18.020_0030.04.aba.beta,True,1,1,0.0047092437744140625,0.02185654640197754,0.0015892982482910156,0.028155088424682617,3,1,3,3,1,2,536,8587
oliveira/04_11/randm10.02.02.18.020_0030.05.aba.beta,True,1,1,0.004132270812988281,0.02177882194519043,0.0018725395202636719,0.027783632278442383,3,1,3,3,1,2,537,8596
oliveira/04_11/randm10.02.02.19.020_0030.01.aba.beta,True,14,10,0.17676210403442383,0.5831654071807861,0.0024521350860595703,0.7623796463012695,143,10,142,77,13,1258,799,11777
oliveira/04_11/randm10.02.02.19.020_0030.02.aba.beta,True,18,10,0.2515687942504883,0.7833254337310791,0.002437114715576172,1.0373313426971436,254,11,250,78,15,2286,766,11123
oliveira/04_11/randm10.02.02.19.020_0030.03.aba.beta,True,23,10,0.3625452518463135,1.553093433380127,0.005548715591430664,1.921187400817871,273,20,254,120,10,3950,1733,25812
oliveira/04_11/randm10.02.02.19.020_0030.04.aba.beta,True,16,10,0.3685793876647949,0.9589462280273438,0.004096269607543945,1.3316218852996826,177,11,179,71,13,2276,837,12264
oliveira/04_11/randm10.02.02.19.020_0030.05.aba.beta,True,23,10,0.28190040588378906,1.2584640979766846,0.0052335262298583984,1.545598030090332,239,17,234,142,14,2869,1583,23821
oliveira/04_11/randm11.02.02.01.020_0030.01.aba.beta,True,20,10,0.3077402114868164,1.0998904705047607,0.0055389404296875,1.4131696224212646,281,16,270,104,13,3743,1368,20115
oliveira/04_11/randm11.02.02.01.020_0030.02.aba.beta,True,11,10,0.25397562980651855,0.5445456504821777,0.004602670669555664,0.803123950958252,184,10,178,74,10,2095,870,12907
oliveira/04_11/randm11.02.02.01.020_0030.03.aba.beta,True,23,10,0.31731605529785156,1.3819665908813477,0.005159139633178711,1.704441785812378,318,17,302,125,13,4264,1646,24810
oliveira/04_11/randm11.02.02.01.020_0030.04.aba.beta,True,17,10,0.22205901145935059,0.9172706604003906,0.0034258365631103516,1.1427555084228516,310,11,301,129,14,3598,1107,16819
oliveira/04_11/randm11.02.02.01.020_0030.05.aba.beta,True,12,10,0.18373394012451172,0.6095852851867676,0.002941608428955078,0.7962608337402344,226,8,223,95,13,2052,778,11723
oliveira/04_11/randm11.02.02.02.020_0030.01.aba.beta,True,7,9,0.1420917510986328,0.3527796268463135,0.0020296573638916016,0.4969010353088379,177,4,191,64,11,2361,603,9364
oliveira/04_11/randm11.02.02.02.020_0030.02.aba.beta,True,16,10,0.24196243286132812,0.6919174194335938,0.003859996795654297,0.9377398490905762,186,10,177,71,14,2337,1176,18089
oliveira/04_11/randm11.02.02.02.020_0030.03.aba.beta,True,15,10,0.28066420555114746,0.6725521087646484,0.005176067352294922,0.9583923816680908,172,12,180,73,13,2219,1304,19640
oliveira/04_11/randm11.02.02.02.020_0030.04.aba.beta,True,18,10,0.2810704708099365,0.9500155448913574,0.005021095275878906,1.2361071109771729,207,15,198,114,11,2422,1571,23729
oliveira/04_11/randm11.02.02.02.020_0030.05.aba.beta,True,13,10,0.2708401679992676,0.8541178703308105,0.0038068294525146484,1.1287648677825928,176,7,178,84,14,2622,751,11506
oliveira/04_11/randm11.02.02.03.020_0030.01.aba.beta,True,17,10,0.2729349136352539,0.7334954738616943,0.004441499710083008,1.0108718872070312,196,12,202,70,13,1675,1492,22401
oliveira/04_11/randm11.02.02.03.020_0030.02.aba.beta,True,22,10,0.3544502258300781,1.2797200679779053,0.0040171146392822266,1.6381874084472656,272,15,268,108,14,3822,1337,20315
oliveira/04_11/randm11.02.02.03.020_0030.03.aba.beta,True,17,10,0.29198575019836426,1.0608484745025635,0.006570339202880859,1.3594045639038086,255,13,243,103,11,4548,1397,21199
oliveira/04_11/randm11.02.02.03.020_0030.04.aba.beta,True,23,10,0.31492018699645996,1.1617083549499512,0.0034546852111816406,1.4800832271575928,265,18,255,101,12,2657,1123,16103
oliveira/04_11/randm11.02.02.03.020_0030.05.aba.beta,True,12,10,0.22093653678894043,0.7476260662078857,0.006631374359130859,0.975193977355957,233,9,231,105,10,1941,1291,19847
oliveira/04_11/randm11.02.02.04.020_0030.01.aba.beta,True,14,9,0.1817033290863037,0.6394443511962891,0.003859281539916992,0.8250069618225098,187,10,190,96,11,1866,1124,17024
oliveira/04_11/randm11.02.02.04.020_0030.02.aba.beta,True,14,9,0.13538241386413574,0.553295373916626,0.0025527477264404297,0.6912305355072021,169,10,160,63,10,1480,883,13141
oliveira/04_11/randm11.02.02.04.020_0030.03.aba.beta,True,14,9,0.19055533409118652,0.5394206047058105,0.0023641586303710938,0.7323400974273682,178,12,176,77,11,1909,787,11450
oliveira/04_11/randm11.02.02.04.020_0030.04.aba.beta,True,12,9,0.20023536682128906,0.5218570232391357,0.003538370132446289,0.7256307601928711,150,10,148,65,11,1478,781,11520
oliveira/04_11/randm11.02.02.04.020_0030.05.aba.beta,True,16,9,0.17969131469726562,0.6405715942382812,0.0052700042724609375,0.8255329132080078,137,12,131,59,12,1103,785,11298
oliveira/04_11/randm11.02.02.05.020_0030.01.aba.beta,True,15,8,0.23307442665100098,0.6351969242095947,0.003002166748046875,0.8712735176086426,143,14,142,68,8,2181,986,14600
oliveira/04_11/randm11.02.02.05.020_0030.02.aba.beta,True,19,8,0.2528507709503174,1.1334335803985596,0.004599571228027344,1.3908839225769043,176,16,165,115,9,1968,1240,18363
oliveira/04_11/randm11.02.02.05.020_0030.03.aba.beta,True,14,8,0.15052366256713867,0.5075421333312988,0.0024764537811279297,0.6605422496795654,118,11,111,68,9,968,774,11228
oliveira/04_11/randm11.02.02.05.020_0030.04.aba.beta,True,15,8,0.16832876205444336,0.5896859169006348,0.003017425537109375,0.7610321044921875,170,13,164,70,9,2136,854,12548
oliveira/04_11/randm11.02.02.05.020_0030.05.aba.beta,True,17,8,0.16447949409484863,0.7773537635803223,0.0028557777404785156,0.9446890354156494,125,14,112,69,9,1293,865,12617
oliveira/04_11/randm11.02.02.06.020_0030.01.aba.beta,True,12,8,0.13348793983459473,0.4881441593170166,0.002427816390991211,0.6240599155426025,150,9,161,91,10,1482,865,13086
oliveira/04_11/randm11.02.02.06.020_0030.02.aba.beta,True,12,8,0.17196965217590332,0.579068660736084,0.005723714828491211,0.7567620277404785,161,11,151,88,9,2260,1869,30322
oliveira/04_11/randm11.02.02.06.020_0030.03.aba.beta,True,15,8,0.1572122573852539,0.5308642387390137,0.0026929378509521484,0.6907694339752197,108,13,96,45,9,878,912,13207
oliveira/04_11/randm11.02.02.06.020_0030.04.aba.beta,True,15,8,0.1882932186126709,0.6465849876403809,0.003607511520385742,0.8384857177734375,143,12,137,84,10,1582,1046,15696
oliveira/04_11/randm11.02.02.06.020_0030.05.aba.beta,True,13,8,0.11912107467651367,0.5548160076141357,0.0025718212127685547,0.676508903503418,114,10,106,74,9,1004,878,13103
oliveira/04_11/randm11.02.02.07.020_0030.01.aba.beta,True,14,9,0.1935117244720459,0.6835148334503174,0.00495147705078125,0.8819780349731445,191,12,187,95,9,2223,1606,24211
oliveira/04_11/randm11.02.02.07.020_0030.02.aba.beta,True,16,9,0.23082876205444336,1.0943808555603027,0.005944967269897461,1.3311545848846436,257,13,257,124,9,3324,1271,19153
oliveira/04_11/randm11.02.02.07.020_0030.03.aba.beta,True,18,9,0.22283577919006348,0.9936232566833496,0.0034830570220947266,1.2199420928955078,228,14,218,125,11,2271,1085,16227
oliveira/04_11/randm11.02.02.07.020_0030.04.aba.beta,True,15,9,0.15270447731018066,0.794992208480835,0.002683877944946289,0.9503805637359619,201,11,191,103,10,1917,899,13758
oliveira/04_11/randm11.02.02.07.020_0030.05.aba.beta,True,14,9,0.151655912399292,0.6585795879364014,0.0026302337646484375,0.8128657341003418,166,10,160,84,11,1990,876,12906
oliveira/04_11/randm11.02.02.08.020_0030.01.aba.beta,True,6,6,0.0556950569152832,0.17502522468566895,0.00188446044921875,0.2326047420501709,83,6,80,31,6,1000,600,9125
oliveira/04_11/randm11.02.02.08.020_0030.02.aba.beta,True,11,6,0.0906829833984375,0.3438093662261963,0.002225637435913086,0.4367179870605469,100,10,98,49,7,855,755,11085
oliveira/04_11/randm11.02.02.08.020_0030.03.aba.beta,True,6,6,0.06729912757873535,0.18267297744750977,0.0023398399353027344,0.25231194496154785,68,6,63,39,6,608,732,11207
oliveira/04_11/randm11.02.02.08.020_0030.04.aba.beta,True,9,6,0.0869741439819336,0.26494574546813965,0.00197601318359375,0.353895902633667,94,8,91,46,7,1334,675,10106
oliveira/04_11/randm11.02.02.08.020_0030.05.aba.beta,True,6,6,0.04895305633544922,0.18344950675964355,0.0017237663269042969,0.23412632942199707,69,6,76,33,6,653,595,9044
oliveira/04_11/randm11.02.02.09.020_0030.01.aba.beta,True,11,6,0.11762690544128418,0.5170707702636719,0.002385377883911133,0.6370830535888672,126,8,119,71,8,1858,802,12473
oliveira/04_11/randm11.02.02.09.020_0030.02.aba.beta,True,11,6,0.11133050918579102,0.44852280616760254,0.0025882720947265625,0.5624415874481201,143,9,135,96,7,1786,828,12561
oliveira/04_11/randm11.02.02.09.020_0030.03.aba.beta,True,10,6,0.07056498527526855,0.3802971839904785,0.003190279006958008,0.4540524482727051,120,8,113,92,7,1388,1070,16525
oliveira/04_11/randm11.02.02.09.020_0030.04.aba.beta,True,7,6,0.06556391716003418,0.36751890182495117,0.0021347999572753906,0.43521761894226074,118,5,114,73,7,1705,658,10216
oliveira/04_11/randm11.02.02.09.020_0030.05.aba.beta,True,12,6,0.09742546081542969,0.47991442680358887,0.003181934356689453,0.580521821975708,128,10,127,97,7,1809,992,14891
oliveira/04_11/randm11.02.02.10.020_0030.01.aba.beta,True,25,9,0.35265636444091797,1.7458820343017578,0.009538888931274414,2.10807728767395,346,20,329,182,12,5416,2953,45565
oliveira/04_11/randm11.02.02.10.020_0030.02.aba.beta,True,19,9,0.29089927673339844,0.9560725688934326,0.004974842071533203,1.2519466876983643,262,14,254,111,12,4619,1629,24783
oliveira/04_11/randm11.02.02.10.020_0030.03.aba.beta,True,21,9,0.3215067386627197,0.993213415145874,0.004815340042114258,1.319535493850708,248,17,232,106,11,4263,1589,24325
oliveira/04_11/randm11.02.02.10.020_0030.04.aba.beta,True,24,9,0.38299989700317383,1.8029406070709229,0.00953221321105957,2.1954727172851562,264,19,246,112,11,3466,1638,24494
oliveira/04_11/randm11.02.02.10.020_0030.05.aba.beta,True,14,8,0.1323714256286621,0.6147148609161377,0.0024843215942382812,0.7495706081390381,147,9,139,75,11,1751,794,11849
oliveira/04_11/randm11.02.02.11.020_0030.01.aba.beta,True,13,11,0.2613358497619629,0.5135266780853271,0.0060749053955078125,0.7809374332427979,165,7,180,55,16,1221,1973,31436
oliveira/04_11/randm11.02.02.11.020_0030.02.aba.beta,True,11,10,0.18158674240112305,0.49741554260253906,0.003952503204345703,0.6829547882080078,145,7,141,59,13,1177,989,15294
oliveira/04_11/randm11.02.02.11.020_0030.03.aba.beta,True,25,11,0.4403104782104492,1.1964592933654785,0.005213022232055664,1.6419827938079834,205,21,190,85,13,2266,1632,24408
oliveira/04_11/randm11.02.02.11.020_0030.04.aba.beta,True,21,11,0.41815972328186035,1.0568604469299316,0.009586572647094727,1.4846067428588867,314,15,314,92,16,3517,2561,39981
oliveira/04_11/randm11.02.02.11.020_0030.05.aba.beta,True,15,11,0.32500696182250977,0.7227809429168701,0.009392261505126953,1.0571801662445068,252,9,247,70,16,2244,3136,49922
oliveira/04_11/randm11.02.02.12.020_0030.01.aba.beta,True,11,6,0.0834190845489502,0.4976847171783447,0.0037567615509033203,0.5848605632781982,105,9,102,68,7,1096,1170,17863
oliveira/04_11/randm11.02.02.12.020_0030.02.aba.beta,True,3,6,0.025858402252197266,0.08075833320617676,0.0017979145050048828,0.1084146499633789,43,3,45,29,6,190,563,8986
oliveira/04_11/randm11.02.02.12.020_0030.03.aba.beta,True,8,6,0.05338120460510254,0.2616310119628906,0.0022933483123779297,0.3173055648803711,85,6,92,58,7,995,775,12119
oliveira/04_11/randm11.02.02.12.020_0030.04.aba.beta,True,8,6,0.044861793518066406,0.2521061897277832,0.002054929733276367,0.299022912979126,56,6,51,36,7,522,624,9437
oliveira/04_11/randm11.02.02.12.020_0030.05.aba.beta,True,8,6,0.06335759162902832,0.31281590461730957,0.0025963783264160156,0.3787698745727539,119,6,122,84,7,1486,836,13104
oliveira/04_11/randm11.02.02.13.020_0030.01.aba.beta,True,17,9,0.311387300491333,0.8517215251922607,0.0041141510009765625,1.1672229766845703,201,11,206,90,14,1979,979,14524
oliveira/04_11/randm11.02.02.13.020_0030.02.aba.beta,True,14,9,0.18344998359680176,0.55580735206604,0.0024826526641845703,0.7417399883270264,196,8,223,84,14,1870,756,11263
oliveira/04_11/randm11.02.02.13.020_0030.03.aba.beta,True,16,9,0.23385071754455566,0.8717691898345947,0.0024874210357666016,1.108107328414917,167,11,163,97,13,2002,833,12289
oliveira/04_11/randm11.02.02.13.020_0030.04.aba.beta,True,19,9,0.21945762634277344,0.8248679637908936,0.0035657882690429688,1.04789137840271,235,15,239,132,12,3581,1232,18242
oliveira/04_11/randm11.02.02.13.020_0030.05.aba.beta,True,18,9,0.19877123832702637,0.8706552982330322,0.003696918487548828,1.0731234550476074,176,13,174,99,12,2055,1056,15616
oliveira/04_11/randm11.02.02.14.020_0030.01.aba.beta,True,21,9,0.2974264621734619,1.4533755779266357,0.004839897155761719,1.7556419372558594,362,15,349,149,13,3821,1372,20622
oliveira/04_11/randm11.02.02.14.020_0030.02.aba.beta,True,19,9,0.3433799743652344,1.5968992710113525,0.0043163299560546875,1.9445955753326416,216,14,205,133,12,2209,1441,21562
oliveira/04_11/randm11.02.02.14.020_0030.03.aba.beta,True,19,9,0.19848251342773438,1.251173496246338,0.005208730697631836,1.454864740371704,237,14,226,137,12,2381,1707,26241
oliveira/04_11/randm11.02.02.14.020_0030.04.aba.beta,True,18,9,0.20034480094909668,2.805931806564331,0.004439115524291992,3.0107157230377197,311,13,300,141,10,3219,1234,18445
oliveira/04_11/randm11.02.02.14.020_0030.05.aba.beta,True,25,9,0.3259406089782715,5.656432151794434,0.004003047943115234,5.98637580871582,375,19,357,164,11,4444,1807,28124
oliveira/04_11/randm11.02.02.15.020_0030.01.aba.beta,True,18,10,0.36847925186157227,0.7164092063903809,0.0033125877380371094,1.0882010459899902,195,18,228,73,10,2646,1162,16851
oliveira/04_11/randm11.02.02.15.020_0030.02.aba.beta,True,13,10,0.22180843353271484,0.5762336254119873,0.002204418182373047,0.8002464771270752,193,10,199,62,11,1769,750,11062
oliveira/04_11/randm11.02.02.15.020_0030.03.aba.beta,True,9,10,0.15430283546447754,0.5102965831756592,0.0036253929138183594,0.6682248115539551,131,8,137,75,10,1061,825,12504
oliveira/04_11/randm11.02.02.15.020_0030.04.aba.beta,True,19,10,0.3195338249206543,1.2065889835357666,0.004014492034912109,1.530137300491333,158,17,145,85,11,1914,1098,16011
oliveira/04_11/randm11.02.02.15.020_0030.05.aba.beta,True,16,10,0.25908350944519043,0.7871413230895996,0.00390934944152832,1.0501341819763184,194,14,190,98,10,1957,1165,17553
oliveira/04_11/randm11.02.02.16.020_0030.01.aba.beta,True,13,9,0.18377208709716797,0.5553877353668213,0.002393007278442383,0.7415528297424316,136,11,136,67,10,1589,803,11784
oliveira/04_11/randm11.02.02.16.020_0030.02.aba.beta,True,16,9,0.23122525215148926,0.7884604930877686,0.005231142044067383,1.0249168872833252,194,14,187,105,10,2589,1608,24817
oliveira/04_11/randm11.02.02.16.020_0030.03.aba.beta,True,19,9,0.2703070640563965,0.7693276405334473,0.004958629608154297,1.044593334197998,182,16,180,90,11,1833,1459,21754
oliveira/04_11/randm11.02.02.16.020_0030.04.aba.beta,True,13,9,0.17170071601867676,0.49767589569091797,0.0021364688873291016,0.6715130805969238,147,10,146,70,11,1195,725,10590
oliveira/04_11/randm11.02.02.16.020_0030.05.aba.beta,True,22,9,0.5431783199310303,1.0616800785064697,0.005251407623291016,1.610109806060791,219,21,215,97,9,2511,1253,17872
oliveira/04_11/randm11.02.02.17.020_0030.01.aba.beta,True,31,11,0.5580828189849854,2.2197701930999756,0.0040476322174072266,2.781900644302368,347,24,348,130,15,5042,1726,25767
oliveira/04_11/randm11.02.02.17.020_0030.02.aba.beta,True,25,11,0.4552271366119385,1.925337314605713,0.004163980484008789,2.38472843170166,279,20,264,115,13,3068,1351,20134
oliveira/04_11/randm11.02.02.17.020_0030.03.aba.beta,True,23,11,0.3458406925201416,1.1550090312957764,0.006578922271728516,1.5074286460876465,221,16,210,94,16,2839,1087,15732
oliveira/04_11/randm11.02.02.17.020_0030.04.aba.beta,True,22,11,0.4034445285797119,2.206498861312866,0.0026230812072753906,2.6125664710998535,364,14,351,121,15,3036,1119,16683
oliveira/04_11/randm11.02.02.17.020_0030.05.aba.beta,True,23,11,0.5800106525421143,1.6819806098937988,0.0054743289947509766,2.267465591430664,349,19,344,137,12,5996,1636,25096
oliveira/04_11/randm11.02.02.18.020_0030.01.aba.beta,True,17,7,0.12456059455871582,0.6352643966674805,0.0051975250244140625,0.7650225162506104,108,14,103,55,8,1200,1776,27094
oliveira/04_11/randm11.02.02.18.020_0030.02.aba.beta,True,12,7,0.11494159698486328,0.4934659004211426,0.003994941711425781,0.6124024391174316,122,11,128,76,7,1430,1351,20331
oliveira/04_11/randm11.02.02.18.020_0030.03.aba.beta,True,12,7,0.1480555534362793,0.559218168258667,0.011900901794433594,0.7191746234893799,129,10,124,67,8,1589,835,12350
oliveira/04_11/randm11.02.02.18.020_0030.04.aba.beta,True,5,7,0.048529863357543945,0.1301898956298828,0.0020279884338378906,0.18074774742126465,72,5,77,26,7,392,612,9496
oliveira/04_11/randm11.02.02.18.020_0030.05.aba.beta,True,9,7,0.164656400680542,0.29221248626708984,0.004008293151855469,0.4608771800994873,103,8,99,51,8,712,1352,21312
oliveira/04_11/randm11.02.02.19.020_0030.01.aba.beta,True,27,11,0.4241025447845459,1.339369535446167,0.0033316612243652344,1.7668037414550781,349,22,350,135,15,4568,1406,20751
oliveira/04_11/randm11.02.02.19.020_0030.02.aba.beta,True,31,11,0.4841606616973877,1.4198217391967773,0.005045175552368164,1.9090275764465332,365,26,349,153,15,4686,2539,38516
oliveira/04_11/randm11.02.02.19.020_0030.03.aba.beta,True,27,11,0.34722280502319336,1.3938984870910645,0.003953695297241211,1.745074987411499,353,21,333,159,14,5422,1960,29186
oliveira/04_11/randm11.02.02.19.020_0030.04.aba.beta,True,19,11,0.3441159725189209,0.886775016784668,0.0036432743072509766,1.2345342636108398,208,16,258,106,13,2888,1255,19186
oliveira/04_11/randm11.02.02.19.020_0030.05.aba.beta,True,28,11,0.4237215518951416,1.5810537338256836,0.0035767555236816406,2.008352041244507,337,21,328,112,16,4681,1863,28418
