file name,succeeded,learning_rounds,automaton_size,learning_time,smt_time,eq_oracle_time,total_time,queries_learning,validity_query,rule1,rule2,rule3,rule4,nodes,informative_nodes,analyzed_bases,sul_steps,cache_saved,queries_eq_oracle,steps_eq_oracle
oliveira/04_11/randm04.02.02.01.020_0030.01.aba.beta,True,2,3,0.0035431385040283203,0.03905487060546875,0.0012454986572265625,0.04384350776672363,13,2,0,0,6,2,13,11,3,32,0,536,8587
oliveira/04_11/randm04.02.02.01.020_0030.02.aba.beta,True,2,4,0.0028846263885498047,0.037747859954833984,0.0011663436889648438,0.04179883003234863,15,2,0,0,8,2,15,15,4,39,0,538,8590
oliveira/04_11/randm04.02.02.01.020_0030.03.aba.beta,True,3,4,0.004375457763671875,0.04757118225097656,0.001104116439819336,0.05305075645446777,22,3,0,0,13,4,22,18,5,73,0,540,8592
oliveira/04_11/randm04.02.02.01.020_0030.04.aba.beta,True,3,4,0.004808187484741211,0.05075430870056152,0.0013196468353271484,0.05688214302062988,24,3,0,0,15,4,26,16,5,84,0,549,8634
oliveira/04_11/randm04.02.02.01.020_0030.05.aba.beta,True,2,4,0.003976345062255859,0.040766000747680664,0.0012247562408447266,0.04596710205078125,15,2,0,0,8,2,15,15,4,39,0,544,8612
oliveira/04_11/randm04.02.02.02.020_0030.01.aba.beta,True,1,1,0.0012853145599365234,0.03294777870178223,0.0014777183532714844,0.035710811614990234,3,1,0,0,0,1,3,3,1,2,0,543,8623
oliveira/04_11/randm04.02.02.02.020_0030.02.aba.beta,True,1,1,0.0009069442749023438,0.03295135498046875,0.0013971328735351562,0.03525543212890625,3,1,0,0,0,1,3,3,1,2,0,537,8598
oliveira/04_11/randm04.02.02.02.020_0030.03.aba.beta,True,1,1,0.0008499622344970703,0.03061366081237793,0.0011959075927734375,0.03265953063964844,3,1,0,0,0,1,3,3,1,2,0,527,8532
oliveira/04_11/randm04.02.02.02.020_0030.04.aba.beta,True,1,1,0.0010716915130615234,0.02954268455505371,0.001211404800415039,0.03182578086853027,3,1,0,0,0,1,3,3,1,2,0,536,8589
oliveira/04_11/randm04.02.02.02.020_0030.05.aba.beta,True,1,1,0.0010576248168945312,0.03018665313720703,0.0013647079467773438,0.032608985900878906,3,1,0,0,0,1,3,3,1,2,0,536,8583
oliveira/04_11/randm04.02.02.03.020_0030.01.aba.beta,True,2,3,0.002373218536376953,0.040967464447021484,0.0012614727020263672,0.044602155685424805,12,2,0,0,2,4,14,12,5,28,0,536,8563
oliveira/04_11/randm04.02.02.03.020_0030.02.aba.beta,True,2,3,0.0024755001068115234,0.044322967529296875,0.001268148422241211,0.04806661605834961,12,2,0,0,2,4,22,10,5,36,0,545,8658
oliveira/04_11/randm04.02.02.03.020_0030.03.aba.beta,True,2,3,0.0024797916412353516,0.03504753112792969,0.0011911392211914062,0.038718461990356445,10,2,0,0,3,2,10,10,3,21,0,540,8598
oliveira/04_11/randm04.02.02.03.020_0030.04.aba.beta,True,2,3,0.0030171871185302734,0.036551713943481445,0.0012333393096923828,0.0408022403717041,10,2,0,0,3,2,10,10,3,21,0,543,8612
oliveira/04_11/randm04.02.02.03.020_0030.05.aba.beta,True,2,3,0.00238800048828125,0.04008150100708008,0.0012576580047607422,0.04372715950012207,13,2,0,0,3,4,17,10,5,34,0,538,8578
oliveira/04_11/randm04.02.02.04.020_0030.01.aba.beta,True,1,1,0.0008237361907958984,0.0021066665649414062,0.001089334487915039,0.004019737243652344,3,1,0,0,0,1,3,3,1,2,0,529,8558
oliveira/04_11/randm04.02.02.04.020_0030.02.aba.beta,True,1,1,0.0008575916290283203,0.028584718704223633,0.0011701583862304688,0.030612468719482422,3,1,0,0,0,1,3,3,1,2,0,531,8570
oliveira/04_11/randm04.02.02.04.020_0030.03.aba.beta,True,1,1,0.0009562969207763672,0.0021736621856689453,0.0011868476867675781,0.004316806793212891,3,1,0,0,0,1,3,3,1,2,0,532,8571
oliveira/04_11/randm04.02.02.04.020_0030.04.aba.beta,True,1,1,0.0011162757873535156,0.002178192138671875,0.0011937618255615234,0.004488229751586914,3,1,0,0,0,1,3,3,1,2,0,535,8587
oliveira/04_11/randm04.02.02.04.020_0030.05.aba.beta,True,1,1,0.0008099079132080078,0.002288341522216797,0.001085042953491211,0.004183292388916016,3,1,0,0,0,1,3,3,1,2,0,539,8598
oliveira/04_11/randm04.02.02.05.020_0030.01.aba.beta,True,1,2,0.0014202594757080078,0.002898693084716797,0.0010852813720703125,0.005404233932495117,5,1,0,0,0,1,5,5,2,6,0,533,8580
oliveira/04_11/randm04.02.02.05.020_0030.02.aba.beta,True,1,2,0.0015017986297607422,0.0029532909393310547,0.0012416839599609375,0.005696773529052734,5,1,0,0,0,1,5,5,2,6,0,529,8561
oliveira/04_11/randm04.02.02.05.020_0030.03.aba.beta,True,1,2,0.0010991096496582031,0.0030100345611572266,0.0012900829315185547,0.005399227142333984,5,1,0,0,0,1,5,5,2,6,0,538,8604
oliveira/04_11/randm04.02.02.05.020_0030.04.aba.beta,True,1,2,0.0011212825775146484,0.0028247833251953125,0.0011258125305175781,0.005071878433227539,5,1,0,0,0,1,5,5,2,6,0,531,8548
oliveira/04_11/randm04.02.02.05.020_0030.05.aba.beta,True,1,2,0.0011277198791503906,0.002869844436645508,0.001096963882446289,0.0050945281982421875,5,1,0,0,0,1,5,5,2,6,0,528,8549
oliveira/04_11/randm04.02.02.06.020_0030.01.aba.beta,True,2,3,0.0027451515197753906,0.011616230010986328,0.0011801719665527344,0.015541553497314453,11,2,0,0,3,3,15,9,3,26,0,534,8558
oliveira/04_11/randm04.02.02.06.020_0030.02.aba.beta,True,2,3,0.002616405487060547,0.011807918548583984,0.0011479854583740234,0.015572309494018555,16,2,0,0,7,3,25,15,4,50,0,552,8677
oliveira/04_11/randm04.02.02.06.020_0030.03.aba.beta,True,2,3,0.002596139907836914,0.006772279739379883,0.0012934207916259766,0.010661840438842773,11,2,0,0,4,2,12,11,3,26,0,540,8602
oliveira/04_11/randm04.02.02.06.020_0030.04.aba.beta,True,3,3,0.0037751197814941406,0.011227607727050781,0.001219034194946289,0.01622176170349121,11,3,0,0,3,3,19,10,3,33,0,556,8693
oliveira/04_11/randm04.02.02.06.020_0030.05.aba.beta,True,2,3,0.002629995346069336,0.011038780212402344,0.001149892807006836,0.014818668365478516,18,2,0,0,9,3,23,15,4,56,0,546,8620
oliveira/04_11/randm04.02.02.07.020_0030.01.aba.beta,True,1,2,0.0011577606201171875,0.0027244091033935547,0.0011494159698486328,0.005031585693359375,5,1,0,0,0,1,5,5,2,6,0,531,8557
oliveira/04_11/randm04.02.02.07.020_0030.02.aba.beta,True,1,2,0.0010073184967041016,0.0025777816772460938,0.001165151596069336,0.004750251770019531,5,1,0,0,0,1,5,5,2,6,0,531,8567
oliveira/04_11/randm04.02.02.07.020_0030.03.aba.beta,True,1,2,0.001054525375366211,0.002438783645629883,0.001138448715209961,0.004631757736206055,5,1,0,0,0,1,5,5,2,6,0,538,8600
oliveira/04_11/randm04.02.02.07.020_0030.04.aba.beta,True,1,2,0.0010275840759277344,0.0026323795318603516,0.0011556148529052734,0.004815578460693359,5,1,0,0,0,1,5,5,2,6,0,538,8598
oliveira/04_11/randm04.02.02.07.020_0030.05.aba.beta,True,1,2,0.0010952949523925781,0.003981828689575195,0.0010912418365478516,0.006168365478515625,5,1,0,0,0,1,5,5,2,6,0,541,8614
oliveira/04_11/randm04.02.02.08.020_0030.01.aba.beta,True,5,4,0.012562990188598633,0.08182287216186523,0.008356332778930664,0.10274219512939453,52,5,0,0,35,11,79,31,9,295,0,699,10726
oliveira/04_11/randm04.02.02.08.020_0030.02.aba.beta,True,10,4,0.01959061622619629,0.09734225273132324,0.001567840576171875,0.1185007095336914,44,10,0,0,26,13,71,25,6,270,0,751,11263
oliveira/04_11/randm04.02.02.08.020_0030.03.aba.beta,True,3,4,0.004122495651245117,0.014590740203857422,0.0012640953063964844,0.019977331161499023,23,3,0,0,14,3,28,19,4,91,0,604,9528
oliveira/04_11/randm04.02.02.08.020_0030.04.aba.beta,True,2,4,0.002593517303466797,0.007431507110595703,0.0016388893127441406,0.01166391372680664,22,2,0,0,14,2,22,18,4,79,0,543,8614
oliveira/04_11/randm04.02.02.08.020_0030.05.aba.beta,True,2,4,0.005006074905395508,0.013002634048461914,0.0011298656463623047,0.019138574600219727,23,2,0,0,12,4,26,21,6,84,0,546,8631
oliveira/04_11/randm04.02.02.09.020_0030.01.aba.beta,True,2,3,0.0030286312103271484,0.0158994197845459,0.001107931137084961,0.020035982131958008,14,2,0,0,2,5,16,14,5,36,0,541,8608
oliveira/04_11/randm04.02.02.09.020_0030.02.aba.beta,True,2,3,0.0034193992614746094,0.017852067947387695,0.0012218952178955078,0.022493362426757812,14,2,0,0,2,5,19,11,5,39,0,534,8569
oliveira/04_11/randm04.02.02.09.020_0030.03.aba.beta,True,2,3,0.004696369171142578,0.013321876525878906,0.0010890960693359375,0.019107341766357422,12,2,0,0,2,4,18,11,4,32,0,545,8636
oliveira/04_11/randm04.02.02.09.020_0030.04.aba.beta,True,2,3,0.0027179718017578125,0.01577615737915039,0.0012106895446777344,0.019704818725585938,12,2,0,0,2,4,24,12,4,38,0,553,8716
oliveira/04_11/randm04.02.02.09.020_0030.05.aba.beta,True,2,3,0.002972126007080078,0.018416643142700195,0.0011823177337646484,0.022571086883544922,14,2,0,0,2,5,23,14,5,43,0,549,8669
oliveira/04_11/randm04.02.02.10.020_0030.01.aba.beta,True,2,4,0.0033998489379882812,0.031156539916992188,0.0012633800506591797,0.03581976890563965,20,2,0,0,6,6,45,16,6,79,0,556,8820
oliveira/04_11/randm04.02.02.10.020_0030.02.aba.beta,True,2,4,0.0034677982330322266,0.026465892791748047,0.0012006759643554688,0.031134366989135742,18,2,0,0,4,6,26,15,6,55,0,530,8565
oliveira/04_11/randm04.02.02.10.020_0030.03.aba.beta,True,3,4,0.005250692367553711,0.06540966033935547,0.0011856555938720703,0.07184600830078125,21,3,0,0,4,10,45,19,9,88,0,572,9000
oliveira/04_11/randm04.02.02.10.020_0030.04.aba.beta,True,2,4,0.0036644935607910156,0.02991318702697754,0.001264333724975586,0.03484201431274414,21,2,0,0,7,6,45,14,6,82,0,555,8784
oliveira/04_11/randm04.02.02.10.020_0030.05.aba.beta,True,2,4,0.0034749507904052734,0.03475761413574219,0.0012443065643310547,0.039476871490478516,21,2,0,0,7,6,44,16,6,82,0,560,8819
oliveira/04_11/randm04.02.02.11.020_0030.01.aba.beta,True,3,4,0.003599882125854492,0.012460947036743164,0.0017702579498291016,0.017831087112426758,22,3,0,0,13,3,22,18,4,62,0,844,13361
oliveira/04_11/randm04.02.02.11.020_0030.02.aba.beta,True,3,4,0.00422215461730957,0.011379718780517578,0.001856088638305664,0.017457962036132812,22,3,0,0,13,3,22,21,4,62,0,841,13341
oliveira/04_11/randm04.02.02.11.020_0030.03.aba.beta,True,3,4,0.00399327278137207,0.011326074600219727,0.001123666763305664,0.01644301414489746,21,3,0,0,12,3,21,16,4,70,0,551,8634
oliveira/04_11/randm04.02.02.11.020_0030.04.aba.beta,True,4,4,0.005585432052612305,0.01650381088256836,0.0013003349304199219,0.023389577865600586,23,4,0,0,13,4,24,15,4,87,0,554,8644
oliveira/04_11/randm04.02.02.11.020_0030.05.aba.beta,True,5,4,0.00679779052734375,0.019828319549560547,0.0018184185028076172,0.028444528579711914,30,5,0,0,19,5,31,19,4,115,0,795,12785
oliveira/04_11/randm04.02.02.12.020_0030.01.aba.beta,True,2,3,0.002782106399536133,0.014554977416992188,0.0011761188507080078,0.018513202667236328,16,2,0,0,6,4,22,16,4,50,0,545,8621
oliveira/04_11/randm04.02.02.12.020_0030.02.aba.beta,True,2,3,0.0024423599243164062,0.013428688049316406,0.00118255615234375,0.017053604125976562,15,2,0,0,5,4,20,12,4,43,0,550,8653
oliveira/04_11/randm04.02.02.12.020_0030.03.aba.beta,True,2,3,0.0029408931732177734,0.019684791564941406,0.001161336898803711,0.02378702163696289,15,2,0,0,3,5,18,14,5,42,0,551,8639
oliveira/04_11/randm04.02.02.12.020_0030.04.aba.beta,True,2,3,0.005351066589355469,0.017065763473510742,0.0011479854583740234,0.023564815521240234,16,2,0,0,4,5,17,15,5,46,0,541,8599
oliveira/04_11/randm04.02.02.12.020_0030.05.aba.beta,True,2,3,0.004812955856323242,0.017880916595458984,0.0011484622955322266,0.023842334747314453,16,2,0,0,4,5,21,16,5,50,0,540,8607
oliveira/04_11/randm04.02.02.13.020_0030.01.aba.beta,True,1,1,0.0009298324584960938,0.0017063617706298828,0.001173257827758789,0.0038094520568847656,3,1,0,0,0,1,3,3,1,2,0,528,8539
oliveira/04_11/randm04.02.02.13.020_0030.02.aba.beta,True,1,1,0.0012149810791015625,0.0019555091857910156,0.0011661052703857422,0.00433659553527832,3,1,0,0,0,1,3,3,1,2,0,535,8584
oliveira/04_11/randm04.02.02.13.020_0030.03.aba.beta,True,1,1,0.000904083251953125,0.0019369125366210938,0.0010859966278076172,0.003926992416381836,3,1,0,0,0,1,3,3,1,2,0,534,8583
oliveira/04_11/randm04.02.02.13.020_0030.04.aba.beta,True,1,1,0.0007543563842773438,0.0017616748809814453,0.0011680126190185547,0.0036840438842773438,3,1,0,0,0,1,3,3,1,2,0,537,8593
oliveira/04_11/randm04.02.02.13.020_0030.05.aba.beta,True,1,1,0.0007941722869873047,0.0023682117462158203,0.0011353492736816406,0.004297733306884766,3,1,0,0,0,1,3,3,1,2,0,543,8623
oliveira/04_11/randm04.02.02.14.020_0030.01.aba.beta,True,3,4,0.004384040832519531,0.011282205581665039,0.0010914802551269531,0.016757726669311523,20,3,0,0,11,3,21,17,4,60,0,547,8613
oliveira/04_11/randm04.02.02.14.020_0030.02.aba.beta,True,3,4,0.004277706146240234,0.009694337844848633,0.001188039779663086,0.015160083770751953,16,3,0,0,7,3,16,12,4,42,0,542,8599
oliveira/04_11/randm04.02.02.14.020_0030.03.aba.beta,True,3,4,0.006216526031494141,0.02831578254699707,0.0012936592102050781,0.03582596778869629,22,3,0,0,10,5,30,14,5,96,0,562,8757
oliveira/04_11/randm04.02.02.14.020_0030.04.aba.beta,True,3,4,0.007445335388183594,0.04318428039550781,0.0012619495391845703,0.05189156532287598,28,3,0,0,12,8,33,20,8,120,0,554,8684
oliveira/04_11/randm04.02.02.14.020_0030.05.aba.beta,True,3,4,0.0038716793060302734,0.012682437896728516,0.0012333393096923828,0.017787456512451172,18,3,0,0,9,3,18,16,4,48,0,539,8574
oliveira/04_11/randm04.02.02.15.020_0030.01.aba.beta,True,1,2,0.0010275840759277344,0.002412080764770508,0.0011048316955566406,0.004544496536254883,5,1,0,0,0,1,5,4,2,6,0,533,8586
oliveira/04_11/randm04.02.02.15.020_0030.02.aba.beta,True,1,2,0.0028960704803466797,0.002498626708984375,0.001108407974243164,0.006503105163574219,5,1,0,0,0,1,5,5,2,6,0,532,8581
oliveira/04_11/randm04.02.02.15.020_0030.03.aba.beta,True,1,2,0.0026977062225341797,0.0023190975189208984,0.0012080669403076172,0.006224870681762695,5,1,0,0,0,1,5,5,2,6,0,541,8605
oliveira/04_11/randm04.02.02.15.020_0030.04.aba.beta,True,1,2,0.0033016204833984375,0.0024564266204833984,0.001146078109741211,0.006904125213623047,5,1,0,0,0,1,5,5,2,6,0,542,8616
oliveira/04_11/randm04.02.02.15.020_0030.05.aba.beta,True,1,2,0.002554178237915039,0.0024831295013427734,0.0009965896606445312,0.006033897399902344,5,1,0,0,0,1,5,5,2,6,0,534,8580
oliveira/04_11/randm04.02.02.16.020_0030.01.aba.beta,True,2,3,0.0018756389617919922,0.008313417434692383,0.001142263412475586,0.011331319808959961,12,2,0,0,4,3,13,12,4,29,0,536,8574
oliveira/04_11/randm04.02.02.16.020_0030.02.aba.beta,True,2,3,0.002573251724243164,0.020026206970214844,0.001249551773071289,0.023849010467529297,14,2,0,0,4,4,19,11,5,39,0,540,8589
oliveira/04_11/randm04.02.02.16.020_0030.03.aba.beta,True,2,3,0.002512693405151367,0.019048213958740234,0.0011518001556396484,0.02271270751953125,13,2,0,0,3,4,18,13,5,35,0,546,8632
oliveira/04_11/randm04.02.02.16.020_0030.04.aba.beta,True,2,3,0.0045964717864990234,0.011910438537597656,0.0010793209075927734,0.017586231231689453,13,2,0,0,3,4,17,12,5,34,0,549,8641
oliveira/04_11/randm04.02.02.16.020_0030.05.aba.beta,True,3,3,0.00377655029296875,0.013103485107421875,0.0012135505676269531,0.018093585968017578,13,3,0,0,4,4,27,12,4,49,0,560,8784
oliveira/04_11/randm04.02.02.17.020_0030.01.aba.beta,True,2,3,0.002619504928588867,0.014384031295776367,0.0012073516845703125,0.018210887908935547,12,2,0,0,2,4,18,12,4,31,0,549,8649
oliveira/04_11/randm04.02.02.17.020_0030.02.aba.beta,True,2,3,0.0028488636016845703,0.015502452850341797,0.0012569427490234375,0.019608259201049805,12,2,0,0,2,4,24,12,4,37,0,553,8710
oliveira/04_11/randm04.02.02.17.020_0030.03.aba.beta,True,2,3,0.0026755332946777344,0.016701936721801758,0.0011210441589355469,0.02049851417541504,12,2,0,0,0,5,16,12,5,30,0,535,8562
oliveira/04_11/randm04.02.02.17.020_0030.04.aba.beta,True,2,3,0.0037643909454345703,0.01988387107849121,0.0010929107666015625,0.024741172790527344,12,2,0,0,0,5,18,12,5,32,0,535,8572
oliveira/04_11/randm04.02.02.17.020_0030.05.aba.beta,True,2,3,0.002578258514404297,0.015120267868041992,0.0013461112976074219,0.01904463768005371,12,2,0,0,2,4,19,12,4,32,0,540,8576
oliveira/04_11/randm04.02.02.18.020_0030.01.aba.beta,True,3,4,0.0041959285736083984,0.02156996726989746,0.0011229515075683594,0.02688884735107422,25,3,0,0,15,5,31,22,5,89,0,560,8700
oliveira/04_11/randm04.02.02.18.020_0030.02.aba.beta,True,3,4,0.00457000732421875,0.024696826934814453,0.0011565685272216797,0.030423402786254883,23,3,0,0,12,6,30,20,6,83,0,561,8719
oliveira/04_11/randm04.02.02.18.020_0030.03.aba.beta,True,3,4,0.0053558349609375,0.0369412899017334,0.001249551773071289,0.04354667663574219,36,3,0,0,23,8,42,24,8,143,0,560,8728
oliveira/04_11/randm04.02.02.18.020_0030.04.aba.beta,True,3,4,0.004382610321044922,0.023742198944091797,0.0012097358703613281,0.029334545135498047,21,3,0,0,11,5,35,19,5,76,0,559,8780
oliveira/04_11/randm04.02.02.18.020_0030.05.aba.beta,True,3,4,0.00407719612121582,0.019923686981201172,0.0011181831359863281,0.02511906623840332,21,3,0,0,11,5,24,17,5,64,0,547,8625
oliveira/04_11/randm04.02.02.19.020_0030.01.aba.beta,True,2,3,0.0031435489654541016,0.014511585235595703,0.001163482666015625,0.01881861686706543,18,2,0,0,7,4,26,16,5,61,0,541,8599
oliveira/04_11/randm04.02.02.19.020_0030.02.aba.beta,True,2,3,0.0035147666931152344,0.015564680099487305,0.0011830329895019531,0.020262479782104492,17,2,0,0,6,4,28,15,5,60,0,553,8685
oliveira/04_11/randm04.02.02.19.020_0030.03.aba.beta,True,2,3,0.003357410430908203,0.017542600631713867,0.0011637210845947266,0.022063732147216797,20,2,0,0,7,5,24,15,6,66,0,537,8585
oliveira/04_11/randm04.02.02.19.020_0030.04.aba.beta,True,5,3,0.006635904312133789,0.03149914741516113,0.0011975765228271484,0.03933262825012207,22,5,0,0,6,8,25,18,6,79,0,561,8672
oliveira/04_11/randm04.02.02.19.020_0030.05.aba.beta,True,4,3,0.005813121795654297,0.02452564239501953,0.0012438297271728516,0.03158259391784668,13,4,0,0,1,6,24,11,4,59,0,573,8836
oliveira/04_11/randm05.02.02.01.020_0030.01.aba.beta,True,2,3,0.0025587081909179688,0.00757288932800293,0.0011277198791503906,0.011259317398071289,12,2,0,0,4,3,14,11,4,30,0,536,8566
oliveira/04_11/randm05.02.02.01.020_0030.02.aba.beta,True,2,3,0.0028257369995117188,0.007884979248046875,0.001218557357788086,0.01192927360534668,12,2,0,0,4,3,14,11,4,30,0,542,8607
oliveira/04_11/randm05.02.02.01.020_0030.03.aba.beta,True,3,3,0.003611326217651367,0.011013269424438477,0.0011026859283447266,0.01572728157043457,17,3,0,0,9,3,25,11,3,60,0,557,8677
oliveira/04_11/randm05.02.02.01.020_0030.04.aba.beta,True,2,3,0.0018570423126220703,0.006987571716308594,0.0011544227600097656,0.00999903678894043,13,2,0,0,6,2,16,11,3,36,0,537,8578
oliveira/04_11/randm05.02.02.01.020_0030.05.aba.beta,True,2,3,0.002569913864135742,0.007791042327880859,0.0010554790496826172,0.011416435241699219,13,2,0,0,6,2,16,11,3,36,0,525,8509
oliveira/04_11/randm05.02.02.02.020_0030.01.aba.beta,True,2,3,0.0023484230041503906,0.007616519927978516,0.0011639595031738281,0.011128902435302734,18,2,0,0,11,2,21,14,3,62,0,524,8509
oliveira/04_11/randm05.02.02.02.020_0030.02.aba.beta,True,2,3,0.002300739288330078,0.011467218399047852,0.001165628433227539,0.014933586120605469,13,2,0,0,3,4,19,10,5,36,0,544,8631
oliveira/04_11/randm05.02.02.02.020_0030.03.aba.beta,True,3,3,0.003454923629760742,0.019339799880981445,0.0012090206146240234,0.02400374412536621,17,3,0,0,6,5,31,12,5,75,0,563,8853
oliveira/04_11/randm05.02.02.02.020_0030.04.aba.beta,True,2,3,0.0022361278533935547,0.00637364387512207,0.0011832714080810547,0.00979304313659668,17,2,0,0,10,2,19,16,3,56,0,537,8583
oliveira/04_11/randm05.02.02.02.020_0030.05.aba.beta,True,2,3,0.002250194549560547,0.006088972091674805,0.0011529922485351562,0.009492158889770508,17,2,0,0,10,2,19,14,3,56,0,535,8572
oliveira/04_11/randm05.02.02.03.020_0030.01.aba.beta,True,1,1,0.0008296966552734375,0.0020933151245117188,0.0013701915740966797,0.004293203353881836,3,1,0,0,0,1,3,3,1,2,0,543,8619
oliveira/04_11/randm05.02.02.03.020_0030.02.aba.beta,True,1,1,0.0007464885711669922,0.00473475456237793,0.0011050701141357422,0.006586313247680664,3,1,0,0,0,1,3,3,1,2,0,538,8597
oliveira/04_11/randm05.02.02.03.020_0030.03.aba.beta,True,1,1,0.0010535717010498047,0.001834869384765625,0.0010707378387451172,0.003959178924560547,3,1,0,0,0,1,3,3,1,2,0,537,8598
oliveira/04_11/randm05.02.02.03.020_0030.04.aba.beta,True,1,1,0.0008563995361328125,0.0018799304962158203,0.0011239051818847656,0.0038602352142333984,3,1,0,0,0,1,3,3,1,2,0,534,8583
oliveira/04_11/randm05.02.02.03.020_0030.05.aba.beta,True,1,1,0.001348733901977539,0.002034902572631836,0.001096487045288086,0.004480123519897461,3,1,0,0,0,1,3,3,1,2,0,521,8531
oliveira/04_11/randm05.02.02.04.020_0030.01.aba.beta,True,5,5,0.012228965759277344,0.09461045265197754,0.0029103755950927734,0.10974979400634766,82,5,0,0,65,12,119,40,11,454,0,672,10339
oliveira/04_11/randm05.02.02.04.020_0030.02.aba.beta,True,3,5,0.008042335510253906,0.055375099182128906,0.0012161731719970703,0.06463360786437988,51,3,0,0,37,8,66,27,9,239,0,581,9119
oliveira/04_11/randm05.02.02.04.020_0030.03.aba.beta,True,3,5,0.0069887638092041016,0.07081151008605957,0.001252889633178711,0.07905316352844238,58,3,0,0,44,10,77,39,11,275,0,571,8783
oliveira/04_11/randm05.02.02.04.020_0030.04.aba.beta,True,6,5,0.009945869445800781,0.05771946907043457,0.0013413429260253906,0.06900668144226074,53,6,0,0,39,8,76,35,6,256,0,638,9737
oliveira/04_11/randm05.02.02.04.020_0030.05.aba.beta,True,4,5,0.006799936294555664,0.03458833694458008,0.001337289810180664,0.042725563049316406,42,4,0,0,30,6,57,29,6,172,0,579,9076
oliveira/04_11/randm05.02.02.05.020_0030.01.aba.beta,True,3,4,0.0051615238189697266,0.043556928634643555,0.0011839866638183594,0.04990243911743164,29,3,0,0,12,10,33,20,10,115,0,551,8627
oliveira/04_11/randm05.02.02.05.020_0030.02.aba.beta,True,3,4,0.005292415618896484,0.032120704650878906,0.0011410713195800781,0.03855419158935547,39,3,0,0,24,7,43,24,8,189,0,545,8604
oliveira/04_11/randm05.02.02.05.020_0030.03.aba.beta,True,3,4,0.005896568298339844,0.03514862060546875,0.0011777877807617188,0.04222297668457031,44,3,0,0,29,7,48,24,8,218,0,544,8593
oliveira/04_11/randm05.02.02.05.020_0030.04.aba.beta,True,5,4,0.007927417755126953,0.04894661903381348,0.0013260841369628906,0.05820012092590332,34,5,0,0,17,9,55,22,7,191,0,609,9408
oliveira/04_11/randm05.02.02.05.020_0030.05.aba.beta,True,3,4,0.005817890167236328,0.05079245567321777,0.0012710094451904297,0.05788135528564453,37,3,0,0,20,10,56,27,11,177,0,565,8843
oliveira/04_11/randm05.02.02.06.020_0030.01.aba.beta,True,8,5,0.01769256591796875,0.1319584846496582,0.0016427040100097656,0.15129375457763672,56,8,0,0,35,18,90,28,14,311,0,812,12234
oliveira/04_11/randm05.02.02.06.020_0030.02.aba.beta,True,6,5,0.022856712341308594,0.13390660285949707,0.001222372055053711,0.15798568725585938,84,6,0,0,64,16,104,32,14,520,0,590,8859
oliveira/04_11/randm05.02.02.06.020_0030.03.aba.beta,True,6,5,0.020112276077270508,0.1372208595275879,0.0012290477752685547,0.15856218338012695,81,6,0,0,58,18,117,32,16,499,0,623,9560
oliveira/04_11/randm05.02.02.06.020_0030.04.aba.beta,True,12,5,0.04276227951049805,0.41670966148376465,0.0019047260284423828,0.4613766670227051,119,12,0,0,83,34,194,45,25,830,0,888,12935
oliveira/04_11/randm05.02.02.06.020_0030.05.aba.beta,True,6,5,0.02106928825378418,0.13214707374572754,0.0011773109436035156,0.15439367294311523,84,6,0,0,64,16,101,33,14,533,0,596,8919
oliveira/04_11/randm05.02.02.07.020_0030.01.aba.beta,True,7,5,0.01595592498779297,0.17292237281799316,0.001733541488647461,0.1906118392944336,47,7,0,0,27,18,131,29,15,297,0,824,12522
oliveira/04_11/randm05.02.02.07.020_0030.02.aba.beta,True,6,5,0.014312744140625,0.0715487003326416,0.001439809799194336,0.08730125427246094,37,6,0,0,23,10,86,27,8,210,0,671,10253
oliveira/04_11/randm05.02.02.07.020_0030.03.aba.beta,True,7,5,0.014193058013916016,0.08255219459533691,0.0015096664428710938,0.09825491905212402,39,7,0,0,22,11,81,24,8,226,0,703,10647
oliveira/04_11/randm05.02.02.07.020_0030.04.aba.beta,True,9,5,0.01943826675415039,0.18564105033874512,0.0021431446075439453,0.20722246170043945,40,9,0,0,16,21,111,33,15,256,0,978,14832
oliveira/04_11/randm05.02.02.07.020_0030.05.aba.beta,True,10,5,0.02895975112915039,0.21710705757141113,0.002099752426147461,0.24816656112670898,61,10,0,0,38,22,130,31,16,391,0,931,13842
oliveira/04_11/randm05.02.02.08.020_0030.01.aba.beta,True,3,3,0.00399327278137207,0.013562440872192383,0.001155853271484375,0.018711566925048828,15,3,0,0,5,4,22,13,4,46,0,542,8605
oliveira/04_11/randm05.02.02.08.020_0030.02.aba.beta,True,2,3,0.0025916099548339844,0.009841442108154297,0.0011699199676513672,0.013602972030639648,14,2,0,0,5,3,17,13,4,36,0,546,8621
oliveira/04_11/randm05.02.02.08.020_0030.03.aba.beta,True,5,3,0.006684780120849609,0.01898193359375,0.0011172294616699219,0.02678394317626953,16,5,0,0,6,5,22,10,3,57,0,563,8700
oliveira/04_11/randm05.02.02.08.020_0030.04.aba.beta,True,2,3,0.0023603439331054688,0.006797313690185547,0.0011305809020996094,0.010288238525390625,10,2,0,0,3,2,10,10,3,22,0,539,8597
oliveira/04_11/randm05.02.02.08.020_0030.05.aba.beta,True,2,3,0.0025475025177001953,0.009427309036254883,0.0011210441589355469,0.013095855712890625,14,2,0,0,5,3,16,14,4,35,0,545,8613
oliveira/04_11/randm05.02.02.09.020_0030.01.aba.beta,True,4,4,0.00690770149230957,0.05351853370666504,0.0013337135314941406,0.06175994873046875,28,4,0,0,16,9,57,20,8,143,0,649,10132
oliveira/04_11/randm05.02.02.09.020_0030.02.aba.beta,True,2,4,0.0052525997161865234,0.04294157028198242,0.0011382102966308594,0.049332380294799805,30,2,0,0,15,9,41,19,11,117,0,553,8681
oliveira/04_11/randm05.02.02.09.020_0030.03.aba.beta,True,2,4,0.005873918533325195,0.013152599334716797,0.0010986328125,0.020125150680541992,25,2,0,0,14,4,27,14,6,102,0,546,8624
oliveira/04_11/randm05.02.02.09.020_0030.04.aba.beta,True,3,4,0.005240201950073242,0.02039194107055664,0.0010716915130615234,0.026703834533691406,20,3,0,0,8,5,26,14,6,71,0,550,8635
oliveira/04_11/randm05.02.02.09.020_0030.05.aba.beta,True,5,4,0.011035680770874023,0.029303789138793945,0.0012040138244628906,0.04154348373413086,23,5,0,0,9,7,26,15,6,90,0,566,8719
oliveira/04_11/randm05.02.02.10.020_0030.01.aba.beta,True,5,5,0.012453079223632812,0.07964253425598145,0.0013136863708496094,0.09340929985046387,48,5,0,0,30,10,81,28,9,248,0,589,9070
oliveira/04_11/randm05.02.02.10.020_0030.02.aba.beta,True,6,5,0.015491247177124023,0.12801074981689453,0.0012979507446289062,0.14479994773864746,52,6,0,0,31,17,80,29,15,313,0,636,9623
oliveira/04_11/randm05.02.02.10.020_0030.03.aba.beta,True,6,5,0.01864337921142578,0.15470576286315918,0.001336812973022461,0.17468595504760742,71,6,0,0,49,17,110,34,15,421,0,603,9118
oliveira/04_11/randm05.02.02.10.020_0030.04.aba.beta,True,6,5,0.021358251571655273,0.1475684642791748,0.0025110244750976562,0.17143774032592773,82,6,0,0,60,17,142,34,15,503,0,1117,17479
oliveira/04_11/randm05.02.02.10.020_0030.05.aba.beta,True,6,5,0.01613140106201172,0.11578035354614258,0.0014226436614990234,0.13333439826965332,61,6,0,0,39,16,97,34,14,340,0,641,9859
oliveira/04_11/randm05.02.02.11.020_0030.01.aba.beta,True,4,5,0.008974790573120117,0.05106401443481445,0.0026140213012695312,0.0626528263092041,61,4,0,0,50,8,76,34,8,290,0,1214,19034
oliveira/04_11/randm05.02.02.11.020_0030.02.aba.beta,True,4,5,0.009162187576293945,0.06116127967834473,0.002384662628173828,0.0727081298828125,64,4,0,0,53,9,81,37,9,308,0,1134,18070
oliveira/04_11/randm05.02.02.11.020_0030.03.aba.beta,True,4,5,0.009718894958496094,0.05577588081359863,0.0013089179992675781,0.0668036937713623,56,4,0,0,44,8,77,31,9,260,0,561,8837
oliveira/04_11/randm05.02.02.11.020_0030.04.aba.beta,True,4,5,0.010757923126220703,0.038353681564331055,0.0012710094451904297,0.05038261413574219,69,4,0,0,57,5,89,32,6,420,0,592,9262
oliveira/04_11/randm05.02.02.11.020_0030.05.aba.beta,True,6,5,0.011841535568237305,0.06719970703125,0.002658367156982422,0.08169960975646973,48,6,0,0,35,10,68,33,8,218,0,1222,19136
oliveira/04_11/randm05.02.02.12.020_0030.01.aba.beta,True,2,3,0.0027685165405273438,0.013002395629882812,0.0012078285217285156,0.016978740692138672,13,2,0,0,2,4,13,12,5,32,0,542,8611
oliveira/04_11/randm05.02.02.12.020_0030.02.aba.beta,True,2,3,0.004069089889526367,0.01739501953125,0.0011913776397705078,0.022655487060546875,15,2,0,0,2,5,17,14,6,41,0,546,8628
oliveira/04_11/randm05.02.02.12.020_0030.03.aba.beta,True,5,3,0.00621795654296875,0.030935049057006836,0.0011792182922363281,0.038332223892211914,15,5,0,0,0,8,35,12,5,79,0,587,9156
oliveira/04_11/randm05.02.02.12.020_0030.04.aba.beta,True,2,3,0.0026035308837890625,0.013944387435913086,0.0011608600616455078,0.017708778381347656,13,2,0,0,2,4,13,13,5,32,0,547,8625
oliveira/04_11/randm05.02.02.12.020_0030.05.aba.beta,True,3,3,0.0039005279541015625,0.019389629364013672,0.0013148784637451172,0.02460503578186035,13,3,0,0,2,5,27,12,4,48,0,588,9202
oliveira/04_11/randm05.02.02.13.020_0030.01.aba.beta,True,3,5,0.005908012390136719,0.048089027404785156,0.0012054443359375,0.055202484130859375,40,3,0,0,23,9,54,31,10,170,0,541,8576
oliveira/04_11/randm05.02.02.13.020_0030.02.aba.beta,True,9,5,0.022261857986450195,0.21001720428466797,0.0013723373413085938,0.23365139961242676,73,9,0,0,42,26,86,35,20,438,0,654,9569
oliveira/04_11/randm05.02.02.13.020_0030.03.aba.beta,True,3,5,0.006414651870727539,0.06111478805541992,0.0012104511260986328,0.0687398910522461,43,3,0,0,26,11,61,29,12,208,0,570,8829
oliveira/04_11/randm05.02.02.13.020_0030.04.aba.beta,True,6,5,0.014997005462646484,0.13091802597045898,0.0013375282287597656,0.14725255966186523,75,6,0,0,53,16,108,31,14,449,0,617,9325
oliveira/04_11/randm05.02.02.13.020_0030.05.aba.beta,True,3,5,0.00578761100769043,0.04886889457702637,0.001230478286743164,0.05588698387145996,42,3,0,0,25,9,56,28,10,181,0,548,8613
oliveira/04_11/randm05.02.02.14.020_0030.01.aba.beta,True,1,1,0.0008175373077392578,0.0021064281463623047,0.0010936260223388672,0.00401759147644043,3,1,0,0,0,1,3,3,1,2,0,531,8569
oliveira/04_11/randm05.02.02.14.020_0030.02.aba.beta,True,1,1,0.0008249282836914062,0.001972198486328125,0.0010814666748046875,0.0038785934448242188,3,1,0,0,0,1,3,3,1,2,0,530,8565
oliveira/04_11/randm05.02.02.14.020_0030.03.aba.beta,True,1,1,0.000850677490234375,0.0018205642700195312,0.001146078109741211,0.003817319869995117,3,1,0,0,0,1,3,3,1,2,0,541,8613
oliveira/04_11/randm05.02.02.14.020_0030.04.aba.beta,True,1,1,0.0009987354278564453,0.002283334732055664,0.0011501312255859375,0.004432201385498047,3,1,0,0,0,1,3,3,1,2,0,532,8544
oliveira/04_11/randm05.02.02.14.020_0030.05.aba.beta,True,1,1,0.0009107589721679688,0.001795053482055664,0.0012385845184326172,0.00394439697265625,3,1,0,0,0,1,3,3,1,2,0,530,8544
oliveira/04_11/randm05.02.02.15.020_0030.01.aba.beta,True,2,3,0.002486705780029297,0.013250589370727539,0.0012857913970947266,0.017023086547851562,12,2,0,0,2,4,19,11,4,34,0,537,8584
oliveira/04_11/randm05.02.02.15.020_0030.02.aba.beta,True,2,3,0.00321197509765625,0.016766786575317383,0.0011544227600097656,0.0211331844329834,18,2,0,0,5,5,20,16,6,55,0,542,8602
oliveira/04_11/randm05.02.02.15.020_0030.03.aba.beta,True,2,3,0.003273487091064453,0.015664339065551758,0.0011844635009765625,0.020122289657592773,18,2,0,0,5,5,20,13,6,55,0,540,8590
oliveira/04_11/randm05.02.02.15.020_0030.04.aba.beta,True,2,3,0.0027303695678710938,0.013654232025146484,0.001195669174194336,0.017580270767211914,12,2,0,0,2,4,20,10,4,35,0,546,8654
oliveira/04_11/randm05.02.02.15.020_0030.05.aba.beta,True,2,3,0.0028274059295654297,0.01331949234008789,0.0013968944549560547,0.017543792724609375,16,2,0,0,5,4,22,14,5,51,0,549,8644
oliveira/04_11/randm05.02.02.16.020_0030.01.aba.beta,True,1,1,0.0009186267852783203,0.001985311508178711,0.00110626220703125,0.004010200500488281,3,1,0,0,0,1,3,3,1,2,0,534,8587
oliveira/04_11/randm05.02.02.16.020_0030.02.aba.beta,True,1,1,0.0009150505065917969,0.0019521713256835938,0.001142740249633789,0.00400996208190918,3,1,0,0,0,1,3,3,1,2,0,540,8611
oliveira/04_11/randm05.02.02.16.020_0030.03.aba.beta,True,1,1,0.001186370849609375,0.0021202564239501953,0.0011522769927978516,0.004458904266357422,3,1,0,0,0,1,3,3,1,2,0,534,8572
oliveira/04_11/randm05.02.02.16.020_0030.04.aba.beta,True,1,1,0.0007793903350830078,0.0018811225891113281,0.0011615753173828125,0.0038220882415771484,3,1,0,0,0,1,3,3,1,2,0,543,8622
oliveira/04_11/randm05.02.02.16.020_0030.05.aba.beta,True,1,1,0.0007443428039550781,0.0018270015716552734,0.0011670589447021484,0.0037384033203125,3,1,0,0,0,1,3,3,1,2,0,543,8624
oliveira/04_11/randm05.02.02.17.020_0030.01.aba.beta,True,4,5,0.009058952331542969,0.020615816116333008,0.001230001449584961,0.030904769897460938,29,4,0,0,17,4,40,24,5,140,0,607,9538
oliveira/04_11/randm05.02.02.17.020_0030.02.aba.beta,True,4,5,0.006638765335083008,0.023112058639526367,0.0011229515075683594,0.030873775482177734,34,4,0,0,22,5,42,25,6,141,0,556,8667
oliveira/04_11/randm05.02.02.17.020_0030.03.aba.beta,True,7,5,0.017000198364257812,0.12594342231750488,0.0013885498046875,0.1443321704864502,54,7,0,0,37,16,76,25,12,325,0,657,9786
oliveira/04_11/randm05.02.02.17.020_0030.04.aba.beta,True,5,5,0.010286569595336914,0.07751679420471191,0.002007722854614258,0.08981108665466309,45,5,0,0,28,10,83,31,9,224,0,945,14725
oliveira/04_11/randm05.02.02.17.020_0030.05.aba.beta,True,4,5,0.008368492126464844,0.06737899780273438,0.0015304088592529297,0.07727789878845215,60,4,0,0,44,9,91,38,9,303,0,644,9927
oliveira/04_11/randm05.02.02.18.020_0030.01.aba.beta,True,1,1,0.0007486343383789062,0.0018072128295898438,0.0010762214660644531,0.003632068634033203,3,1,0,0,0,1,3,3,1,2,0,534,8577
oliveira/04_11/randm05.02.02.18.020_0030.02.aba.beta,True,1,1,0.0009016990661621094,0.0017955303192138672,0.0011036396026611328,0.0038008689880371094,3,1,0,0,0,1,3,3,1,2,0,535,8592
oliveira/04_11/randm05.02.02.18.020_0030.03.aba.beta,True,1,1,0.0007572174072265625,0.0018825531005859375,0.0010972023010253906,0.0037369728088378906,3,1,0,0,0,1,3,3,1,2,0,529,8564
oliveira/04_11/randm05.02.02.18.020_0030.04.aba.beta,True,1,1,0.0012362003326416016,0.0017642974853515625,0.0011456012725830078,0.004146099090576172,3,1,0,0,0,1,3,3,1,2,0,523,8497
oliveira/04_11/randm05.02.02.18.020_0030.05.aba.beta,True,1,1,0.0007700920104980469,0.001817464828491211,0.0010733604431152344,0.003660917282104492,3,1,0,0,0,1,3,3,1,2,0,533,8555
oliveira/04_11/randm05.02.02.19.020_0030.01.aba.beta,True,2,3,0.0021467208862304688,0.005997419357299805,0.001129150390625,0.009273290634155273,11,2,0,0,4,2,11,11,3,22,0,543,8612
oliveira/04_11/randm05.02.02.19.020_0030.02.aba.beta,True,2,3,0.002093791961669922,0.005800724029541016,0.0011248588562011719,0.00901937484741211,11,2,0,0,4,2,11,11,3,22,0,548,8631
oliveira/04_11/randm05.02.02.19.020_0030.03.aba.beta,True,2,3,0.005724430084228516,0.016570568084716797,0.0010943412780761719,0.023389339447021484,12,2,0,0,0,5,16,12,5,30,0,537,8592
oliveira/04_11/randm05.02.02.19.020_0030.04.aba.beta,True,2,3,0.0027360916137695312,0.015533685684204102,0.001135110855102539,0.019404888153076172,12,2,0,0,0,5,13,12,5,27,0,536,8571
oliveira/04_11/randm05.02.02.19.020_0030.05.aba.beta,True,2,3,0.0021224021911621094,0.005970478057861328,0.0011496543884277344,0.009242534637451172,11,2,0,0,4,2,11,11,3,22,0,528,8538
oliveira/04_11/randm06.02.02.01.020_0030.01.aba.beta,True,3,4,0.005658864974975586,0.0339665412902832,0.0012125968933105469,0.040838003158569336,30,3,0,0,18,6,46,24,6,124,0,566,8785
oliveira/04_11/randm06.02.02.01.020_0030.02.aba.beta,True,3,4,0.00855875015258789,0.03627610206604004,0.0012054443359375,0.04604029655456543,40,3,0,0,25,7,51,24,8,172,0,551,8638
oliveira/04_11/randm06.02.02.01.020_0030.03.aba.beta,True,3,4,0.005589962005615234,0.04143691062927246,0.0011854171752929688,0.048212289810180664,41,3,0,0,26,7,51,31,8,177,0,558,8692
oliveira/04_11/randm06.02.02.01.020_0030.04.aba.beta,True,4,4,0.012820720672607422,0.05324292182922363,0.001222372055053711,0.06728601455688477,36,4,0,0,21,9,63,23,8,169,0,571,8896
oliveira/04_11/randm06.02.02.01.020_0030.05.aba.beta,True,5,4,0.012538433074951172,0.06783652305603027,0.0014181137084960938,0.08179306983947754,34,5,0,0,18,10,79,21,8,192,0,682,10492
oliveira/04_11/randm06.02.02.02.020_0030.01.aba.beta,True,2,3,0.0024261474609375,0.0059316158294677734,0.0012042522430419922,0.009562015533447266,11,2,0,0,4,2,12,10,3,26,0,540,8590
oliveira/04_11/randm06.02.02.02.020_0030.02.aba.beta,True,2,3,0.002916097640991211,0.01440286636352539,0.0010766983032226562,0.018395662307739258,16,2,0,0,5,4,20,11,5,47,0,521,8482
oliveira/04_11/randm06.02.02.02.020_0030.03.aba.beta,True,2,3,0.002766847610473633,0.015510082244873047,0.0011324882507324219,0.0194094181060791,14,2,0,0,3,4,21,14,5,41,0,548,8665
oliveira/04_11/randm06.02.02.02.020_0030.04.aba.beta,True,2,3,0.002537965774536133,0.013525009155273438,0.0011365413665771484,0.01719951629638672,14,2,0,0,3,4,19,14,5,39,0,547,8639
oliveira/04_11/randm06.02.02.02.020_0030.05.aba.beta,True,2,3,0.0020360946655273438,0.007025480270385742,0.0011725425720214844,0.01023411750793457,11,2,0,0,4,2,12,11,3,26,0,541,8600
oliveira/04_11/randm06.02.02.03.020_0030.01.aba.beta,True,4,5,0.009381532669067383,0.02365708351135254,0.0018656253814697266,0.03490424156188965,47,4,0,0,35,5,50,30,6,205,0,879,13800
oliveira/04_11/randm06.02.02.03.020_0030.02.aba.beta,True,3,5,0.004398822784423828,0.011510610580444336,0.0016374588012695312,0.017546892166137695,24,3,0,0,14,3,24,23,5,74,0,784,12454
oliveira/04_11/randm06.02.02.03.020_0030.03.aba.beta,True,5,5,0.00803995132446289,0.03238534927368164,0.0011932849884033203,0.04161858558654785,33,5,0,0,21,6,33,21,6,135,0,563,8668
oliveira/04_11/randm06.02.02.03.020_0030.04.aba.beta,True,6,5,0.012956857681274414,0.036573171615600586,0.0011281967163085938,0.050658226013183594,29,6,0,0,16,7,29,22,6,113,0,572,8711
oliveira/04_11/randm06.02.02.03.020_0030.05.aba.beta,True,4,5,0.005852699279785156,0.018148422241210938,0.0016980171203613281,0.025699138641357422,26,4,0,0,15,4,45,20,5,102,0,786,12329
oliveira/04_11/randm06.02.02.04.020_0030.01.aba.beta,True,1,1,0.0005924701690673828,0.002603769302368164,0.0010571479797363281,0.004253387451171875,3,1,0,0,0,1,3,3,1,2,0,525,8535
oliveira/04_11/randm06.02.02.04.020_0030.02.aba.beta,True,1,1,0.0007998943328857422,0.0019278526306152344,0.001249551773071289,0.003977298736572266,3,1,0,0,0,1,3,3,1,2,0,531,8571
oliveira/04_11/randm06.02.02.04.020_0030.03.aba.beta,True,1,1,0.001352071762084961,0.0019288063049316406,0.0010819435119628906,0.004362821578979492,3,1,0,0,0,1,3,3,1,2,0,535,8590
oliveira/04_11/randm06.02.02.04.020_0030.04.aba.beta,True,1,1,0.004916191101074219,0.0018444061279296875,0.0011334419250488281,0.007894039154052734,3,1,0,0,0,1,3,3,1,2,0,532,8555
oliveira/04_11/randm06.02.02.04.020_0030.05.aba.beta,True,1,1,0.004431009292602539,0.001863718032836914,0.001195669174194336,0.007490396499633789,3,1,0,0,0,1,3,3,1,2,0,525,8541
oliveira/04_11/randm06.02.02.05.020_0030.01.aba.beta,True,6,5,0.018993854522705078,0.1044766902923584,0.0013425350189208984,0.12481307983398438,49,6,0,0,26,18,56,23,15,227,0,593,9141
oliveira/04_11/randm06.02.02.05.020_0030.02.aba.beta,True,9,5,0.0291445255279541,0.2660515308380127,0.0014476776123046875,0.2966437339782715,72,9,0,0,49,29,101,31,23,440,0,683,9982
oliveira/04_11/randm06.02.02.05.020_0030.03.aba.beta,True,2,5,0.004086494445800781,0.01571965217590332,0.0011985301971435547,0.021004676818847656,38,2,0,0,25,4,43,22,7,197,0,551,8642
oliveira/04_11/randm06.02.02.05.020_0030.04.aba.beta,True,3,5,0.010323524475097656,0.0246584415435791,0.0012285709381103516,0.03621053695678711,43,3,0,0,29,5,46,21,7,233,0,568,9033
oliveira/04_11/randm06.02.02.05.020_0030.05.aba.beta,True,3,5,0.014249801635742188,0.06885123252868652,0.0014240741729736328,0.08452510833740234,54,3,0,0,39,10,82,28,12,293,0,579,8982
oliveira/04_11/randm06.02.02.06.020_0030.01.aba.beta,True,5,5,0.011901378631591797,0.06210732460021973,0.0013341903686523438,0.07534289360046387,60,5,0,0,43,9,112,28,9,348,0,630,9687
oliveira/04_11/randm06.02.02.06.020_0030.02.aba.beta,True,7,5,0.015537023544311523,0.09345674514770508,0.0015082359313964844,0.11050200462341309,50,7,0,0,32,12,96,28,9,297,0,690,10285
oliveira/04_11/randm06.02.02.06.020_0030.03.aba.beta,True,7,5,0.016546010971069336,0.10722565650939941,0.001369476318359375,0.12514114379882812,53,7,0,0,36,14,95,30,11,303,0,613,9220
oliveira/04_11/randm06.02.02.06.020_0030.04.aba.beta,True,3,5,0.006795644760131836,0.04937458038330078,0.001314401626586914,0.05748462677001953,35,3,0,0,23,8,68,26,9,164,0,577,9030
oliveira/04_11/randm06.02.02.06.020_0030.05.aba.beta,True,8,5,0.022417545318603516,0.14088010787963867,0.0016841888427734375,0.16498184204101562,55,8,0,0,36,17,86,28,13,303,0,748,11285
oliveira/04_11/randm06.02.02.07.020_0030.01.aba.beta,True,4,5,0.009047746658325195,0.03169059753417969,0.0012736320495605469,0.04201197624206543,41,4,0,0,32,5,48,23,6,181,0,551,8631
oliveira/04_11/randm06.02.02.07.020_0030.02.aba.beta,True,3,5,0.005690336227416992,0.033168792724609375,0.0011835098266601562,0.04004263877868652,38,3,0,0,27,6,51,28,7,161,0,560,8748
oliveira/04_11/randm06.02.02.07.020_0030.03.aba.beta,True,4,5,0.007037162780761719,0.04448437690734863,0.0012536048889160156,0.05277514457702637,46,4,0,0,34,7,61,33,8,218,0,575,8850
oliveira/04_11/randm06.02.02.07.020_0030.04.aba.beta,True,8,5,0.014363765716552734,0.05671548843383789,0.001312255859375,0.07239151000976562,37,8,0,0,24,9,47,24,5,180,0,600,8980
oliveira/04_11/randm06.02.02.07.020_0030.05.aba.beta,True,3,5,0.006975650787353516,0.03778338432312012,0.0013113021850585938,0.04607033729553223,59,3,0,0,47,6,69,33,8,278,0,579,9104
oliveira/04_11/randm06.02.02.08.020_0030.01.aba.beta,True,2,4,0.003950357437133789,0.0157470703125,0.001172780990600586,0.020870208740234375,32,2,0,0,21,4,38,20,6,128,0,545,8607
oliveira/04_11/randm06.02.02.08.020_0030.02.aba.beta,True,2,4,0.00861978530883789,0.02606821060180664,0.0010898113250732422,0.03577780723571777,27,2,0,0,14,6,29,23,8,94,0,532,8554
oliveira/04_11/randm06.02.02.08.020_0030.03.aba.beta,True,3,4,0.004080295562744141,0.011562824249267578,0.0011522769927978516,0.01679539680480957,21,3,0,0,12,3,21,16,4,65,0,532,8521
oliveira/04_11/randm06.02.02.08.020_0030.04.aba.beta,True,3,4,0.004138469696044922,0.011120796203613281,0.0011229515075683594,0.016382217407226562,23,3,0,0,14,3,23,18,4,77,0,537,8579
oliveira/04_11/randm06.02.02.08.020_0030.05.aba.beta,True,2,4,0.004292488098144531,0.02755427360534668,0.0011601448059082031,0.033006906509399414,27,2,0,0,14,6,40,22,8,105,0,562,8782
oliveira/04_11/randm06.02.02.09.020_0030.01.aba.beta,True,5,5,0.009682416915893555,0.07425212860107422,0.001566171646118164,0.08550071716308594,29,5,0,0,11,14,70,25,13,139,0,748,11664
oliveira/04_11/randm06.02.02.09.020_0030.02.aba.beta,True,4,5,0.011872529983520508,0.07616114616394043,0.001262664794921875,0.08929634094238281,44,4,0,0,24,13,68,28,14,222,0,580,9078
oliveira/04_11/randm06.02.02.09.020_0030.03.aba.beta,True,4,5,0.009262800216674805,0.0874626636505127,0.0014083385467529297,0.09813380241394043,34,4,0,0,14,13,73,24,14,166,0,649,10069
oliveira/04_11/randm06.02.02.09.020_0030.04.aba.beta,True,3,5,0.013317346572875977,0.052977561950683594,0.0012438297271728516,0.06753873825073242,31,3,0,0,13,10,42,19,11,126,0,539,8593
oliveira/04_11/randm06.02.02.09.020_0030.05.aba.beta,True,6,5,0.012822151184082031,0.10029196739196777,0.0013697147369384766,0.11448383331298828,42,6,0,0,19,18,57,25,15,204,0,622,9409
oliveira/04_11/randm06.02.02.10.020_0030.01.aba.beta,True,3,4,0.00457763671875,0.014235734939575195,0.0012297630310058594,0.020043134689331055,22,3,0,0,13,4,25,15,5,80,0,547,8613
oliveira/04_11/randm06.02.02.10.020_0030.02.aba.beta,True,2,4,0.004061698913574219,0.03785228729248047,0.001247406005859375,0.04316139221191406,32,2,0,0,17,8,34,26,10,115,0,545,8623
oliveira/04_11/randm06.02.02.10.020_0030.03.aba.beta,True,2,4,0.004244089126586914,0.023202896118164062,0.0011947154998779297,0.028641700744628906,30,2,0,0,15,6,33,26,8,115,0,535,8550
oliveira/04_11/randm06.02.02.10.020_0030.04.aba.beta,True,2,4,0.004065036773681641,0.023944616317749023,0.001209259033203125,0.02921891212463379,29,2,0,0,14,6,33,26,8,107,0,550,8647
oliveira/04_11/randm06.02.02.10.020_0030.05.aba.beta,True,3,4,0.004319429397583008,0.016103267669677734,0.0011382102966308594,0.0215609073638916,26,3,0,0,17,4,31,19,5,105,0,550,8631
oliveira/04_11/randm06.02.02.11.020_0030.01.aba.beta,True,4,6,0.01475214958190918,0.136702299118042,0.0013387203216552734,0.15279316902160645,67,4,0,0,51,14,107,34,15,386,0,633,9837
oliveira/04_11/randm06.02.02.11.020_0030.02.aba.beta,True,6,6,0.058777570724487305,0.46793222427368164,0.0015511512756347656,0.5282609462738037,112,6,0,0,89,35,167,42,33,714,0,675,10265
oliveira/04_11/randm06.02.02.11.020_0030.03.aba.beta,True,8,6,0.03231215476989746,0.24328970909118652,0.0016026496887207031,0.2772045135498047,70,8,0,0,49,20,123,38,16,407,0,719,10774
oliveira/04_11/randm06.02.02.11.020_0030.04.aba.beta,True,6,6,0.021573305130004883,0.16963982582092285,0.0014088153839111328,0.19262194633483887,75,6,0,0,57,15,124,33,14,450,0,618,9382
oliveira/04_11/randm06.02.02.11.020_0030.05.aba.beta,True,4,6,0.0175168514251709,0.11255812644958496,0.0017027854919433594,0.13177776336669922,66,4,0,0,49,13,112,34,14,377,0,734,11302
oliveira/04_11/randm06.02.02.12.020_0030.01.aba.beta,True,3,4,0.005428314208984375,0.061516761779785156,0.0012121200561523438,0.06815719604492188,58,3,0,0,43,9,67,37,9,279,0,558,8673
oliveira/04_11/randm06.02.02.12.020_0030.02.aba.beta,True,3,4,0.004548549652099609,0.014575004577636719,0.0010921955108642578,0.020215749740600586,32,3,0,0,23,3,33,18,4,141,0,542,8604
oliveira/04_11/randm06.02.02.12.020_0030.03.aba.beta,True,3,4,0.007833480834960938,0.01451253890991211,0.0011222362518310547,0.0234682559967041,30,3,0,0,21,3,40,19,4,126,0,552,8715
oliveira/04_11/randm06.02.02.12.020_0030.04.aba.beta,True,3,4,0.005573272705078125,0.052870988845825195,0.0012080669403076172,0.05965232849121094,57,3,0,0,42,9,69,33,9,275,0,561,8699
oliveira/04_11/randm06.02.02.12.020_0030.05.aba.beta,True,3,4,0.006541013717651367,0.045447349548339844,0.0012247562408447266,0.05321311950683594,74,3,0,0,59,8,85,39,9,390,0,564,8720
oliveira/04_11/randm06.02.02.13.020_0030.01.aba.beta,True,7,4,0.01629638671875,0.08290624618530273,0.00138092041015625,0.10058355331420898,30,7,0,0,7,15,49,21,10,157,0,641,9668
oliveira/04_11/randm06.02.02.13.020_0030.02.aba.beta,True,5,4,0.00914764404296875,0.06789135932922363,0.0013866424560546875,0.07842564582824707,26,5,0,0,5,13,48,21,10,132,0,660,10095
oliveira/04_11/randm06.02.02.13.020_0030.03.aba.beta,True,5,4,0.014749288558959961,0.08372855186462402,0.001316070556640625,0.09979391098022461,33,5,0,0,8,16,43,25,13,144,0,581,8880
oliveira/04_11/randm06.02.02.13.020_0030.04.aba.beta,True,5,4,0.009946823120117188,0.0845947265625,0.001211404800415039,0.09575295448303223,29,5,0,0,4,16,49,24,13,136,0,601,9168
oliveira/04_11/randm06.02.02.13.020_0030.05.aba.beta,True,4,4,0.008181571960449219,0.07297205924987793,0.0012083053588867188,0.08236193656921387,29,4,0,0,8,13,51,22,11,138,0,583,9108
oliveira/04_11/randm06.02.02.14.020_0030.01.aba.beta,True,5,6,0.014927387237548828,0.09014630317687988,0.0012428760528564453,0.10631656646728516,83,5,0,0,70,11,95,33,11,429,0,551,8628
oliveira/04_11/randm06.02.02.14.020_0030.02.aba.beta,True,5,6,0.013911962509155273,0.10576009750366211,0.0013413429260253906,0.12101340293884277,73,5,0,0,57,12,78,40,12,362,0,588,9092
oliveira/04_11/randm06.02.02.14.020_0030.03.aba.beta,True,7,6,0.028977394104003906,0.2168886661529541,0.0014126300811767578,0.24727869033813477,88,7,0,0,62,24,111,33,22,532,0,612,9371
oliveira/04_11/randm06.02.02.14.020_0030.04.aba.beta,True,6,6,0.023050785064697266,0.1444392204284668,0.0012652873992919922,0.16875529289245605,100,6,0,0,78,17,117,39,16,629,0,594,9003
oliveira/04_11/randm06.02.02.14.020_0030.05.aba.beta,True,4,6,0.010358095169067383,0.07009267807006836,0.0012962818145751953,0.08174705505371094,71,4,0,0,50,11,84,38,13,429,0,588,9104
oliveira/04_11/randm06.02.02.15.020_0030.01.aba.beta,True,4,5,0.013570547103881836,0.09689092636108398,0.0012483596801757812,0.1117098331451416,63,4,0,0,44,14,95,31,14,382,0,590,9225
oliveira/04_11/randm06.02.02.15.020_0030.02.aba.beta,True,5,5,0.011941671371459961,0.10042214393615723,0.0017139911651611328,0.11407780647277832,58,5,0,0,39,15,88,33,14,364,0,768,11889
oliveira/04_11/randm06.02.02.15.020_0030.03.aba.beta,True,2,5,0.0041332244873046875,0.016870498657226562,0.0012874603271484375,0.022291183471679688,44,2,0,0,31,4,53,24,7,242,0,541,8602
oliveira/04_11/randm06.02.02.15.020_0030.04.aba.beta,True,8,5,0.0212249755859375,0.1479332447052002,0.001302480697631836,0.17046070098876953,78,8,0,0,56,19,99,29,15,523,0,650,9489
oliveira/04_11/randm06.02.02.15.020_0030.05.aba.beta,True,13,5,0.0359957218170166,0.31365013122558594,0.001753091812133789,0.35139894485473633,106,13,0,0,75,30,130,36,20,775,0,830,12025
oliveira/04_11/randm06.02.02.16.020_0030.01.aba.beta,True,2,3,0.0029387474060058594,0.009124755859375,0.001065969467163086,0.013129472732543945,13,2,0,0,4,3,13,13,4,30,0,529,8513
oliveira/04_11/randm06.02.02.16.020_0030.02.aba.beta,True,2,3,0.002559661865234375,0.01276397705078125,0.0012836456298828125,0.016607284545898438,14,2,0,0,5,3,17,13,4,37,0,545,8630
oliveira/04_11/randm06.02.02.16.020_0030.03.aba.beta,True,2,3,0.0021920204162597656,0.0061304569244384766,0.0017664432525634766,0.010088920593261719,10,2,0,0,3,2,10,10,3,19,0,837,13591
oliveira/04_11/randm06.02.02.16.020_0030.04.aba.beta,True,2,3,0.0021123886108398438,0.005982875823974609,0.0017039775848388672,0.00979924201965332,10,2,0,0,3,2,10,10,3,19,0,838,13337
oliveira/04_11/randm06.02.02.16.020_0030.05.aba.beta,True,2,3,0.0024182796478271484,0.011180877685546875,0.0012269020080566406,0.014826059341430664,14,2,0,0,5,3,16,14,4,36,0,550,8643
oliveira/04_11/randm06.02.02.17.020_0030.01.aba.beta,True,3,4,0.005120038986206055,0.03167843818664551,0.0011420249938964844,0.03794050216674805,27,3,0,0,15,7,33,22,8,96,0,552,8664
oliveira/04_11/randm06.02.02.17.020_0030.02.aba.beta,True,2,4,0.004482746124267578,0.02498650550842285,0.0012097358703613281,0.030678987503051758,31,2,0,0,20,6,39,22,8,119,0,548,8630
oliveira/04_11/randm06.02.02.17.020_0030.03.aba.beta,True,3,4,0.0063288211822509766,0.029244422912597656,0.001264333724975586,0.03683757781982422,36,3,0,0,24,6,51,21,7,164,0,563,8810
oliveira/04_11/randm06.02.02.17.020_0030.04.aba.beta,True,4,4,0.00656890869140625,0.030286788940429688,0.0012221336364746094,0.03807783126831055,32,4,0,0,20,6,36,22,6,121,0,549,8623
oliveira/04_11/randm06.02.02.17.020_0030.05.aba.beta,True,3,4,0.004234790802001953,0.014049291610717773,0.0012013912200927734,0.0194854736328125,18,3,0,0,9,3,19,16,4,48,0,538,8568
oliveira/04_11/randm06.02.02.18.020_0030.01.aba.beta,True,5,6,0.012549638748168945,0.06258940696716309,0.0012819766998291016,0.07642102241516113,79,5,0,0,67,6,96,41,7,455,0,617,9446
oliveira/04_11/randm06.02.02.18.020_0030.02.aba.beta,True,6,6,0.020355701446533203,0.11304688453674316,0.0012667179107666016,0.13466930389404297,103,6,0,0,88,13,122,36,12,585,0,564,8671
oliveira/04_11/randm06.02.02.18.020_0030.03.aba.beta,True,4,6,0.010018587112426758,0.09344363212585449,0.0011942386627197266,0.10465645790100098,82,4,0,0,70,11,105,37,12,444,0,593,9240
oliveira/04_11/randm06.02.02.18.020_0030.04.aba.beta,True,7,6,0.024487972259521484,0.15912532806396484,0.0014834403991699219,0.18509674072265625,115,7,0,0,99,15,148,40,13,727,0,666,10328
oliveira/04_11/randm06.02.02.18.020_0030.05.aba.beta,True,4,6,0.015966176986694336,0.07550168037414551,0.0011518001556396484,0.09261965751647949,86,4,0,0,74,9,96,43,11,446,0,554,8648
oliveira/04_11/randm06.02.02.19.020_0030.01.aba.beta,True,1,1,0.0015442371368408203,0.001969575881958008,0.0011396408081054688,0.004653453826904297,3,1,0,0,0,1,3,3,1,2,0,533,8572
oliveira/04_11/randm06.02.02.19.020_0030.02.aba.beta,True,1,1,0.0012009143829345703,0.0017521381378173828,0.0012164115905761719,0.004169464111328125,3,1,0,0,0,1,3,3,1,2,0,537,8597
oliveira/04_11/randm06.02.02.19.020_0030.03.aba.beta,True,1,1,0.0008044242858886719,0.0019159317016601562,0.0011649131774902344,0.0038852691650390625,3,1,0,0,0,1,3,3,1,2,0,533,8578
oliveira/04_11/randm06.02.02.19.020_0030.04.aba.beta,True,1,1,0.0008721351623535156,0.002105712890625,0.001115560531616211,0.0040934085845947266,3,1,0,0,0,1,3,3,1,2,0,523,8524
oliveira/04_11/randm06.02.02.19.020_0030.05.aba.beta,True,1,1,0.0007574558258056641,0.0017611980438232422,0.0011692047119140625,0.0036878585815429688,3,1,0,0,0,1,3,3,1,2,0,525,8527
oliveira/04_11/randm07.02.02.01.020_0030.01.aba.beta,True,1,1,0.0009329319000244141,0.0019390583038330078,0.0011529922485351562,0.004024982452392578,3,1,0,0,0,1,3,3,1,2,0,529,8553
oliveira/04_11/randm07.02.02.01.020_0030.02.aba.beta,True,1,1,0.0007450580596923828,0.0020368099212646484,0.0010766983032226562,0.0038585662841796875,3,1,0,0,0,1,3,3,1,2,0,526,8542
oliveira/04_11/randm07.02.02.01.020_0030.03.aba.beta,True,1,1,0.00296783447265625,0.0017919540405273438,0.0010805130004882812,0.005840301513671875,3,1,0,0,0,1,3,3,1,2,0,531,8553
oliveira/04_11/randm07.02.02.01.020_0030.04.aba.beta,True,1,1,0.0007627010345458984,0.0017597675323486328,0.0011425018310546875,0.0036649703979492188,3,1,0,0,0,1,3,3,1,2,0,530,8550
oliveira/04_11/randm07.02.02.01.020_0030.05.aba.beta,True,1,1,0.0007891654968261719,0.001804351806640625,0.0011835098266601562,0.003777027130126953,3,1,0,0,0,1,3,3,1,2,0,540,8609
oliveira/04_11/randm07.02.02.02.020_0030.01.aba.beta,True,1,1,0.004136085510253906,0.0017964839935302734,0.0011599063873291016,0.007092475891113281,3,1,0,0,0,1,3,3,1,2,0,535,8587
oliveira/04_11/randm07.02.02.02.020_0030.02.aba.beta,True,1,1,0.0007455348968505859,0.0018551349639892578,0.001081228256225586,0.0036818981170654297,3,1,0,0,0,1,3,3,1,2,0,538,8598
oliveira/04_11/randm07.02.02.02.020_0030.03.aba.beta,True,1,1,0.0007641315460205078,0.0018992424011230469,0.0012943744659423828,0.0039577484130859375,3,1,0,0,0,1,3,3,1,2,0,533,8583
oliveira/04_11/randm07.02.02.02.020_0030.04.aba.beta,True,1,1,0.0008261203765869141,0.0019898414611816406,0.0012433528900146484,0.004059314727783203,3,1,0,0,0,1,3,3,1,2,0,521,8515
oliveira/04_11/randm07.02.02.02.020_0030.05.aba.beta,True,1,1,0.0007321834564208984,0.0017728805541992188,0.0011715888977050781,0.0036766529083251953,3,1,0,0,0,1,3,3,1,2,0,531,8576
oliveira/04_11/randm07.02.02.03.020_0030.01.aba.beta,True,11,7,0.10512804985046387,0.8712790012359619,0.0015435218811035156,0.9779505729675293,213,11,0,0,175,60,237,55,54,1475,0,718,10434
oliveira/04_11/randm07.02.02.03.020_0030.02.aba.beta,True,8,7,0.05153322219848633,0.40680527687072754,0.0013616085052490234,0.4597001075744629,176,8,0,0,150,29,224,45,27,1400,0,626,9244
oliveira/04_11/randm07.02.02.03.020_0030.03.aba.beta,True,15,7,0.19777679443359375,1.3588545322418213,0.0018496513366699219,1.558480978012085,276,15,0,0,234,81,329,62,72,1970,0,835,12043
oliveira/04_11/randm07.02.02.03.020_0030.04.aba.beta,True,8,7,0.1506953239440918,1.1331827640533447,0.0013325214385986328,1.2852106094360352,258,8,0,0,228,53,388,54,51,2019,0,644,9426
oliveira/04_11/randm07.02.02.03.020_0030.05.aba.beta,True,9,7,0.0690920352935791,0.5864670276641846,0.0015442371368408203,0.6571033000946045,190,9,0,0,154,45,236,51,42,1294,0,700,10437
oliveira/04_11/randm07.02.02.04.020_0030.01.aba.beta,True,4,4,0.005438566207885742,0.018072843551635742,0.001756429672241211,0.025267839431762695,19,4,0,0,9,4,29,17,4,69,0,713,11218
oliveira/04_11/randm07.02.02.04.020_0030.02.aba.beta,True,4,4,0.00655674934387207,0.026324748992919922,0.002785921096801758,0.03566741943359375,27,4,0,0,16,5,41,23,5,101,0,1287,20328
oliveira/04_11/randm07.02.02.04.020_0030.03.aba.beta,True,5,4,0.007417440414428711,0.028890609741210938,0.0027589797973632812,0.03906702995300293,20,5,0,0,9,5,47,16,4,89,0,1215,19165
oliveira/04_11/randm07.02.02.04.020_0030.04.aba.beta,True,3,4,0.0044286251068115234,0.01385641098022461,0.0015494823455810547,0.019834518432617188,18,3,0,0,9,3,46,17,4,83,0,740,11953
oliveira/04_11/randm07.02.02.04.020_0030.05.aba.beta,True,5,4,0.007302045822143555,0.022810697555541992,0.0013017654418945312,0.03141450881958008,19,5,0,0,8,5,28,16,4,71,0,618,9566
oliveira/04_11/randm07.02.02.05.020_0030.01.aba.beta,True,8,6,0.03958535194396973,0.317385196685791,0.0014002323150634766,0.3583707809448242,84,8,0,0,56,28,124,33,24,473,0,653,9802
oliveira/04_11/randm07.02.02.05.020_0030.02.aba.beta,True,11,6,0.03218889236450195,0.2202775478363037,0.0018448829650878906,0.25431132316589355,74,11,0,0,50,21,124,38,15,461,0,847,12475
oliveira/04_11/randm07.02.02.05.020_0030.03.aba.beta,True,4,6,0.008579015731811523,0.05656933784484863,0.0012483596801757812,0.06639671325683594,39,4,0,0,24,9,61,25,10,202,0,584,9067
oliveira/04_11/randm07.02.02.05.020_0030.04.aba.beta,True,5,6,0.015331506729125977,0.0993506908416748,0.0013339519500732422,0.11601614952087402,74,5,0,0,55,13,110,37,13,428,0,600,9164
oliveira/04_11/randm07.02.02.05.020_0030.05.aba.beta,True,5,6,0.015716075897216797,0.06331110000610352,0.001247406005859375,0.08027458190917969,47,5,0,0,31,10,68,30,10,252,0,582,8878
oliveira/04_11/randm07.02.02.06.020_0030.01.aba.beta,True,3,4,0.0076160430908203125,0.014165401458740234,0.001168966293334961,0.022950410842895508,18,3,0,0,7,4,22,17,5,51,0,544,8607
oliveira/04_11/randm07.02.02.06.020_0030.02.aba.beta,True,3,4,0.0044307708740234375,0.015481233596801758,0.0011336803436279297,0.021045684814453125,18,3,0,0,7,4,23,18,5,52,0,550,8637
oliveira/04_11/randm07.02.02.06.020_0030.03.aba.beta,True,3,4,0.004153251647949219,0.01400303840637207,0.0011243820190429688,0.019280672073364258,18,3,0,0,7,4,21,18,5,50,0,549,8627
oliveira/04_11/randm07.02.02.06.020_0030.04.aba.beta,True,2,4,0.003632068634033203,0.02270793914794922,0.001241445541381836,0.027581453323364258,20,2,0,0,8,5,24,19,7,60,0,544,8625
oliveira/04_11/randm07.02.02.06.020_0030.05.aba.beta,True,2,4,0.007011890411376953,0.018184661865234375,0.001169443130493164,0.026365995407104492,19,2,0,0,7,5,23,18,7,55,0,543,8613
oliveira/04_11/randm07.02.02.07.020_0030.01.aba.beta,True,13,6,0.07806682586669922,0.4833242893218994,0.001560211181640625,0.5629513263702393,139,13,0,0,107,34,187,44,25,1033,0,759,10865
oliveira/04_11/randm07.02.02.07.020_0030.02.aba.beta,True,11,6,0.08860278129577637,0.6107330322265625,0.001871347427368164,0.701207160949707,183,11,0,0,151,36,288,43,29,1327,0,844,12405
oliveira/04_11/randm07.02.02.07.020_0030.03.aba.beta,True,7,6,0.01968550682067871,0.12611770629882812,0.001401662826538086,0.14720487594604492,60,7,0,0,41,13,92,29,11,345,0,642,9733
oliveira/04_11/randm07.02.02.07.020_0030.04.aba.beta,True,11,6,0.03584480285644531,0.1674492359161377,0.0023193359375,0.205613374710083,90,11,0,0,67,15,122,35,9,623,0,1061,16047
oliveira/04_11/randm07.02.02.07.020_0030.05.aba.beta,True,7,6,0.0360872745513916,0.3880178928375244,0.0014355182647705078,0.4255406856536865,124,7,0,0,99,28,201,42,25,894,0,669,9954
oliveira/04_11/randm07.02.02.08.020_0030.01.aba.beta,True,1,1,0.0009777545928955078,0.0017955303192138672,0.0011670589447021484,0.0039403438568115234,3,1,0,0,0,1,3,3,1,2,0,542,8613
oliveira/04_11/randm07.02.02.08.020_0030.02.aba.beta,True,1,1,0.0007417201995849609,0.0018000602722167969,0.0011336803436279297,0.0036754608154296875,3,1,0,0,0,1,3,3,1,2,0,539,8607
oliveira/04_11/randm07.02.02.08.020_0030.03.aba.beta,True,1,1,0.0008924007415771484,0.0017931461334228516,0.001531839370727539,0.004217386245727539,3,1,0,0,0,1,3,3,1,2,0,534,8577
oliveira/04_11/randm07.02.02.08.020_0030.04.aba.beta,True,1,1,0.0009260177612304688,0.0019371509552001953,0.001203298568725586,0.00406646728515625,3,1,0,0,0,1,3,3,1,2,0,536,8592
oliveira/04_11/randm07.02.02.08.020_0030.05.aba.beta,True,1,1,0.0007836818695068359,0.002293109893798828,0.0010807514190673828,0.004157543182373047,3,1,0,0,0,1,3,3,1,2,0,536,8587
oliveira/04_11/randm07.02.02.09.020_0030.01.aba.beta,True,2,3,0.0026073455810546875,0.009971857070922852,0.0012536048889160156,0.013832807540893555,15,2,0,0,6,3,21,14,4,43,0,545,8635
oliveira/04_11/randm07.02.02.09.020_0030.02.aba.beta,True,2,3,0.0027549266815185547,0.009106636047363281,0.0011668205261230469,0.013028383255004883,14,2,0,0,5,3,14,14,4,33,0,536,8557
oliveira/04_11/randm07.02.02.09.020_0030.03.aba.beta,True,2,3,0.002614736557006836,0.00911855697631836,0.001087188720703125,0.01282048225402832,15,2,0,0,6,3,16,14,4,38,0,546,8623
oliveira/04_11/randm07.02.02.09.020_0030.04.aba.beta,True,2,3,0.0030541419982910156,0.01160430908203125,0.0012383460998535156,0.01589679718017578,15,2,0,0,6,3,23,14,4,45,0,545,8638
oliveira/04_11/randm07.02.02.09.020_0030.05.aba.beta,True,2,3,0.002785921096801758,0.010715723037719727,0.0012400150299072266,0.014741659164428711,17,2,0,0,8,3,22,13,4,51,0,540,8595
oliveira/04_11/randm07.02.02.10.020_0030.01.aba.beta,True,1,1,0.0010907649993896484,0.0017113685607910156,0.0012094974517822266,0.004011631011962891,3,1,0,0,0,1,3,3,1,2,0,537,8599
oliveira/04_11/randm07.02.02.10.020_0030.02.aba.beta,True,1,1,0.0010986328125,0.001729726791381836,0.0011680126190185547,0.003996372222900391,3,1,0,0,0,1,3,3,1,2,0,540,8608
oliveira/04_11/randm07.02.02.10.020_0030.03.aba.beta,True,1,1,0.0007369518280029297,0.002079010009765625,0.0011749267578125,0.003990888595581055,3,1,0,0,0,1,3,3,1,2,0,527,8497
oliveira/04_11/randm07.02.02.10.020_0030.04.aba.beta,True,1,1,0.0011456012725830078,0.0017006397247314453,0.0011625289916992188,0.004008769989013672,3,1,0,0,0,1,3,3,1,2,0,537,8603
oliveira/04_11/randm07.02.02.10.020_0030.05.aba.beta,True,1,1,0.0012388229370117188,0.0017223358154296875,0.0011398792266845703,0.0041010379791259766,3,1,0,0,0,1,3,3,1,2,0,528,8551
oliveira/04_11/randm07.02.02.11.020_0030.01.aba.beta,True,7,5,0.013323545455932617,0.07756471633911133,0.0015702247619628906,0.09245848655700684,40,7,0,0,24,11,80,27,8,193,0,698,10780
oliveira/04_11/randm07.02.02.11.020_0030.02.aba.beta,True,4,5,0.00629425048828125,0.03741598129272461,0.0020334720611572266,0.045743703842163086,29,4,0,0,15,7,45,25,8,121,0,929,14692
oliveira/04_11/randm07.02.02.11.020_0030.03.aba.beta,True,5,5,0.00779414176940918,0.060899972915649414,0.001809835433959961,0.07050395011901855,29,5,0,0,14,8,90,22,8,187,0,830,13171
oliveira/04_11/randm07.02.02.11.020_0030.04.aba.beta,True,6,5,0.012340784072875977,0.07730269432067871,0.0015232563018798828,0.09116673469543457,53,6,0,0,33,13,68,28,11,264,0,686,10523
oliveira/04_11/randm07.02.02.11.020_0030.05.aba.beta,True,5,5,0.013244867324829102,0.050337791442871094,0.0014531612396240234,0.06503582000732422,28,5,0,0,13,9,60,19,8,148,0,656,10034
oliveira/04_11/randm07.02.02.12.020_0030.01.aba.beta,True,2,3,0.002750396728515625,0.009487390518188477,0.0011539459228515625,0.013391733169555664,16,2,0,0,8,3,18,16,4,44,0,541,8597
oliveira/04_11/randm07.02.02.12.020_0030.02.aba.beta,True,2,3,0.002477407455444336,0.006851911544799805,0.0011098384857177734,0.010439157485961914,13,2,0,0,6,2,13,11,3,30,0,538,8593
oliveira/04_11/randm07.02.02.12.020_0030.03.aba.beta,True,2,3,0.0026803016662597656,0.00639796257019043,0.0011715888977050781,0.010249853134155273,13,2,0,0,6,2,13,12,3,30,0,534,8576
oliveira/04_11/randm07.02.02.12.020_0030.04.aba.beta,True,2,3,0.00258636474609375,0.009465456008911133,0.001184701919555664,0.013236522674560547,16,2,0,0,8,3,19,15,4,45,0,534,8569
oliveira/04_11/randm07.02.02.12.020_0030.05.aba.beta,True,2,3,0.002429962158203125,0.010285615921020508,0.0014302730560302734,0.014145851135253906,14,2,0,0,6,3,20,12,4,39,0,544,8631
oliveira/04_11/randm07.02.02.13.020_0030.01.aba.beta,True,5,7,0.021455764770507812,0.15979409217834473,0.0014846324920654297,0.18273448944091797,71,5,0,0,51,20,116,33,22,384,0,668,10298
oliveira/04_11/randm07.02.02.13.020_0030.02.aba.beta,True,14,7,0.07808899879455566,0.5250208377838135,0.002338409423828125,0.6054482460021973,95,14,0,0,65,32,174,36,23,829,0,1047,15904
oliveira/04_11/randm07.02.02.13.020_0030.03.aba.beta,True,11,7,0.06709146499633789,0.4206421375274658,0.0060882568359375,0.4938218593597412,130,11,0,0,105,31,200,45,26,894,0,1266,18983
oliveira/04_11/randm07.02.02.13.020_0030.04.aba.beta,True,11,7,0.15384984016418457,0.9575185775756836,0.0017311573028564453,1.1130995750427246,258,11,0,0,226,46,333,57,40,1940,0,842,12300
oliveira/04_11/randm07.02.02.13.020_0030.05.aba.beta,True,9,7,0.044800758361816406,0.31049489974975586,0.001390218734741211,0.3566858768463135,84,9,0,0,60,25,119,38,21,615,0,670,9640
oliveira/04_11/randm07.02.02.14.020_0030.01.aba.beta,True,2,3,0.0029277801513671875,0.010695934295654297,0.0012040138244628906,0.014827728271484375,14,2,0,0,5,3,27,13,4,46,0,559,8755
oliveira/04_11/randm07.02.02.14.020_0030.02.aba.beta,True,2,3,0.002814769744873047,0.010190486907958984,0.0011548995971679688,0.01416015625,14,2,0,0,5,3,20,14,4,39,0,548,8632
oliveira/04_11/randm07.02.02.14.020_0030.03.aba.beta,True,2,3,0.003053903579711914,0.011409521102905273,0.0012145042419433594,0.015677928924560547,14,2,0,0,5,3,31,13,4,50,0,569,9159
oliveira/04_11/randm07.02.02.14.020_0030.04.aba.beta,True,2,3,0.002813100814819336,0.009225845336914062,0.001216888427734375,0.013255834579467773,13,2,0,0,4,3,16,12,4,33,0,537,8579
oliveira/04_11/randm07.02.02.14.020_0030.05.aba.beta,True,2,3,0.0025010108947753906,0.00919485092163086,0.001268148422241211,0.012964010238647461,12,2,0,0,3,3,12,12,4,26,0,544,8613
oliveira/04_11/randm07.02.02.15.020_0030.01.aba.beta,True,6,7,0.020450830459594727,0.12223386764526367,0.0012958049774169922,0.1439805030822754,102,6,0,0,82,12,140,40,13,636,0,591,8869
oliveira/04_11/randm07.02.02.15.020_0030.02.aba.beta,True,7,7,0.17551064491271973,1.271183729171753,0.0013701915740966797,1.4480645656585693,221,7,0,0,189,67,343,46,66,1605,0,626,9424
oliveira/04_11/randm07.02.02.15.020_0030.03.aba.beta,True,9,7,0.7420539855957031,4.627627611160278,0.0025894641876220703,5.3722710609436035,440,9,0,0,400,135,644,62,130,3522,0,1167,17942
oliveira/04_11/randm07.02.02.15.020_0030.04.aba.beta,True,8,7,0.03939199447631836,0.17811226844787598,0.0015704631805419922,0.21907472610473633,85,8,0,0,65,14,149,38,12,589,0,702,10546
oliveira/04_11/randm07.02.02.15.020_0030.05.aba.beta,True,12,7,0.27237462997436523,1.5050575733184814,0.002092123031616211,1.779524326324463,221,12,0,0,186,66,340,53,58,1590,0,918,13662
oliveira/04_11/randm07.02.02.16.020_0030.01.aba.beta,True,2,4,0.0036678314208984375,0.010950803756713867,0.0011019706726074219,0.015720605850219727,17,2,0,0,8,3,21,16,5,51,0,549,8644
oliveira/04_11/randm07.02.02.16.020_0030.02.aba.beta,True,3,4,0.008706808090209961,0.015454769134521484,0.0011675357818603516,0.025329113006591797,19,3,0,0,9,4,25,17,5,64,0,551,8641
oliveira/04_11/randm07.02.02.16.020_0030.03.aba.beta,True,4,4,0.005989789962768555,0.018375396728515625,0.0014388561248779297,0.02580404281616211,18,4,0,0,7,5,20,13,5,54,0,672,10722
oliveira/04_11/randm07.02.02.16.020_0030.04.aba.beta,True,4,4,0.006432056427001953,0.03360557556152344,0.0012476444244384766,0.04128527641296387,19,4,0,0,7,7,28,17,6,83,0,569,8769
oliveira/04_11/randm07.02.02.16.020_0030.05.aba.beta,True,4,4,0.006902456283569336,0.02315497398376465,0.00115966796875,0.031217098236083984,20,4,0,0,9,5,36,16,5,86,0,572,8861
oliveira/04_11/randm07.02.02.17.020_0030.01.aba.beta,True,10,6,0.03797101974487305,0.24824762344360352,0.001766204833984375,0.28798484802246094,83,10,0,0,57,24,137,40,19,578,0,861,12881
oliveira/04_11/randm07.02.02.17.020_0030.02.aba.beta,True,5,6,0.017684459686279297,0.14919757843017578,0.0013916492462158203,0.1682736873626709,88,5,0,0,71,17,128,44,17,524,0,599,9128
oliveira/04_11/randm07.02.02.17.020_0030.03.aba.beta,True,5,6,0.016562223434448242,0.061855316162109375,0.0014238357543945312,0.07984137535095215,45,5,0,0,26,11,75,32,12,229,0,651,9919
oliveira/04_11/randm07.02.02.17.020_0030.04.aba.beta,True,9,6,0.0333561897277832,0.216461181640625,0.0016031265258789062,0.2514204978942871,84,9,0,0,59,23,122,39,19,553,0,758,11293
oliveira/04_11/randm07.02.02.17.020_0030.05.aba.beta,True,6,6,0.02224564552307129,0.12827658653259277,0.001506805419921875,0.15202903747558594,71,6,0,0,49,18,105,39,17,397,0,620,9290
oliveira/04_11/randm07.02.02.18.020_0030.01.aba.beta,True,16,7,0.1201479434967041,0.8242027759552002,0.002187967300415039,0.9465386867523193,127,16,0,0,77,47,265,49,36,953,0,1027,14842
oliveira/04_11/randm07.02.02.18.020_0030.02.aba.beta,True,7,7,0.061789751052856445,0.4327054023742676,0.0016303062438964844,0.4961254596710205,144,7,0,0,109,34,227,48,33,1060,0,725,11000
oliveira/04_11/randm07.02.02.18.020_0030.03.aba.beta,True,14,7,0.10992884635925293,0.6186273097991943,0.003127574920654297,0.7316837310791016,119,14,0,0,78,39,283,45,31,957,0,1332,20031
oliveira/04_11/randm07.02.02.18.020_0030.04.aba.beta,True,20,7,0.19888877868652344,0.9625930786132812,0.0030477046966552734,1.16452956199646,153,20,0,0,108,48,351,57,34,1248,0,1281,18423
oliveira/04_11/randm07.02.02.18.020_0030.05.aba.beta,True,20,7,0.1476747989654541,1.0050773620605469,0.0035903453826904297,1.1563425064086914,144,20,0,0,91,69,244,59,55,1189,0,1662,24161
oliveira/04_11/randm07.02.02.19.020_0030.01.aba.beta,True,6,5,0.01812601089477539,0.08171892166137695,0.007431983947753906,0.10727691650390625,52,6,0,0,36,12,69,29,10,281,0,612,9355
oliveira/04_11/randm07.02.02.19.020_0030.02.aba.beta,True,7,5,0.0187225341796875,0.1590712070465088,0.0014843940734863281,0.17927813529968262,58,7,0,0,41,18,87,30,14,352,0,673,10299
oliveira/04_11/randm07.02.02.19.020_0030.03.aba.beta,True,4,5,0.01006317138671875,0.1033787727355957,0.0014491081237792969,0.11489105224609375,52,4,0,0,34,16,76,37,15,249,0,635,9853
oliveira/04_11/randm07.02.02.19.020_0030.04.aba.beta,True,8,5,0.020209550857543945,0.18769454956054688,0.001603841781616211,0.20950794219970703,84,8,0,0,62,20,122,36,15,563,0,736,11097
oliveira/04_11/randm07.02.02.19.020_0030.05.aba.beta,True,4,5,0.010014057159423828,0.1129903793334961,0.0015578269958496094,0.12456226348876953,51,4,0,0,33,16,65,33,15,221,0,724,11298
oliveira/04_11/randm08.02.02.01.020_0030.01.aba.beta,True,8,7,0.11098337173461914,0.9112420082092285,0.001703500747680664,1.0239288806915283,180,8,0,0,158,60,231,62,58,1204,0,757,11312
oliveira/04_11/randm08.02.02.01.020_0030.02.aba.beta,True,9,7,0.04973244667053223,0.29002857208251953,0.002156972885131836,0.3419179916381836,76,9,0,0,55,26,131,46,22,465,0,944,14229
oliveira/04_11/randm08.02.02.01.020_0030.03.aba.beta,True,10,7,0.06911659240722656,0.36969518661499023,0.0015876293182373047,0.4403994083404541,106,10,0,0,82,35,123,40,31,668,0,744,11030
oliveira/04_11/randm08.02.02.01.020_0030.04.aba.beta,True,7,7,0.03579068183898926,0.181532621383667,0.0019745826721191406,0.2192978858947754,106,7,0,0,88,16,153,47,15,666,0,907,13800
oliveira/04_11/randm08.02.02.01.020_0030.05.aba.beta,True,4,7,0.015738248825073242,0.1397559642791748,0.0013387203216552734,0.15683293342590332,93,4,0,0,77,15,108,38,17,508,0,614,9554
oliveira/04_11/randm08.02.02.02.020_0030.01.aba.beta,True,5,6,0.011241436004638672,0.03925943374633789,0.0012350082397460938,0.051735877990722656,54,5,0,0,41,7,60,31,8,261,0,569,8728
oliveira/04_11/randm08.02.02.02.020_0030.02.aba.beta,True,9,6,0.052022457122802734,0.24163079261779785,0.0013043880462646484,0.29495763778686523,131,9,0,0,113,23,151,37,19,878,0,619,9235
oliveira/04_11/randm08.02.02.02.020_0030.03.aba.beta,True,7,6,0.035363197326660156,0.15551185607910156,0.0013000965118408203,0.19217514991760254,134,7,0,0,118,14,140,43,13,889,0,605,9044
oliveira/04_11/randm08.02.02.02.020_0030.04.aba.beta,True,5,6,0.025524139404296875,0.06468057632446289,0.0013623237609863281,0.0915670394897461,76,5,0,0,61,10,80,35,11,431,0,592,9140
oliveira/04_11/randm08.02.02.02.020_0030.05.aba.beta,True,6,6,0.014528512954711914,0.08350872993469238,0.0012638568878173828,0.09930109977722168,73,6,0,0,58,8,87,29,8,444,0,617,9326
oliveira/04_11/randm08.02.02.03.020_0030.01.aba.beta,True,6,7,0.03383636474609375,0.29830360412597656,0.0012691020965576172,0.33340907096862793,115,6,0,0,96,22,181,40,21,719,0,582,8821
oliveira/04_11/randm08.02.02.03.020_0030.02.aba.beta,True,6,7,0.044384002685546875,0.44643139839172363,0.0014672279357910156,0.4922826290130615,139,6,0,0,118,29,222,46,28,863,0,662,10062
oliveira/04_11/randm08.02.02.03.020_0030.03.aba.beta,True,8,7,0.09852981567382812,0.7970473766326904,0.0019872188568115234,0.8975644111633301,128,8,0,0,103,53,237,44,50,866,0,932,14214
oliveira/04_11/randm08.02.02.03.020_0030.04.aba.beta,True,8,7,0.04389333724975586,0.2687249183654785,0.0014536380767822266,0.3140718936920166,85,8,0,0,66,30,122,39,29,548,0,658,9814
oliveira/04_11/randm08.02.02.03.020_0030.05.aba.beta,True,8,7,0.03736281394958496,0.25815534591674805,0.0013930797576904297,0.29691123962402344,87,8,0,0,63,29,114,39,27,525,0,634,9289
oliveira/04_11/randm08.02.02.04.020_0030.01.aba.beta,True,6,6,0.04903101921081543,0.4550619125366211,0.0014104843139648438,0.5055034160614014,61,6,0,0,31,48,98,36,46,331,0,670,10277
oliveira/04_11/randm08.02.02.04.020_0030.02.aba.beta,True,8,6,0.018906831741333008,0.07840967178344727,0.001417398452758789,0.09873390197753906,42,8,0,0,23,11,73,21,8,245,0,649,9774
oliveira/04_11/randm08.02.02.04.020_0030.03.aba.beta,True,8,6,0.024440765380859375,0.1972496509552002,0.0018057823181152344,0.2234961986541748,66,8,0,0,42,22,107,40,18,379,0,708,10650
oliveira/04_11/randm08.02.02.04.020_0030.04.aba.beta,True,4,6,0.0212860107421875,0.22237896919250488,0.0013654232025146484,0.24503040313720703,72,4,0,0,50,25,102,45,27,376,0,605,9305
oliveira/04_11/randm08.02.02.04.020_0030.05.aba.beta,True,13,6,0.0456235408782959,0.30793023109436035,0.00173187255859375,0.35528564453125,59,13,0,0,30,29,90,37,20,368,0,812,11704
oliveira/04_11/randm08.02.02.05.020_0030.01.aba.beta,True,3,5,0.016516923904418945,0.050151824951171875,0.0012733936309814453,0.06794214248657227,49,3,0,0,34,9,64,29,11,242,0,560,8722
oliveira/04_11/randm08.02.02.05.020_0030.02.aba.beta,True,3,5,0.00716400146484375,0.03852128982543945,0.0012023448944091797,0.04688763618469238,33,3,0,0,17,9,41,23,11,152,0,560,8713
oliveira/04_11/randm08.02.02.05.020_0030.03.aba.beta,True,4,5,0.010258674621582031,0.08172202110290527,0.001371622085571289,0.0933523178100586,56,4,0,0,36,13,79,31,14,308,0,594,9163
oliveira/04_11/randm08.02.02.05.020_0030.04.aba.beta,True,4,5,0.012330055236816406,0.08878469467163086,0.0015480518341064453,0.10266280174255371,55,4,0,0,34,14,70,30,14,266,0,620,9634
oliveira/04_11/randm08.02.02.05.020_0030.05.aba.beta,True,5,5,0.01045083999633789,0.05581259727478027,0.0012891292572021484,0.06755256652832031,34,5,0,0,16,11,48,20,10,186,0,611,9217
oliveira/04_11/randm08.02.02.06.020_0030.01.aba.beta,True,6,8,0.03673052787780762,0.22118854522705078,0.0014355182647705078,0.2593545913696289,183,6,0,0,170,11,240,61,12,1317,0,648,9953
oliveira/04_11/randm08.02.02.06.020_0030.02.aba.beta,True,9,8,0.09481120109558105,0.47086238861083984,0.0015707015991210938,0.567244291305542,218,9,0,0,197,26,303,55,24,1538,0,717,10575
oliveira/04_11/randm08.02.02.06.020_0030.03.aba.beta,True,8,8,0.06537985801696777,0.3249678611755371,0.0017349720001220703,0.39208269119262695,173,8,0,0,152,21,248,53,20,1179,0,770,11676
oliveira/04_11/randm08.02.02.06.020_0030.04.aba.beta,True,5,8,0.03460216522216797,0.21198129653930664,0.0012159347534179688,0.24779939651489258,148,5,0,0,136,13,193,58,15,931,0,614,9350
oliveira/04_11/randm08.02.02.06.020_0030.05.aba.beta,True,13,8,0.3268301486968994,1.7303402423858643,0.0015654563903808594,2.0587358474731445,235,13,0,0,211,78,308,49,70,1635,0,729,10483
oliveira/04_11/randm08.02.02.07.020_0030.01.aba.beta,True,1,1,0.007961750030517578,0.0018274784088134766,0.0011763572692871094,0.010965585708618164,3,1,0,0,0,1,3,3,1,2,0,536,8587
oliveira/04_11/randm08.02.02.07.020_0030.02.aba.beta,True,1,1,0.0007512569427490234,0.002015829086303711,0.001149892807006836,0.00391697883605957,3,1,0,0,0,1,3,3,1,2,0,524,8514
oliveira/04_11/randm08.02.02.07.020_0030.03.aba.beta,True,1,1,0.0008690357208251953,0.0020499229431152344,0.0011742115020751953,0.004093170166015625,3,1,0,0,0,1,3,3,1,2,0,519,8504
oliveira/04_11/randm08.02.02.07.020_0030.04.aba.beta,True,1,1,0.0007908344268798828,0.0018897056579589844,0.0011899471282958984,0.0038704872131347656,3,1,0,0,0,1,3,3,1,2,0,539,8604
oliveira/04_11/randm08.02.02.07.020_0030.05.aba.beta,True,1,1,0.0009891986846923828,0.0017991065979003906,0.001180410385131836,0.003968715667724609,3,1,0,0,0,1,3,3,1,2,0,530,8566
oliveira/04_11/randm08.02.02.08.020_0030.01.aba.beta,True,13,6,0.17276549339294434,2.155057430267334,0.001844644546508789,2.329667568206787,184,13,0,0,102,126,237,64,117,1324,0,834,11944
oliveira/04_11/randm08.02.02.08.020_0030.02.aba.beta,True,17,6,0.225128173828125,2.8117690086364746,0.0025796890258789062,3.0394768714904785,179,17,0,0,95,138,237,56,123,1267,0,1139,16867
oliveira/04_11/randm08.02.02.08.020_0030.03.aba.beta,True,14,6,0.06763529777526855,0.45813870429992676,0.002461671829223633,0.528235673904419,107,14,0,0,71,43,209,43,33,802,0,1112,16755
oliveira/04_11/randm08.02.02.08.020_0030.04.aba.beta,True,8,6,0.11664748191833496,1.6282613277435303,0.0015418529510498047,1.746450662612915,103,8,0,0,34,106,136,55,100,583,0,711,10478
oliveira/04_11/randm08.02.02.08.020_0030.05.aba.beta,True,7,6,0.19397687911987305,1.4753544330596924,0.0019276142120361328,1.6712589263916016,137,7,0,0,89,105,217,43,101,941,0,839,12755
oliveira/04_11/randm08.02.02.09.020_0030.01.aba.beta,True,6,7,0.03228259086608887,0.15169000625610352,0.001566171646118164,0.18553876876831055,97,6,0,0,76,16,130,45,16,540,0,744,11411
oliveira/04_11/randm08.02.02.09.020_0030.02.aba.beta,True,11,7,0.04471015930175781,0.23840117454528809,0.003416299819946289,0.2865276336669922,87,11,0,0,61,19,187,38,14,604,0,1525,23667
oliveira/04_11/randm08.02.02.09.020_0030.03.aba.beta,True,7,7,0.03363919258117676,0.198897123336792,0.001558065414428711,0.23409438133239746,90,7,0,0,63,23,127,40,23,539,0,733,11189
oliveira/04_11/randm08.02.02.09.020_0030.04.aba.beta,True,15,7,0.0972597599029541,0.6705217361450195,0.0028409957885742188,0.7706224918365479,151,15,0,0,120,42,231,52,33,1123,0,1234,18182
oliveira/04_11/randm08.02.02.09.020_0030.05.aba.beta,True,8,7,0.12243056297302246,0.6349804401397705,0.0016369819641113281,0.7590479850769043,243,8,0,0,218,36,263,45,33,1715,0,744,11344
oliveira/04_11/randm08.02.02.10.020_0030.01.aba.beta,True,13,7,0.07485413551330566,0.4423213005065918,0.002126455307006836,0.5193018913269043,156,13,0,0,128,28,209,47,21,1137,0,1018,14915
oliveira/04_11/randm08.02.02.10.020_0030.02.aba.beta,True,18,7,0.09283900260925293,0.5661454200744629,0.0046541690826416016,0.6636385917663574,106,18,0,0,64,39,215,50,27,807,0,2098,32169
oliveira/04_11/randm08.02.02.10.020_0030.03.aba.beta,True,11,7,0.07430529594421387,0.5873920917510986,0.0023126602172851562,0.6640100479125977,129,11,0,0,86,44,205,53,39,871,0,989,14633
oliveira/04_11/randm08.02.02.10.020_0030.04.aba.beta,True,15,7,0.07630133628845215,0.5921149253845215,0.0042247772216796875,0.6726410388946533,99,15,0,0,51,47,205,49,38,694,0,1927,29308
oliveira/04_11/randm08.02.02.10.020_0030.05.aba.beta,True,11,7,0.05261397361755371,0.36623620986938477,0.0034220218658447266,0.4222722053527832,139,11,0,0,108,31,211,55,26,1048,0,1513,23649
oliveira/04_11/randm08.02.02.11.020_0030.01.aba.beta,True,29,8,3.969485282897949,18.173748254776,0.004492998123168945,22.14772653579712,661,29,0,0,588,346,846,73,322,7088,0,2060,29674
oliveira/04_11/randm08.02.02.11.020_0030.02.aba.beta,True,21,8,0.47754549980163574,1.9524497985839844,0.005837202072143555,2.4358325004577637,360,21,0,0,317,64,466,58,49,3097,0,2539,39204
oliveira/04_11/randm08.02.02.11.020_0030.03.aba.beta,True,19,8,0.23456430435180664,1.271162509918213,0.0032279491424560547,1.5089547634124756,245,19,0,0,205,59,364,55,46,2266,0,1450,21734
oliveira/04_11/randm08.02.02.11.020_0030.04.aba.beta,True,12,8,0.23936009407043457,1.0789165496826172,0.0022673606872558594,1.3205440044403076,229,12,0,0,200,51,290,64,45,1900,0,999,14520
oliveira/04_11/randm08.02.02.11.020_0030.05.aba.beta,True,12,8,0.18037199974060059,1.0400776863098145,0.002217531204223633,1.2226672172546387,206,12,0,0,178,54,286,55,48,1618,0,996,14645
oliveira/04_11/randm08.02.02.12.020_0030.01.aba.beta,True,8,5,0.013862848281860352,0.06523346900939941,0.0017085075378417969,0.08080482482910156,28,8,0,0,10,10,72,19,6,171,0,787,11959
oliveira/04_11/randm08.02.02.12.020_0030.02.aba.beta,True,4,5,0.019054889678955078,0.0580134391784668,0.0013492107391357422,0.07841753959655762,38,4,0,0,22,10,62,24,10,185,0,652,10182
oliveira/04_11/randm08.02.02.12.020_0030.03.aba.beta,True,6,5,0.013944149017333984,0.13683867454528809,0.002329587936401367,0.15311241149902344,50,6,0,0,31,14,135,33,12,294,0,1025,15801
oliveira/04_11/randm08.02.02.12.020_0030.04.aba.beta,True,9,5,0.022246599197387695,0.06986451148986816,0.0020630359649658203,0.09417414665222168,30,9,0,0,13,10,85,20,5,189,0,888,13409
oliveira/04_11/randm08.02.02.12.020_0030.05.aba.beta,True,6,5,0.019091129302978516,0.06380653381347656,0.0024225711822509766,0.08532023429870605,43,6,0,0,26,9,82,28,7,269,0,741,11235
oliveira/04_11/randm08.02.02.13.020_0030.01.aba.beta,True,7,8,0.8740475177764893,4.02259373664856,0.0018687248229980469,4.898509979248047,327,7,0,0,284,104,492,54,102,2601,0,757,11518
oliveira/04_11/randm08.02.02.13.020_0030.02.aba.beta,True,14,8,0.20075440406799316,1.155538558959961,0.0031995773315429688,1.359492540359497,211,14,0,0,172,47,440,63,39,1572,0,1409,21172
oliveira/04_11/randm08.02.02.13.020_0030.03.aba.beta,True,8,8,0.054109811782836914,0.23542499542236328,0.0019826889038085938,0.2915174961090088,143,8,0,0,122,14,254,45,13,990,0,879,13448
oliveira/04_11/randm08.02.02.13.020_0030.04.aba.beta,True,15,8,0.24012494087219238,1.8257293701171875,0.0037522315979003906,2.0696065425872803,256,15,0,0,217,54,509,68,45,2074,0,1559,23527
oliveira/04_11/randm08.02.02.13.020_0030.05.aba.beta,True,11,8,0.6317722797393799,4.109708070755005,0.0024843215942382812,4.743964672088623,269,11,0,0,222,108,444,63,102,2006,0,1049,15910
oliveira/04_11/randm08.02.02.14.020_0030.01.aba.beta,True,13,6,0.037184953689575195,0.32509279251098633,0.0039250850677490234,0.36620283126831055,62,13,0,0,29,28,175,43,20,431,0,1740,26600
oliveira/04_11/randm08.02.02.14.020_0030.02.aba.beta,True,19,6,0.0637826919555664,0.42493438720703125,0.003972768783569336,0.492689847946167,62,19,0,0,26,33,171,44,18,542,0,1703,25668
oliveira/04_11/randm08.02.02.14.020_0030.03.aba.beta,True,11,6,0.034331560134887695,0.19520044326782227,0.002056598663330078,0.23158860206604004,47,11,0,0,22,21,116,37,14,333,0,950,14291
oliveira/04_11/randm08.02.02.14.020_0030.04.aba.beta,True,10,6,0.04006218910217285,0.42389678955078125,0.0018215179443359375,0.46578049659729004,71,10,0,0,32,36,147,40,30,501,0,832,12594
oliveira/04_11/randm08.02.02.14.020_0030.05.aba.beta,True,11,6,0.04785466194152832,0.4181058406829834,0.0019199848175048828,0.4678804874420166,76,11,0,0,44,34,160,40,27,529,0,873,12714
oliveira/04_11/randm08.02.02.15.020_0030.01.aba.beta,True,5,5,0.010683059692382812,0.054535865783691406,0.001489877700805664,0.06670880317687988,33,5,0,0,19,8,75,24,8,176,0,664,10236
oliveira/04_11/randm08.02.02.15.020_0030.02.aba.beta,True,6,5,0.023873329162597656,0.10236167907714844,0.0017979145050048828,0.12803292274475098,44,6,0,0,28,12,86,25,10,262,0,835,12920
oliveira/04_11/randm08.02.02.15.020_0030.03.aba.beta,True,6,5,0.014169931411743164,0.07799744606018066,0.001348733901977539,0.09351611137390137,41,6,0,0,25,11,68,26,9,205,0,603,9075
oliveira/04_11/randm08.02.02.15.020_0030.04.aba.beta,True,5,5,0.013545513153076172,0.0811014175415039,0.0014476776123046875,0.09609460830688477,41,5,0,0,26,10,90,26,9,231,0,672,10472
oliveira/04_11/randm08.02.02.15.020_0030.05.aba.beta,True,12,5,0.032911062240600586,0.16600251197814941,0.0018343925476074219,0.20074796676635742,49,12,0,0,25,19,115,35,11,307,0,901,13387
oliveira/04_11/randm08.02.02.16.020_0030.01.aba.beta,True,7,5,0.017055988311767578,0.15160083770751953,0.0015435218811035156,0.17020034790039062,42,7,0,0,14,21,69,28,18,206,0,690,10374
oliveira/04_11/randm08.02.02.16.020_0030.02.aba.beta,True,11,5,0.02389049530029297,0.18163347244262695,0.0015439987182617188,0.20706796646118164,44,11,0,0,14,26,72,29,19,239,0,730,10765
oliveira/04_11/randm08.02.02.16.020_0030.03.aba.beta,True,5,5,0.011510848999023438,0.10583281517028809,0.0015468597412109375,0.11889052391052246,34,5,0,0,12,17,55,28,16,173,0,685,10547
oliveira/04_11/randm08.02.02.16.020_0030.04.aba.beta,True,7,5,0.021983623504638672,0.12761402130126953,0.0017442703247070312,0.15134191513061523,37,7,0,0,13,19,80,26,16,194,0,805,12290
oliveira/04_11/randm08.02.02.16.020_0030.05.aba.beta,True,6,5,0.016056537628173828,0.12963223457336426,0.0018467903137207031,0.1475355625152588,35,6,0,0,12,18,79,30,16,199,0,832,13022
oliveira/04_11/randm08.02.02.17.020_0030.01.aba.beta,True,8,6,0.03476762771606445,0.13671541213989258,0.0013804435729980469,0.17286348342895508,106,8,0,0,90,17,127,32,14,644,0,629,9393
oliveira/04_11/randm08.02.02.17.020_0030.02.aba.beta,True,9,6,0.028590917587280273,0.16182303428649902,0.002436399459838867,0.19285035133361816,93,9,0,0,77,14,146,41,10,607,0,1068,16520
oliveira/04_11/randm08.02.02.17.020_0030.03.aba.beta,True,7,6,0.022982358932495117,0.11095046997070312,0.0014247894287109375,0.13535761833190918,83,7,0,0,68,12,94,37,10,462,0,641,9713
oliveira/04_11/randm08.02.02.17.020_0030.04.aba.beta,True,4,6,0.021184444427490234,0.13164544105529785,0.0012178421020507812,0.15404772758483887,116,4,0,0,104,13,133,39,14,710,0,553,8648
oliveira/04_11/randm08.02.02.17.020_0030.05.aba.beta,True,8,6,0.03806018829345703,0.22030329704284668,0.00212860107421875,0.26049208641052246,142,8,0,0,126,17,198,37,14,985,0,900,14327
oliveira/04_11/randm08.02.02.18.020_0030.01.aba.beta,True,5,6,0.012146711349487305,0.058489084243774414,0.0013761520385742188,0.07201194763183594,37,5,0,0,23,9,64,24,9,180,0,575,8872
oliveira/04_11/randm08.02.02.18.020_0030.02.aba.beta,True,11,6,0.03842043876647949,0.31555604934692383,0.0032854080200195312,0.35726189613342285,71,11,0,0,47,25,170,35,18,470,0,1435,22340
oliveira/04_11/randm08.02.02.18.020_0030.03.aba.beta,True,7,6,0.013274669647216797,0.06229376792907715,0.001974821090698242,0.07754325866699219,32,7,0,0,16,9,67,26,7,155,0,893,13757
oliveira/04_11/randm08.02.02.18.020_0030.04.aba.beta,True,7,6,0.06559371948242188,0.6765367984771729,0.0020711421966552734,0.74420166015625,147,7,0,0,119,41,275,47,38,1070,0,901,13904
oliveira/04_11/randm08.02.02.18.020_0030.05.aba.beta,True,9,6,0.024365901947021484,0.18266892433166504,0.0018737316131591797,0.2089085578918457,74,9,0,0,53,15,139,41,11,498,0,850,12880
oliveira/04_11/randm08.02.02.19.020_0030.01.aba.beta,True,7,8,0.04703569412231445,0.32663464546203613,0.001316070556640625,0.3749864101409912,167,7,0,0,146,21,208,55,21,1156,0,614,9058
oliveira/04_11/randm08.02.02.19.020_0030.02.aba.beta,True,11,8,0.08701920509338379,0.53096604347229,0.001600503921508789,0.6195857524871826,148,11,0,0,122,37,187,46,32,1018,0,749,11220
oliveira/04_11/randm08.02.02.19.020_0030.03.aba.beta,True,10,8,0.05443906784057617,0.33531928062438965,0.0017333030700683594,0.3914916515350342,171,10,0,0,146,23,205,62,20,1133,0,793,11572
oliveira/04_11/randm08.02.02.19.020_0030.04.aba.beta,True,11,8,0.15026593208312988,0.8655719757080078,0.0016169548034667969,1.0174548625946045,182,11,0,0,154,51,239,49,46,1322,0,727,10668
oliveira/04_11/randm08.02.02.19.020_0030.05.aba.beta,True,10,8,0.06543517112731934,0.29808998107910156,0.0019037723541259766,0.3654289245605469,123,10,0,0,97,28,140,49,25,830,0,856,12669
oliveira/04_11/randm09.02.02.01.020_0030.01.aba.beta,True,21,9,0.5407013893127441,2.6203455924987793,0.006813526153564453,3.167860507965088,245,21,0,0,198,75,397,59,61,2149,0,2745,42785
oliveira/04_11/randm09.02.02.01.020_0030.02.aba.beta,True,3,7,0.013961076736450195,0.07704305648803711,0.0013184547424316406,0.09232258796691895,79,3,0,0,64,9,121,36,12,471,0,552,8674
oliveira/04_11/randm09.02.02.01.020_0030.03.aba.beta,True,20,9,0.7146430015563965,3.3992466926574707,0.003945350646972656,4.11783504486084,254,20,0,0,202,99,406,50,85,1990,0,1875,28015
oliveira/04_11/randm09.02.02.01.020_0030.04.aba.beta,True,12,9,0.2356722354888916,1.377410650253296,0.003178834915161133,1.6162617206573486,244,12,0,0,207,52,482,60,47,1962,0,1313,19833
oliveira/04_11/randm09.02.02.01.020_0030.05.aba.beta,True,7,9,1.2468211650848389,5.2496325969696045,0.002296924591064453,6.498750686645508,622,7,0,0,577,91,1069,65,90,6155,0,1028,15866
oliveira/04_11/randm09.02.02.02.020_0030.01.aba.beta,True,16,8,0.8345608711242676,3.329012870788574,0.003526926040649414,4.167100667953491,418,16,0,0,389,91,528,77,80,3268,0,1560,23206
oliveira/04_11/randm09.02.02.02.020_0030.02.aba.beta,True,5,7,0.016419649124145508,0.05637383460998535,0.0015196800231933594,0.07431316375732422,62,5,0,0,48,6,91,32,8,329,0,675,10484
oliveira/04_11/randm09.02.02.02.020_0030.03.aba.beta,True,14,8,0.049561500549316406,0.28653383255004883,0.002596616744995117,0.33869194984436035,144,14,0,0,116,21,182,56,14,986,0,1198,17680
oliveira/04_11/randm09.02.02.02.020_0030.04.aba.beta,True,20,8,1.8498787879943848,10.513863801956177,0.006159067153930664,12.369901657104492,480,20,0,0,428,222,720,76,207,3925,0,2557,39714
oliveira/04_11/randm09.02.02.02.020_0030.05.aba.beta,True,14,7,0.24189472198486328,1.32623291015625,0.0030608177185058594,1.5711884498596191,229,14,0,0,189,56,374,55,47,1845,0,1421,21274
oliveira/04_11/randm09.02.02.03.020_0030.01.aba.beta,True,19,8,0.3112316131591797,1.7003579139709473,0.0037889480590820312,2.015378475189209,290,19,0,0,251,50,434,56,38,2596,0,1647,24671
oliveira/04_11/randm09.02.02.03.020_0030.02.aba.beta,True,11,8,0.20751333236694336,0.9170417785644531,0.0019779205322265625,1.126533031463623,289,11,0,0,264,37,346,51,32,2513,0,848,12896
oliveira/04_11/randm09.02.02.03.020_0030.03.aba.beta,True,18,8,0.6369843482971191,4.817043781280518,0.0019161701202392578,5.455944299697876,398,18,0,0,352,109,452,67,96,3336,0,857,12020
oliveira/04_11/randm09.02.02.03.020_0030.04.aba.beta,True,6,8,0.03172731399536133,0.13463902473449707,0.0017266273498535156,0.16809296607971191,96,6,0,0,79,14,132,44,16,563,0,737,11335
oliveira/04_11/randm09.02.02.03.020_0030.05.aba.beta,True,9,8,0.041909217834472656,0.19740748405456543,0.0021674633026123047,0.2414841651916504,113,9,0,0,93,17,187,45,16,762,0,982,14875
oliveira/04_11/randm09.02.02.04.020_0030.01.aba.beta,True,12,7,0.09938883781433105,0.6868278980255127,0.0021865367889404297,0.7884032726287842,150,12,0,0,125,43,226,48,36,1119,0,1007,14828
oliveira/04_11/randm09.02.02.04.020_0030.02.aba.beta,True,8,7,0.022089719772338867,0.11332106590270996,0.0018689632415771484,0.13727974891662598,71,8,0,0,52,13,121,37,11,415,0,814,12418
oliveira/04_11/randm09.02.02.04.020_0030.03.aba.beta,True,4,7,0.016344547271728516,0.0992121696472168,0.0014042854309082031,0.11696100234985352,95,4,0,0,80,12,120,39,14,567,0,612,9555
oliveira/04_11/randm09.02.02.04.020_0030.04.aba.beta,True,4,7,0.014060258865356445,0.09144258499145508,0.0017664432525634766,0.107269287109375,89,4,0,0,74,11,106,36,13,506,0,613,9522
oliveira/04_11/randm09.02.02.04.020_0030.05.aba.beta,True,11,7,0.11210370063781738,0.6808547973632812,0.0019338130950927734,0.7948923110961914,202,11,0,0,179,40,235,55,34,1500,0,888,13189
oliveira/04_11/randm09.02.02.05.020_0030.01.aba.beta,True,8,8,0.044162750244140625,0.19832730293273926,0.0018575191497802734,0.24434757232666016,151,8,0,0,131,15,185,51,14,953,0,832,12537
oliveira/04_11/randm09.02.02.05.020_0030.02.aba.beta,True,11,8,0.2511460781097412,1.305879831314087,0.0013451576232910156,1.5583710670471191,331,11,0,0,303,50,346,64,46,2575,0,659,9387
oliveira/04_11/randm09.02.02.05.020_0030.03.aba.beta,True,16,8,0.3831210136413574,1.7469353675842285,0.002220630645751953,2.132277011871338,335,16,0,0,306,62,449,59,53,2517,0,967,13888
oliveira/04_11/randm09.02.02.05.020_0030.04.aba.beta,True,19,8,0.22658562660217285,1.1912736892700195,0.0033142566680908203,1.4211735725402832,241,19,0,0,207,46,315,55,34,2019,0,1472,21753
oliveira/04_11/randm09.02.02.05.020_0030.05.aba.beta,True,11,8,0.13320136070251465,0.8093254566192627,0.0025725364685058594,0.9450993537902832,240,11,0,0,212,35,293,61,31,1715,0,1095,16683
oliveira/04_11/randm09.02.02.06.020_0030.01.aba.beta,True,16,9,0.17365503311157227,1.1229100227355957,0.00302886962890625,1.2995939254760742,195,16,0,0,159,40,266,54,32,1595,0,1159,16980
oliveira/04_11/randm09.02.02.06.020_0030.02.aba.beta,True,17,9,0.9315991401672363,4.658673048019409,0.002010822296142578,5.592283010482788,338,17,0,0,306,113,467,60,103,2910,0,916,12765
oliveira/04_11/randm09.02.02.06.020_0030.03.aba.beta,True,7,9,0.34892964363098145,3.2476282119750977,0.0015385150909423828,3.5980963706970215,612,7,0,0,596,55,771,83,56,5447,0,681,10392
oliveira/04_11/randm09.02.02.06.020_0030.04.aba.beta,True,14,9,2.0768964290618896,8.805083274841309,0.0017600059509277344,10.883739709854126,554,14,0,0,499,155,803,65,148,4756,0,775,10769
oliveira/04_11/randm09.02.02.06.020_0030.05.aba.beta,True,17,9,0.38655662536621094,1.733290195465088,0.002661466598510742,2.1225082874298096,237,17,0,0,204,52,317,64,42,1688,0,1244,18206
oliveira/04_11/randm09.02.02.07.020_0030.01.aba.beta,True,1,1,0.001201629638671875,0.002311229705810547,0.0011603832244873047,0.0046732425689697266,3,1,0,0,0,1,3,3,1,2,0,511,8445
oliveira/04_11/randm09.02.02.07.020_0030.02.aba.beta,True,1,1,0.0011587142944335938,0.0022530555725097656,0.0011839866638183594,0.004595756530761719,3,1,0,0,0,1,3,3,1,2,0,530,8553
oliveira/04_11/randm09.02.02.07.020_0030.03.aba.beta,True,1,1,0.0023491382598876953,0.002360820770263672,0.0012671947479248047,0.005977153778076172,3,1,0,0,0,1,3,3,1,2,0,533,8573
oliveira/04_11/randm09.02.02.07.020_0030.04.aba.beta,True,1,1,0.001004934310913086,0.0024445056915283203,0.0011265277862548828,0.004575967788696289,3,1,0,0,0,1,3,3,1,2,0,527,8550
oliveira/04_11/randm09.02.02.07.020_0030.05.aba.beta,True,1,1,0.012490272521972656,0.002322673797607422,0.0011267662048339844,0.015939712524414062,3,1,0,0,0,1,3,3,1,2,0,536,8586
oliveira/04_11/randm09.02.02.08.020_0030.01.aba.beta,True,9,6,0.033242225646972656,0.0860283374786377,0.0017769336700439453,0.1210474967956543,56,9,0,0,41,10,60,25,6,306,0,825,12618
oliveira/04_11/randm09.02.02.08.020_0030.02.aba.beta,True,5,6,0.02686333656311035,0.0885152816772461,0.00124359130859375,0.1166222095489502,86,5,0,0,68,10,107,40,10,467,0,605,9295
oliveira/04_11/randm09.02.02.08.020_0030.03.aba.beta,True,8,6,0.025666475296020508,0.09814286231994629,0.0016222000122070312,0.12543153762817383,74,8,0,0,56,11,94,42,9,436,0,746,11294
oliveira/04_11/randm09.02.02.08.020_0030.04.aba.beta,True,5,6,0.013719797134399414,0.07863092422485352,0.004067182540893555,0.09641790390014648,79,5,0,0,62,9,87,40,10,404,0,1650,26240
oliveira/04_11/randm09.02.02.08.020_0030.05.aba.beta,True,5,6,0.010361194610595703,0.0639493465423584,0.002689838409423828,0.07700037956237793,74,5,0,0,57,9,88,39,10,375,0,1165,18489
oliveira/04_11/randm09.02.02.09.020_0030.01.aba.beta,True,10,9,0.19387054443359375,0.8717327117919922,0.0028009414672851562,1.068404197692871,239,10,0,0,210,35,328,58,33,1635,0,1055,16295
oliveira/04_11/randm09.02.02.09.020_0030.02.aba.beta,True,8,9,0.15867233276367188,0.8916318416595459,0.0020453929901123047,1.05234956741333,224,8,0,0,203,32,263,58,32,1611,0,970,14739
oliveira/04_11/randm09.02.02.09.020_0030.03.aba.beta,True,10,9,0.0966801643371582,0.43803954124450684,0.0014922618865966797,0.5362119674682617,137,10,0,0,110,17,167,49,16,935,0,722,10660
oliveira/04_11/randm09.02.02.09.020_0030.04.aba.beta,True,10,9,0.04951119422912598,0.3087732791900635,0.0023603439331054688,0.3606448173522949,139,10,0,0,115,17,189,59,15,900,0,1012,15160
oliveira/04_11/randm09.02.02.09.020_0030.05.aba.beta,True,10,9,0.12720441818237305,0.6555087566375732,0.0027358531951904297,0.7854490280151367,179,10,0,0,151,29,243,53,27,1229,0,1006,15197
oliveira/04_11/randm09.02.02.10.020_0030.01.aba.beta,True,13,6,0.04892897605895996,0.42325496673583984,0.004263162612915039,0.47644710540771484,87,13,0,0,61,27,121,42,19,631,0,1205,18251
oliveira/04_11/randm09.02.02.10.020_0030.02.aba.beta,True,8,6,0.04337739944458008,0.3435072898864746,0.0028755664825439453,0.38976025581359863,84,8,0,0,63,22,132,33,19,581,0,675,10186
oliveira/04_11/randm09.02.02.10.020_0030.03.aba.beta,True,8,6,0.06038236618041992,0.22451019287109375,0.002972841262817383,0.28786540031433105,107,8,0,0,87,18,122,41,15,714,0,747,11156
oliveira/04_11/randm09.02.02.10.020_0030.04.aba.beta,True,4,6,0.019808530807495117,0.1591641902923584,0.0012776851654052734,0.1802504062652588,159,4,0,0,144,14,182,43,15,1150,0,564,8743
oliveira/04_11/randm09.02.02.10.020_0030.05.aba.beta,True,5,6,0.024168729782104492,0.1658627986907959,0.0013756752014160156,0.1914072036743164,91,5,0,0,73,20,110,38,20,528,0,585,8864
oliveira/04_11/randm09.02.02.11.020_0030.01.aba.beta,True,10,8,0.07467198371887207,0.4811282157897949,0.0017366409301757812,0.5575368404388428,170,10,0,0,142,25,234,49,21,1204,0,785,11571
oliveira/04_11/randm09.02.02.11.020_0030.02.aba.beta,True,8,8,0.04127359390258789,0.3260343074798584,0.0014781951904296875,0.368786096572876,130,8,0,0,109,18,151,46,17,784,0,677,10224
oliveira/04_11/randm09.02.02.11.020_0030.03.aba.beta,True,9,8,0.05970907211303711,0.6254367828369141,0.0019373893737792969,0.6870832443237305,185,9,0,0,157,28,261,56,26,1244,0,711,10572
oliveira/04_11/randm09.02.02.11.020_0030.04.aba.beta,True,14,8,0.08668708801269531,0.4180314540863037,0.0017123222351074219,0.5064308643341064,100,14,0,0,71,27,120,44,20,716,0,781,11015
oliveira/04_11/randm09.02.02.11.020_0030.05.aba.beta,True,17,8,0.3215034008026123,1.5635714530944824,0.0025191307067871094,1.8875939846038818,287,17,0,0,249,63,353,59,52,2312,0,888,12690
oliveira/04_11/randm09.02.02.12.020_0030.01.aba.beta,True,5,8,0.10284852981567383,0.20053458213806152,0.001232147216796875,0.3046152591705322,141,5,0,0,125,17,161,44,18,874,0,568,8726
oliveira/04_11/randm09.02.02.12.020_0030.02.aba.beta,True,12,8,0.27319955825805664,1.5526056289672852,0.0017840862274169922,1.8275892734527588,244,12,0,0,221,61,356,59,55,1960,0,793,11440
oliveira/04_11/randm09.02.02.12.020_0030.03.aba.beta,True,11,8,0.6425604820251465,4.2407920360565186,0.0018229484558105469,4.885175466537476,449,11,0,0,422,110,534,67,104,3560,0,815,11746
oliveira/04_11/randm09.02.02.12.020_0030.04.aba.beta,True,9,8,0.07223200798034668,0.7858920097351074,0.0019450187683105469,0.8600690364837646,172,9,0,0,156,34,230,58,31,1217,0,828,12512
oliveira/04_11/randm09.02.02.12.020_0030.05.aba.beta,True,7,8,0.09293031692504883,0.429490327835083,0.0016744136810302734,0.5240950584411621,156,7,0,0,139,20,196,48,19,1044,0,792,11896
oliveira/04_11/randm09.02.02.13.020_0030.01.aba.beta,True,10,8,0.05514407157897949,0.5358655452728271,0.0024590492248535156,0.5934686660766602,130,10,0,0,103,26,197,45,23,901,0,1058,16199
oliveira/04_11/randm09.02.02.13.020_0030.02.aba.beta,True,10,8,0.12676072120666504,1.1734654903411865,0.003482818603515625,1.3037090301513672,215,10,0,0,188,41,297,61,38,1655,0,1295,19833
oliveira/04_11/randm09.02.02.13.020_0030.03.aba.beta,True,22,8,2.0033042430877686,13.729268312454224,0.0036916732788085938,15.7362642288208,842,22,0,0,791,190,1067,88,172,7567,0,1633,24025
oliveira/04_11/randm09.02.02.13.020_0030.04.aba.beta,True,16,8,0.16713619232177734,0.9630157947540283,0.002936840057373047,1.1330888271331787,227,16,0,0,189,45,319,61,36,1725,0,1227,18218
oliveira/04_11/randm09.02.02.13.020_0030.05.aba.beta,True,17,8,0.7553493976593018,4.287786960601807,0.0032193660736083984,5.046355724334717,684,17,0,0,646,91,767,84,80,6293,0,1401,20602
oliveira/04_11/randm09.02.02.14.020_0030.01.aba.beta,True,10,6,0.06720995903015137,0.3808279037475586,0.0018777847290039062,0.44991564750671387,92,10,0,0,59,34,159,37,29,604,0,848,12595
oliveira/04_11/randm09.02.02.14.020_0030.02.aba.beta,True,4,6,0.046724557876586914,0.31921839714050293,0.0013616085052490234,0.36730456352233887,51,4,0,0,26,25,90,31,25,278,0,604,9243
oliveira/04_11/randm09.02.02.14.020_0030.03.aba.beta,True,9,6,0.053658485412597656,0.32088255882263184,0.001695394515991211,0.3762364387512207,57,9,0,0,25,28,100,35,23,331,0,779,11581
oliveira/04_11/randm09.02.02.14.020_0030.04.aba.beta,True,7,6,0.0454401969909668,0.38677287101745605,0.0019421577453613281,0.4341552257537842,82,7,0,0,46,35,150,39,32,519,0,823,12583
oliveira/04_11/randm09.02.02.14.020_0030.05.aba.beta,True,12,6,0.05549216270446777,0.31006479263305664,0.0019443035125732422,0.36750125885009766,69,12,0,0,39,30,122,33,23,474,0,880,12873
oliveira/04_11/randm09.02.02.15.020_0030.01.aba.beta,True,8,8,0.05496716499328613,0.24354052543640137,0.0018038749694824219,0.3003115653991699,129,8,0,0,108,17,169,50,16,872,0,832,12477
oliveira/04_11/randm09.02.02.15.020_0030.02.aba.beta,True,8,8,0.0493474006652832,0.23364686965942383,0.0014417171478271484,0.2844359874725342,117,8,0,0,96,20,146,49,19,718,0,672,9905
oliveira/04_11/randm09.02.02.15.020_0030.03.aba.beta,True,7,8,0.0413362979888916,0.2551426887512207,0.001316070556640625,0.29779505729675293,144,7,0,0,127,18,184,51,18,898,0,598,9185
oliveira/04_11/randm09.02.02.15.020_0030.04.aba.beta,True,6,8,0.029165983200073242,0.14547061920166016,0.0012905597686767578,0.17592716217041016,124,6,0,0,110,12,155,52,13,722,0,579,8845
oliveira/04_11/randm09.02.02.15.020_0030.05.aba.beta,True,11,8,0.04057788848876953,0.20315194129943848,0.002428770065307617,0.24615859985351562,77,11,0,0,55,18,121,38,14,464,0,1082,17096
oliveira/04_11/randm09.02.02.16.020_0030.01.aba.beta,True,3,6,0.01462697982788086,0.045892953872680664,0.001262664794921875,0.0617825984954834,40,3,0,0,23,9,50,28,11,168,0,546,8642
oliveira/04_11/randm09.02.02.16.020_0030.02.aba.beta,True,6,6,0.018143415451049805,0.1539478302001953,0.0022950172424316406,0.17438626289367676,71,6,0,0,48,18,109,37,17,392,0,1010,15666
oliveira/04_11/randm09.02.02.16.020_0030.03.aba.beta,True,5,6,0.01046609878540039,0.06196451187133789,0.002109050750732422,0.0745396614074707,56,5,0,0,37,11,77,27,11,274,0,748,11720
oliveira/04_11/randm09.02.02.16.020_0030.04.aba.beta,True,3,6,0.010498523712158203,0.07114386558532715,0.001316070556640625,0.08295845985412598,61,3,0,0,44,10,78,31,12,319,0,562,8785
oliveira/04_11/randm09.02.02.16.020_0030.05.aba.beta,True,3,6,0.008915424346923828,0.07921910285949707,0.0012929439544677734,0.08942747116088867,63,3,0,0,47,10,91,35,13,338,0,568,8929
oliveira/04_11/randm09.02.02.17.020_0030.01.aba.beta,True,10,9,0.32869982719421387,2.2473983764648438,0.002403736114501953,2.5785019397735596,334,10,0,0,304,84,474,75,81,2591,0,1018,15850
oliveira/04_11/randm09.02.02.17.020_0030.02.aba.beta,True,7,9,0.03284883499145508,0.24547481536865234,0.0016863346099853516,0.2800099849700928,112,7,0,0,94,17,170,53,18,688,0,752,11390
oliveira/04_11/randm09.02.02.17.020_0030.03.aba.beta,True,7,9,0.04717683792114258,0.3018672466278076,0.0015277862548828125,0.350571870803833,234,7,0,0,215,19,290,62,20,1592,0,715,10847
oliveira/04_11/randm09.02.02.17.020_0030.04.aba.beta,True,12,9,0.2153322696685791,0.9162561893463135,0.0016677379608154297,1.133256196975708,257,12,0,0,225,47,308,64,43,1945,0,762,11020
oliveira/04_11/randm09.02.02.17.020_0030.05.aba.beta,True,20,9,0.3527214527130127,1.8959980010986328,0.0049321651458740234,2.2536516189575195,360,20,0,0,320,72,434,85,60,2739,0,2145,32607
oliveira/04_11/randm09.02.02.18.020_0030.01.aba.beta,True,12,7,0.14800405502319336,0.9505987167358398,0.002113819122314453,1.1007165908813477,241,12,0,0,210,49,295,59,42,2010,0,864,12784
oliveira/04_11/randm09.02.02.18.020_0030.02.aba.beta,True,12,7,0.09999966621398926,0.42777156829833984,0.0019526481628417969,0.5297238826751709,209,12,0,0,187,27,223,40,20,1762,0,785,11548
oliveira/04_11/randm09.02.02.18.020_0030.03.aba.beta,True,15,7,0.06956362724304199,0.48574042320251465,0.0028123855590820312,0.5581164360046387,138,15,0,0,108,34,213,49,25,1161,0,1287,19232
oliveira/04_11/randm09.02.02.18.020_0030.04.aba.beta,True,12,7,0.08996343612670898,0.5164704322814941,0.0027053356170654297,0.6091392040252686,176,12,0,0,153,34,263,55,27,1319,0,1242,18485
oliveira/04_11/randm09.02.02.18.020_0030.05.aba.beta,True,8,7,0.033448219299316406,0.23152422904968262,0.0018999576568603516,0.2668724060058594,101,8,0,0,79,20,142,40,18,763,0,882,13595
oliveira/04_11/randm09.02.02.19.020_0030.01.aba.beta,True,13,8,0.15063762664794922,1.1934645175933838,0.002094745635986328,1.3461968898773193,249,13,0,0,207,61,296,59,55,1908,0,913,13423
oliveira/04_11/randm09.02.02.19.020_0030.02.aba.beta,True,11,8,0.32095813751220703,2.231497287750244,0.0036292076110839844,2.556084632873535,311,11,0,0,270,87,445,55,83,2513,0,1528,23571
oliveira/04_11/randm09.02.02.19.020_0030.03.aba.beta,True,8,8,0.13810396194458008,1.0833749771118164,0.0016913414001464844,1.223170280456543,252,8,0,0,215,50,356,58,50,1988,0,779,11657
oliveira/04_11/randm09.02.02.19.020_0030.04.aba.beta,True,14,8,0.23333334922790527,1.7765047550201416,0.0027093887329101562,2.012547492980957,324,14,0,0,280,71,425,51,62,2668,0,895,13053
oliveira/04_11/randm09.02.02.19.020_0030.05.aba.beta,True,21,8,0.2171335220336914,1.3760998249053955,0.005784273147583008,1.59901762008667,195,21,0,0,152,58,377,54,43,1700,0,2470,37653
oliveira/04_11/randm10.02.02.01.020_0030.01.aba.beta,True,5,6,0.011620283126831055,0.03628277778625488,0.0017461776733398438,0.04964923858642578,59,5,0,0,49,5,70,32,6,292,0,730,11296
oliveira/04_11/randm10.02.02.01.020_0030.02.aba.beta,True,5,6,0.013257980346679688,0.04891824722290039,0.001508951187133789,0.06368517875671387,61,5,0,0,48,6,80,28,7,318,0,676,10526
oliveira/04_11/randm10.02.02.01.020_0030.03.aba.beta,True,5,6,0.013755083084106445,0.08458948135375977,0.0011942386627197266,0.09953880310058594,76,5,0,0,59,10,85,34,11,399,0,568,8715
oliveira/04_11/randm10.02.02.01.020_0030.04.aba.beta,True,3,6,0.01314854621887207,0.029616355895996094,0.0012257099151611328,0.0439906120300293,39,3,0,0,28,4,51,27,7,176,0,559,8720
oliveira/04_11/randm10.02.02.01.020_0030.05.aba.beta,True,4,6,0.009906530380249023,0.035933494567871094,0.0019605159759521484,0.047800540924072266,67,4,0,0,56,5,80,32,7,326,0,890,14180
oliveira/04_11/randm10.02.02.02.020_0030.01.aba.beta,True,12,9,0.09767389297485352,0.629734992980957,0.003002166748046875,0.7304110527038574,202,12,0,0,174,31,283,64,26,1440,0,1341,20047
oliveira/04_11/randm10.02.02.02.020_0030.02.aba.beta,True,15,9,0.26236653327941895,1.6694908142089844,0.0029709339141845703,1.934828281402588,267,15,0,0,227,69,468,67,61,2083,0,1287,19196
oliveira/04_11/randm10.02.02.02.020_0030.03.aba.beta,True,13,9,0.16762614250183105,1.1530179977416992,0.0022897720336914062,1.3229339122772217,323,13,0,0,296,40,420,58,34,2602,0,1012,15194
oliveira/04_11/randm10.02.02.02.020_0030.04.aba.beta,True,19,9,1.3032255172729492,5.353611707687378,0.0031867027282714844,6.660023927688599,576,19,0,0,538,118,760,76,105,5628,0,1424,21287
oliveira/04_11/randm10.02.02.02.020_0030.05.aba.beta,True,15,9,0.302523136138916,1.8215482234954834,0.002182483673095703,2.126253843307495,331,15,0,0,294,67,438,63,59,2553,0,978,14072
oliveira/04_11/randm10.02.02.03.020_0030.01.aba.beta,True,12,8,0.06792354583740234,0.3848438262939453,0.0025708675384521484,0.4553382396697998,125,12,0,0,97,30,184,48,25,796,0,1169,17485
oliveira/04_11/randm10.02.02.03.020_0030.02.aba.beta,True,8,8,0.08572053909301758,0.5360918045043945,0.0021271705627441406,0.6239395141601562,141,8,0,0,116,41,196,53,40,924,0,961,14414
oliveira/04_11/randm10.02.02.03.020_0030.03.aba.beta,True,17,8,0.17830371856689453,1.0858116149902344,0.002752542495727539,1.2668678760528564,169,17,0,0,135,54,256,50,43,1360,0,1239,18488
oliveira/04_11/randm10.02.02.03.020_0030.04.aba.beta,True,8,8,0.27619004249572754,1.538661003112793,0.0016393661499023438,1.8164904117584229,403,8,0,0,378,56,502,73,54,3148,0,722,10723
oliveira/04_11/randm10.02.02.03.020_0030.05.aba.beta,True,13,8,0.1926283836364746,0.9738836288452148,0.002903461456298828,1.1694154739379883,269,13,0,0,236,47,336,56,41,2168,0,1224,18359
oliveira/04_11/randm10.02.02.04.020_0030.01.aba.beta,True,2,5,0.0047075748443603516,0.022019624710083008,0.001237630844116211,0.02796483039855957,31,2,0,0,20,5,36,27,8,115,0,548,8643
oliveira/04_11/randm10.02.02.04.020_0030.02.aba.beta,True,4,5,0.01227879524230957,0.09698367118835449,0.0013072490692138672,0.11056971549987793,75,4,0,0,61,12,85,40,12,382,0,579,8849
oliveira/04_11/randm10.02.02.04.020_0030.03.aba.beta,True,7,5,0.030198335647583008,0.10524415969848633,0.001325845718383789,0.13676834106445312,48,7,0,0,31,15,67,22,12,238,0,580,8971
oliveira/04_11/randm10.02.02.04.020_0030.04.aba.beta,True,4,5,0.02225947380065918,0.021941184997558594,0.0012476444244384766,0.04544830322265625,30,4,0,0,18,4,34,18,5,135,0,554,8629
oliveira/04_11/randm10.02.02.04.020_0030.05.aba.beta,True,3,5,0.005334138870239258,0.03146982192993164,0.001252889633178711,0.03805685043334961,32,3,0,0,20,7,37,30,9,122,0,565,8735
oliveira/04_11/randm10.02.02.05.020_0030.01.aba.beta,True,11,8,0.13234734535217285,1.0181028842926025,0.0023622512817382812,1.1528124809265137,295,11,0,0,266,48,332,63,44,2085,0,1023,15840
oliveira/04_11/randm10.02.02.05.020_0030.02.aba.beta,True,7,7,0.05427050590515137,0.5136032104492188,0.0026171207427978516,0.570490837097168,202,7,0,0,177,34,260,50,32,1395,0,1208,18681
oliveira/04_11/randm10.02.02.05.020_0030.03.aba.beta,True,7,8,0.08251333236694336,0.8166978359222412,0.0022301673889160156,0.9014413356781006,282,7,0,0,258,41,353,67,41,1981,0,957,14705
oliveira/04_11/randm10.02.02.05.020_0030.04.aba.beta,True,4,8,0.014348030090332031,0.12233257293701172,0.0015499591827392578,0.138230562210083,73,4,0,0,51,17,108,48,21,389,0,637,9771
oliveira/04_11/randm10.02.02.05.020_0030.05.aba.beta,True,16,8,0.9133365154266357,7.06587028503418,0.00567317008972168,7.984879970550537,458,16,0,0,409,174,669,78,163,3606,0,2372,36645
oliveira/04_11/randm10.02.02.06.020_0030.01.aba.beta,True,12,9,0.06618452072143555,0.22006893157958984,0.002114534378051758,0.28836798667907715,138,12,0,0,114,13,176,45,10,1036,0,907,13359
oliveira/04_11/randm10.02.02.06.020_0030.02.aba.beta,True,17,9,0.49713897705078125,2.9838595390319824,0.003492593765258789,3.4844911098480225,462,17,0,0,423,79,584,73,69,3894,0,1503,22576
oliveira/04_11/randm10.02.02.06.020_0030.03.aba.beta,True,21,9,0.3573589324951172,1.7883110046386719,0.0030481815338134766,2.1487181186676025,301,21,0,0,259,64,357,71,50,2377,0,1379,19879
oliveira/04_11/randm10.02.02.06.020_0030.04.aba.beta,True,12,9,0.09923958778381348,0.5740230083465576,0.0019807815551757812,0.6752433776855469,221,12,0,0,192,31,267,63,27,1801,0,842,12571
oliveira/04_11/randm10.02.02.06.020_0030.05.aba.beta,True,19,9,0.9911282062530518,5.201583623886108,0.0029821395874023438,6.1956939697265625,550,19,0,0,509,120,616,88,107,4613,0,1314,19534
oliveira/04_11/randm10.02.02.07.020_0030.01.aba.beta,True,14,9,0.12496256828308105,0.8257923126220703,0.0032684803009033203,0.9540233612060547,220,14,0,0,192,40,304,66,34,1665,0,1454,22192
oliveira/04_11/randm10.02.02.07.020_0030.02.aba.beta,True,18,9,0.46685051918029785,1.6565046310424805,0.0022203922271728516,2.125575542449951,375,18,0,0,346,50,502,57,39,3107,0,990,14318
oliveira/04_11/randm10.02.02.07.020_0030.03.aba.beta,True,9,9,0.11284136772155762,0.8596208095550537,0.0017867088317871094,0.9742488861083984,261,9,0,0,234,45,329,63,44,1884,0,781,11714
oliveira/04_11/randm10.02.02.07.020_0030.04.aba.beta,True,16,9,0.6096053123474121,3.7057526111602783,0.003026247024536133,4.318384170532227,619,16,0,0,583,94,726,78,85,5443,0,1309,19029
oliveira/04_11/randm10.02.02.07.020_0030.05.aba.beta,True,15,9,0.26961612701416016,1.5090858936309814,0.0021965503692626953,1.7808985710144043,365,15,0,0,339,52,489,65,44,3015,0,984,14304
oliveira/04_11/randm10.02.02.08.020_0030.01.aba.beta,True,10,9,0.04302024841308594,0.18315386772155762,0.001432657241821289,0.22760677337646484,80,10,0,0,60,17,104,47,15,450,0,661,9642
oliveira/04_11/randm10.02.02.08.020_0030.02.aba.beta,True,11,9,0.07434511184692383,0.32912731170654297,0.0015227794647216797,0.4049952030181885,145,11,0,0,123,21,177,50,18,929,0,708,10364
oliveira/04_11/randm10.02.02.08.020_0030.03.aba.beta,True,12,9,0.3726158142089844,1.5669937133789062,0.0015001296997070312,1.9411096572875977,305,12,0,0,277,60,351,63,55,2286,0,677,9568
oliveira/04_11/randm10.02.02.08.020_0030.04.aba.beta,True,5,9,0.2020246982574463,1.2388465404510498,0.001245260238647461,1.4421164989471436,425,5,0,0,393,53,454,59,56,3248,0,564,8698
oliveira/04_11/randm10.02.02.08.020_0030.05.aba.beta,True,5,9,0.05260801315307617,0.36153531074523926,0.0016448497772216797,0.4157881736755371,207,5,0,0,190,21,270,58,24,1347,0,633,9738
oliveira/04_11/randm10.02.02.09.020_0030.01.aba.beta,True,9,7,0.0433502197265625,0.2598862648010254,0.0015790462493896484,0.30481553077697754,117,9,0,0,98,21,140,41,18,746,0,663,9857
oliveira/04_11/randm10.02.02.09.020_0030.02.aba.beta,True,6,7,0.03319215774536133,0.14949560165405273,0.0013027191162109375,0.183990478515625,123,6,0,0,109,12,157,46,12,749,0,592,8975
oliveira/04_11/randm10.02.02.09.020_0030.03.aba.beta,True,9,7,0.03658008575439453,0.170379638671875,0.0015125274658203125,0.20847225189208984,124,9,0,0,107,15,161,53,12,795,0,690,10327
oliveira/04_11/randm10.02.02.09.020_0030.04.aba.beta,True,9,7,0.13665986061096191,1.2753326892852783,0.0013628005981445312,1.4133553504943848,368,9,0,0,347,49,495,68,45,2992,0,669,10105
oliveira/04_11/randm10.02.02.09.020_0030.05.aba.beta,True,10,7,0.08283782005310059,0.5258548259735107,0.0015480518341064453,0.6102406978607178,190,10,0,0,169,31,247,54,26,1339,0,722,10575
oliveira/04_11/randm10.02.02.10.020_0030.01.aba.beta,True,7,7,0.02962517738342285,0.13530635833740234,0.0013911724090576172,0.1663227081298828,114,7,0,0,99,12,152,47,11,736,0,623,9317
oliveira/04_11/randm10.02.02.10.020_0030.02.aba.beta,True,8,7,0.039324045181274414,0.17224359512329102,0.0017445087432861328,0.21331214904785156,115,8,0,0,100,13,159,49,11,743,0,769,11570
oliveira/04_11/randm10.02.02.10.020_0030.03.aba.beta,True,4,7,0.012522459030151367,0.06621813774108887,0.001245737075805664,0.0799863338470459,90,4,0,0,79,9,108,46,12,535,0,574,8830
oliveira/04_11/randm10.02.02.10.020_0030.04.aba.beta,True,8,7,0.04264426231384277,0.26610398292541504,0.001577615737915039,0.31032586097717285,121,8,0,0,103,24,149,41,22,712,0,716,10766
oliveira/04_11/randm10.02.02.10.020_0030.05.aba.beta,True,5,7,0.0175473690032959,0.13882756233215332,0.001329660415649414,0.15770459175109863,85,5,0,0,70,13,104,38,14,511,0,607,9331
oliveira/04_11/randm10.02.02.11.020_0030.01.aba.beta,True,3,7,0.02669668197631836,0.14625954627990723,0.001294851303100586,0.17425107955932617,117,3,0,0,102,15,124,55,19,660,0,552,8646
oliveira/04_11/randm10.02.02.11.020_0030.02.aba.beta,True,11,7,0.03601646423339844,0.2508227825164795,0.0015072822570800781,0.288346529006958,173,11,0,0,156,19,196,61,15,1193,0,700,10194
oliveira/04_11/randm10.02.02.11.020_0030.03.aba.beta,True,13,7,0.049507856369018555,0.2046043872833252,0.0019021034240722656,0.256014347076416,107,13,0,0,85,18,136,36,12,715,0,904,13283
oliveira/04_11/randm10.02.02.11.020_0030.04.aba.beta,True,8,7,0.05311942100524902,0.2211911678314209,0.001371622085571289,0.2756822109222412,178,8,0,0,160,16,222,51,14,1232,0,640,9503
oliveira/04_11/randm10.02.02.11.020_0030.05.aba.beta,True,3,7,0.015472412109375,0.12366652488708496,0.0012922286987304688,0.14043116569519043,156,3,0,0,143,13,159,57,17,945,0,556,8671
oliveira/04_11/randm10.02.02.12.020_0030.01.aba.beta,True,8,8,0.09033608436584473,0.7733020782470703,0.00153350830078125,0.8651716709136963,254,8,0,0,232,42,298,57,42,1836,0,689,10206
oliveira/04_11/randm10.02.02.12.020_0030.02.aba.beta,True,18,8,1.143671989440918,6.561069011688232,0.003245830535888672,7.707986831665039,369,18,0,0,333,203,426,58,190,3211,0,1389,20914
oliveira/04_11/randm10.02.02.12.020_0030.03.aba.beta,True,10,8,0.05603814125061035,0.24825692176818848,0.0019762516021728516,0.3062713146209717,128,10,0,0,109,20,150,45,17,933,0,703,10418
oliveira/04_11/randm10.02.02.12.020_0030.04.aba.beta,True,15,8,0.15081119537353516,0.7841873168945312,0.001598358154296875,0.9365968704223633,183,15,0,0,153,46,215,53,37,1397,0,760,10638
oliveira/04_11/randm10.02.02.12.020_0030.05.aba.beta,True,17,8,0.2970287799835205,1.320159673690796,0.0031838417053222656,1.6203722953796387,256,17,0,0,228,56,328,62,45,2161,0,1447,21414
oliveira/04_11/randm10.02.02.13.020_0030.01.aba.beta,True,4,6,0.010236263275146484,0.05979299545288086,0.0013232231140136719,0.07135248184204102,42,4,0,0,25,9,68,31,11,206,0,586,9105
oliveira/04_11/randm10.02.02.13.020_0030.02.aba.beta,True,5,6,0.020482778549194336,0.1636674404144287,0.0019307136535644531,0.1860809326171875,60,5,0,0,41,16,112,37,16,321,0,837,13139
oliveira/04_11/randm10.02.02.13.020_0030.03.aba.beta,True,6,6,0.017367839813232422,0.15867090225219727,0.0017056465148925781,0.17774438858032227,64,6,0,0,44,17,105,37,16,365,0,743,11381
oliveira/04_11/randm10.02.02.13.020_0030.04.aba.beta,True,8,6,0.019981861114501953,0.13291001319885254,0.0020897388458251953,0.1549816131591797,60,8,0,0,40,13,124,39,10,387,0,920,14211
oliveira/04_11/randm10.02.02.13.020_0030.05.aba.beta,True,7,6,0.023076295852661133,0.1466522216796875,0.0022890567779541016,0.17201757431030273,79,7,0,0,58,15,132,36,13,441,0,1029,15776
oliveira/04_11/randm10.02.02.14.020_0030.01.aba.beta,True,12,9,4.349473476409912,20.939780950546265,0.0021333694458007812,25.291387796401978,923,12,0,0,875,289,1187,83,283,8888,0,930,13525
oliveira/04_11/randm10.02.02.14.020_0030.02.aba.beta,True,11,9,0.5023148059844971,2.681778907775879,0.0016880035400390625,3.185781717300415,474,11,0,0,439,77,634,65,74,4146,0,751,11133
oliveira/04_11/randm10.02.02.14.020_0030.03.aba.beta,True,12,9,2.134107828140259,13.88278603553772,0.0032923221588134766,16.020186185836792,635,12,0,0,587,228,927,74,222,5821,0,1411,21740
oliveira/04_11/randm10.02.02.14.020_0030.04.aba.beta,True,21,9,19.328492879867554,88.91819477081299,0.0040776729583740234,108.25076532363892,1129,21,0,0,1071,811,1593,88,795,11079,0,1865,28077
oliveira/04_11/randm10.02.02.14.020_0030.05.aba.beta,True,15,9,8.425441265106201,36.13483238220215,0.002034902572631836,44.56230854988098,969,15,0,0,918,458,1365,81,449,9446,0,915,13327
oliveira/04_11/randm10.02.02.15.020_0030.01.aba.beta,True,13,8,0.08117461204528809,0.498427152633667,0.002167940139770508,0.5817697048187256,184,13,0,0,162,35,222,60,29,1316,0,938,13899
oliveira/04_11/randm10.02.02.15.020_0030.02.aba.beta,True,12,8,0.08440828323364258,0.49492669105529785,0.0014405250549316406,0.5807754993438721,211,12,0,0,191,29,237,49,24,1553,0,680,9799
oliveira/04_11/randm10.02.02.15.020_0030.03.aba.beta,True,12,8,0.06306099891662598,0.3943209648132324,0.0023887157440185547,0.45977067947387695,181,12,0,0,158,25,229,52,20,1349,0,1066,15889
oliveira/04_11/randm10.02.02.15.020_0030.04.aba.beta,True,14,8,0.09545516967773438,0.49193382263183594,0.0019750595092773438,0.5893640518188477,202,14,0,0,175,31,241,53,24,1460,0,879,12505
oliveira/04_11/randm10.02.02.15.020_0030.05.aba.beta,True,12,8,0.12874436378479004,0.5530579090118408,0.001772165298461914,0.6835744380950928,220,12,0,0,202,31,244,52,25,1592,0,818,11806
oliveira/04_11/randm10.02.02.16.020_0030.01.aba.beta,True,26,8,2.809706449508667,20.517463445663452,0.004764080047607422,23.331933975219727,901,26,0,0,825,354,1070,81,334,8579,0,2003,29592
oliveira/04_11/randm10.02.02.16.020_0030.02.aba.beta,True,17,8,0.21414542198181152,1.2592887878417969,0.0029327869415283203,1.4763669967651367,277,17,0,0,234,73,377,59,63,2206,0,1276,18824
oliveira/04_11/randm10.02.02.16.020_0030.03.aba.beta,True,11,8,0.2573668956756592,1.143014669418335,0.001708984375,1.4020905494689941,261,11,0,0,222,50,342,58,45,1991,0,716,10328
oliveira/04_11/randm10.02.02.16.020_0030.04.aba.beta,True,16,8,1.7967298030853271,11.970708131790161,0.0023043155670166016,13.769742250442505,527,16,0,0,477,261,602,72,250,5017,0,1025,14559
oliveira/04_11/randm10.02.02.16.020_0030.05.aba.beta,True,12,8,0.26604342460632324,2.012585401535034,0.0028107166290283203,2.2814395427703857,409,12,0,0,364,82,546,68,77,3304,0,1209,18289
oliveira/04_11/randm10.02.02.17.020_0030.01.aba.beta,True,5,7,0.06837940216064453,0.7262778282165527,0.0013761520385742188,0.7960333824157715,236,5,0,0,219,40,290,66,41,1748,0,628,9616
oliveira/04_11/randm10.02.02.17.020_0030.02.aba.beta,True,13,7,0.08084321022033691,0.5039496421813965,0.0022957324981689453,0.5870885848999023,165,13,0,0,141,34,232,49,27,1125,0,1007,15054
oliveira/04_11/randm10.02.02.17.020_0030.03.aba.beta,True,4,7,0.018819093704223633,0.1802961826324463,0.0014138221740722656,0.2005290985107422,98,4,0,0,85,15,158,40,17,662,0,638,9952
oliveira/04_11/randm10.02.02.17.020_0030.04.aba.beta,True,8,7,0.05120730400085449,0.25704383850097656,0.0020880699157714844,0.31033921241760254,99,8,0,0,80,23,144,40,21,601,0,935,14195
oliveira/04_11/randm10.02.02.17.020_0030.05.aba.beta,True,10,7,0.03808736801147461,0.18659210205078125,0.00177001953125,0.22644948959350586,89,10,0,0,67,17,133,37,13,621,0,809,12017
oliveira/04_11/randm10.02.02.18.020_0030.01.aba.beta,True,1,1,0.0010013580322265625,0.002134084701538086,0.0011043548583984375,0.004239797592163086,3,1,0,0,0,1,3,3,1,2,0,539,8607
oliveira/04_11/randm10.02.02.18.020_0030.02.aba.beta,True,1,1,0.0007965564727783203,0.0019481182098388672,0.001188516616821289,0.0039331912994384766,3,1,0,0,0,1,3,3,1,2,0,537,8599
oliveira/04_11/randm10.02.02.18.020_0030.03.aba.beta,True,1,1,0.009363889694213867,0.0018436908721923828,0.001194000244140625,0.012401580810546875,3,1,0,0,0,1,3,3,1,2,0,537,8596
oliveira/04_11/randm10.02.02.18.020_0030.04.aba.beta,True,1,1,0.0012633800506591797,0.0020647048950195312,0.0011668205261230469,0.004494905471801758,3,1,0,0,0,1,3,3,1,2,0,536,8587
oliveira/04_11/randm10.02.02.18.020_0030.05.aba.beta,True,1,1,0.0007753372192382812,0.0019497871398925781,0.0011310577392578125,0.003856182098388672,3,1,0,0,0,1,3,3,1,2,0,537,8596
oliveira/04_11/randm10.02.02.19.020_0030.01.aba.beta,True,11,10,0.07000017166137695,0.26355481147766113,0.001644134521484375,0.33519911766052246,164,11,0,0,144,16,208,56,14,1206,0,766,11187
oliveira/04_11/randm10.02.02.19.020_0030.02.aba.beta,True,9,10,0.4787123203277588,2.131340980529785,0.0017085075378417969,2.6117618083953857,332,9,0,0,311,84,394,58,83,2548,0,752,11240
oliveira/04_11/randm10.02.02.19.020_0030.03.aba.beta,True,17,10,0.1590573787689209,0.8208591938018799,0.003549814224243164,0.983466386795044,230,17,0,0,198,38,289,69,31,1678,0,1463,21527
oliveira/04_11/randm10.02.02.19.020_0030.04.aba.beta,True,11,10,0.1500096321105957,0.6771650314331055,0.0030884742736816406,0.8302631378173828,250,11,0,0,231,28,347,61,25,1938,0,1337,20389
oliveira/04_11/randm10.02.02.19.020_0030.05.aba.beta,True,20,10,0.24936532974243164,1.423039436340332,0.0037119388580322266,1.676116704940796,221,20,0,0,182,59,304,67,48,1656,0,1481,21795
oliveira/04_11/randm11.02.02.01.020_0030.01.aba.beta,True,14,10,0.13632631301879883,0.5819430351257324,0.0019478797912597656,0.720217227935791,274,14,0,0,249,28,301,66,22,2145,0,890,12760
oliveira/04_11/randm11.02.02.01.020_0030.02.aba.beta,True,14,10,0.8188962936401367,5.320994138717651,0.0028460025787353516,6.142736434936523,603,14,0,0,580,106,663,81,100,5340,0,1222,18087
oliveira/04_11/randm11.02.02.01.020_0030.03.aba.beta,True,31,10,21.025625228881836,109.53478074073792,0.005033016204833984,130.56543898582458,2008,31,0,0,1954,674,2117,98,649,20183,0,3049,46019
oliveira/04_11/randm11.02.02.01.020_0030.04.aba.beta,True,19,10,0.4547421932220459,2.087963819503784,0.0029914379119873047,2.5456974506378174,447,19,0,0,415,56,514,70,45,3820,0,1333,19649
oliveira/04_11/randm11.02.02.01.020_0030.05.aba.beta,True,10,10,0.4347529411315918,3.0643186569213867,0.0024175643920898438,3.5014891624450684,493,10,0,0,473,79,536,73,77,4090,0,1013,15121
oliveira/04_11/randm11.02.02.02.020_0030.01.aba.beta,True,6,9,0.032485246658325195,0.10020732879638672,0.0013654232025146484,0.13405799865722656,96,6,0,0,80,9,118,46,11,578,0,625,9507
oliveira/04_11/randm11.02.02.02.020_0030.02.aba.beta,True,14,10,0.6648406982421875,3.5975522994995117,0.00612950325012207,4.268522500991821,482,14,0,0,448,100,601,74,95,3919,0,2526,39684
oliveira/04_11/randm11.02.02.02.020_0030.03.aba.beta,True,14,10,0.15719127655029297,0.5664424896240234,0.001865386962890625,0.725499153137207,253,14,0,0,225,25,306,59,20,1845,0,868,12448
oliveira/04_11/randm11.02.02.02.020_0030.04.aba.beta,True,13,10,0.5380063056945801,2.964470624923706,0.0031919479370117188,3.505668878555298,610,13,0,0,586,69,719,75,64,5280,0,1390,20909
oliveira/04_11/randm11.02.02.02.020_0030.05.aba.beta,True,12,10,0.2403106689453125,1.188784122467041,0.0022211074829101562,1.4313158988952637,356,12,0,0,330,46,389,64,42,2655,0,937,13693
oliveira/04_11/randm11.02.02.03.020_0030.01.aba.beta,True,13,10,5.901647090911865,22.69804286956787,0.0021245479583740234,28.60181450843811,1150,13,0,0,1121,268,1383,98,262,11244,0,958,13780
oliveira/04_11/randm11.02.02.03.020_0030.02.aba.beta,True,10,10,11.676123857498169,52.955169677734375,0.002020120620727539,64.63331365585327,1694,10,0,0,1644,468,1865,86,465,17467,0,891,13351
oliveira/04_11/randm11.02.02.03.020_0030.03.aba.beta,True,10,10,4.853994369506836,25.716784477233887,0.00214385986328125,30.572922706604004,1161,10,0,0,1118,234,1710,92,231,12002,0,931,13966
oliveira/04_11/randm11.02.02.03.020_0030.04.aba.beta,True,20,10,39.942320346832275,129.04171752929688,0.0015838146209716797,168.98562169075012,2178,20,0,0,2121,1000,2545,101,987,23329,0,949,13066
oliveira/04_11/randm11.02.02.03.020_0030.05.aba.beta,True,8,10,7.827572584152222,30.33866024017334,0.002315044403076172,38.16854786872864,1454,8,0,0,1435,273,1692,92,272,14710,0,1034,15811
oliveira/04_11/randm11.02.02.04.020_0030.01.aba.beta,True,10,9,0.07593131065368652,0.30434083938598633,0.001708984375,0.38198113441467285,132,10,0,0,110,23,192,49,21,901,0,774,11416
oliveira/04_11/randm11.02.02.04.020_0030.02.aba.beta,True,11,9,1.7888948917388916,7.101687431335449,0.0018112659454345703,8.892393589019775,611,11,0,0,583,142,745,72,137,5094,0,810,11779
oliveira/04_11/randm11.02.02.04.020_0030.03.aba.beta,True,4,9,0.04354691505432129,0.20940780639648438,0.0013670921325683594,0.254321813583374,182,4,0,0,169,14,225,50,19,1206,0,576,8888
oliveira/04_11/randm11.02.02.04.020_0030.04.aba.beta,True,17,9,0.1569042205810547,0.6938045024871826,0.002532482147216797,0.8532412052154541,253,17,0,0,226,29,312,61,20,2147,0,1074,15303
oliveira/04_11/randm11.02.02.04.020_0030.05.aba.beta,True,7,9,0.10497355461120605,0.35970473289489746,0.0013892650604248047,0.4660675525665283,211,7,0,0,192,20,249,56,21,1436,0,640,9604
oliveira/04_11/randm11.02.02.05.020_0030.01.aba.beta,True,12,8,0.06240344047546387,0.3172111511230469,0.0019457340240478516,0.3815603256225586,165,12,0,0,141,21,231,49,16,1227,0,862,12770
oliveira/04_11/randm11.02.02.05.020_0030.02.aba.beta,True,9,8,0.10032296180725098,0.5104625225067139,0.0016541481018066406,0.6124396324157715,160,9,0,0,131,31,224,49,28,1111,0,759,11429
oliveira/04_11/randm11.02.02.05.020_0030.03.aba.beta,True,17,8,0.17062640190124512,0.6698565483093262,0.0020949840545654297,0.8425779342651367,203,17,0,0,169,38,258,49,27,1641,0,957,13491
oliveira/04_11/randm11.02.02.05.020_0030.04.aba.beta,True,10,8,0.0564725399017334,0.2603416442871094,0.0016639232635498047,0.3184781074523926,154,10,0,0,134,17,223,52,14,1065,0,725,10843
oliveira/04_11/randm11.02.02.05.020_0030.05.aba.beta,True,15,8,0.07541942596435547,0.3767116069793701,0.0018420219421386719,0.45397305488586426,169,15,0,0,142,25,219,53,17,1140,0,853,12228
oliveira/04_11/randm11.02.02.06.020_0030.01.aba.beta,True,8,8,0.07574820518493652,0.7204380035400391,0.001901388168334961,0.7980875968933105,183,8,0,0,162,38,256,57,37,1228,0,802,12202
oliveira/04_11/randm11.02.02.06.020_0030.02.aba.beta,True,12,8,0.11700940132141113,0.6816036701202393,0.0040323734283447266,0.8026454448699951,181,12,0,0,157,41,218,55,35,1182,0,1741,27981
oliveira/04_11/randm11.02.02.06.020_0030.03.aba.beta,True,10,8,0.06847333908081055,0.28673505783081055,0.0016422271728515625,0.35685062408447266,146,10,0,0,123,24,151,41,21,970,0,723,10638
oliveira/04_11/randm11.02.02.06.020_0030.04.aba.beta,True,17,8,0.1572575569152832,0.8691070079803467,0.0026702880859375,1.0290348529815674,167,17,0,0,140,49,212,49,38,1212,0,1230,17968
oliveira/04_11/randm11.02.02.06.020_0030.05.aba.beta,True,11,8,0.09788942337036133,0.580730676651001,0.0021409988403320312,0.6807610988616943,173,11,0,0,152,35,215,52,30,1190,0,918,13585
oliveira/04_11/randm11.02.02.07.020_0030.01.aba.beta,True,6,9,0.3467686176300049,2.2025325298309326,0.002867460250854492,2.552168607711792,496,6,0,0,473,59,609,73,60,4085,0,1223,18922
oliveira/04_11/randm11.02.02.07.020_0030.02.aba.beta,True,14,9,0.3709523677825928,2.5541088581085205,0.002962827682495117,2.9280240535736084,454,14,0,0,417,71,610,78,64,3734,0,1249,18520
oliveira/04_11/randm11.02.02.07.020_0030.03.aba.beta,True,13,9,0.26108431816101074,2.0152266025543213,0.004084348678588867,2.280395269393921,445,13,0,0,414,60,586,73,55,3548,0,1645,25229
oliveira/04_11/randm11.02.02.07.020_0030.04.aba.beta,True,14,9,0.3496668338775635,1.9650018215179443,0.0021805763244628906,2.3168492317199707,406,14,0,0,373,67,512,62,59,3081,0,968,14574
oliveira/04_11/randm11.02.02.07.020_0030.05.aba.beta,True,11,9,0.1660916805267334,1.6868503093719482,0.001972198486328125,1.8549141883850098,372,11,0,0,345,59,447,78,55,2745,0,923,13574
oliveira/04_11/randm11.02.02.08.020_0030.01.aba.beta,True,6,6,0.043587684631347656,0.3336670398712158,0.0013713836669921875,0.37862610816955566,135,6,0,0,117,27,146,47,27,878,0,594,9008
oliveira/04_11/randm11.02.02.08.020_0030.02.aba.beta,True,7,6,0.020899057388305664,0.10600423812866211,0.0013217926025390625,0.12822508811950684,85,7,0,0,69,12,98,37,11,507,0,610,9135
oliveira/04_11/randm11.02.02.08.020_0030.03.aba.beta,True,5,6,0.01989889144897461,0.11311817169189453,0.0013310909271240234,0.13434815406799316,108,5,0,0,93,12,122,48,13,619,0,575,8766
oliveira/04_11/randm11.02.02.08.020_0030.04.aba.beta,True,7,6,0.017123699188232422,0.08236479759216309,0.0013394355773925781,0.10082793235778809,77,7,0,0,62,9,100,38,8,448,0,608,9122
oliveira/04_11/randm11.02.02.08.020_0030.05.aba.beta,True,5,6,0.02799248695373535,0.2226085662841797,0.0013439655303955078,0.25194501876831055,123,5,0,0,108,21,150,35,21,741,0,571,8768
oliveira/04_11/randm11.02.02.09.020_0030.01.aba.beta,True,7,6,0.02325296401977539,0.17589640617370605,0.0015926361083984375,0.20074200630187988,71,7,0,0,46,22,103,36,19,436,0,704,10801
oliveira/04_11/randm11.02.02.09.020_0030.02.aba.beta,True,7,6,0.06632518768310547,0.07468056678771973,0.0015490055084228516,0.14255475997924805,37,7,0,0,18,12,74,24,10,224,0,699,10548
oliveira/04_11/randm11.02.02.09.020_0030.03.aba.beta,True,8,6,0.035806894302368164,0.2027571201324463,0.0022878646850585938,0.24085187911987305,73,8,0,0,48,22,126,38,19,406,0,973,14711
oliveira/04_11/randm11.02.02.09.020_0030.04.aba.beta,True,9,6,0.02825307846069336,0.12966156005859375,0.001800537109375,0.1597151756286621,61,9,0,0,39,16,99,30,12,370,0,869,13107
oliveira/04_11/randm11.02.02.09.020_0030.05.aba.beta,True,8,6,0.021347522735595703,0.11240124702453613,0.0014681816101074219,0.13521695137023926,59,8,0,0,38,15,87,32,12,326,0,687,10204
oliveira/04_11/randm11.02.02.10.020_0030.01.aba.beta,True,31,9,46.72288179397583,266.02269196510315,0.008051156997680664,312.75362491607666,2871,31,0,0,2789,1576,3386,116,1549,30187,0,4362,67194
oliveira/04_11/randm11.02.02.10.020_0030.02.aba.beta,True,19,9,2.6879653930664062,15.274550676345825,0.00421452522277832,17.96673059463501,858,19,0,0,816,230,1060,93,217,8620,0,1857,27790
oliveira/04_11/randm11.02.02.10.020_0030.03.aba.beta,True,21,9,17.739341497421265,100.70064043998718,0.002774477005004883,118.44275641441345,2082,21,0,0,2033,699,2323,105,684,21732,0,1430,21110
oliveira/04_11/randm11.02.02.10.020_0030.04.aba.beta,True,24,9,6.8409600257873535,33.85473322868347,0.003987550735473633,40.6996808052063,1158,24,0,0,1109,350,1496,89,331,11614,0,1739,25632
oliveira/04_11/randm11.02.02.10.020_0030.05.aba.beta,True,9,8,0.33053112030029297,1.8369829654693604,0.0022475719451904297,2.1697616577148438,534,9,0,0,509,60,633,78,57,4832,0,915,13878
oliveira/04_11/randm11.02.02.11.020_0030.01.aba.beta,True,22,11,0.12785887718200684,0.538933277130127,0.010961294174194336,0.6777534484863281,164,22,0,0,129,31,202,54,19,1089,0,4689,73995
oliveira/04_11/randm11.02.02.11.020_0030.02.aba.beta,True,11,10,0.06169295310974121,0.21077728271484375,0.0015125274658203125,0.2739827632904053,140,11,0,0,119,15,157,50,13,898,0,713,10268
oliveira/04_11/randm11.02.02.11.020_0030.03.aba.beta,True,9,11,0.0932919979095459,0.45324158668518066,0.0037353038787841797,0.5502688884735107,188,9,0,0,167,23,213,56,24,1234,0,1585,24885
oliveira/04_11/randm11.02.02.11.020_0030.04.aba.beta,True,15,11,0.17369294166564941,0.7019548416137695,0.004873037338256836,0.8805208206176758,448,15,0,0,420,31,544,85,26,3503,0,2129,32856
oliveira/04_11/randm11.02.02.11.020_0030.05.aba.beta,True,16,11,0.22285747528076172,0.8619627952575684,0.007778644561767578,1.0925989151000977,347,16,0,0,321,31,397,69,25,2717,0,3347,52654
oliveira/04_11/randm11.02.02.12.020_0030.01.aba.beta,True,7,6,0.06474804878234863,0.26114511489868164,0.0019605159759521484,0.3278536796569824,120,7,0,0,102,20,185,46,17,761,0,906,13990
oliveira/04_11/randm11.02.02.12.020_0030.02.aba.beta,True,4,6,0.00834965705871582,0.030441999435424805,0.0013227462768554688,0.040114402770996094,41,4,0,0,28,5,63,29,7,203,0,591,9364
oliveira/04_11/randm11.02.02.12.020_0030.03.aba.beta,True,7,6,0.03658914566040039,0.1753237247467041,0.0014257431030273438,0.21333861351013184,95,7,0,0,76,18,130,33,16,609,0,649,9888
oliveira/04_11/randm11.02.02.12.020_0030.04.aba.beta,True,4,6,0.01328134536743164,0.07039809226989746,0.001280069351196289,0.08495950698852539,70,4,0,0,53,10,82,42,11,364,0,567,8765
oliveira/04_11/randm11.02.02.12.020_0030.05.aba.beta,True,9,6,0.0571901798248291,0.4624311923980713,0.00234222412109375,0.5219635963439941,166,9,0,0,148,22,309,49,17,1400,0,1031,15943
oliveira/04_11/randm11.02.02.13.020_0030.01.aba.beta,True,16,9,0.5017402172088623,2.7684764862060547,0.0024025440216064453,3.2726192474365234,408,16,0,0,366,77,608,68,68,3332,0,1064,15271
oliveira/04_11/randm11.02.02.13.020_0030.02.aba.beta,True,11,9,0.07140755653381348,0.37267422676086426,0.0019779205322265625,0.4460597038269043,171,11,0,0,141,26,222,50,23,1196,0,910,13376
oliveira/04_11/randm11.02.02.13.020_0030.03.aba.beta,True,8,9,0.18870162963867188,1.0937004089355469,0.0013616085052490234,1.2837636470794678,257,8,0,0,229,42,334,59,41,1844,0,615,8973
oliveira/04_11/randm11.02.02.13.020_0030.04.aba.beta,True,12,9,0.42728614807128906,3.0582962036132812,0.0028340816497802734,3.4884164333343506,599,12,0,0,560,68,850,81,63,5170,0,1282,19418
oliveira/04_11/randm11.02.02.13.020_0030.05.aba.beta,True,11,9,0.0749058723449707,0.39166951179504395,0.0023505687713623047,0.46892595291137695,200,11,0,0,173,20,309,58,18,1500,0,999,14830
oliveira/04_11/randm11.02.02.14.020_0030.01.aba.beta,True,16,9,20.941459894180298,97.71092057228088,0.0028235912322998047,118.65520405769348,1543,16,0,0,1496,693,2397,90,682,16178,0,1285,19021
oliveira/04_11/randm11.02.02.14.020_0030.02.aba.beta,True,19,9,0.36006641387939453,1.9952118396759033,0.0046689510345458984,2.3599472045898438,265,19,0,0,231,56,459,65,44,2226,0,1994,29872
oliveira/04_11/randm11.02.02.14.020_0030.03.aba.beta,True,11,9,0.4066123962402344,2.268059015274048,0.003216266632080078,2.6778876781463623,251,11,0,0,223,69,439,59,65,1949,0,1090,16784
oliveira/04_11/randm11.02.02.14.020_0030.04.aba.beta,True,17,9,0.3733367919921875,2.785281181335449,0.003434419631958008,3.1620523929595947,362,17,0,0,331,68,533,83,58,2846,0,1362,20032
oliveira/04_11/randm11.02.02.14.020_0030.05.aba.beta,True,20,9,20.92009973526001,94.53430032730103,0.0019156932830810547,115.45631575584412,1344,20,0,0,1295,671,2235,89,656,13774,0,1260,18795
oliveira/04_11/randm11.02.02.15.020_0030.01.aba.beta,True,17,10,0.20353269577026367,0.7734525203704834,0.002165079116821289,0.9791502952575684,265,17,0,0,233,34,325,56,26,2196,0,986,14038
oliveira/04_11/randm11.02.02.15.020_0030.02.aba.beta,True,15,10,0.31318211555480957,0.9372687339782715,0.0018603801727294922,1.2523112297058105,360,15,0,0,331,34,394,54,27,3450,0,849,12013
oliveira/04_11/randm11.02.02.15.020_0030.03.aba.beta,True,10,10,0.08266854286193848,0.5529577732086182,0.0016951560974121094,0.6373214721679688,280,10,0,0,255,23,319,68,22,2050,0,791,11669
oliveira/04_11/randm11.02.02.15.020_0030.04.aba.beta,True,6,10,0.2946183681488037,2.012564182281494,0.0013511180877685547,2.3085336685180664,447,6,0,0,426,64,479,78,66,3354,0,605,9198
oliveira/04_11/randm11.02.02.15.020_0030.05.aba.beta,True,8,10,0.19074606895446777,1.0017125606536865,0.001840829849243164,1.1942994594573975,256,8,0,0,234,38,315,62,39,1796,0,787,12067
oliveira/04_11/randm11.02.02.16.020_0030.01.aba.beta,True,5,9,0.027205228805541992,0.1993560791015625,0.0013077259063720703,0.22786903381347656,180,5,0,0,164,13,203,64,16,1195,0,630,9575
oliveira/04_11/randm11.02.02.16.020_0030.02.aba.beta,True,19,9,0.25412464141845703,1.3783745765686035,0.003654956817626953,1.6361541748046875,384,19,0,0,354,48,461,66,37,3118,0,1573,23791
oliveira/04_11/randm11.02.02.16.020_0030.03.aba.beta,True,20,9,0.742243766784668,4.635664463043213,0.004534006118774414,5.382442235946655,731,20,0,0,703,108,856,94,95,6265,0,2077,31201
oliveira/04_11/randm11.02.02.16.020_0030.04.aba.beta,True,17,9,0.3975834846496582,1.3785653114318848,0.0021207332611083984,1.7782695293426514,284,17,0,0,253,54,319,52,44,2312,0,990,14045
oliveira/04_11/randm11.02.02.16.020_0030.05.aba.beta,True,21,9,0.1224522590637207,0.774808406829834,0.0036439895629882812,0.900904655456543,177,21,0,0,144,29,228,55,16,1412,0,1567,23000
oliveira/04_11/randm11.02.02.17.020_0030.01.aba.beta,True,21,11,3.2533059120178223,11.68390417098999,0.002735614776611328,14.939945697784424,1123,21,0,0,1069,165,1283,87,153,12056,0,1226,17394
oliveira/04_11/randm11.02.02.17.020_0030.02.aba.beta,True,17,11,0.2618987560272217,1.122908115386963,0.0031669139862060547,1.3879737854003906,284,17,0,0,246,42,377,64,35,2395,0,1376,20684
oliveira/04_11/randm11.02.02.17.020_0030.03.aba.beta,True,27,11,0.9974358081817627,4.135470390319824,0.003854990005493164,5.13676118850708,491,27,0,0,437,78,691,82,60,4373,0,1669,23926
oliveira/04_11/randm11.02.02.17.020_0030.04.aba.beta,True,13,11,3.5048201084136963,14.125405073165894,0.0018184185028076172,17.632043600082397,1077,13,0,0,1035,166,1247,80,161,9943,0,815,11768
oliveira/04_11/randm11.02.02.17.020_0030.05.aba.beta,True,30,11,9.047725200653076,41.30557918548584,0.006223201751708984,50.359527587890625,1290,30,0,0,1241,413,1506,103,391,12730,0,2707,41506
oliveira/04_11/randm11.02.02.18.020_0030.01.aba.beta,True,13,7,0.047765493392944336,0.31421780586242676,0.0026772022247314453,0.36466050148010254,99,13,0,0,72,27,145,43,20,662,0,1126,16619
oliveira/04_11/randm11.02.02.18.020_0030.02.aba.beta,True,13,7,0.09610629081726074,0.74668288230896,0.0030775070190429688,0.8458666801452637,124,13,0,0,90,39,223,47,31,871,0,1379,20702
oliveira/04_11/randm11.02.02.18.020_0030.03.aba.beta,True,10,7,0.07125568389892578,0.4095876216888428,0.0015773773193359375,0.4824206829071045,131,10,0,0,105,30,192,43,26,887,0,734,10614
oliveira/04_11/randm11.02.02.18.020_0030.04.aba.beta,True,7,7,0.017229318618774414,0.050572872161865234,0.0017058849334716797,0.06950807571411133,68,7,0,0,52,7,78,27,7,373,0,756,11657
oliveira/04_11/randm11.02.02.18.020_0030.05.aba.beta,True,13,7,0.05278372764587402,0.20593547821044922,0.0032432079315185547,0.2619624137878418,80,13,0,0,55,17,98,40,11,478,0,1063,15971
oliveira/04_11/randm11.02.02.19.020_0030.01.aba.beta,True,36,11,13.577481269836426,105.52961993217468,0.003759622573852539,119.11086082458496,1041,36,0,0,977,718,1254,76,690,10628,0,1908,27083
oliveira/04_11/randm11.02.02.19.020_0030.02.aba.beta,True,22,11,33.08092284202576,128.8408601284027,0.002993345260620117,161.9247763156891,2066,22,0,0,2023,1338,2211,108,1325,21395,0,1652,24316
oliveira/04_11/randm11.02.02.19.020_0030.03.aba.beta,True,15,11,4.897400617599487,20.457629919052124,0.002664804458618164,25.35769534111023,819,15,0,0,785,329,900,86,322,7552,0,1170,17172
oliveira/04_11/randm11.02.02.19.020_0030.04.aba.beta,True,21,11,11.73725175857544,39.79507780075073,0.003070831298828125,51.535400390625,1150,21,0,0,1106,407,1611,94,394,12135,0,1343,20094
oliveira/04_11/randm11.02.02.19.020_0030.05.aba.beta,True,19,11,5.314384937286377,22.782753467559814,0.0035092830657958984,28.100647687911987,973,19,0,0,908,448,1077,79,438,9389,0,1714,25956
