file name,succeeded,learning_rounds,automaton_size,learning_time,smt_time,eq_oracle_time,total_time,queries_learning,validity_query,rule1,rule2,rule3,rule4,nodes,informative_nodes,analyzed_bases,sul_steps,cache_saved,queries_eq_oracle,steps_eq_oracle
oliveira/04_12/randm04.02.02.01.020_0030.01.aba.beta,True,2,3,0.003062009811401367,0.04400467872619629,0.0011632442474365234,0.04822993278503418,13,2,0,0,6,2,13,11,1,32,0,536,8587
oliveira/04_12/randm04.02.02.01.020_0030.02.aba.beta,True,2,4,0.002838134765625,0.03984498977661133,0.0011749267578125,0.04385805130004883,15,2,0,0,8,2,15,15,1,39,0,538,8590
oliveira/04_12/randm04.02.02.01.020_0030.03.aba.beta,True,3,4,0.004378557205200195,0.058257102966308594,0.0012569427490234375,0.06389260292053223,22,3,0,0,13,4,22,18,2,73,0,540,8592
oliveira/04_12/randm04.02.02.01.020_0030.04.aba.beta,True,3,4,0.005815744400024414,0.05608654022216797,0.0014727115631103516,0.06337499618530273,24,3,0,0,15,4,26,16,2,84,0,549,8634
oliveira/04_12/randm04.02.02.01.020_0030.05.aba.beta,True,2,4,0.0027472972869873047,0.03501629829406738,0.0013229846954345703,0.03908658027648926,15,2,0,0,8,2,15,15,1,39,0,544,8612
oliveira/04_12/randm04.02.02.02.020_0030.01.aba.beta,True,1,1,0.0008411407470703125,0.03341078758239746,0.0013437271118164062,0.03559565544128418,3,1,0,0,0,1,3,3,1,2,0,543,8623
oliveira/04_12/randm04.02.02.02.020_0030.02.aba.beta,True,1,1,0.0008375644683837891,0.032332658767700195,0.0012860298156738281,0.03445625305175781,3,1,0,0,0,1,3,3,1,2,0,537,8598
oliveira/04_12/randm04.02.02.02.020_0030.03.aba.beta,True,1,1,0.0008053779602050781,0.03126716613769531,0.0012278556823730469,0.03330039978027344,3,1,0,0,0,1,3,3,1,2,0,527,8532
oliveira/04_12/randm04.02.02.02.020_0030.04.aba.beta,True,1,1,0.0010645389556884766,0.03078460693359375,0.0012547969818115234,0.03310394287109375,3,1,0,0,0,1,3,3,1,2,0,536,8589
oliveira/04_12/randm04.02.02.02.020_0030.05.aba.beta,True,1,1,0.0008442401885986328,0.03183555603027344,0.0012233257293701172,0.03390312194824219,3,1,0,0,0,1,3,3,1,2,0,536,8583
oliveira/04_12/randm04.02.02.03.020_0030.01.aba.beta,True,2,3,0.0033860206604003906,0.042504072189331055,0.0013074874877929688,0.047197580337524414,12,2,0,0,2,4,14,12,3,28,0,536,8563
oliveira/04_12/randm04.02.02.03.020_0030.02.aba.beta,True,2,3,0.0025177001953125,0.04461503028869629,0.0011363029479980469,0.048269033432006836,12,2,0,0,2,4,22,10,3,36,0,545,8658
oliveira/04_12/randm04.02.02.03.020_0030.03.aba.beta,True,2,3,0.002635478973388672,0.03339719772338867,0.001207590103149414,0.03724026679992676,10,2,0,0,3,2,10,10,1,21,0,540,8598
oliveira/04_12/randm04.02.02.03.020_0030.04.aba.beta,True,2,3,0.002359151840209961,0.03411245346069336,0.001230478286743164,0.037702083587646484,10,2,0,0,3,2,10,10,1,21,0,543,8612
oliveira/04_12/randm04.02.02.03.020_0030.05.aba.beta,True,2,3,0.0025451183319091797,0.01295924186706543,0.0011844635009765625,0.016688823699951172,13,2,0,0,3,4,17,10,3,34,0,538,8578
oliveira/04_12/randm04.02.02.04.020_0030.01.aba.beta,True,1,1,0.0007581710815429688,0.030214309692382812,0.0012574195861816406,0.03222990036010742,3,1,0,0,0,1,3,3,1,2,0,529,8558
oliveira/04_12/randm04.02.02.04.020_0030.02.aba.beta,True,1,1,0.001817941665649414,0.002783060073852539,0.0019683837890625,0.006569385528564453,3,1,0,0,0,1,3,3,1,2,0,531,8570
oliveira/04_12/randm04.02.02.04.020_0030.03.aba.beta,True,1,1,0.0007815361022949219,0.029827594757080078,0.0013172626495361328,0.03192639350891113,3,1,0,0,0,1,3,3,1,2,0,532,8571
oliveira/04_12/randm04.02.02.04.020_0030.04.aba.beta,True,1,1,0.0010437965393066406,0.002085447311401367,0.0012450218200683594,0.004374265670776367,3,1,0,0,0,1,3,3,1,2,0,535,8587
oliveira/04_12/randm04.02.02.04.020_0030.05.aba.beta,True,1,1,0.0008111000061035156,0.0023496150970458984,0.0011262893676757812,0.004287004470825195,3,1,0,0,0,1,3,3,1,2,0,539,8598
oliveira/04_12/randm04.02.02.05.020_0030.01.aba.beta,True,1,2,0.0010886192321777344,0.0028302669525146484,0.0012557506561279297,0.0051746368408203125,5,1,0,0,0,1,5,5,1,6,0,533,8580
oliveira/04_12/randm04.02.02.05.020_0030.02.aba.beta,True,1,2,0.001857757568359375,0.0032329559326171875,0.0013890266418457031,0.006479740142822266,5,1,0,0,0,1,5,5,1,6,0,529,8561
oliveira/04_12/randm04.02.02.05.020_0030.03.aba.beta,True,1,2,0.0013134479522705078,0.003212451934814453,0.0012540817260742188,0.00577998161315918,5,1,0,0,0,1,5,5,1,6,0,538,8604
oliveira/04_12/randm04.02.02.05.020_0030.04.aba.beta,True,1,2,0.0011334419250488281,0.0032465457916259766,0.0016088485717773438,0.0059888362884521484,5,1,0,0,0,1,5,5,1,6,0,531,8548
oliveira/04_12/randm04.02.02.05.020_0030.05.aba.beta,True,1,2,0.0013403892517089844,0.002977132797241211,0.0011515617370605469,0.005469083786010742,5,1,0,0,0,1,5,5,1,6,0,528,8549
oliveira/04_12/randm04.02.02.06.020_0030.01.aba.beta,True,2,3,0.0024161338806152344,0.009383916854858398,0.0011949539184570312,0.012995004653930664,11,2,0,0,3,3,15,9,2,26,0,534,8558
oliveira/04_12/randm04.02.02.06.020_0030.02.aba.beta,True,2,3,0.0025916099548339844,0.01113748550415039,0.0012578964233398438,0.014986991882324219,16,2,0,0,7,3,25,15,2,50,0,552,8677
oliveira/04_12/randm04.02.02.06.020_0030.03.aba.beta,True,2,3,0.0025336742401123047,0.00678706169128418,0.001127481460571289,0.010448217391967773,11,2,0,0,4,2,12,11,1,26,0,540,8602
oliveira/04_12/randm04.02.02.06.020_0030.04.aba.beta,True,3,3,0.004000425338745117,0.011374950408935547,0.0013086795806884766,0.01668405532836914,11,3,0,0,3,3,19,10,1,33,0,556,8693
oliveira/04_12/randm04.02.02.06.020_0030.05.aba.beta,True,2,3,0.0026350021362304688,0.010984182357788086,0.0012738704681396484,0.014893054962158203,18,2,0,0,9,3,23,15,2,56,0,546,8620
oliveira/04_12/randm04.02.02.07.020_0030.01.aba.beta,True,1,2,0.0007936954498291016,0.0032148361206054688,0.0011799335479736328,0.005188465118408203,5,1,0,0,0,1,5,5,1,6,0,531,8557
oliveira/04_12/randm04.02.02.07.020_0030.02.aba.beta,True,1,2,0.0011374950408935547,0.0027997493743896484,0.0010900497436523438,0.005027294158935547,5,1,0,0,0,1,5,5,1,6,0,531,8567
oliveira/04_12/randm04.02.02.07.020_0030.03.aba.beta,True,1,2,0.0012722015380859375,0.002630949020385742,0.0011153221130371094,0.005018472671508789,5,1,0,0,0,1,5,5,1,6,0,538,8600
oliveira/04_12/randm04.02.02.07.020_0030.04.aba.beta,True,1,2,0.0009849071502685547,0.0025899410247802734,0.001211404800415039,0.004786252975463867,5,1,0,0,0,1,5,5,1,6,0,538,8598
oliveira/04_12/randm04.02.02.07.020_0030.05.aba.beta,True,1,2,0.0010673999786376953,0.0028264522552490234,0.001199483871459961,0.00509333610534668,5,1,0,0,0,1,5,5,1,6,0,541,8614
oliveira/04_12/randm04.02.02.08.020_0030.01.aba.beta,True,5,4,0.012910127639770508,0.07794618606567383,0.0014657974243164062,0.09232211112976074,52,5,0,0,35,11,79,31,7,295,0,699,10726
oliveira/04_12/randm04.02.02.08.020_0030.02.aba.beta,True,10,4,0.01929187774658203,0.1027059555053711,0.0015425682067871094,0.12354040145874023,44,10,0,0,26,13,71,25,4,270,0,751,11263
oliveira/04_12/randm04.02.02.08.020_0030.03.aba.beta,True,3,4,0.004044771194458008,0.01457667350769043,0.0013937950134277344,0.020015239715576172,23,3,0,0,14,3,28,19,1,91,0,604,9528
oliveira/04_12/randm04.02.02.08.020_0030.04.aba.beta,True,2,4,0.0025510787963867188,0.010107755661010742,0.001117706298828125,0.013776540756225586,22,2,0,0,14,2,22,18,1,79,0,543,8614
oliveira/04_12/randm04.02.02.08.020_0030.05.aba.beta,True,2,4,0.0032613277435302734,0.013220548629760742,0.001190185546875,0.017672061920166016,23,2,0,0,12,4,26,21,3,84,0,546,8631
oliveira/04_12/randm04.02.02.09.020_0030.01.aba.beta,True,2,3,0.003251791000366211,0.018682003021240234,0.0012478828430175781,0.023181676864624023,14,2,0,0,2,5,16,14,4,36,0,541,8608
oliveira/04_12/randm04.02.02.09.020_0030.02.aba.beta,True,2,3,0.0034530162811279297,0.0197904109954834,0.0011301040649414062,0.024373531341552734,14,2,0,0,2,5,19,11,4,39,0,534,8569
oliveira/04_12/randm04.02.02.09.020_0030.03.aba.beta,True,2,3,0.0029144287109375,0.013924598693847656,0.0013098716735839844,0.01814889907836914,12,2,0,0,2,4,18,11,3,32,0,545,8636
oliveira/04_12/randm04.02.02.09.020_0030.04.aba.beta,True,2,3,0.0026023387908935547,0.015042304992675781,0.0012218952178955078,0.018866539001464844,12,2,0,0,2,4,24,12,3,38,0,553,8716
oliveira/04_12/randm04.02.02.09.020_0030.05.aba.beta,True,2,3,0.003170490264892578,0.019844770431518555,0.001131296157836914,0.024146556854248047,14,2,0,0,2,5,23,14,4,43,0,549,8669
oliveira/04_12/randm04.02.02.10.020_0030.01.aba.beta,True,2,4,0.0036325454711914062,0.03242206573486328,0.0012867450714111328,0.03734135627746582,20,2,0,0,6,6,45,16,5,79,0,556,8820
oliveira/04_12/randm04.02.02.10.020_0030.02.aba.beta,True,2,4,0.003191709518432617,0.026410579681396484,0.0011315345764160156,0.030733823776245117,18,2,0,0,4,6,26,15,5,55,0,530,8565
oliveira/04_12/randm04.02.02.10.020_0030.03.aba.beta,True,3,4,0.00708460807800293,0.058481454849243164,0.0012624263763427734,0.06682848930358887,21,3,0,0,4,10,45,19,8,88,0,572,9000
oliveira/04_12/randm04.02.02.10.020_0030.04.aba.beta,True,2,4,0.0037469863891601562,0.03504180908203125,0.0012006759643554688,0.039989471435546875,21,2,0,0,7,6,45,14,5,82,0,555,8784
oliveira/04_12/randm04.02.02.10.020_0030.05.aba.beta,True,2,4,0.0030574798583984375,0.03138995170593262,0.0013308525085449219,0.03577828407287598,21,2,0,0,7,6,44,16,5,82,0,560,8819
oliveira/04_12/randm04.02.02.11.020_0030.01.aba.beta,True,3,4,0.003793001174926758,0.012667655944824219,0.0018393993377685547,0.01830005645751953,22,3,0,0,13,3,22,18,1,62,0,844,13361
oliveira/04_12/randm04.02.02.11.020_0030.02.aba.beta,True,3,4,0.005610227584838867,0.011711359024047852,0.0018570423126220703,0.01917862892150879,22,3,0,0,13,3,22,21,1,62,0,841,13341
oliveira/04_12/randm04.02.02.11.020_0030.03.aba.beta,True,3,4,0.004570722579956055,0.01112222671508789,0.0011234283447265625,0.016816377639770508,21,3,0,0,12,3,21,16,1,70,0,551,8634
oliveira/04_12/randm04.02.02.11.020_0030.04.aba.beta,True,4,4,0.005633831024169922,0.016617536544799805,0.0011930465698242188,0.023444414138793945,23,4,0,0,13,4,24,15,1,87,0,554,8644
oliveira/04_12/randm04.02.02.11.020_0030.05.aba.beta,True,5,4,0.008588790893554688,0.020553112030029297,0.0017120838165283203,0.030853986740112305,30,5,0,0,19,5,31,19,1,115,0,795,12785
oliveira/04_12/randm04.02.02.12.020_0030.01.aba.beta,True,2,3,0.004335165023803711,0.014313220977783203,0.0011641979217529297,0.019812583923339844,16,2,0,0,6,4,22,16,3,50,0,545,8621
oliveira/04_12/randm04.02.02.12.020_0030.02.aba.beta,True,2,3,0.0029039382934570312,0.01740884780883789,0.0012106895446777344,0.021523475646972656,15,2,0,0,5,4,20,12,3,43,0,550,8653
oliveira/04_12/randm04.02.02.12.020_0030.03.aba.beta,True,2,3,0.0053098201751708984,0.017571210861206055,0.0012707710266113281,0.02415180206298828,15,2,0,0,3,5,18,14,4,42,0,551,8639
oliveira/04_12/randm04.02.02.12.020_0030.04.aba.beta,True,2,3,0.005035877227783203,0.016711711883544922,0.0010499954223632812,0.022797584533691406,16,2,0,0,4,5,17,15,4,46,0,541,8599
oliveira/04_12/randm04.02.02.12.020_0030.05.aba.beta,True,2,3,0.005349159240722656,0.01883077621459961,0.0012509822845458984,0.025430917739868164,16,2,0,0,4,5,21,16,4,50,0,540,8607
oliveira/04_12/randm04.02.02.13.020_0030.01.aba.beta,True,1,1,0.0008141994476318359,0.002052783966064453,0.0010793209075927734,0.0039463043212890625,3,1,0,0,0,1,3,3,1,2,0,528,8539
oliveira/04_12/randm04.02.02.13.020_0030.02.aba.beta,True,1,1,0.0008547306060791016,0.001940011978149414,0.0011720657348632812,0.003966808319091797,3,1,0,0,0,1,3,3,1,2,0,535,8584
oliveira/04_12/randm04.02.02.13.020_0030.03.aba.beta,True,1,1,0.0008027553558349609,0.002003908157348633,0.0010442733764648438,0.0038509368896484375,3,1,0,0,0,1,3,3,1,2,0,534,8583
oliveira/04_12/randm04.02.02.13.020_0030.04.aba.beta,True,1,1,0.0028791427612304688,0.001928091049194336,0.0012164115905761719,0.0060236454010009766,3,1,0,0,0,1,3,3,1,2,0,537,8593
oliveira/04_12/randm04.02.02.13.020_0030.05.aba.beta,True,1,1,0.0007693767547607422,0.002070903778076172,0.001178741455078125,0.004019021987915039,3,1,0,0,0,1,3,3,1,2,0,543,8623
oliveira/04_12/randm04.02.02.14.020_0030.01.aba.beta,True,3,4,0.004565238952636719,0.010885238647460938,0.0012125968933105469,0.016663074493408203,20,3,0,0,11,3,21,17,1,60,0,547,8613
oliveira/04_12/randm04.02.02.14.020_0030.02.aba.beta,True,4,4,0.007739543914794922,0.014900922775268555,0.0011246204376220703,0.023765087127685547,17,4,0,0,7,4,19,13,1,49,0,550,8627
oliveira/04_12/randm04.02.02.14.020_0030.03.aba.beta,True,4,4,0.005632877349853516,0.028133392333984375,0.001294851303100586,0.03506112098693848,23,4,0,0,10,6,31,15,3,110,0,577,8862
oliveira/04_12/randm04.02.02.14.020_0030.04.aba.beta,True,3,4,0.005528688430786133,0.03614330291748047,0.0012187957763671875,0.04289078712463379,28,3,0,0,12,8,33,20,6,120,0,554,8684
oliveira/04_12/randm04.02.02.14.020_0030.05.aba.beta,True,3,4,0.005381584167480469,0.010848283767700195,0.0011997222900390625,0.017429590225219727,18,3,0,0,9,3,18,16,1,48,0,539,8574
oliveira/04_12/randm04.02.02.15.020_0030.01.aba.beta,True,1,2,0.002798318862915039,0.0025489330291748047,0.0011227130889892578,0.0064699649810791016,5,1,0,0,0,1,5,4,1,6,0,533,8586
oliveira/04_12/randm04.02.02.15.020_0030.02.aba.beta,True,1,2,0.0010111331939697266,0.0026543140411376953,0.0011780261993408203,0.004843473434448242,5,1,0,0,0,1,5,5,1,6,0,532,8581
oliveira/04_12/randm04.02.02.15.020_0030.03.aba.beta,True,1,2,0.0010864734649658203,0.002507448196411133,0.0010797977447509766,0.00467371940612793,5,1,0,0,0,1,5,5,1,6,0,541,8605
oliveira/04_12/randm04.02.02.15.020_0030.04.aba.beta,True,1,2,0.0010561943054199219,0.002926349639892578,0.0011134147644042969,0.005095958709716797,5,1,0,0,0,1,5,5,1,6,0,542,8616
oliveira/04_12/randm04.02.02.15.020_0030.05.aba.beta,True,1,2,0.0010216236114501953,0.002689838409423828,0.0011060237884521484,0.004817485809326172,5,1,0,0,0,1,5,5,1,6,0,534,8580
oliveira/04_12/randm04.02.02.16.020_0030.01.aba.beta,True,2,3,0.0021750926971435547,0.0078105926513671875,0.001186370849609375,0.011172056198120117,12,2,0,0,4,3,13,12,2,29,0,536,8574
oliveira/04_12/randm04.02.02.16.020_0030.02.aba.beta,True,3,3,0.004148006439208984,0.018641233444213867,0.0011036396026611328,0.023892879486083984,15,3,0,0,4,5,21,12,3,48,0,550,8634
oliveira/04_12/randm04.02.02.16.020_0030.03.aba.beta,True,2,3,0.0021576881408691406,0.011983633041381836,0.0011620521545410156,0.015303373336791992,13,2,0,0,3,4,18,13,3,35,0,546,8632
oliveira/04_12/randm04.02.02.16.020_0030.04.aba.beta,True,2,3,0.0023517608642578125,0.011205196380615234,0.0011882781982421875,0.014745235443115234,13,2,0,0,3,4,17,12,3,34,0,549,8641
oliveira/04_12/randm04.02.02.16.020_0030.05.aba.beta,True,3,3,0.0034995079040527344,0.012768983840942383,0.0011310577392578125,0.01739954948425293,13,3,0,0,4,4,27,12,2,49,0,560,8784
oliveira/04_12/randm04.02.02.17.020_0030.01.aba.beta,True,2,3,0.003412008285522461,0.014238834381103516,0.00109100341796875,0.018741846084594727,12,2,0,0,2,4,18,12,3,31,0,549,8649
oliveira/04_12/randm04.02.02.17.020_0030.02.aba.beta,True,2,3,0.002773284912109375,0.01569843292236328,0.0011608600616455078,0.019632577896118164,12,2,0,0,2,4,24,12,3,37,0,553,8710
oliveira/04_12/randm04.02.02.17.020_0030.03.aba.beta,True,2,3,0.0026526451110839844,0.020085573196411133,0.0012624263763427734,0.02400064468383789,12,2,0,0,0,5,16,12,4,30,0,535,8562
oliveira/04_12/randm04.02.02.17.020_0030.04.aba.beta,True,2,3,0.005011081695556641,0.020193815231323242,0.0012407302856445312,0.026445627212524414,12,2,0,0,0,5,18,12,4,32,0,535,8572
oliveira/04_12/randm04.02.02.17.020_0030.05.aba.beta,True,2,3,0.0035185813903808594,0.01488041877746582,0.0011248588562011719,0.01952385902404785,12,2,0,0,2,4,19,12,3,32,0,540,8576
oliveira/04_12/randm04.02.02.18.020_0030.01.aba.beta,True,3,4,0.004101991653442383,0.023940324783325195,0.0011475086212158203,0.0291898250579834,25,3,0,0,15,5,31,22,3,89,0,560,8700
oliveira/04_12/randm04.02.02.18.020_0030.02.aba.beta,True,3,4,0.0042362213134765625,0.02349090576171875,0.0011439323425292969,0.02887105941772461,23,3,0,0,12,6,30,20,4,83,0,561,8719
oliveira/04_12/randm04.02.02.18.020_0030.03.aba.beta,True,3,4,0.005411863327026367,0.0381166934967041,0.001270294189453125,0.044798851013183594,36,3,0,0,23,8,42,24,6,143,0,560,8728
oliveira/04_12/randm04.02.02.18.020_0030.04.aba.beta,True,3,4,0.003970623016357422,0.025350570678710938,0.0012445449829101562,0.030565738677978516,21,3,0,0,11,5,35,19,3,76,0,559,8780
oliveira/04_12/randm04.02.02.18.020_0030.05.aba.beta,True,3,4,0.0043947696685791016,0.020097970962524414,0.001210927963256836,0.02570366859436035,21,3,0,0,11,5,24,17,3,64,0,547,8625
oliveira/04_12/randm04.02.02.19.020_0030.01.aba.beta,True,2,3,0.0033788681030273438,0.015521764755249023,0.0011844635009765625,0.02008509635925293,18,2,0,0,7,4,26,16,3,61,0,541,8599
oliveira/04_12/randm04.02.02.19.020_0030.02.aba.beta,True,2,3,0.003107786178588867,0.014928817749023438,0.0012862682342529297,0.019322872161865234,17,2,0,0,6,4,28,15,3,60,0,553,8685
oliveira/04_12/randm04.02.02.19.020_0030.03.aba.beta,True,2,3,0.0034673213958740234,0.0171506404876709,0.001111745834350586,0.021729707717895508,20,2,0,0,7,5,24,15,4,66,0,537,8585
oliveira/04_12/randm04.02.02.19.020_0030.04.aba.beta,True,5,3,0.0067713260650634766,0.03278040885925293,0.0011684894561767578,0.040720224380493164,22,5,0,0,6,8,25,18,4,79,0,561,8672
oliveira/04_12/randm04.02.02.19.020_0030.05.aba.beta,True,4,3,0.005888462066650391,0.02504444122314453,0.0012323856353759766,0.0321652889251709,13,4,0,0,1,6,24,11,3,59,0,573,8836
oliveira/04_12/randm05.02.02.01.020_0030.01.aba.beta,True,2,3,0.0026683807373046875,0.007814168930053711,0.0010890960693359375,0.011571645736694336,12,2,0,0,4,3,14,11,2,30,0,536,8566
oliveira/04_12/randm05.02.02.01.020_0030.02.aba.beta,True,2,3,0.002246856689453125,0.008128643035888672,0.0011365413665771484,0.011512041091918945,12,2,0,0,4,3,14,11,2,30,0,542,8607
oliveira/04_12/randm05.02.02.01.020_0030.03.aba.beta,True,3,3,0.004060268402099609,0.011076211929321289,0.0011487007141113281,0.016285181045532227,17,3,0,0,9,3,25,11,1,60,0,557,8677
oliveira/04_12/randm05.02.02.01.020_0030.04.aba.beta,True,2,3,0.0018346309661865234,0.006307840347290039,0.001210927963256836,0.009353399276733398,13,2,0,0,6,2,16,11,1,36,0,537,8578
oliveira/04_12/randm05.02.02.01.020_0030.05.aba.beta,True,2,3,0.001943826675415039,0.005830526351928711,0.0010504722595214844,0.008824825286865234,13,2,0,0,6,2,16,11,1,36,0,525,8509
oliveira/04_12/randm05.02.02.02.020_0030.01.aba.beta,True,2,3,0.0023958683013916016,0.006440162658691406,0.0011489391326904297,0.009984970092773438,18,2,0,0,11,2,21,14,1,62,0,524,8509
oliveira/04_12/randm05.02.02.02.020_0030.02.aba.beta,True,2,3,0.0027828216552734375,0.011989355087280273,0.0011453628540039062,0.015917539596557617,13,2,0,0,3,4,19,10,3,36,0,544,8631
oliveira/04_12/randm05.02.02.02.020_0030.03.aba.beta,True,3,3,0.0036249160766601562,0.019269466400146484,0.0012171268463134766,0.024111509323120117,17,3,0,0,6,5,31,12,3,75,0,563,8853
oliveira/04_12/randm05.02.02.02.020_0030.04.aba.beta,True,2,3,0.0020606517791748047,0.006737709045410156,0.001135110855102539,0.0099334716796875,17,2,0,0,10,2,19,16,1,56,0,537,8583
oliveira/04_12/randm05.02.02.02.020_0030.05.aba.beta,True,2,3,0.002009868621826172,0.0062558650970458984,0.001191854476928711,0.009457588195800781,17,2,0,0,10,2,19,14,1,56,0,535,8572
oliveira/04_12/randm05.02.02.03.020_0030.01.aba.beta,True,1,1,0.0010526180267333984,0.001781463623046875,0.0011141300201416016,0.003948211669921875,3,1,0,0,0,1,3,3,1,2,0,543,8619
oliveira/04_12/randm05.02.02.03.020_0030.02.aba.beta,True,1,1,0.0005519390106201172,0.0027403831481933594,0.001203775405883789,0.004496097564697266,3,1,0,0,0,1,3,3,1,2,0,538,8597
oliveira/04_12/randm05.02.02.03.020_0030.03.aba.beta,True,1,1,0.000978708267211914,0.0017502307891845703,0.0011649131774902344,0.0038938522338867188,3,1,0,0,0,1,3,3,1,2,0,537,8598
oliveira/04_12/randm05.02.02.03.020_0030.04.aba.beta,True,1,1,0.0010514259338378906,0.001741647720336914,0.0012083053588867188,0.0040013790130615234,3,1,0,0,0,1,3,3,1,2,0,534,8583
oliveira/04_12/randm05.02.02.03.020_0030.05.aba.beta,True,1,1,0.0009734630584716797,0.0017921924591064453,0.0010726451873779297,0.0038383007049560547,3,1,0,0,0,1,3,3,1,2,0,521,8531
oliveira/04_12/randm05.02.02.04.020_0030.01.aba.beta,True,5,5,0.011193037033081055,0.0930488109588623,0.0014121532440185547,0.10565400123596191,82,5,0,0,65,12,119,40,8,454,0,672,10339
oliveira/04_12/randm05.02.02.04.020_0030.02.aba.beta,True,3,5,0.008263587951660156,0.04822254180908203,0.0013310909271240234,0.05781722068786621,51,3,0,0,37,8,66,27,6,239,0,581,9119
oliveira/04_12/randm05.02.02.04.020_0030.03.aba.beta,True,3,5,0.007269382476806641,0.06673359870910645,0.0012171268463134766,0.07522010803222656,58,3,0,0,44,10,77,39,8,275,0,571,8783
oliveira/04_12/randm05.02.02.04.020_0030.04.aba.beta,True,6,5,0.010902643203735352,0.055826663970947266,0.0014150142669677734,0.06814432144165039,53,6,0,0,39,8,76,35,3,256,0,638,9737
oliveira/04_12/randm05.02.02.04.020_0030.05.aba.beta,True,4,5,0.006396055221557617,0.03498482704162598,0.001293182373046875,0.04267406463623047,42,4,0,0,30,6,57,29,3,172,0,579,9076
oliveira/04_12/randm05.02.02.05.020_0030.01.aba.beta,True,3,4,0.005377292633056641,0.050711631774902344,0.0012328624725341797,0.057321786880493164,29,3,0,0,12,10,33,20,8,115,0,551,8627
oliveira/04_12/randm05.02.02.05.020_0030.02.aba.beta,True,3,4,0.00537562370300293,0.03503584861755371,0.0012209415435791016,0.04163241386413574,39,3,0,0,24,7,43,24,5,189,0,545,8604
oliveira/04_12/randm05.02.02.05.020_0030.03.aba.beta,True,3,4,0.006209850311279297,0.03489279747009277,0.0011856555938720703,0.04228830337524414,44,3,0,0,29,7,48,24,5,218,0,544,8593
oliveira/04_12/randm05.02.02.05.020_0030.04.aba.beta,True,5,4,0.008066892623901367,0.04962611198425293,0.0013153553009033203,0.05900835990905762,34,5,0,0,17,9,55,22,5,191,0,609,9408
oliveira/04_12/randm05.02.02.05.020_0030.05.aba.beta,True,3,4,0.009843111038208008,0.05548381805419922,0.001748800277709961,0.06707572937011719,37,3,0,0,20,10,56,27,8,177,0,565,8843
oliveira/04_12/randm05.02.02.06.020_0030.01.aba.beta,True,6,5,0.01296234130859375,0.1030430793762207,0.0014262199401855469,0.117431640625,54,6,0,0,35,16,77,26,11,281,0,646,9837
oliveira/04_12/randm05.02.02.06.020_0030.02.aba.beta,True,6,5,0.024477005004882812,0.13823390007019043,0.0012865066528320312,0.16399741172790527,84,6,0,0,64,16,104,32,11,520,0,590,8859
oliveira/04_12/randm05.02.02.06.020_0030.03.aba.beta,True,6,5,0.0165102481842041,0.1480252742767334,0.0013823509216308594,0.16591787338256836,81,6,0,0,58,18,117,32,13,499,0,623,9560
oliveira/04_12/randm05.02.02.06.020_0030.04.aba.beta,True,11,5,0.04024028778076172,0.38199758529663086,0.0018150806427001953,0.4240529537200928,118,11,0,0,83,33,194,44,23,812,0,869,12764
oliveira/04_12/randm05.02.02.06.020_0030.05.aba.beta,True,6,5,0.02141284942626953,0.13082337379455566,0.0012257099151611328,0.15346193313598633,84,6,0,0,64,16,101,33,11,533,0,596,8919
oliveira/04_12/randm05.02.02.07.020_0030.01.aba.beta,True,8,5,0.018160104751586914,0.190476655960083,0.0019855499267578125,0.21062231063842773,48,8,0,0,27,19,131,30,12,310,0,864,13042
oliveira/04_12/randm05.02.02.07.020_0030.02.aba.beta,True,6,5,0.016878128051757812,0.07847094535827637,0.0015468597412109375,0.09689593315124512,37,6,0,0,23,10,86,27,5,210,0,671,10253
oliveira/04_12/randm05.02.02.07.020_0030.03.aba.beta,True,7,5,0.01470947265625,0.08748841285705566,0.0015139579772949219,0.10371184349060059,39,7,0,0,22,11,81,24,5,226,0,703,10647
oliveira/04_12/randm05.02.02.07.020_0030.04.aba.beta,True,9,5,0.018750667572021484,0.18355584144592285,0.001970529556274414,0.20427703857421875,40,9,0,0,16,21,111,33,13,256,0,978,14832
oliveira/04_12/randm05.02.02.07.020_0030.05.aba.beta,True,9,5,0.023212432861328125,0.21446514129638672,0.001959085464477539,0.23963665962219238,60,9,0,0,38,21,130,30,13,378,0,917,13751
oliveira/04_12/randm05.02.02.08.020_0030.01.aba.beta,True,3,3,0.004286289215087891,0.018836021423339844,0.0011987686157226562,0.02432107925415039,15,3,0,0,5,4,22,13,2,46,0,542,8605
oliveira/04_12/randm05.02.02.08.020_0030.02.aba.beta,True,2,3,0.0024912357330322266,0.009548425674438477,0.0011470317840576172,0.01318669319152832,14,2,0,0,5,3,17,13,2,36,0,546,8621
oliveira/04_12/randm05.02.02.08.020_0030.03.aba.beta,True,5,3,0.00877523422241211,0.01939678192138672,0.0012288093566894531,0.02940082550048828,16,5,0,0,6,5,22,10,1,57,0,563,8700
oliveira/04_12/randm05.02.02.08.020_0030.04.aba.beta,True,2,3,0.0024166107177734375,0.0056972503662109375,0.0011820793151855469,0.009295940399169922,10,2,0,0,3,2,10,10,1,22,0,539,8597
oliveira/04_12/randm05.02.02.08.020_0030.05.aba.beta,True,2,3,0.0026731491088867188,0.010422468185424805,0.001096487045288086,0.01419210433959961,14,2,0,0,5,3,16,14,2,35,0,545,8613
oliveira/04_12/randm05.02.02.09.020_0030.01.aba.beta,True,4,4,0.009186029434204102,0.046544790267944336,0.0014255046844482422,0.05715632438659668,28,4,0,0,16,9,57,20,6,143,0,649,10132
oliveira/04_12/randm05.02.02.09.020_0030.02.aba.beta,True,2,4,0.007903337478637695,0.04177141189575195,0.0012097358703613281,0.05088448524475098,30,2,0,0,15,9,41,19,8,117,0,553,8681
oliveira/04_12/randm05.02.02.09.020_0030.03.aba.beta,True,2,4,0.0038466453552246094,0.014027595520019531,0.00104522705078125,0.01891946792602539,25,2,0,0,14,4,27,14,3,102,0,546,8624
oliveira/04_12/randm05.02.02.09.020_0030.04.aba.beta,True,3,4,0.008884191513061523,0.02071356773376465,0.0012040138244628906,0.030801773071289062,20,3,0,0,8,5,26,14,3,71,0,550,8635
oliveira/04_12/randm05.02.02.09.020_0030.05.aba.beta,True,3,4,0.005151987075805664,0.01834273338317871,0.0012276172637939453,0.02472233772277832,21,3,0,0,9,5,26,13,3,73,0,547,8638
oliveira/04_12/randm05.02.02.10.020_0030.01.aba.beta,True,4,5,0.010128498077392578,0.061669349670410156,0.0011854171752929688,0.0729832649230957,47,4,0,0,30,9,72,27,6,224,0,564,8770
oliveira/04_12/randm05.02.02.10.020_0030.02.aba.beta,True,6,5,0.014561176300048828,0.13224196434020996,0.0013706684112548828,0.14817380905151367,52,6,0,0,31,17,80,29,12,313,0,636,9623
oliveira/04_12/randm05.02.02.10.020_0030.03.aba.beta,True,5,5,0.018713712692260742,0.13937664031982422,0.0012700557708740234,0.15936040878295898,70,5,0,0,49,16,110,33,12,406,0,587,8998
oliveira/04_12/randm05.02.02.10.020_0030.04.aba.beta,True,7,5,0.02208113670349121,0.1664416790008545,0.002525806427001953,0.19104862213134766,83,7,0,0,60,18,142,35,12,512,0,1127,17524
oliveira/04_12/randm05.02.02.10.020_0030.05.aba.beta,True,6,5,0.015445709228515625,0.12239456176757812,0.0015225410461425781,0.13936281204223633,61,6,0,0,39,16,97,34,11,340,0,641,9859
oliveira/04_12/randm05.02.02.11.020_0030.01.aba.beta,True,4,5,0.008598566055297852,0.04994487762451172,0.002698183059692383,0.06124162673950195,61,4,0,0,50,8,76,34,5,290,0,1214,19034
oliveira/04_12/randm05.02.02.11.020_0030.02.aba.beta,True,4,5,0.00913238525390625,0.06490087509155273,0.0025599002838134766,0.07659316062927246,64,4,0,0,53,9,81,37,6,308,0,1134,18070
oliveira/04_12/randm05.02.02.11.020_0030.03.aba.beta,True,6,5,0.013712882995605469,0.07758188247680664,0.0012497901916503906,0.0925445556640625,59,6,0,0,45,10,79,33,5,281,0,576,8886
oliveira/04_12/randm05.02.02.11.020_0030.04.aba.beta,True,4,5,0.00898885726928711,0.04720258712768555,0.0013494491577148438,0.0575408935546875,69,4,0,0,57,5,89,32,2,420,0,592,9262
oliveira/04_12/randm05.02.02.11.020_0030.05.aba.beta,True,5,5,0.016104936599731445,0.060379981994628906,0.0026018619537353516,0.0790867805480957,47,5,0,0,35,9,68,32,5,210,0,1213,19100
oliveira/04_12/randm05.02.02.12.020_0030.01.aba.beta,True,2,3,0.002776622772216797,0.013494014739990234,0.0010442733764648438,0.017314910888671875,13,2,0,0,2,4,13,12,3,32,0,542,8611
oliveira/04_12/randm05.02.02.12.020_0030.02.aba.beta,True,2,3,0.006760120391845703,0.023956775665283203,0.0011017322540283203,0.03181862831115723,15,2,0,0,2,5,17,14,4,41,0,546,8628
oliveira/04_12/randm05.02.02.12.020_0030.03.aba.beta,True,5,3,0.006203174591064453,0.03231620788574219,0.0013425350189208984,0.03986191749572754,15,5,0,0,0,8,35,12,4,79,0,587,9156
oliveira/04_12/randm05.02.02.12.020_0030.04.aba.beta,True,2,3,0.0050046443939208984,0.012488365173339844,0.001192331314086914,0.018685340881347656,13,2,0,0,2,4,13,13,3,32,0,547,8625
oliveira/04_12/randm05.02.02.12.020_0030.05.aba.beta,True,3,3,0.003780364990234375,0.018774747848510742,0.0013270378112792969,0.023882150650024414,13,3,0,0,2,5,27,12,3,48,0,588,9202
oliveira/04_12/randm05.02.02.13.020_0030.01.aba.beta,True,3,5,0.005795955657958984,0.05024218559265137,0.0012516975402832031,0.057289838790893555,40,3,0,0,23,9,54,31,7,170,0,541,8576
oliveira/04_12/randm05.02.02.13.020_0030.02.aba.beta,True,9,5,0.023428678512573242,0.20540523529052734,0.0013391971588134766,0.23017311096191406,73,9,0,0,42,26,86,35,18,438,0,654,9569
oliveira/04_12/randm05.02.02.13.020_0030.03.aba.beta,True,3,5,0.006534576416015625,0.06328058242797852,0.0011959075927734375,0.07101106643676758,43,3,0,0,26,11,61,29,9,208,0,570,8829
oliveira/04_12/randm05.02.02.13.020_0030.04.aba.beta,True,6,5,0.013865232467651367,0.1336674690246582,0.0013513565063476562,0.14888405799865723,75,6,0,0,53,16,108,31,11,449,0,617,9325
oliveira/04_12/randm05.02.02.13.020_0030.05.aba.beta,True,3,5,0.005670309066772461,0.0492405891418457,0.0012216567993164062,0.05613255500793457,42,3,0,0,25,9,56,28,7,181,0,548,8613
oliveira/04_12/randm05.02.02.14.020_0030.01.aba.beta,True,1,1,0.0009396076202392578,0.0020067691802978516,0.0011646747589111328,0.004111051559448242,3,1,0,0,0,1,3,3,1,2,0,531,8569
oliveira/04_12/randm05.02.02.14.020_0030.02.aba.beta,True,1,1,0.0009253025054931641,0.0027468204498291016,0.0011408329010009766,0.004812955856323242,3,1,0,0,0,1,3,3,1,2,0,530,8565
oliveira/04_12/randm05.02.02.14.020_0030.03.aba.beta,True,1,1,0.0010585784912109375,0.0020558834075927734,0.0010714530944824219,0.004185914993286133,3,1,0,0,0,1,3,3,1,2,0,541,8613
oliveira/04_12/randm05.02.02.14.020_0030.04.aba.beta,True,1,1,0.0008642673492431641,0.0017964839935302734,0.0011749267578125,0.0038356781005859375,3,1,0,0,0,1,3,3,1,2,0,532,8544
oliveira/04_12/randm05.02.02.14.020_0030.05.aba.beta,True,1,1,0.0007264614105224609,0.0018787384033203125,0.001104116439819336,0.0037093162536621094,3,1,0,0,0,1,3,3,1,2,0,530,8544
oliveira/04_12/randm05.02.02.15.020_0030.01.aba.beta,True,2,3,0.002775907516479492,0.013807058334350586,0.001172780990600586,0.017755746841430664,12,2,0,0,2,4,19,11,3,34,0,537,8584
oliveira/04_12/randm05.02.02.15.020_0030.02.aba.beta,True,2,3,0.004202127456665039,0.018130779266357422,0.0012161731719970703,0.02354907989501953,18,2,0,0,5,5,20,16,4,55,0,542,8602
oliveira/04_12/randm05.02.02.15.020_0030.03.aba.beta,True,2,3,0.003331422805786133,0.016068696975708008,0.0012233257293701172,0.020623445510864258,18,2,0,0,5,5,20,13,4,55,0,540,8590
oliveira/04_12/randm05.02.02.15.020_0030.04.aba.beta,True,2,3,0.0027577877044677734,0.013903379440307617,0.0012941360473632812,0.017955303192138672,12,2,0,0,2,4,20,10,3,35,0,546,8654
oliveira/04_12/randm05.02.02.15.020_0030.05.aba.beta,True,2,3,0.0029125213623046875,0.014082670211791992,0.0011985301971435547,0.018193721771240234,16,2,0,0,5,4,22,14,3,51,0,549,8644
oliveira/04_12/randm05.02.02.16.020_0030.01.aba.beta,True,1,1,0.001043558120727539,0.0023097991943359375,0.0012049674987792969,0.0045583248138427734,3,1,0,0,0,1,3,3,1,2,0,534,8587
oliveira/04_12/randm05.02.02.16.020_0030.02.aba.beta,True,1,1,0.0008392333984375,0.0019469261169433594,0.0010683536529541016,0.003854513168334961,3,1,0,0,0,1,3,3,1,2,0,540,8611
oliveira/04_12/randm05.02.02.16.020_0030.03.aba.beta,True,1,1,0.0008544921875,0.002439737319946289,0.0011401176452636719,0.004434347152709961,3,1,0,0,0,1,3,3,1,2,0,534,8572
oliveira/04_12/randm05.02.02.16.020_0030.04.aba.beta,True,1,1,0.0009791851043701172,0.0020406246185302734,0.0011758804321289062,0.004195690155029297,3,1,0,0,0,1,3,3,1,2,0,543,8622
oliveira/04_12/randm05.02.02.16.020_0030.05.aba.beta,True,1,1,0.0009336471557617188,0.0017938613891601562,0.0011260509490966797,0.0038535594940185547,3,1,0,0,0,1,3,3,1,2,0,543,8624
oliveira/04_12/randm05.02.02.17.020_0030.01.aba.beta,True,4,5,0.01215672492980957,0.019349098205566406,0.0013306140899658203,0.0328364372253418,29,4,0,0,17,4,40,24,1,140,0,607,9538
oliveira/04_12/randm05.02.02.17.020_0030.02.aba.beta,True,4,5,0.007257223129272461,0.024361848831176758,0.0011911392211914062,0.032810211181640625,34,4,0,0,22,5,42,25,2,141,0,556,8667
oliveira/04_12/randm05.02.02.17.020_0030.03.aba.beta,True,8,5,0.018802881240844727,0.13947367668151855,0.0016210079193115234,0.1598975658416748,55,8,0,0,37,17,86,26,10,338,0,726,10743
oliveira/04_12/randm05.02.02.17.020_0030.04.aba.beta,True,6,5,0.011223077774047852,0.09513235092163086,0.001954793930053711,0.10831022262573242,46,6,0,0,28,11,106,32,6,241,0,915,14058
oliveira/04_12/randm05.02.02.17.020_0030.05.aba.beta,True,4,5,0.008186578750610352,0.07338833808898926,0.001428842544555664,0.08300375938415527,60,4,0,0,44,9,91,38,6,303,0,644,9927
oliveira/04_12/randm05.02.02.18.020_0030.01.aba.beta,True,1,1,0.0007722377777099609,0.0018417835235595703,0.0011363029479980469,0.003750324249267578,3,1,0,0,0,1,3,3,1,2,0,534,8577
oliveira/04_12/randm05.02.02.18.020_0030.02.aba.beta,True,1,1,0.0007688999176025391,0.0018649101257324219,0.0011184215545654297,0.0037522315979003906,3,1,0,0,0,1,3,3,1,2,0,535,8592
oliveira/04_12/randm05.02.02.18.020_0030.03.aba.beta,True,1,1,0.0005605220794677734,0.002549886703491211,0.0011570453643798828,0.004267454147338867,3,1,0,0,0,1,3,3,1,2,0,529,8564
oliveira/04_12/randm05.02.02.18.020_0030.04.aba.beta,True,1,1,0.0009624958038330078,0.0019817352294921875,0.0011355876922607422,0.0040798187255859375,3,1,0,0,0,1,3,3,1,2,0,523,8497
oliveira/04_12/randm05.02.02.18.020_0030.05.aba.beta,True,1,1,0.0007433891296386719,0.002192974090576172,0.0011479854583740234,0.004084348678588867,3,1,0,0,0,1,3,3,1,2,0,533,8555
oliveira/04_12/randm05.02.02.19.020_0030.01.aba.beta,True,2,3,0.002106904983520508,0.006038665771484375,0.0011529922485351562,0.009298563003540039,11,2,0,0,4,2,11,11,1,22,0,543,8612
oliveira/04_12/randm05.02.02.19.020_0030.02.aba.beta,True,2,3,0.0023016929626464844,0.00600123405456543,0.001161813735961914,0.009464740753173828,11,2,0,0,4,2,11,11,1,22,0,548,8631
oliveira/04_12/randm05.02.02.19.020_0030.03.aba.beta,True,2,3,0.0029413700103759766,0.01646256446838379,0.0011820793151855469,0.020586013793945312,12,2,0,0,0,5,16,12,4,30,0,537,8592
oliveira/04_12/randm05.02.02.19.020_0030.04.aba.beta,True,2,3,0.002821207046508789,0.016882896423339844,0.0011446475982666016,0.020848751068115234,12,2,0,0,0,5,13,12,4,27,0,536,8571
oliveira/04_12/randm05.02.02.19.020_0030.05.aba.beta,True,2,3,0.0026373863220214844,0.005908966064453125,0.0010886192321777344,0.009634971618652344,11,2,0,0,4,2,11,11,1,22,0,528,8538
oliveira/04_12/randm06.02.02.01.020_0030.01.aba.beta,True,3,4,0.00542759895324707,0.03215670585632324,0.001247406005859375,0.03883171081542969,30,3,0,0,18,6,46,24,4,124,0,566,8785
oliveira/04_12/randm06.02.02.01.020_0030.02.aba.beta,True,3,4,0.006748199462890625,0.035566091537475586,0.0011942386627197266,0.04350852966308594,40,3,0,0,25,7,51,24,5,172,0,551,8638
oliveira/04_12/randm06.02.02.01.020_0030.03.aba.beta,True,3,4,0.005631208419799805,0.03834843635559082,0.001241922378540039,0.045221567153930664,41,3,0,0,26,7,51,31,5,177,0,558,8692
oliveira/04_12/randm06.02.02.01.020_0030.04.aba.beta,True,4,4,0.014525890350341797,0.0565185546875,0.001226186752319336,0.07227063179016113,36,4,0,0,21,9,63,23,6,169,0,571,8896
oliveira/04_12/randm06.02.02.01.020_0030.05.aba.beta,True,5,4,0.012934684753417969,0.07373380661010742,0.0015172958374023438,0.08818578720092773,34,5,0,0,18,10,79,21,6,192,0,682,10492
oliveira/04_12/randm06.02.02.02.020_0030.01.aba.beta,True,2,3,0.0024983882904052734,0.006571769714355469,0.0010943412780761719,0.010164499282836914,11,2,0,0,4,2,12,10,1,26,0,540,8590
oliveira/04_12/randm06.02.02.02.020_0030.02.aba.beta,True,2,3,0.0027794837951660156,0.013397693634033203,0.0011382102966308594,0.017315387725830078,16,2,0,0,5,4,20,11,3,47,0,521,8482
oliveira/04_12/randm06.02.02.02.020_0030.03.aba.beta,True,2,3,0.0029001235961914062,0.014512777328491211,0.0012230873107910156,0.018635988235473633,14,2,0,0,3,4,21,14,3,41,0,548,8665
oliveira/04_12/randm06.02.02.02.020_0030.04.aba.beta,True,2,3,0.0025413036346435547,0.013831377029418945,0.0012090206146240234,0.017581701278686523,14,2,0,0,3,4,19,14,3,39,0,547,8639
oliveira/04_12/randm06.02.02.02.020_0030.05.aba.beta,True,2,3,0.002359151840209961,0.00620722770690918,0.0011966228485107422,0.009763002395629883,11,2,0,0,4,2,12,11,1,26,0,541,8600
oliveira/04_12/randm06.02.02.03.020_0030.01.aba.beta,True,4,5,0.007064342498779297,0.028899431228637695,0.0017905235290527344,0.03775429725646973,47,4,0,0,35,5,50,30,2,205,0,879,13800
oliveira/04_12/randm06.02.02.03.020_0030.02.aba.beta,True,3,5,0.0036268234252929688,0.013074636459350586,0.001476287841796875,0.01817774772644043,24,3,0,0,14,3,24,23,1,74,0,784,12454
oliveira/04_12/randm06.02.02.03.020_0030.03.aba.beta,True,5,5,0.009370565414428711,0.0346674919128418,0.001294851303100586,0.045332908630371094,33,5,0,0,21,6,33,21,2,135,0,563,8668
oliveira/04_12/randm06.02.02.03.020_0030.04.aba.beta,True,6,5,0.010280609130859375,0.03792381286621094,0.001107931137084961,0.04931235313415527,29,6,0,0,16,7,29,22,2,113,0,572,8711
oliveira/04_12/randm06.02.02.03.020_0030.05.aba.beta,True,4,5,0.006127357482910156,0.02383732795715332,0.0016934871673583984,0.031658172607421875,26,4,0,0,15,4,45,20,1,102,0,786,12329
oliveira/04_12/randm06.02.02.04.020_0030.01.aba.beta,True,1,1,0.0013015270233154297,0.0018854141235351562,0.0011982917785644531,0.004385232925415039,3,1,0,0,0,1,3,3,1,2,0,525,8535
oliveira/04_12/randm06.02.02.04.020_0030.02.aba.beta,True,1,1,0.0013530254364013672,0.0019099712371826172,0.0010881423950195312,0.004351139068603516,3,1,0,0,0,1,3,3,1,2,0,531,8571
oliveira/04_12/randm06.02.02.04.020_0030.03.aba.beta,True,1,1,0.0009682178497314453,0.0018301010131835938,0.001058816909790039,0.003857135772705078,3,1,0,0,0,1,3,3,1,2,0,535,8590
oliveira/04_12/randm06.02.02.04.020_0030.04.aba.beta,True,1,1,0.004262685775756836,0.0018954277038574219,0.0010538101196289062,0.007211923599243164,3,1,0,0,0,1,3,3,1,2,0,532,8555
oliveira/04_12/randm06.02.02.04.020_0030.05.aba.beta,True,1,1,0.0009412765502929688,0.002031087875366211,0.0011208057403564453,0.004093170166015625,3,1,0,0,0,1,3,3,1,2,0,525,8541
oliveira/04_12/randm06.02.02.05.020_0030.01.aba.beta,True,5,5,0.016070127487182617,0.09557604789733887,0.0011355876922607422,0.11278176307678223,48,5,0,0,26,17,51,22,13,219,0,557,8673
oliveira/04_12/randm06.02.02.05.020_0030.02.aba.beta,True,9,5,0.04076099395751953,0.2661869525909424,0.0014190673828125,0.3083670139312744,72,9,0,0,49,29,101,31,21,440,0,683,9982
oliveira/04_12/randm06.02.02.05.020_0030.03.aba.beta,True,2,5,0.004225254058837891,0.017311573028564453,0.0011408329010009766,0.02267765998840332,38,2,0,0,25,4,43,22,3,197,0,551,8642
oliveira/04_12/randm06.02.02.05.020_0030.04.aba.beta,True,3,5,0.007161617279052734,0.026081085205078125,0.0012791156768798828,0.03452181816101074,43,3,0,0,29,5,47,21,3,234,0,569,9042
oliveira/04_12/randm06.02.02.05.020_0030.05.aba.beta,True,3,5,0.01351785659790039,0.06785893440246582,0.001251220703125,0.08262801170349121,54,3,0,0,39,10,82,28,8,293,0,579,8982
oliveira/04_12/randm06.02.02.06.020_0030.01.aba.beta,True,5,5,0.011904001235961914,0.06087040901184082,0.0013985633850097656,0.0741729736328125,60,5,0,0,43,9,112,28,5,348,0,630,9687
oliveira/04_12/randm06.02.02.06.020_0030.02.aba.beta,True,4,5,0.009177446365356445,0.05504441261291504,0.0012981891632080078,0.06552004814147949,47,4,0,0,32,9,81,25,6,257,0,595,9114
oliveira/04_12/randm06.02.02.06.020_0030.03.aba.beta,True,8,5,0.018961191177368164,0.1255333423614502,0.0014121532440185547,0.14590668678283691,54,8,0,0,36,15,98,31,8,329,0,640,9568
oliveira/04_12/randm06.02.02.06.020_0030.04.aba.beta,True,3,5,0.006522655487060547,0.05050086975097656,0.0012633800506591797,0.05828690528869629,35,3,0,0,23,8,68,26,6,164,0,577,9030
oliveira/04_12/randm06.02.02.06.020_0030.05.aba.beta,True,7,5,0.02401280403137207,0.13657784461975098,0.0015058517456054688,0.16209650039672852,54,7,0,0,36,16,86,27,10,291,0,709,10778
oliveira/04_12/randm06.02.02.07.020_0030.01.aba.beta,True,4,5,0.007260322570800781,0.04011178016662598,0.001222372055053711,0.04859447479248047,41,4,0,0,32,5,48,23,2,181,0,551,8631
oliveira/04_12/randm06.02.02.07.020_0030.02.aba.beta,True,4,5,0.007598400115966797,0.03935956954956055,0.0013439655303955078,0.04830193519592285,39,4,0,0,27,7,51,29,4,173,0,573,8826
oliveira/04_12/randm06.02.02.07.020_0030.03.aba.beta,True,4,5,0.011150121688842773,0.04019641876220703,0.001348733901977539,0.052695274353027344,46,4,0,0,34,7,61,33,4,218,0,575,8850
oliveira/04_12/randm06.02.02.07.020_0030.04.aba.beta,True,5,5,0.009388923645019531,0.034898996353149414,0.001279592514038086,0.04556751251220703,34,5,0,0,24,6,44,21,2,145,0,562,8721
oliveira/04_12/randm06.02.02.07.020_0030.05.aba.beta,True,3,5,0.0076847076416015625,0.037056684494018555,0.0012557506561279297,0.04599714279174805,59,3,0,0,47,6,69,33,4,278,0,579,9104
oliveira/04_12/randm06.02.02.08.020_0030.01.aba.beta,True,2,4,0.0041942596435546875,0.017383337020874023,0.0010943412780761719,0.022671937942504883,32,2,0,0,21,4,38,20,3,128,0,545,8607
oliveira/04_12/randm06.02.02.08.020_0030.02.aba.beta,True,2,4,0.004380941390991211,0.022995710372924805,0.0014972686767578125,0.028873920440673828,27,2,0,0,14,6,29,23,5,94,0,532,8554
oliveira/04_12/randm06.02.02.08.020_0030.03.aba.beta,True,3,4,0.008289813995361328,0.010907649993896484,0.001209259033203125,0.020406723022460938,21,3,0,0,12,3,21,16,1,65,0,532,8521
oliveira/04_12/randm06.02.02.08.020_0030.04.aba.beta,True,3,4,0.004099369049072266,0.011154413223266602,0.0011560916900634766,0.016409873962402344,23,3,0,0,14,3,23,18,1,77,0,537,8579
oliveira/04_12/randm06.02.02.08.020_0030.05.aba.beta,True,2,4,0.00439000129699707,0.028846025466918945,0.0011858940124511719,0.03442192077636719,27,2,0,0,14,6,40,22,5,105,0,562,8782
oliveira/04_12/randm06.02.02.09.020_0030.01.aba.beta,True,5,5,0.009810924530029297,0.07668280601501465,0.0016334056854248047,0.08812713623046875,29,5,0,0,11,14,70,25,10,139,0,748,11664
oliveira/04_12/randm06.02.02.09.020_0030.02.aba.beta,True,4,5,0.00911092758178711,0.08072543144226074,0.0016317367553710938,0.09146809577941895,44,4,0,0,24,13,68,28,10,222,0,580,9078
oliveira/04_12/randm06.02.02.09.020_0030.03.aba.beta,True,4,5,0.009554147720336914,0.08586788177490234,0.0014336109161376953,0.09685564041137695,34,4,0,0,14,13,73,24,10,166,0,649,10069
oliveira/04_12/randm06.02.02.09.020_0030.04.aba.beta,True,3,5,0.0074481964111328125,0.05495095252990723,0.001255035400390625,0.06365418434143066,31,3,0,0,13,10,53,19,8,131,0,572,9102
oliveira/04_12/randm06.02.02.09.020_0030.05.aba.beta,True,6,5,0.01265096664428711,0.10184884071350098,0.0013515949249267578,0.11585140228271484,42,6,0,0,19,18,57,25,13,204,0,622,9409
oliveira/04_12/randm06.02.02.10.020_0030.01.aba.beta,True,3,4,0.004415988922119141,0.013815879821777344,0.0012123584747314453,0.01944422721862793,22,3,0,0,13,4,25,15,2,80,0,547,8613
oliveira/04_12/randm06.02.02.10.020_0030.02.aba.beta,True,2,4,0.0044536590576171875,0.03423047065734863,0.0012388229370117188,0.03992295265197754,32,2,0,0,17,8,34,26,7,115,0,545,8623
oliveira/04_12/randm06.02.02.10.020_0030.03.aba.beta,True,2,4,0.00425267219543457,0.023720264434814453,0.0011997222900390625,0.029172658920288086,30,2,0,0,15,6,33,26,5,115,0,535,8550
oliveira/04_12/randm06.02.02.10.020_0030.04.aba.beta,True,2,4,0.004103183746337891,0.02452826499938965,0.0012140274047851562,0.029845476150512695,29,2,0,0,14,6,33,26,5,107,0,550,8647
oliveira/04_12/randm06.02.02.10.020_0030.05.aba.beta,True,3,4,0.004533052444458008,0.014816999435424805,0.0012166500091552734,0.020566701889038086,26,3,0,0,17,4,31,19,2,105,0,550,8631
oliveira/04_12/randm06.02.02.11.020_0030.01.aba.beta,True,4,6,0.015528202056884766,0.14244747161865234,0.0012993812561035156,0.15927505493164062,67,4,0,0,51,14,107,34,11,386,0,633,9837
oliveira/04_12/randm06.02.02.11.020_0030.02.aba.beta,True,6,6,0.04804849624633789,0.46270322799682617,0.0014808177947998047,0.5122325420379639,112,6,0,0,89,35,167,42,30,714,0,675,10265
oliveira/04_12/randm06.02.02.11.020_0030.03.aba.beta,True,10,6,0.032292842864990234,0.25116753578186035,0.0017094612121582031,0.2851698398590088,72,10,0,0,49,22,127,40,13,435,0,803,11884
oliveira/04_12/randm06.02.02.11.020_0030.04.aba.beta,True,8,6,0.02700352668762207,0.20961880683898926,0.0016965866088867188,0.23831892013549805,77,8,0,0,57,17,133,35,10,482,0,733,11016
oliveira/04_12/randm06.02.02.11.020_0030.05.aba.beta,True,4,6,0.016752958297729492,0.11929440498352051,0.0016705989837646484,0.13771796226501465,66,4,0,0,49,13,112,34,10,377,0,734,11302
oliveira/04_12/randm06.02.02.12.020_0030.01.aba.beta,True,3,4,0.00529932975769043,0.05671262741088867,0.0014255046844482422,0.06343746185302734,58,3,0,0,43,9,67,37,7,279,0,558,8673
oliveira/04_12/randm06.02.02.12.020_0030.02.aba.beta,True,3,4,0.004841804504394531,0.013599395751953125,0.0011987686157226562,0.019639968872070312,32,3,0,0,23,3,33,18,1,141,0,542,8604
oliveira/04_12/randm06.02.02.12.020_0030.03.aba.beta,True,3,4,0.004652500152587891,0.014719724655151367,0.0012030601501464844,0.020575284957885742,30,3,0,0,21,3,40,19,1,126,0,552,8715
oliveira/04_12/randm06.02.02.12.020_0030.04.aba.beta,True,3,4,0.006226778030395508,0.058535099029541016,0.0012209415435791016,0.06598281860351562,57,3,0,0,42,9,69,33,7,275,0,561,8699
oliveira/04_12/randm06.02.02.12.020_0030.05.aba.beta,True,3,4,0.009235858917236328,0.04643821716308594,0.001346588134765625,0.05702066421508789,74,3,0,0,59,8,85,39,6,390,0,564,8720
oliveira/04_12/randm06.02.02.13.020_0030.01.aba.beta,True,5,4,0.009195566177368164,0.06744551658630371,0.0012593269348144531,0.07790040969848633,28,5,0,0,7,13,48,19,9,141,0,596,9208
oliveira/04_12/randm06.02.02.13.020_0030.02.aba.beta,True,2,4,0.0048923492431640625,0.05163431167602539,0.0013728141784667969,0.05789947509765625,23,2,0,0,5,10,32,18,9,79,0,551,8682
oliveira/04_12/randm06.02.02.13.020_0030.03.aba.beta,True,5,4,0.010925769805908203,0.08463382720947266,0.0012989044189453125,0.09685850143432617,33,5,0,0,8,16,43,25,12,144,0,581,8880
oliveira/04_12/randm06.02.02.13.020_0030.04.aba.beta,True,5,4,0.009873151779174805,0.09766340255737305,0.0011601448059082031,0.10869669914245605,29,5,0,0,4,16,42,24,12,128,0,593,8984
oliveira/04_12/randm06.02.02.13.020_0030.05.aba.beta,True,4,4,0.007878780364990234,0.0716559886932373,0.0014407634735107422,0.08097553253173828,29,4,0,0,8,13,51,22,10,138,0,583,9108
oliveira/04_12/randm06.02.02.14.020_0030.01.aba.beta,True,5,6,0.019043445587158203,0.0897371768951416,0.001178741455078125,0.10995936393737793,83,5,0,0,70,11,95,33,7,429,0,551,8628
oliveira/04_12/randm06.02.02.14.020_0030.02.aba.beta,True,5,6,0.01344919204711914,0.1001589298248291,0.0013036727905273438,0.11491179466247559,73,5,0,0,57,12,78,40,8,362,0,588,9092
oliveira/04_12/randm06.02.02.14.020_0030.03.aba.beta,True,8,6,0.033499956130981445,0.23138213157653809,0.0013036727905273438,0.2661857604980469,89,8,0,0,62,25,111,34,18,542,0,623,9426
oliveira/04_12/randm06.02.02.14.020_0030.04.aba.beta,True,7,6,0.025327444076538086,0.17076611518859863,0.0013492107391357422,0.19744277000427246,101,7,0,0,78,18,117,40,12,651,0,617,9256
oliveira/04_12/randm06.02.02.14.020_0030.05.aba.beta,True,4,6,0.010739326477050781,0.07324719429016113,0.001373291015625,0.08535981178283691,71,4,0,0,50,11,84,38,8,429,0,588,9104
oliveira/04_12/randm06.02.02.15.020_0030.01.aba.beta,True,4,5,0.010365486145019531,0.09545040130615234,0.0013551712036132812,0.10717105865478516,63,4,0,0,44,14,95,31,11,382,0,590,9225
oliveira/04_12/randm06.02.02.15.020_0030.02.aba.beta,True,5,5,0.012766599655151367,0.1038522720336914,0.0017590522766113281,0.1183779239654541,58,5,0,0,39,15,88,33,11,364,0,768,11889
oliveira/04_12/randm06.02.02.15.020_0030.03.aba.beta,True,2,5,0.007761478424072266,0.0169522762298584,0.001218557357788086,0.02593231201171875,44,2,0,0,31,4,53,24,3,242,0,541,8602
oliveira/04_12/randm06.02.02.15.020_0030.04.aba.beta,True,8,5,0.01985001564025879,0.15500950813293457,0.0012764930725097656,0.17613601684570312,78,8,0,0,56,19,99,29,12,523,0,650,9489
oliveira/04_12/randm06.02.02.15.020_0030.05.aba.beta,True,10,5,0.029525279998779297,0.2617924213409424,0.001544952392578125,0.2928626537322998,103,10,0,0,75,27,128,33,18,708,0,735,10791
oliveira/04_12/randm06.02.02.16.020_0030.01.aba.beta,True,2,3,0.006029367446899414,0.009329080581665039,0.0011758804321289062,0.01653432846069336,13,2,0,0,4,3,13,13,2,30,0,529,8513
oliveira/04_12/randm06.02.02.16.020_0030.02.aba.beta,True,2,3,0.0025072097778320312,0.00991368293762207,0.0025572776794433594,0.014978170394897461,14,2,0,0,5,3,17,13,2,37,0,545,8630
oliveira/04_12/randm06.02.02.16.020_0030.03.aba.beta,True,2,3,0.0021741390228271484,0.00608372688293457,0.0018355846405029297,0.010093450546264648,10,2,0,0,3,2,10,10,1,19,0,837,13591
oliveira/04_12/randm06.02.02.16.020_0030.04.aba.beta,True,2,3,0.0023279190063476562,0.006359100341796875,0.0017237663269042969,0.010410785675048828,10,2,0,0,3,2,10,10,1,19,0,838,13337
oliveira/04_12/randm06.02.02.16.020_0030.05.aba.beta,True,2,3,0.0024399757385253906,0.009531974792480469,0.0013232231140136719,0.013295173645019531,14,2,0,0,5,3,16,14,2,36,0,550,8643
oliveira/04_12/randm06.02.02.17.020_0030.01.aba.beta,True,3,4,0.0048902034759521484,0.032030582427978516,0.001207590103149414,0.03812837600708008,27,3,0,0,15,7,33,22,5,96,0,552,8664
oliveira/04_12/randm06.02.02.17.020_0030.02.aba.beta,True,2,4,0.0047760009765625,0.031181812286376953,0.0012145042419433594,0.03717231750488281,31,2,0,0,20,6,39,22,5,119,0,548,8630
oliveira/04_12/randm06.02.02.17.020_0030.03.aba.beta,True,2,4,0.010177135467529297,0.02184319496154785,0.0012862682342529297,0.03330659866333008,35,2,0,0,24,5,39,20,4,145,0,543,8620
oliveira/04_12/randm06.02.02.17.020_0030.04.aba.beta,True,4,4,0.0064220428466796875,0.02911543846130371,0.0012259483337402344,0.03676342964172363,32,4,0,0,20,6,36,22,3,121,0,549,8623
oliveira/04_12/randm06.02.02.17.020_0030.05.aba.beta,True,3,4,0.0038619041442871094,0.011850357055664062,0.0011637210845947266,0.0168759822845459,18,3,0,0,9,3,19,16,1,48,0,538,8568
oliveira/04_12/randm06.02.02.18.020_0030.01.aba.beta,True,3,6,0.008310079574584961,0.03780198097229004,0.0011622905731201172,0.04727435111999512,77,3,0,0,67,4,81,39,2,395,0,555,8662
oliveira/04_12/randm06.02.02.18.020_0030.02.aba.beta,True,6,6,0.018966197967529297,0.111785888671875,0.0012001991271972656,0.13195228576660156,103,6,0,0,88,13,122,36,8,585,0,564,8671
oliveira/04_12/randm06.02.02.18.020_0030.03.aba.beta,True,4,6,0.010928153991699219,0.09128427505493164,0.0012557506561279297,0.10346817970275879,82,4,0,0,70,11,105,37,8,444,0,593,9240
oliveira/04_12/randm06.02.02.18.020_0030.04.aba.beta,True,7,6,0.027010202407836914,0.15571999549865723,0.0014753341674804688,0.1842055320739746,115,7,0,0,99,15,148,40,9,727,0,666,10328
oliveira/04_12/randm06.02.02.18.020_0030.05.aba.beta,True,4,6,0.013510942459106445,0.07819676399230957,0.0012052059173583984,0.09291291236877441,86,4,0,0,74,9,96,43,6,446,0,554,8648
oliveira/04_12/randm06.02.02.19.020_0030.01.aba.beta,True,1,1,0.0008463859558105469,0.0018768310546875,0.0011200904846191406,0.0038433074951171875,3,1,0,0,0,1,3,3,1,2,0,533,8572
oliveira/04_12/randm06.02.02.19.020_0030.02.aba.beta,True,1,1,0.0008258819580078125,0.001984834671020508,0.00107574462890625,0.0038864612579345703,3,1,0,0,0,1,3,3,1,2,0,537,8597
oliveira/04_12/randm06.02.02.19.020_0030.03.aba.beta,True,1,1,0.0012786388397216797,0.0017862319946289062,0.0010786056518554688,0.004143476486206055,3,1,0,0,0,1,3,3,1,2,0,533,8578
oliveira/04_12/randm06.02.02.19.020_0030.04.aba.beta,True,1,1,0.0008471012115478516,0.0018010139465332031,0.001199483871459961,0.0038475990295410156,3,1,0,0,0,1,3,3,1,2,0,523,8524
oliveira/04_12/randm06.02.02.19.020_0030.05.aba.beta,True,1,1,0.0007648468017578125,0.002021312713623047,0.0012392997741699219,0.004025459289550781,3,1,0,0,0,1,3,3,1,2,0,525,8527
oliveira/04_12/randm07.02.02.01.020_0030.01.aba.beta,True,1,1,0.0007126331329345703,0.001985311508178711,0.0011556148529052734,0.0038535594940185547,3,1,0,0,0,1,3,3,1,2,0,529,8553
oliveira/04_12/randm07.02.02.01.020_0030.02.aba.beta,True,1,1,0.0007383823394775391,0.0019402503967285156,0.0011138916015625,0.0037925243377685547,3,1,0,0,0,1,3,3,1,2,0,526,8542
oliveira/04_12/randm07.02.02.01.020_0030.03.aba.beta,True,1,1,0.0007505416870117188,0.001832723617553711,0.0011241436004638672,0.003707408905029297,3,1,0,0,0,1,3,3,1,2,0,531,8553
oliveira/04_12/randm07.02.02.01.020_0030.04.aba.beta,True,1,1,0.000812530517578125,0.001886606216430664,0.0013659000396728516,0.004065036773681641,3,1,0,0,0,1,3,3,1,2,0,530,8550
oliveira/04_12/randm07.02.02.01.020_0030.05.aba.beta,True,1,1,0.0007979869842529297,0.0017883777618408203,0.001155853271484375,0.003742218017578125,3,1,0,0,0,1,3,3,1,2,0,540,8609
oliveira/04_12/randm07.02.02.02.020_0030.01.aba.beta,True,1,1,0.0008261203765869141,0.002091646194458008,0.0011391639709472656,0.0040569305419921875,3,1,0,0,0,1,3,3,1,2,0,535,8587
oliveira/04_12/randm07.02.02.02.020_0030.02.aba.beta,True,1,1,0.0008168220520019531,0.0019266605377197266,0.0011658668518066406,0.00390934944152832,3,1,0,0,0,1,3,3,1,2,0,538,8598
oliveira/04_12/randm07.02.02.02.020_0030.03.aba.beta,True,1,1,0.0007631778717041016,0.0018551349639892578,0.0011723041534423828,0.003790616989135742,3,1,0,0,0,1,3,3,1,2,0,533,8583
oliveira/04_12/randm07.02.02.02.020_0030.04.aba.beta,True,1,1,0.0007352828979492188,0.0020956993103027344,0.0011184215545654297,0.003949403762817383,3,1,0,0,0,1,3,3,1,2,0,521,8515
oliveira/04_12/randm07.02.02.02.020_0030.05.aba.beta,True,1,1,0.0007383823394775391,0.0018305778503417969,0.001161336898803711,0.003730297088623047,3,1,0,0,0,1,3,3,1,2,0,531,8576
oliveira/04_12/randm07.02.02.03.020_0030.01.aba.beta,True,12,7,0.1216423511505127,0.9312782287597656,0.0015988349914550781,1.0545194149017334,214,12,0,0,175,61,250,56,50,1503,0,747,10840
oliveira/04_12/randm07.02.02.03.020_0030.02.aba.beta,True,10,7,0.06902289390563965,0.47511744499206543,0.0016336441040039062,0.545773983001709,178,10,0,0,150,31,224,47,22,1437,0,665,9605
oliveira/04_12/randm07.02.02.03.020_0030.03.aba.beta,True,15,7,0.16320061683654785,1.3890740871429443,0.0017704963684082031,1.5540452003479004,276,15,0,0,234,81,329,62,67,1971,0,836,12057
oliveira/04_12/randm07.02.02.03.020_0030.04.aba.beta,True,12,7,0.18247509002685547,1.3169140815734863,0.0021157264709472656,1.501504898071289,262,12,0,0,228,57,397,58,46,2071,0,985,14524
oliveira/04_12/randm07.02.02.03.020_0030.05.aba.beta,True,7,7,0.062427520751953125,0.54636549949646,0.0013821125030517578,0.6101751327514648,188,7,0,0,154,43,219,49,37,1260,0,638,9686
oliveira/04_12/randm07.02.02.04.020_0030.01.aba.beta,True,4,4,0.00548243522644043,0.017792463302612305,0.0015490055084228516,0.024823904037475586,19,4,0,0,9,4,29,17,1,69,0,713,11218
oliveira/04_12/randm07.02.02.04.020_0030.02.aba.beta,True,3,4,0.00443577766418457,0.01647186279296875,0.00188446044921875,0.02279210090637207,26,3,0,0,16,4,36,22,2,92,0,902,14260
oliveira/04_12/randm07.02.02.04.020_0030.03.aba.beta,True,5,4,0.01189112663269043,0.02876567840576172,0.0026786327362060547,0.0433354377746582,20,5,0,0,9,5,47,16,1,89,0,1215,19165
oliveira/04_12/randm07.02.02.04.020_0030.04.aba.beta,True,3,4,0.004202365875244141,0.015518426895141602,0.0016303062438964844,0.021351099014282227,18,3,0,0,9,3,46,17,1,83,0,740,11953
oliveira/04_12/randm07.02.02.04.020_0030.05.aba.beta,True,5,4,0.009418487548828125,0.02115797996520996,0.0012929439544677734,0.03186941146850586,19,5,0,0,8,5,28,16,1,71,0,618,9566
oliveira/04_12/randm07.02.02.05.020_0030.01.aba.beta,True,8,6,0.03646206855773926,0.31969356536865234,0.0013971328735351562,0.35755276679992676,84,8,0,0,56,28,124,33,21,473,0,653,9802
oliveira/04_12/randm07.02.02.05.020_0030.02.aba.beta,True,11,6,0.03287243843078613,0.2184903621673584,0.0018475055694580078,0.25321030616760254,74,11,0,0,50,21,124,38,11,461,0,847,12475
oliveira/04_12/randm07.02.02.05.020_0030.03.aba.beta,True,4,6,0.008829593658447266,0.05049753189086914,0.0012829303741455078,0.060610055923461914,39,4,0,0,24,9,61,25,6,202,0,584,9067
oliveira/04_12/randm07.02.02.05.020_0030.04.aba.beta,True,7,6,0.021848201751708984,0.12901711463928223,0.001379251480102539,0.15224456787109375,75,7,0,0,54,15,118,39,9,472,0,628,9346
oliveira/04_12/randm07.02.02.05.020_0030.05.aba.beta,True,5,6,0.009912967681884766,0.06520819664001465,0.0012502670288085938,0.07637143135070801,47,5,0,0,31,10,68,30,6,252,0,582,8878
oliveira/04_12/randm07.02.02.06.020_0030.01.aba.beta,True,3,4,0.004456520080566406,0.015005111694335938,0.0012006759643554688,0.020662307739257812,18,3,0,0,7,4,22,17,2,51,0,544,8607
oliveira/04_12/randm07.02.02.06.020_0030.02.aba.beta,True,3,4,0.004555702209472656,0.01558828353881836,0.0011813640594482422,0.021325349807739258,18,3,0,0,7,4,23,18,2,52,0,550,8637
oliveira/04_12/randm07.02.02.06.020_0030.03.aba.beta,True,3,4,0.007555961608886719,0.014243602752685547,0.0011386871337890625,0.022938251495361328,18,3,0,0,7,4,21,18,2,50,0,549,8627
oliveira/04_12/randm07.02.02.06.020_0030.04.aba.beta,True,2,4,0.0036606788635253906,0.018716096878051758,0.0011749267578125,0.02355170249938965,20,2,0,0,8,5,24,19,4,60,0,544,8625
oliveira/04_12/randm07.02.02.06.020_0030.05.aba.beta,True,2,4,0.003434419631958008,0.01761007308959961,0.0011715888977050781,0.022216081619262695,19,2,0,0,7,5,23,18,4,55,0,543,8613
oliveira/04_12/randm07.02.02.07.020_0030.01.aba.beta,True,9,6,0.054393768310546875,0.39542174339294434,0.0015254020690917969,0.451340913772583,135,9,0,0,107,30,159,40,22,941,0,635,9296
oliveira/04_12/randm07.02.02.07.020_0030.02.aba.beta,True,12,6,0.12398838996887207,0.7007081508636475,0.0021724700927734375,0.826869010925293,184,12,0,0,151,37,293,44,26,1336,0,969,14188
oliveira/04_12/randm07.02.02.07.020_0030.03.aba.beta,True,9,6,0.023725271224975586,0.15070176124572754,0.0015225410461425781,0.1759495735168457,62,9,0,0,41,15,96,31,7,376,0,702,10433
oliveira/04_12/randm07.02.02.07.020_0030.04.aba.beta,True,11,6,0.030269384384155273,0.16945981979370117,0.0023126602172851562,0.2020418643951416,90,11,0,0,67,15,122,35,5,623,0,1061,16047
oliveira/04_12/randm07.02.02.07.020_0030.05.aba.beta,True,10,6,0.05077838897705078,0.47606992721557617,0.002204418182373047,0.529052734375,127,10,0,0,99,31,232,45,22,949,0,1000,14834
oliveira/04_12/randm07.02.02.08.020_0030.01.aba.beta,True,1,1,0.0009789466857910156,0.001971721649169922,0.0011060237884521484,0.004056692123413086,3,1,0,0,0,1,3,3,1,2,0,542,8613
oliveira/04_12/randm07.02.02.08.020_0030.02.aba.beta,True,1,1,0.0010983943939208984,0.0031518936157226562,0.0012292861938476562,0.005479574203491211,3,1,0,0,0,1,3,3,1,2,0,539,8607
oliveira/04_12/randm07.02.02.08.020_0030.03.aba.beta,True,1,1,0.0007221698760986328,0.0019497871398925781,0.0011684894561767578,0.0038404464721679688,3,1,0,0,0,1,3,3,1,2,0,534,8577
oliveira/04_12/randm07.02.02.08.020_0030.04.aba.beta,True,1,1,0.0007352828979492188,0.0018012523651123047,0.0011010169982910156,0.003637552261352539,3,1,0,0,0,1,3,3,1,2,0,536,8592
oliveira/04_12/randm07.02.02.08.020_0030.05.aba.beta,True,1,1,0.0008544921875,0.002029895782470703,0.0011773109436035156,0.004061698913574219,3,1,0,0,0,1,3,3,1,2,0,536,8587
oliveira/04_12/randm07.02.02.09.020_0030.01.aba.beta,True,2,3,0.0025320053100585938,0.010005950927734375,0.0011277198791503906,0.01366567611694336,15,2,0,0,6,3,21,14,2,43,0,545,8635
oliveira/04_12/randm07.02.02.09.020_0030.02.aba.beta,True,2,3,0.00785684585571289,0.009440183639526367,0.0010869503021240234,0.01838397979736328,14,2,0,0,5,3,14,14,2,33,0,536,8557
oliveira/04_12/randm07.02.02.09.020_0030.03.aba.beta,True,2,3,0.002511739730834961,0.009500503540039062,0.0011684894561767578,0.013180732727050781,15,2,0,0,6,3,16,14,2,38,0,546,8623
oliveira/04_12/randm07.02.02.09.020_0030.04.aba.beta,True,2,3,0.0032112598419189453,0.010606765747070312,0.0011456012725830078,0.014963626861572266,15,2,0,0,6,3,23,14,2,45,0,545,8638
oliveira/04_12/randm07.02.02.09.020_0030.05.aba.beta,True,2,3,0.003116607666015625,0.010654687881469727,0.001188039779663086,0.014959335327148438,17,2,0,0,8,3,22,13,2,51,0,540,8595
oliveira/04_12/randm07.02.02.10.020_0030.01.aba.beta,True,1,1,0.0010662078857421875,0.0019333362579345703,0.0011169910430908203,0.004116535186767578,3,1,0,0,0,1,3,3,1,2,0,537,8599
oliveira/04_12/randm07.02.02.10.020_0030.02.aba.beta,True,1,1,0.001112222671508789,0.0019207000732421875,0.0012001991271972656,0.004233121871948242,3,1,0,0,0,1,3,3,1,2,0,540,8608
oliveira/04_12/randm07.02.02.10.020_0030.03.aba.beta,True,1,1,0.0007319450378417969,0.0019464492797851562,0.0011532306671142578,0.003831624984741211,3,1,0,0,0,1,3,3,1,2,0,527,8497
oliveira/04_12/randm07.02.02.10.020_0030.04.aba.beta,True,1,1,0.006880760192871094,0.0018396377563476562,0.0010590553283691406,0.00977945327758789,3,1,0,0,0,1,3,3,1,2,0,537,8603
oliveira/04_12/randm07.02.02.10.020_0030.05.aba.beta,True,1,1,0.0011816024780273438,0.0018572807312011719,0.0012178421020507812,0.004256725311279297,3,1,0,0,0,1,3,3,1,2,0,528,8551
oliveira/04_12/randm07.02.02.11.020_0030.01.aba.beta,True,7,5,0.014290094375610352,0.07305431365966797,0.0015261173248291016,0.08887052536010742,40,7,0,0,24,11,80,27,5,193,0,698,10780
oliveira/04_12/randm07.02.02.11.020_0030.02.aba.beta,True,4,5,0.006615400314331055,0.03414607048034668,0.001924753189086914,0.04268622398376465,29,4,0,0,15,7,45,25,4,121,0,929,14692
oliveira/04_12/randm07.02.02.11.020_0030.03.aba.beta,True,5,5,0.0077838897705078125,0.05251598358154297,0.0018129348754882812,0.06211280822753906,29,5,0,0,14,8,90,22,4,187,0,830,13171
oliveira/04_12/randm07.02.02.11.020_0030.04.aba.beta,True,5,5,0.020707368850708008,0.07583189010620117,0.0015168190002441406,0.09805607795715332,52,5,0,0,33,12,68,27,8,254,0,675,10468
oliveira/04_12/randm07.02.02.11.020_0030.05.aba.beta,True,5,5,0.01429891586303711,0.05057549476623535,0.0013935565948486328,0.0662679672241211,28,5,0,0,13,9,60,19,5,148,0,656,10034
oliveira/04_12/randm07.02.02.12.020_0030.01.aba.beta,True,2,3,0.0034520626068115234,0.009372234344482422,0.0011761188507080078,0.014000415802001953,16,2,0,0,8,3,18,16,2,44,0,541,8597
oliveira/04_12/randm07.02.02.12.020_0030.02.aba.beta,True,2,3,0.0025031566619873047,0.00630640983581543,0.0012106895446777344,0.010020256042480469,13,2,0,0,6,2,13,11,1,30,0,538,8593
oliveira/04_12/randm07.02.02.12.020_0030.03.aba.beta,True,2,3,0.002253293991088867,0.00632476806640625,0.0011265277862548828,0.00970458984375,13,2,0,0,6,2,13,12,1,30,0,534,8576
oliveira/04_12/randm07.02.02.12.020_0030.04.aba.beta,True,2,3,0.0030045509338378906,0.009613752365112305,0.0011894702911376953,0.01380777359008789,16,2,0,0,8,3,19,15,2,45,0,534,8569
oliveira/04_12/randm07.02.02.12.020_0030.05.aba.beta,True,2,3,0.0026617050170898438,0.009468793869018555,0.0012810230255126953,0.013411521911621094,14,2,0,0,6,3,20,12,2,39,0,544,8631
oliveira/04_12/randm07.02.02.13.020_0030.01.aba.beta,True,8,7,0.033388376235961914,0.21579957008361816,0.0016939640045166016,0.2508819103240967,73,8,0,0,50,23,123,36,16,431,0,780,11708
oliveira/04_12/randm07.02.02.13.020_0030.02.aba.beta,True,14,7,0.06880569458007812,0.5152370929718018,0.002360105514526367,0.5864028930664062,95,14,0,0,65,32,174,36,19,829,0,1047,15904
oliveira/04_12/randm07.02.02.13.020_0030.03.aba.beta,True,10,7,0.05480170249938965,0.3759927749633789,0.002508401870727539,0.4333028793334961,129,10,0,0,105,30,192,44,21,880,0,1116,16723
oliveira/04_12/randm07.02.02.13.020_0030.04.aba.beta,True,12,7,0.12951016426086426,0.9772281646728516,0.0019350051879882812,1.108673334121704,259,12,0,0,226,47,335,58,36,1969,0,872,12735
oliveira/04_12/randm07.02.02.13.020_0030.05.aba.beta,True,10,7,0.053235769271850586,0.34381556510925293,0.0014722347259521484,0.39852356910705566,85,10,0,0,60,26,119,39,17,636,0,692,9871
oliveira/04_12/randm07.02.02.14.020_0030.01.aba.beta,True,2,3,0.004092216491699219,0.011467218399047852,0.001253366470336914,0.016812801361083984,14,2,0,0,5,3,27,13,2,46,0,559,8755
oliveira/04_12/randm07.02.02.14.020_0030.02.aba.beta,True,2,3,0.0028083324432373047,0.011151313781738281,0.0012099742889404297,0.015169620513916016,14,2,0,0,5,3,20,14,2,39,0,548,8632
oliveira/04_12/randm07.02.02.14.020_0030.03.aba.beta,True,2,3,0.002839326858520508,0.01192474365234375,0.0011758804321289062,0.015939950942993164,14,2,0,0,5,3,31,13,2,50,0,569,9159
oliveira/04_12/randm07.02.02.14.020_0030.04.aba.beta,True,2,3,0.0028183460235595703,0.009395837783813477,0.0012011528015136719,0.013415336608886719,13,2,0,0,4,3,16,12,2,33,0,537,8579
oliveira/04_12/randm07.02.02.14.020_0030.05.aba.beta,True,2,3,0.0028829574584960938,0.008558034896850586,0.0011069774627685547,0.012547969818115234,12,2,0,0,3,3,12,12,2,26,0,544,8613
oliveira/04_12/randm07.02.02.15.020_0030.01.aba.beta,True,7,7,0.023752927780151367,0.14490556716918945,0.0013608932495117188,0.17001938819885254,103,7,0,0,82,13,145,41,7,654,0,610,9040
oliveira/04_12/randm07.02.02.15.020_0030.02.aba.beta,True,7,7,0.1511063575744629,1.2486329078674316,0.0014140605926513672,1.401153326034546,221,7,0,0,189,67,343,46,61,1605,0,626,9424
oliveira/04_12/randm07.02.02.15.020_0030.03.aba.beta,True,10,7,0.7267754077911377,4.619258403778076,0.0026862621307373047,5.348720073699951,441,10,0,0,400,136,644,63,127,3534,0,1180,18020
oliveira/04_12/randm07.02.02.15.020_0030.04.aba.beta,True,7,7,0.028419971466064453,0.16533160209655762,0.0015006065368652344,0.1952521800994873,89,7,0,0,70,13,143,39,7,610,0,657,9847
oliveira/04_12/randm07.02.02.15.020_0030.05.aba.beta,True,16,7,0.25727057456970215,1.6449549198150635,0.0033507347106933594,1.905576229095459,225,16,0,0,186,70,346,57,55,1650,0,1496,22643
oliveira/04_12/randm07.02.02.16.020_0030.01.aba.beta,True,3,4,0.004572868347167969,0.016255855560302734,0.0012631416320800781,0.02209186553955078,18,3,0,0,8,4,24,17,2,61,0,560,8699
oliveira/04_12/randm07.02.02.16.020_0030.02.aba.beta,True,2,4,0.0029914379119873047,0.010934591293334961,0.0012934207916259766,0.015219449996948242,18,2,0,0,9,3,23,16,2,56,0,542,8605
oliveira/04_12/randm07.02.02.16.020_0030.03.aba.beta,True,4,4,0.0063097476959228516,0.020765304565429688,0.0015404224395751953,0.028615474700927734,18,4,0,0,7,5,22,13,2,56,0,674,10733
oliveira/04_12/randm07.02.02.16.020_0030.04.aba.beta,True,4,4,0.006867647171020508,0.04417729377746582,0.0011951923370361328,0.05224013328552246,19,4,0,0,7,7,28,17,4,83,0,569,8769
oliveira/04_12/randm07.02.02.16.020_0030.05.aba.beta,True,3,4,0.004785060882568359,0.022315263748168945,0.0012238025665283203,0.028324127197265625,19,3,0,0,9,4,36,15,2,74,0,559,8783
oliveira/04_12/randm07.02.02.17.020_0030.01.aba.beta,True,9,6,0.0371403694152832,0.2283647060394287,0.0018508434295654297,0.26735591888427734,82,9,0,0,57,23,137,39,15,557,0,839,12650
oliveira/04_12/randm07.02.02.17.020_0030.02.aba.beta,True,5,6,0.017930984497070312,0.15172219276428223,0.0012421607971191406,0.17089533805847168,88,5,0,0,71,17,128,44,13,524,0,599,9128
oliveira/04_12/randm07.02.02.17.020_0030.03.aba.beta,True,5,6,0.011300086975097656,0.05972647666931152,0.0014066696166992188,0.0724332332611084,45,5,0,0,26,11,75,32,7,229,0,651,9919
oliveira/04_12/randm07.02.02.17.020_0030.04.aba.beta,True,15,6,0.04464077949523926,0.32637643814086914,0.0019068717956542969,0.3729240894317627,90,15,0,0,59,29,143,45,15,652,0,887,12684
oliveira/04_12/randm07.02.02.17.020_0030.05.aba.beta,True,6,6,0.022943496704101562,0.14612126350402832,0.0015606880187988281,0.1706254482269287,71,6,0,0,49,18,111,39,13,393,0,672,10107
oliveira/04_12/randm07.02.02.18.020_0030.01.aba.beta,True,16,7,0.1334066390991211,0.8565537929534912,0.0022919178009033203,0.9922523498535156,127,16,0,0,77,47,265,49,32,953,0,1027,14842
oliveira/04_12/randm07.02.02.18.020_0030.02.aba.beta,True,6,7,0.057285308837890625,0.3953251838684082,0.0016562938690185547,0.4542667865753174,143,6,0,0,109,33,225,47,28,1036,0,700,10700
oliveira/04_12/randm07.02.02.18.020_0030.03.aba.beta,True,16,7,0.12310338020324707,0.639636754989624,0.002927064895629883,0.765667200088501,121,16,0,0,78,41,299,47,26,983,0,1332,19841
oliveira/04_12/randm07.02.02.18.020_0030.04.aba.beta,True,21,7,0.1840512752532959,1.0558254718780518,0.0028471946716308594,1.2427239418029785,154,21,0,0,108,49,351,58,29,1265,0,1324,19001
oliveira/04_12/randm07.02.02.18.020_0030.05.aba.beta,True,17,7,0.1564328670501709,0.9509086608886719,0.0034770965576171875,1.11081862449646,141,17,0,0,91,66,244,56,50,1149,0,1400,20403
oliveira/04_12/randm07.02.02.19.020_0030.01.aba.beta,True,9,5,0.017294645309448242,0.13250327110290527,0.0015883445739746094,0.15138626098632812,55,9,0,0,36,15,86,32,7,319,0,732,10958
oliveira/04_12/randm07.02.02.19.020_0030.02.aba.beta,True,7,5,0.030407190322875977,0.16375446319580078,0.0033783912658691406,0.1975400447845459,58,7,0,0,41,18,87,30,12,352,0,673,10299
oliveira/04_12/randm07.02.02.19.020_0030.03.aba.beta,True,4,5,0.009813547134399414,0.10654568672180176,0.0014753341674804688,0.11783456802368164,52,4,0,0,34,16,76,37,13,249,0,635,9853
oliveira/04_12/randm07.02.02.19.020_0030.04.aba.beta,True,8,5,0.0260007381439209,0.18259572982788086,0.0016663074493408203,0.21026277542114258,84,8,0,0,62,20,135,36,13,570,0,795,12063
oliveira/04_12/randm07.02.02.19.020_0030.05.aba.beta,True,4,5,0.010244607925415039,0.1087796688079834,0.0015513896942138672,0.1205756664276123,51,4,0,0,33,16,65,33,13,221,0,724,11298
oliveira/04_12/randm08.02.02.01.020_0030.01.aba.beta,True,7,7,0.10729432106018066,0.9254500865936279,0.0014607906341552734,1.0342051982879639,179,7,0,0,158,59,216,61,53,1184,0,683,10243
oliveira/04_12/randm08.02.02.01.020_0030.02.aba.beta,True,7,7,0.04007363319396973,0.27575159072875977,0.0015025138854980469,0.31732773780822754,74,7,0,0,55,24,114,44,18,436,0,676,10125
oliveira/04_12/randm08.02.02.01.020_0030.03.aba.beta,True,9,7,0.06482648849487305,0.3645772933959961,0.0014567375183105469,0.4308605194091797,105,9,0,0,82,34,122,39,26,660,0,662,9731
oliveira/04_12/randm08.02.02.01.020_0030.04.aba.beta,True,9,7,0.03638744354248047,0.2357313632965088,0.0019893646240234375,0.2741081714630127,116,9,0,0,96,18,172,49,10,771,0,940,14166
oliveira/04_12/randm08.02.02.01.020_0030.05.aba.beta,True,5,7,0.018984079360961914,0.16848540306091309,0.0014200210571289062,0.1888895034790039,94,5,0,0,77,16,115,39,12,523,0,630,9674
oliveira/04_12/randm08.02.02.02.020_0030.01.aba.beta,True,5,6,0.01069498062133789,0.03843975067138672,0.001233816146850586,0.050368547439575195,54,5,0,0,41,7,60,31,3,261,0,569,8728
oliveira/04_12/randm08.02.02.02.020_0030.02.aba.beta,True,9,6,0.05313253402709961,0.23524069786071777,0.0014348030090332031,0.2898080348968506,131,9,0,0,113,23,151,37,15,878,0,619,9235
oliveira/04_12/randm08.02.02.02.020_0030.03.aba.beta,True,8,6,0.03142261505126953,0.18299150466918945,0.001434326171875,0.21584844589233398,135,8,0,0,118,15,140,44,8,906,0,623,9197
oliveira/04_12/randm08.02.02.02.020_0030.04.aba.beta,True,6,6,0.02127385139465332,0.07428550720214844,0.0013551712036132812,0.09691452980041504,77,6,0,0,61,11,81,36,6,440,0,627,9610
oliveira/04_12/randm08.02.02.02.020_0030.05.aba.beta,True,9,6,0.044254302978515625,0.10096216201782227,0.001390695571899414,0.1466071605682373,76,9,0,0,58,11,89,32,3,485,0,661,9629
oliveira/04_12/randm08.02.02.03.020_0030.01.aba.beta,True,5,7,0.04149580001831055,0.29379725456237793,0.0011935234069824219,0.3364865779876709,114,5,0,0,96,21,181,39,17,707,0,569,8743
oliveira/04_12/randm08.02.02.03.020_0030.02.aba.beta,True,5,7,0.04271984100341797,0.4423348903656006,0.0012764930725097656,0.4863312244415283,138,5,0,0,118,28,216,45,24,841,0,613,9380
oliveira/04_12/randm08.02.02.03.020_0030.03.aba.beta,True,7,7,0.07675766944885254,0.7841870784759521,0.002067089080810547,0.8630118370056152,127,7,0,0,103,52,233,43,46,849,0,914,14061
oliveira/04_12/randm08.02.02.03.020_0030.04.aba.beta,True,8,7,0.0416111946105957,0.2711946964263916,0.0014748573303222656,0.31428074836730957,85,8,0,0,66,30,122,39,23,548,0,658,9814
oliveira/04_12/randm08.02.02.03.020_0030.05.aba.beta,True,8,7,0.028922080993652344,0.25449061393737793,0.0013530254364013672,0.28476572036743164,87,8,0,0,63,29,114,39,22,525,0,634,9289
oliveira/04_12/randm08.02.02.04.020_0030.01.aba.beta,True,6,6,0.038167715072631836,0.4237673282623291,0.00153350830078125,0.4634685516357422,61,6,0,0,31,48,98,36,43,331,0,670,10277
oliveira/04_12/randm08.02.02.04.020_0030.02.aba.beta,True,7,6,0.016525983810424805,0.06824183464050293,0.0014464855194091797,0.08621430397033691,41,7,0,0,23,10,73,20,4,235,0,638,9719
oliveira/04_12/randm08.02.02.04.020_0030.03.aba.beta,True,7,6,0.019564151763916016,0.17682862281799316,0.00142669677734375,0.19781947135925293,65,7,0,0,42,21,96,39,15,357,0,685,10397
oliveira/04_12/randm08.02.02.04.020_0030.04.aba.beta,True,5,6,0.02526402473449707,0.22208452224731445,0.001432657241821289,0.2487812042236328,73,5,0,0,50,26,109,46,22,401,0,631,9630
oliveira/04_12/randm08.02.02.04.020_0030.05.aba.beta,True,12,6,0.04913330078125,0.2633230686187744,0.0016934871673583984,0.3141498565673828,58,12,0,0,30,28,90,36,17,347,0,790,11473
oliveira/04_12/randm08.02.02.05.020_0030.01.aba.beta,True,3,5,0.008216381072998047,0.06260395050048828,0.0011947154998779297,0.07201504707336426,49,3,0,0,34,9,64,29,7,242,0,560,8722
oliveira/04_12/randm08.02.02.05.020_0030.02.aba.beta,True,3,5,0.006434917449951172,0.040917158126831055,0.001150369644165039,0.048502445220947266,33,3,0,0,17,9,41,23,7,152,0,560,8713
oliveira/04_12/randm08.02.02.05.020_0030.03.aba.beta,True,4,5,0.010409116744995117,0.0787515640258789,0.0012359619140625,0.09039664268493652,56,4,0,0,36,13,79,31,10,308,0,594,9163
oliveira/04_12/randm08.02.02.05.020_0030.04.aba.beta,True,4,5,0.012029409408569336,0.09549212455749512,0.0013608932495117188,0.10888242721557617,55,4,0,0,34,14,70,30,11,266,0,620,9634
oliveira/04_12/randm08.02.02.05.020_0030.05.aba.beta,True,5,5,0.011458158493041992,0.05778622627258301,0.0012774467468261719,0.07052183151245117,34,5,0,0,16,11,48,20,7,186,0,611,9217
oliveira/04_12/randm08.02.02.06.020_0030.01.aba.beta,True,6,8,0.037261247634887695,0.2120223045349121,0.0034770965576171875,0.252760648727417,183,6,0,0,170,11,239,61,6,1316,0,647,9933
oliveira/04_12/randm08.02.02.06.020_0030.02.aba.beta,True,9,8,0.08260393142700195,0.47269320487976074,0.0016582012176513672,0.5569553375244141,218,9,0,0,197,26,303,55,18,1538,0,717,10575
oliveira/04_12/randm08.02.02.06.020_0030.03.aba.beta,True,8,8,0.06566762924194336,0.3339834213256836,0.001634836196899414,0.40128588676452637,173,8,0,0,152,21,230,53,14,1168,0,708,10615
oliveira/04_12/randm08.02.02.06.020_0030.04.aba.beta,True,5,8,0.026767253875732422,0.22354626655578613,0.0015358924865722656,0.2518494129180908,148,5,0,0,136,13,193,58,9,931,0,614,9350
oliveira/04_12/randm08.02.02.06.020_0030.05.aba.beta,True,11,8,0.31188368797302246,1.622596263885498,0.001451253890991211,1.9359312057495117,233,11,0,0,211,76,297,47,66,1604,0,643,9372
oliveira/04_12/randm08.02.02.07.020_0030.01.aba.beta,True,1,1,0.0006310939788818359,0.008020639419555664,0.0011169910430908203,0.00976872444152832,3,1,0,0,0,1,3,3,1,2,0,536,8587
oliveira/04_12/randm08.02.02.07.020_0030.02.aba.beta,True,1,1,0.0008409023284912109,0.0018918514251708984,0.0011682510375976562,0.0039010047912597656,3,1,0,0,0,1,3,3,1,2,0,524,8514
oliveira/04_12/randm08.02.02.07.020_0030.03.aba.beta,True,1,1,0.000896453857421875,0.0020449161529541016,0.0011403560638427734,0.00408172607421875,3,1,0,0,0,1,3,3,1,2,0,519,8504
oliveira/04_12/randm08.02.02.07.020_0030.04.aba.beta,True,1,1,0.0007500648498535156,0.0019099712371826172,0.0011749267578125,0.003834962844848633,3,1,0,0,0,1,3,3,1,2,0,539,8604
oliveira/04_12/randm08.02.02.07.020_0030.05.aba.beta,True,1,1,0.00075531005859375,0.0021696090698242188,0.0011227130889892578,0.0040476322174072266,3,1,0,0,0,1,3,3,1,2,0,530,8566
oliveira/04_12/randm08.02.02.08.020_0030.01.aba.beta,True,12,6,0.1800861358642578,1.974379301071167,0.0018756389617919922,2.156341075897217,161,12,0,0,84,121,225,61,110,1099,0,876,12700
oliveira/04_12/randm08.02.02.08.020_0030.02.aba.beta,True,17,6,0.22968626022338867,2.8905396461486816,0.0026705265045166016,3.122896432876587,179,17,0,0,95,138,237,56,122,1253,0,1150,17089
oliveira/04_12/randm08.02.02.08.020_0030.03.aba.beta,True,12,6,0.06413125991821289,0.432966947555542,0.002581357955932617,0.4996795654296875,108,12,0,0,74,41,211,41,30,760,0,1164,17879
oliveira/04_12/randm08.02.02.08.020_0030.04.aba.beta,True,8,6,0.12270927429199219,1.6298909187316895,0.0016508102416992188,1.7542510032653809,103,8,0,0,34,106,136,55,99,583,0,711,10478
oliveira/04_12/randm08.02.02.08.020_0030.05.aba.beta,True,5,6,0.17075252532958984,1.4374868869781494,0.001337289810180664,1.60957670211792,135,5,0,0,89,103,200,41,99,909,0,589,8980
oliveira/04_12/randm08.02.02.09.020_0030.01.aba.beta,True,6,7,0.025597572326660156,0.1516728401184082,0.0016026496887207031,0.17887306213378906,97,6,0,0,76,16,130,45,11,540,0,744,11411
oliveira/04_12/randm08.02.02.09.020_0030.02.aba.beta,True,11,7,0.04429054260253906,0.23604583740234375,0.0034105777740478516,0.28374695777893066,87,11,0,0,61,19,187,38,9,604,0,1525,23667
oliveira/04_12/randm08.02.02.09.020_0030.03.aba.beta,True,7,7,0.03960466384887695,0.21066975593566895,0.001569509506225586,0.2518439292907715,90,7,0,0,63,23,127,40,17,539,0,733,11189
oliveira/04_12/randm08.02.02.09.020_0030.04.aba.beta,True,16,7,0.10674595832824707,0.6724262237548828,0.0026361942291259766,0.7818083763122559,152,16,0,0,120,43,231,53,28,1128,0,1213,17723
oliveira/04_12/randm08.02.02.09.020_0030.05.aba.beta,True,8,7,0.12139654159545898,0.6543128490447998,0.0016741752624511719,0.77738356590271,243,8,0,0,218,36,263,45,29,1715,0,744,11344
oliveira/04_12/randm08.02.02.10.020_0030.01.aba.beta,True,15,7,0.09864115715026855,0.4966766834259033,0.0031919479370117188,0.5985097885131836,158,15,0,0,128,30,232,49,16,1176,0,1408,20936
oliveira/04_12/randm08.02.02.10.020_0030.02.aba.beta,True,14,7,0.08370804786682129,0.47275662422180176,0.004292011260986328,0.5607566833496094,102,14,0,0,64,35,214,46,22,756,0,1863,28695
oliveira/04_12/randm08.02.02.10.020_0030.03.aba.beta,True,10,7,0.06922101974487305,0.5723035335540771,0.0020995140075683594,0.6436240673065186,128,10,0,0,86,43,205,52,34,862,0,951,14154
oliveira/04_12/randm08.02.02.10.020_0030.04.aba.beta,True,14,7,0.06714105606079102,0.577573299407959,0.003277301788330078,0.6479916572570801,98,14,0,0,51,46,182,48,33,657,0,1486,22312
oliveira/04_12/randm08.02.02.10.020_0030.05.aba.beta,True,9,7,0.04418587684631348,0.29229211807250977,0.002773284912109375,0.3392512798309326,136,9,0,0,106,29,196,52,21,997,0,1239,19317
oliveira/04_12/randm08.02.02.11.020_0030.01.aba.beta,True,25,8,3.816746473312378,17.032809734344482,0.002939939498901367,20.85249614715576,657,25,0,0,588,342,834,69,318,7028,0,1310,18039
oliveira/04_12/randm08.02.02.11.020_0030.02.aba.beta,True,23,8,0.42534899711608887,2.0128047466278076,0.006217002868652344,2.444370746612549,362,23,0,0,317,66,466,60,44,3119,0,2745,42331
oliveira/04_12/randm08.02.02.11.020_0030.03.aba.beta,True,16,8,0.1932060718536377,1.192049503326416,0.0026209354400634766,1.3878765106201172,229,16,0,0,192,56,362,52,41,2069,0,1190,17741
oliveira/04_12/randm08.02.02.11.020_0030.04.aba.beta,True,12,8,0.22504758834838867,1.080878734588623,0.002218961715698242,1.30814528465271,229,12,0,0,200,51,290,64,40,1901,0,1000,14531
oliveira/04_12/randm08.02.02.11.020_0030.05.aba.beta,True,15,8,0.18753266334533691,1.1330223083496094,0.002965211868286133,1.3235201835632324,209,15,0,0,178,57,291,58,43,1667,0,1315,19394
oliveira/04_12/randm08.02.02.12.020_0030.01.aba.beta,True,8,5,0.014075279235839844,0.06505489349365234,0.0017421245574951172,0.0808722972869873,28,8,0,0,10,10,74,19,3,173,0,789,12004
oliveira/04_12/randm08.02.02.12.020_0030.02.aba.beta,True,5,5,0.010120391845703125,0.06557464599609375,0.0018451213836669922,0.07754015922546387,39,5,0,0,22,11,72,25,7,214,0,837,13087
oliveira/04_12/randm08.02.02.12.020_0030.03.aba.beta,True,6,5,0.020171642303466797,0.1353774070739746,0.002343893051147461,0.15789294242858887,50,6,0,0,31,14,135,33,9,294,0,1025,15801
oliveira/04_12/randm08.02.02.12.020_0030.04.aba.beta,True,11,5,0.024826765060424805,0.09169197082519531,0.002106189727783203,0.11862492561340332,32,11,0,0,13,12,95,22,2,212,0,998,14886
oliveira/04_12/randm08.02.02.12.020_0030.05.aba.beta,True,5,5,0.015814542770385742,0.05314302444458008,0.0013689994812011719,0.07032656669616699,42,5,0,0,26,8,82,27,4,252,0,667,10215
oliveira/04_12/randm08.02.02.13.020_0030.01.aba.beta,True,7,8,0.7597064971923828,3.75775146484375,0.0016922950744628906,4.519150257110596,327,7,0,0,284,104,492,54,98,2601,0,757,11518
oliveira/04_12/randm08.02.02.13.020_0030.02.aba.beta,True,14,8,0.1680622100830078,1.1495344638824463,0.002879619598388672,1.3204762935638428,211,14,0,0,172,47,423,63,34,1569,0,1270,19002
oliveira/04_12/randm08.02.02.13.020_0030.03.aba.beta,True,8,8,0.05358529090881348,0.2400836944580078,0.0015726089477539062,0.2952415943145752,143,8,0,0,122,14,254,45,7,991,0,725,10939
oliveira/04_12/randm08.02.02.13.020_0030.04.aba.beta,True,14,8,0.22157764434814453,1.7292625904083252,0.0028541088104248047,1.9536943435668945,255,14,0,0,217,53,506,67,40,2064,0,1258,18759
oliveira/04_12/randm08.02.02.13.020_0030.05.aba.beta,True,13,8,0.7022073268890381,3.855325698852539,0.003598451614379883,4.561131477355957,271,13,0,0,222,110,466,65,98,2058,0,1416,21738
oliveira/04_12/randm08.02.02.14.020_0030.01.aba.beta,True,13,6,0.036340951919555664,0.30849123001098633,0.0031824111938476562,0.34801459312438965,62,13,0,0,29,28,162,43,16,414,0,1474,22417
oliveira/04_12/randm08.02.02.14.020_0030.02.aba.beta,True,17,6,0.0578305721282959,0.3919711112976074,0.0035483837127685547,0.4533500671386719,60,17,0,0,26,31,169,42,15,502,0,1634,24735
oliveira/04_12/randm08.02.02.14.020_0030.03.aba.beta,True,12,6,0.029447555541992188,0.21845793724060059,0.002567768096923828,0.2504732608795166,48,12,0,0,22,22,121,38,11,345,0,1093,16509
oliveira/04_12/randm08.02.02.14.020_0030.04.aba.beta,True,9,6,0.048273324966430664,0.39070773124694824,0.0016682147979736328,0.44064927101135254,70,9,0,0,32,35,147,39,27,488,0,748,11266
oliveira/04_12/randm08.02.02.14.020_0030.05.aba.beta,True,10,6,0.05399823188781738,0.3985776901245117,0.0019252300262451172,0.4545011520385742,75,10,0,0,44,33,156,39,24,493,0,863,12590
oliveira/04_12/randm08.02.02.15.020_0030.01.aba.beta,True,6,5,0.023138761520385742,0.06530284881591797,0.001646280288696289,0.090087890625,34,6,0,0,19,9,88,25,4,181,0,776,11913
oliveira/04_12/randm08.02.02.15.020_0030.02.aba.beta,True,7,5,0.020778179168701172,0.12075567245483398,0.001977205276489258,0.14351105690002441,45,7,0,0,28,13,93,26,7,282,0,904,13961
oliveira/04_12/randm08.02.02.15.020_0030.03.aba.beta,True,7,5,0.01599574089050293,0.09586548805236816,0.0019257068634033203,0.11378693580627441,42,7,0,0,25,12,81,27,6,224,0,858,13115
oliveira/04_12/randm08.02.02.15.020_0030.04.aba.beta,True,6,5,0.01660609245300293,0.09336972236633301,0.0019087791442871094,0.11188459396362305,42,6,0,0,26,11,101,27,6,246,0,845,13141
oliveira/04_12/randm08.02.02.15.020_0030.05.aba.beta,True,12,5,0.027093172073364258,0.17926549911499023,0.0019452571868896484,0.20830392837524414,49,12,0,0,25,19,115,35,8,307,0,901,13387
oliveira/04_12/randm08.02.02.16.020_0030.01.aba.beta,True,6,5,0.01526784896850586,0.1164696216583252,0.0014905929565429688,0.13322806358337402,41,6,0,0,14,20,56,27,15,185,0,668,10143
oliveira/04_12/randm08.02.02.16.020_0030.02.aba.beta,True,11,5,0.024761438369750977,0.1905207633972168,0.0014929771423339844,0.21677517890930176,44,11,0,0,14,26,80,29,16,260,0,701,10318
oliveira/04_12/randm08.02.02.16.020_0030.03.aba.beta,True,5,5,0.01698470115661621,0.10627174377441406,0.0015976428985595703,0.12485408782958984,34,5,0,0,12,17,55,28,13,173,0,685,10547
oliveira/04_12/randm08.02.02.16.020_0030.04.aba.beta,True,8,5,0.017628908157348633,0.14978337287902832,0.002248048782348633,0.16966032981872559,38,8,0,0,13,20,94,27,13,211,0,1011,15458
oliveira/04_12/randm08.02.02.16.020_0030.05.aba.beta,True,6,5,0.023543596267700195,0.1369001865386963,0.0018665790557861328,0.16231036186218262,35,6,0,0,12,18,79,30,13,199,0,832,13022
oliveira/04_12/randm08.02.02.17.020_0030.01.aba.beta,True,7,6,0.025928020477294922,0.12478947639465332,0.0012476444244384766,0.15196514129638672,105,7,0,0,90,16,112,31,10,624,0,580,8749
oliveira/04_12/randm08.02.02.17.020_0030.02.aba.beta,True,10,6,0.036086082458496094,0.17832350730895996,0.002421855926513672,0.21683144569396973,94,10,0,0,77,15,146,42,6,629,0,1091,16773
oliveira/04_12/randm08.02.02.17.020_0030.03.aba.beta,True,7,6,0.02447223663330078,0.10253095626831055,0.0014185905456542969,0.12842178344726562,83,7,0,0,68,12,94,37,6,462,0,641,9713
oliveira/04_12/randm08.02.02.17.020_0030.04.aba.beta,True,5,6,0.02376866340637207,0.1389024257659912,0.001275777816772461,0.16394686698913574,117,5,0,0,104,14,133,40,10,719,0,563,8693
oliveira/04_12/randm08.02.02.17.020_0030.05.aba.beta,True,7,6,0.03897452354431152,0.20817065238952637,0.0019478797912597656,0.24909305572509766,141,7,0,0,126,16,198,36,10,974,0,841,13433
oliveira/04_12/randm08.02.02.18.020_0030.01.aba.beta,True,5,6,0.014105558395385742,0.06184506416320801,0.0013134479522705078,0.07726407051086426,37,5,0,0,23,9,64,24,5,180,0,575,8872
oliveira/04_12/randm08.02.02.18.020_0030.02.aba.beta,True,11,6,0.03789877891540527,0.31214332580566406,0.0033206939697265625,0.3533627986907959,71,11,0,0,47,25,170,35,15,470,0,1435,22340
oliveira/04_12/randm08.02.02.18.020_0030.03.aba.beta,True,8,6,0.015292882919311523,0.08072781562805176,0.0027184486389160156,0.0987391471862793,33,8,0,0,16,10,79,27,3,170,0,1232,19043
oliveira/04_12/randm08.02.02.18.020_0030.04.aba.beta,True,7,6,0.06591320037841797,0.6811697483062744,0.0021283626556396484,0.749211311340332,147,7,0,0,119,41,275,47,35,1070,0,901,13904
oliveira/04_12/randm08.02.02.18.020_0030.05.aba.beta,True,10,6,0.036039113998413086,0.2022237777709961,0.0027887821197509766,0.24105167388916016,75,10,0,0,53,16,163,42,7,524,0,1274,19658
oliveira/04_12/randm08.02.02.19.020_0030.01.aba.beta,True,8,8,0.04916644096374512,0.34711217880249023,0.0013363361358642578,0.3976149559020996,168,8,0,0,146,22,222,56,15,1185,0,644,9493
oliveira/04_12/randm08.02.02.19.020_0030.02.aba.beta,True,11,8,0.10499835014343262,0.5514888763427734,0.0017819404602050781,0.6582691669464111,148,11,0,0,122,37,187,46,27,1018,0,749,11220
oliveira/04_12/randm08.02.02.19.020_0030.03.aba.beta,True,11,8,0.05281853675842285,0.35187196731567383,0.0016570091247558594,0.40634751319885254,172,11,0,0,146,24,210,63,14,1167,0,800,11643
oliveira/04_12/randm08.02.02.19.020_0030.04.aba.beta,True,13,8,0.1481473445892334,0.8976800441741943,0.0017533302307128906,1.0475807189941406,184,13,0,0,154,53,239,51,41,1365,0,797,11619
oliveira/04_12/randm08.02.02.19.020_0030.05.aba.beta,True,10,8,0.042456626892089844,0.3025999069213867,0.001851797103881836,0.3469083309173584,123,10,0,0,97,28,140,49,19,830,0,856,12669
oliveira/04_12/randm09.02.02.01.020_0030.01.aba.beta,True,17,9,0.38809967041015625,2.0872442722320557,0.005285978317260742,2.4806299209594727,239,17,0,0,196,54,395,55,38,2073,0,2224,34713
oliveira/04_12/randm09.02.02.01.020_0030.02.aba.beta,True,4,7,0.023690223693847656,0.09240555763244629,0.001249551773071289,0.11734533309936523,80,4,0,0,64,10,134,37,7,491,0,597,9304
oliveira/04_12/randm09.02.02.01.020_0030.03.aba.beta,True,18,9,0.6394026279449463,3.001328468322754,0.003779172897338867,3.644510269165039,252,18,0,0,202,97,406,48,80,1957,0,1679,25148
oliveira/04_12/randm09.02.02.01.020_0030.04.aba.beta,True,11,9,0.22837543487548828,1.3033652305603027,0.002510547637939453,1.5342512130737305,243,11,0,0,207,51,472,59,41,1937,0,1130,16992
oliveira/04_12/randm09.02.02.01.020_0030.05.aba.beta,True,6,9,1.1307435035705566,4.584135293960571,0.0014438629150390625,5.716322660446167,621,6,0,0,577,90,1065,64,85,6146,0,620,9400
oliveira/04_12/randm09.02.02.02.020_0030.01.aba.beta,True,17,8,0.6900215148925781,3.1226751804351807,0.00344085693359375,3.8161375522613525,419,17,0,0,389,92,530,78,76,3296,0,1533,22672
oliveira/04_12/randm09.02.02.02.020_0030.02.aba.beta,True,7,7,0.031662940979003906,0.08316922187805176,0.0015406608581542969,0.11637282371520996,64,7,0,0,48,8,100,34,2,349,0,749,11456
oliveira/04_12/randm09.02.02.02.020_0030.03.aba.beta,True,13,8,0.049559831619262695,0.24748897552490234,0.0024890899658203125,0.29953789710998535,143,13,0,0,116,20,182,55,8,976,0,1135,16766
oliveira/04_12/randm09.02.02.02.020_0030.04.aba.beta,True,20,8,1.2779686450958252,7.74434757232666,0.006076335906982422,9.028392553329468,431,20,0,0,379,192,642,76,173,3453,0,2577,40079
oliveira/04_12/randm09.02.02.02.020_0030.05.aba.beta,True,13,7,0.23023486137390137,1.3107950687408447,0.0030448436737060547,1.5440747737884521,228,13,0,0,189,55,374,54,43,1833,0,1408,21196
oliveira/04_12/randm09.02.02.03.020_0030.01.aba.beta,True,17,8,0.28108787536621094,1.5494084358215332,0.0033702850341796875,1.8338665962219238,288,17,0,0,251,48,435,54,32,2586,0,1446,21660
oliveira/04_12/randm09.02.02.03.020_0030.02.aba.beta,True,14,8,0.23410630226135254,1.0760645866394043,0.002337932586669922,1.3125088214874268,315,14,0,0,287,40,457,54,27,2908,0,1045,15807
oliveira/04_12/randm09.02.02.03.020_0030.03.aba.beta,True,21,8,0.5860328674316406,4.318946599960327,0.0027556419372558594,4.907735109329224,401,21,0,0,352,112,464,70,92,3388,0,1209,17584
oliveira/04_12/randm09.02.02.03.020_0030.04.aba.beta,True,14,8,0.07964730262756348,0.29616808891296387,0.003179311752319336,0.3789947032928467,104,14,0,0,79,22,178,52,9,709,0,1459,21929
oliveira/04_12/randm09.02.02.03.020_0030.05.aba.beta,True,11,8,0.04864168167114258,0.24149322509765625,0.002317190170288086,0.2924520969390869,115,11,0,0,93,19,188,47,9,784,0,1088,16330
oliveira/04_12/randm09.02.02.04.020_0030.01.aba.beta,True,11,7,0.09142827987670898,0.6645572185516357,0.0021164417266845703,0.7581019401550293,149,11,0,0,125,42,226,47,32,1107,0,967,14318
oliveira/04_12/randm09.02.02.04.020_0030.02.aba.beta,True,6,7,0.029805421829223633,0.0833139419555664,0.0012278556823730469,0.11434721946716309,69,6,0,0,52,11,85,35,6,367,0,577,8802
oliveira/04_12/randm09.02.02.04.020_0030.03.aba.beta,True,6,7,0.021500110626220703,0.13004636764526367,0.0014252662658691406,0.15297174453735352,97,6,0,0,80,14,132,41,9,592,0,662,10138
oliveira/04_12/randm09.02.02.04.020_0030.04.aba.beta,True,4,7,0.013257741928100586,0.08484697341918945,0.001430511474609375,0.09953522682189941,89,4,0,0,74,11,106,36,8,506,0,613,9522
oliveira/04_12/randm09.02.02.04.020_0030.05.aba.beta,True,11,7,0.10671305656433105,0.6758368015289307,0.0022907257080078125,0.7848405838012695,202,11,0,0,179,40,243,55,30,1488,0,1036,15499
oliveira/04_12/randm09.02.02.05.020_0030.01.aba.beta,True,8,8,0.062169790267944336,0.19760370254516602,0.0014758110046386719,0.261249303817749,151,8,0,0,131,15,181,51,8,960,0,708,10526
oliveira/04_12/randm09.02.02.05.020_0030.02.aba.beta,True,10,8,0.24941062927246094,1.0780887603759766,0.0014033317565917969,1.3289027214050293,330,10,0,0,303,49,346,63,40,2561,0,644,9282
oliveira/04_12/randm09.02.02.05.020_0030.03.aba.beta,True,17,8,0.2854757308959961,1.4181702136993408,0.002172231674194336,1.7058181762695312,308,17,0,0,278,63,370,60,47,2253,0,982,13981
oliveira/04_12/randm09.02.02.05.020_0030.04.aba.beta,True,18,8,0.19007015228271484,0.8894832134246826,0.002908945083618164,1.0824623107910156,240,18,0,0,207,45,318,54,28,2001,0,1294,19028
oliveira/04_12/randm09.02.02.05.020_0030.05.aba.beta,True,11,8,0.13384485244750977,0.6803975105285645,0.002307891845703125,0.8165502548217773,240,11,0,0,212,35,293,61,25,1715,0,1095,16683
oliveira/04_12/randm09.02.02.06.020_0030.01.aba.beta,True,19,9,0.16645264625549316,0.8853600025177002,0.003030538558959961,1.0548431873321533,198,19,0,0,159,43,268,57,25,1668,0,1344,19632
oliveira/04_12/randm09.02.02.06.020_0030.02.aba.beta,True,18,9,0.9228794574737549,3.9558255672454834,0.0020818710327148438,4.880786895751953,340,18,0,0,307,114,471,61,97,2935,0,957,13284
oliveira/04_12/randm09.02.02.06.020_0030.03.aba.beta,True,8,9,0.29917430877685547,2.341437339782715,0.001573324203491211,2.6421849727630615,587,8,0,0,570,56,728,82,49,5158,0,690,10428
oliveira/04_12/randm09.02.02.06.020_0030.04.aba.beta,True,13,9,1.8820626735687256,8.178674697875977,0.0016291141510009766,10.062366485595703,553,13,0,0,499,154,803,64,142,4742,0,760,10664
oliveira/04_12/randm09.02.02.06.020_0030.05.aba.beta,True,18,9,0.2339491844177246,1.2744402885437012,0.0027420520782470703,1.5111315250396729,238,18,0,0,204,53,306,65,36,1697,0,1201,17436
oliveira/04_12/randm09.02.02.07.020_0030.01.aba.beta,True,1,1,0.012570381164550781,0.0020172595977783203,0.001214742660522461,0.015802383422851562,3,1,0,0,0,1,3,3,1,2,0,511,8445
oliveira/04_12/randm09.02.02.07.020_0030.02.aba.beta,True,1,1,0.0011298656463623047,0.0023920536041259766,0.0011365413665771484,0.00465846061706543,3,1,0,0,0,1,3,3,1,2,0,530,8553
oliveira/04_12/randm09.02.02.07.020_0030.03.aba.beta,True,1,1,0.0007894039154052734,0.0019812583923339844,0.0010900497436523438,0.0038607120513916016,3,1,0,0,0,1,3,3,1,2,0,533,8573
oliveira/04_12/randm09.02.02.07.020_0030.04.aba.beta,True,1,1,0.0007545948028564453,0.0019016265869140625,0.0011429786682128906,0.0037992000579833984,3,1,0,0,0,1,3,3,1,2,0,527,8550
oliveira/04_12/randm09.02.02.07.020_0030.05.aba.beta,True,1,1,0.0008075237274169922,0.0021784305572509766,0.0011475086212158203,0.004133462905883789,3,1,0,0,0,1,3,3,1,2,0,536,8586
oliveira/04_12/randm09.02.02.08.020_0030.01.aba.beta,True,8,6,0.028694868087768555,0.06810307502746582,0.0014047622680664062,0.09820270538330078,53,8,0,0,39,9,59,24,2,286,0,689,10478
oliveira/04_12/randm09.02.02.08.020_0030.02.aba.beta,True,5,6,0.01331019401550293,0.08287549018859863,0.0012776851654052734,0.09746336936950684,86,5,0,0,68,10,107,40,6,467,0,605,9295
oliveira/04_12/randm09.02.02.08.020_0030.03.aba.beta,True,8,6,0.027863025665283203,0.0885930061340332,0.0015842914581298828,0.11804032325744629,74,8,0,0,56,11,94,42,4,436,0,746,11294
oliveira/04_12/randm09.02.02.08.020_0030.04.aba.beta,True,5,6,0.010143756866455078,0.056493282318115234,0.0034177303314208984,0.07005476951599121,79,5,0,0,62,9,87,40,5,404,0,1650,26240
oliveira/04_12/randm09.02.02.08.020_0030.05.aba.beta,True,5,6,0.01002192497253418,0.05215764045715332,0.0025959014892578125,0.06477546691894531,74,5,0,0,57,9,88,39,5,375,0,1165,18489
oliveira/04_12/randm09.02.02.09.020_0030.01.aba.beta,True,10,9,0.1488039493560791,0.709437370300293,0.0024366378784179688,0.86067795753479,239,10,0,0,210,35,328,58,26,1635,0,1055,16295
oliveira/04_12/randm09.02.02.09.020_0030.02.aba.beta,True,9,9,0.10808897018432617,0.610180139541626,0.0024290084838867188,0.7206981182098389,225,9,0,0,203,33,265,59,25,1619,0,1004,15200
oliveira/04_12/randm09.02.02.09.020_0030.03.aba.beta,True,12,9,0.07815766334533691,0.3038196563720703,0.0018613338470458984,0.3838386535644531,139,12,0,0,110,19,203,51,8,989,0,858,12671
oliveira/04_12/randm09.02.02.09.020_0030.04.aba.beta,True,11,9,0.04157090187072754,0.27472710609436035,0.0022492408752441406,0.31854724884033203,140,11,0,0,115,18,189,60,8,916,0,1029,15296
oliveira/04_12/randm09.02.02.09.020_0030.05.aba.beta,True,11,9,0.08653569221496582,0.508171558380127,0.002467632293701172,0.597174882888794,180,11,0,0,151,30,265,54,20,1255,0,1170,17710
oliveira/04_12/randm09.02.02.10.020_0030.01.aba.beta,True,9,6,0.02617335319519043,0.18966984748840332,0.0015461444854736328,0.21738934516906738,83,9,0,0,61,23,106,38,15,560,0,727,10811
oliveira/04_12/randm09.02.02.10.020_0030.02.aba.beta,True,9,6,0.030042648315429688,0.21125483512878418,0.0015549659729003906,0.24285244941711426,85,9,0,0,63,23,132,34,15,604,0,699,10462
oliveira/04_12/randm09.02.02.10.020_0030.03.aba.beta,True,9,6,0.031071186065673828,0.17809748649597168,0.0016956329345703125,0.21086430549621582,108,9,0,0,87,19,127,42,11,733,0,794,11754
oliveira/04_12/randm09.02.02.10.020_0030.04.aba.beta,True,4,6,0.01528787612915039,0.1352064609527588,0.0012238025665283203,0.1517181396484375,159,4,0,0,144,14,182,43,11,1150,0,564,8743
oliveira/04_12/randm09.02.02.10.020_0030.05.aba.beta,True,5,6,0.01715397834777832,0.15661001205444336,0.0013270378112792969,0.17509102821350098,91,5,0,0,73,20,110,38,16,528,0,585,8864
oliveira/04_12/randm09.02.02.11.020_0030.01.aba.beta,True,10,8,0.06570577621459961,0.34015703201293945,0.0018575191497802734,0.40772032737731934,170,10,0,0,142,25,252,49,16,1215,0,875,13090
oliveira/04_12/randm09.02.02.11.020_0030.02.aba.beta,True,5,8,0.02674269676208496,0.16953825950622559,0.0013146400451660156,0.19759559631347656,127,5,0,0,109,15,144,43,11,750,0,565,8737
oliveira/04_12/randm09.02.02.11.020_0030.03.aba.beta,True,9,8,0.05664658546447754,0.43450164794921875,0.001569986343383789,0.4927182197570801,185,9,0,0,157,28,261,56,20,1244,0,711,10572
oliveira/04_12/randm09.02.02.11.020_0030.04.aba.beta,True,13,8,0.051857948303222656,0.2718377113342285,0.0015687942504882812,0.32526445388793945,99,13,0,0,71,26,119,43,14,706,0,743,10528
oliveira/04_12/randm09.02.02.11.020_0030.05.aba.beta,True,17,8,0.3153705596923828,1.3771822452545166,0.001977205276489258,1.6945300102233887,287,17,0,0,249,63,353,59,47,2306,0,882,12555
oliveira/04_12/randm09.02.02.12.020_0030.01.aba.beta,True,5,8,0.035814762115478516,0.17336010932922363,0.0012118816375732422,0.2103867530822754,141,5,0,0,125,17,161,44,13,874,0,568,8726
oliveira/04_12/randm09.02.02.12.020_0030.02.aba.beta,True,11,8,0.24156808853149414,1.2810444831848145,0.0016064643859863281,1.524219036102295,243,11,0,0,221,60,355,58,50,1948,0,725,10496
oliveira/04_12/randm09.02.02.12.020_0030.03.aba.beta,True,9,8,0.5845053195953369,3.7088828086853027,0.0018367767333984375,4.295224905014038,443,9,0,0,418,108,542,65,100,3503,0,798,11788
oliveira/04_12/randm09.02.02.12.020_0030.04.aba.beta,True,9,8,0.06906414031982422,0.570117712020874,0.002048015594482422,0.6412298679351807,172,9,0,0,156,34,216,58,26,1200,0,915,13878
oliveira/04_12/randm09.02.02.12.020_0030.05.aba.beta,True,8,8,0.04135751724243164,0.3150041103363037,0.0018665790557861328,0.3582282066345215,157,8,0,0,139,21,207,49,14,1076,0,825,12336
oliveira/04_12/randm09.02.02.13.020_0030.01.aba.beta,True,10,8,0.06610417366027832,0.3859527111053467,0.002350330352783203,0.4544072151184082,145,10,0,0,118,27,201,45,18,1057,0,1026,15671
oliveira/04_12/randm09.02.02.13.020_0030.02.aba.beta,True,9,8,0.07090210914611816,0.7769980430603027,0.0018405914306640625,0.849740743637085,214,9,0,0,188,40,274,60,32,1626,0,864,12950
oliveira/04_12/randm09.02.02.13.020_0030.03.aba.beta,True,22,8,1.6426210403442383,13.229409217834473,0.003691434860229492,14.87572169303894,842,22,0,0,791,190,1067,88,169,7567,0,1633,24025
oliveira/04_12/randm09.02.02.13.020_0030.04.aba.beta,True,14,8,0.12224340438842773,0.8299393653869629,0.0025436878204345703,0.9547264575958252,225,14,0,0,189,43,317,59,30,1682,0,1132,16828
oliveira/04_12/randm09.02.02.13.020_0030.05.aba.beta,True,18,8,0.7937576770782471,4.295236349105835,0.0032689571380615234,5.0922629833221436,685,18,0,0,646,92,776,85,75,6323,0,1460,21522
oliveira/04_12/randm09.02.02.14.020_0030.01.aba.beta,True,9,6,0.05379343032836914,0.31325340270996094,0.0018215179443359375,0.368868350982666,83,9,0,0,52,32,152,36,24,531,0,812,12133
oliveira/04_12/randm09.02.02.14.020_0030.02.aba.beta,True,4,6,0.032082557678222656,0.20962214469909668,0.0013349056243896484,0.24303960800170898,51,4,0,0,26,25,95,31,22,286,0,612,9447
oliveira/04_12/randm09.02.02.14.020_0030.03.aba.beta,True,8,6,0.04272270202636719,0.21912097930908203,0.001567840576171875,0.2634115219116211,56,8,0,0,25,27,100,34,20,320,0,740,11083
oliveira/04_12/randm09.02.02.14.020_0030.04.aba.beta,True,6,6,0.039475440979003906,0.3533921241760254,0.0017964839935302734,0.39466404914855957,81,6,0,0,46,34,144,38,29,505,0,808,12478
oliveira/04_12/randm09.02.02.14.020_0030.05.aba.beta,True,12,6,0.04527926445007324,0.32748866081237793,0.0020589828491210938,0.37482690811157227,69,12,0,0,39,30,122,33,19,474,0,880,12873
oliveira/04_12/randm09.02.02.15.020_0030.01.aba.beta,True,8,8,0.046155691146850586,0.2241041660308838,0.0027990341186523438,0.2730588912963867,129,8,0,0,108,17,200,50,10,883,0,1315,20373
oliveira/04_12/randm09.02.02.15.020_0030.02.aba.beta,True,8,8,0.06502938270568848,0.22784948348999023,0.0014660358428955078,0.2943449020385742,117,8,0,0,96,20,146,49,13,714,0,668,9823
oliveira/04_12/randm09.02.02.15.020_0030.03.aba.beta,True,8,8,0.04552483558654785,0.24691009521484375,0.0013225078582763672,0.29375743865966797,145,8,0,0,127,19,184,52,12,904,0,605,9206
oliveira/04_12/randm09.02.02.15.020_0030.04.aba.beta,True,6,8,0.029536962509155273,0.12904119491577148,0.0012617111206054688,0.15983986854553223,124,6,0,0,110,12,155,52,7,722,0,579,8845
oliveira/04_12/randm09.02.02.15.020_0030.05.aba.beta,True,9,8,0.03877139091491699,0.161651611328125,0.0021190643310546875,0.20254206657409668,75,9,0,0,55,16,119,36,8,442,0,923,14547
oliveira/04_12/randm09.02.02.16.020_0030.01.aba.beta,True,3,6,0.007403135299682617,0.04439043998718262,0.0012059211730957031,0.05299949645996094,40,3,0,0,23,9,50,28,7,168,0,546,8642
oliveira/04_12/randm09.02.02.16.020_0030.02.aba.beta,True,7,6,0.019677400588989258,0.16930913925170898,0.0024483203887939453,0.1914348602294922,72,7,0,0,48,19,110,38,13,400,0,1127,17429
oliveira/04_12/randm09.02.02.16.020_0030.03.aba.beta,True,5,6,0.010894060134887695,0.06445765495300293,0.0017573833465576172,0.07710909843444824,56,5,0,0,37,11,77,27,7,274,0,748,11720
oliveira/04_12/randm09.02.02.16.020_0030.04.aba.beta,True,3,6,0.015374422073364258,0.06819677352905273,0.001302957534790039,0.08487415313720703,61,3,0,0,44,10,78,31,8,319,0,562,8785
oliveira/04_12/randm09.02.02.16.020_0030.05.aba.beta,True,4,6,0.016704082489013672,0.09700775146484375,0.0014181137084960938,0.11512994766235352,64,4,0,0,47,11,107,36,8,359,0,617,9592
oliveira/04_12/randm09.02.02.17.020_0030.01.aba.beta,True,7,9,0.3201732635498047,2.047358512878418,0.0014941692352294922,2.369025945663452,331,7,0,0,304,81,452,72,75,2507,0,712,10854
oliveira/04_12/randm09.02.02.17.020_0030.02.aba.beta,True,8,9,0.04367375373840332,0.2555124759674072,0.001932382583618164,0.3011186122894287,113,8,0,0,94,18,187,54,11,718,0,889,13529
oliveira/04_12/randm09.02.02.17.020_0030.03.aba.beta,True,7,9,0.04462146759033203,0.307356595993042,0.0016541481018066406,0.35363221168518066,234,7,0,0,215,19,290,62,13,1592,0,715,10847
oliveira/04_12/randm09.02.02.17.020_0030.04.aba.beta,True,12,9,0.16624784469604492,0.8043749332427979,0.0017075538635253906,0.9723303318023682,257,12,0,0,225,47,308,64,36,1945,0,762,11020
oliveira/04_12/randm09.02.02.17.020_0030.05.aba.beta,True,19,9,0.29732656478881836,1.8258752822875977,0.005433797836303711,2.1286356449127197,359,19,0,0,320,71,434,84,53,2716,0,2284,34951
oliveira/04_12/randm09.02.02.18.020_0030.01.aba.beta,True,13,7,0.1409158706665039,0.9032895565032959,0.0021500587463378906,1.0463554859161377,242,13,0,0,210,50,314,60,38,2028,0,935,13781
oliveira/04_12/randm09.02.02.18.020_0030.02.aba.beta,True,12,7,0.09693288803100586,0.46606945991516113,0.0019345283508300781,0.5649368762969971,209,12,0,0,187,27,242,40,16,1770,0,889,13442
oliveira/04_12/randm09.02.02.18.020_0030.03.aba.beta,True,15,7,0.07639217376708984,0.4261956214904785,0.002886056900024414,0.5054738521575928,138,15,0,0,108,34,213,49,20,1160,0,1286,19204
oliveira/04_12/randm09.02.02.18.020_0030.04.aba.beta,True,12,7,0.07651162147521973,0.5471012592315674,0.002796173095703125,0.6264090538024902,176,12,0,0,153,34,263,55,23,1319,0,1242,18485
oliveira/04_12/randm09.02.02.18.020_0030.05.aba.beta,True,9,7,0.028856515884399414,0.22148704528808594,0.0019137859344482422,0.2522573471069336,102,9,0,0,79,21,142,41,13,777,0,897,13700
oliveira/04_12/randm09.02.02.19.020_0030.01.aba.beta,True,16,8,0.17284774780273438,1.234004020690918,0.003350973129272461,1.4102027416229248,252,16,0,0,207,64,325,62,49,1963,0,1393,20889
oliveira/04_12/randm09.02.02.19.020_0030.02.aba.beta,True,14,8,0.3397824764251709,2.2241008281707764,0.0040400028228759766,2.5679233074188232,314,14,0,0,270,90,466,58,77,2568,0,1689,25824
oliveira/04_12/randm09.02.02.19.020_0030.03.aba.beta,True,5,8,0.11059212684631348,0.8444697856903076,0.001363992691040039,0.9564259052276611,249,5,0,0,215,47,345,55,43,1938,0,645,9895
oliveira/04_12/randm09.02.02.19.020_0030.04.aba.beta,True,14,8,0.24753570556640625,1.6302344799041748,0.002251863479614258,1.8800220489501953,324,14,0,0,280,71,436,51,58,2670,0,1061,15672
oliveira/04_12/randm09.02.02.19.020_0030.05.aba.beta,True,22,8,0.22893571853637695,1.3003857135772705,0.0063326358795166016,1.535654067993164,196,22,0,0,152,59,386,55,38,1714,0,2647,40233
oliveira/04_12/randm10.02.02.01.020_0030.01.aba.beta,True,5,6,0.021883249282836914,0.036025285720825195,0.001749277114868164,0.05965781211853027,59,5,0,0,49,5,70,32,1,292,0,730,11296
oliveira/04_12/randm10.02.02.01.020_0030.02.aba.beta,True,5,6,0.01332712173461914,0.052118539810180664,0.0015420913696289062,0.06698775291442871,61,5,0,0,48,6,80,28,2,318,0,676,10526
oliveira/04_12/randm10.02.02.01.020_0030.03.aba.beta,True,4,6,0.020940780639648438,0.07174181938171387,0.0012116432189941406,0.09389424324035645,75,4,0,0,59,9,85,33,6,391,0,559,8679
oliveira/04_12/randm10.02.02.01.020_0030.04.aba.beta,True,3,6,0.006002187728881836,0.022237777709960938,0.0012302398681640625,0.029470205307006836,39,3,0,0,28,4,51,27,2,176,0,559,8720
oliveira/04_12/randm10.02.02.01.020_0030.05.aba.beta,True,8,6,0.02365589141845703,0.07635235786437988,0.005204200744628906,0.10521245002746582,73,8,0,0,58,9,87,36,2,367,0,2433,38733
oliveira/04_12/randm10.02.02.02.020_0030.01.aba.beta,True,10,9,0.07422232627868652,0.5065979957580566,0.002397775650024414,0.5832180976867676,200,10,0,0,174,29,266,62,20,1411,0,1068,15889
oliveira/04_12/randm10.02.02.02.020_0030.02.aba.beta,True,18,9,0.27973341941833496,1.6912291049957275,0.0031766891479492188,1.9741392135620117,270,18,0,0,227,72,474,70,55,2127,0,1386,20413
oliveira/04_12/randm10.02.02.02.020_0030.03.aba.beta,True,14,9,0.16494488716125488,1.1674730777740479,0.003300905227661133,1.3357188701629639,324,14,0,0,296,41,430,59,28,2613,0,1457,22484
oliveira/04_12/randm10.02.02.02.020_0030.04.aba.beta,True,19,9,1.2356934547424316,5.3114705085754395,0.0035104751586914062,6.5506744384765625,576,19,0,0,538,118,760,76,100,5628,0,1424,21287
oliveira/04_12/randm10.02.02.02.020_0030.05.aba.beta,True,15,9,0.29038047790527344,1.7777817249298096,0.002185344696044922,2.070347547531128,331,15,0,0,294,67,438,63,53,2553,0,978,14072
oliveira/04_12/randm10.02.02.03.020_0030.01.aba.beta,True,10,8,0.07231521606445312,0.35407304763793945,0.0020210742950439453,0.4284093379974365,123,10,0,0,97,28,169,46,19,781,0,937,14018
oliveira/04_12/randm10.02.02.03.020_0030.02.aba.beta,True,8,8,0.0828547477722168,0.5231010913848877,0.0020089149475097656,0.6079647541046143,141,8,0,0,116,41,196,53,34,924,0,961,14414
oliveira/04_12/randm10.02.02.03.020_0030.03.aba.beta,True,17,8,0.16160798072814941,1.086029291152954,0.002313375473022461,1.249950647354126,169,17,0,0,135,54,252,50,38,1329,0,1023,14893
oliveira/04_12/randm10.02.02.03.020_0030.04.aba.beta,True,10,8,0.2924313545227051,1.5778214931488037,0.0022878646850585938,1.8725407123565674,405,10,0,0,378,58,530,75,49,3192,0,950,14245
oliveira/04_12/randm10.02.02.03.020_0030.05.aba.beta,True,12,8,0.17831182479858398,0.8804543018341064,0.002772808074951172,1.0615389347076416,268,12,0,0,236,46,334,55,35,2159,0,1188,17885
oliveira/04_12/randm10.02.02.04.020_0030.01.aba.beta,True,2,5,0.004335880279541016,0.022211313247680664,0.0012235641479492188,0.0277707576751709,31,2,0,0,20,5,36,27,4,115,0,548,8643
oliveira/04_12/randm10.02.02.04.020_0030.02.aba.beta,True,4,5,0.011160135269165039,0.08875560760498047,0.0012619495391845703,0.10117769241333008,75,4,0,0,61,12,85,40,9,382,0,579,8849
oliveira/04_12/randm10.02.02.04.020_0030.03.aba.beta,True,7,5,0.016163110733032227,0.09378671646118164,0.0013151168823242188,0.11126494407653809,48,7,0,0,31,15,67,22,9,238,0,580,8971
oliveira/04_12/randm10.02.02.04.020_0030.04.aba.beta,True,4,5,0.00676727294921875,0.01786327362060547,0.0011794567108154297,0.02581000328063965,30,4,0,0,18,4,34,18,1,135,0,554,8629
oliveira/04_12/randm10.02.02.04.020_0030.05.aba.beta,True,3,5,0.015073299407958984,0.03213763236999512,0.0012249946594238281,0.04843592643737793,32,3,0,0,20,7,37,30,5,122,0,565,8735
oliveira/04_12/randm10.02.02.05.020_0030.01.aba.beta,True,14,8,0.14760613441467285,1.1178672313690186,0.0031647682189941406,1.2686381340026855,298,14,0,0,266,51,341,66,38,2136,0,1402,21783
oliveira/04_12/randm10.02.02.05.020_0030.02.aba.beta,True,6,7,0.048246145248413086,0.48689889907836914,0.002376079559326172,0.5375211238861084,201,6,0,0,177,33,257,49,28,1385,0,1061,16467
oliveira/04_12/randm10.02.02.05.020_0030.03.aba.beta,True,8,8,0.07799005508422852,0.8542828559875488,0.0024292469024658203,0.9347021579742432,283,8,0,0,258,42,373,68,35,2007,0,1063,16346
oliveira/04_12/randm10.02.02.05.020_0030.04.aba.beta,True,6,8,0.019803524017333984,0.1571178436279297,0.0022597312927246094,0.17918109893798828,75,6,0,0,51,19,126,50,14,419,0,1018,15605
oliveira/04_12/randm10.02.02.05.020_0030.05.aba.beta,True,16,8,0.9172017574310303,7.286255598068237,0.007062196731567383,8.210519552230835,458,16,0,0,409,174,668,78,159,3614,0,3024,47138
oliveira/04_12/randm10.02.02.06.020_0030.01.aba.beta,True,11,9,0.0724327564239502,0.19631409645080566,0.0018856525421142578,0.2706325054168701,137,11,0,0,114,12,175,44,2,1024,0,844,12426
oliveira/04_12/randm10.02.02.06.020_0030.02.aba.beta,True,17,9,0.5030007362365723,2.9395346641540527,0.0035130977630615234,3.4460484981536865,462,17,0,0,423,79,591,73,63,3897,0,1584,23898
oliveira/04_12/randm10.02.02.06.020_0030.03.aba.beta,True,19,9,0.3483273983001709,1.7431683540344238,0.002695322036743164,2.094191074371338,299,19,0,0,259,62,364,69,44,2316,0,1226,17655
oliveira/04_12/randm10.02.02.06.020_0030.04.aba.beta,True,12,9,0.10111761093139648,0.5605208873748779,0.001955270767211914,0.6635937690734863,221,12,0,0,192,31,267,63,20,1801,0,842,12571
oliveira/04_12/randm10.02.02.06.020_0030.05.aba.beta,True,19,9,1.004166603088379,5.224433422088623,0.003240346908569336,6.231840372085571,550,19,0,0,509,120,616,88,102,4605,0,1306,19370
oliveira/04_12/randm10.02.02.07.020_0030.01.aba.beta,True,13,9,0.1298847198486328,0.7804510593414307,0.0031843185424804688,0.913520097732544,219,13,0,0,192,39,301,65,27,1642,0,1410,21512
oliveira/04_12/randm10.02.02.07.020_0030.02.aba.beta,True,20,9,0.4185967445373535,1.6828200817108154,0.002511262893676758,2.1039280891418457,377,20,0,0,346,52,500,59,33,3130,0,1120,16114
oliveira/04_12/randm10.02.02.07.020_0030.03.aba.beta,True,9,9,0.10972833633422852,0.8350687026977539,0.0017859935760498047,0.9465830326080322,261,9,0,0,234,45,329,63,37,1884,0,781,11714
oliveira/04_12/randm10.02.02.07.020_0030.04.aba.beta,True,17,9,0.6445379257202148,3.8314054012298584,0.0033376216888427734,4.479280948638916,620,17,0,0,583,95,727,79,79,5479,0,1484,21794
oliveira/04_12/randm10.02.02.07.020_0030.05.aba.beta,True,14,9,0.24589085578918457,1.4686272144317627,0.00217437744140625,1.7166924476623535,364,14,0,0,339,51,489,64,38,2992,0,960,14028
oliveira/04_12/randm10.02.02.08.020_0030.01.aba.beta,True,9,9,0.03336524963378906,0.17737698554992676,0.0014183521270751953,0.21216058731079102,79,9,0,0,60,16,104,46,8,427,0,637,9366
oliveira/04_12/randm10.02.02.08.020_0030.02.aba.beta,True,9,9,0.061315059661865234,0.2749793529510498,0.0016324520111083984,0.33792686462402344,143,9,0,0,123,19,178,48,11,907,0,660,9805
oliveira/04_12/randm10.02.02.08.020_0030.03.aba.beta,True,13,9,0.10418128967285156,0.41205263137817383,0.0014274120330810547,0.5176613330841064,176,13,0,0,150,27,200,53,15,1187,0,686,9604
oliveira/04_12/randm10.02.02.08.020_0030.04.aba.beta,True,4,9,0.2095193862915039,1.1637165546417236,0.0013151168823242188,1.3745510578155518,424,4,0,0,393,52,452,58,49,3237,0,552,8632
oliveira/04_12/randm10.02.02.08.020_0030.05.aba.beta,True,5,9,0.046156883239746094,0.36574745178222656,0.0014820098876953125,0.41338634490966797,207,5,0,0,190,21,270,58,17,1347,0,633,9738
oliveira/04_12/randm10.02.02.09.020_0030.01.aba.beta,True,10,7,0.046598196029663086,0.25647497177124023,0.0015521049499511719,0.3046252727508545,118,10,0,0,98,22,143,42,13,755,0,721,10744
oliveira/04_12/randm10.02.02.09.020_0030.02.aba.beta,True,6,7,0.02561044692993164,0.1505739688873291,0.001329660415649414,0.17751407623291016,123,6,0,0,109,12,157,46,7,749,0,592,8975
oliveira/04_12/randm10.02.02.09.020_0030.03.aba.beta,True,11,7,0.034802913665771484,0.21094369888305664,0.0017690658569335938,0.24751567840576172,126,11,0,0,107,17,172,55,7,832,0,773,11502
oliveira/04_12/randm10.02.02.09.020_0030.04.aba.beta,True,11,7,0.1468195915222168,1.3102359771728516,0.0015988349914550781,1.4586544036865234,370,11,0,0,347,51,496,70,41,3023,0,729,10865
oliveira/04_12/randm10.02.02.09.020_0030.05.aba.beta,True,9,7,0.07072806358337402,0.47365283966064453,0.0015213489532470703,0.5459022521972656,189,9,0,0,169,30,247,53,22,1332,0,687,10115
oliveira/04_12/randm10.02.02.10.020_0030.01.aba.beta,True,6,7,0.028497695922851562,0.12915539741516113,0.0014462471008300781,0.15909934043884277,113,6,0,0,99,11,152,46,6,725,0,611,9251
oliveira/04_12/randm10.02.02.10.020_0030.02.aba.beta,True,8,7,0.04223322868347168,0.17291951179504395,0.001998424530029297,0.21715116500854492,115,8,0,0,100,13,161,49,6,743,0,901,13715
oliveira/04_12/randm10.02.02.10.020_0030.03.aba.beta,True,4,7,0.012473344802856445,0.06910943984985352,0.0013108253479003906,0.08289361000061035,90,4,0,0,79,9,108,46,6,535,0,574,8830
oliveira/04_12/randm10.02.02.10.020_0030.04.aba.beta,True,8,7,0.039879560470581055,0.2845292091369629,0.0016813278198242188,0.32609009742736816,121,8,0,0,103,24,149,41,17,712,0,716,10766
oliveira/04_12/randm10.02.02.10.020_0030.05.aba.beta,True,7,7,0.02323317527770996,0.13305211067199707,0.001779794692993164,0.1580650806427002,87,7,0,0,70,15,120,40,9,536,0,766,11667
oliveira/04_12/randm10.02.02.11.020_0030.01.aba.beta,True,3,7,0.020433902740478516,0.18095040321350098,0.001291036605834961,0.20267534255981445,117,3,0,0,102,15,124,55,13,660,0,552,8646
oliveira/04_12/randm10.02.02.11.020_0030.02.aba.beta,True,11,7,0.05769228935241699,0.23634076118469238,0.0015571117401123047,0.2955901622772217,173,11,0,0,156,19,196,61,9,1193,0,700,10194
oliveira/04_12/randm10.02.02.11.020_0030.03.aba.beta,True,13,7,0.05250978469848633,0.19766545295715332,0.0014700889587402344,0.2516453266143799,107,13,0,0,85,18,123,36,6,720,0,670,9532
oliveira/04_12/randm10.02.02.11.020_0030.04.aba.beta,True,7,7,0.048392295837402344,0.19211602210998535,0.0013027191162109375,0.24181103706359863,177,7,0,0,160,15,208,50,9,1212,0,592,8861
oliveira/04_12/randm10.02.02.11.020_0030.05.aba.beta,True,3,7,0.015476465225219727,0.12745404243469238,0.0013082027435302734,0.14423871040344238,156,3,0,0,143,13,159,57,11,945,0,556,8671
oliveira/04_12/randm10.02.02.12.020_0030.01.aba.beta,True,8,8,0.09601092338562012,0.7585752010345459,0.0016019344329833984,0.8561880588531494,254,8,0,0,232,42,298,57,35,1836,0,689,10206
oliveira/04_12/randm10.02.02.12.020_0030.02.aba.beta,True,17,8,1.1710493564605713,6.580693244934082,0.003194570541381836,7.754937171936035,368,17,0,0,333,202,427,57,186,3199,0,1403,21334
oliveira/04_12/randm10.02.02.12.020_0030.03.aba.beta,True,12,8,0.06671452522277832,0.294924259185791,0.0018105506896972656,0.3634493350982666,130,12,0,0,109,22,152,47,11,983,0,805,11920
oliveira/04_12/randm10.02.02.12.020_0030.04.aba.beta,True,17,8,0.16033148765563965,0.8338804244995117,0.0017657279968261719,0.9959776401519775,185,17,0,0,153,48,217,55,32,1432,0,820,11406
oliveira/04_12/randm10.02.02.12.020_0030.05.aba.beta,True,14,8,0.2532925605773926,1.1780390739440918,0.0030705928802490234,1.4344022274017334,253,14,0,0,228,53,317,59,40,2108,0,1288,19210
oliveira/04_12/randm10.02.02.13.020_0030.01.aba.beta,True,4,6,0.009782552719116211,0.054039716720581055,0.0013651847839355469,0.06518745422363281,42,4,0,0,25,9,68,31,6,206,0,586,9105
oliveira/04_12/randm10.02.02.13.020_0030.02.aba.beta,True,4,6,0.011676788330078125,0.12015867233276367,0.0018236637115478516,0.13365912437438965,59,4,0,0,41,15,88,36,12,294,0,627,9790
oliveira/04_12/randm10.02.02.13.020_0030.03.aba.beta,True,7,6,0.0193939208984375,0.17145848274230957,0.0016405582427978516,0.19249296188354492,65,7,0,0,44,18,129,38,12,393,0,799,12219
oliveira/04_12/randm10.02.02.13.020_0030.04.aba.beta,True,6,6,0.04143786430358887,0.09689712524414062,0.0027556419372558594,0.14109063148498535,58,6,0,0,40,11,111,37,6,334,0,761,11769
oliveira/04_12/randm10.02.02.13.020_0030.05.aba.beta,True,7,6,0.027682065963745117,0.14017891883850098,0.0020589828491210938,0.1699199676513672,79,7,0,0,58,15,128,36,9,460,0,938,14373
oliveira/04_12/randm10.02.02.14.020_0030.01.aba.beta,True,12,9,4.32106351852417,20.72004723548889,0.0021677017211914062,25.043278455734253,923,12,0,0,875,289,1187,83,278,8888,0,930,13525
oliveira/04_12/randm10.02.02.14.020_0030.02.aba.beta,True,11,9,0.5185537338256836,2.659407138824463,0.0015735626220703125,3.179534435272217,474,11,0,0,439,77,620,65,67,4147,0,726,10730
oliveira/04_12/randm10.02.02.14.020_0030.03.aba.beta,True,13,9,2.040269136428833,13.798304319381714,0.0035512447357177734,15.842124700546265,636,13,0,0,587,229,931,75,217,5853,0,1494,23078
oliveira/04_12/randm10.02.02.14.020_0030.04.aba.beta,True,19,9,18.509189128875732,89.81907320022583,0.0042362213134765625,108.33249855041504,1127,19,0,0,1071,809,1582,86,791,11039,0,1841,27973
oliveira/04_12/randm10.02.02.14.020_0030.05.aba.beta,True,14,9,7.8489203453063965,35.906315088272095,0.0021004676818847656,43.757335901260376,968,14,0,0,918,457,1365,80,444,9420,0,888,12976
oliveira/04_12/randm10.02.02.15.020_0030.01.aba.beta,True,12,8,0.0774393081665039,0.4475994110107422,0.0019788742065429688,0.5270175933837891,183,12,0,0,162,34,221,59,23,1287,0,882,13035
oliveira/04_12/randm10.02.02.15.020_0030.02.aba.beta,True,14,8,0.08747553825378418,0.46309947967529297,0.0014717578887939453,0.5520467758178711,196,14,0,0,175,28,220,50,15,1471,0,708,9982
oliveira/04_12/randm10.02.02.15.020_0030.03.aba.beta,True,14,8,0.08233809471130371,0.4411191940307617,0.0026235580444335938,0.526080846786499,183,14,0,0,158,27,229,54,14,1380,0,1203,17856
oliveira/04_12/randm10.02.02.15.020_0030.04.aba.beta,True,13,8,0.08938860893249512,0.4738576412200928,0.0018758773803710938,0.565122127532959,201,13,0,0,175,30,242,52,18,1465,0,857,12248
oliveira/04_12/randm10.02.02.15.020_0030.05.aba.beta,True,12,8,0.13527178764343262,0.5381498336791992,0.001857757568359375,0.6752793788909912,212,12,0,0,194,31,242,52,20,1532,0,855,12357
oliveira/04_12/randm10.02.02.16.020_0030.01.aba.beta,True,23,8,2.7420191764831543,19.84639573097229,0.002800464630126953,22.59121537208557,898,23,0,0,825,351,1047,78,329,8522,0,1276,18171
oliveira/04_12/randm10.02.02.16.020_0030.02.aba.beta,True,18,8,0.21301007270812988,1.3462204933166504,0.0027112960815429688,1.5619418621063232,278,18,0,0,234,74,364,60,57,2218,0,1214,17642
oliveira/04_12/randm10.02.02.16.020_0030.03.aba.beta,True,14,8,0.290179967880249,1.206756591796875,0.0018355846405029297,1.498772144317627,264,14,0,0,222,53,342,61,40,2025,0,780,10979
oliveira/04_12/randm10.02.02.16.020_0030.04.aba.beta,True,17,8,1.9310684204101562,11.794160604476929,0.0024902820587158203,13.7277193069458,528,17,0,0,477,262,603,73,246,5040,0,1104,15701
oliveira/04_12/randm10.02.02.16.020_0030.05.aba.beta,True,16,8,0.31164073944091797,2.3315179347991943,0.0038938522338867188,2.647052526473999,427,16,0,0,377,86,586,73,71,3527,0,1663,25312
oliveira/04_12/randm10.02.02.17.020_0030.01.aba.beta,True,6,7,0.06961321830749512,0.788597583770752,0.0015528202056884766,0.8597636222839355,237,6,0,0,219,41,295,67,36,1762,0,671,10143
oliveira/04_12/randm10.02.02.17.020_0030.02.aba.beta,True,15,7,0.10953569412231445,0.5354692935943604,0.002298593521118164,0.647303581237793,169,15,0,0,143,36,234,51,22,1173,0,1057,15635
oliveira/04_12/randm10.02.02.17.020_0030.03.aba.beta,True,4,7,0.01981520652770996,0.1666703224182129,0.0015234947204589844,0.18800902366638184,98,4,0,0,85,15,158,40,12,662,0,638,9952
oliveira/04_12/randm10.02.02.17.020_0030.04.aba.beta,True,5,7,0.0350489616394043,0.21225953102111816,0.0018489360809326172,0.24915742874145508,96,5,0,0,80,20,127,37,16,560,0,784,12132
oliveira/04_12/randm10.02.02.17.020_0030.05.aba.beta,True,8,7,0.033402204513549805,0.13591480255126953,0.0013341903686523438,0.17065119743347168,91,8,0,0,71,15,106,35,8,587,0,614,9077
oliveira/04_12/randm10.02.02.18.020_0030.01.aba.beta,True,1,1,0.0066721439361572266,0.002256631851196289,0.001108407974243164,0.01003718376159668,3,1,0,0,0,1,3,3,1,2,0,539,8607
oliveira/04_12/randm10.02.02.18.020_0030.02.aba.beta,True,1,1,0.0008335113525390625,0.002256631851196289,0.0011107921600341797,0.004200935363769531,3,1,0,0,0,1,3,3,1,2,0,537,8599
oliveira/04_12/randm10.02.02.18.020_0030.03.aba.beta,True,1,1,0.0008041858673095703,0.002045869827270508,0.001165151596069336,0.004015207290649414,3,1,0,0,0,1,3,3,1,2,0,537,8596
oliveira/04_12/randm10.02.02.18.020_0030.04.aba.beta,True,1,1,0.0007860660552978516,0.002343416213989258,0.0010902881622314453,0.004219770431518555,3,1,0,0,0,1,3,3,1,2,0,536,8587
oliveira/04_12/randm10.02.02.18.020_0030.05.aba.beta,True,1,1,0.0007641315460205078,0.001897573471069336,0.0011093616485595703,0.003771066665649414,3,1,0,0,0,1,3,3,1,2,0,537,8596
oliveira/04_12/randm10.02.02.19.020_0030.01.aba.beta,True,12,10,0.06901431083679199,0.2816777229309082,0.0018761157989501953,0.3525681495666504,167,12,0,0,146,17,212,58,6,1233,0,863,12578
oliveira/04_12/randm10.02.02.19.020_0030.02.aba.beta,True,7,10,0.48427343368530273,2.026074171066284,0.001524209976196289,2.511871814727783,330,7,0,0,311,82,390,56,76,2495,0,643,9641
oliveira/04_12/randm10.02.02.19.020_0030.03.aba.beta,True,16,10,0.15464210510253906,0.7229137420654297,0.0034813880920410156,0.8810372352600098,229,16,0,0,198,37,282,68,22,1650,0,1514,22492
oliveira/04_12/randm10.02.02.19.020_0030.04.aba.beta,True,11,10,0.14943313598632812,0.6595985889434814,0.0030117034912109375,0.8120434284210205,250,11,0,0,231,28,336,61,18,1939,0,1286,19549
oliveira/04_12/randm10.02.02.19.020_0030.05.aba.beta,True,22,10,0.2448432445526123,1.4409959316253662,0.003813028335571289,1.6896522045135498,223,22,0,0,182,61,304,69,40,1698,0,1682,24904
oliveira/04_12/randm11.02.02.01.020_0030.01.aba.beta,True,18,10,0.136124849319458,0.7468154430389404,0.002624988555908203,0.8855652809143066,278,18,0,0,249,32,309,70,15,2213,0,1283,18568
oliveira/04_12/randm11.02.02.01.020_0030.02.aba.beta,True,12,10,1.1332628726959229,6.719921827316284,0.002106189727783203,7.85529088973999,816,12,0,0,796,114,896,88,103,7679,0,904,13216
oliveira/04_12/randm11.02.02.01.020_0030.03.aba.beta,True,29,10,23.208165168762207,121.71075534820557,0.0060694217681884766,144.92498993873596,2006,29,0,0,1954,672,2126,96,644,20158,0,2656,39821
oliveira/04_12/randm11.02.02.01.020_0030.04.aba.beta,True,18,10,0.4429647922515869,2.0521790981292725,0.002770662307739258,2.4979145526885986,446,18,0,0,415,55,513,69,38,3794,0,1204,17636
oliveira/04_12/randm11.02.02.01.020_0030.05.aba.beta,True,11,10,0.4793877601623535,3.119403839111328,0.0024194717407226562,3.6012110710144043,494,11,0,0,473,80,545,74,70,4099,0,1076,16006
oliveira/04_12/randm11.02.02.02.020_0030.01.aba.beta,True,5,9,0.01839756965637207,0.0912332534790039,0.0012431144714355469,0.11087393760681152,93,5,0,0,78,8,115,45,4,556,0,592,9060
oliveira/04_12/randm11.02.02.02.020_0030.02.aba.beta,True,13,10,0.6419639587402344,3.504024028778076,0.004090070724487305,4.150078058242798,474,13,0,0,441,99,597,73,87,3862,0,1757,27274
oliveira/04_12/randm11.02.02.02.020_0030.03.aba.beta,True,15,10,0.15758204460144043,0.6002020835876465,0.0029687881469726562,0.7607529163360596,254,15,0,0,225,26,315,60,12,1860,0,1342,19888
oliveira/04_12/randm11.02.02.02.020_0030.04.aba.beta,True,12,10,0.5494868755340576,2.874056577682495,0.003467559814453125,3.427011013031006,609,12,0,0,586,68,713,74,57,5255,0,1364,20584
oliveira/04_12/randm11.02.02.02.020_0030.05.aba.beta,True,11,10,0.09192299842834473,0.3880765438079834,0.0016067028045654297,0.48160624504089355,196,11,0,0,172,26,214,54,16,1361,0,754,10962
oliveira/04_12/randm11.02.02.03.020_0030.01.aba.beta,True,14,10,5.877012491226196,23.39922785758972,0.0015969276428222656,29.27783727645874,1203,14,0,0,1173,273,1442,98,260,11897,0,753,10406
oliveira/04_12/randm11.02.02.03.020_0030.02.aba.beta,True,10,10,11.532593250274658,49.83261513710022,0.002015352249145508,61.36722373962402,1694,10,0,0,1644,468,1865,86,459,17467,0,891,13351
oliveira/04_12/randm11.02.02.03.020_0030.03.aba.beta,True,9,10,4.941983222961426,24.594138622283936,0.0020110607147216797,29.538132905960083,1160,9,0,0,1118,233,1707,91,225,11983,0,887,13356
oliveira/04_12/randm11.02.02.03.020_0030.04.aba.beta,True,23,10,49.17172312736511,165.9045238494873,0.0024309158325195312,215.07867789268494,2180,23,0,0,2121,1003,2554,103,981,23361,0,1131,15553
oliveira/04_12/randm11.02.02.03.020_0030.05.aba.beta,True,7,10,6.310567617416382,29.942745447158813,0.0023736953735351562,36.25568675994873,1452,7,0,0,1434,272,1691,91,266,14687,0,1022,15745
oliveira/04_12/randm11.02.02.04.020_0030.01.aba.beta,True,10,9,0.061804771423339844,0.3087577819824219,0.0016937255859375,0.3722562789916992,132,10,0,0,110,23,192,49,14,901,0,774,11416
oliveira/04_12/randm11.02.02.04.020_0030.02.aba.beta,True,13,9,1.7845401763916016,7.014150619506836,0.002489328384399414,8.801180124282837,613,13,0,0,583,144,760,74,132,5122,0,1079,15917
oliveira/04_12/randm11.02.02.04.020_0030.03.aba.beta,True,4,9,0.04624676704406738,0.2050468921661377,0.0014090538024902344,0.2527027130126953,182,4,0,0,169,14,225,50,11,1206,0,576,8888
oliveira/04_12/randm11.02.02.04.020_0030.04.aba.beta,True,14,9,0.12740564346313477,0.5146563053131104,0.0015516281127929688,0.6436135768890381,250,14,0,0,226,26,276,58,13,2089,0,768,10747
oliveira/04_12/randm11.02.02.04.020_0030.05.aba.beta,True,6,9,0.06169939041137695,0.31025242805480957,0.0014429092407226562,0.3733947277069092,210,6,0,0,192,19,237,55,14,1418,0,594,9001
oliveira/04_12/randm11.02.02.05.020_0030.01.aba.beta,True,12,8,0.06305336952209473,0.31498146057128906,0.0019195079803466797,0.37995433807373047,165,12,0,0,141,21,231,49,10,1227,0,862,12770
oliveira/04_12/randm11.02.02.05.020_0030.02.aba.beta,True,10,8,0.09166312217712402,0.5073952674865723,0.0018935203552246094,0.6009519100189209,161,10,0,0,131,32,242,50,23,1135,0,838,12592
oliveira/04_12/randm11.02.02.05.020_0030.03.aba.beta,True,17,8,0.17371344566345215,0.6755225658416748,0.002263784408569336,0.8514997959136963,203,17,0,0,169,38,258,49,22,1640,0,956,13476
oliveira/04_12/randm11.02.02.05.020_0030.04.aba.beta,True,9,8,0.04954266548156738,0.23389267921447754,0.001516580581665039,0.28495192527770996,151,9,0,0,132,16,216,51,8,1037,0,690,10373
oliveira/04_12/randm11.02.02.05.020_0030.05.aba.beta,True,13,8,0.10406374931335449,0.3357367515563965,0.0017545223236083984,0.4415550231933594,167,13,0,0,142,23,219,51,11,1113,0,798,11591
oliveira/04_12/randm11.02.02.06.020_0030.01.aba.beta,True,11,8,0.08841562271118164,0.7648541927337646,0.0023005008697509766,0.8555703163146973,186,11,0,0,162,41,256,60,31,1286,0,1027,15402
oliveira/04_12/randm11.02.02.06.020_0030.02.aba.beta,True,14,8,0.13316917419433594,0.6937799453735352,0.004854440689086914,0.831803560256958,183,14,0,0,157,43,218,57,30,1219,0,2150,34673
oliveira/04_12/randm11.02.02.06.020_0030.03.aba.beta,True,11,8,0.07368040084838867,0.3088970184326172,0.001890420913696289,0.38446784019470215,148,11,0,0,124,25,154,42,15,988,0,841,12400
oliveira/04_12/randm11.02.02.06.020_0030.04.aba.beta,True,15,8,0.13949084281921387,0.8136615753173828,0.002237081527709961,0.9553894996643066,165,15,0,0,140,47,209,47,33,1168,0,1022,14877
oliveira/04_12/randm11.02.02.06.020_0030.05.aba.beta,True,11,8,0.08562397956848145,0.5757997035980225,0.0019986629486083984,0.6634223461151123,173,11,0,0,152,35,215,52,25,1190,0,918,13585
oliveira/04_12/randm11.02.02.07.020_0030.01.aba.beta,True,5,9,0.3535900115966797,2.057629108428955,0.002866983413696289,2.414086103439331,493,5,0,0,471,58,607,72,54,4061,0,1162,18041
oliveira/04_12/randm11.02.02.07.020_0030.02.aba.beta,True,14,9,0.37921595573425293,2.487048625946045,0.002897024154663086,2.869161605834961,454,14,0,0,417,71,610,78,58,3734,0,1249,18520
oliveira/04_12/randm11.02.02.07.020_0030.03.aba.beta,True,13,9,0.24186992645263672,1.9889066219329834,0.004302978515625,2.235079526901245,445,13,0,0,414,60,605,73,48,3553,0,1815,27952
oliveira/04_12/randm11.02.02.07.020_0030.04.aba.beta,True,13,9,0.38442492485046387,1.872148036956787,0.0022618770599365234,2.2588348388671875,405,13,0,0,373,66,505,61,54,3066,0,927,14027
oliveira/04_12/randm11.02.02.07.020_0030.05.aba.beta,True,11,9,0.14527201652526855,1.6586101055145264,0.002103090286254883,1.8059852123260498,372,11,0,0,345,59,447,78,49,2745,0,923,13574
oliveira/04_12/randm11.02.02.08.020_0030.01.aba.beta,True,6,6,0.08535957336425781,0.2879481315612793,0.0014836788177490234,0.37479138374328613,135,6,0,0,117,27,146,47,22,878,0,594,9008
oliveira/04_12/randm11.02.02.08.020_0030.02.aba.beta,True,6,6,0.018679380416870117,0.08879899978637695,0.0012652873992919922,0.10874366760253906,84,6,0,0,69,11,95,36,6,486,0,588,8904
oliveira/04_12/randm11.02.02.08.020_0030.03.aba.beta,True,5,6,0.023648977279663086,0.1149749755859375,0.0012803077697753906,0.13990426063537598,108,5,0,0,93,12,122,48,8,619,0,575,8766
oliveira/04_12/randm11.02.02.08.020_0030.04.aba.beta,True,7,6,0.01632237434387207,0.12048935890197754,0.0013167858123779297,0.13812851905822754,77,7,0,0,62,9,100,38,3,448,0,608,9122
oliveira/04_12/randm11.02.02.08.020_0030.05.aba.beta,True,5,6,0.02785968780517578,0.22377657890319824,0.0012965202331542969,0.2529327869415283,123,5,0,0,108,21,150,35,17,741,0,571,8768
oliveira/04_12/randm11.02.02.09.020_0030.01.aba.beta,True,6,6,0.025183677673339844,0.15704631805419922,0.0014674663543701172,0.18369746208190918,70,6,0,0,46,21,89,35,16,403,0,670,10348
oliveira/04_12/randm11.02.02.09.020_0030.02.aba.beta,True,6,6,0.012521505355834961,0.06638145446777344,0.0014493465423583984,0.0803523063659668,36,6,0,0,18,11,68,23,6,195,0,669,10113
oliveira/04_12/randm11.02.02.09.020_0030.03.aba.beta,True,8,6,0.03365278244018555,0.20178508758544922,0.002279520034790039,0.2377173900604248,73,8,0,0,48,22,150,38,15,424,0,1014,15518
oliveira/04_12/randm11.02.02.09.020_0030.04.aba.beta,True,13,6,0.03821516036987305,0.1862344741821289,0.0022995471954345703,0.22674918174743652,65,13,0,0,39,20,117,34,8,442,0,1049,15568
oliveira/04_12/randm11.02.02.09.020_0030.05.aba.beta,True,8,6,0.021988868713378906,0.11339426040649414,0.0014955997467041016,0.13687872886657715,59,8,0,0,38,15,87,32,8,326,0,687,10204
oliveira/04_12/randm11.02.02.10.020_0030.01.aba.beta,True,33,9,65.63253021240234,358.80060839653015,0.007489681243896484,424.4406282901764,2874,33,0,0,2791,1578,3369,118,1546,30210,0,4110,62883
oliveira/04_12/randm11.02.02.10.020_0030.02.aba.beta,True,20,9,2.7135064601898193,14.940039157867432,0.004350185394287109,17.657895803451538,859,20,0,0,816,231,1063,94,212,8647,0,1911,28597
oliveira/04_12/randm11.02.02.10.020_0030.03.aba.beta,True,21,9,19.576614141464233,115.17648935317993,0.003565549850463867,134.75666904449463,2082,21,0,0,2033,699,2327,105,679,21738,0,1511,22494
oliveira/04_12/randm11.02.02.10.020_0030.04.aba.beta,True,23,9,7.439030170440674,32.77248573303223,0.004169464111328125,40.21568536758423,1157,23,0,0,1109,349,1497,88,327,11603,0,1705,25162
oliveira/04_12/randm11.02.02.10.020_0030.05.aba.beta,True,11,8,0.35002565383911133,1.9052462577819824,0.0033278465270996094,2.2585997581481934,536,11,0,0,509,62,637,80,52,4855,0,1416,21737
oliveira/04_12/randm11.02.02.11.020_0030.01.aba.beta,True,21,11,0.11957240104675293,0.5074968338012695,0.009927988052368164,0.6369972229003906,171,21,0,0,137,30,202,56,10,1129,0,4331,68278
oliveira/04_12/randm11.02.02.11.020_0030.02.aba.beta,True,10,10,0.05314803123474121,0.1705641746520996,0.0013654232025146484,0.22507762908935547,133,10,0,0,113,14,138,49,5,844,0,657,9440
oliveira/04_12/randm11.02.02.11.020_0030.03.aba.beta,True,10,11,0.08758687973022461,0.480208158493042,0.0026607513427734375,0.57045578956604,186,10,0,0,164,24,206,57,15,1221,0,1123,17257
oliveira/04_12/randm11.02.02.11.020_0030.04.aba.beta,True,17,11,0.17360901832580566,0.7380802631378174,0.006582975387573242,0.9182722568511963,433,17,0,0,403,33,542,81,17,3386,0,2977,46514
oliveira/04_12/randm11.02.02.11.020_0030.05.aba.beta,True,17,11,0.2241039276123047,0.8667619228363037,0.00882267951965332,1.0996885299682617,348,17,0,0,321,32,375,70,16,2718,0,3821,60145
oliveira/04_12/randm11.02.02.12.020_0030.01.aba.beta,True,10,6,0.034091949462890625,0.31760072708129883,0.0030231475830078125,0.35471582412719727,123,10,0,0,102,23,188,49,14,824,0,1374,21137
oliveira/04_12/randm11.02.02.12.020_0030.02.aba.beta,True,5,6,0.010820388793945312,0.038727760314941406,0.0014736652374267578,0.05102181434631348,42,5,0,0,28,6,63,30,2,222,0,611,9554
oliveira/04_12/randm11.02.02.12.020_0030.03.aba.beta,True,7,6,0.03763723373413086,0.17436504364013672,0.001482248306274414,0.213484525680542,95,7,0,0,76,18,130,33,12,609,0,649,9888
oliveira/04_12/randm11.02.02.12.020_0030.04.aba.beta,True,4,6,0.015206098556518555,0.06614232063293457,0.0011327266693115234,0.08248114585876465,70,4,0,0,53,10,82,42,7,364,0,567,8765
oliveira/04_12/randm11.02.02.12.020_0030.05.aba.beta,True,10,6,0.09641647338867188,0.4681267738342285,0.0025451183319091797,0.5670883655548096,167,10,0,0,148,23,310,50,14,1425,0,1082,16693
oliveira/04_12/randm11.02.02.13.020_0030.01.aba.beta,True,15,9,0.43189120292663574,2.571340322494507,0.0019142627716064453,3.005145788192749,407,15,0,0,366,76,601,67,62,3320,0,894,12619
oliveira/04_12/randm11.02.02.13.020_0030.02.aba.beta,True,10,9,0.06010746955871582,0.34117603302001953,0.0018405914306640625,0.4031240940093994,170,10,0,0,141,25,216,49,16,1185,0,845,12449
oliveira/04_12/randm11.02.02.13.020_0030.03.aba.beta,True,7,9,0.17577385902404785,0.9981093406677246,0.0013241767883300781,1.1752073764801025,256,7,0,0,229,41,333,58,35,1831,0,601,8882
oliveira/04_12/randm11.02.02.13.020_0030.04.aba.beta,True,11,9,0.41385364532470703,2.959320545196533,0.0025475025177001953,3.3757216930389404,598,11,0,0,560,67,849,80,57,5143,0,1118,16881
oliveira/04_12/randm11.02.02.13.020_0030.05.aba.beta,True,10,9,0.09428262710571289,0.365323543548584,0.0021848678588867188,0.4617910385131836,199,10,0,0,173,19,326,57,10,1500,0,973,14527
oliveira/04_12/randm11.02.02.14.020_0030.01.aba.beta,True,16,9,24.13479256629944,110.23483204841614,0.002668142318725586,134.3722927570343,1543,16,0,0,1496,693,2396,90,678,16181,0,1123,16509
oliveira/04_12/randm11.02.02.14.020_0030.02.aba.beta,True,19,9,0.34377598762512207,1.6098527908325195,0.004468441009521484,1.958097219467163,251,19,0,0,217,56,415,65,38,2075,0,2035,30523
oliveira/04_12/randm11.02.02.14.020_0030.03.aba.beta,True,14,9,0.34989428520202637,2.012328863143921,0.003539562225341797,2.365762710571289,254,14,0,0,223,72,452,62,59,1978,0,1470,22444
oliveira/04_12/randm11.02.02.14.020_0030.04.aba.beta,True,18,9,0.3204057216644287,2.4678964614868164,0.0034661293029785156,2.7917683124542236,363,18,0,0,331,69,537,84,52,2870,0,1468,21627
oliveira/04_12/randm11.02.02.14.020_0030.05.aba.beta,True,18,9,24.477341890335083,107.73112654685974,0.002408742904663086,132.2108771800995,1342,18,0,0,1295,669,2227,87,652,13752,0,998,14507
oliveira/04_12/randm11.02.02.15.020_0030.01.aba.beta,True,18,10,0.1932694911956787,0.7936463356018066,0.002200603485107422,0.9891164302825928,266,18,0,0,233,35,337,57,18,2233,0,1024,14585
oliveira/04_12/randm11.02.02.15.020_0030.02.aba.beta,True,15,10,0.29314446449279785,0.9434993267059326,0.0017731189727783203,1.2384169101715088,348,15,0,0,319,34,373,54,20,3313,0,809,11336
oliveira/04_12/randm11.02.02.15.020_0030.03.aba.beta,True,9,10,0.06741929054260254,0.467069149017334,0.0016126632690429688,0.5361011028289795,275,9,0,0,251,22,318,66,14,2011,0,726,10829
oliveira/04_12/randm11.02.02.15.020_0030.04.aba.beta,True,5,10,0.29984235763549805,1.9010059833526611,0.0013194084167480469,2.2021677494049072,446,5,0,0,426,63,476,77,59,3344,0,569,8718
oliveira/04_12/randm11.02.02.15.020_0030.05.aba.beta,True,8,10,0.17904210090637207,0.8935079574584961,0.0015041828155517578,1.07405424118042,266,8,0,0,244,38,316,62,31,1881,0,672,10144
oliveira/04_12/randm11.02.02.16.020_0030.01.aba.beta,True,4,9,0.02246832847595215,0.17163300514221191,0.0013396739959716797,0.19544100761413574,179,4,0,0,164,12,200,63,9,1184,0,592,9080
oliveira/04_12/randm11.02.02.16.020_0030.02.aba.beta,True,19,9,0.26013708114624023,1.3306434154510498,0.0032863616943359375,1.594066858291626,384,19,0,0,354,48,460,66,30,3108,0,1431,21412
oliveira/04_12/randm11.02.02.16.020_0030.03.aba.beta,True,22,9,0.6974649429321289,4.635378360748291,0.005706787109375,5.338550090789795,733,22,0,0,703,110,870,96,89,6299,0,2482,37472
oliveira/04_12/randm11.02.02.16.020_0030.04.aba.beta,True,17,9,0.3119819164276123,1.2620234489440918,0.002165079116821289,1.5761704444885254,284,17,0,0,253,54,319,52,38,2312,0,990,14045
oliveira/04_12/randm11.02.02.16.020_0030.05.aba.beta,True,19,9,0.12293601036071777,0.5022058486938477,0.0028192996978759766,0.6279611587524414,175,19,0,0,144,27,227,53,9,1370,0,1289,18654
oliveira/04_12/randm11.02.02.17.020_0030.01.aba.beta,True,19,11,4.967422246932983,17.695984363555908,0.002682209014892578,22.666088819503784,1169,19,0,0,1118,213,1353,88,195,12529,0,1135,16149
oliveira/04_12/randm11.02.02.17.020_0030.02.aba.beta,True,19,11,0.31689000129699707,1.0158915519714355,0.002462148666381836,1.3352437019348145,265,19,0,0,225,44,332,65,26,2158,0,1141,16608
oliveira/04_12/randm11.02.02.17.020_0030.03.aba.beta,True,27,11,0.9972360134124756,4.0676984786987305,0.0037882328033447266,5.068722724914551,491,27,0,0,437,78,692,82,52,4384,0,1680,24179
oliveira/04_12/randm11.02.02.17.020_0030.04.aba.beta,True,13,11,3.463121175765991,13.296865463256836,0.001848459243774414,16.7618350982666,1077,13,0,0,1035,166,1247,80,154,9943,0,815,11768
oliveira/04_12/randm11.02.02.17.020_0030.05.aba.beta,True,33,11,9.12381100654602,41.12968039512634,0.00642704963684082,50.259918451309204,1288,33,0,0,1236,416,1503,104,384,12735,0,2754,41943
oliveira/04_12/randm11.02.02.18.020_0030.01.aba.beta,True,13,7,0.0567622184753418,0.29990315437316895,0.0024492740631103516,0.3591146469116211,99,13,0,0,72,27,135,43,15,650,0,1114,16409
oliveira/04_12/randm11.02.02.18.020_0030.02.aba.beta,True,14,7,0.08028411865234375,0.7565224170684814,0.003144979476928711,0.8399515151977539,125,14,0,0,90,40,212,48,27,869,0,1432,21338
oliveira/04_12/randm11.02.02.18.020_0030.03.aba.beta,True,9,7,0.05749654769897461,0.3757164478302002,0.0016057491302490234,0.43481874465942383,130,9,0,0,105,29,186,42,21,875,0,666,9670
oliveira/04_12/randm11.02.02.18.020_0030.04.aba.beta,True,8,7,0.027797222137451172,0.06165480613708496,0.0016131401062011719,0.0910651683807373,69,8,0,0,52,8,90,28,1,386,0,771,11756
oliveira/04_12/randm11.02.02.18.020_0030.05.aba.beta,True,13,7,0.036284685134887695,0.15711736679077148,0.00234222412109375,0.19574427604675293,80,13,0,0,55,17,98,40,5,478,0,1063,15971
oliveira/04_12/randm11.02.02.19.020_0030.01.aba.beta,True,39,11,18.14789581298828,128.0586380958557,0.005249738693237305,146.21178364753723,1044,39,0,0,977,721,1280,79,683,10701,0,2291,33138
oliveira/04_12/randm11.02.02.19.020_0030.02.aba.beta,True,25,11,41.00099587440491,154.06036686897278,0.004701375961303711,195.066064119339,1981,25,0,0,1935,1202,2139,111,1178,20307,0,2031,30221
oliveira/04_12/randm11.02.02.19.020_0030.03.aba.beta,True,18,11,5.048398017883301,23.425374746322632,0.0034949779510498047,28.477267742156982,961,18,0,0,924,346,1157,92,329,8840,0,1545,22925
oliveira/04_12/randm11.02.02.19.020_0030.04.aba.beta,True,20,11,10.865745067596436,40.95942783355713,0.003144502639770508,51.828317403793335,1225,20,0,0,1182,405,1619,94,386,13193,0,1328,19923
oliveira/04_12/randm11.02.02.19.020_0030.05.aba.beta,True,21,11,5.56968879699707,22.41648769378662,0.005536079406738281,27.99171257019043,969,21,0,0,902,450,1075,81,430,9349,0,2350,36108
oliveira/04_12/randm12.02.02.01.020_0030.01.aba.beta,True,9,8,0.0818636417388916,0.5318601131439209,0.0016367435455322266,0.6153604984283447,224,9,0,0,203,32,275,50,24,1590,0,725,10947
oliveira/04_12/randm12.02.02.01.020_0030.02.aba.beta,True,6,8,0.014867544174194336,0.05515694618225098,0.001374959945678711,0.07139945030212402,58,6,0,0,43,7,77,42,2,283,0,613,9258
oliveira/04_12/randm12.02.02.01.020_0030.03.aba.beta,True,13,8,0.05997633934020996,0.37363600730895996,0.002510547637939453,0.4361228942871094,170,13,0,0,144,23,252,60,11,1254,0,1103,16357
oliveira/04_12/randm12.02.02.01.020_0030.04.aba.beta,True,4,8,0.11484289169311523,0.6270768642425537,0.0014901161193847656,0.7434098720550537,271,4,0,0,253,30,305,54,27,2053,0,636,9946
oliveira/04_12/randm12.02.02.01.020_0030.05.aba.beta,True,8,8,0.03272199630737305,0.1183011531829834,0.0013842582702636719,0.15240740776062012,91,8,0,0,72,12,113,38,5,540,0,644,9656
oliveira/04_12/randm12.02.02.02.020_0030.01.aba.beta,True,15,11,33.30420112609863,125.15641021728516,0.00235748291015625,158.46296882629395,2499,15,0,0,2467,625,2984,95,611,26884,0,1055,15794
oliveira/04_12/randm12.02.02.02.020_0030.02.aba.beta,True,13,11,1.4617929458618164,5.463139533996582,0.0022628307342529297,6.927195310592651,712,13,0,0,687,95,855,84,83,6311,0,935,13411
oliveira/04_12/randm12.02.02.02.020_0030.03.aba.beta,True,8,11,4.320961952209473,18.896442651748657,0.0015821456909179688,23.218986749649048,1307,8,0,0,1283,194,1632,101,187,12757,0,666,9971
oliveira/04_12/randm12.02.02.02.020_0030.04.aba.beta,True,10,11,9.559359312057495,35.943742752075195,0.0015990734100341797,45.504701137542725,1515,10,0,0,1480,336,1843,104,327,14458,0,699,10176
oliveira/04_12/randm12.02.02.02.020_0030.05.aba.beta,True,14,11,0.45191144943237305,1.7747254371643066,0.0020530223846435547,2.2286899089813232,593,14,0,0,562,44,672,82,31,5645,0,856,12494
oliveira/04_12/randm12.02.02.03.020_0030.01.aba.beta,True,21,11,1.5573010444641113,5.528846979141235,0.0021507740020751953,7.088298797607422,913,21,0,0,876,108,1019,72,88,8503,0,983,13498
oliveira/04_12/randm12.02.02.03.020_0030.02.aba.beta,True,11,11,0.546391487121582,3.302964925765991,0.0018742084503173828,3.8512306213378906,700,11,0,0,665,80,809,89,70,5996,0,865,12628
oliveira/04_12/randm12.02.02.03.020_0030.03.aba.beta,True,10,11,0.1741476058959961,0.7651557922363281,0.001575469970703125,0.9408788681030273,324,10,0,0,294,32,370,68,23,2534,0,754,10981
oliveira/04_12/randm12.02.02.03.020_0030.04.aba.beta,True,9,11,0.18220949172973633,0.7589588165283203,0.0014922618865966797,0.9426605701446533,319,9,0,0,290,31,376,71,23,2498,0,673,9875
oliveira/04_12/randm12.02.02.03.020_0030.05.aba.beta,True,14,11,18.614078521728516,66.50047135353088,0.001706838607788086,85.11625671386719,1604,14,0,0,1566,543,1837,84,530,16453,0,782,11135
oliveira/04_12/randm12.02.02.04.020_0030.01.aba.beta,True,15,11,0.8729813098907471,4.682891130447388,0.0022792816162109375,5.558151721954346,792,15,0,0,758,85,992,90,71,6818,0,992,14702
oliveira/04_12/randm12.02.02.04.020_0030.02.aba.beta,True,15,11,8.537674188613892,46.819339990615845,0.0018200874328613281,55.3588342666626,1206,15,0,0,1171,431,1522,89,417,11641,0,855,12237
oliveira/04_12/randm12.02.02.04.020_0030.03.aba.beta,True,14,11,9.422015905380249,49.131430864334106,0.0020253658294677734,58.55547213554382,1465,14,0,0,1432,407,1903,100,394,14021,0,838,11898
oliveira/04_12/randm12.02.02.04.020_0030.04.aba.beta,True,18,11,5.660297155380249,25.448606967926025,0.0023772716522216797,31.111281394958496,980,18,0,0,944,296,1363,89,279,8892,0,1056,15095
oliveira/04_12/randm12.02.02.04.020_0030.05.aba.beta,True,16,11,0.46711301803588867,2.4680538177490234,0.0021514892578125,2.9373183250427246,455,16,0,0,422,65,507,69,50,3692,0,993,14274
oliveira/04_12/randm12.02.02.05.020_0030.01.aba.beta,True,24,10,82.93109202384949,391.5616250038147,0.009315729141235352,474.5020327568054,3913,24,0,0,3834,1585,4280,101,1562,42995,0,4063,63208
oliveira/04_12/randm12.02.02.05.020_0030.02.aba.beta,True,28,10,18.181759119033813,80.8248016834259,0.005552768707275391,99.01211357116699,1598,28,0,0,1522,754,1771,87,727,20035,0,2459,36264
oliveira/04_12/randm12.02.02.05.020_0030.03.aba.beta,False,19,10,400.67869210243225,2994.363127231598,0.0007579326629638672,3395.042577266693,7481,18,0,0,7341,5226,7523,105,5209,94200,0,451,5234
oliveira/04_12/randm12.02.02.05.020_0030.04.aba.beta,True,25,12,127.92986416816711,584.7615714073181,0.0071337223052978516,712.6985692977905,4569,25,0,0,4503,1847,5647,124,1823,61411,0,3439,53126
oliveira/04_12/randm12.02.02.05.020_0030.05.aba.beta,True,30,10,33.24627232551575,126.1661159992218,0.004690885543823242,159.41707921028137,2259,30,0,0,2175,804,2380,89,775,24084,0,2280,33600
oliveira/04_12/randm12.02.02.06.020_0030.01.aba.beta,True,52,10,2.930124282836914,20.31493902206421,0.02042365074157715,23.2654869556427,442,52,0,0,348,165,887,106,114,4170,0,8055,125063
oliveira/04_12/randm12.02.02.06.020_0030.02.aba.beta,True,35,9,3.953094720840454,20.046003818511963,0.008795022964477539,24.007893562316895,533,35,0,0,446,226,1304,94,192,5205,0,3829,57700
oliveira/04_12/randm12.02.02.06.020_0030.03.aba.beta,True,42,10,4.320312976837158,47.95054006576538,0.01828765869140625,52.289140701293945,589,42,0,0,476,334,956,108,293,5537,0,7870,120358
oliveira/04_12/randm12.02.02.06.020_0030.04.aba.beta,True,54,10,10.183000564575195,459.70221972465515,0.011216878890991211,469.89643716812134,663,54,0,0,378,1307,784,120,1254,8178,0,5367,82178
oliveira/04_12/randm12.02.02.06.020_0030.05.aba.beta,True,52,11,41.93168616294861,192.14846181869507,0.015244722366333008,234.09539270401,1375,52,0,0,1229,863,2805,122,812,14777,0,7244,111089
oliveira/04_12/randm12.02.02.07.020_0030.01.aba.beta,True,10,7,0.04446220397949219,0.35618019104003906,0.003204345703125,0.40384674072265625,106,10,0,0,80,26,182,41,17,782,0,1449,21765
oliveira/04_12/randm12.02.02.07.020_0030.02.aba.beta,True,16,7,0.31113171577453613,2.011728525161743,0.0035707950592041016,2.3264310359954834,201,16,0,0,145,122,309,55,107,1602,0,1523,23144
oliveira/04_12/randm12.02.02.07.020_0030.03.aba.beta,True,11,7,0.03838539123535156,0.2415294647216797,0.003057718276977539,0.2829725742340088,70,11,0,0,44,23,150,35,13,540,0,1369,21291
oliveira/04_12/randm12.02.02.07.020_0030.04.aba.beta,True,9,7,0.04700613021850586,0.3171224594116211,0.0016858577728271484,0.3658144474029541,148,9,0,0,118,27,205,42,19,1197,0,734,10991
oliveira/04_12/randm12.02.02.07.020_0030.05.aba.beta,True,17,7,0.4840519428253174,3.5230555534362793,0.0027267932891845703,4.009834289550781,316,17,0,0,262,105,498,62,89,2562,0,1150,16992
oliveira/04_12/randm12.02.02.08.020_0030.01.aba.beta,True,14,8,0.1724700927734375,0.8688981533050537,0.0022962093353271484,1.0436644554138184,218,14,0,0,190,43,309,57,30,1579,0,1051,15297
oliveira/04_12/randm12.02.02.08.020_0030.02.aba.beta,True,28,8,0.23594021797180176,1.4839324951171875,0.0038797855377197266,1.723752498626709,205,28,0,0,160,70,313,64,43,1657,0,1752,25407
oliveira/04_12/randm12.02.02.08.020_0030.03.aba.beta,True,14,8,10.05580449104309,49.97304368019104,0.0038909912109375,60.03273916244507,936,14,0,0,887,643,1251,89,630,8703,0,1620,25038
oliveira/04_12/randm12.02.02.08.020_0030.04.aba.beta,True,10,8,0.24369430541992188,1.4094011783599854,0.001969575881958008,1.6550650596618652,343,10,0,0,316,52,548,63,43,2818,0,854,13035
oliveira/04_12/randm12.02.02.08.020_0030.05.aba.beta,True,16,8,0.16538476943969727,0.8687982559204102,0.0019941329956054688,1.036177158355713,223,16,0,0,198,42,311,56,27,1701,0,892,12758
oliveira/04_12/randm12.02.02.09.020_0030.01.aba.beta,True,18,10,0.7762672901153564,3.59999942779541,0.003256082534790039,4.379522800445557,312,18,0,0,258,104,435,68,87,2506,0,1344,20171
oliveira/04_12/randm12.02.02.09.020_0030.02.aba.beta,True,31,10,0.2527148723602295,1.293433427810669,0.003978252410888672,1.550126552581787,185,31,0,0,137,41,266,67,11,1591,0,1768,24520
oliveira/04_12/randm12.02.02.09.020_0030.03.aba.beta,True,13,10,1.894416093826294,8.052927017211914,0.0020575523376464844,9.949400663375854,599,13,0,0,556,138,874,72,126,5347,0,858,12492
oliveira/04_12/randm12.02.02.09.020_0030.04.aba.beta,True,14,10,4.336400747299194,16.006478309631348,0.0017933845520019531,20.344672441482544,746,14,0,0,687,262,1097,78,249,6939,0,800,11506
oliveira/04_12/randm12.02.02.09.020_0030.05.aba.beta,True,15,10,0.3877549171447754,1.838944911956787,0.005238056182861328,2.231937885284424,403,15,0,0,369,47,473,68,33,3510,0,2227,34240
oliveira/04_12/randm12.02.02.10.020_0030.01.aba.beta,True,29,11,0.6684908866882324,2.6138832569122314,0.006895303726196289,3.28926944732666,384,29,0,0,340,72,531,79,44,3323,0,3037,45465
oliveira/04_12/randm12.02.02.10.020_0030.02.aba.beta,True,33,11,215.2270209789276,782.269757270813,0.005676746368408203,997.502454996109,2545,33,0,0,2462,4398,3690,129,4366,27947,0,3331,49276
oliveira/04_12/randm12.02.02.10.020_0030.03.aba.beta,True,26,11,9.840771675109863,40.121169567108154,0.0040950775146484375,49.966036319732666,1106,26,0,0,1054,393,1606,95,368,10718,0,1767,25387
oliveira/04_12/randm12.02.02.10.020_0030.04.aba.beta,True,22,11,1.2153661251068115,7.957047700881958,0.004506349563598633,9.176920175552368,619,22,0,0,565,178,902,82,157,5391,0,1925,28839
oliveira/04_12/randm12.02.02.10.020_0030.05.aba.beta,True,27,11,7.569728136062622,41.12029147148132,0.004546165466308594,48.694565773010254,1376,27,0,0,1315,449,1749,114,423,13200,0,1962,29027
oliveira/04_12/randm12.02.02.11.020_0030.01.aba.beta,True,10,11,0.10566163063049316,0.619952917098999,0.0038089752197265625,0.7294235229492188,230,10,0,0,201,32,324,60,23,1645,0,1667,25931
oliveira/04_12/randm12.02.02.11.020_0030.02.aba.beta,True,12,11,4.05146598815918,14.362343549728394,0.0018057823181152344,18.41561532020569,729,12,0,0,683,236,974,76,225,6630,0,798,11484
oliveira/04_12/randm12.02.02.11.020_0030.03.aba.beta,True,10,11,0.11671638488769531,0.6090965270996094,0.0017006397247314453,0.7275135517120361,272,10,0,0,238,26,389,73,17,2245,0,747,10841
oliveira/04_12/randm12.02.02.11.020_0030.04.aba.beta,True,8,11,5.140561819076538,19.65158486366272,0.0016562938690185547,24.793802976608276,768,8,0,0,722,288,997,80,281,6994,0,702,10413
oliveira/04_12/randm12.02.02.11.020_0030.05.aba.beta,True,12,11,0.0975182056427002,0.4992334842681885,0.00276947021484375,0.5995211601257324,190,12,0,0,161,28,239,60,17,1235,0,1199,17975
oliveira/04_12/randm12.02.02.12.020_0030.01.aba.beta,True,11,9,0.5862691402435303,3.80190372467041,0.001840829849243164,4.390013694763184,531,11,0,0,496,97,656,63,87,4650,0,792,11727
oliveira/04_12/randm12.02.02.12.020_0030.02.aba.beta,True,10,9,0.04297637939453125,0.2379169464111328,0.0021512508392333984,0.28304457664489746,115,10,0,0,92,17,173,56,8,724,0,1005,15036
oliveira/04_12/randm12.02.02.12.020_0030.03.aba.beta,True,28,9,1.4204533100128174,6.388320207595825,0.007002592086791992,7.815776109695435,612,28,0,0,572,120,711,72,93,5677,0,2944,45285
oliveira/04_12/randm12.02.02.12.020_0030.04.aba.beta,True,5,9,0.03885769844055176,0.1262376308441162,0.0017020702362060547,0.16679739952087402,136,5,0,0,121,10,145,45,6,854,0,684,10528
oliveira/04_12/randm12.02.02.12.020_0030.05.aba.beta,True,10,9,0.0553891658782959,0.46790194511413574,0.002531290054321289,0.5258224010467529,155,10,0,0,133,25,199,61,16,1008,0,1103,16791
oliveira/04_12/randm12.02.02.13.020_0030.01.aba.beta,True,12,9,0.10618472099304199,0.5201833248138428,0.0019953250885009766,0.6283633708953857,186,12,0,0,164,28,216,51,17,1292,0,903,13176
oliveira/04_12/randm12.02.02.13.020_0030.02.aba.beta,True,6,9,0.05165719985961914,0.3579716682434082,0.0014369487762451172,0.41106581687927246,230,6,0,0,212,20,250,55,15,1583,0,605,9123
oliveira/04_12/randm12.02.02.13.020_0030.03.aba.beta,True,9,9,0.04598355293273926,0.2592778205871582,0.0015766620635986328,0.3068380355834961,109,9,0,0,89,24,148,48,16,763,0,722,10620
oliveira/04_12/randm12.02.02.13.020_0030.04.aba.beta,True,8,9,0.10076236724853516,0.48650360107421875,0.0012891292572021484,0.588555097579956,200,8,0,0,175,36,236,48,29,1394,0,617,9192
oliveira/04_12/randm12.02.02.13.020_0030.05.aba.beta,True,9,9,0.2744786739349365,1.7716100215911865,0.0015058517456054688,2.0475945472717285,365,9,0,0,334,57,583,67,49,2883,0,682,9987
oliveira/04_12/randm12.02.02.14.020_0030.01.aba.beta,True,24,9,19.574264764785767,98.53587126731873,0.005797624588012695,118.1159336566925,741,24,0,0,597,1116,1854,100,1093,8361,0,2582,39369
oliveira/04_12/randm12.02.02.14.020_0030.02.aba.beta,True,32,9,2.0484046936035156,15.094597101211548,0.008686304092407227,17.15168809890747,413,32,0,0,320,195,968,86,164,3903,0,3707,56472
oliveira/04_12/randm12.02.02.14.020_0030.03.aba.beta,True,32,9,0.8685264587402344,5.209424018859863,0.011103630065917969,6.089054107666016,272,32,0,0,202,97,701,73,66,2537,0,4661,71863
oliveira/04_12/randm12.02.02.14.020_0030.04.aba.beta,True,25,9,3.6902732849121094,21.960026025772095,0.006514310836791992,25.656813621520996,415,25,0,0,315,356,869,79,332,3768,0,2746,41218
oliveira/04_12/randm12.02.02.14.020_0030.05.aba.beta,True,30,8,0.5979013442993164,12.036193132400513,0.0074846744537353516,12.641579151153564,225,30,0,0,149,119,531,67,90,2023,0,3088,47555
oliveira/04_12/randm12.02.02.15.020_0030.01.aba.beta,True,6,5,0.012596607208251953,0.06621479988098145,0.0013284683227539062,0.0801398754119873,38,6,0,0,21,11,54,24,6,159,0,575,8797
oliveira/04_12/randm12.02.02.15.020_0030.02.aba.beta,True,5,5,0.009418249130249023,0.062157392501831055,0.0013828277587890625,0.07295846939086914,35,5,0,0,19,10,54,26,6,156,0,580,8915
oliveira/04_12/randm12.02.02.15.020_0030.03.aba.beta,True,4,5,0.011603832244873047,0.07950162887573242,0.001336812973022461,0.09244227409362793,39,4,0,0,21,13,58,25,10,198,0,583,8907
oliveira/04_12/randm12.02.02.15.020_0030.04.aba.beta,True,5,5,0.2795560359954834,0.06921529769897461,0.0014064311981201172,0.3501777648925781,38,5,0,0,23,9,76,22,5,203,0,604,9488
oliveira/04_12/randm12.02.02.15.020_0030.05.aba.beta,True,3,5,0.0057599544525146484,0.018766164779663086,0.0010027885437011719,0.025528907775878906,32,3,0,0,18,5,44,22,3,136,0,574,9046
oliveira/04_12/randm12.02.02.16.020_0030.01.aba.beta,True,1,1,0.0015001296997070312,0.002056121826171875,0.0011141300201416016,0.004670381546020508,3,1,0,0,0,1,3,3,1,2,0,534,8555
oliveira/04_12/randm12.02.02.16.020_0030.02.aba.beta,True,1,1,0.000820159912109375,0.0018041133880615234,0.0009477138519287109,0.0035719871520996094,3,1,0,0,0,1,3,3,1,2,0,533,8582
oliveira/04_12/randm12.02.02.16.020_0030.03.aba.beta,True,1,1,0.003094911575317383,0.0017323493957519531,0.0008857250213623047,0.005712985992431641,3,1,0,0,0,1,3,3,1,2,0,543,8621
oliveira/04_12/randm12.02.02.16.020_0030.04.aba.beta,True,1,1,0.0008401870727539062,0.0019249916076660156,0.0011398792266845703,0.003905057907104492,3,1,0,0,0,1,3,3,1,2,0,539,8609
oliveira/04_12/randm12.02.02.16.020_0030.05.aba.beta,True,1,1,0.00083160400390625,0.001977682113647461,0.0011811256408691406,0.0039904117584228516,3,1,0,0,0,1,3,3,1,2,0,526,8544
oliveira/04_12/randm12.02.02.17.020_0030.01.aba.beta,False,6,12,262.21440839767456,1277.7210648059845,6.365776062011719e-05,1539.9355368614197,6164,5,0,0,6144,3405,7465,121,3401,72410,0,62,380
oliveira/04_12/randm12.02.02.17.020_0030.02.aba.beta,True,21,12,22.172327756881714,96.07164216041565,0.0038802623748779297,118.24785017967224,2192,21,0,0,2152,585,2463,114,565,24035,0,1723,25314
oliveira/04_12/randm12.02.02.17.020_0030.03.aba.beta,True,15,12,84.0432517528534,333.3500134944916,0.001417398452758789,417.39468264579773,2971,15,0,0,2946,2293,3281,120,2279,31739,0,995,14359
oliveira/04_12/randm12.02.02.17.020_0030.04.aba.beta,True,20,12,8.615878343582153,36.99091076850891,0.0034575462341308594,45.610246658325195,1434,20,0,0,1406,344,1683,103,325,14513,0,1476,22021
oliveira/04_12/randm12.02.02.17.020_0030.05.aba.beta,True,15,12,18.027130126953125,60.143412590026855,0.0018758773803710938,78.17241859436035,1856,15,0,0,1825,448,2128,111,434,18599,0,1063,15450
oliveira/04_12/randm12.02.02.18.020_0030.01.aba.beta,True,19,10,2.0011065006256104,6.866369009017944,0.0023605823516845703,8.86983609199524,890,19,0,0,850,138,1063,85,120,8602,0,1035,14746
oliveira/04_12/randm12.02.02.18.020_0030.02.aba.beta,True,16,10,0.5719187259674072,3.264427661895752,0.002165555953979492,3.8385119438171387,466,16,0,0,430,76,558,73,61,3835,0,972,14148
oliveira/04_12/randm12.02.02.18.020_0030.03.aba.beta,True,20,10,0.9921729564666748,6.793612003326416,0.002900362014770508,7.788685321807861,849,20,0,0,806,123,923,93,104,7513,0,1268,18509
oliveira/04_12/randm12.02.02.18.020_0030.04.aba.beta,True,15,10,0.5629599094390869,2.8804123401641846,0.0019371509552001953,3.4453094005584717,668,15,0,0,641,69,817,80,55,5715,0,887,12651
oliveira/04_12/randm12.02.02.18.020_0030.05.aba.beta,True,18,10,0.9346296787261963,5.916163444519043,0.003459930419921875,6.854253053665161,850,18,0,0,817,104,1009,96,87,7494,0,1515,22606
oliveira/04_12/randm12.02.02.19.020_0030.01.aba.beta,True,5,10,0.8543846607208252,3.7684810161590576,0.0018048286437988281,4.624670505523682,684,5,0,0,672,94,718,71,90,5650,0,774,12136
oliveira/04_12/randm12.02.02.19.020_0030.02.aba.beta,True,11,10,0.3260166645050049,1.8792822360992432,0.001628875732421875,2.20692777633667,485,11,0,0,461,57,514,79,47,4013,0,722,10515
oliveira/04_12/randm12.02.02.19.020_0030.03.aba.beta,True,20,10,0.10337328910827637,0.4677767753601074,0.002444028854370117,0.5735940933227539,198,20,0,0,170,28,258,67,9,1385,0,1131,16283
oliveira/04_12/randm12.02.02.19.020_0030.04.aba.beta,True,13,10,0.3524792194366455,1.8367345333099365,0.001581430435180664,2.1907951831817627,473,13,0,0,447,52,528,73,40,3707,0,712,10229
oliveira/04_12/randm12.02.02.19.020_0030.05.aba.beta,True,7,10,0.20327162742614746,1.1101717948913574,0.002404928207397461,1.3158483505249023,349,7,0,0,337,38,415,63,32,2639,0,976,15425
