file name,succeeded,learning_rounds,automaton_size,learning_time,smt_time,eq_oracle_time,total_time,queries_learning,validity_query,rule1,rule2,rule3,rule4,nodes,informative_nodes,analyzed_bases,sul_steps,cache_saved,queries_eq_oracle,steps_eq_oracle
oliveira/04_12/randm04.02.02.01.020_0030.01.aba.beta,True,2,3,0.002559661865234375,0.11054253578186035,0.0012290477752685547,0.11433124542236328,7,2,0,0,0,2,7,7,1,12,0,536,8587
oliveira/04_12/randm04.02.02.01.020_0030.02.aba.beta,True,6,4,0.008428573608398438,0.12502503395080566,0.003438711166381836,0.13689231872558594,11,6,0,0,0,6,12,11,1,24,0,1378,21897
oliveira/04_12/randm04.02.02.01.020_0030.03.aba.beta,True,6,4,0.008687019348144531,0.12485933303833008,0.0086669921875,0.1422133445739746,13,6,0,0,0,7,14,13,2,32,0,1044,16720
oliveira/04_12/randm04.02.02.01.020_0030.04.aba.beta,True,5,4,0.0071563720703125,0.12415504455566406,0.0020630359649658203,0.13337445259094238,13,5,0,0,0,6,16,12,2,34,0,817,12918
oliveira/04_12/randm04.02.02.01.020_0030.05.aba.beta,True,6,4,0.008271217346191406,0.12150168418884277,0.004390716552734375,0.13416361808776855,11,6,0,0,0,6,15,11,1,27,0,1610,25420
oliveira/04_12/randm04.02.02.02.020_0030.01.aba.beta,True,1,1,0.0010063648223876953,0.0976552963256836,0.0012640953063964844,0.09992575645446777,3,1,0,0,0,1,3,3,1,2,0,543,8623
oliveira/04_12/randm04.02.02.02.020_0030.02.aba.beta,True,1,1,0.0009031295776367188,0.09452223777770996,0.0011906623840332031,0.09661602973937988,3,1,0,0,0,1,3,3,1,2,0,537,8598
oliveira/04_12/randm04.02.02.02.020_0030.03.aba.beta,True,1,1,0.0008504390716552734,0.09543824195861816,0.001291513442993164,0.0975801944732666,3,1,0,0,0,1,3,3,1,2,0,527,8532
oliveira/04_12/randm04.02.02.02.020_0030.04.aba.beta,True,1,1,0.0009744167327880859,0.09169483184814453,0.001451253890991211,0.09412050247192383,3,1,0,0,0,1,3,3,1,2,0,536,8589
oliveira/04_12/randm04.02.02.02.020_0030.05.aba.beta,True,1,1,0.0008733272552490234,0.09210777282714844,0.00125885009765625,0.09423995018005371,3,1,0,0,0,1,3,3,1,2,0,536,8583
oliveira/04_12/randm04.02.02.03.020_0030.01.aba.beta,True,2,3,0.002425670623779297,0.10268640518188477,0.0011327266693115234,0.10624480247497559,10,2,0,0,0,4,12,10,3,21,0,536,8563
oliveira/04_12/randm04.02.02.03.020_0030.02.aba.beta,True,2,3,0.002455472946166992,0.1079702377319336,0.0014452934265136719,0.11187100410461426,10,2,0,0,0,4,20,9,3,29,0,545,8658
oliveira/04_12/randm04.02.02.03.020_0030.03.aba.beta,True,2,3,0.0022745132446289062,0.08741617202758789,0.0013594627380371094,0.0910501480102539,7,2,0,0,0,2,7,7,1,12,0,540,8598
oliveira/04_12/randm04.02.02.03.020_0030.04.aba.beta,True,2,3,0.002390146255493164,0.08729362487792969,0.0014367103576660156,0.09112048149108887,7,2,0,0,0,2,7,7,1,12,0,543,8612
oliveira/04_12/randm04.02.02.03.020_0030.05.aba.beta,True,3,3,0.003500223159790039,0.09465551376342773,0.0012438297271728516,0.09939956665039062,11,3,0,0,0,5,15,10,3,31,0,547,8614
oliveira/04_12/randm04.02.02.04.020_0030.01.aba.beta,True,1,1,0.0009610652923583984,0.07710719108581543,0.0014281272888183594,0.07949638366699219,3,1,0,0,0,1,3,3,1,2,0,529,8558
oliveira/04_12/randm04.02.02.04.020_0030.02.aba.beta,True,1,1,0.0009539127349853516,0.0020220279693603516,0.001135110855102539,0.004111051559448242,3,1,0,0,0,1,3,3,1,2,0,531,8570
oliveira/04_12/randm04.02.02.04.020_0030.03.aba.beta,True,1,1,0.0009791851043701172,0.0018990039825439453,0.0011606216430664062,0.004038810729980469,3,1,0,0,0,1,3,3,1,2,0,532,8571
oliveira/04_12/randm04.02.02.04.020_0030.04.aba.beta,True,1,1,0.0010416507720947266,0.002038240432739258,0.0011720657348632812,0.004251956939697266,3,1,0,0,0,1,3,3,1,2,0,535,8587
oliveira/04_12/randm04.02.02.04.020_0030.05.aba.beta,True,1,1,0.0010347366333007812,0.0020852088928222656,0.0012693405151367188,0.004389286041259766,3,1,0,0,0,1,3,3,1,2,0,539,8598
oliveira/04_12/randm04.02.02.05.020_0030.01.aba.beta,True,1,2,0.0013263225555419922,0.002902507781982422,0.0012624263763427734,0.0054912567138671875,5,1,0,0,0,1,5,5,1,6,0,533,8580
oliveira/04_12/randm04.02.02.05.020_0030.02.aba.beta,True,1,2,0.001348257064819336,0.002887725830078125,0.0012364387512207031,0.005472421646118164,5,1,0,0,0,1,5,5,1,6,0,529,8561
oliveira/04_12/randm04.02.02.05.020_0030.03.aba.beta,True,1,2,0.0012354850769042969,0.0037889480590820312,0.0012295246124267578,0.006253957748413086,5,1,0,0,0,1,5,5,1,6,0,538,8604
oliveira/04_12/randm04.02.02.05.020_0030.04.aba.beta,True,1,2,0.001131296157836914,0.002881765365600586,0.001325845718383789,0.005338907241821289,5,1,0,0,0,1,5,5,1,6,0,531,8548
oliveira/04_12/randm04.02.02.05.020_0030.05.aba.beta,True,1,2,0.0010895729064941406,0.002881765365600586,0.0013909339904785156,0.005362272262573242,5,1,0,0,0,1,5,5,1,6,0,528,8549
oliveira/04_12/randm04.02.02.06.020_0030.01.aba.beta,True,2,3,0.0024259090423583984,0.00954294204711914,0.0012390613555908203,0.01320791244506836,8,2,0,0,0,3,12,8,2,17,0,534,8558
oliveira/04_12/randm04.02.02.06.020_0030.02.aba.beta,True,2,3,0.002447843551635742,0.011238574981689453,0.0011949539184570312,0.014881372451782227,8,2,0,0,0,3,16,8,2,21,0,552,8677
oliveira/04_12/randm04.02.02.06.020_0030.03.aba.beta,True,4,3,0.004929304122924805,0.015236616134643555,0.0012090206146240234,0.021374940872192383,9,4,0,0,0,4,19,9,1,33,0,563,8743
oliveira/04_12/randm04.02.02.06.020_0030.04.aba.beta,True,4,3,0.004855632781982422,0.01665353775024414,0.001332998275756836,0.0228421688079834,9,4,0,0,0,4,29,9,1,49,0,582,9018
oliveira/04_12/randm04.02.02.06.020_0030.05.aba.beta,True,2,3,0.002182483673095703,0.009453773498535156,0.0012729167938232422,0.012909173965454102,8,2,0,0,0,3,10,8,2,15,0,546,8620
oliveira/04_12/randm04.02.02.07.020_0030.01.aba.beta,True,1,2,0.001180887222290039,0.0027773380279541016,0.0014595985412597656,0.005417823791503906,5,1,0,0,0,1,5,5,1,6,0,531,8557
oliveira/04_12/randm04.02.02.07.020_0030.02.aba.beta,True,1,2,0.001096963882446289,0.0027158260345458984,0.0011715888977050781,0.004984378814697266,5,1,0,0,0,1,5,5,1,6,0,531,8567
oliveira/04_12/randm04.02.02.07.020_0030.03.aba.beta,True,1,2,0.0014295578002929688,0.0032308101654052734,0.0012862682342529297,0.005946636199951172,5,1,0,0,0,1,5,5,1,6,0,538,8600
oliveira/04_12/randm04.02.02.07.020_0030.04.aba.beta,True,1,2,0.0010561943054199219,0.0033533573150634766,0.0011730194091796875,0.005582571029663086,5,1,0,0,0,1,5,5,1,6,0,538,8598
oliveira/04_12/randm04.02.02.07.020_0030.05.aba.beta,True,1,2,0.0011150836944580078,0.002485990524291992,0.0010712146759033203,0.00467228889465332,5,1,0,0,0,1,5,5,1,6,0,541,8614
oliveira/04_12/randm04.02.02.08.020_0030.01.aba.beta,True,11,4,0.01842331886291504,0.11835265159606934,0.001836538314819336,0.1386125087738037,25,11,0,0,0,17,64,24,7,203,0,848,12480
oliveira/04_12/randm04.02.02.08.020_0030.02.aba.beta,True,9,4,0.017691612243652344,0.07586216926574707,0.0016286373138427734,0.09518241882324219,20,9,0,0,0,12,48,18,4,153,0,715,10801
oliveira/04_12/randm04.02.02.08.020_0030.03.aba.beta,True,7,4,0.008589029312133789,0.030910968780517578,0.0014803409576416016,0.04098033905029297,13,7,0,0,0,7,20,13,1,52,0,685,10478
oliveira/04_12/randm04.02.02.08.020_0030.04.aba.beta,True,5,4,0.008368968963623047,0.01807999610900879,0.001203298568725586,0.027652263641357422,11,5,0,0,0,5,11,11,1,31,0,561,8660
oliveira/04_12/randm04.02.02.08.020_0030.05.aba.beta,True,8,4,0.011780261993408203,0.08152580261230469,0.0014438629150390625,0.09474992752075195,22,8,0,0,0,14,46,21,7,127,0,689,10150
oliveira/04_12/randm04.02.02.09.020_0030.01.aba.beta,True,2,3,0.0028645992279052734,0.01649951934814453,0.0012135505676269531,0.020577669143676758,12,2,0,0,0,5,13,12,4,27,0,541,8608
oliveira/04_12/randm04.02.02.09.020_0030.02.aba.beta,True,2,3,0.0032684803009033203,0.028146982192993164,0.0014042854309082031,0.03281974792480469,12,2,0,0,0,5,17,11,4,31,0,534,8569
oliveira/04_12/randm04.02.02.09.020_0030.03.aba.beta,True,2,3,0.002905607223510742,0.018421649932861328,0.001678466796875,0.02300572395324707,10,2,0,0,0,4,16,10,3,25,0,545,8636
oliveira/04_12/randm04.02.02.09.020_0030.04.aba.beta,True,2,3,0.002713441848754883,0.015351533889770508,0.001298666000366211,0.0193636417388916,10,2,0,0,0,4,22,10,3,31,0,553,8716
oliveira/04_12/randm04.02.02.09.020_0030.05.aba.beta,True,2,3,0.003392934799194336,0.019468307495117188,0.0012197494506835938,0.024080991744995117,12,2,0,0,0,5,20,12,4,34,0,549,8669
oliveira/04_12/randm04.02.02.10.020_0030.01.aba.beta,True,2,4,0.003157377243041992,0.039492130279541016,0.0012652873992919922,0.043914794921875,14,2,0,0,0,6,32,13,5,49,0,556,8820
oliveira/04_12/randm04.02.02.10.020_0030.02.aba.beta,True,2,4,0.003607511520385742,0.022388696670532227,0.001375436782836914,0.027371644973754883,14,2,0,0,0,6,19,13,5,37,0,530,8565
oliveira/04_12/randm04.02.02.10.020_0030.03.aba.beta,True,2,4,0.0045070648193359375,0.05354738235473633,0.0012657642364501953,0.05932021141052246,16,2,0,0,0,9,39,16,8,61,0,562,8955
oliveira/04_12/randm04.02.02.10.020_0030.04.aba.beta,True,2,4,0.003941535949707031,0.029141664505004883,0.0012345314025878906,0.034317731857299805,14,2,0,0,0,6,30,13,5,47,0,555,8784
oliveira/04_12/randm04.02.02.10.020_0030.05.aba.beta,True,2,4,0.004119157791137695,0.03213238716125488,0.0014066696166992188,0.0376582145690918,14,2,0,0,0,6,31,13,5,48,0,560,8819
oliveira/04_12/randm04.02.02.11.020_0030.01.aba.beta,True,7,4,0.010774612426757812,0.02688312530517578,0.002934694290161133,0.04059243202209473,13,7,0,0,0,7,18,13,1,36,0,1329,20771
oliveira/04_12/randm04.02.02.11.020_0030.02.aba.beta,True,7,4,0.010743141174316406,0.026139259338378906,0.0027284622192382812,0.039610862731933594,13,7,0,0,0,7,13,13,1,31,0,1290,20261
oliveira/04_12/randm04.02.02.11.020_0030.03.aba.beta,True,7,4,0.011222600936889648,0.02815842628479004,0.0018472671508789062,0.041228294372558594,13,7,0,0,0,7,14,13,1,38,0,846,13003
oliveira/04_12/randm04.02.02.11.020_0030.04.aba.beta,True,7,4,0.011708736419677734,0.028093576431274414,0.002080678939819336,0.041882991790771484,13,7,0,0,0,7,14,12,1,38,0,940,14680
oliveira/04_12/randm04.02.02.11.020_0030.05.aba.beta,True,8,4,0.009689807891845703,0.03092050552368164,0.002668142318725586,0.04327845573425293,14,8,0,0,0,8,15,13,1,39,0,1183,19109
oliveira/04_12/randm04.02.02.12.020_0030.01.aba.beta,True,2,3,0.004331827163696289,0.014855384826660156,0.0011668205261230469,0.020354032516479492,10,2,0,0,0,4,16,10,3,25,0,545,8621
oliveira/04_12/randm04.02.02.12.020_0030.02.aba.beta,True,2,3,0.0027327537536621094,0.013832330703735352,0.0018646717071533203,0.01842975616455078,10,2,0,0,0,4,15,10,3,24,0,550,8653
oliveira/04_12/randm04.02.02.12.020_0030.03.aba.beta,True,2,3,0.004961729049682617,0.016252517700195312,0.0013213157653808594,0.02253556251525879,12,2,0,0,0,5,15,12,4,29,0,551,8639
oliveira/04_12/randm04.02.02.12.020_0030.04.aba.beta,True,2,3,0.0047190189361572266,0.018806934356689453,0.001379251480102539,0.02490520477294922,12,2,0,0,0,5,13,12,4,27,0,541,8599
oliveira/04_12/randm04.02.02.12.020_0030.05.aba.beta,True,2,3,0.0052793025970458984,0.018173933029174805,0.0012090206146240234,0.024662256240844727,12,2,0,0,0,5,17,12,4,31,0,540,8607
oliveira/04_12/randm04.02.02.13.020_0030.01.aba.beta,True,1,1,0.0011303424835205078,0.0019474029541015625,0.0011210441589355469,0.004198789596557617,3,1,0,0,0,1,3,3,1,2,0,528,8539
oliveira/04_12/randm04.02.02.13.020_0030.02.aba.beta,True,1,1,0.0028846263885498047,0.0019407272338867188,0.001192331314086914,0.0060176849365234375,3,1,0,0,0,1,3,3,1,2,0,535,8584
oliveira/04_12/randm04.02.02.13.020_0030.03.aba.beta,True,1,1,0.0012412071228027344,0.001912832260131836,0.001194000244140625,0.004348039627075195,3,1,0,0,0,1,3,3,1,2,0,534,8583
oliveira/04_12/randm04.02.02.13.020_0030.04.aba.beta,True,1,1,0.002241849899291992,0.001764059066772461,0.0012388229370117188,0.005244731903076172,3,1,0,0,0,1,3,3,1,2,0,537,8593
oliveira/04_12/randm04.02.02.13.020_0030.05.aba.beta,True,1,1,0.0008130073547363281,0.0018591880798339844,0.0011305809020996094,0.003802776336669922,3,1,0,0,0,1,3,3,1,2,0,543,8623
oliveira/04_12/randm04.02.02.14.020_0030.01.aba.beta,True,5,4,0.0070383548736572266,0.020719051361083984,0.0011627674102783203,0.02892017364501953,11,5,0,0,0,5,26,11,1,44,0,577,8859
oliveira/04_12/randm04.02.02.14.020_0030.02.aba.beta,True,5,4,0.008236169815063477,0.0178375244140625,0.0011262893676757812,0.027199983596801758,11,5,0,0,0,5,12,10,1,27,0,555,8635
oliveira/04_12/randm04.02.02.14.020_0030.03.aba.beta,True,5,4,0.00663304328918457,0.04295802116394043,0.0014636516571044922,0.05105471611022949,17,5,0,0,0,9,24,17,5,72,0,583,8877
oliveira/04_12/randm04.02.02.14.020_0030.04.aba.beta,True,3,4,0.005028247833251953,0.040410518646240234,0.00176239013671875,0.04720115661621094,17,3,0,0,0,9,22,16,7,53,0,554,8684
oliveira/04_12/randm04.02.02.14.020_0030.05.aba.beta,True,4,4,0.0050814151763916016,0.013758659362792969,0.001161813735961914,0.020001888275146484,10,4,0,0,0,4,12,10,1,22,0,546,8595
oliveira/04_12/randm04.02.02.15.020_0030.01.aba.beta,True,1,2,0.0014925003051757812,0.0027000904083251953,0.0011608600616455078,0.005353450775146484,5,1,0,0,0,1,5,4,1,6,0,533,8586
oliveira/04_12/randm04.02.02.15.020_0030.02.aba.beta,True,1,2,0.0011920928955078125,0.002476930618286133,0.0010876655578613281,0.0047566890716552734,5,1,0,0,0,1,5,5,1,6,0,532,8581
oliveira/04_12/randm04.02.02.15.020_0030.03.aba.beta,True,1,2,0.001192331314086914,0.0025882720947265625,0.0011243820190429688,0.004904985427856445,5,1,0,0,0,1,5,5,1,6,0,541,8605
oliveira/04_12/randm04.02.02.15.020_0030.04.aba.beta,True,1,2,0.00109100341796875,0.002457857131958008,0.0011653900146484375,0.004714250564575195,5,1,0,0,0,1,5,5,1,6,0,542,8616
oliveira/04_12/randm04.02.02.15.020_0030.05.aba.beta,True,1,2,0.0010499954223632812,0.0033240318298339844,0.002048969268798828,0.006422996520996094,5,1,0,0,0,1,5,5,1,6,0,534,8580
oliveira/04_12/randm04.02.02.16.020_0030.01.aba.beta,True,6,3,0.007035732269287109,0.030966758728027344,0.0013110637664794922,0.039313554763793945,12,6,0,0,0,7,40,12,2,71,0,621,9478
oliveira/04_12/randm04.02.02.16.020_0030.02.aba.beta,True,5,3,0.005880832672119141,0.02416849136352539,0.0012471675872802734,0.031296491622924805,13,5,0,0,0,7,23,12,3,56,0,576,8806
oliveira/04_12/randm04.02.02.16.020_0030.03.aba.beta,True,5,3,0.005665779113769531,0.0348203182220459,0.0013065338134765625,0.04179263114929199,13,5,0,0,0,7,54,13,3,84,0,636,9785
oliveira/04_12/randm04.02.02.16.020_0030.04.aba.beta,True,5,3,0.0055310726165771484,0.03119969367980957,0.0016613006591796875,0.038392066955566406,13,5,0,0,0,7,32,13,3,82,0,611,9297
oliveira/04_12/randm04.02.02.16.020_0030.05.aba.beta,True,6,3,0.006947994232177734,0.026952505111694336,0.0012688636779785156,0.035169363021850586,12,6,0,0,0,7,28,12,2,77,0,604,9151
oliveira/04_12/randm04.02.02.17.020_0030.01.aba.beta,True,2,3,0.0026674270629882812,0.013919830322265625,0.0012259483337402344,0.01781320571899414,10,2,0,0,0,4,16,10,3,25,0,549,8649
oliveira/04_12/randm04.02.02.17.020_0030.02.aba.beta,True,2,3,0.0024437904357910156,0.019859790802001953,0.003420591354370117,0.025724172592163086,10,2,0,0,0,4,22,10,3,31,0,553,8710
oliveira/04_12/randm04.02.02.17.020_0030.03.aba.beta,True,2,3,0.003104686737060547,0.017225027084350586,0.0013153553009033203,0.021645069122314453,12,2,0,0,0,5,16,12,4,30,0,535,8562
oliveira/04_12/randm04.02.02.17.020_0030.04.aba.beta,True,2,3,0.0031714439392089844,0.019838809967041016,0.0012464523315429688,0.02425670623779297,12,2,0,0,0,5,18,12,4,32,0,535,8572
oliveira/04_12/randm04.02.02.17.020_0030.05.aba.beta,True,2,3,0.002599954605102539,0.01501607894897461,0.0013453960418701172,0.018961429595947266,10,2,0,0,0,4,17,10,3,26,0,540,8576
oliveira/04_12/randm04.02.02.18.020_0030.01.aba.beta,True,6,4,0.008394002914428711,0.03285646438598633,0.0013124942779541016,0.04256296157836914,15,6,0,0,0,8,22,15,3,52,0,608,9200
oliveira/04_12/randm04.02.02.18.020_0030.02.aba.beta,True,3,4,0.0039746761322021484,0.02229452133178711,0.0025343894958496094,0.028803586959838867,13,3,0,0,0,6,19,13,4,42,0,561,8719
oliveira/04_12/randm04.02.02.18.020_0030.03.aba.beta,True,4,4,0.006763458251953125,0.04000687599182129,0.0011630058288574219,0.047933340072631836,16,4,0,0,0,9,22,15,6,56,0,567,8749
oliveira/04_12/randm04.02.02.18.020_0030.04.aba.beta,True,5,4,0.007165431976318359,0.03212237358093262,0.0015497207641601562,0.04083752632141113,14,5,0,0,0,7,44,14,3,73,0,726,11214
oliveira/04_12/randm04.02.02.18.020_0030.05.aba.beta,True,6,4,0.012329339981079102,0.0341644287109375,0.0012426376342773438,0.047736406326293945,15,6,0,0,0,8,28,15,3,66,0,587,8928
oliveira/04_12/randm04.02.02.19.020_0030.01.aba.beta,True,3,3,0.0037522315979003906,0.019176483154296875,0.0012083053588867188,0.024137020111083984,11,3,0,0,0,5,21,11,3,39,0,556,8704
oliveira/04_12/randm04.02.02.19.020_0030.02.aba.beta,True,3,3,0.0035500526428222656,0.01947331428527832,0.0012710094451904297,0.024294376373291016,11,3,0,0,0,5,21,11,3,43,0,568,8790
oliveira/04_12/randm04.02.02.19.020_0030.03.aba.beta,True,4,3,0.00567317008972168,0.025365591049194336,0.0011861324310302734,0.03222489356994629,14,4,0,0,0,7,23,13,4,52,0,562,8741
oliveira/04_12/randm04.02.02.19.020_0030.04.aba.beta,True,5,3,0.005537509918212891,0.03175759315490723,0.0012700557708740234,0.03856515884399414,15,5,0,0,0,8,17,14,4,48,0,561,8672
oliveira/04_12/randm04.02.02.19.020_0030.05.aba.beta,True,4,3,0.005306243896484375,0.026882410049438477,0.001336812973022461,0.03352546691894531,12,4,0,0,0,6,23,11,3,55,0,573,8836
oliveira/04_12/randm05.02.02.01.020_0030.01.aba.beta,True,4,3,0.004644632339477539,0.014824151992797852,0.0016438961029052734,0.021112680435180664,10,4,0,0,0,5,16,10,2,34,0,556,8660
oliveira/04_12/randm05.02.02.01.020_0030.02.aba.beta,True,4,3,0.005110025405883789,0.016257047653198242,0.0012466907501220703,0.0226137638092041,10,4,0,0,0,5,22,10,2,39,0,567,8781
oliveira/04_12/randm05.02.02.01.020_0030.03.aba.beta,True,6,3,0.007218837738037109,0.021287918090820312,0.0011448860168457031,0.029651641845703125,11,6,0,0,0,6,16,10,1,45,0,584,8801
oliveira/04_12/randm05.02.02.01.020_0030.04.aba.beta,True,3,3,0.00360870361328125,0.00878143310546875,0.0011065006256103516,0.013496637344360352,8,3,0,0,0,3,14,8,1,22,0,548,8633
oliveira/04_12/randm05.02.02.01.020_0030.05.aba.beta,True,4,3,0.0047380924224853516,0.015503644943237305,0.0012326240539550781,0.021474361419677734,9,4,0,0,0,4,19,9,1,33,0,548,8650
oliveira/04_12/randm05.02.02.02.020_0030.01.aba.beta,True,2,3,0.0018999576568603516,0.005382061004638672,0.0010688304901123047,0.008350849151611328,7,2,0,0,0,2,7,7,1,12,0,524,8509
oliveira/04_12/randm05.02.02.02.020_0030.02.aba.beta,True,2,3,0.002711772918701172,0.011235475540161133,0.0011153221130371094,0.015062570571899414,10,2,0,0,0,4,16,9,3,25,0,544,8631
oliveira/04_12/randm05.02.02.02.020_0030.03.aba.beta,True,2,3,0.0022478103637695312,0.012956619262695312,0.0011937618255615234,0.016398191452026367,10,2,0,0,0,4,23,10,3,32,0,544,8682
oliveira/04_12/randm05.02.02.02.020_0030.04.aba.beta,True,2,3,0.0021600723266601562,0.005383014678955078,0.0011751651763916016,0.008718252182006836,7,2,0,0,0,2,7,7,1,12,0,537,8583
oliveira/04_12/randm05.02.02.02.020_0030.05.aba.beta,True,2,3,0.002056598663330078,0.004929065704345703,0.0013194084167480469,0.008305072784423828,7,2,0,0,0,2,7,7,1,12,0,535,8572
oliveira/04_12/randm05.02.02.03.020_0030.01.aba.beta,True,1,1,0.0008983612060546875,0.0017464160919189453,0.0011186599731445312,0.003763437271118164,3,1,0,0,0,1,3,3,1,2,0,543,8619
oliveira/04_12/randm05.02.02.03.020_0030.02.aba.beta,True,1,1,0.0009360313415527344,0.0020575523376464844,0.0011234283447265625,0.004117012023925781,3,1,0,0,0,1,3,3,1,2,0,538,8597
oliveira/04_12/randm05.02.02.03.020_0030.03.aba.beta,True,1,1,0.0010273456573486328,0.0017762184143066406,0.0011909008026123047,0.003994464874267578,3,1,0,0,0,1,3,3,1,2,0,537,8598
oliveira/04_12/randm05.02.02.03.020_0030.04.aba.beta,True,1,1,0.0010509490966796875,0.001973867416381836,0.00115203857421875,0.0041768550872802734,3,1,0,0,0,1,3,3,1,2,0,534,8583
oliveira/04_12/randm05.02.02.03.020_0030.05.aba.beta,True,1,1,0.0008237361907958984,0.0022759437561035156,0.001194000244140625,0.004293680191040039,3,1,0,0,0,1,3,3,1,2,0,521,8531
oliveira/04_12/randm05.02.02.04.020_0030.01.aba.beta,True,5,5,0.011605262756347656,0.07089734077453613,0.0012578964233398438,0.08376049995422363,23,5,0,0,0,13,36,21,9,84,0,603,9242
oliveira/04_12/randm05.02.02.04.020_0030.02.aba.beta,True,3,5,0.0075261592864990234,0.03878426551818848,0.003312349319458008,0.04962277412414551,15,3,0,0,0,8,24,15,6,47,0,581,9119
oliveira/04_12/randm05.02.02.04.020_0030.03.aba.beta,True,3,5,0.005643129348754883,0.04659223556518555,0.0012590885162353516,0.05349445343017578,15,3,0,0,0,10,24,15,8,51,0,571,8783
oliveira/04_12/randm05.02.02.04.020_0030.04.aba.beta,True,10,5,0.018376827239990234,0.09022235870361328,0.0015087127685546875,0.1101078987121582,20,10,0,0,0,12,43,20,3,127,0,729,10744
oliveira/04_12/randm05.02.02.04.020_0030.05.aba.beta,True,11,5,0.01993870735168457,0.08499622344970703,0.0014350414276123047,0.1063699722290039,21,11,0,0,0,13,43,21,3,143,0,691,10125
oliveira/04_12/randm05.02.02.05.020_0030.01.aba.beta,True,3,4,0.005536317825317383,0.044243812561035156,0.0013117790222167969,0.051091909408569336,17,3,0,0,0,10,20,16,8,51,0,551,8627
oliveira/04_12/randm05.02.02.05.020_0030.02.aba.beta,True,4,4,0.006058216094970703,0.031630516052246094,0.0012211799621582031,0.038909912109375,17,4,0,0,0,8,19,17,5,53,0,554,8640
oliveira/04_12/randm05.02.02.05.020_0030.03.aba.beta,True,4,4,0.0052490234375,0.03828763961791992,0.0012140274047851562,0.04475069046020508,17,4,0,0,0,8,31,16,5,65,0,565,8803
oliveira/04_12/randm05.02.02.05.020_0030.04.aba.beta,True,5,4,0.007283926010131836,0.0456845760345459,0.0015854835510253906,0.054553985595703125,18,5,0,0,0,9,38,17,5,103,0,609,9408
oliveira/04_12/randm05.02.02.05.020_0030.05.aba.beta,True,5,4,0.007811784744262695,0.05956530570983887,0.001424551010131836,0.0688016414642334,19,5,0,0,0,12,42,19,8,97,0,627,9606
oliveira/04_12/randm05.02.02.06.020_0030.01.aba.beta,True,8,5,0.016214370727539062,0.08721518516540527,0.0033597946166992188,0.10678935050964355,22,8,0,0,0,14,45,19,7,112,0,824,12486
oliveira/04_12/randm05.02.02.06.020_0030.02.aba.beta,True,6,5,0.012262582778930664,0.055469512939453125,0.001331329345703125,0.06906342506408691,20,6,0,0,0,12,27,19,7,82,0,614,9273
oliveira/04_12/randm05.02.02.06.020_0030.03.aba.beta,True,7,5,0.015349388122558594,0.11098361015319824,0.0011565685272216797,0.12748956680297852,27,7,0,0,0,18,37,24,12,136,0,609,9080
oliveira/04_12/randm05.02.02.06.020_0030.04.aba.beta,True,10,5,0.022757530212402344,0.2326200008392334,0.0016937255859375,0.25707125663757324,36,10,0,0,0,30,67,29,21,225,0,751,10967
oliveira/04_12/randm05.02.02.06.020_0030.05.aba.beta,True,8,5,0.014600515365600586,0.0908060073852539,0.0015172958374023438,0.10692381858825684,22,8,0,0,0,15,28,20,8,108,0,667,9869
oliveira/04_12/randm05.02.02.07.020_0030.01.aba.beta,True,13,5,0.03412795066833496,0.33737802505493164,0.002671957015991211,0.3741779327392578,42,13,0,0,0,33,90,37,21,267,0,1274,19005
oliveira/04_12/randm05.02.02.07.020_0030.02.aba.beta,True,9,5,0.01970505714416504,0.2037355899810791,0.00186920166015625,0.2253098487854004,28,9,0,0,0,21,92,27,13,203,0,852,12927
oliveira/04_12/randm05.02.02.07.020_0030.03.aba.beta,True,13,5,0.026164531707763672,0.25882768630981445,0.002162933349609375,0.2871551513671875,34,13,0,0,0,26,81,31,14,246,0,1016,15079
oliveira/04_12/randm05.02.02.07.020_0030.04.aba.beta,True,11,5,0.027211427688598633,0.23605084419250488,0.0028197765350341797,0.2660820484161377,32,11,0,0,0,24,111,29,14,225,0,1318,20244
oliveira/04_12/randm05.02.02.07.020_0030.05.aba.beta,True,14,5,0.03489327430725098,0.3485572338104248,0.0029230117797851562,0.38637351989746094,43,14,0,0,0,34,95,32,21,271,0,1284,19103
oliveira/04_12/randm05.02.02.08.020_0030.01.aba.beta,True,4,3,0.005269050598144531,0.02548074722290039,0.0017139911651611328,0.032463788986206055,10,4,0,0,0,5,18,10,2,30,0,789,12484
oliveira/04_12/randm05.02.02.08.020_0030.02.aba.beta,True,4,3,0.00876307487487793,0.01855325698852539,0.0022726058959960938,0.029588937759399414,10,4,0,0,0,5,20,10,2,33,0,962,15132
oliveira/04_12/randm05.02.02.08.020_0030.03.aba.beta,True,4,3,0.0049173831939697266,0.013584375381469727,0.0012133121490478516,0.019715070724487305,9,4,0,0,0,4,16,8,1,29,0,558,8690
oliveira/04_12/randm05.02.02.08.020_0030.04.aba.beta,True,4,3,0.007560014724731445,0.013065576553344727,0.0011372566223144531,0.021762847900390625,9,4,0,0,0,4,13,9,1,25,0,554,8652
oliveira/04_12/randm05.02.02.08.020_0030.05.aba.beta,True,4,3,0.0056226253509521484,0.031636714935302734,0.0018422603607177734,0.039101600646972656,10,4,0,0,0,5,14,10,2,26,0,851,13362
oliveira/04_12/randm05.02.02.09.020_0030.01.aba.beta,True,5,4,0.007321357727050781,0.0558619499206543,0.0013921260833740234,0.0645754337310791,15,5,0,0,0,10,43,15,6,86,0,657,10160
oliveira/04_12/randm05.02.02.09.020_0030.02.aba.beta,True,4,4,0.008028507232666016,0.0706937313079834,0.0013484954833984375,0.08007073402404785,18,4,0,0,0,11,34,15,8,79,0,585,8957
oliveira/04_12/randm05.02.02.09.020_0030.03.aba.beta,True,3,4,0.008189678192138672,0.019013166427612305,0.0012402534484863281,0.028443098068237305,12,3,0,0,0,5,20,11,3,37,0,586,9144
oliveira/04_12/randm05.02.02.09.020_0030.04.aba.beta,True,5,4,0.020147085189819336,0.02793741226196289,0.0012102127075195312,0.04929471015930176,14,5,0,0,0,7,19,13,3,54,0,575,8779
oliveira/04_12/randm05.02.02.09.020_0030.05.aba.beta,True,3,4,0.0044367313385009766,0.019034862518310547,0.0014023780822753906,0.024873971939086914,12,3,0,0,0,5,16,11,3,33,0,546,8628
oliveira/04_12/randm05.02.02.10.020_0030.01.aba.beta,True,11,5,0.024211645126342773,0.09933805465698242,0.0023970603942871094,0.1259467601776123,26,11,0,0,0,16,46,24,6,172,0,1112,16769
oliveira/04_12/randm05.02.02.10.020_0030.02.aba.beta,True,9,5,0.015948057174682617,0.1311051845550537,0.0020742416381835938,0.14912748336791992,29,9,0,0,0,21,48,27,13,185,0,966,14535
oliveira/04_12/randm05.02.02.10.020_0030.03.aba.beta,True,7,5,0.01234745979309082,0.0905308723449707,0.0015408992767333984,0.10441923141479492,25,7,0,0,0,16,40,24,10,146,0,627,9403
oliveira/04_12/randm05.02.02.10.020_0030.04.aba.beta,True,9,5,0.016476154327392578,0.12810158729553223,0.002487659454345703,0.1470654010772705,25,9,0,0,0,17,41,23,9,127,0,1177,18116
oliveira/04_12/randm05.02.02.10.020_0030.05.aba.beta,True,10,5,0.019355297088623047,0.13768649101257324,0.0023970603942871094,0.1594388484954834,26,10,0,0,0,19,53,23,10,128,0,1066,16366
oliveira/04_12/randm05.02.02.11.020_0030.01.aba.beta,True,8,5,0.012421369552612305,0.056210994720458984,0.0035834312438964844,0.07221579551696777,18,8,0,0,0,12,24,17,5,61,0,1539,23863
oliveira/04_12/randm05.02.02.11.020_0030.02.aba.beta,True,10,5,0.01678180694580078,0.07217073440551758,0.004415750503540039,0.0933682918548584,19,10,0,0,0,14,35,19,5,74,0,2090,33134
oliveira/04_12/randm05.02.02.11.020_0030.03.aba.beta,True,11,5,0.017154932022094727,0.10645341873168945,0.00170135498046875,0.12530970573425293,22,11,0,0,0,15,55,19,5,173,0,762,11372
oliveira/04_12/randm05.02.02.11.020_0030.04.aba.beta,True,9,5,0.013686180114746094,0.09444355964660645,0.0014119148254394531,0.10954165458679199,19,9,0,0,0,13,48,19,5,130,0,695,10374
oliveira/04_12/randm05.02.02.11.020_0030.05.aba.beta,True,10,5,0.01611638069152832,0.08279561996459961,0.003941774368286133,0.10285377502441406,21,10,0,0,0,15,35,20,6,85,0,1826,28576
oliveira/04_12/randm05.02.02.12.020_0030.01.aba.beta,True,4,3,0.005326509475708008,0.024197816848754883,0.0013082027435302734,0.030832529067993164,13,4,0,0,0,6,21,12,3,48,0,568,8771
oliveira/04_12/randm05.02.02.12.020_0030.02.aba.beta,True,3,3,0.0037577152252197266,0.021782636642456055,0.0012753009796142578,0.02681565284729004,13,3,0,0,0,6,19,13,4,39,0,558,8694
oliveira/04_12/randm05.02.02.12.020_0030.03.aba.beta,True,5,3,0.005868673324584961,0.03398871421813965,0.0014560222625732422,0.04131340980529785,15,5,0,0,0,8,35,12,4,79,0,587,9156
oliveira/04_12/randm05.02.02.12.020_0030.04.aba.beta,True,5,3,0.006201982498168945,0.028754711151123047,0.0012426376342773438,0.036199331283569336,13,5,0,0,0,7,33,13,3,69,0,598,9126
oliveira/04_12/randm05.02.02.12.020_0030.05.aba.beta,True,4,3,0.005105018615722656,0.024693965911865234,0.00140380859375,0.03120279312133789,12,4,0,0,0,6,28,12,3,53,0,601,9280
oliveira/04_12/randm05.02.02.13.020_0030.01.aba.beta,True,13,5,0.03673195838928223,0.1251828670501709,0.0018074512481689453,0.16372227668762207,27,13,0,0,0,16,72,26,4,232,0,854,12707
oliveira/04_12/randm05.02.02.13.020_0030.02.aba.beta,True,7,5,0.015592813491821289,0.18083858489990234,0.0013194084167480469,0.19775080680847168,37,7,0,0,0,27,49,32,21,174,0,611,9122
oliveira/04_12/randm05.02.02.13.020_0030.03.aba.beta,True,7,5,0.017786026000976562,0.182664155960083,0.0017435550689697266,0.2021937370300293,33,7,0,0,0,24,80,31,18,186,0,753,11389
oliveira/04_12/randm05.02.02.13.020_0030.04.aba.beta,True,6,5,0.013849496841430664,0.13036513328552246,0.0016853809356689453,0.14590001106262207,26,6,0,0,0,19,49,23,14,144,0,647,9804
oliveira/04_12/randm05.02.02.13.020_0030.05.aba.beta,True,14,5,0.029729366302490234,0.18587255477905273,0.0018854141235351562,0.21748733520507812,32,14,0,0,0,23,65,28,10,258,0,895,12989
oliveira/04_12/randm05.02.02.14.020_0030.01.aba.beta,True,1,1,0.0009715557098388672,0.0019927024841308594,0.0011081695556640625,0.004072427749633789,3,1,0,0,0,1,3,3,1,2,0,531,8569
oliveira/04_12/randm05.02.02.14.020_0030.02.aba.beta,True,1,1,0.0008556842803955078,0.001993417739868164,0.0011365413665771484,0.00398564338684082,3,1,0,0,0,1,3,3,1,2,0,530,8565
oliveira/04_12/randm05.02.02.14.020_0030.03.aba.beta,True,1,1,0.0008809566497802734,0.002244234085083008,0.001255035400390625,0.004380226135253906,3,1,0,0,0,1,3,3,1,2,0,541,8613
oliveira/04_12/randm05.02.02.14.020_0030.04.aba.beta,True,1,1,0.0008561611175537109,0.002309083938598633,0.0010874271392822266,0.00425267219543457,3,1,0,0,0,1,3,3,1,2,0,532,8544
oliveira/04_12/randm05.02.02.14.020_0030.05.aba.beta,True,1,1,0.004873514175415039,0.0019259452819824219,0.0011868476867675781,0.007986307144165039,3,1,0,0,0,1,3,3,1,2,0,530,8544
oliveira/04_12/randm05.02.02.15.020_0030.01.aba.beta,True,2,3,0.0029184818267822266,0.013733148574829102,0.001340627670288086,0.017992258071899414,10,2,0,0,0,4,17,10,3,26,0,537,8584
oliveira/04_12/randm05.02.02.15.020_0030.02.aba.beta,True,4,3,0.007588863372802734,0.02613544464111328,0.00121307373046875,0.034937381744384766,14,4,0,0,0,7,17,14,4,42,0,559,8668
oliveira/04_12/randm05.02.02.15.020_0030.03.aba.beta,True,4,3,0.009103536605834961,0.025565385818481445,0.0011467933654785156,0.03581571578979492,14,4,0,0,0,7,18,14,4,43,0,558,8666
oliveira/04_12/randm05.02.02.15.020_0030.04.aba.beta,True,2,3,0.0024912357330322266,0.013771772384643555,0.0012369155883789062,0.017499923706054688,10,2,0,0,0,4,18,10,3,27,0,546,8654
oliveira/04_12/randm05.02.02.15.020_0030.05.aba.beta,True,2,3,0.0030629634857177734,0.013625383377075195,0.0013794898986816406,0.01806783676147461,10,2,0,0,0,4,15,10,3,24,0,549,8644
oliveira/04_12/randm05.02.02.16.020_0030.01.aba.beta,True,1,1,0.0009157657623291016,0.0022253990173339844,0.0011491775512695312,0.004290342330932617,3,1,0,0,0,1,3,3,1,2,0,534,8587
oliveira/04_12/randm05.02.02.16.020_0030.02.aba.beta,True,1,1,0.0009505748748779297,0.002265453338623047,0.00110626220703125,0.0043222904205322266,3,1,0,0,0,1,3,3,1,2,0,540,8611
oliveira/04_12/randm05.02.02.16.020_0030.03.aba.beta,True,1,1,0.0014147758483886719,0.002118349075317383,0.0012104511260986328,0.0047435760498046875,3,1,0,0,0,1,3,3,1,2,0,534,8572
oliveira/04_12/randm05.02.02.16.020_0030.04.aba.beta,True,1,1,0.0008366107940673828,0.002194643020629883,0.0011186599731445312,0.004149913787841797,3,1,0,0,0,1,3,3,1,2,0,543,8622
oliveira/04_12/randm05.02.02.16.020_0030.05.aba.beta,True,1,1,0.0013191699981689453,0.0021200180053710938,0.0013380050659179688,0.004777193069458008,3,1,0,0,0,1,3,3,1,2,0,543,8624
oliveira/04_12/randm05.02.02.17.020_0030.01.aba.beta,True,9,5,0.013991355895996094,0.0601656436920166,0.0015494823455810547,0.07570648193359375,18,9,0,0,0,10,52,18,2,110,0,704,10505
oliveira/04_12/randm05.02.02.17.020_0030.02.aba.beta,True,8,5,0.020224809646606445,0.04615592956542969,0.0015714168548583984,0.06795215606689453,17,8,0,0,0,9,24,17,2,81,0,682,10230
oliveira/04_12/randm05.02.02.17.020_0030.03.aba.beta,True,9,5,0.018594026565551758,0.1356372833251953,0.0011146068572998047,0.15534591674804688,28,9,0,0,0,23,37,27,15,139,0,625,9174
oliveira/04_12/randm05.02.02.17.020_0030.04.aba.beta,True,10,5,0.02048516273498535,0.12829208374023438,0.003716707229614258,0.15249395370483398,23,10,0,0,0,15,90,21,6,180,0,1113,16939
oliveira/04_12/randm05.02.02.17.020_0030.05.aba.beta,True,7,5,0.011070489883422852,0.07909965515136719,0.0015189647674560547,0.0916891098022461,21,7,0,0,0,13,65,20,7,160,0,751,11277
oliveira/04_12/randm05.02.02.18.020_0030.01.aba.beta,True,1,1,0.0008020401000976562,0.0023849010467529297,0.001062631607055664,0.00424957275390625,3,1,0,0,0,1,3,3,1,2,0,534,8577
oliveira/04_12/randm05.02.02.18.020_0030.02.aba.beta,True,1,1,0.0035200119018554688,0.0021135807037353516,0.0013360977172851562,0.0069696903228759766,3,1,0,0,0,1,3,3,1,2,0,535,8592
oliveira/04_12/randm05.02.02.18.020_0030.03.aba.beta,True,1,1,0.00063323974609375,0.002723217010498047,0.0011444091796875,0.004500865936279297,3,1,0,0,0,1,3,3,1,2,0,529,8564
oliveira/04_12/randm05.02.02.18.020_0030.04.aba.beta,True,1,1,0.0007565021514892578,0.0021173954010009766,0.0011258125305175781,0.0039997100830078125,3,1,0,0,0,1,3,3,1,2,0,523,8497
oliveira/04_12/randm05.02.02.18.020_0030.05.aba.beta,True,1,1,0.0006792545318603516,0.002905130386352539,0.0011365413665771484,0.004720926284790039,3,1,0,0,0,1,3,3,1,2,0,533,8555
oliveira/04_12/randm05.02.02.19.020_0030.01.aba.beta,True,2,3,0.002035379409790039,0.005951404571533203,0.001714468002319336,0.009701251983642578,7,2,0,0,0,2,7,7,1,12,0,543,8612
oliveira/04_12/randm05.02.02.19.020_0030.02.aba.beta,True,2,3,0.002063751220703125,0.0056247711181640625,0.0012316703796386719,0.00892019271850586,7,2,0,0,0,2,7,7,1,12,0,548,8631
oliveira/04_12/randm05.02.02.19.020_0030.03.aba.beta,True,2,3,0.002713918685913086,0.02226400375366211,0.0012488365173339844,0.02622675895690918,12,2,0,0,0,5,16,12,4,30,0,537,8592
oliveira/04_12/randm05.02.02.19.020_0030.04.aba.beta,True,2,3,0.0024614334106445312,0.015919923782348633,0.0011341571807861328,0.019515514373779297,12,2,0,0,0,5,13,12,4,27,0,536,8571
oliveira/04_12/randm05.02.02.19.020_0030.05.aba.beta,True,2,3,0.0024509429931640625,0.006145000457763672,0.0011768341064453125,0.009772777557373047,7,2,0,0,0,2,7,7,1,12,0,528,8538
oliveira/04_12/randm06.02.02.01.020_0030.01.aba.beta,True,7,4,0.010812520980834961,0.0642390251159668,0.0013594627380371094,0.07641100883483887,19,7,0,0,0,12,31,19,6,122,0,639,9437
oliveira/04_12/randm06.02.02.01.020_0030.02.aba.beta,True,3,4,0.004532575607299805,0.03383946418762207,0.0013077259063720703,0.039679765701293945,15,3,0,0,0,8,17,15,6,40,0,551,8638
oliveira/04_12/randm06.02.02.01.020_0030.03.aba.beta,True,5,4,0.00760197639465332,0.0395047664642334,0.0014655590057373047,0.04857230186462402,15,5,0,0,0,9,23,15,5,57,0,605,9223
oliveira/04_12/randm06.02.02.01.020_0030.04.aba.beta,True,6,4,0.009786605834960938,0.0532686710357666,0.00165557861328125,0.06471085548400879,18,6,0,0,0,11,38,18,6,89,0,619,9442
oliveira/04_12/randm06.02.02.01.020_0030.05.aba.beta,True,9,4,0.013028383255004883,0.0806889533996582,0.0014455318450927734,0.09516286849975586,21,9,0,0,0,14,60,20,6,151,0,728,10771
oliveira/04_12/randm06.02.02.02.020_0030.01.aba.beta,True,3,3,0.004134178161621094,0.01049661636352539,0.0013613700866699219,0.015992164611816406,8,3,0,0,0,3,10,8,1,18,0,573,9040
oliveira/04_12/randm06.02.02.02.020_0030.02.aba.beta,True,2,3,0.002362489700317383,0.012552261352539062,0.0011930465698242188,0.016107797622680664,10,2,0,0,0,4,13,10,3,23,0,521,8482
oliveira/04_12/randm06.02.02.02.020_0030.03.aba.beta,True,2,3,0.002832651138305664,0.013585329055786133,0.001461029052734375,0.017879009246826172,10,2,0,0,0,4,17,10,3,27,0,548,8665
oliveira/04_12/randm06.02.02.02.020_0030.04.aba.beta,True,2,3,0.0027310848236083984,0.014089107513427734,0.0012412071228027344,0.018061399459838867,10,2,0,0,0,4,15,10,3,25,0,547,8639
oliveira/04_12/randm06.02.02.02.020_0030.05.aba.beta,True,3,3,0.003706216812133789,0.009922027587890625,0.0012583732604980469,0.014886617660522461,8,3,0,0,0,3,10,8,1,18,0,548,8621
oliveira/04_12/randm06.02.02.03.020_0030.01.aba.beta,True,9,5,0.014367341995239258,0.06377720832824707,0.005071163177490234,0.08321571350097656,21,9,0,0,0,13,23,18,5,63,0,2065,32362
oliveira/04_12/randm06.02.02.03.020_0030.02.aba.beta,True,8,5,0.01632857322692871,0.05241847038269043,0.004311323165893555,0.0730583667755127,21,8,0,0,0,12,24,20,5,64,0,2017,31841
oliveira/04_12/randm06.02.02.03.020_0030.03.aba.beta,True,8,5,0.014619588851928711,0.04215884208679199,0.0014336109161376953,0.0582120418548584,16,8,0,0,0,9,26,15,2,65,0,650,9748
oliveira/04_12/randm06.02.02.03.020_0030.04.aba.beta,True,10,5,0.016466379165649414,0.06154012680053711,0.0015168190002441406,0.07952332496643066,18,10,0,0,0,11,22,17,2,70,0,739,10997
oliveira/04_12/randm06.02.02.03.020_0030.05.aba.beta,True,12,5,0.021400928497314453,0.11494803428649902,0.005833148956298828,0.1421821117401123,25,12,0,0,0,16,42,23,5,126,0,2441,38093
oliveira/04_12/randm06.02.02.04.020_0030.01.aba.beta,True,1,1,0.0013492107391357422,0.002168893814086914,0.0011417865753173828,0.004659891128540039,3,1,0,0,0,1,3,3,1,2,0,525,8535
oliveira/04_12/randm06.02.02.04.020_0030.02.aba.beta,True,1,1,0.0011844635009765625,0.0017330646514892578,0.0012989044189453125,0.004216432571411133,3,1,0,0,0,1,3,3,1,2,0,531,8571
oliveira/04_12/randm06.02.02.04.020_0030.03.aba.beta,True,1,1,0.0008146762847900391,0.0021784305572509766,0.0011630058288574219,0.0041561126708984375,3,1,0,0,0,1,3,3,1,2,0,535,8590
oliveira/04_12/randm06.02.02.04.020_0030.04.aba.beta,True,1,1,0.0015463829040527344,0.001962423324584961,0.0014121532440185547,0.00492095947265625,3,1,0,0,0,1,3,3,1,2,0,532,8555
oliveira/04_12/randm06.02.02.04.020_0030.05.aba.beta,True,1,1,0.0018761157989501953,0.007681846618652344,0.0018889904022216797,0.011446952819824219,3,1,0,0,0,1,3,3,1,2,0,525,8541
oliveira/04_12/randm06.02.02.05.020_0030.01.aba.beta,True,6,5,0.015440702438354492,0.11640167236328125,0.0012531280517578125,0.13309550285339355,24,6,0,0,0,19,28,20,14,95,0,570,8751
oliveira/04_12/randm06.02.02.05.020_0030.02.aba.beta,True,10,5,0.02651238441467285,0.26333022117614746,0.0013432502746582031,0.2911858558654785,36,10,0,0,0,30,53,26,21,223,0,702,10153
oliveira/04_12/randm06.02.02.05.020_0030.03.aba.beta,True,8,5,0.020325660705566406,0.0791623592376709,0.002393484115600586,0.10188150405883789,19,8,0,0,0,10,36,19,3,158,0,681,10087
oliveira/04_12/randm06.02.02.05.020_0030.04.aba.beta,True,4,5,0.013329505920410156,0.03493523597717285,0.0021483898162841797,0.05041313171386719,15,4,0,0,0,6,24,14,3,64,0,566,8813
oliveira/04_12/randm06.02.02.05.020_0030.05.aba.beta,True,4,5,0.014627695083618164,0.13521409034729004,0.0011944770812988281,0.15103626251220703,26,4,0,0,0,20,48,23,17,133,0,608,9388
oliveira/04_12/randm06.02.02.06.020_0030.01.aba.beta,True,9,5,0.017960786819458008,0.17233657836914062,0.0016863346099853516,0.19198369979858398,31,9,0,0,0,22,60,29,14,171,0,725,10737
oliveira/04_12/randm06.02.02.06.020_0030.02.aba.beta,True,14,5,0.026207923889160156,0.23868179321289062,0.0018541812896728516,0.26674389839172363,33,14,0,0,0,26,66,31,13,234,0,893,12954
oliveira/04_12/randm06.02.02.06.020_0030.03.aba.beta,True,15,5,0.028548002243041992,0.2837815284729004,0.0019233226776123047,0.3142528533935547,32,15,0,0,0,27,68,28,13,280,0,822,11936
oliveira/04_12/randm06.02.02.06.020_0030.04.aba.beta,True,11,5,0.02046036720275879,0.17043757438659668,0.0019652843475341797,0.19286322593688965,31,11,0,0,0,22,78,30,12,252,0,875,12918
oliveira/04_12/randm06.02.02.06.020_0030.05.aba.beta,True,13,5,0.025498390197753906,0.20743322372436523,0.0021812915802001953,0.23511290550231934,33,13,0,0,0,24,90,28,12,217,0,991,14684
oliveira/04_12/randm06.02.02.07.020_0030.01.aba.beta,True,9,5,0.013534307479858398,0.07489156723022461,0.0014145374298095703,0.08984041213989258,24,9,0,0,0,15,30,21,7,93,0,671,10101
oliveira/04_12/randm06.02.02.07.020_0030.02.aba.beta,True,10,5,0.019417524337768555,0.11593437194824219,0.001737356185913086,0.13708925247192383,28,10,0,0,0,18,39,28,9,164,0,659,9506
oliveira/04_12/randm06.02.02.07.020_0030.03.aba.beta,True,10,5,0.024385929107666016,0.13580918312072754,0.001626729965209961,0.16182184219360352,28,10,0,0,0,18,56,27,9,179,0,703,10185
oliveira/04_12/randm06.02.02.07.020_0030.04.aba.beta,True,11,5,0.0314488410949707,0.12095355987548828,0.0013530254364013672,0.15375542640686035,28,11,0,0,0,18,36,25,8,142,0,633,9179
oliveira/04_12/randm06.02.02.07.020_0030.05.aba.beta,True,15,5,0.03227376937866211,0.17769384384155273,0.0017940998077392578,0.2117617130279541,30,15,0,0,0,21,63,30,7,251,0,869,12504
oliveira/04_12/randm06.02.02.08.020_0030.01.aba.beta,True,4,4,0.0070037841796875,0.05141782760620117,0.0013494491577148438,0.059771060943603516,16,4,0,0,0,9,21,16,6,58,0,568,8728
oliveira/04_12/randm06.02.02.08.020_0030.02.aba.beta,True,5,4,0.01036977767944336,0.04100465774536133,0.0013954639434814453,0.05276989936828613,17,5,0,0,0,9,20,16,5,59,0,560,8673
oliveira/04_12/randm06.02.02.08.020_0030.03.aba.beta,True,6,4,0.01389932632446289,0.036102294921875,0.0013382434844970703,0.05133986473083496,12,6,0,0,0,6,25,12,1,44,0,563,8736
oliveira/04_12/randm06.02.02.08.020_0030.04.aba.beta,True,6,4,0.00847625732421875,0.02597808837890625,0.0011022090911865234,0.03555655479431152,12,6,0,0,0,6,29,12,1,50,0,574,8893
oliveira/04_12/randm06.02.02.08.020_0030.05.aba.beta,True,5,4,0.008256196975708008,0.0601193904876709,0.001390218734741211,0.06976580619812012,17,5,0,0,0,10,32,17,6,84,0,655,9934
oliveira/04_12/randm06.02.02.09.020_0030.01.aba.beta,True,6,5,0.01091766357421875,0.11969304084777832,0.0014903545379638672,0.13210105895996094,24,6,0,0,0,17,66,24,12,120,0,763,11769
oliveira/04_12/randm06.02.02.09.020_0030.02.aba.beta,True,7,5,0.012268304824829102,0.0986483097076416,0.002713441848754883,0.11363005638122559,23,7,0,0,0,17,61,21,11,139,0,1095,17166
oliveira/04_12/randm06.02.02.09.020_0030.03.aba.beta,True,5,5,0.009620189666748047,0.0832667350769043,0.001453399658203125,0.09434032440185547,21,5,0,0,0,14,54,19,10,120,0,671,10300
oliveira/04_12/randm06.02.02.09.020_0030.04.aba.beta,True,7,5,0.013872146606445312,0.10365986824035645,0.0018341541290283203,0.11936616897583008,23,7,0,0,0,14,63,22,8,116,0,897,13754
oliveira/04_12/randm06.02.02.09.020_0030.05.aba.beta,True,6,5,0.011830329895019531,0.10036325454711914,0.0013053417205810547,0.11349892616271973,24,6,0,0,0,18,45,21,13,132,0,612,9354
oliveira/04_12/randm06.02.02.10.020_0030.01.aba.beta,True,5,4,0.010241985321044922,0.023713111877441406,0.0013909339904785156,0.035346031188964844,12,5,0,0,0,6,13,12,2,31,0,559,8644
oliveira/04_12/randm06.02.02.10.020_0030.02.aba.beta,True,4,4,0.007379770278930664,0.04863476753234863,0.0014040470123291016,0.0574185848236084,18,4,0,0,0,10,33,18,7,68,0,575,8882
oliveira/04_12/randm06.02.02.10.020_0030.03.aba.beta,True,2,4,0.003701448440551758,0.03919339179992676,0.0011813640594482422,0.04407620429992676,16,2,0,0,0,8,18,16,7,40,0,535,8550
oliveira/04_12/randm06.02.02.10.020_0030.04.aba.beta,True,2,4,0.0035920143127441406,0.04127955436706543,0.0012645721435546875,0.04613614082336426,16,2,0,0,0,8,19,16,7,41,0,550,8647
oliveira/04_12/randm06.02.02.10.020_0030.05.aba.beta,True,5,4,0.00715947151184082,0.02237701416015625,0.0010347366333007812,0.03057122230529785,12,5,0,0,0,6,13,12,2,31,0,562,8662
oliveira/04_12/randm06.02.02.11.020_0030.01.aba.beta,True,11,6,0.04307985305786133,0.5179910659790039,0.001867532730102539,0.5629384517669678,44,11,0,0,0,48,67,36,38,251,0,877,13119
oliveira/04_12/randm06.02.02.11.020_0030.02.aba.beta,True,12,6,0.03928112983703613,0.6421399116516113,0.0020482540130615234,0.683469295501709,54,12,0,0,0,55,86,41,44,313,0,880,12954
oliveira/04_12/randm06.02.02.11.020_0030.03.aba.beta,True,16,6,0.044310569763183594,0.630239725112915,0.0019648075103759766,0.6765151023864746,52,16,0,0,0,62,78,45,47,331,0,937,13422
oliveira/04_12/randm06.02.02.11.020_0030.04.aba.beta,True,15,6,0.034833669662475586,0.34529972076416016,0.0020024776458740234,0.38213586807250977,36,15,0,0,0,37,72,34,23,264,0,941,13534
oliveira/04_12/randm06.02.02.11.020_0030.05.aba.beta,True,18,6,0.04648447036743164,0.4347105026245117,0.0020194053649902344,0.4832143783569336,46,18,0,0,0,43,79,39,26,311,0,994,13844
oliveira/04_12/randm06.02.02.12.020_0030.01.aba.beta,True,3,4,0.004520893096923828,0.03935074806213379,0.001241445541381836,0.04511308670043945,17,3,0,0,0,9,21,17,7,52,0,558,8673
oliveira/04_12/randm06.02.02.12.020_0030.02.aba.beta,True,5,4,0.008500099182128906,0.03739619255065918,0.0012438297271728516,0.04714012145996094,15,5,0,0,0,8,25,14,4,53,0,564,8750
oliveira/04_12/randm06.02.02.12.020_0030.03.aba.beta,True,5,4,0.009616851806640625,0.0222775936126709,0.0013453960418701172,0.03323984146118164,11,5,0,0,0,5,22,10,1,39,0,643,10025
oliveira/04_12/randm06.02.02.12.020_0030.04.aba.beta,True,3,4,0.004622697830200195,0.04319596290588379,0.0015332698822021484,0.04935193061828613,17,3,0,0,0,9,23,17,7,56,0,561,8699
oliveira/04_12/randm06.02.02.12.020_0030.05.aba.beta,True,4,4,0.010258197784423828,0.05141806602478027,0.00127410888671875,0.06295037269592285,18,4,0,0,0,10,24,17,7,65,0,574,8765
oliveira/04_12/randm06.02.02.13.020_0030.01.aba.beta,True,7,4,0.013561725616455078,0.07540535926818848,0.0014638900756835938,0.09043097496032715,23,7,0,0,0,15,45,21,9,133,0,650,9875
oliveira/04_12/randm06.02.02.13.020_0030.02.aba.beta,True,2,4,0.004075288772583008,0.04441547393798828,0.0011837482452392578,0.04967451095581055,18,2,0,0,0,10,27,17,9,55,0,551,8682
oliveira/04_12/randm06.02.02.13.020_0030.03.aba.beta,True,5,4,0.01015615463256836,0.08563470840454102,0.0012962818145751953,0.09708714485168457,25,5,0,0,0,16,35,23,12,104,0,581,8880
oliveira/04_12/randm06.02.02.13.020_0030.04.aba.beta,True,2,4,0.005283355712890625,0.07009768486022949,0.0017435550689697266,0.07712459564208984,22,2,0,0,0,13,28,21,12,69,0,551,8662
oliveira/04_12/randm06.02.02.13.020_0030.05.aba.beta,True,6,4,0.011581897735595703,0.10031747817993164,0.0016529560089111328,0.11355233192443848,24,6,0,0,0,15,60,21,10,148,0,659,10146
oliveira/04_12/randm06.02.02.14.020_0030.01.aba.beta,True,10,6,0.035338401794433594,0.18201375007629395,0.0014870166778564453,0.21883916854858398,30,10,0,0,0,20,50,26,11,172,0,664,9864
oliveira/04_12/randm06.02.02.14.020_0030.02.aba.beta,True,10,6,0.023308515548706055,0.10259222984313965,0.001493692398071289,0.127394437789917,26,10,0,0,0,16,31,23,7,139,0,661,9599
oliveira/04_12/randm06.02.02.14.020_0030.03.aba.beta,True,10,6,0.033576250076293945,0.17831897735595703,0.0015478134155273438,0.21344304084777832,32,10,0,0,0,23,50,29,14,184,0,673,10023
oliveira/04_12/randm06.02.02.14.020_0030.04.aba.beta,True,9,6,0.02220606803894043,0.15311288833618164,0.0015461444854736328,0.1768651008605957,31,9,0,0,0,21,64,28,13,213,0,736,11002
oliveira/04_12/randm06.02.02.14.020_0030.05.aba.beta,True,9,6,0.02006053924560547,0.16418743133544922,0.0019092559814453125,0.1861572265625,31,9,0,0,0,21,75,29,13,188,0,845,12684
oliveira/04_12/randm06.02.02.15.020_0030.01.aba.beta,True,12,5,0.02687811851501465,0.18875885009765625,0.001394510269165039,0.21703147888183594,34,12,0,0,0,28,64,23,17,220,0,739,10663
oliveira/04_12/randm06.02.02.15.020_0030.02.aba.beta,True,7,5,0.013545513153076172,0.07294869422912598,0.0015971660614013672,0.08809137344360352,23,7,0,0,0,12,52,21,6,146,0,745,11277
oliveira/04_12/randm06.02.02.15.020_0030.03.aba.beta,True,6,5,0.01110529899597168,0.03437018394470215,0.001219034194946289,0.04669451713562012,17,6,0,0,0,8,27,17,3,74,0,637,9689
oliveira/04_12/randm06.02.02.15.020_0030.04.aba.beta,True,8,5,0.016732454299926758,0.12138700485229492,0.0016002655029296875,0.13971972465515137,24,8,0,0,0,18,38,22,11,163,0,658,9668
oliveira/04_12/randm06.02.02.15.020_0030.05.aba.beta,True,12,5,0.024841785430908203,0.1712932586669922,0.0018279552459716797,0.19796299934387207,32,12,0,0,0,22,56,25,11,260,0,786,11429
oliveira/04_12/randm06.02.02.16.020_0030.01.aba.beta,True,3,3,0.006379842758178711,0.014201641082763672,0.0011649131774902344,0.021746397018432617,9,3,0,0,0,4,10,9,2,19,0,535,8528
oliveira/04_12/randm06.02.02.16.020_0030.02.aba.beta,True,4,3,0.007161140441894531,0.018009424209594727,0.0012781620025634766,0.026448726654052734,10,4,0,0,0,5,15,10,2,36,0,566,8730
oliveira/04_12/randm06.02.02.16.020_0030.03.aba.beta,True,2,3,0.0019075870513916016,0.00640106201171875,0.0017647743225097656,0.010073423385620117,7,2,0,0,0,2,7,7,1,10,0,837,13591
oliveira/04_12/randm06.02.02.16.020_0030.04.aba.beta,True,2,3,0.0022208690643310547,0.009056329727172852,0.0018033981323242188,0.013080596923828125,7,2,0,0,0,2,7,7,1,10,0,838,13337
oliveira/04_12/randm06.02.02.16.020_0030.05.aba.beta,True,3,3,0.006943225860595703,0.011893033981323242,0.001169443130493164,0.02000570297241211,9,3,0,0,0,4,12,9,2,23,0,558,8671
oliveira/04_12/randm06.02.02.17.020_0030.01.aba.beta,True,5,4,0.008094072341918945,0.033205509185791016,0.0013358592987060547,0.042635440826416016,13,5,0,0,0,7,17,13,3,48,0,571,8751
oliveira/04_12/randm06.02.02.17.020_0030.02.aba.beta,True,6,4,0.014220714569091797,0.04254722595214844,0.0012738704681396484,0.05804181098937988,14,6,0,0,0,8,21,14,3,54,0,612,9216
oliveira/04_12/randm06.02.02.17.020_0030.03.aba.beta,True,6,4,0.00881338119506836,0.03534221649169922,0.0012695789337158203,0.0454251766204834,14,6,0,0,0,8,25,14,3,75,0,599,9015
oliveira/04_12/randm06.02.02.17.020_0030.04.aba.beta,True,6,4,0.007787942886352539,0.02917194366455078,0.001071929931640625,0.038031816482543945,15,6,0,0,0,8,17,15,3,48,0,566,8685
oliveira/04_12/randm06.02.02.17.020_0030.05.aba.beta,True,7,4,0.014470577239990234,0.03559732437133789,0.0011658668518066406,0.051233768463134766,13,7,0,0,0,7,20,13,1,49,0,575,8747
oliveira/04_12/randm06.02.02.18.020_0030.01.aba.beta,True,10,6,0.018105268478393555,0.10086512565612793,0.0014655590057373047,0.12043595314025879,27,10,0,0,0,17,41,25,8,151,0,676,9863
oliveira/04_12/randm06.02.02.18.020_0030.02.aba.beta,True,11,6,0.02304530143737793,0.09880495071411133,0.0012331008911132812,0.12308335304260254,28,11,0,0,0,17,45,23,7,171,0,655,9703
oliveira/04_12/randm06.02.02.18.020_0030.03.aba.beta,True,16,6,0.030924558639526367,0.161881685256958,0.0020771026611328125,0.1948833465576172,31,16,0,0,0,22,59,27,7,252,0,909,13035
oliveira/04_12/randm06.02.02.18.020_0030.04.aba.beta,True,16,6,0.029563426971435547,0.160203218460083,0.002087116241455078,0.19185376167297363,31,16,0,0,0,22,66,28,7,217,0,918,13327
oliveira/04_12/randm06.02.02.18.020_0030.05.aba.beta,True,16,6,0.036116600036621094,0.19250750541687012,0.0018880367279052734,0.23051214218139648,32,16,0,0,0,25,87,30,10,278,0,880,12813
oliveira/04_12/randm06.02.02.19.020_0030.01.aba.beta,True,1,1,0.0008959770202636719,0.0019526481628417969,0.0012104511260986328,0.0040590763092041016,3,1,0,0,0,1,3,3,1,2,0,533,8572
oliveira/04_12/randm06.02.02.19.020_0030.02.aba.beta,True,1,1,0.0008771419525146484,0.0019845962524414062,0.001161813735961914,0.004023551940917969,3,1,0,0,0,1,3,3,1,2,0,537,8597
oliveira/04_12/randm06.02.02.19.020_0030.03.aba.beta,True,1,1,0.00380706787109375,0.0022318363189697266,0.001257181167602539,0.007296085357666016,3,1,0,0,0,1,3,3,1,2,0,533,8578
oliveira/04_12/randm06.02.02.19.020_0030.04.aba.beta,True,1,1,0.0008056163787841797,0.0018723011016845703,0.0009794235229492188,0.0036573410034179688,3,1,0,0,0,1,3,3,1,2,0,523,8524
oliveira/04_12/randm06.02.02.19.020_0030.05.aba.beta,True,1,1,0.0008578300476074219,0.002028942108154297,0.0011136531829833984,0.004000425338745117,3,1,0,0,0,1,3,3,1,2,0,525,8527
oliveira/04_12/randm07.02.02.01.020_0030.01.aba.beta,True,1,1,0.0009152889251708984,0.002288341522216797,0.0016798973083496094,0.004883527755737305,3,1,0,0,0,1,3,3,1,2,0,529,8553
oliveira/04_12/randm07.02.02.01.020_0030.02.aba.beta,True,1,1,0.0007855892181396484,0.0018792152404785156,0.0013842582702636719,0.004049062728881836,3,1,0,0,0,1,3,3,1,2,0,526,8542
oliveira/04_12/randm07.02.02.01.020_0030.03.aba.beta,True,1,1,0.0007841587066650391,0.0020139217376708984,0.0011196136474609375,0.003917694091796875,3,1,0,0,0,1,3,3,1,2,0,531,8553
oliveira/04_12/randm07.02.02.01.020_0030.04.aba.beta,True,1,1,0.0008339881896972656,0.002187013626098633,0.0011649131774902344,0.004185914993286133,3,1,0,0,0,1,3,3,1,2,0,530,8550
oliveira/04_12/randm07.02.02.01.020_0030.05.aba.beta,True,1,1,0.0023679733276367188,0.0021872520446777344,0.0011851787567138672,0.00574040412902832,3,1,0,0,0,1,3,3,1,2,0,540,8609
oliveira/04_12/randm07.02.02.02.020_0030.01.aba.beta,True,1,1,0.0007770061492919922,0.0019898414611816406,0.001068115234375,0.003834962844848633,3,1,0,0,0,1,3,3,1,2,0,535,8587
oliveira/04_12/randm07.02.02.02.020_0030.02.aba.beta,True,1,1,0.0008270740509033203,0.0020737648010253906,0.0010933876037597656,0.0039942264556884766,3,1,0,0,0,1,3,3,1,2,0,538,8598
oliveira/04_12/randm07.02.02.02.020_0030.03.aba.beta,True,1,1,0.0007655620574951172,0.0019545555114746094,0.0011830329895019531,0.0039031505584716797,3,1,0,0,0,1,3,3,1,2,0,533,8583
oliveira/04_12/randm07.02.02.02.020_0030.04.aba.beta,True,1,1,0.0009520053863525391,0.005572080612182617,0.0011754035949707031,0.007699489593505859,3,1,0,0,0,1,3,3,1,2,0,521,8515
oliveira/04_12/randm07.02.02.02.020_0030.05.aba.beta,True,1,1,0.004719972610473633,0.0021233558654785156,0.0011484622955322266,0.007991790771484375,3,1,0,0,0,1,3,3,1,2,0,531,8576
oliveira/04_12/randm07.02.02.03.020_0030.01.aba.beta,True,12,7,0.02885746955871582,0.24815917015075684,0.0015573501586914062,0.27857398986816406,40,12,0,0,0,37,53,35,26,267,0,702,10181
oliveira/04_12/randm07.02.02.03.020_0030.02.aba.beta,True,13,7,0.03211641311645508,0.27852535247802734,0.0015780925750732422,0.31221985816955566,39,13,0,0,0,36,44,32,24,263,0,698,9750
oliveira/04_12/randm07.02.02.03.020_0030.03.aba.beta,True,19,7,0.15505361557006836,2.276031494140625,0.001859903335571289,2.4329450130462646,94,19,0,0,0,133,118,51,115,612,0,844,11782
oliveira/04_12/randm07.02.02.03.020_0030.04.aba.beta,True,17,7,0.052335500717163086,0.5132579803466797,0.0025963783264160156,0.5681898593902588,50,17,0,0,0,52,77,42,36,378,0,1213,17705
oliveira/04_12/randm07.02.02.03.020_0030.05.aba.beta,True,17,7,0.05514383316040039,0.3902852535247803,0.0021886825561523438,0.447617769241333,50,17,0,0,0,46,78,40,30,307,0,981,14117
oliveira/04_12/randm07.02.02.04.020_0030.01.aba.beta,True,8,4,0.010729312896728516,0.04189491271972656,0.002084493637084961,0.05470871925354004,15,8,0,0,0,9,24,15,2,54,0,977,15151
oliveira/04_12/randm07.02.02.04.020_0030.02.aba.beta,True,10,4,0.017010211944580078,0.05259370803833008,0.004669666290283203,0.07427358627319336,16,10,0,0,0,11,31,16,2,76,0,2137,33484
oliveira/04_12/randm07.02.02.04.020_0030.03.aba.beta,True,10,4,0.01759481430053711,0.05819416046142578,0.0037915706634521484,0.07958054542541504,16,10,0,0,0,11,37,16,2,82,0,1590,24838
oliveira/04_12/randm07.02.02.04.020_0030.04.aba.beta,True,9,4,0.012906789779663086,0.05563187599182129,0.0019805431365966797,0.07051920890808105,16,9,0,0,0,10,51,16,2,96,0,949,14786
oliveira/04_12/randm07.02.02.04.020_0030.05.aba.beta,True,7,4,0.01093912124633789,0.037078857421875,0.001493692398071289,0.04951167106628418,14,7,0,0,0,8,30,14,2,67,0,703,10653
oliveira/04_12/randm07.02.02.05.020_0030.01.aba.beta,True,11,6,0.02514815330505371,0.24061918258666992,0.0017900466918945312,0.26755738258361816,33,11,0,0,0,35,58,28,25,169,0,748,10978
oliveira/04_12/randm07.02.02.05.020_0030.02.aba.beta,True,16,6,0.04351043701171875,0.21745944023132324,0.0021560192108154297,0.2631258964538574,35,16,0,0,0,27,64,31,12,243,0,1030,14846
oliveira/04_12/randm07.02.02.05.020_0030.03.aba.beta,True,9,6,0.02224278450012207,0.1694626808166504,0.003150463104248047,0.1948559284210205,31,9,0,0,0,23,65,29,15,193,0,805,12182
oliveira/04_12/randm07.02.02.05.020_0030.04.aba.beta,True,13,6,0.02680492401123047,0.16672325134277344,0.001739501953125,0.1952676773071289,34,13,0,0,0,22,67,30,10,236,0,801,11471
oliveira/04_12/randm07.02.02.05.020_0030.05.aba.beta,True,9,6,0.02001190185546875,0.15697169303894043,0.0018639564514160156,0.1788475513458252,28,9,0,0,0,22,45,25,14,155,0,721,10609
oliveira/04_12/randm07.02.02.06.020_0030.01.aba.beta,True,6,4,0.012011528015136719,0.02919793128967285,0.0015799999237060547,0.042789459228515625,13,6,0,0,0,7,21,13,2,45,0,719,11232
oliveira/04_12/randm07.02.02.06.020_0030.02.aba.beta,True,7,4,0.00909423828125,0.03628849983215332,0.0014736652374267578,0.04685640335083008,15,7,0,0,0,8,27,15,2,75,0,767,11618
oliveira/04_12/randm07.02.02.06.020_0030.03.aba.beta,True,6,4,0.01324462890625,0.02798771858215332,0.0014412403106689453,0.042673587799072266,13,6,0,0,0,7,18,13,2,39,0,650,9979
oliveira/04_12/randm07.02.02.06.020_0030.04.aba.beta,True,4,4,0.006229400634765625,0.0270082950592041,0.0010647773742675781,0.034302473068237305,14,4,0,0,0,7,22,13,4,58,0,573,8821
oliveira/04_12/randm07.02.02.06.020_0030.05.aba.beta,True,3,4,0.0046803951263427734,0.02894115447998047,0.0011913776397705078,0.03481292724609375,13,3,0,0,0,6,17,13,4,39,0,553,8658
oliveira/04_12/randm07.02.02.07.020_0030.01.aba.beta,True,12,6,0.025633811950683594,0.2044081687927246,0.0014791488647460938,0.2315211296081543,32,12,0,0,0,26,66,30,15,206,0,713,10294
oliveira/04_12/randm07.02.02.07.020_0030.02.aba.beta,True,14,6,0.03566288948059082,0.47722887992858887,0.001967906951904297,0.514859676361084,50,14,0,0,0,39,68,33,26,325,0,900,13029
oliveira/04_12/randm07.02.02.07.020_0030.03.aba.beta,True,13,6,0.030126333236694336,0.12367105484008789,0.0016162395477294922,0.15541362762451172,28,13,0,0,0,17,50,24,5,182,0,780,11272
oliveira/04_12/randm07.02.02.07.020_0030.04.aba.beta,True,8,6,0.017029523849487305,0.07888984680175781,0.002275705337524414,0.09819507598876953,23,8,0,0,0,12,27,19,5,108,0,596,8869
oliveira/04_12/randm07.02.02.07.020_0030.05.aba.beta,True,14,6,0.03409838676452637,0.2120354175567627,0.001941680908203125,0.2480754852294922,34,14,0,0,0,28,61,32,15,227,0,916,13046
oliveira/04_12/randm07.02.02.08.020_0030.01.aba.beta,True,1,1,0.003022909164428711,0.004824399948120117,0.0029878616333007812,0.01083517074584961,3,1,0,0,0,1,3,3,1,2,0,542,8613
oliveira/04_12/randm07.02.02.08.020_0030.02.aba.beta,True,1,1,0.0054912567138671875,0.0034542083740234375,0.0014209747314453125,0.010366439819335938,3,1,0,0,0,1,3,3,1,2,0,539,8607
oliveira/04_12/randm07.02.02.08.020_0030.03.aba.beta,True,1,1,0.00153350830078125,0.0018780231475830078,0.0018041133880615234,0.005215644836425781,3,1,0,0,0,1,3,3,1,2,0,534,8577
oliveira/04_12/randm07.02.02.08.020_0030.04.aba.beta,True,1,1,0.0012409687042236328,0.0021619796752929688,0.0010662078857421875,0.004469156265258789,3,1,0,0,0,1,3,3,1,2,0,536,8592
oliveira/04_12/randm07.02.02.08.020_0030.05.aba.beta,True,1,1,0.0009019374847412109,0.002355813980102539,0.0011014938354492188,0.004359245300292969,3,1,0,0,0,1,3,3,1,2,0,536,8587
oliveira/04_12/randm07.02.02.09.020_0030.01.aba.beta,True,5,3,0.006611347198486328,0.023761272430419922,0.0012927055358886719,0.03166532516479492,11,5,0,0,0,6,26,11,2,57,0,585,8963
oliveira/04_12/randm07.02.02.09.020_0030.02.aba.beta,True,3,3,0.00484013557434082,0.02061939239501953,0.0014009475708007812,0.026860475540161133,9,3,0,0,0,4,10,9,2,19,0,542,8572
oliveira/04_12/randm07.02.02.09.020_0030.03.aba.beta,True,3,3,0.003896951675415039,0.01789116859436035,0.001203775405883789,0.02299189567565918,9,3,0,0,0,4,11,9,2,21,0,553,8644
oliveira/04_12/randm07.02.02.09.020_0030.04.aba.beta,True,5,3,0.00656890869140625,0.024902820587158203,0.0013904571533203125,0.032862186431884766,11,5,0,0,0,6,20,11,2,54,0,580,8869
oliveira/04_12/randm07.02.02.09.020_0030.05.aba.beta,True,5,3,0.01738762855529785,0.028928279876708984,0.0012326240539550781,0.047548532485961914,11,5,0,0,0,6,16,11,2,42,0,567,8722
oliveira/04_12/randm07.02.02.10.020_0030.01.aba.beta,True,1,1,0.0011334419250488281,0.002270936965942383,0.0012845993041992188,0.00468897819519043,3,1,0,0,0,1,3,3,1,2,0,537,8599
oliveira/04_12/randm07.02.02.10.020_0030.02.aba.beta,True,1,1,0.0074651241302490234,0.002195596694946289,0.0013451576232910156,0.011005878448486328,3,1,0,0,0,1,3,3,1,2,0,540,8608
oliveira/04_12/randm07.02.02.10.020_0030.03.aba.beta,True,1,1,0.0009739398956298828,0.0025844573974609375,0.004193544387817383,0.007751941680908203,3,1,0,0,0,1,3,3,1,2,0,527,8497
oliveira/04_12/randm07.02.02.10.020_0030.04.aba.beta,True,1,1,0.0011050701141357422,0.014212608337402344,0.0010747909545898438,0.01639246940612793,3,1,0,0,0,1,3,3,1,2,0,537,8603
oliveira/04_12/randm07.02.02.10.020_0030.05.aba.beta,True,1,1,0.001434326171875,0.0023241043090820312,0.0010118484497070312,0.0047702789306640625,3,1,0,0,0,1,3,3,1,2,0,528,8551
oliveira/04_12/randm07.02.02.11.020_0030.01.aba.beta,True,9,5,0.01721477508544922,0.10790586471557617,0.0017426013946533203,0.1268632411956787,22,9,0,0,0,13,55,21,5,113,0,749,11348
oliveira/04_12/randm07.02.02.11.020_0030.02.aba.beta,True,8,5,0.018237829208374023,0.11191916465759277,0.001832723617553711,0.1319897174835205,25,8,0,0,0,17,41,24,10,118,0,804,12423
oliveira/04_12/randm07.02.02.11.020_0030.03.aba.beta,True,8,5,0.013821125030517578,0.10229706764221191,0.0020487308502197266,0.11816692352294922,22,8,0,0,0,13,103,21,6,193,0,962,15166
oliveira/04_12/randm07.02.02.11.020_0030.04.aba.beta,True,8,5,0.016453981399536133,0.08392024040222168,0.001523733139038086,0.1018979549407959,22,8,0,0,0,14,31,20,7,98,0,705,10604
oliveira/04_12/randm07.02.02.11.020_0030.05.aba.beta,True,9,5,0.020412683486938477,0.10088753700256348,0.0018999576568603516,0.1232001781463623,21,9,0,0,0,14,55,20,6,162,0,782,11623
oliveira/04_12/randm07.02.02.12.020_0030.01.aba.beta,True,3,3,0.003856658935546875,0.012395143508911133,0.0012259483337402344,0.017477750778198242,9,3,0,0,0,4,11,9,2,21,0,548,8618
oliveira/04_12/randm07.02.02.12.020_0030.02.aba.beta,True,4,3,0.008632421493530273,0.013292074203491211,0.0011293888092041016,0.023053884506225586,9,4,0,0,0,4,12,9,1,21,0,551,8631
oliveira/04_12/randm07.02.02.12.020_0030.03.aba.beta,True,4,3,0.005908012390136719,0.014991044998168945,0.0011637210845947266,0.02206277847290039,9,4,0,0,0,4,15,9,1,24,0,550,8641
oliveira/04_12/randm07.02.02.12.020_0030.04.aba.beta,True,3,3,0.009764909744262695,0.013596296310424805,0.0012278556823730469,0.024589061737060547,9,3,0,0,0,4,19,9,2,30,0,549,8674
oliveira/04_12/randm07.02.02.12.020_0030.05.aba.beta,True,3,3,0.0042724609375,0.01457977294921875,0.0012001991271972656,0.020052433013916016,9,3,0,0,0,4,15,9,2,29,0,555,8686
oliveira/04_12/randm07.02.02.13.020_0030.01.aba.beta,True,15,7,0.042987823486328125,0.3850724697113037,0.003590822219848633,0.43165111541748047,52,15,0,0,0,42,82,38,28,367,0,991,14302
oliveira/04_12/randm07.02.02.13.020_0030.02.aba.beta,True,14,7,0.039823055267333984,0.36112523078918457,0.0028791427612304688,0.403827428817749,37,14,0,0,0,36,75,33,23,324,0,936,14062
oliveira/04_12/randm07.02.02.13.020_0030.03.aba.beta,True,15,7,0.050519704818725586,0.4653358459472656,0.0031011104583740234,0.5189566612243652,44,15,0,0,0,43,93,39,29,285,0,1414,20915
oliveira/04_12/randm07.02.02.13.020_0030.04.aba.beta,True,14,7,0.04358530044555664,0.5744955539703369,0.0023789405822753906,0.620459794998169,52,14,0,0,0,58,88,41,45,347,0,1053,15364
oliveira/04_12/randm07.02.02.13.020_0030.05.aba.beta,True,15,7,0.03697371482849121,0.31261587142944336,0.002081155776977539,0.3516707420349121,42,15,0,0,0,35,66,39,21,276,0,988,14110
oliveira/04_12/randm07.02.02.14.020_0030.01.aba.beta,True,5,3,0.0059163570404052734,0.029750585556030273,0.0012395381927490234,0.03690648078918457,11,5,0,0,0,6,26,11,2,71,0,607,9167
oliveira/04_12/randm07.02.02.14.020_0030.02.aba.beta,True,4,3,0.004743337631225586,0.01685810089111328,0.001234292984008789,0.022835731506347656,10,4,0,0,0,5,15,10,2,34,0,565,8702
oliveira/04_12/randm07.02.02.14.020_0030.03.aba.beta,True,3,3,0.004334688186645508,0.01611185073852539,0.0012848377227783203,0.02173137664794922,9,3,0,0,0,4,26,9,2,51,0,614,9804
oliveira/04_12/randm07.02.02.14.020_0030.04.aba.beta,True,4,3,0.0052340030670166016,0.020421504974365234,0.0012464523315429688,0.026901960372924805,10,4,0,0,0,5,27,10,2,49,0,571,8887
oliveira/04_12/randm07.02.02.14.020_0030.05.aba.beta,True,3,3,0.005373716354370117,0.014899253845214844,0.0011904239654541016,0.021463394165039062,9,3,0,0,0,4,36,9,2,43,0,602,9482
oliveira/04_12/randm07.02.02.15.020_0030.01.aba.beta,True,13,7,0.031789302825927734,0.20559215545654297,0.0016131401062011719,0.23899459838867188,36,13,0,0,0,23,61,31,11,225,0,773,11081
oliveira/04_12/randm07.02.02.15.020_0030.02.aba.beta,True,11,7,0.04270792007446289,0.6684212684631348,0.0016813278198242188,0.7128105163574219,53,11,0,0,0,70,81,42,60,322,0,773,11442
oliveira/04_12/randm07.02.02.15.020_0030.03.aba.beta,True,15,7,0.04375004768371582,0.6127805709838867,0.0034024715423583984,0.6599330902099609,51,15,0,0,0,52,104,46,38,374,0,1328,19880
oliveira/04_12/randm07.02.02.15.020_0030.04.aba.beta,True,14,7,0.03650212287902832,0.2286820411682129,0.0021321773529052734,0.2673163414001465,37,14,0,0,0,27,81,34,14,219,0,983,14525
oliveira/04_12/randm07.02.02.15.020_0030.05.aba.beta,True,17,7,0.08199429512023926,1.4822282791137695,0.0029611587524414062,1.5671837329864502,64,17,0,0,0,72,108,44,56,417,0,1211,17848
oliveira/04_12/randm07.02.02.16.020_0030.01.aba.beta,True,7,4,0.011643409729003906,0.05534815788269043,0.0021758079528808594,0.0691673755645752,17,7,0,0,0,10,35,17,4,107,0,953,14628
oliveira/04_12/randm07.02.02.16.020_0030.02.aba.beta,True,6,4,0.010035037994384766,0.04093194007873535,0.0017709732055664062,0.05273795127868652,17,6,0,0,0,10,20,17,5,59,0,891,13866
oliveira/04_12/randm07.02.02.16.020_0030.03.aba.beta,True,7,4,0.010360479354858398,0.036634206771850586,0.0029463768005371094,0.049941062927246094,14,7,0,0,0,9,19,13,3,45,0,1005,15924
oliveira/04_12/randm07.02.02.16.020_0030.04.aba.beta,True,7,4,0.010297536849975586,0.05678582191467285,0.0017125606536865234,0.06879591941833496,17,7,0,0,0,11,35,17,5,93,0,820,12465
oliveira/04_12/randm07.02.02.16.020_0030.05.aba.beta,True,6,4,0.008705377578735352,0.040529489517211914,0.002075672149658203,0.05131053924560547,17,6,0,0,0,10,29,16,5,69,0,949,14860
oliveira/04_12/randm07.02.02.17.020_0030.01.aba.beta,True,13,6,0.03960442543029785,0.3286006450653076,0.0020885467529296875,0.37029361724853516,39,13,0,0,0,34,94,33,22,280,0,968,14250
oliveira/04_12/randm07.02.02.17.020_0030.02.aba.beta,True,11,6,0.041924238204956055,0.3585324287414551,0.0016644001007080078,0.40212106704711914,41,11,0,0,0,33,78,36,23,275,0,763,11200
oliveira/04_12/randm07.02.02.17.020_0030.03.aba.beta,True,12,6,0.0584111213684082,0.17541193962097168,0.0018765926361083984,0.23569965362548828,30,12,0,0,0,23,79,28,12,218,0,848,12306
oliveira/04_12/randm07.02.02.17.020_0030.04.aba.beta,True,13,6,0.03934764862060547,0.42217087745666504,0.0019643306732177734,0.4634828567504883,39,13,0,0,0,34,93,33,22,294,0,878,12860
oliveira/04_12/randm07.02.02.17.020_0030.05.aba.beta,True,10,6,0.03298449516296387,0.22566962242126465,0.0017707347869873047,0.2604248523712158,36,10,0,0,0,25,81,31,16,243,0,869,12819
oliveira/04_12/randm07.02.02.18.020_0030.01.aba.beta,True,21,7,0.07094430923461914,1.2094993591308594,0.03741192817687988,1.3178555965423584,59,21,0,0,0,52,138,48,32,504,0,1600,23564
oliveira/04_12/randm07.02.02.18.020_0030.02.aba.beta,True,13,7,0.0744318962097168,1.062743902206421,0.0021698474884033203,1.139345645904541,55,13,0,0,0,52,92,41,40,390,0,964,14395
oliveira/04_12/randm07.02.02.18.020_0030.03.aba.beta,True,17,7,0.11061835289001465,1.2008352279663086,0.003331899642944336,1.3147854804992676,59,17,0,0,0,60,142,39,44,471,0,1484,22077
oliveira/04_12/randm07.02.02.18.020_0030.04.aba.beta,True,19,7,0.0705251693725586,1.4089879989624023,0.0032587051391601562,1.482771873474121,48,19,0,0,0,51,108,37,33,393,0,1417,20733
oliveira/04_12/randm07.02.02.18.020_0030.05.aba.beta,True,28,7,0.18670201301574707,3.602030038833618,0.005510568618774414,3.7942426204681396,89,28,0,0,0,170,174,57,143,736,0,2248,32416
oliveira/04_12/randm07.02.02.19.020_0030.01.aba.beta,True,11,5,0.021162986755371094,0.10478329658508301,0.0015468597412109375,0.12749314308166504,25,11,0,0,0,17,54,24,7,146,0,753,11088
oliveira/04_12/randm07.02.02.19.020_0030.02.aba.beta,True,11,5,0.03936481475830078,0.22811222076416016,0.001466512680053711,0.26894354820251465,31,11,0,0,0,24,58,26,14,213,0,716,10597
oliveira/04_12/randm07.02.02.19.020_0030.03.aba.beta,True,7,5,0.021769285202026367,0.1502985954284668,0.0017273426055908203,0.17379522323608398,27,7,0,0,0,19,75,27,13,149,0,714,10807
oliveira/04_12/randm07.02.02.19.020_0030.04.aba.beta,True,7,5,0.01990222930908203,0.14743518829345703,0.0013844966888427734,0.16872191429138184,27,7,0,0,0,19,46,24,13,143,0,623,9399
oliveira/04_12/randm07.02.02.19.020_0030.05.aba.beta,True,5,5,0.010802507400512695,0.13749980926513672,0.001714468002319336,0.15001678466796875,25,5,0,0,0,17,46,23,13,107,0,694,10685
oliveira/04_12/randm08.02.02.01.020_0030.01.aba.beta,True,15,7,0.1438450813293457,0.8073699474334717,0.0017812252044677734,0.9529962539672852,55,15,0,0,0,52,86,43,38,330,0,813,11518
oliveira/04_12/randm08.02.02.01.020_0030.02.aba.beta,True,17,7,0.06608295440673828,0.7298448085784912,0.002115488052368164,0.7980432510375977,57,17,0,0,0,53,99,46,37,402,0,980,14086
oliveira/04_12/randm08.02.02.01.020_0030.03.aba.beta,True,13,7,0.07317996025085449,0.795722246170044,0.0015635490417480469,0.8704657554626465,52,13,0,0,0,51,72,43,39,294,0,718,10176
oliveira/04_12/randm08.02.02.01.020_0030.04.aba.beta,True,21,7,0.06997251510620117,0.8667783737182617,0.003059864044189453,0.9398107528686523,54,21,0,0,0,48,103,48,28,445,0,1388,19963
oliveira/04_12/randm08.02.02.01.020_0030.05.aba.beta,True,17,7,0.07506036758422852,1.0004403591156006,0.0021963119506835938,1.0776970386505127,59,17,0,0,0,59,104,44,43,394,0,1018,14551
oliveira/04_12/randm08.02.02.02.020_0030.01.aba.beta,True,14,6,0.05341148376464844,0.6927244663238525,0.002009153366088867,0.7481451034545898,44,14,0,0,0,49,61,34,36,279,0,748,10567
oliveira/04_12/randm08.02.02.02.020_0030.02.aba.beta,True,12,6,0.032108306884765625,0.34166622161865234,0.0016160011291503906,0.37539052963256836,30,12,0,0,0,22,43,25,11,200,0,677,9874
oliveira/04_12/randm08.02.02.02.020_0030.03.aba.beta,True,9,6,0.05088329315185547,0.37800121307373047,0.00135040283203125,0.4302349090576172,39,9,0,0,0,33,46,28,25,187,0,621,9102
oliveira/04_12/randm08.02.02.02.020_0030.04.aba.beta,True,10,6,0.0406794548034668,0.46521854400634766,0.0013687610626220703,0.5072667598724365,42,10,0,0,0,46,60,31,37,208,0,633,9327
oliveira/04_12/randm08.02.02.02.020_0030.05.aba.beta,True,19,6,0.10928916931152344,0.2868335247039795,0.0019037723541259766,0.3980264663696289,37,19,0,0,0,30,58,32,12,326,0,904,12445
oliveira/04_12/randm08.02.02.03.020_0030.01.aba.beta,True,5,7,0.017032146453857422,0.2991170883178711,0.03395485877990723,0.35010409355163574,34,5,0,0,0,36,42,29,32,133,0,596,9187
oliveira/04_12/randm08.02.02.03.020_0030.02.aba.beta,True,14,7,0.0369875431060791,0.5918362140655518,0.0022678375244140625,0.6310915946960449,45,14,0,0,0,50,104,40,37,312,0,932,13581
oliveira/04_12/randm08.02.02.03.020_0030.03.aba.beta,True,10,7,0.08070254325866699,1.5312347412109375,0.002386808395385742,1.6143240928649902,67,10,0,0,0,124,88,44,115,359,0,965,14545
oliveira/04_12/randm08.02.02.03.020_0030.04.aba.beta,True,14,7,0.11006760597229004,1.7911269664764404,0.0015799999237060547,1.9027745723724365,69,14,0,0,0,135,103,43,122,473,0,760,10896
oliveira/04_12/randm08.02.02.03.020_0030.05.aba.beta,True,13,7,0.07252621650695801,1.1157689094543457,0.0014863014221191406,1.1897814273834229,60,13,0,0,0,105,82,40,93,365,0,726,10295
oliveira/04_12/randm08.02.02.04.020_0030.01.aba.beta,True,5,6,0.011592626571655273,0.153855562210083,0.0012581348419189453,0.16670632362365723,27,5,0,0,0,21,35,24,17,108,0,574,8795
oliveira/04_12/randm08.02.02.04.020_0030.02.aba.beta,True,11,6,0.02154088020324707,0.25565624237060547,0.0015778541564941406,0.2787749767303467,33,11,0,0,0,27,51,26,17,181,0,675,9855
oliveira/04_12/randm08.02.02.04.020_0030.03.aba.beta,True,8,6,0.016139745712280273,0.19156718254089355,0.00146484375,0.20917177200317383,31,8,0,0,0,26,36,30,19,129,0,647,9688
oliveira/04_12/randm08.02.02.04.020_0030.04.aba.beta,True,8,6,0.022160768508911133,0.22330856323242188,0.0015819072723388672,0.24705123901367188,28,8,0,0,0,21,80,26,14,183,0,749,11275
oliveira/04_12/randm08.02.02.04.020_0030.05.aba.beta,True,16,6,0.034850358963012695,0.3356139659881592,0.0019505023956298828,0.37241482734680176,38,16,0,0,0,34,77,33,19,260,0,951,13635
oliveira/04_12/randm08.02.02.05.020_0030.01.aba.beta,True,4,5,0.008164167404174805,0.07475399971008301,0.0013494491577148438,0.08426761627197266,18,4,0,0,0,10,27,18,7,61,0,617,9586
oliveira/04_12/randm08.02.02.05.020_0030.02.aba.beta,True,3,5,0.006526470184326172,0.03558969497680664,0.0012488365173339844,0.0433650016784668,17,3,0,0,0,9,23,17,7,58,0,560,8713
oliveira/04_12/randm08.02.02.05.020_0030.03.aba.beta,True,5,5,0.010473251342773438,0.07688093185424805,0.0015687942504882812,0.08892297744750977,23,5,0,0,0,14,47,22,10,114,0,655,10062
oliveira/04_12/randm08.02.02.05.020_0030.04.aba.beta,True,4,5,0.009598016738891602,0.08992505073547363,0.001325368881225586,0.10084843635559082,22,4,0,0,0,14,33,20,11,91,0,578,8897
oliveira/04_12/randm08.02.02.05.020_0030.05.aba.beta,True,5,5,0.009330272674560547,0.05472898483276367,0.0015187263488769531,0.06557798385620117,19,5,0,0,0,11,33,17,7,104,0,611,9217
oliveira/04_12/randm08.02.02.06.020_0030.01.aba.beta,True,14,8,0.05337190628051758,0.9265406131744385,0.0017008781433105469,0.9816133975982666,48,14,0,0,0,80,75,40,67,341,0,784,11217
oliveira/04_12/randm08.02.02.06.020_0030.02.aba.beta,True,21,8,0.08350324630737305,1.0230586528778076,0.002167224884033203,1.1087291240692139,59,21,0,0,0,78,80,50,58,471,0,978,13476
oliveira/04_12/randm08.02.02.06.020_0030.03.aba.beta,True,20,8,0.07768487930297852,1.0149023532867432,0.0022132396697998047,1.0948004722595215,61,20,0,0,0,89,101,48,70,461,0,1036,14711
oliveira/04_12/randm08.02.02.06.020_0030.04.aba.beta,True,20,8,0.07289361953735352,0.9230232238769531,0.002022266387939453,0.9979391098022461,52,20,0,0,0,79,73,45,60,398,0,968,13408
oliveira/04_12/randm08.02.02.06.020_0030.05.aba.beta,True,21,8,0.2019648551940918,2.9851841926574707,0.002225637435913086,3.1893746852874756,104,21,0,0,0,183,127,52,163,686,0,1036,14480
oliveira/04_12/randm08.02.02.07.020_0030.01.aba.beta,True,1,1,0.0008776187896728516,0.002099752426147461,0.0011439323425292969,0.004121303558349609,3,1,0,0,0,1,3,3,1,2,0,536,8587
oliveira/04_12/randm08.02.02.07.020_0030.02.aba.beta,True,1,1,0.0009615421295166016,0.0019927024841308594,0.0014438629150390625,0.0043981075286865234,3,1,0,0,0,1,3,3,1,2,0,524,8514
oliveira/04_12/randm08.02.02.07.020_0030.03.aba.beta,True,1,1,0.0013461112976074219,0.0024280548095703125,0.0014019012451171875,0.005176067352294922,3,1,0,0,0,1,3,3,1,2,0,519,8504
oliveira/04_12/randm08.02.02.07.020_0030.04.aba.beta,True,1,1,0.0009396076202392578,0.002045869827270508,0.0011913776397705078,0.0041768550872802734,3,1,0,0,0,1,3,3,1,2,0,539,8604
oliveira/04_12/randm08.02.02.07.020_0030.05.aba.beta,True,1,1,0.0008347034454345703,0.002165555953979492,0.0011289119720458984,0.004129171371459961,3,1,0,0,0,1,3,3,1,2,0,530,8566
oliveira/04_12/randm08.02.02.08.020_0030.01.aba.beta,True,12,6,0.07704639434814453,1.8537547588348389,0.0019621849060058594,1.9327633380889893,78,12,0,0,0,118,108,57,107,435,0,869,12609
oliveira/04_12/randm08.02.02.08.020_0030.02.aba.beta,True,18,6,0.12662410736083984,2.718984842300415,0.0027074813842773438,2.8483164310455322,96,18,0,0,0,139,153,57,122,650,0,1172,17320
oliveira/04_12/randm08.02.02.08.020_0030.03.aba.beta,True,16,6,0.04851245880126953,0.399646520614624,0.0029380321502685547,0.4510970115661621,40,16,0,0,0,44,105,34,29,315,0,1371,20993
oliveira/04_12/randm08.02.02.08.020_0030.04.aba.beta,True,7,6,0.06494283676147461,1.5945780277252197,0.0013742446899414062,1.6608951091766357,69,7,0,0,0,105,88,54,99,336,0,658,9721
oliveira/04_12/randm08.02.02.08.020_0030.05.aba.beta,True,12,6,0.06863522529602051,0.9316647052764893,0.0023660659790039062,1.0026659965515137,62,12,0,0,0,83,101,39,72,418,0,991,14743
oliveira/04_12/randm08.02.02.09.020_0030.01.aba.beta,True,14,7,0.03976106643676758,0.42418932914733887,0.0030889511108398438,0.4670393466949463,52,14,0,0,0,47,69,41,34,272,0,1418,21366
oliveira/04_12/randm08.02.02.09.020_0030.02.aba.beta,True,19,7,0.0630197525024414,0.8143141269683838,0.004683971405029297,0.8820178508758545,61,19,0,0,0,61,153,51,43,462,0,1941,29612
oliveira/04_12/randm08.02.02.09.020_0030.03.aba.beta,True,17,7,0.06975483894348145,0.8316271305084229,0.003399372100830078,0.9047813415527344,62,17,0,0,0,69,103,43,53,374,0,1306,19374
oliveira/04_12/randm08.02.02.09.020_0030.04.aba.beta,True,19,7,0.05515456199645996,0.7488996982574463,0.0037720203399658203,0.8078262805938721,61,19,0,0,0,58,124,47,40,414,0,1688,24909
oliveira/04_12/randm08.02.02.09.020_0030.05.aba.beta,True,9,7,0.032688140869140625,0.48299217224121094,0.0022950172424316406,0.5179753303527832,50,9,0,0,0,49,61,36,41,227,0,946,14454
oliveira/04_12/randm08.02.02.10.020_0030.01.aba.beta,True,27,7,0.11287069320678711,0.7730453014373779,0.0040130615234375,0.8899290561676025,52,27,0,0,0,51,127,43,25,481,0,1523,21435
oliveira/04_12/randm08.02.02.10.020_0030.02.aba.beta,True,21,7,0.06383919715881348,0.7111353874206543,0.004853487014770508,0.7798280715942383,47,21,0,0,0,47,130,39,27,452,0,2188,33204
oliveira/04_12/randm08.02.02.10.020_0030.03.aba.beta,True,13,7,0.055864810943603516,0.6055638790130615,0.0022661685943603516,0.6636948585510254,49,13,0,0,0,45,98,42,33,337,0,998,14509
oliveira/04_12/randm08.02.02.10.020_0030.04.aba.beta,True,18,7,0.05862927436828613,0.7460010051727295,0.004260540008544922,0.8088908195495605,54,18,0,0,0,50,117,46,33,349,0,1608,23841
oliveira/04_12/randm08.02.02.10.020_0030.05.aba.beta,True,17,7,0.04986238479614258,0.5404651165008545,0.005493640899658203,0.5958211421966553,43,17,0,0,0,43,127,38,27,340,0,2166,33964
oliveira/04_12/randm08.02.02.11.020_0030.01.aba.beta,True,29,8,0.7922430038452148,7.6426520347595215,0.003780364990234375,8.43867540359497,125,29,0,0,0,373,160,60,345,1013,0,1671,23512
oliveira/04_12/randm08.02.02.11.020_0030.02.aba.beta,True,25,8,0.08035063743591309,0.9048075675964355,0.009092330932617188,0.9942505359649658,55,25,0,0,0,50,74,39,26,378,0,2817,43310
oliveira/04_12/randm08.02.02.11.020_0030.03.aba.beta,True,24,8,0.07159805297851562,0.8125050067901611,0.0036292076110839844,0.8877322673797607,60,24,0,0,0,57,100,47,34,471,0,1599,23764
oliveira/04_12/randm08.02.02.11.020_0030.04.aba.beta,True,15,8,0.053414344787597656,0.683119535446167,0.0037560462951660156,0.7402899265289307,52,15,0,0,0,61,70,46,47,317,0,1660,24854
oliveira/04_12/randm08.02.02.11.020_0030.05.aba.beta,True,22,8,0.08727884292602539,0.9498844146728516,0.0034656524658203125,1.0406289100646973,63,22,0,0,0,67,96,47,46,462,0,1571,22658
oliveira/04_12/randm08.02.02.12.020_0030.01.aba.beta,True,8,5,0.012406349182128906,0.06515073776245117,0.0017397403717041016,0.07929682731628418,20,8,0,0,0,11,64,19,4,129,0,790,12015
oliveira/04_12/randm08.02.02.12.020_0030.02.aba.beta,True,6,5,0.015034675598144531,0.10640668869018555,0.0018482208251953125,0.12328958511352539,20,6,0,0,0,15,56,20,10,120,0,857,13349
oliveira/04_12/randm08.02.02.12.020_0030.03.aba.beta,True,7,5,0.0197756290435791,0.16259241104125977,0.0030083656311035156,0.18537640571594238,21,7,0,0,0,16,125,21,10,165,0,1160,17927
oliveira/04_12/randm08.02.02.12.020_0030.04.aba.beta,True,10,5,0.024985313415527344,0.08729267120361328,0.0020678043365478516,0.11434578895568848,19,10,0,0,0,11,77,18,2,144,0,861,12751
oliveira/04_12/randm08.02.02.12.020_0030.05.aba.beta,True,5,5,0.013356685638427734,0.18593931198120117,0.0016951560974121094,0.20099115371704102,27,5,0,0,0,21,51,25,17,127,0,683,10479
oliveira/04_12/randm08.02.02.13.020_0030.01.aba.beta,True,33,8,0.2194812297821045,5.753345489501953,0.0046253204345703125,5.977452039718628,92,33,0,0,0,186,152,64,154,821,0,2013,28963
oliveira/04_12/randm08.02.02.13.020_0030.02.aba.beta,True,40,8,0.14983272552490234,3.1495957374572754,0.006502628326416016,3.3059310913085938,90,40,0,0,0,117,185,70,78,763,0,2855,41467
oliveira/04_12/randm08.02.02.13.020_0030.03.aba.beta,True,29,8,0.2371816635131836,4.722984313964844,0.005701303482055664,4.965867280960083,95,29,0,0,0,195,141,62,167,698,0,2507,36942
oliveira/04_12/randm08.02.02.13.020_0030.04.aba.beta,True,25,8,0.1420280933380127,3.8434951305389404,0.004052162170410156,3.9895753860473633,69,25,0,0,0,137,158,61,113,592,0,1823,26676
oliveira/04_12/randm08.02.02.13.020_0030.05.aba.beta,True,27,8,0.19047880172729492,3.154123306274414,0.003908872604370117,3.348510980606079,83,27,0,0,0,125,149,59,99,617,0,1743,25369
oliveira/04_12/randm08.02.02.14.020_0030.01.aba.beta,True,14,6,0.05701923370361328,0.5025010108947754,0.0025663375854492188,0.5620865821838379,40,14,0,0,0,38,118,38,25,331,0,1186,17683
oliveira/04_12/randm08.02.02.14.020_0030.02.aba.beta,True,18,6,0.04016232490539551,0.36362361907958984,0.003249645233154297,0.40703558921813965,35,18,0,0,0,31,116,34,14,327,0,1506,22560
oliveira/04_12/randm08.02.02.14.020_0030.03.aba.beta,True,18,6,0.040796756744384766,0.3717057704925537,0.004681587219238281,0.41718411445617676,36,18,0,0,0,28,128,35,11,328,0,1878,28678
oliveira/04_12/randm08.02.02.14.020_0030.04.aba.beta,True,18,6,0.050614118576049805,0.518031120300293,0.003265857696533203,0.571911096572876,48,18,0,0,0,44,116,41,27,383,0,1300,19639
oliveira/04_12/randm08.02.02.14.020_0030.05.aba.beta,True,19,6,0.06053876876831055,0.5462901592254639,0.0026924610137939453,0.6095213890075684,45,19,0,0,0,42,118,40,24,393,0,1326,19185
oliveira/04_12/randm08.02.02.15.020_0030.01.aba.beta,True,14,5,0.0233609676361084,0.14487433433532715,0.002137422561645508,0.17037272453308105,29,14,0,0,0,21,72,28,8,234,0,1010,14898
oliveira/04_12/randm08.02.02.15.020_0030.02.aba.beta,True,11,5,0.01856374740600586,0.13626575469970703,0.002210855484008789,0.15704035758972168,25,11,0,0,0,17,89,23,7,189,0,1037,15797
oliveira/04_12/randm08.02.02.15.020_0030.03.aba.beta,True,9,5,0.015733003616333008,0.1005411148071289,0.001505136489868164,0.11777925491333008,23,9,0,0,0,15,50,22,7,146,0,709,10372
oliveira/04_12/randm08.02.02.15.020_0030.04.aba.beta,True,15,5,0.030095577239990234,0.21746563911437988,0.0029952526092529297,0.25055646896362305,33,15,0,0,0,23,114,29,9,312,0,1240,18787
oliveira/04_12/randm08.02.02.15.020_0030.05.aba.beta,True,18,5,0.03550004959106445,0.22766876220703125,0.0041351318359375,0.2673039436340332,36,18,0,0,0,26,155,35,9,310,0,1951,29575
oliveira/04_12/randm08.02.02.16.020_0030.01.aba.beta,True,10,5,0.02266550064086914,0.15918326377868652,0.0017976760864257812,0.18364644050598145,32,10,0,0,0,24,65,28,15,187,0,826,12304
oliveira/04_12/randm08.02.02.16.020_0030.02.aba.beta,True,13,5,0.027068376541137695,0.17055892944335938,0.0016138553619384766,0.19924116134643555,36,13,0,0,0,27,58,29,15,205,0,748,10860
oliveira/04_12/randm08.02.02.16.020_0030.03.aba.beta,True,11,5,0.01960134506225586,0.16589641571044922,0.0019719600677490234,0.1874697208404541,29,11,0,0,0,23,84,29,13,230,0,929,13942
oliveira/04_12/randm08.02.02.16.020_0030.04.aba.beta,True,8,5,0.03216910362243652,0.13451147079467773,0.0023903846740722656,0.16907095909118652,26,8,0,0,0,20,68,25,13,146,0,870,13225
oliveira/04_12/randm08.02.02.16.020_0030.05.aba.beta,True,6,5,0.012056589126586914,0.12850737571716309,0.0018720626831054688,0.14243602752685547,24,6,0,0,0,18,76,24,13,137,0,801,12469
oliveira/04_12/randm08.02.02.17.020_0030.01.aba.beta,True,12,6,0.02317047119140625,0.18106436729431152,0.001550436019897461,0.20578527450561523,32,12,0,0,0,26,38,27,15,178,0,663,9413
oliveira/04_12/randm08.02.02.17.020_0030.02.aba.beta,True,14,6,0.035752296447753906,0.13527369499206543,0.0024805068969726562,0.173506498336792,28,14,0,0,0,18,77,24,5,262,0,1157,17407
oliveira/04_12/randm08.02.02.17.020_0030.03.aba.beta,True,15,6,0.028142929077148438,0.19510269165039062,0.0018193721771240234,0.22506499290466309,32,15,0,0,0,23,59,28,9,223,0,868,12631
oliveira/04_12/randm08.02.02.17.020_0030.04.aba.beta,True,12,6,0.022711992263793945,0.11409902572631836,0.001556396484375,0.1383674144744873,27,12,0,0,0,19,59,25,8,170,0,747,10804
oliveira/04_12/randm08.02.02.17.020_0030.05.aba.beta,True,13,6,0.07168436050415039,0.19796395301818848,0.0016102790832519531,0.2712585926055908,30,13,0,0,0,21,44,27,9,196,0,671,9764
oliveira/04_12/randm08.02.02.18.020_0030.01.aba.beta,True,17,6,0.04882168769836426,0.9263339042663574,0.0022389888763427734,0.9773945808410645,56,17,0,0,0,66,99,42,50,389,0,920,13240
oliveira/04_12/randm08.02.02.18.020_0030.02.aba.beta,True,17,6,0.0555574893951416,1.1215195655822754,0.0034132003784179688,1.180490255355835,54,17,0,0,0,66,133,43,50,379,0,1525,23222
oliveira/04_12/randm08.02.02.18.020_0030.03.aba.beta,True,14,6,0.031989097595214844,0.3255269527435303,0.0031731128692626953,0.3606891632080078,34,14,0,0,0,25,101,32,12,226,0,1459,22004
oliveira/04_12/randm08.02.02.18.020_0030.04.aba.beta,True,13,6,0.05383181571960449,1.1518161296844482,0.0025343894958496094,1.2081823348999023,66,13,0,0,0,76,146,45,64,422,0,1131,16917
oliveira/04_12/randm08.02.02.18.020_0030.05.aba.beta,True,15,6,0.05275678634643555,1.07826828956604,0.0031468868255615234,1.134171962738037,55,15,0,0,0,64,127,46,50,376,0,1139,17018
oliveira/04_12/randm08.02.02.19.020_0030.01.aba.beta,True,13,8,0.04326915740966797,0.44051265716552734,0.0017817020416259766,0.4855635166168213,44,13,0,0,0,42,66,37,30,308,0,830,11927
oliveira/04_12/randm08.02.02.19.020_0030.02.aba.beta,True,12,8,0.06247377395629883,0.9742028713226318,0.0016329288482666016,1.0383095741271973,56,12,0,0,0,74,86,41,63,373,0,754,11230
oliveira/04_12/randm08.02.02.19.020_0030.03.aba.beta,True,15,8,0.042778968811035156,0.5413951873779297,0.001634836196899414,0.5858089923858643,43,15,0,0,0,49,62,40,35,270,0,804,11412
oliveira/04_12/randm08.02.02.19.020_0030.04.aba.beta,True,17,8,0.06954145431518555,0.9364709854125977,0.0018503665924072266,1.0078628063201904,66,17,0,0,0,88,97,47,72,438,0,936,13372
oliveira/04_12/randm08.02.02.19.020_0030.05.aba.beta,True,23,8,0.0715186595916748,0.7236871719360352,0.02491140365600586,0.8201172351837158,50,23,0,0,0,57,99,43,35,452,0,1441,20584
oliveira/04_12/randm09.02.02.01.020_0030.01.aba.beta,True,27,9,0.29874348640441895,4.024954795837402,0.006605386734008789,4.33030366897583,87,27,0,0,0,206,145,56,180,660,0,2850,44131
oliveira/04_12/randm09.02.02.01.020_0030.02.aba.beta,True,11,7,0.03661203384399414,0.6436111927032471,0.0016219615936279297,0.6818451881408691,46,11,0,0,0,64,72,37,54,279,0,762,11184
oliveira/04_12/randm09.02.02.01.020_0030.03.aba.beta,True,26,9,0.35225701332092285,8.687657117843628,0.00493621826171875,9.04485034942627,89,26,0,0,0,262,153,51,237,635,0,2096,31045
oliveira/04_12/randm09.02.02.01.020_0030.04.aba.beta,True,22,9,0.763432502746582,8.856116771697998,0.0068089962005615234,9.626358270645142,128,22,0,0,0,336,183,70,315,866,0,2663,40299
oliveira/04_12/randm09.02.02.01.020_0030.05.aba.beta,True,27,9,0.19875812530517578,3.114276647567749,0.009894847869873047,3.322929620742798,90,27,0,0,0,157,154,59,131,658,0,4370,68024
oliveira/04_12/randm09.02.02.02.020_0030.01.aba.beta,True,38,8,0.15035629272460938,1.7726056575775146,0.0063092708587646484,1.9292712211608887,86,38,0,0,0,116,102,65,79,673,0,2791,40490
oliveira/04_12/randm09.02.02.02.020_0030.02.aba.beta,True,38,7,0.10304141044616699,0.6979084014892578,0.005723237991333008,0.8066730499267578,60,38,0,0,0,51,88,56,14,524,0,2645,38915
oliveira/04_12/randm09.02.02.02.020_0030.03.aba.beta,True,25,8,0.07160067558288574,0.6723933219909668,0.004005908966064453,0.747999906539917,53,25,0,0,0,57,88,48,33,405,0,1851,26953
oliveira/04_12/randm09.02.02.02.020_0030.04.aba.beta,True,38,8,0.6000196933746338,7.785523176193237,0.0071027278900146484,8.392645597457886,141,38,0,0,0,395,191,83,358,1058,0,3188,48237
oliveira/04_12/randm09.02.02.02.020_0030.05.aba.beta,True,22,7,0.10443711280822754,1.70896577835083,0.003807544708251953,1.8172104358673096,82,22,0,0,0,110,116,61,89,584,0,1789,26267
oliveira/04_12/randm09.02.02.03.020_0030.01.aba.beta,True,34,8,0.10686135292053223,1.9966449737548828,0.005529880523681641,2.1090362071990967,65,34,0,0,0,71,186,53,38,674,0,2592,38197
oliveira/04_12/randm09.02.02.03.020_0030.02.aba.beta,True,30,8,0.09748339653015137,0.5934145450592041,0.004565238952636719,0.6954631805419922,58,30,0,0,0,48,165,48,19,636,0,2100,31928
oliveira/04_12/randm09.02.02.03.020_0030.03.aba.beta,True,23,8,0.09977388381958008,1.6000311374664307,0.002305269241333008,1.7021102905273438,69,23,0,0,0,84,99,54,62,575,0,1112,15620
oliveira/04_12/randm09.02.02.03.020_0030.04.aba.beta,True,26,8,0.08816742897033691,1.189774751663208,0.0036058425903320312,1.281548023223877,63,26,0,0,0,75,118,50,50,554,0,1713,24640
oliveira/04_12/randm09.02.02.03.020_0030.05.aba.beta,True,17,8,0.07017803192138672,0.9361498355865479,0.001936197280883789,1.0082640647888184,61,17,0,0,0,81,89,46,65,398,0,871,12080
oliveira/04_12/randm09.02.02.04.020_0030.01.aba.beta,True,16,7,0.05213284492492676,0.620276927947998,0.0023658275604248047,0.6747756004333496,48,16,0,0,0,49,118,40,34,350,0,1086,15792
oliveira/04_12/randm09.02.02.04.020_0030.02.aba.beta,True,14,7,0.039307594299316406,0.18487286567687988,0.0019068717956542969,0.22608733177185059,34,14,0,0,0,27,79,29,14,237,0,844,12251
oliveira/04_12/randm09.02.02.04.020_0030.03.aba.beta,True,14,7,0.039397478103637695,0.19646358489990234,0.0018508434295654297,0.23771190643310547,33,14,0,0,0,26,63,31,13,192,0,858,12455
oliveira/04_12/randm09.02.02.04.020_0030.04.aba.beta,True,11,7,0.029848575592041016,0.1592731475830078,0.0017735958099365234,0.19089531898498535,32,11,0,0,0,24,47,28,14,175,0,763,11164
oliveira/04_12/randm09.02.02.04.020_0030.05.aba.beta,True,20,7,0.058016061782836914,0.49068427085876465,0.0033483505249023438,0.5520486831665039,49,20,0,0,0,47,110,42,28,401,0,1474,21626
oliveira/04_12/randm09.02.02.05.020_0030.01.aba.beta,True,23,8,0.0631258487701416,0.42645883560180664,0.002904176712036133,0.4924888610839844,48,23,0,0,0,35,81,41,13,368,0,1349,19258
oliveira/04_12/randm09.02.02.05.020_0030.02.aba.beta,True,16,8,0.047202348709106445,0.25670313835144043,0.0014712810516357422,0.3053767681121826,42,16,0,0,0,32,50,39,17,280,0,748,10240
oliveira/04_12/randm09.02.02.05.020_0030.03.aba.beta,True,23,8,0.09989285469055176,1.3019671440124512,0.002302408218383789,1.4041624069213867,68,23,0,0,0,96,106,47,74,492,0,1100,15162
oliveira/04_12/randm09.02.02.05.020_0030.04.aba.beta,True,21,8,0.0807187557220459,0.8828027248382568,0.0033740997314453125,0.966895580291748,69,21,0,0,0,64,127,51,44,494,0,1551,22858
oliveira/04_12/randm09.02.02.05.020_0030.05.aba.beta,True,16,8,0.039278507232666016,0.46857738494873047,0.0027070045471191406,0.5105628967285156,40,16,0,0,0,37,81,35,22,300,0,1188,17501
oliveira/04_12/randm09.02.02.06.020_0030.01.aba.beta,True,20,9,0.11035442352294922,1.3423802852630615,0.0024874210357666016,1.4552221298217773,86,20,0,0,0,103,113,60,84,675,0,1123,16041
oliveira/04_12/randm09.02.02.06.020_0030.02.aba.beta,True,29,9,0.26267170906066895,3.2618112564086914,0.0030138492584228516,3.527496814727783,93,29,0,0,0,153,114,56,125,744,0,1437,19915
oliveira/04_12/randm09.02.02.06.020_0030.03.aba.beta,True,26,9,0.11844778060913086,0.9929859638214111,0.002814769744873047,1.114248514175415,73,26,0,0,0,75,111,60,50,609,0,1327,18821
oliveira/04_12/randm09.02.02.06.020_0030.04.aba.beta,True,22,9,0.16730833053588867,1.9943811893463135,0.0029234886169433594,2.1646130084991455,84,22,0,0,0,123,108,51,102,611,0,1324,18632
oliveira/04_12/randm09.02.02.06.020_0030.05.aba.beta,True,20,9,0.08298659324645996,1.0239536762237549,0.0027534961700439453,1.1096937656402588,62,20,0,0,0,77,92,47,58,438,0,1106,15633
oliveira/04_12/randm09.02.02.07.020_0030.01.aba.beta,True,1,1,0.0007967948913574219,0.0022041797637939453,0.0011172294616699219,0.004118204116821289,3,1,0,0,0,1,3,3,1,2,0,511,8445
oliveira/04_12/randm09.02.02.07.020_0030.02.aba.beta,True,1,1,0.0007810592651367188,0.0019030570983886719,0.0010406970977783203,0.003724813461303711,3,1,0,0,0,1,3,3,1,2,0,530,8553
oliveira/04_12/randm09.02.02.07.020_0030.03.aba.beta,True,1,1,0.001071929931640625,0.002200603485107422,0.0011513233184814453,0.004423856735229492,3,1,0,0,0,1,3,3,1,2,0,533,8573
oliveira/04_12/randm09.02.02.07.020_0030.04.aba.beta,True,1,1,0.0008418560028076172,0.0020122528076171875,0.0011858940124511719,0.0040400028228759766,3,1,0,0,0,1,3,3,1,2,0,527,8550
oliveira/04_12/randm09.02.02.07.020_0030.05.aba.beta,True,1,1,0.0008873939514160156,0.0022687911987304688,0.00115203857421875,0.004308223724365234,3,1,0,0,0,1,3,3,1,2,0,536,8586
oliveira/04_12/randm09.02.02.08.020_0030.01.aba.beta,True,13,6,0.02632904052734375,0.09247469902038574,0.0016326904296875,0.12043642997741699,23,13,0,0,0,15,30,20,3,113,0,756,11100
oliveira/04_12/randm09.02.02.08.020_0030.02.aba.beta,True,8,6,0.016689538955688477,0.12169361114501953,0.0013659000396728516,0.13974905014038086,29,8,0,0,0,19,42,26,12,157,0,660,9777
oliveira/04_12/randm09.02.02.08.020_0030.03.aba.beta,True,10,6,0.016991376876831055,0.09247469902038574,0.0016520023345947266,0.11111807823181152,23,10,0,0,0,16,40,22,7,147,0,764,11382
oliveira/04_12/randm09.02.02.08.020_0030.04.aba.beta,True,9,6,0.01564502716064453,0.06354188919067383,0.004453897476196289,0.08364081382751465,23,9,0,0,0,12,28,23,4,88,0,2084,32816
oliveira/04_12/randm09.02.02.08.020_0030.05.aba.beta,True,12,6,0.022904396057128906,0.10089302062988281,0.006014108657836914,0.12981152534484863,24,12,0,0,0,17,31,24,6,93,0,2798,44281
oliveira/04_12/randm09.02.02.09.020_0030.01.aba.beta,True,24,9,0.2602660655975342,3.392622232437134,0.004469156265258789,3.6573574542999268,92,24,0,0,0,164,157,53,141,617,0,2027,30887
oliveira/04_12/randm09.02.02.09.020_0030.02.aba.beta,True,15,9,0.16530895233154297,1.7371952533721924,0.002927064895629883,1.9054312705993652,73,15,0,0,0,144,103,52,130,446,0,1311,19464
oliveira/04_12/randm09.02.02.09.020_0030.03.aba.beta,True,19,9,0.09153342247009277,0.8373928070068359,0.0019609928131103516,0.9308872222900391,52,19,0,0,0,73,90,39,55,394,0,930,12973
oliveira/04_12/randm09.02.02.09.020_0030.04.aba.beta,True,21,9,0.09724688529968262,1.1334593296051025,0.0026133060455322266,1.2333195209503174,56,21,0,0,0,91,88,48,71,429,0,1232,17543
oliveira/04_12/randm09.02.02.09.020_0030.05.aba.beta,True,24,9,0.12043166160583496,1.7113900184631348,0.0036039352416992188,1.835425615310669,72,24,0,0,0,122,129,52,99,527,0,1650,23858
oliveira/04_12/randm09.02.02.10.020_0030.01.aba.beta,True,12,6,0.04473876953125,0.20675444602966309,0.002529621124267578,0.25402283668518066,33,12,0,0,0,25,67,30,14,248,0,1119,17018
oliveira/04_12/randm09.02.02.10.020_0030.02.aba.beta,True,10,6,0.018819808959960938,0.13060259819030762,0.0015294551849365234,0.15095186233520508,31,10,0,0,0,21,62,27,12,203,0,715,10777
oliveira/04_12/randm09.02.02.10.020_0030.03.aba.beta,True,16,6,0.03724074363708496,0.1820821762084961,0.0020647048950195312,0.22138762474060059,32,16,0,0,0,23,53,28,8,219,0,989,14126
oliveira/04_12/randm09.02.02.10.020_0030.04.aba.beta,True,6,6,0.01765131950378418,0.07650613784790039,0.0014276504516601562,0.09558510780334473,22,6,0,0,0,13,27,19,8,92,0,582,8824
oliveira/04_12/randm09.02.02.10.020_0030.05.aba.beta,True,9,6,0.017714262008666992,0.10346245765686035,0.0015702247619628906,0.12274694442749023,26,9,0,0,0,17,43,25,9,147,0,696,10156
oliveira/04_12/randm09.02.02.11.020_0030.01.aba.beta,True,19,8,0.0897970199584961,0.8026237487792969,0.002237558364868164,0.8946583271026611,49,19,0,0,0,72,99,44,54,406,0,1066,15197
oliveira/04_12/randm09.02.02.11.020_0030.02.aba.beta,True,18,8,0.04472184181213379,0.3372077941894531,0.001982450485229492,0.3839120864868164,46,18,0,0,0,38,62,40,21,341,0,864,12085
oliveira/04_12/randm09.02.02.11.020_0030.03.aba.beta,True,20,8,0.07724475860595703,0.5192193984985352,0.002736330032348633,0.5992004871368408,49,20,0,0,0,52,91,40,33,426,0,1275,18607
oliveira/04_12/randm09.02.02.11.020_0030.04.aba.beta,True,14,8,0.05679178237915039,0.60329270362854,0.0016055107116699219,0.6616899967193604,48,14,0,0,0,62,56,39,49,297,0,742,10462
oliveira/04_12/randm09.02.02.11.020_0030.05.aba.beta,True,21,8,0.0659022331237793,0.5332143306732178,0.0023581981658935547,0.6014747619628906,52,21,0,0,0,52,81,45,32,389,0,1074,15387
oliveira/04_12/randm09.02.02.12.020_0030.01.aba.beta,True,17,8,0.07835793495178223,0.787076473236084,0.002053976058959961,0.8674883842468262,58,17,0,0,0,73,100,44,57,399,0,1004,14500
oliveira/04_12/randm09.02.02.12.020_0030.02.aba.beta,True,23,8,0.06385946273803711,0.3929455280303955,0.002893209457397461,0.4596982002258301,46,23,0,0,0,43,93,42,21,324,0,1297,18490
oliveira/04_12/randm09.02.02.12.020_0030.03.aba.beta,True,22,8,0.06324887275695801,0.5802097320556641,0.002496957778930664,0.6459555625915527,54,22,0,0,0,53,95,46,32,408,0,1163,16211
oliveira/04_12/randm09.02.02.12.020_0030.04.aba.beta,True,21,8,0.06665849685668945,0.5380375385284424,0.0022001266479492188,0.606896162033081,56,21,0,0,0,56,82,49,36,388,0,1030,14421
oliveira/04_12/randm09.02.02.12.020_0030.05.aba.beta,True,24,8,0.08001995086669922,0.8378124237060547,0.002349853515625,0.9201822280883789,67,24,0,0,0,68,111,52,45,518,0,1153,15799
oliveira/04_12/randm09.02.02.13.020_0030.01.aba.beta,True,23,8,0.05814075469970703,0.3565402030944824,0.003633737564086914,0.41831469535827637,46,23,0,0,0,36,96,41,14,443,0,1678,24921
oliveira/04_12/randm09.02.02.13.020_0030.02.aba.beta,True,21,8,0.05985069274902344,0.8283073902130127,0.004057884216308594,0.8922159671783447,62,21,0,0,0,66,135,51,46,562,0,1795,26706
oliveira/04_12/randm09.02.02.13.020_0030.03.aba.beta,True,26,8,0.8048624992370605,9.379012107849121,0.0040760040283203125,10.187950611114502,169,26,0,0,0,394,204,83,369,1199,0,1783,25717
oliveira/04_12/randm09.02.02.13.020_0030.04.aba.beta,True,20,8,0.05876040458679199,0.7078077793121338,0.0028035640716552734,0.769371747970581,63,20,0,0,0,63,138,51,44,542,0,1289,18835
oliveira/04_12/randm09.02.02.13.020_0030.05.aba.beta,True,22,8,0.06930279731750488,0.7910737991333008,0.0033884048461914062,0.8637650012969971,71,22,0,0,0,78,110,52,57,460,0,1615,23504
oliveira/04_12/randm09.02.02.14.020_0030.01.aba.beta,True,9,6,0.0191347599029541,0.12269401550292969,0.0017139911651611328,0.14354276657104492,28,9,0,0,0,20,65,24,12,164,0,811,12193
oliveira/04_12/randm09.02.02.14.020_0030.02.aba.beta,True,7,6,0.022775650024414062,0.3168931007385254,0.0015552043914794922,0.34122395515441895,35,7,0,0,0,40,55,29,34,193,0,670,9921
oliveira/04_12/randm09.02.02.14.020_0030.03.aba.beta,True,9,6,0.019268512725830078,0.17912626266479492,0.0014600753784179688,0.19985485076904297,31,9,0,0,0,26,68,29,18,196,0,697,10323
oliveira/04_12/randm09.02.02.14.020_0030.04.aba.beta,True,6,6,0.014741659164428711,0.12764954566955566,0.008313894271850586,0.15070509910583496,30,6,0,0,0,22,47,27,17,147,0,657,9959
oliveira/04_12/randm09.02.02.14.020_0030.05.aba.beta,True,8,6,0.020932674407958984,0.23616790771484375,0.0016391277313232422,0.258739709854126,30,8,0,0,0,33,69,25,26,193,0,740,11092
oliveira/04_12/randm09.02.02.15.020_0030.01.aba.beta,True,19,8,0.0711982250213623,0.5920112133026123,0.0030519962310791016,0.6662614345550537,58,19,0,0,0,55,114,44,37,383,0,1449,21192
oliveira/04_12/randm09.02.02.15.020_0030.02.aba.beta,True,14,8,0.03361082077026367,0.27325987815856934,0.0017254352569580078,0.308596134185791,40,14,0,0,0,33,68,35,20,275,0,794,11253
oliveira/04_12/randm09.02.02.15.020_0030.03.aba.beta,True,22,8,0.07238006591796875,0.40426111221313477,0.002571582794189453,0.47921276092529297,48,22,0,0,0,42,84,41,21,345,0,1179,16793
oliveira/04_12/randm09.02.02.15.020_0030.04.aba.beta,True,23,8,0.07258129119873047,0.45522046089172363,0.0026209354400634766,0.5304226875305176,51,23,0,0,0,44,76,43,22,423,0,1160,16346
oliveira/04_12/randm09.02.02.15.020_0030.05.aba.beta,True,13,8,0.06227231025695801,0.6221561431884766,0.0022382736206054688,0.68666672706604,54,13,0,0,0,66,80,36,54,299,0,978,15049
oliveira/04_12/randm09.02.02.16.020_0030.01.aba.beta,True,10,6,0.045255184173583984,0.3631720542907715,0.0018687248229980469,0.4102959632873535,46,10,0,0,0,41,76,38,32,270,0,829,12459
oliveira/04_12/randm09.02.02.16.020_0030.02.aba.beta,True,14,6,0.03736305236816406,0.46177148818969727,0.0022821426391601562,0.5014166831970215,49,14,0,0,0,45,88,43,32,318,0,1043,15264
oliveira/04_12/randm09.02.02.16.020_0030.03.aba.beta,True,14,6,0.03387284278869629,0.50103759765625,0.0030345916748046875,0.537945032119751,49,14,0,0,0,45,106,40,32,328,0,1289,19617
oliveira/04_12/randm09.02.02.16.020_0030.04.aba.beta,True,7,6,0.0211789608001709,0.13348793983459473,0.0012254714965820312,0.15589237213134766,29,7,0,0,0,21,45,26,15,145,0,616,9251
oliveira/04_12/randm09.02.02.16.020_0030.05.aba.beta,True,9,6,0.028481006622314453,0.26476573944091797,0.0015194416046142578,0.2947661876678467,39,9,0,0,0,33,61,34,25,250,0,711,10628
oliveira/04_12/randm09.02.02.17.020_0030.01.aba.beta,True,23,9,0.24367070198059082,3.403817892074585,0.006162881851196289,3.653651475906372,104,23,0,0,0,233,155,68,211,764,0,2706,41887
oliveira/04_12/randm09.02.02.17.020_0030.02.aba.beta,True,32,9,0.13713502883911133,1.9472088813781738,0.00477910041809082,2.089123010635376,82,32,0,0,0,118,144,69,87,702,0,2210,32495
oliveira/04_12/randm09.02.02.17.020_0030.03.aba.beta,True,17,9,0.08995389938354492,1.0864150524139404,0.0022983551025390625,1.1786673069000244,64,17,0,0,0,84,117,52,68,414,0,1080,15736
oliveira/04_12/randm09.02.02.17.020_0030.04.aba.beta,True,18,9,0.07480764389038086,0.7833116054534912,0.0019483566284179688,0.86006760597229,55,18,0,0,0,72,79,45,55,368,0,912,12763
oliveira/04_12/randm09.02.02.17.020_0030.05.aba.beta,True,28,9,0.1160135269165039,1.6008870601654053,0.0044634342193603516,1.7213640213012695,73,28,0,0,0,92,151,63,65,573,0,2025,29848
oliveira/04_12/randm09.02.02.18.020_0030.01.aba.beta,True,17,7,0.06801748275756836,0.8042898178100586,0.0023653507232666016,0.8746726512908936,53,17,0,0,0,69,93,42,53,412,0,1073,15623
oliveira/04_12/randm09.02.02.18.020_0030.02.aba.beta,True,19,7,0.06310367584228516,0.6642088890075684,0.0021593570709228516,0.7294719219207764,61,19,0,0,0,64,93,39,46,478,0,970,13784
oliveira/04_12/randm09.02.02.18.020_0030.03.aba.beta,True,16,7,0.04106569290161133,0.49288511276245117,0.002930879592895508,0.536881685256958,44,16,0,0,0,43,118,36,28,415,0,1336,20023
oliveira/04_12/randm09.02.02.18.020_0030.04.aba.beta,True,18,7,0.0684051513671875,0.3972513675689697,0.0030732154846191406,0.46872973442077637,45,18,0,0,0,40,115,38,23,352,0,1437,21036
oliveira/04_12/randm09.02.02.18.020_0030.05.aba.beta,True,13,7,0.03663134574890137,0.39669084548950195,0.0025529861450195312,0.43587517738342285,47,13,0,0,0,45,112,41,33,368,0,1082,16344
oliveira/04_12/randm09.02.02.19.020_0030.01.aba.beta,True,17,8,0.25968360900878906,3.110926866531372,0.0026369094848632812,3.3732473850250244,101,17,0,0,0,265,130,61,249,642,0,1183,17343
oliveira/04_12/randm09.02.02.19.020_0030.02.aba.beta,True,16,8,0.05618023872375488,0.5823619365692139,0.004816532135009766,0.6433587074279785,61,16,0,0,0,61,144,48,46,420,0,2158,33213
oliveira/04_12/randm09.02.02.19.020_0030.03.aba.beta,True,24,8,0.14213800430297852,2.3516478538513184,0.0031392574310302734,2.496925115585327,80,24,0,0,0,167,118,60,144,596,0,1399,19896
oliveira/04_12/randm09.02.02.19.020_0030.04.aba.beta,True,18,8,0.24008631706237793,3.3001999855041504,0.0021207332611083984,3.5424070358276367,94,18,0,0,0,242,123,60,225,641,0,1012,14530
oliveira/04_12/randm09.02.02.19.020_0030.05.aba.beta,True,26,8,0.08632087707519531,0.9305100440979004,0.004587411880493164,1.0214183330535889,58,26,0,0,0,67,170,47,42,538,0,1986,29455
oliveira/04_12/randm10.02.02.01.020_0030.01.aba.beta,True,10,6,0.019047260284423828,0.11467599868774414,0.0021393299102783203,0.1358625888824463,26,10,0,0,0,19,28,24,10,113,0,969,14518
oliveira/04_12/randm10.02.02.01.020_0030.02.aba.beta,True,13,6,0.023195266723632812,0.13002371788024902,0.001886129379272461,0.1551051139831543,29,13,0,0,0,21,41,26,9,176,0,881,12920
oliveira/04_12/randm10.02.02.01.020_0030.03.aba.beta,True,6,6,0.016112565994262695,0.12924599647521973,0.001499176025390625,0.14685773849487305,32,6,0,0,0,23,33,28,18,120,0,575,8736
oliveira/04_12/randm10.02.02.01.020_0030.04.aba.beta,True,8,6,0.01573491096496582,0.13715529441833496,0.0013031959533691406,0.15419340133666992,30,8,0,0,0,20,47,26,13,174,0,636,9408
oliveira/04_12/randm10.02.02.01.020_0030.05.aba.beta,True,14,6,0.029284000396728516,0.10181832313537598,0.008193254470825195,0.1392955780029297,27,14,0,0,0,18,33,25,5,115,0,3674,58258
oliveira/04_12/randm10.02.02.02.020_0030.01.aba.beta,True,22,9,0.0824592113494873,0.814464807510376,0.0034956932067871094,0.9004197120666504,59,22,0,0,0,73,123,53,52,429,0,1605,23238
oliveira/04_12/randm10.02.02.02.020_0030.02.aba.beta,True,30,9,0.1607961654663086,2.4834868907928467,0.004153728485107422,2.6484367847442627,90,30,0,0,0,140,171,65,111,737,0,1904,27574
oliveira/04_12/randm10.02.02.02.020_0030.03.aba.beta,True,28,9,0.12333226203918457,2.1093451976776123,0.004395008087158203,2.237072467803955,77,28,0,0,0,114,134,59,87,641,0,1867,27534
oliveira/04_12/randm10.02.02.02.020_0030.04.aba.beta,True,27,9,0.19655466079711914,3.028904438018799,0.002809762954711914,3.22826886177063,85,27,0,0,0,162,124,58,136,713,0,1346,19308
oliveira/04_12/randm10.02.02.02.020_0030.05.aba.beta,True,30,9,0.36212873458862305,4.891851186752319,0.003281831741333008,5.257261753082275,131,30,0,0,0,269,175,68,240,1048,0,1588,21865
oliveira/04_12/randm10.02.02.03.020_0030.01.aba.beta,True,18,8,0.05467677116394043,0.5726644992828369,0.002821683883666992,0.6301629543304443,58,18,0,0,0,57,99,47,40,388,0,1346,19714
oliveira/04_12/randm10.02.02.03.020_0030.02.aba.beta,True,17,8,0.05443000793457031,0.6014761924743652,0.0033376216888427734,0.6592438220977783,55,17,0,0,0,64,91,49,48,382,0,1561,22907
oliveira/04_12/randm10.02.02.03.020_0030.03.aba.beta,True,16,8,0.06879401206970215,0.9485394954681396,0.0026705265045166016,1.0200040340423584,59,16,0,0,0,80,112,44,65,443,0,1160,17359
oliveira/04_12/randm10.02.02.03.020_0030.04.aba.beta,True,19,8,0.09107422828674316,0.9822931289672852,0.0027916431427001953,1.0761590003967285,63,19,0,0,0,80,107,51,62,438,0,1314,19124
oliveira/04_12/randm10.02.02.03.020_0030.05.aba.beta,True,23,8,0.06970000267028809,0.4334254264831543,0.0029616355895996094,0.506087064743042,52,23,0,0,0,43,97,42,21,395,0,1437,20663
oliveira/04_12/randm10.02.02.04.020_0030.01.aba.beta,True,7,5,0.012398481369018555,0.06258869171142578,0.0012674331665039062,0.07625460624694824,21,7,0,0,0,13,29,20,7,117,0,623,9183
oliveira/04_12/randm10.02.02.04.020_0030.02.aba.beta,True,6,5,0.011182785034179688,0.0787208080291748,0.001329183578491211,0.0912327766418457,24,6,0,0,0,15,30,23,10,100,0,595,8914
oliveira/04_12/randm10.02.02.04.020_0030.03.aba.beta,True,9,5,0.019243478775024414,0.09226107597351074,0.001321554183959961,0.11282610893249512,23,9,0,0,0,18,38,19,10,128,0,618,9349
oliveira/04_12/randm10.02.02.04.020_0030.04.aba.beta,True,10,5,0.022735595703125,0.05518007278442383,0.0016109943389892578,0.07952666282653809,18,10,0,0,0,10,41,18,1,111,0,742,10932
oliveira/04_12/randm10.02.02.04.020_0030.05.aba.beta,True,6,5,0.014322757720947266,0.06412386894226074,0.0012056827545166016,0.07965230941772461,21,6,0,0,0,14,26,21,9,81,0,587,8829
oliveira/04_12/randm10.02.02.05.020_0030.01.aba.beta,True,24,8,0.06305074691772461,0.6149435043334961,0.0031058788299560547,0.6811001300811768,59,24,0,0,0,56,80,50,33,399,0,1398,20579
oliveira/04_12/randm10.02.02.05.020_0030.02.aba.beta,True,14,7,0.033702850341796875,0.34851622581481934,0.0032541751861572266,0.38547325134277344,43,14,0,0,0,37,89,38,24,230,0,1440,21650
oliveira/04_12/randm10.02.02.05.020_0030.03.aba.beta,True,21,8,0.058939456939697266,0.6430463790893555,0.004803180694580078,0.7067890167236328,55,21,0,0,0,53,131,50,33,432,0,2102,31918
oliveira/04_12/randm10.02.02.05.020_0030.04.aba.beta,True,17,8,0.06287932395935059,0.7050497531890869,0.005178928375244141,0.7731080055236816,61,17,0,0,0,65,111,50,49,391,0,2376,36265
oliveira/04_12/randm10.02.02.05.020_0030.05.aba.beta,True,28,8,0.2580747604370117,4.188189744949341,0.007642030715942383,4.453906536102295,112,28,0,0,0,174,215,70,147,916,0,3254,49619
oliveira/04_12/randm10.02.02.06.020_0030.01.aba.beta,True,27,9,0.08240938186645508,0.5630035400390625,0.0026526451110839844,0.6480655670166016,55,27,0,0,0,44,78,48,18,513,0,1288,17858
oliveira/04_12/randm10.02.02.06.020_0030.02.aba.beta,True,24,9,0.12130975723266602,2.1351850032806396,0.0035333633422851562,2.260028123855591,80,24,0,0,0,106,145,53,83,667,0,1530,22215
oliveira/04_12/randm10.02.02.06.020_0030.03.aba.beta,True,27,9,0.13197684288024902,2.3453853130340576,0.003704071044921875,2.4810662269592285,77,27,0,0,0,114,122,54,88,694,0,1722,24731
oliveira/04_12/randm10.02.02.06.020_0030.04.aba.beta,True,15,9,0.04979419708251953,0.5479886531829834,0.0019333362579345703,0.5997161865234375,51,15,0,0,0,50,68,45,36,405,0,813,11670
oliveira/04_12/randm10.02.02.06.020_0030.05.aba.beta,True,26,9,0.1649610996246338,2.0374889373779297,0.003412961959838867,2.2058629989624023,80,26,0,0,0,114,135,55,89,697,0,1465,21380
oliveira/04_12/randm10.02.02.07.020_0030.01.aba.beta,True,36,9,0.4411733150482178,5.718644142150879,0.006525993347167969,6.166343450546265,128,36,0,0,0,235,190,83,200,1008,0,2851,42591
oliveira/04_12/randm10.02.02.07.020_0030.02.aba.beta,True,24,9,0.38739490509033203,4.372148752212524,0.0028717517852783203,4.762415409088135,115,24,0,0,0,277,167,57,254,801,0,1377,19968
oliveira/04_12/randm10.02.02.07.020_0030.03.aba.beta,True,25,9,0.1857309341430664,1.9296314716339111,0.003937721252441406,2.119300127029419,82,25,0,0,0,142,130,59,118,561,0,1767,26003
oliveira/04_12/randm10.02.02.07.020_0030.04.aba.beta,True,23,9,0.07763981819152832,0.9879331588745117,0.00366973876953125,1.0692427158355713,53,23,0,0,0,65,127,49,43,454,0,1634,23535
oliveira/04_12/randm10.02.02.07.020_0030.05.aba.beta,True,28,9,0.1071314811706543,1.1812500953674316,0.0035185813903808594,1.2919001579284668,61,28,0,0,0,80,128,52,53,588,0,1693,24189
oliveira/04_12/randm10.02.02.08.020_0030.01.aba.beta,True,30,9,0.09902095794677734,1.0118868350982666,0.002975940704345703,1.1138837337493896,61,30,0,0,0,79,93,54,50,565,0,1371,19522
oliveira/04_12/randm10.02.02.08.020_0030.02.aba.beta,True,16,9,0.0678853988647461,0.493344783782959,0.0014955997467041016,0.5627257823944092,47,16,0,0,0,52,51,38,37,304,0,737,10144
oliveira/04_12/randm10.02.02.08.020_0030.03.aba.beta,True,21,9,0.09794163703918457,1.4049651622772217,0.001966238021850586,1.5048730373382568,65,21,0,0,0,101,69,42,81,501,0,854,11368
oliveira/04_12/randm10.02.02.08.020_0030.04.aba.beta,True,16,9,0.16782879829406738,2.3027257919311523,0.0016818046569824219,2.472236394882202,76,16,0,0,0,156,89,49,141,433,0,815,11521
oliveira/04_12/randm10.02.02.08.020_0030.05.aba.beta,True,17,9,0.08226275444030762,1.079479694366455,0.0017552375793457031,1.1634976863861084,64,17,0,0,0,86,85,50,70,411,0,853,12020
oliveira/04_12/randm10.02.02.09.020_0030.01.aba.beta,True,16,7,0.045839548110961914,0.6276381015777588,0.0022974014282226562,0.6757750511169434,53,16,0,0,0,58,95,41,43,320,0,1065,15804
oliveira/04_12/randm10.02.02.09.020_0030.02.aba.beta,True,14,7,0.036242008209228516,0.31659722328186035,0.0018095970153808594,0.3546488285064697,38,14,0,0,0,34,78,33,21,285,0,798,11547
oliveira/04_12/randm10.02.02.09.020_0030.03.aba.beta,True,20,7,0.06168508529663086,0.3183321952819824,0.0018067359924316406,0.3818240165710449,44,20,0,0,0,39,60,40,20,317,0,921,12874
oliveira/04_12/randm10.02.02.09.020_0030.04.aba.beta,True,22,7,0.05684304237365723,0.3929746150970459,0.0022475719451904297,0.45206522941589355,45,22,0,0,0,39,87,35,18,403,0,1085,15367
oliveira/04_12/randm10.02.02.09.020_0030.05.aba.beta,True,17,7,0.04403376579284668,0.6059737205505371,0.00222015380859375,0.6522276401519775,47,17,0,0,0,56,84,38,40,341,0,993,14422
oliveira/04_12/randm10.02.02.10.020_0030.01.aba.beta,True,16,7,0.0335543155670166,0.20090079307556152,0.0018701553344726562,0.23632526397705078,36,16,0,0,0,27,74,35,12,280,0,877,12707
oliveira/04_12/randm10.02.02.10.020_0030.02.aba.beta,True,14,7,0.03032851219177246,0.2285323143005371,0.0016508102416992188,0.2605116367340088,34,14,0,0,0,28,62,32,15,217,0,787,11242
oliveira/04_12/randm10.02.02.10.020_0030.03.aba.beta,True,14,7,0.028798341751098633,0.21255874633789062,0.0017476081848144531,0.2431046962738037,36,14,0,0,0,30,63,35,17,291,0,796,11292
oliveira/04_12/randm10.02.02.10.020_0030.04.aba.beta,True,17,7,0.052286386489868164,0.42075157165527344,0.0025777816772460938,0.4756157398223877,51,17,0,0,0,49,69,41,33,305,0,877,12346
oliveira/04_12/randm10.02.02.10.020_0030.05.aba.beta,True,8,7,0.02833414077758789,0.47652649879455566,0.0016901493072509766,0.5065507888793945,44,8,0,0,0,54,61,34,47,251,0,711,10650
oliveira/04_12/randm10.02.02.11.020_0030.01.aba.beta,True,12,7,0.03670024871826172,0.2936058044433594,0.0013439655303955078,0.3316500186920166,43,12,0,0,0,37,44,38,26,218,0,655,9233
oliveira/04_12/randm10.02.02.11.020_0030.02.aba.beta,True,19,7,0.04700779914855957,0.21327614784240723,0.0020422935485839844,0.2623262405395508,36,19,0,0,0,27,57,34,9,286,0,972,13706
oliveira/04_12/randm10.02.02.11.020_0030.03.aba.beta,True,18,7,0.046195268630981445,0.302703857421875,0.0023632049560546875,0.35126233100891113,40,18,0,0,0,34,93,30,17,282,0,1089,15793
oliveira/04_12/randm10.02.02.11.020_0030.04.aba.beta,True,18,7,0.04190826416015625,0.19710087776184082,0.0021266937255859375,0.241135835647583,36,18,0,0,0,24,61,33,7,279,0,1018,14321
oliveira/04_12/randm10.02.02.11.020_0030.05.aba.beta,True,15,7,0.03507566452026367,0.1605393886566162,0.0027871131896972656,0.19840216636657715,33,15,0,0,0,21,67,33,7,213,0,1091,16060
oliveira/04_12/randm10.02.02.12.020_0030.01.aba.beta,True,15,8,0.05080103874206543,0.6085810661315918,0.0023088455200195312,0.6616909503936768,48,15,0,0,0,61,82,40,47,296,0,985,14197
oliveira/04_12/randm10.02.02.12.020_0030.02.aba.beta,True,16,8,0.21887493133544922,3.1040046215057373,0.002145051956176758,3.3250246047973633,86,16,0,0,0,192,108,50,177,549,0,987,14532
oliveira/04_12/randm10.02.02.12.020_0030.03.aba.beta,True,28,8,0.08744001388549805,0.3877081871032715,0.0023605823516845703,0.4775087833404541,47,28,0,0,0,38,66,42,11,451,0,1137,15615
oliveira/04_12/randm10.02.02.12.020_0030.04.aba.beta,True,20,8,0.06879925727844238,0.6647424697875977,0.0018165111541748047,0.7353582382202148,57,20,0,0,0,67,64,46,48,393,0,864,11890
oliveira/04_12/randm10.02.02.12.020_0030.05.aba.beta,True,25,8,0.08746123313903809,0.968268632888794,0.0036945343017578125,1.0594244003295898,66,25,0,0,0,78,131,52,54,564,0,1702,24556
oliveira/04_12/randm10.02.02.13.020_0030.01.aba.beta,True,12,6,0.028352975845336914,0.18415164947509766,0.0015702247619628906,0.21407485008239746,33,12,0,0,0,26,45,31,15,244,0,728,10500
oliveira/04_12/randm10.02.02.13.020_0030.02.aba.beta,True,9,6,0.021872520446777344,0.14660310745239258,0.0021276473999023438,0.17060327529907227,27,9,0,0,0,21,70,27,13,197,0,936,14387
oliveira/04_12/randm10.02.02.13.020_0030.03.aba.beta,True,8,6,0.015419721603393555,0.16268539428710938,0.0017054080963134766,0.1798105239868164,30,8,0,0,0,22,60,25,15,167,0,749,11178
oliveira/04_12/randm10.02.02.13.020_0030.04.aba.beta,True,19,6,0.04667782783508301,0.4403049945831299,0.002927064895629883,0.4899098873138428,45,19,0,0,0,41,103,38,23,359,0,1346,19987
oliveira/04_12/randm10.02.02.13.020_0030.05.aba.beta,True,17,6,0.047070980072021484,0.39994263648986816,0.003602266311645508,0.45061588287353516,43,17,0,0,0,38,114,36,22,323,0,1445,21361
oliveira/04_12/randm10.02.02.14.020_0030.01.aba.beta,True,26,9,0.5535421371459961,6.055644273757935,0.0037093162536621094,6.612895727157593,120,26,0,0,0,324,161,78,299,942,0,1700,24323
oliveira/04_12/randm10.02.02.14.020_0030.02.aba.beta,True,19,9,0.6347460746765137,6.2089502811431885,0.0019314289093017578,6.845627784729004,113,19,0,0,0,374,137,63,356,758,0,890,12503
oliveira/04_12/randm10.02.02.14.020_0030.03.aba.beta,True,26,9,0.5230562686920166,7.79679012298584,0.005044698715209961,8.324891090393066,126,26,0,0,0,378,218,71,353,942,0,2193,33058
oliveira/04_12/randm10.02.02.14.020_0030.04.aba.beta,True,25,9,4.499293804168701,31.538389682769775,0.004419565200805664,36.04210305213928,187,25,0,0,0,1267,241,85,1243,1367,0,1869,27578
oliveira/04_12/randm10.02.02.14.020_0030.05.aba.beta,True,27,9,1.123945713043213,8.98126769065857,0.003395557403564453,10.108608961105347,137,27,0,0,0,438,190,75,412,1102,0,1523,22195
oliveira/04_12/randm10.02.02.15.020_0030.01.aba.beta,True,20,8,0.09725642204284668,0.9757564067840576,0.002561330795288086,1.0755741596221924,64,20,0,0,0,99,98,49,80,422,0,1073,15311
oliveira/04_12/randm10.02.02.15.020_0030.02.aba.beta,True,22,8,0.06381702423095703,0.7111599445343018,0.001953601837158203,0.776930570602417,57,22,0,0,0,60,73,44,39,426,0,942,12989
oliveira/04_12/randm10.02.02.15.020_0030.03.aba.beta,True,24,8,0.09043240547180176,1.070509910583496,0.0033631324768066406,1.1643054485321045,72,24,0,0,0,82,107,53,59,543,0,1397,19738
oliveira/04_12/randm10.02.02.15.020_0030.04.aba.beta,True,21,8,0.07255125045776367,0.8031497001647949,0.0020945072174072266,0.8777954578399658,54,21,0,0,0,78,75,45,58,456,0,993,13672
oliveira/04_12/randm10.02.02.15.020_0030.05.aba.beta,True,24,8,0.0750882625579834,0.7318718433380127,0.002262592315673828,0.8092226982116699,55,24,0,0,0,67,68,42,44,382,0,1099,14919
oliveira/04_12/randm10.02.02.16.020_0030.01.aba.beta,True,17,8,0.248185396194458,3.7761762142181396,0.0032427310943603516,4.027604341506958,124,17,0,0,0,232,179,70,216,881,0,1476,22038
oliveira/04_12/randm10.02.02.16.020_0030.02.aba.beta,True,30,8,0.1323695182800293,1.7288155555725098,0.004527568817138672,1.8657126426696777,75,30,0,0,0,102,132,58,73,697,0,2053,29876
oliveira/04_12/randm10.02.02.16.020_0030.03.aba.beta,True,14,8,0.06352066993713379,0.7840471267700195,0.001613616943359375,0.8491814136505127,61,14,0,0,0,67,67,43,54,384,0,755,10518
oliveira/04_12/randm10.02.02.16.020_0030.04.aba.beta,True,20,8,0.1110374927520752,1.6328608989715576,0.002407073974609375,1.7463054656982422,96,20,0,0,0,131,144,68,112,617,0,1101,15325
oliveira/04_12/randm10.02.02.16.020_0030.05.aba.beta,True,28,8,0.24309229850769043,4.17703914642334,0.004801273345947266,4.4249327182769775,121,28,0,0,0,215,204,71,188,948,0,1853,27004
oliveira/04_12/randm10.02.02.17.020_0030.01.aba.beta,True,13,7,0.02996039390563965,0.3201866149902344,0.001645803451538086,0.3517928123474121,39,13,0,0,0,36,63,37,24,301,0,792,11334
oliveira/04_12/randm10.02.02.17.020_0030.02.aba.beta,True,14,7,0.05793166160583496,0.8018467426300049,0.002454042434692383,0.8622324466705322,70,14,0,0,0,76,121,45,63,402,0,1024,15174
oliveira/04_12/randm10.02.02.17.020_0030.03.aba.beta,True,18,7,0.06671714782714844,0.4723849296569824,0.002380847930908203,0.5414829254150391,46,18,0,0,0,45,86,41,28,344,0,1097,16000
oliveira/04_12/randm10.02.02.17.020_0030.04.aba.beta,True,16,7,0.05597805976867676,0.5631613731384277,0.0023229122161865234,0.621462345123291,50,16,0,0,0,57,112,39,42,321,0,1093,15939
oliveira/04_12/randm10.02.02.17.020_0030.05.aba.beta,True,21,7,0.051265716552734375,0.5193362236022949,0.002561807632446289,0.5731637477874756,56,21,0,0,0,50,111,46,30,456,0,1186,17049
oliveira/04_12/randm10.02.02.18.020_0030.01.aba.beta,True,1,1,0.0011162757873535156,0.00189971923828125,0.001241922378540039,0.004257917404174805,3,1,0,0,0,1,3,3,1,2,0,539,8607
oliveira/04_12/randm10.02.02.18.020_0030.02.aba.beta,True,1,1,0.0007729530334472656,0.0022644996643066406,0.0011491775512695312,0.0041866302490234375,3,1,0,0,0,1,3,3,1,2,0,537,8599
oliveira/04_12/randm10.02.02.18.020_0030.03.aba.beta,True,1,1,0.0007793903350830078,0.0021355152130126953,0.001177072525024414,0.004091978073120117,3,1,0,0,0,1,3,3,1,2,0,537,8596
oliveira/04_12/randm10.02.02.18.020_0030.04.aba.beta,True,1,1,0.0008709430694580078,0.0020842552185058594,0.0010721683502197266,0.004027366638183594,3,1,0,0,0,1,3,3,1,2,0,536,8587
oliveira/04_12/randm10.02.02.18.020_0030.05.aba.beta,True,1,1,0.0006058216094970703,0.002704143524169922,0.00128173828125,0.004591703414916992,3,1,0,0,0,1,3,3,1,2,0,537,8596
oliveira/04_12/randm10.02.02.19.020_0030.01.aba.beta,True,24,10,0.10203695297241211,1.2349436283111572,0.0036058425903320312,1.3405864238739014,67,24,0,0,0,90,106,57,67,497,0,1635,23804
oliveira/04_12/randm10.02.02.19.020_0030.02.aba.beta,True,16,10,0.17900919914245605,2.2665724754333496,0.0021474361419677734,2.4477291107177734,90,16,0,0,0,168,116,56,153,577,0,888,12607
oliveira/04_12/randm10.02.02.19.020_0030.03.aba.beta,True,30,10,0.17602324485778809,2.4447455406188965,0.004482269287109375,2.625251054763794,83,30,0,0,0,142,142,62,113,656,0,2062,29962
oliveira/04_12/randm10.02.02.19.020_0030.04.aba.beta,True,23,10,0.1120457649230957,1.2909154891967773,0.0029153823852539062,1.405876636505127,76,23,0,0,0,103,106,55,81,525,0,1197,16667
oliveira/04_12/randm10.02.02.19.020_0030.05.aba.beta,True,35,10,0.18928933143615723,4.07610297203064,0.0040624141693115234,4.269454717636108,86,35,0,0,0,157,161,67,123,760,0,1828,25869
oliveira/04_12/randm11.02.02.01.020_0030.01.aba.beta,True,25,10,0.13876748085021973,2.121224880218506,0.0023889541625976562,2.2623813152313232,82,25,0,0,0,130,113,59,106,636,0,1151,15635
oliveira/04_12/randm11.02.02.01.020_0030.02.aba.beta,True,23,10,0.19558453559875488,2.3478734493255615,0.0025768280029296875,2.546034812927246,88,23,0,0,0,149,123,59,127,610,0,1186,16530
oliveira/04_12/randm11.02.02.01.020_0030.03.aba.beta,True,29,10,2.501617670059204,29.905181407928467,0.005903720855712891,32.412702798843384,169,29,0,0,0,712,257,78,684,1275,0,2506,37313
oliveira/04_12/randm11.02.02.01.020_0030.04.aba.beta,True,31,10,0.37241101264953613,4.149533271789551,0.004656076431274414,4.526600360870361,104,31,0,0,0,209,183,69,179,876,0,2071,30518
oliveira/04_12/randm11.02.02.01.020_0030.05.aba.beta,True,23,10,0.3023953437805176,3.490008592605591,0.0032711029052734375,3.795675039291382,98,23,0,0,0,207,151,61,185,722,0,1441,20723
oliveira/04_12/randm11.02.02.02.020_0030.01.aba.beta,True,22,9,0.0719902515411377,0.5712261199951172,0.003443002700805664,0.6466593742370605,56,22,0,0,0,51,124,46,30,419,0,1567,22983
oliveira/04_12/randm11.02.02.02.020_0030.02.aba.beta,True,31,10,0.17340588569641113,2.1367995738983154,0.009214162826538086,2.3194196224212646,83,31,0,0,0,118,138,63,88,690,0,4045,62690
oliveira/04_12/randm11.02.02.02.020_0030.03.aba.beta,True,26,10,0.10788249969482422,1.2464861869812012,0.003342151641845703,1.357710838317871,75,26,0,0,0,95,100,61,70,539,0,1566,22311
oliveira/04_12/randm11.02.02.02.020_0030.04.aba.beta,True,24,10,0.11170029640197754,1.6387498378753662,0.005368232727050781,1.7558183670043945,73,24,0,0,0,109,106,53,86,616,0,1244,17273
oliveira/04_12/randm11.02.02.02.020_0030.05.aba.beta,True,41,10,0.17500805854797363,1.5260751247406006,0.0045735836029052734,1.7056567668914795,77,41,0,0,0,96,124,61,56,745,0,2210,31170
oliveira/04_12/randm11.02.02.03.020_0030.01.aba.beta,True,24,10,0.48262453079223633,4.9016993045806885,0.004407405853271484,5.388731241226196,109,24,0,0,0,284,122,63,261,684,0,2025,29545
oliveira/04_12/randm11.02.02.03.020_0030.02.aba.beta,True,22,10,0.9895021915435791,8.52564287185669,0.003325939178466797,9.518471002578735,132,22,0,0,0,384,175,72,363,961,0,1542,22772
oliveira/04_12/randm11.02.02.03.020_0030.03.aba.beta,True,22,10,1.9709904193878174,15.316588163375854,0.003950834274291992,17.291529417037964,148,22,0,0,0,546,186,74,525,1079,0,1564,22849
oliveira/04_12/randm11.02.02.03.020_0030.04.aba.beta,True,26,10,4.368133306503296,30.804845571517944,0.002747058868408203,35.17572593688965,161,26,0,0,0,1069,190,71,1044,1123,0,1205,16483
oliveira/04_12/randm11.02.02.03.020_0030.05.aba.beta,True,26,10,0.4072146415710449,4.145787239074707,0.007611513137817383,4.560613393783569,100,26,0,0,0,236,139,65,211,643,0,3456,52663
oliveira/04_12/randm11.02.02.04.020_0030.01.aba.beta,True,15,9,0.0644679069519043,0.6869277954101562,0.0016498565673828125,0.7530455589294434,57,15,0,0,0,66,80,46,52,375,0,819,11487
oliveira/04_12/randm11.02.02.04.020_0030.02.aba.beta,True,20,9,0.19326186180114746,2.020191192626953,0.002505064010620117,2.2159581184387207,78,20,0,0,0,147,113,46,128,466,0,1194,16997
oliveira/04_12/randm11.02.02.04.020_0030.03.aba.beta,True,21,9,0.07878780364990234,0.6945047378540039,0.0019659996032714844,0.7752585411071777,64,21,0,0,0,59,71,52,39,485,0,928,12662
oliveira/04_12/randm11.02.02.04.020_0030.04.aba.beta,True,26,9,0.08069586753845215,0.628934383392334,0.0029058456420898438,0.712536096572876,57,26,0,0,0,56,101,49,31,465,0,1378,19239
oliveira/04_12/randm11.02.02.04.020_0030.05.aba.beta,True,25,9,0.09603476524353027,0.8115208148956299,0.0027065277099609375,0.9102621078491211,57,25,0,0,0,71,93,46,47,413,0,1272,17717
oliveira/04_12/randm11.02.02.05.020_0030.01.aba.beta,True,19,8,0.057214975357055664,0.6653530597686768,0.002337932586669922,0.7249059677124023,53,19,0,0,0,55,95,42,37,443,0,1118,16030
oliveira/04_12/randm11.02.02.05.020_0030.02.aba.beta,True,17,8,0.055296897888183594,0.4549891948699951,0.0026373863220214844,0.5129234790802002,46,17,0,0,0,38,113,39,22,366,0,1210,17616
oliveira/04_12/randm11.02.02.05.020_0030.03.aba.beta,True,23,8,0.058184146881103516,0.5432825088500977,0.002239227294921875,0.603705883026123,52,23,0,0,0,50,78,45,28,421,0,1117,15365
oliveira/04_12/randm11.02.02.05.020_0030.04.aba.beta,True,22,8,0.08829212188720703,1.0593791007995605,0.002497434616088867,1.1501686573028564,62,22,0,0,0,84,86,48,63,549,0,1084,15375
oliveira/04_12/randm11.02.02.05.020_0030.05.aba.beta,True,31,8,0.11667323112487793,1.2863349914550781,0.003165721893310547,1.4061739444732666,66,31,0,0,0,83,98,50,53,621,0,1466,20344
oliveira/04_12/randm11.02.02.06.020_0030.01.aba.beta,True,21,8,0.05569171905517578,0.4027376174926758,0.0029642581939697266,0.4613935947418213,49,21,0,0,0,38,114,45,18,394,0,1420,20668
oliveira/04_12/randm11.02.02.06.020_0030.02.aba.beta,True,18,8,0.06001543998718262,0.6294817924499512,0.0049321651458740234,0.6944293975830078,49,18,0,0,0,53,106,40,36,350,0,2175,34628
oliveira/04_12/randm11.02.02.06.020_0030.03.aba.beta,True,18,8,0.06127214431762695,0.30619025230407715,0.0023584365844726562,0.36982083320617676,46,18,0,0,0,35,50,34,18,308,0,988,13863
oliveira/04_12/randm11.02.02.06.020_0030.04.aba.beta,True,19,8,0.04564476013183594,0.36731624603271484,0.002627849578857422,0.4155888557434082,42,19,0,0,0,38,86,33,20,312,0,1178,16966
oliveira/04_12/randm11.02.02.06.020_0030.05.aba.beta,True,17,8,0.038668155670166016,0.29273104667663574,0.0026330947875976562,0.3340322971343994,40,17,0,0,0,32,97,35,16,306,0,1267,18593
oliveira/04_12/randm11.02.02.07.020_0030.01.aba.beta,True,28,9,0.11147880554199219,1.3920025825500488,0.00423884391784668,1.5077202320098877,69,28,0,0,0,86,125,55,59,521,0,2016,29093
oliveira/04_12/randm11.02.02.07.020_0030.02.aba.beta,True,20,9,0.09351778030395508,1.6708192825317383,0.003608226776123047,1.7679452896118164,73,20,0,0,0,93,155,58,74,526,0,1536,22485
oliveira/04_12/randm11.02.02.07.020_0030.03.aba.beta,True,34,9,0.15472626686096191,2.5596654415130615,0.00581669807434082,2.7202084064483643,92,34,0,0,0,131,193,66,98,818,0,2593,38479
oliveira/04_12/randm11.02.02.07.020_0030.04.aba.beta,True,25,9,0.22134923934936523,2.8051400184631348,0.003560781478881836,3.030050039291382,93,25,0,0,0,157,143,60,133,676,0,1651,24444
oliveira/04_12/randm11.02.02.07.020_0030.05.aba.beta,True,21,9,0.10142230987548828,1.360771656036377,0.0032112598419189453,1.4654052257537842,66,21,0,0,0,108,103,56,88,448,0,1457,20956
oliveira/04_12/randm11.02.02.08.020_0030.01.aba.beta,True,13,6,0.04390215873718262,0.3047184944152832,0.001584768295288086,0.3502054214477539,46,13,0,0,0,37,60,34,25,320,0,735,10587
oliveira/04_12/randm11.02.02.08.020_0030.02.aba.beta,True,13,6,0.02539348602294922,0.1799485683441162,0.0016613006591796875,0.20700335502624512,36,13,0,0,0,27,55,29,15,205,0,779,11181
oliveira/04_12/randm11.02.02.08.020_0030.03.aba.beta,True,12,6,0.02070784568786621,0.11837339401245117,0.0027256011962890625,0.14180684089660645,26,12,0,0,0,20,43,26,9,140,0,1098,16564
oliveira/04_12/randm11.02.02.08.020_0030.04.aba.beta,True,11,6,0.028049707412719727,0.2992098331451416,0.0014774799346923828,0.3287370204925537,44,11,0,0,0,39,55,33,29,247,0,669,9654
oliveira/04_12/randm11.02.02.08.020_0030.05.aba.beta,True,12,6,0.028475522994995117,0.25676894187927246,0.0014100074768066406,0.2866544723510742,45,12,0,0,0,36,54,32,25,240,0,656,9361
oliveira/04_12/randm11.02.02.09.020_0030.01.aba.beta,True,12,6,0.051206111907958984,0.30405569076538086,0.0021567344665527344,0.3574185371398926,44,12,0,0,0,35,77,35,24,262,0,970,14679
oliveira/04_12/randm11.02.02.09.020_0030.02.aba.beta,True,12,6,0.02568984031677246,0.1173105239868164,0.0018031597137451172,0.14480352401733398,26,12,0,0,0,17,73,25,6,230,0,871,12714
oliveira/04_12/randm11.02.02.09.020_0030.03.aba.beta,True,16,6,0.037854671478271484,0.2669236660003662,0.0031337738037109375,0.30791211128234863,38,16,0,0,0,31,115,36,16,344,0,1421,21043
oliveira/04_12/randm11.02.02.09.020_0030.04.aba.beta,True,16,6,0.03975558280944824,0.3719213008880615,0.002262115478515625,0.4139389991760254,48,16,0,0,0,40,86,39,25,400,0,1040,15211
oliveira/04_12/randm11.02.02.09.020_0030.05.aba.beta,True,15,6,0.031206369400024414,0.2448875904083252,0.0018908977508544922,0.2779848575592041,36,15,0,0,0,32,59,33,18,244,0,896,12798
oliveira/04_12/randm11.02.02.10.020_0030.01.aba.beta,True,30,9,2.160447835922241,24.97977113723755,0.009568929672241211,27.14978790283203,188,30,0,0,0,641,324,88,612,1473,0,3938,60236
oliveira/04_12/randm11.02.02.10.020_0030.02.aba.beta,True,33,9,1.4542336463928223,15.924156427383423,0.006637096405029297,17.385027170181274,167,33,0,0,0,493,275,94,461,1357,0,2956,43904
oliveira/04_12/randm11.02.02.10.020_0030.03.aba.beta,True,23,9,1.5903778076171875,18.214282989501953,0.004448652267456055,19.809109449386597,156,23,0,0,0,506,207,77,484,1149,0,1964,29821
oliveira/04_12/randm11.02.02.10.020_0030.04.aba.beta,True,34,9,1.858257532119751,17.345741033554077,0.0044193267822265625,19.208417892456055,183,34,0,0,0,551,224,85,518,1341,0,2082,30183
oliveira/04_12/randm11.02.02.10.020_0030.05.aba.beta,True,15,8,0.08596444129943848,1.2887310981750488,0.0020799636840820312,1.3767755031585693,67,15,0,0,0,102,101,53,88,438,0,918,13163
oliveira/04_12/randm11.02.02.11.020_0030.01.aba.beta,True,28,11,0.09792566299438477,0.9037046432495117,0.008270025253295898,1.0099003314971924,65,28,0,0,0,70,86,52,43,457,0,3516,54270
oliveira/04_12/randm11.02.02.11.020_0030.02.aba.beta,True,17,10,0.06010794639587402,0.4987959861755371,0.001682281494140625,0.5605862140655518,49,17,0,0,0,48,59,42,32,308,0,822,11355
oliveira/04_12/randm11.02.02.11.020_0030.03.aba.beta,True,24,11,0.1337721347808838,1.452620267868042,0.004545450210571289,1.590937852859497,71,24,0,0,0,110,98,55,87,466,0,2035,30797
oliveira/04_12/randm11.02.02.11.020_0030.04.aba.beta,True,25,11,0.14760112762451172,1.883070468902588,0.0068051815032958984,2.0374767780303955,78,25,0,0,0,118,110,54,94,598,0,3103,47771
oliveira/04_12/randm11.02.02.11.020_0030.05.aba.beta,True,18,11,0.09278583526611328,1.2891666889190674,0.008225202560424805,1.3901777267456055,63,18,0,0,0,97,70,47,80,364,0,3708,58203
oliveira/04_12/randm11.02.02.12.020_0030.01.aba.beta,True,21,6,0.04816603660583496,0.369708776473999,0.002938985824584961,0.42081379890441895,42,21,0,0,0,34,109,38,14,379,0,1380,19945
oliveira/04_12/randm11.02.02.12.020_0030.02.aba.beta,True,15,6,0.03384876251220703,0.22173833847045898,0.0019135475158691406,0.25750064849853516,38,15,0,0,0,28,80,34,14,267,0,865,12520
oliveira/04_12/randm11.02.02.12.020_0030.03.aba.beta,True,9,6,0.02228379249572754,0.12035894393920898,0.0014667510986328125,0.14410948753356934,29,9,0,0,0,20,50,27,12,132,0,660,9903
oliveira/04_12/randm11.02.02.12.020_0030.04.aba.beta,True,11,6,0.020059585571289062,0.11204409599304199,0.0017633438110351562,0.1338670253753662,27,11,0,0,0,18,58,25,8,162,0,829,12190
oliveira/04_12/randm11.02.02.12.020_0030.05.aba.beta,True,21,6,0.04487800598144531,0.396756649017334,0.0032646656036376953,0.444899320602417,42,21,0,0,0,34,117,38,14,451,0,1428,21275
oliveira/04_12/randm11.02.02.13.020_0030.01.aba.beta,True,22,9,0.16151118278503418,2.5324530601501465,0.0028786659240722656,2.696842908859253,82,22,0,0,0,131,116,57,110,584,0,1327,18798
oliveira/04_12/randm11.02.02.13.020_0030.02.aba.beta,True,17,9,0.09745359420776367,1.381589412689209,0.0022745132446289062,1.4813175201416016,73,17,0,0,0,108,104,51,92,500,0,1052,15102
oliveira/04_12/randm11.02.02.13.020_0030.03.aba.beta,True,15,9,0.10608553886413574,1.4019489288330078,0.0016834735870361328,1.5097179412841797,69,15,0,0,0,131,80,53,117,416,0,789,10977
oliveira/04_12/randm11.02.02.13.020_0030.04.aba.beta,True,22,9,0.1344292163848877,2.454036235809326,0.003332853317260742,2.5917983055114746,83,22,0,0,0,152,170,64,131,627,0,1467,21081
oliveira/04_12/randm11.02.02.13.020_0030.05.aba.beta,True,19,9,0.11847877502441406,2.0000381469726562,0.002605438232421875,2.121122360229492,78,19,0,0,0,149,145,61,131,540,0,1242,17892
oliveira/04_12/randm11.02.02.14.020_0030.01.aba.beta,True,30,9,0.18656015396118164,2.729285955429077,0.004930019378662109,2.920776128768921,83,30,0,0,0,108,166,61,79,691,0,2222,32907
oliveira/04_12/randm11.02.02.14.020_0030.02.aba.beta,True,34,9,0.27860450744628906,5.374222040176392,0.008215188980102539,5.661041736602783,94,34,0,0,0,205,232,65,172,814,0,3652,54575
oliveira/04_12/randm11.02.02.14.020_0030.03.aba.beta,True,35,9,1.0520892143249512,12.28239893913269,0.006225109100341797,13.340713262557983,134,35,0,0,0,439,230,72,405,1133,0,2782,41216
oliveira/04_12/randm11.02.02.14.020_0030.04.aba.beta,True,29,9,0.15067815780639648,1.9171972274780273,0.0045855045318603516,2.072460889816284,87,29,0,0,0,122,172,71,94,721,0,2097,30508
oliveira/04_12/randm11.02.02.14.020_0030.05.aba.beta,True,33,9,0.18189430236816406,2.4273109436035156,0.00527644157409668,2.6144816875457764,85,33,0,0,0,126,178,68,94,754,0,2305,34696
oliveira/04_12/randm11.02.02.15.020_0030.01.aba.beta,True,24,10,0.14542889595031738,1.7054917812347412,0.002725839614868164,1.8536465167999268,67,24,0,0,0,117,91,48,94,508,0,1285,18083
oliveira/04_12/randm11.02.02.15.020_0030.02.aba.beta,True,24,10,0.1481468677520752,1.7071256637573242,0.0023162364959716797,1.857588768005371,73,24,0,0,0,110,89,49,87,540,0,1065,14560
oliveira/04_12/randm11.02.02.15.020_0030.03.aba.beta,True,19,10,0.0649878978729248,0.5513498783111572,0.002133607864379883,0.6184713840484619,57,19,0,0,0,53,80,50,35,363,0,1007,14185
oliveira/04_12/randm11.02.02.15.020_0030.04.aba.beta,True,12,10,0.14341282844543457,1.780698299407959,0.0016772747039794922,1.925788402557373,88,12,0,0,0,142,109,57,131,470,0,792,11627
oliveira/04_12/randm11.02.02.15.020_0030.05.aba.beta,True,23,10,0.14296340942382812,1.3610548973083496,0.002225637435913086,1.5062439441680908,65,23,0,0,0,103,89,51,81,476,0,1041,14280
oliveira/04_12/randm11.02.02.16.020_0030.01.aba.beta,True,19,9,0.05205988883972168,0.3300607204437256,0.0019116401672363281,0.3840322494506836,46,19,0,0,0,37,62,43,19,345,0,941,13098
oliveira/04_12/randm11.02.02.16.020_0030.02.aba.beta,True,25,9,0.08655452728271484,0.8438973426818848,0.0035436153411865234,0.9339954853057861,60,25,0,0,0,73,120,48,49,536,0,1659,24449
oliveira/04_12/randm11.02.02.16.020_0030.03.aba.beta,True,28,9,0.19091200828552246,2.3339638710021973,0.0055501461029052734,2.530426025390625,91,28,0,0,0,177,181,65,150,647,0,2562,38176
oliveira/04_12/randm11.02.02.16.020_0030.04.aba.beta,True,28,9,0.08763337135314941,0.7163956165313721,0.0024149417877197266,0.8064439296722412,55,28,0,0,0,52,71,45,25,496,0,1150,15478
oliveira/04_12/randm11.02.02.16.020_0030.05.aba.beta,True,28,9,0.08976268768310547,0.5127811431884766,0.0032706260681152344,0.6058144569396973,54,28,0,0,0,43,99,44,16,492,0,1634,23243
oliveira/04_12/randm11.02.02.17.020_0030.01.aba.beta,True,23,11,4.232346534729004,22.780017852783203,0.0029294490814208984,27.015293836593628,165,23,0,0,0,853,202,75,831,1252,0,1321,18786
oliveira/04_12/randm11.02.02.17.020_0030.02.aba.beta,True,26,11,0.2122044563293457,3.2889180183410645,0.003210306167602539,3.5043327808380127,85,26,0,0,0,180,138,62,155,694,0,1475,21471
oliveira/04_12/randm11.02.02.17.020_0030.03.aba.beta,True,26,11,0.21663832664489746,3.6339035034179688,0.0031507015228271484,3.8536925315856934,88,26,0,0,0,174,121,57,149,719,0,1480,20942
oliveira/04_12/randm11.02.02.17.020_0030.04.aba.beta,True,29,11,0.8494343757629395,7.203587293624878,0.003551959991455078,8.056573629379272,124,29,0,0,0,364,161,72,336,929,0,1519,21345
oliveira/04_12/randm11.02.02.17.020_0030.05.aba.beta,True,40,11,3.9265987873077393,44.97965955734253,0.0052607059478759766,48.911519050598145,181,40,0,0,0,749,243,85,710,1540,0,2340,34497
oliveira/04_12/randm11.02.02.18.020_0030.01.aba.beta,True,16,7,0.04436898231506348,0.5186419486999512,0.0032732486724853516,0.5662841796875,50,16,0,0,0,54,71,42,39,324,0,1472,21863
oliveira/04_12/randm11.02.02.18.020_0030.02.aba.beta,True,20,7,0.06544113159179688,1.2230393886566162,0.004162788391113281,1.2926433086395264,64,20,0,0,0,87,130,49,68,468,0,1866,27715
oliveira/04_12/randm11.02.02.18.020_0030.03.aba.beta,True,14,7,0.05265927314758301,0.6548912525177002,0.0017750263214111328,0.7093255519866943,50,14,0,0,0,71,85,35,58,317,0,865,12209
oliveira/04_12/randm11.02.02.18.020_0030.04.aba.beta,True,22,7,0.049571990966796875,0.3224654197692871,0.004029273986816406,0.3760666847229004,46,22,0,0,0,32,79,40,11,319,0,1853,27522
oliveira/04_12/randm11.02.02.18.020_0030.05.aba.beta,True,25,7,0.05559420585632324,0.3850574493408203,0.004975557327270508,0.44562721252441406,49,25,0,0,0,41,83,42,17,313,0,2232,33992
oliveira/04_12/randm11.02.02.19.020_0030.01.aba.beta,True,40,11,2.673630714416504,105.16408586502075,0.0045108795166015625,107.84222745895386,159,40,0,0,0,658,208,67,619,1379,0,2042,28883
oliveira/04_12/randm11.02.02.19.020_0030.02.aba.beta,True,32,11,5.0815112590789795,27.406075954437256,0.0057218074798583984,32.493309020996094,198,32,0,0,0,1013,257,92,982,1424,0,2555,37987
oliveira/04_12/randm11.02.02.19.020_0030.03.aba.beta,True,35,11,0.23277521133422852,3.252819299697876,0.0049839019775390625,3.4905784130096436,100,35,0,0,0,161,187,72,127,883,0,2290,33155
oliveira/04_12/randm11.02.02.19.020_0030.04.aba.beta,True,26,11,1.2912135124206543,9.944205522537231,0.0035293102264404297,11.238948345184326,119,26,0,0,0,491,154,68,466,903,0,1554,23062
oliveira/04_12/randm11.02.02.19.020_0030.05.aba.beta,True,24,11,10.1234450340271,46.19700264930725,0.0035829544067382812,56.32403063774109,205,24,0,0,0,1851,242,79,1828,1533,0,1415,20483
oliveira/04_12/randm12.02.02.01.020_0030.01.aba.beta,True,18,8,0.06637096405029297,0.7966153621673584,0.002121448516845703,0.8651077747344971,61,18,0,0,0,75,99,46,58,390,0,1009,14632
oliveira/04_12/randm12.02.02.01.020_0030.02.aba.beta,True,19,8,0.0567018985748291,0.4579463005065918,0.0017731189727783203,0.5164213180541992,53,19,0,0,0,49,63,49,31,304,0,876,11985
oliveira/04_12/randm12.02.02.01.020_0030.03.aba.beta,True,11,8,0.028958559036254883,0.24189090728759766,0.0013794898986816406,0.2722289562225342,41,11,0,0,0,32,49,35,22,240,0,684,9732
oliveira/04_12/randm12.02.02.01.020_0030.04.aba.beta,True,23,8,0.053607940673828125,0.42057204246520996,0.0026001930236816406,0.4767801761627197,53,23,0,0,0,44,95,47,22,447,0,1185,16775
oliveira/04_12/randm12.02.02.01.020_0030.05.aba.beta,True,18,8,0.04588603973388672,0.28649449348449707,0.0018651485443115234,0.3342456817626953,46,18,0,0,0,32,62,40,15,296,0,898,12600
oliveira/04_12/randm12.02.02.02.020_0030.01.aba.beta,True,24,11,1.8534700870513916,13.817801475524902,0.003042936325073242,15.674314498901367,166,24,0,0,0,483,195,81,460,1291,0,1325,19137
oliveira/04_12/randm12.02.02.02.020_0030.02.aba.beta,True,29,11,0.20787858963012695,3.9227135181427,0.0023908615112304688,4.132982969284058,85,29,0,0,0,142,94,58,114,640,0,1162,15414
oliveira/04_12/randm12.02.02.02.020_0030.03.aba.beta,True,25,11,2.4307334423065186,14.709140539169312,0.002470731735229492,17.14234471321106,163,25,0,0,0,569,181,81,545,1105,0,1179,16014
oliveira/04_12/randm12.02.02.02.020_0030.04.aba.beta,True,22,11,0.19262146949768066,3.4295613765716553,0.0023725032806396484,3.6245553493499756,96,22,0,0,0,152,117,67,131,688,0,1133,15898
oliveira/04_12/randm12.02.02.02.020_0030.05.aba.beta,True,23,11,0.8396978378295898,8.701843738555908,0.002269268035888672,9.543810844421387,146,23,0,0,0,443,165,80,421,1042,0,1046,14570
oliveira/04_12/randm12.02.02.03.020_0030.01.aba.beta,True,25,11,0.4306783676147461,5.396834135055542,0.0024411678314208984,5.829953670501709,109,25,0,0,0,291,129,65,267,750,0,1152,15555
oliveira/04_12/randm12.02.02.03.020_0030.02.aba.beta,True,30,11,0.3994901180267334,4.251710414886475,0.003556966781616211,4.654757499694824,105,30,0,0,0,224,157,67,195,825,0,1698,23784
oliveira/04_12/randm12.02.02.03.020_0030.03.aba.beta,True,33,11,0.16874909400939941,2.5777063369750977,0.003688812255859375,2.7501442432403564,80,33,0,0,0,121,122,66,89,728,0,1652,23433
oliveira/04_12/randm12.02.02.03.020_0030.04.aba.beta,True,22,11,0.10886883735656738,1.3143320083618164,0.0025153160095214844,1.4257161617279053,67,22,0,0,0,98,104,51,77,489,0,1225,17312
oliveira/04_12/randm12.02.02.03.020_0030.05.aba.beta,True,28,11,21.154785633087158,62.79287314414978,0.003350496292114258,83.95100927352905,274,28,0,0,0,1775,310,81,1748,2076,0,1557,22162
oliveira/04_12/randm12.02.02.04.020_0030.01.aba.beta,True,38,11,1.3877794742584229,16.187596321105957,0.004594087600708008,17.579969882965088,137,38,0,0,0,571,186,81,534,1164,0,2071,30059
oliveira/04_12/randm12.02.02.04.020_0030.02.aba.beta,True,29,11,0.631460428237915,7.533339023590088,0.0031936168670654297,8.167993068695068,123,29,0,0,0,338,185,70,310,912,0,1497,20756
oliveira/04_12/randm12.02.02.04.020_0030.03.aba.beta,True,29,11,1.0562303066253662,8.9695143699646,0.0032498836517333984,10.0289945602417,161,29,0,0,0,379,190,87,351,1163,0,1481,20475
oliveira/04_12/randm12.02.02.04.020_0030.04.aba.beta,True,25,11,1.7137305736541748,15.702198028564453,0.0023593902587890625,17.418287992477417,165,25,0,0,0,510,189,79,486,1136,0,1104,15262
oliveira/04_12/randm12.02.02.04.020_0030.05.aba.beta,True,29,11,0.610715389251709,9.666576862335205,0.003879547119140625,10.281171798706055,113,29,0,0,0,380,170,70,352,904,0,1664,23800
oliveira/04_12/randm12.02.02.05.020_0030.01.aba.beta,True,33,10,14.070775985717773,119.52094292640686,0.009403467178344727,133.60112237930298,299,33,0,0,0,2220,452,101,2188,2495,0,4416,68462
oliveira/04_12/randm12.02.02.05.020_0030.02.aba.beta,True,31,10,20.358657598495483,118.71427822113037,0.004988193511962891,139.07792401313782,332,31,0,0,0,2049,393,107,2019,2513,0,2909,43204
oliveira/04_12/randm12.02.02.05.020_0030.03.aba.beta,False,23,11,684.7963283061981,2543.775997400284,0.0011043548583984375,3228.5734300613403,781,22,0,0,0,15929,795,119,15908,7417,0,719,8941
oliveira/04_12/randm12.02.02.05.020_0030.04.aba.beta,True,39,12,98.50236964225769,267.48118114471436,0.008122920989990234,365.99167370796204,369,39,0,0,0,5353,513,112,5315,3896,0,4341,66166
oliveira/04_12/randm12.02.02.05.020_0030.05.aba.beta,True,26,10,2.97613263130188,24.779335260391235,0.0035741329193115234,27.759042024612427,215,26,0,0,0,738,268,77,713,1609,0,1645,23836
oliveira/04_12/randm12.02.02.06.020_0030.01.aba.beta,True,81,10,2.0328309535980225,71.18158459663391,0.026552200317382812,73.24096775054932,202,81,0,0,0,513,366,118,433,2099,0,11535,178588
oliveira/04_12/randm12.02.02.06.020_0030.02.aba.beta,True,54,9,0.4601428508758545,9.071663856506348,0.012230157852172852,9.544036865234375,139,54,0,0,0,247,251,89,194,1231,0,5495,82651
oliveira/04_12/randm12.02.02.06.020_0030.03.aba.beta,True,60,10,1.139521598815918,68.73038697242737,0.022713661193847656,69.89262223243713,170,60,0,0,0,396,406,108,337,1623,0,9636,146371
oliveira/04_12/randm12.02.02.06.020_0030.04.aba.beta,True,59,10,4.65557599067688,356.30931091308594,0.01268315315246582,360.9775700569153,363,59,0,0,0,1311,509,122,1253,3975,0,6156,94570
oliveira/04_12/randm12.02.02.06.020_0030.05.aba.beta,True,68,11,6.247047424316406,83.6281144618988,0.020776748657226562,89.89593863487244,218,68,0,0,0,1302,375,119,1235,1989,0,9186,140835
oliveira/04_12/randm12.02.02.07.020_0030.01.aba.beta,True,17,7,0.046296119689941406,0.7402329444885254,0.0035276412963867188,0.7900567054748535,52,17,0,0,0,62,112,41,46,417,0,1576,23215
oliveira/04_12/randm12.02.02.07.020_0030.02.aba.beta,True,15,7,0.09433579444885254,1.392991065979004,0.003036975860595703,1.4903638362884521,69,15,0,0,0,133,120,46,119,494,0,1379,20838
oliveira/04_12/randm12.02.02.07.020_0030.03.aba.beta,True,17,7,0.04525446891784668,0.6427474021911621,0.003787517547607422,0.6917893886566162,51,17,0,0,0,53,114,39,37,438,0,1683,25632
oliveira/04_12/randm12.02.02.07.020_0030.04.aba.beta,True,11,7,0.10167074203491211,1.585059404373169,0.001657724380493164,1.6883878707885742,83,11,0,0,0,129,103,47,119,510,0,753,11091
oliveira/04_12/randm12.02.02.07.020_0030.05.aba.beta,True,21,7,0.1210789680480957,2.376904249191284,0.002637624740600586,2.5006208419799805,92,21,0,0,0,136,143,56,116,687,0,1210,17513
oliveira/04_12/randm12.02.02.08.020_0030.01.aba.beta,True,24,8,0.07047533988952637,0.7002067565917969,0.0023963451385498047,0.773078441619873,54,24,0,0,0,62,82,46,39,429,0,1195,16512
oliveira/04_12/randm12.02.02.08.020_0030.02.aba.beta,True,36,8,0.1576404571533203,2.3588409423828125,0.005161285400390625,2.5216426849365234,86,36,0,0,0,131,163,59,96,843,0,2336,34193
oliveira/04_12/randm12.02.02.08.020_0030.03.aba.beta,True,33,8,0.13577961921691895,1.9905569553375244,0.0066182613372802734,2.1329548358917236,85,33,0,0,0,119,200,63,87,712,0,3019,45928
oliveira/04_12/randm12.02.02.08.020_0030.04.aba.beta,True,18,8,0.06719136238098145,0.8565607070922852,0.002533435821533203,0.9262855052947998,62,18,0,0,0,77,103,47,60,421,0,1156,17025
oliveira/04_12/randm12.02.02.08.020_0030.05.aba.beta,True,25,8,0.08212614059448242,0.8032047748565674,0.0025720596313476562,0.8879029750823975,56,25,0,0,0,69,76,46,45,483,0,1238,17337
oliveira/04_12/randm12.02.02.09.020_0030.01.aba.beta,True,23,10,0.32285213470458984,4.42474627494812,0.0025272369384765625,4.7501256465911865,82,23,0,0,0,255,114,56,233,622,0,1183,16808
oliveira/04_12/randm12.02.02.09.020_0030.02.aba.beta,True,46,10,0.23491430282592773,10.69481897354126,0.006246089935302734,10.93597936630249,86,46,0,0,0,123,136,67,78,832,0,2985,41704
oliveira/04_12/randm12.02.02.09.020_0030.03.aba.beta,True,42,10,0.6400425434112549,11.972036838531494,0.007735729217529297,12.619815111160278,130,42,0,0,0,350,212,81,309,1097,0,3478,52206
oliveira/04_12/randm12.02.02.09.020_0030.04.aba.beta,True,16,10,2.62962007522583,21.26499915122986,0.0019845962524414062,23.89660382270813,148,16,0,0,0,923,181,64,908,1003,0,890,12864
oliveira/04_12/randm12.02.02.09.020_0030.05.aba.beta,True,28,10,0.11565446853637695,0.9997999668121338,0.005563497543334961,1.1210179328918457,71,28,0,0,0,71,106,56,44,575,0,2571,38681
oliveira/04_12/randm12.02.02.10.020_0030.01.aba.beta,True,53,11,0.2612438201904297,3.718324899673462,0.007974624633789062,3.9875433444976807,96,53,0,0,0,116,166,74,64,1011,0,3722,53537
oliveira/04_12/randm12.02.02.10.020_0030.02.aba.beta,True,39,11,267.4463093280792,480.74921321868896,0.006096601486206055,748.2016191482544,574,39,0,0,0,9182,650,123,9144,4816,0,3317,48595
oliveira/04_12/randm12.02.02.10.020_0030.03.aba.beta,True,39,11,1.385951042175293,18.20982027053833,0.00445866584777832,19.6002299785614,154,39,0,0,0,524,199,81,486,1227,0,2076,29090
oliveira/04_12/randm12.02.02.10.020_0030.04.aba.beta,True,22,11,0.19663238525390625,2.759763240814209,0.0037145614624023438,2.9601101875305176,92,22,0,0,0,175,125,60,154,605,0,1695,25037
oliveira/04_12/randm12.02.02.10.020_0030.05.aba.beta,True,36,11,0.4433000087738037,6.233163833618164,0.004873991012573242,6.681337833404541,133,36,0,0,0,293,212,86,258,1112,0,2254,32533
oliveira/04_12/randm12.02.02.11.020_0030.01.aba.beta,True,36,11,0.19945669174194336,3.646798610687256,0.006735801696777344,3.8529911041259766,84,36,0,0,0,176,131,67,141,683,0,3058,45503
oliveira/04_12/randm12.02.02.11.020_0030.02.aba.beta,True,29,11,0.41426920890808105,6.013573408126831,0.0032062530517578125,6.43104887008667,104,29,0,0,0,281,147,66,253,781,0,1508,20996
oliveira/04_12/randm12.02.02.11.020_0030.03.aba.beta,True,24,11,0.20350265502929688,3.2532777786254883,0.002466440200805664,3.459246873855591,79,24,0,0,0,197,117,64,174,563,0,1168,16033
oliveira/04_12/randm12.02.02.11.020_0030.04.aba.beta,True,22,11,0.49955153465270996,4.022840261459351,0.0026319026947021484,4.525023698806763,105,22,0,0,0,257,133,70,236,644,0,1100,15386
oliveira/04_12/randm12.02.02.11.020_0030.05.aba.beta,True,27,11,0.16842007637023926,2.4782979488372803,0.008032798767089844,2.6547508239746094,71,27,0,0,0,163,113,62,137,499,0,3550,54324
oliveira/04_12/randm12.02.02.12.020_0030.01.aba.beta,True,14,9,0.05576968193054199,0.9070441722869873,0.0020961761474609375,0.9649100303649902,53,14,0,0,0,67,80,39,54,376,0,844,12288
oliveira/04_12/randm12.02.02.12.020_0030.02.aba.beta,True,20,9,0.07286381721496582,0.7656919956207275,0.0027790069580078125,0.8413348197937012,51,20,0,0,0,69,107,45,50,388,0,1347,19420
oliveira/04_12/randm12.02.02.12.020_0030.03.aba.beta,True,29,9,0.14069056510925293,2.090238094329834,0.005285978317260742,2.2362146377563477,78,29,0,0,0,103,138,50,75,648,0,2359,35488
oliveira/04_12/randm12.02.02.12.020_0030.04.aba.beta,True,22,9,0.09408307075500488,1.006016731262207,0.003630399703979492,1.1037302017211914,66,22,0,0,0,82,112,50,61,474,0,1485,21437
oliveira/04_12/randm12.02.02.12.020_0030.05.aba.beta,True,21,9,0.0809626579284668,0.8583052158355713,0.002656221389770508,0.9419240951538086,56,21,0,0,0,76,99,48,56,422,0,1251,18055
oliveira/04_12/randm12.02.02.13.020_0030.01.aba.beta,True,20,9,0.12343287467956543,1.407944917678833,0.0032258033752441406,1.5346035957336426,79,20,0,0,0,114,97,52,95,498,0,1350,19412
oliveira/04_12/randm12.02.02.13.020_0030.02.aba.beta,True,25,9,0.12942814826965332,1.1613109111785889,0.0027379989624023438,1.2934770584106445,75,25,0,0,0,96,100,55,72,557,0,1322,18517
oliveira/04_12/randm12.02.02.13.020_0030.03.aba.beta,True,20,9,0.12205290794372559,1.8103423118591309,0.0028710365295410156,1.9352662563323975,70,20,0,0,0,144,100,52,125,515,0,1360,19541
oliveira/04_12/randm12.02.02.13.020_0030.04.aba.beta,True,21,9,0.08962798118591309,0.9858126640319824,0.0024497509002685547,1.077890396118164,62,21,0,0,0,80,96,43,60,456,0,1161,16532
oliveira/04_12/randm12.02.02.13.020_0030.05.aba.beta,True,16,9,0.08089613914489746,0.4776451587677002,0.002432107925415039,0.5609734058380127,55,16,0,0,0,51,89,43,36,378,0,1014,14567
oliveira/04_12/randm12.02.02.14.020_0030.01.aba.beta,True,40,9,19.889557600021362,115.80457139015198,0.010631561279296875,135.70476055145264,399,40,0,0,0,2544,540,102,2505,3991,0,5719,88390
oliveira/04_12/randm12.02.02.14.020_0030.02.aba.beta,True,42,9,0.33355164527893066,20.683895111083984,0.011155366897583008,21.028602123260498,134,42,0,0,0,205,294,81,164,1205,0,4959,75508
oliveira/04_12/randm12.02.02.14.020_0030.03.aba.beta,True,39,9,0.17190980911254883,3.8276307582855225,0.013506889343261719,4.013047456741333,91,39,0,0,0,132,253,69,94,853,0,5294,81547
oliveira/04_12/randm12.02.02.14.020_0030.04.aba.beta,True,38,9,2.584710121154785,30.507815837860107,0.008224010467529297,33.10074996948242,179,38,0,0,0,1037,286,87,1000,1535,0,3662,54251
oliveira/04_12/randm12.02.02.14.020_0030.05.aba.beta,True,36,8,0.18611764907836914,19.7237229347229,0.008409976959228516,19.918250560760498,102,36,0,0,0,132,242,69,97,924,0,3549,54661
oliveira/04_12/randm12.02.02.15.020_0030.01.aba.beta,True,8,5,0.03287959098815918,0.08268976211547852,0.0015063285827636719,0.11707568168640137,23,8,0,0,0,13,31,21,6,88,0,589,8843
oliveira/04_12/randm12.02.02.15.020_0030.02.aba.beta,True,8,5,0.012744665145874023,0.06929421424865723,0.0015118122100830078,0.08355069160461426,23,8,0,0,0,13,36,22,6,114,0,615,9144
oliveira/04_12/randm12.02.02.15.020_0030.03.aba.beta,True,7,5,0.014452934265136719,0.056533098220825195,0.0015342235565185547,0.07252025604248047,19,7,0,0,0,11,30,19,5,127,0,644,9495
oliveira/04_12/randm12.02.02.15.020_0030.04.aba.beta,True,9,5,0.014790058135986328,0.07446980476379395,0.0018582344055175781,0.09111809730529785,21,9,0,0,0,13,48,19,5,148,0,723,10935
oliveira/04_12/randm12.02.02.15.020_0030.05.aba.beta,True,8,5,0.013209104537963867,0.05281949043273926,0.0019390583038330078,0.06796765327453613,18,8,0,0,0,10,42,18,3,100,0,799,12141
oliveira/04_12/randm12.02.02.16.020_0030.01.aba.beta,True,1,1,0.0012750625610351562,0.001821279525756836,0.0020346641540527344,0.0051310062408447266,3,1,0,0,0,1,3,3,1,2,0,534,8555
oliveira/04_12/randm12.02.02.16.020_0030.02.aba.beta,True,1,1,0.0008604526519775391,0.0019443035125732422,0.0013332366943359375,0.004137992858886719,3,1,0,0,0,1,3,3,1,2,0,533,8582
oliveira/04_12/randm12.02.02.16.020_0030.03.aba.beta,True,1,1,0.0008068084716796875,0.0024144649505615234,0.001340627670288086,0.004561901092529297,3,1,0,0,0,1,3,3,1,2,0,543,8621
oliveira/04_12/randm12.02.02.16.020_0030.04.aba.beta,True,1,1,0.0007879734039306641,0.001806020736694336,0.001331329345703125,0.003925323486328125,3,1,0,0,0,1,3,3,1,2,0,539,8609
oliveira/04_12/randm12.02.02.16.020_0030.05.aba.beta,True,1,1,0.0007996559143066406,0.0018436908721923828,0.0013365745544433594,0.003979921340942383,3,1,0,0,0,1,3,3,1,2,0,526,8544
oliveira/04_12/randm12.02.02.17.020_0030.01.aba.beta,True,37,12,9.960686683654785,42.470707416534424,0.003864288330078125,52.43525838851929,218,37,0,0,0,1423,249,101,1387,1717,0,1911,27006
oliveira/04_12/randm12.02.02.17.020_0030.02.aba.beta,True,31,12,108.26140332221985,143.66794538497925,0.0030684471130371094,251.93241715431213,364,31,0,0,0,5130,404,106,5100,2743,0,1734,24244
oliveira/04_12/randm12.02.02.17.020_0030.03.aba.beta,True,33,12,15.289095401763916,49.476027488708496,0.0032050609588623047,64.76832795143127,218,33,0,0,0,2043,265,93,2011,1651,0,1946,27572
oliveira/04_12/randm12.02.02.17.020_0030.04.aba.beta,True,38,12,6.551997184753418,33.05852675437927,0.003693819046020508,39.61421775817871,198,38,0,0,0,1421,233,95,1384,1624,0,2037,29240
oliveira/04_12/randm12.02.02.17.020_0030.05.aba.beta,True,36,12,3.1530821323394775,21.851723194122314,0.0046825408935546875,25.009487867355347,195,36,0,0,0,710,229,90,675,1524,0,2171,31047
oliveira/04_12/randm12.02.02.18.020_0030.01.aba.beta,True,26,10,0.2759666442871094,3.5942203998565674,0.002563953399658203,3.872750997543335,93,26,0,0,0,201,127,61,176,742,0,1202,16736
oliveira/04_12/randm12.02.02.18.020_0030.02.aba.beta,True,32,10,0.15221929550170898,2.4894583225250244,0.003954648971557617,2.645632266998291,86,32,0,0,0,116,133,62,85,747,0,1841,26495
oliveira/04_12/randm12.02.02.18.020_0030.03.aba.beta,True,24,10,1.1557700634002686,12.212812423706055,0.0034322738647460938,13.37201476097107,137,24,0,0,0,540,174,75,517,965,0,1350,19353
oliveira/04_12/randm12.02.02.18.020_0030.04.aba.beta,True,23,10,0.14052128791809082,1.4087276458740234,0.0026345252990722656,1.5518834590911865,87,23,0,0,0,113,135,59,91,610,0,1266,17835
oliveira/04_12/randm12.02.02.18.020_0030.05.aba.beta,True,34,10,0.9313125610351562,7.356574535369873,0.0038213729858398438,8.29170846939087,135,34,0,0,0,350,197,72,317,1143,0,1793,25224
oliveira/04_12/randm12.02.02.19.020_0030.01.aba.beta,True,25,10,0.1031351089477539,1.0138988494873047,0.002599477767944336,1.119633436203003,67,25,0,0,0,86,110,54,62,494,0,1269,18053
oliveira/04_12/randm12.02.02.19.020_0030.02.aba.beta,True,25,10,0.12257695198059082,1.3824315071105957,0.0023622512817382812,1.5073707103729248,70,25,0,0,0,105,104,52,81,558,0,1118,15361
oliveira/04_12/randm12.02.02.19.020_0030.03.aba.beta,True,23,10,0.14850831031799316,1.951329231262207,0.002492189407348633,2.102329730987549,70,23,0,0,0,139,112,52,117,526,0,1170,16599
oliveira/04_12/randm12.02.02.19.020_0030.04.aba.beta,True,24,10,0.12756967544555664,1.3797249794006348,0.0019838809967041016,1.5092785358428955,80,24,0,0,0,105,100,56,82,571,0,971,13164
oliveira/04_12/randm12.02.02.19.020_0030.05.aba.beta,True,27,10,0.11876368522644043,1.5523712635040283,0.0030517578125,1.6741867065429688,74,27,0,0,0,112,132,59,86,617,0,1533,22196
