file name,succeeded,learning_rounds,automaton_size,learning_time,smt_time,eq_oracle_time,total_time,queries_learning,validity_query,nodes,informative_nodes,sul_steps,queries_eq_oracle,steps_eq_oracle
oliveira/all_17/randm04.02.02.01.020_0030.01.aba.beta,True,2,3,0.0064394474029541016,0.04087209701538086,0.0012569427490234375,0.0485684871673584,14,2,13,11,34,536,8587
oliveira/all_17/randm04.02.02.01.020_0030.02.aba.beta,True,2,4,0.0052525997161865234,0.04727530479431152,0.0012617111206054688,0.053789615631103516,16,2,15,15,41,538,8590
oliveira/all_17/randm04.02.02.01.020_0030.03.aba.beta,True,3,4,0.0124053955078125,0.05014657974243164,0.0014507770538330078,0.06400275230407715,29,3,27,18,123,540,8592
oliveira/all_17/randm04.02.02.01.020_0030.04.aba.beta,True,3,4,0.008839607238769531,0.04661130905151367,0.0016283988952636719,0.057079315185546875,32,3,30,18,153,549,8634
oliveira/all_17/randm04.02.02.01.020_0030.05.aba.beta,True,2,4,0.00586390495300293,0.03889799118041992,0.0013599395751953125,0.046121835708618164,16,2,15,15,41,544,8612
oliveira/all_17/randm04.02.02.02.020_0030.01.aba.beta,True,1,1,0.0011355876922607422,0.03089118003845215,0.0015795230865478516,0.03360629081726074,3,1,3,3,2,543,8623
oliveira/all_17/randm04.02.02.02.020_0030.02.aba.beta,True,1,1,0.0014805793762207031,0.03323173522949219,0.0012867450714111328,0.03599905967712402,3,1,3,3,2,537,8598
oliveira/all_17/randm04.02.02.02.020_0030.03.aba.beta,True,1,1,0.0014836788177490234,0.0331568717956543,0.001255035400390625,0.035895586013793945,3,1,3,3,2,527,8532
oliveira/all_17/randm04.02.02.02.020_0030.04.aba.beta,True,1,1,0.0016188621520996094,0.03056478500366211,0.0011310577392578125,0.03331470489501953,3,1,3,3,2,536,8589
oliveira/all_17/randm04.02.02.02.020_0030.05.aba.beta,True,1,1,0.0020995140075683594,0.029987573623657227,0.0010781288146972656,0.03316521644592285,3,1,3,3,2,536,8583
oliveira/all_17/randm04.02.02.03.020_0030.01.aba.beta,True,2,3,0.0039386749267578125,0.03543686866760254,0.0013134479522705078,0.04068899154663086,15,2,14,10,55,536,8563
oliveira/all_17/randm04.02.02.03.020_0030.02.aba.beta,True,2,3,0.004572391510009766,0.03941202163696289,0.0012178421020507812,0.04520225524902344,23,2,22,18,179,545,8658
oliveira/all_17/randm04.02.02.03.020_0030.03.aba.beta,True,2,3,0.0059261322021484375,0.03628420829772949,0.0013158321380615234,0.04352617263793945,11,2,10,10,23,540,8598
oliveira/all_17/randm04.02.02.03.020_0030.04.aba.beta,True,2,3,0.0038771629333496094,0.035170793533325195,0.0012388229370117188,0.04028677940368652,11,2,10,10,23,543,8612
oliveira/all_17/randm04.02.02.03.020_0030.05.aba.beta,True,2,3,0.004081010818481445,0.03675961494445801,0.0012769699096679688,0.04211759567260742,17,2,16,12,80,538,8578
oliveira/all_17/randm04.02.02.04.020_0030.01.aba.beta,True,1,1,0.0017802715301513672,0.003945112228393555,0.0014693737030029297,0.0071947574615478516,3,1,3,3,2,529,8558
oliveira/all_17/randm04.02.02.04.020_0030.02.aba.beta,True,1,1,0.0009009838104248047,0.0022950172424316406,0.0010647773742675781,0.0042607784271240234,3,1,3,3,2,531,8570
oliveira/all_17/randm04.02.02.04.020_0030.03.aba.beta,True,1,1,0.0016622543334960938,0.0026657581329345703,0.0012319087982177734,0.0055599212646484375,3,1,3,3,2,532,8571
oliveira/all_17/randm04.02.02.04.020_0030.04.aba.beta,True,1,1,0.0012145042419433594,0.002376556396484375,0.0012083053588867188,0.004799365997314453,3,1,3,3,2,535,8587
oliveira/all_17/randm04.02.02.04.020_0030.05.aba.beta,True,1,1,0.0011565685272216797,0.029088973999023438,0.0012395381927490234,0.03148508071899414,3,1,3,3,2,539,8598
oliveira/all_17/randm04.02.02.05.020_0030.01.aba.beta,True,1,2,0.0017521381378173828,0.003707408905029297,0.0010712146759033203,0.00653076171875,5,1,5,5,6,533,8580
oliveira/all_17/randm04.02.02.05.020_0030.02.aba.beta,True,1,2,0.0016455650329589844,0.0034525394439697266,0.001180887222290039,0.00627899169921875,5,1,5,5,6,529,8561
oliveira/all_17/randm04.02.02.05.020_0030.03.aba.beta,True,1,2,0.0020737648010253906,0.0036199092864990234,0.0012731552124023438,0.006966829299926758,5,1,5,5,6,538,8604
oliveira/all_17/randm04.02.02.05.020_0030.04.aba.beta,True,1,2,0.0026466846466064453,0.0033104419708251953,0.0011577606201171875,0.007114887237548828,5,1,5,5,6,531,8548
oliveira/all_17/randm04.02.02.05.020_0030.05.aba.beta,True,1,2,0.001627206802368164,0.003224611282348633,0.0012598037719726562,0.006111621856689453,5,1,5,5,6,528,8549
oliveira/all_17/randm04.02.02.06.020_0030.01.aba.beta,True,3,3,0.006159305572509766,0.016582250595092773,0.0012791156768798828,0.024020671844482422,29,3,27,23,247,554,8748
oliveira/all_17/randm04.02.02.06.020_0030.02.aba.beta,True,2,3,0.0038909912109375,0.010425329208374023,0.0012011528015136719,0.015517473220825195,22,2,22,17,146,552,8677
oliveira/all_17/randm04.02.02.06.020_0030.03.aba.beta,True,2,3,0.0032393932342529297,0.009111166000366211,0.0011725425720214844,0.013523101806640625,12,2,12,11,29,540,8602
oliveira/all_17/randm04.02.02.06.020_0030.04.aba.beta,True,3,3,0.0053861141204833984,0.013193130493164062,0.0012505054473876953,0.019829750061035156,22,3,20,18,112,556,8693
oliveira/all_17/randm04.02.02.06.020_0030.05.aba.beta,True,2,3,0.00411677360534668,0.0075817108154296875,0.0012962818145751953,0.012994766235351562,16,2,16,11,59,546,8620
oliveira/all_17/randm04.02.02.07.020_0030.01.aba.beta,True,1,2,0.0011780261993408203,0.003360271453857422,0.001035928726196289,0.005574226379394531,5,1,5,5,6,531,8557
oliveira/all_17/randm04.02.02.07.020_0030.02.aba.beta,True,1,2,0.0011289119720458984,0.0032095909118652344,0.0011301040649414062,0.005468606948852539,5,1,5,5,6,531,8567
oliveira/all_17/randm04.02.02.07.020_0030.03.aba.beta,True,1,2,0.0012404918670654297,0.0034825801849365234,0.0012502670288085938,0.005973339080810547,5,1,5,5,6,538,8600
oliveira/all_17/randm04.02.02.07.020_0030.04.aba.beta,True,1,2,0.0013096332550048828,0.0031883716583251953,0.0012385845184326172,0.005736589431762695,5,1,5,5,6,538,8598
oliveira/all_17/randm04.02.02.07.020_0030.05.aba.beta,True,1,2,0.001088857650756836,0.0032672882080078125,0.001199483871459961,0.005555629730224609,5,1,5,5,6,541,8614
oliveira/all_17/randm04.02.02.08.020_0030.01.aba.beta,True,5,4,0.011722326278686523,0.0435185432434082,0.0016019344329833984,0.056842803955078125,58,5,54,44,625,677,10360
oliveira/all_17/randm04.02.02.08.020_0030.02.aba.beta,True,6,4,0.01462101936340332,0.047434329986572266,0.0013959407806396484,0.06345129013061523,58,6,53,43,521,648,9970
oliveira/all_17/randm04.02.02.08.020_0030.03.aba.beta,True,3,4,0.006432294845581055,0.017719030380249023,0.0012586116790771484,0.025409936904907227,30,3,28,24,150,604,9528
oliveira/all_17/randm04.02.02.08.020_0030.04.aba.beta,True,2,4,0.0033185482025146484,0.009299278259277344,0.0013649463653564453,0.013982772827148438,23,2,22,18,81,543,8614
oliveira/all_17/randm04.02.02.08.020_0030.05.aba.beta,True,3,4,0.005018472671508789,0.015235662460327148,0.0011801719665527344,0.021434307098388672,34,3,32,17,236,558,8697
oliveira/all_17/randm04.02.02.09.020_0030.01.aba.beta,True,3,3,0.005020856857299805,0.011484861373901367,0.0012106895446777344,0.017716407775878906,17,3,15,12,72,550,8644
oliveira/all_17/randm04.02.02.09.020_0030.02.aba.beta,True,2,3,0.004110097885131836,0.008084297180175781,0.0011463165283203125,0.01334071159362793,17,2,16,13,89,534,8569
oliveira/all_17/randm04.02.02.09.020_0030.03.aba.beta,True,2,3,0.003509044647216797,0.008301258087158203,0.0013294219970703125,0.013139724731445312,19,2,18,15,94,545,8636
oliveira/all_17/randm04.02.02.09.020_0030.04.aba.beta,True,2,3,0.003248929977416992,0.009675025939941406,0.001233816146850586,0.014157772064208984,25,2,24,21,193,553,8716
oliveira/all_17/randm04.02.02.09.020_0030.05.aba.beta,True,2,3,0.003686666488647461,0.008296489715576172,0.0013418197631835938,0.013324975967407227,20,2,19,16,134,549,8669
oliveira/all_17/randm04.02.02.10.020_0030.01.aba.beta,True,5,4,0.013643741607666016,0.058827877044677734,0.0017795562744140625,0.07425117492675781,84,5,85,70,1089,813,12622
oliveira/all_17/randm04.02.02.10.020_0030.02.aba.beta,True,2,4,0.004178047180175781,0.009366273880004883,0.0011725425720214844,0.014716863632202148,24,2,33,15,152,530,8565
oliveira/all_17/randm04.02.02.10.020_0030.03.aba.beta,True,2,4,0.004896640777587891,0.013315916061401367,0.0013077259063720703,0.019520282745361328,42,2,48,32,668,562,8955
oliveira/all_17/randm04.02.02.10.020_0030.04.aba.beta,True,2,4,0.004079580307006836,0.011542081832885742,0.0012443065643310547,0.016865968704223633,34,2,36,25,362,555,8784
oliveira/all_17/randm04.02.02.10.020_0030.05.aba.beta,True,3,4,0.007866621017456055,0.026941299438476562,0.0013203620910644531,0.03612828254699707,58,3,63,47,728,611,9527
oliveira/all_17/randm04.02.02.11.020_0030.01.aba.beta,True,3,4,0.005674600601196289,0.013988494873046875,0.0017514228820800781,0.021414518356323242,24,3,22,18,67,844,13361
oliveira/all_17/randm04.02.02.11.020_0030.02.aba.beta,True,3,4,0.00537872314453125,0.014648199081420898,0.001852273941040039,0.021879196166992188,24,3,22,21,67,841,13341
oliveira/all_17/randm04.02.02.11.020_0030.03.aba.beta,True,3,4,0.004817485809326172,0.01482248306274414,0.0011668205261230469,0.02080678939819336,23,3,21,16,77,551,8634
oliveira/all_17/randm04.02.02.11.020_0030.04.aba.beta,True,4,4,0.008301019668579102,0.01741623878479004,0.0012171268463134766,0.026934385299682617,27,4,24,16,107,554,8644
oliveira/all_17/randm04.02.02.11.020_0030.05.aba.beta,True,4,4,0.007425785064697266,0.01772928237915039,0.001659393310546875,0.02681446075439453,36,4,33,20,144,788,12764
oliveira/all_17/randm04.02.02.12.020_0030.01.aba.beta,True,2,3,0.003488779067993164,0.008313655853271484,0.0012297630310058594,0.013032197952270508,20,2,19,15,105,545,8621
oliveira/all_17/randm04.02.02.12.020_0030.02.aba.beta,True,2,3,0.003050088882446289,0.008137941360473633,0.0013017654418945312,0.012489795684814453,19,2,18,13,91,550,8653
oliveira/all_17/randm04.02.02.12.020_0030.03.aba.beta,True,2,3,0.00344085693359375,0.007551908493041992,0.0011436939239501953,0.012136459350585938,21,2,20,13,108,551,8639
oliveira/all_17/randm04.02.02.12.020_0030.04.aba.beta,True,3,3,0.005066871643066406,0.012703418731689453,0.0012629032135009766,0.019033193588256836,23,3,24,14,114,551,8644
oliveira/all_17/randm04.02.02.12.020_0030.05.aba.beta,True,3,3,0.0051267147064208984,0.01607799530029297,0.0011870861053466797,0.022391796112060547,37,3,36,26,377,562,8838
oliveira/all_17/randm04.02.02.13.020_0030.01.aba.beta,True,1,1,0.0011937618255615234,0.0022308826446533203,0.0013020038604736328,0.0047266483306884766,3,1,3,3,2,528,8539
oliveira/all_17/randm04.02.02.13.020_0030.02.aba.beta,True,1,1,0.0009722709655761719,0.002282857894897461,0.0012345314025878906,0.0044896602630615234,3,1,3,3,2,535,8584
oliveira/all_17/randm04.02.02.13.020_0030.03.aba.beta,True,1,1,0.0007297992706298828,0.0024938583374023438,0.001222372055053711,0.0044460296630859375,3,1,3,3,2,534,8583
oliveira/all_17/randm04.02.02.13.020_0030.04.aba.beta,True,1,1,0.0007846355438232422,0.0020737648010253906,0.0012972354888916016,0.004155635833740234,3,1,3,3,2,537,8593
oliveira/all_17/randm04.02.02.13.020_0030.05.aba.beta,True,1,1,0.0011470317840576172,0.0020360946655273438,0.0010995864868164062,0.004282712936401367,3,1,3,3,2,543,8623
oliveira/all_17/randm04.02.02.14.020_0030.01.aba.beta,True,3,4,0.0054798126220703125,0.015005826950073242,0.0011925697326660156,0.02167820930480957,22,3,21,17,65,547,8613
oliveira/all_17/randm04.02.02.14.020_0030.02.aba.beta,True,3,4,0.0056400299072265625,0.011897802352905273,0.0011868476867675781,0.018724679946899414,18,3,16,12,47,542,8599
oliveira/all_17/randm04.02.02.14.020_0030.03.aba.beta,True,3,4,0.00590205192565918,0.017456769943237305,0.0012660026550292969,0.02462482452392578,32,3,30,19,278,562,8757
oliveira/all_17/randm04.02.02.14.020_0030.04.aba.beta,True,3,4,0.006209611892700195,0.01364588737487793,0.0011606216430664062,0.02101612091064453,39,3,37,16,348,554,8684
oliveira/all_17/randm04.02.02.14.020_0030.05.aba.beta,True,3,4,0.005573272705078125,0.014273643493652344,0.0011403560638427734,0.020987272262573242,20,3,18,16,53,539,8574
oliveira/all_17/randm04.02.02.15.020_0030.01.aba.beta,True,1,2,0.0011310577392578125,0.0029494762420654297,0.0011661052703857422,0.005246639251708984,5,1,5,4,6,533,8586
oliveira/all_17/randm04.02.02.15.020_0030.02.aba.beta,True,1,2,0.0012862682342529297,0.0057871341705322266,0.0011146068572998047,0.008188009262084961,5,1,5,5,6,532,8581
oliveira/all_17/randm04.02.02.15.020_0030.03.aba.beta,True,1,2,0.0014655590057373047,0.006337881088256836,0.0011701583862304688,0.00897359848022461,5,1,5,5,6,541,8605
oliveira/all_17/randm04.02.02.15.020_0030.04.aba.beta,True,1,2,0.0012118816375732422,0.0034487247467041016,0.0011348724365234375,0.005795478820800781,5,1,5,5,6,542,8616
oliveira/all_17/randm04.02.02.15.020_0030.05.aba.beta,True,1,2,0.0013616085052490234,0.003086566925048828,0.0011141300201416016,0.005562305450439453,5,1,5,5,6,534,8580
oliveira/all_17/randm04.02.02.16.020_0030.01.aba.beta,True,4,3,0.006932258605957031,0.03020334243774414,0.001413106918334961,0.03854870796203613,45,4,42,39,455,603,9405
oliveira/all_17/randm04.02.02.16.020_0030.02.aba.beta,True,3,3,0.009228706359863281,0.01431727409362793,0.0012531280517578125,0.024799108505249023,26,3,25,21,203,557,8725
oliveira/all_17/randm04.02.02.16.020_0030.03.aba.beta,True,3,3,0.007720947265625,0.018733739852905273,0.001491546630859375,0.02794623374938965,47,3,47,39,581,603,9499
oliveira/all_17/randm04.02.02.16.020_0030.04.aba.beta,True,5,3,0.016571044921875,0.028133869171142578,0.0014202594757080078,0.046125173568725586,37,5,33,28,433,609,9274
oliveira/all_17/randm04.02.02.16.020_0030.05.aba.beta,True,4,3,0.007757663726806641,0.021140336990356445,0.0012521743774414062,0.030150175094604492,36,4,35,27,373,584,9060
oliveira/all_17/randm04.02.02.17.020_0030.01.aba.beta,True,2,3,0.003197908401489258,0.009716272354125977,0.001201629638671875,0.01411581039428711,19,2,18,15,94,549,8649
oliveira/all_17/randm04.02.02.17.020_0030.02.aba.beta,True,2,3,0.00800466537475586,0.009655237197875977,0.0012731552124023438,0.01893305778503418,24,2,23,21,177,553,8710
oliveira/all_17/randm04.02.02.17.020_0030.03.aba.beta,True,2,3,0.006359577178955078,0.009031057357788086,0.0012345314025878906,0.016625165939331055,16,2,15,12,76,535,8562
oliveira/all_17/randm04.02.02.17.020_0030.04.aba.beta,True,2,3,0.004524707794189453,0.012665987014770508,0.0009524822235107422,0.018143177032470703,18,2,17,15,95,535,8572
oliveira/all_17/randm04.02.02.17.020_0030.05.aba.beta,True,2,3,0.005863666534423828,0.01365804672241211,0.0011475086212158203,0.020669221878051758,20,2,19,16,108,540,8576
oliveira/all_17/randm04.02.02.18.020_0030.01.aba.beta,True,5,4,0.014075279235839844,0.03324007987976074,0.0013170242309570312,0.04863238334655762,36,5,34,22,244,627,9607
oliveira/all_17/randm04.02.02.18.020_0030.02.aba.beta,True,5,4,0.013494491577148438,0.03377413749694824,0.0011913776397705078,0.04846000671386719,55,4,52,35,632,598,9241
oliveira/all_17/randm04.02.02.18.020_0030.03.aba.beta,True,5,4,0.013885736465454102,0.03469395637512207,0.0014483928680419922,0.050028085708618164,41,5,38,27,321,692,10574
oliveira/all_17/randm04.02.02.18.020_0030.04.aba.beta,True,5,4,0.016049861907958984,0.04174685478210449,0.0018193721771240234,0.0596160888671875,61,5,57,44,691,866,13472
oliveira/all_17/randm04.02.02.18.020_0030.05.aba.beta,True,3,4,0.005109071731567383,0.015779733657836914,0.0010998249053955078,0.021988630294799805,23,3,22,19,93,547,8625
oliveira/all_17/randm04.02.02.19.020_0030.01.aba.beta,True,3,3,0.01042795181274414,0.018662452697753906,0.0011296272277832031,0.03022003173828125,28,3,27,21,192,556,8704
oliveira/all_17/randm04.02.02.19.020_0030.02.aba.beta,True,3,3,0.007367610931396484,0.018512964248657227,0.0011854171752929688,0.02706599235534668,30,3,29,24,253,571,8838
oliveira/all_17/randm04.02.02.19.020_0030.03.aba.beta,True,3,3,0.005165815353393555,0.016588449478149414,0.0011990070343017578,0.022953271865844727,28,3,27,20,204,553,8705
oliveira/all_17/randm04.02.02.19.020_0030.04.aba.beta,True,3,3,0.007526397705078125,0.013152837753295898,0.0012233257293701172,0.02190256118774414,23,3,27,14,117,548,8634
oliveira/all_17/randm04.02.02.19.020_0030.05.aba.beta,True,3,3,0.008399724960327148,0.017940759658813477,0.001239776611328125,0.02758026123046875,29,3,27,22,239,563,8791
oliveira/all_17/randm05.02.02.01.020_0030.01.aba.beta,True,4,3,0.009684085845947266,0.01882195472717285,0.0010747909545898438,0.02958083152770996,35,4,32,27,341,568,8870
oliveira/all_17/randm05.02.02.01.020_0030.02.aba.beta,True,3,3,0.006323575973510742,0.01286172866821289,0.0012099742889404297,0.020395278930664062,17,3,15,11,64,550,8635
oliveira/all_17/randm05.02.02.01.020_0030.03.aba.beta,True,3,3,0.010820150375366211,0.012598514556884766,0.0012404918670654297,0.024659156799316406,23,3,25,15,97,557,8677
oliveira/all_17/randm05.02.02.01.020_0030.04.aba.beta,True,2,3,0.003459930419921875,0.006796598434448242,0.0011868476867675781,0.011443376541137695,14,2,16,11,38,537,8578
oliveira/all_17/randm05.02.02.01.020_0030.05.aba.beta,True,2,3,0.003477334976196289,0.007273674011230469,0.0013060569763183594,0.012057065963745117,14,2,16,11,38,525,8509
oliveira/all_17/randm05.02.02.02.020_0030.01.aba.beta,True,2,3,0.003984928131103516,0.007813453674316406,0.0013353824615478516,0.013133764266967773,19,2,21,14,64,524,8509
oliveira/all_17/randm05.02.02.02.020_0030.02.aba.beta,True,2,3,0.003573894500732422,0.007191896438598633,0.0012516975402832031,0.012017488479614258,24,2,23,14,158,544,8631
oliveira/all_17/randm05.02.02.02.020_0030.03.aba.beta,True,2,3,0.0035583972930908203,0.009928226470947266,0.0011665821075439453,0.014653205871582031,27,2,26,22,260,544,8682
oliveira/all_17/randm05.02.02.02.020_0030.04.aba.beta,True,2,3,0.0038585662841796875,0.010329961776733398,0.0012137889862060547,0.01540231704711914,18,2,19,16,58,537,8583
oliveira/all_17/randm05.02.02.02.020_0030.05.aba.beta,True,2,3,0.0032172203063964844,0.006781101226806641,0.0011909008026123047,0.01118922233581543,18,2,19,14,58,535,8572
oliveira/all_17/randm05.02.02.03.020_0030.01.aba.beta,True,1,1,0.0012307167053222656,0.0024251937866210938,0.0011539459228515625,0.004809856414794922,3,1,3,3,2,543,8619
oliveira/all_17/randm05.02.02.03.020_0030.02.aba.beta,True,1,1,0.001252889633178711,0.0033996105194091797,0.0011723041534423828,0.0058248043060302734,3,1,3,3,2,538,8597
oliveira/all_17/randm05.02.02.03.020_0030.03.aba.beta,True,1,1,0.0015995502471923828,0.0026068687438964844,0.0012583732604980469,0.005464792251586914,3,1,3,3,2,537,8598
oliveira/all_17/randm05.02.02.03.020_0030.04.aba.beta,True,1,1,0.0022623538970947266,0.002208709716796875,0.0011112689971923828,0.005582332611083984,3,1,3,3,2,534,8583
oliveira/all_17/randm05.02.02.03.020_0030.05.aba.beta,True,1,1,0.0026497840881347656,0.002640247344970703,0.0010445117950439453,0.006334543228149414,3,1,3,3,2,521,8531
oliveira/all_17/randm05.02.02.04.020_0030.01.aba.beta,True,5,5,0.010123491287231445,0.037256479263305664,0.001283884048461914,0.04866385459899902,47,3,45,35,344,594,9252
oliveira/all_17/randm05.02.02.04.020_0030.02.aba.beta,True,5,5,0.014981985092163086,0.0313413143157959,0.0013043880462646484,0.04762768745422363,60,5,66,30,520,607,9284
oliveira/all_17/randm05.02.02.04.020_0030.03.aba.beta,True,4,5,0.007779121398925781,0.02553582191467285,0.001130819320678711,0.034445762634277344,35,2,34,27,269,561,8738
oliveira/all_17/randm05.02.02.04.020_0030.04.aba.beta,True,9,5,0.021484851837158203,0.08985471725463867,0.0016522407531738281,0.1129918098449707,60,8,53,50,548,738,11116
oliveira/all_17/randm05.02.02.04.020_0030.05.aba.beta,True,8,5,0.023633241653442383,0.0693516731262207,0.0015170574188232422,0.09450197219848633,69,8,65,46,698,696,10515
oliveira/all_17/randm05.02.02.05.020_0030.01.aba.beta,True,2,4,0.00464320182800293,0.009649276733398438,0.0011625289916992188,0.015455007553100586,23,2,25,13,117,542,8591
oliveira/all_17/randm05.02.02.05.020_0030.02.aba.beta,True,3,4,0.00668644905090332,0.012508630752563477,0.0011494159698486328,0.02034449577331543,25,3,25,16,134,545,8604
oliveira/all_17/randm05.02.02.05.020_0030.03.aba.beta,True,5,4,0.01058340072631836,0.03031754493713379,0.0012667179107666016,0.04216766357421875,42,5,39,27,372,585,8993
oliveira/all_17/randm05.02.02.05.020_0030.04.aba.beta,True,5,4,0.011947393417358398,0.030118942260742188,0.001306772232055664,0.04337310791015625,49,5,48,34,617,609,9408
oliveira/all_17/randm05.02.02.05.020_0030.05.aba.beta,True,6,4,0.014894962310791016,0.042247772216796875,0.0013751983642578125,0.0585179328918457,50,6,45,35,553,662,10038
oliveira/all_17/randm05.02.02.06.020_0030.01.aba.beta,True,10,5,0.024663925170898438,0.0864713191986084,0.0017888545989990234,0.11292409896850586,78,9,72,50,723,825,12312
oliveira/all_17/randm05.02.02.06.020_0030.02.aba.beta,True,6,5,0.015214204788208008,0.03784489631652832,0.0012879371643066406,0.05434703826904297,53,5,49,23,394,603,9218
oliveira/all_17/randm05.02.02.06.020_0030.03.aba.beta,True,7,5,0.017050743103027344,0.05770230293273926,0.001317739486694336,0.07607078552246094,55,6,52,34,547,651,9962
oliveira/all_17/randm05.02.02.06.020_0030.04.aba.beta,True,8,5,0.019351959228515625,0.07891106605529785,0.0015835762023925781,0.09984660148620605,81,7,75,58,918,731,11044
oliveira/all_17/randm05.02.02.06.020_0030.05.aba.beta,True,7,5,0.016542434692382812,0.05651998519897461,0.0014417171478271484,0.07450413703918457,60,6,55,31,582,655,9929
oliveira/all_17/randm05.02.02.07.020_0030.01.aba.beta,True,8,5,0.017255783081054688,0.09846377372741699,0.0017588138580322266,0.1174783706665039,105,7,99,83,1364,818,12377
oliveira/all_17/randm05.02.02.07.020_0030.02.aba.beta,True,9,5,0.021982431411743164,0.10941195487976074,0.0017893314361572266,0.13318371772766113,86,8,81,67,950,814,12284
oliveira/all_17/randm05.02.02.07.020_0030.03.aba.beta,True,8,5,0.016001224517822266,0.0640406608581543,0.0013880729675292969,0.08142995834350586,61,7,57,45,566,666,10060
oliveira/all_17/randm05.02.02.07.020_0030.04.aba.beta,True,9,5,0.02986598014831543,0.13817739486694336,0.002295970916748047,0.17033934593200684,130,8,123,108,1755,1052,16238
oliveira/all_17/randm05.02.02.07.020_0030.05.aba.beta,True,8,5,0.01820826530456543,0.09805703163146973,0.0019216537475585938,0.11818695068359375,101,7,95,80,1320,841,12840
oliveira/all_17/randm05.02.02.08.020_0030.01.aba.beta,True,2,3,0.003254413604736328,0.0076236724853515625,0.001220703125,0.01209878921508789,16,2,15,11,53,530,8539
oliveira/all_17/randm05.02.02.08.020_0030.02.aba.beta,True,3,3,0.006072998046875,0.014400005340576172,0.001161336898803711,0.021634340286254883,23,3,21,15,113,556,8666
oliveira/all_17/randm05.02.02.08.020_0030.03.aba.beta,True,4,3,0.007319927215576172,0.016542673110961914,0.0012409687042236328,0.02510356903076172,26,4,23,17,149,566,8766
oliveira/all_17/randm05.02.02.08.020_0030.04.aba.beta,True,2,3,0.003964424133300781,0.00707697868347168,0.0012505054473876953,0.012291908264160156,11,2,10,10,25,539,8597
oliveira/all_17/randm05.02.02.08.020_0030.05.aba.beta,True,2,3,0.0034332275390625,0.00754547119140625,0.001157999038696289,0.012136697769165039,16,2,15,12,53,545,8613
oliveira/all_17/randm05.02.02.09.020_0030.01.aba.beta,True,5,4,0.009793519973754883,0.03896355628967285,0.0013184547424316406,0.050075531005859375,62,4,62,45,804,649,10132
oliveira/all_17/randm05.02.02.09.020_0030.02.aba.beta,True,5,4,0.012615442276000977,0.03660297393798828,0.0014841556549072266,0.050702571868896484,52,5,48,34,503,633,9588
oliveira/all_17/randm05.02.02.09.020_0030.03.aba.beta,True,2,4,0.0037190914154052734,0.00789022445678711,0.0012812614440917969,0.01289057731628418,24,2,25,12,102,546,8624
oliveira/all_17/randm05.02.02.09.020_0030.04.aba.beta,True,2,4,0.003538370132446289,0.008027076721191406,0.0012099742889404297,0.012775421142578125,17,2,20,11,58,542,8607
oliveira/all_17/randm05.02.02.09.020_0030.05.aba.beta,True,4,4,0.008032083511352539,0.017437458038330078,0.0012195110321044922,0.02668905258178711,27,4,24,16,127,556,8674
oliveira/all_17/randm05.02.02.10.020_0030.01.aba.beta,True,8,5,0.024587392807006836,0.0664372444152832,0.0013644695281982422,0.09238910675048828,57,8,58,38,701,657,9919
oliveira/all_17/randm05.02.02.10.020_0030.02.aba.beta,True,8,5,0.021736860275268555,0.06412386894226074,0.0020525455474853516,0.08791327476501465,66,7,67,40,873,953,14619
oliveira/all_17/randm05.02.02.10.020_0030.03.aba.beta,True,8,5,0.02256321907043457,0.0579681396484375,0.0020956993103027344,0.0826270580291748,60,7,64,31,639,931,14333
oliveira/all_17/randm05.02.02.10.020_0030.04.aba.beta,True,4,5,0.010459184646606445,0.02716803550720215,0.0025300979614257812,0.040157318115234375,44,4,71,27,351,1088,17281
oliveira/all_17/randm05.02.02.10.020_0030.05.aba.beta,True,7,5,0.017513751983642578,0.06551408767700195,0.0013196468353271484,0.08434748649597168,50,5,48,38,411,624,9705
oliveira/all_17/randm05.02.02.11.020_0030.01.aba.beta,True,7,5,0.018965482711791992,0.05219435691833496,0.0043103694915771484,0.0754702091217041,57,7,53,38,395,2035,31766
oliveira/all_17/randm05.02.02.11.020_0030.02.aba.beta,True,7,5,0.016031980514526367,0.0507349967956543,0.003949165344238281,0.07071614265441895,59,7,55,38,409,1790,28426
oliveira/all_17/randm05.02.02.11.020_0030.03.aba.beta,True,6,5,0.015319108963012695,0.051448822021484375,0.001399993896484375,0.06816792488098145,81,6,82,53,1121,662,10273
oliveira/all_17/randm05.02.02.11.020_0030.04.aba.beta,True,3,5,0.01089930534362793,0.016912460327148438,0.001291513442993164,0.02910327911376953,53,3,52,27,461,547,8647
oliveira/all_17/randm05.02.02.11.020_0030.05.aba.beta,True,7,5,0.017951250076293945,0.05434465408325195,0.0042629241943359375,0.07655882835388184,61,7,55,43,487,2031,32109
oliveira/all_17/randm05.02.02.12.020_0030.01.aba.beta,True,2,3,0.002954244613647461,0.0076787471771240234,0.0012428760528564453,0.01187586784362793,13,2,12,11,34,542,8611
oliveira/all_17/randm05.02.02.12.020_0030.02.aba.beta,True,4,3,0.006973981857299805,0.018329381942749023,0.001407623291015625,0.026710987091064453,22,4,20,16,122,569,8749
oliveira/all_17/randm05.02.02.12.020_0030.03.aba.beta,True,4,3,0.006206512451171875,0.019519805908203125,0.001149892807006836,0.026876211166381836,29,4,26,22,241,559,8778
oliveira/all_17/randm05.02.02.12.020_0030.04.aba.beta,True,3,3,0.005071163177490234,0.016289949417114258,0.0012764930725097656,0.022637605667114258,38,3,37,33,439,575,9003
oliveira/all_17/randm05.02.02.12.020_0030.05.aba.beta,True,3,3,0.005529165267944336,0.016794443130493164,0.00133514404296875,0.02365875244140625,30,3,29,25,226,588,9202
oliveira/all_17/randm05.02.02.13.020_0030.01.aba.beta,True,7,5,0.020072221755981445,0.05496859550476074,0.0014901161193847656,0.07653093338012695,77,6,76,58,778,669,10413
oliveira/all_17/randm05.02.02.13.020_0030.02.aba.beta,True,7,5,0.015848159790039062,0.05188894271850586,0.0012903213500976562,0.06902742385864258,53,6,48,28,462,615,9343
oliveira/all_17/randm05.02.02.13.020_0030.03.aba.beta,True,7,5,0.02263665199279785,0.06998515129089355,0.0015676021575927734,0.09418940544128418,108,6,103,66,1460,732,11179
oliveira/all_17/randm05.02.02.13.020_0030.04.aba.beta,True,6,5,0.022572994232177734,0.06189084053039551,0.001394033432006836,0.08585786819458008,75,5,71,48,1121,652,10065
oliveira/all_17/randm05.02.02.13.020_0030.05.aba.beta,True,7,5,0.019443511962890625,0.0675506591796875,0.001489400863647461,0.08848357200622559,84,6,79,62,1049,682,10463
oliveira/all_17/randm05.02.02.14.020_0030.01.aba.beta,True,1,1,0.0008981227874755859,0.002246856689453125,0.0011909008026123047,0.004335880279541016,3,1,3,3,2,531,8569
oliveira/all_17/randm05.02.02.14.020_0030.02.aba.beta,True,1,1,0.0009250640869140625,0.003664255142211914,0.001178741455078125,0.0057680606842041016,3,1,3,3,2,530,8565
oliveira/all_17/randm05.02.02.14.020_0030.03.aba.beta,True,1,1,0.0014445781707763672,0.002057790756225586,0.001169443130493164,0.004671812057495117,3,1,3,3,2,541,8613
oliveira/all_17/randm05.02.02.14.020_0030.04.aba.beta,True,1,1,0.0012054443359375,0.0022416114807128906,0.0011303424835205078,0.0045773983001708984,3,1,3,3,2,532,8544
oliveira/all_17/randm05.02.02.14.020_0030.05.aba.beta,True,1,1,0.001190185546875,0.002520322799682617,0.0011250972747802734,0.004835605621337891,3,1,3,3,2,530,8544
oliveira/all_17/randm05.02.02.15.020_0030.01.aba.beta,True,2,3,0.0034494400024414062,0.008132696151733398,0.0011985301971435547,0.01278066635131836,21,2,21,16,119,537,8584
oliveira/all_17/randm05.02.02.15.020_0030.02.aba.beta,True,2,3,0.0032927989959716797,0.007481575012207031,0.0012614727020263672,0.012035846710205078,15,2,15,13,52,542,8602
oliveira/all_17/randm05.02.02.15.020_0030.03.aba.beta,True,3,3,0.004960298538208008,0.012557506561279297,0.0010933876037597656,0.01861119270324707,20,3,19,15,96,551,8645
oliveira/all_17/randm05.02.02.15.020_0030.04.aba.beta,True,2,3,0.00651240348815918,0.008931398391723633,0.0012683868408203125,0.016712188720703125,22,2,22,17,135,546,8654
oliveira/all_17/randm05.02.02.15.020_0030.05.aba.beta,True,2,3,0.0031960010528564453,0.00893855094909668,0.0012314319610595703,0.013365983963012695,19,2,19,14,90,549,8644
oliveira/all_17/randm05.02.02.16.020_0030.01.aba.beta,True,1,1,0.0011370182037353516,0.002496957778930664,0.001271963119506836,0.0049059391021728516,3,1,3,3,2,534,8587
oliveira/all_17/randm05.02.02.16.020_0030.02.aba.beta,True,1,1,0.0012257099151611328,0.0022225379943847656,0.0011119842529296875,0.004560232162475586,3,1,3,3,2,540,8611
oliveira/all_17/randm05.02.02.16.020_0030.03.aba.beta,True,1,1,0.0019876956939697266,0.002590656280517578,0.0010836124420166016,0.005661964416503906,3,1,3,3,2,534,8572
oliveira/all_17/randm05.02.02.16.020_0030.04.aba.beta,True,1,1,0.0013158321380615234,0.003386259078979492,0.0011742115020751953,0.005876302719116211,3,1,3,3,2,543,8622
oliveira/all_17/randm05.02.02.16.020_0030.05.aba.beta,True,1,1,0.0008196830749511719,0.002193450927734375,0.001142263412475586,0.004155397415161133,3,1,3,3,2,543,8624
oliveira/all_17/randm05.02.02.17.020_0030.01.aba.beta,True,4,5,0.009113788604736328,0.025516748428344727,0.0013530254364013672,0.03598356246948242,39,4,40,31,240,607,9538
oliveira/all_17/randm05.02.02.17.020_0030.02.aba.beta,True,7,5,0.016431570053100586,0.042960405349731445,0.0013637542724609375,0.06075572967529297,47,7,45,25,354,619,9336
oliveira/all_17/randm05.02.02.17.020_0030.03.aba.beta,True,10,5,0.020869970321655273,0.09645462036132812,0.0017447471618652344,0.11906933784484863,80,8,73,60,785,799,11925
oliveira/all_17/randm05.02.02.17.020_0030.04.aba.beta,True,9,5,0.02017688751220703,0.09560632705688477,0.0019321441650390625,0.11771535873413086,90,7,84,71,1112,813,12332
oliveira/all_17/randm05.02.02.17.020_0030.05.aba.beta,True,6,5,0.017231225967407227,0.06503629684448242,0.0015554428100585938,0.08382296562194824,67,5,63,50,886,686,10516
oliveira/all_17/randm05.02.02.18.020_0030.01.aba.beta,True,1,1,0.0018019676208496094,0.0020673274993896484,0.0011413097381591797,0.0050106048583984375,3,1,3,3,2,534,8577
oliveira/all_17/randm05.02.02.18.020_0030.02.aba.beta,True,1,1,0.0008578300476074219,0.0025839805603027344,0.001199483871459961,0.004641294479370117,3,1,3,3,2,535,8592
oliveira/all_17/randm05.02.02.18.020_0030.03.aba.beta,True,1,1,0.0008194446563720703,0.002629518508911133,0.0010581016540527344,0.0045070648193359375,3,1,3,3,2,529,8564
oliveira/all_17/randm05.02.02.18.020_0030.04.aba.beta,True,1,1,0.0008904933929443359,0.0026235580444335938,0.0011715888977050781,0.004685640335083008,3,1,3,3,2,523,8497
oliveira/all_17/randm05.02.02.18.020_0030.05.aba.beta,True,1,1,0.0008208751678466797,0.0022614002227783203,0.0012240409851074219,0.004306316375732422,3,1,3,3,2,533,8555
oliveira/all_17/randm05.02.02.19.020_0030.01.aba.beta,True,2,3,0.0033097267150878906,0.007480621337890625,0.0012781620025634766,0.012068510055541992,12,2,11,11,25,543,8612
oliveira/all_17/randm05.02.02.19.020_0030.02.aba.beta,True,2,3,0.003228902816772461,0.007552385330200195,0.001190185546875,0.011971473693847656,12,2,11,11,25,548,8631
oliveira/all_17/randm05.02.02.19.020_0030.03.aba.beta,True,2,3,0.003290414810180664,0.00799560546875,0.001583099365234375,0.012869119644165039,18,2,17,14,82,537,8592
oliveira/all_17/randm05.02.02.19.020_0030.04.aba.beta,True,2,3,0.003127574920654297,0.006822824478149414,0.0011587142944335938,0.011109113693237305,14,2,14,10,46,536,8571
oliveira/all_17/randm05.02.02.19.020_0030.05.aba.beta,True,2,3,0.003400564193725586,0.006907224655151367,0.0011944770812988281,0.011502265930175781,12,2,11,11,25,528,8538
oliveira/all_17/randm06.02.02.01.020_0030.01.aba.beta,True,2,4,0.0048787593841552734,0.009893178939819336,0.0012104511260986328,0.015982389450073242,35,2,39,23,350,556,8740
oliveira/all_17/randm06.02.02.01.020_0030.02.aba.beta,True,2,4,0.0044481754302978516,0.008398771286010742,0.0012385845184326172,0.014085531234741211,24,2,26,15,116,545,8623
oliveira/all_17/randm06.02.02.01.020_0030.03.aba.beta,True,3,4,0.00676274299621582,0.01667952537536621,0.0012445449829101562,0.024686813354492188,34,3,37,21,231,585,9124
oliveira/all_17/randm06.02.02.01.020_0030.04.aba.beta,True,3,4,0.0064623355865478516,0.014907121658325195,0.001140594482421875,0.022510051727294922,36,3,39,24,270,549,8665
oliveira/all_17/randm06.02.02.01.020_0030.05.aba.beta,True,5,4,0.014376401901245117,0.04469943046569824,0.0014650821685791016,0.06054091453552246,69,5,68,55,943,733,11308
oliveira/all_17/randm06.02.02.02.020_0030.01.aba.beta,True,2,3,0.0027816295623779297,0.007204771041870117,0.0011556148529052734,0.01114201545715332,12,2,12,10,29,540,8590
oliveira/all_17/randm06.02.02.02.020_0030.02.aba.beta,True,2,3,0.0034470558166503906,0.008178472518920898,0.0010869503021240234,0.012712478637695312,18,2,18,13,79,521,8482
oliveira/all_17/randm06.02.02.02.020_0030.03.aba.beta,True,2,3,0.003537893295288086,0.009154081344604492,0.0011246204376220703,0.013816595077514648,22,2,22,17,137,548,8665
oliveira/all_17/randm06.02.02.02.020_0030.04.aba.beta,True,2,3,0.0030252933502197266,0.009949207305908203,0.001186370849609375,0.014160871505737305,20,2,20,15,106,547,8639
oliveira/all_17/randm06.02.02.02.020_0030.05.aba.beta,True,2,3,0.002676725387573242,0.007544994354248047,0.001066446304321289,0.011288166046142578,12,2,12,11,29,541,8600
oliveira/all_17/randm06.02.02.03.020_0030.01.aba.beta,True,4,5,0.00890350341796875,0.020985841751098633,0.001912832260131836,0.03180217742919922,42,4,40,23,193,879,13800
oliveira/all_17/randm06.02.02.03.020_0030.02.aba.beta,True,3,5,0.005469322204589844,0.015083551406860352,0.0017905235290527344,0.02234339714050293,26,3,24,23,79,784,12454
oliveira/all_17/randm06.02.02.03.020_0030.03.aba.beta,True,7,5,0.016638755798339844,0.04090094566345215,0.0012712478637695312,0.05881094932556152,60,7,54,29,425,591,8875
oliveira/all_17/randm06.02.02.03.020_0030.04.aba.beta,True,6,5,0.013348102569580078,0.032306671142578125,0.0012116432189941406,0.046866416931152344,42,6,37,21,259,578,8774
oliveira/all_17/randm06.02.02.03.020_0030.05.aba.beta,True,4,5,0.009421586990356445,0.023760557174682617,0.0016429424285888672,0.03482508659362793,48,4,45,39,377,786,12329
oliveira/all_17/randm06.02.02.04.020_0030.01.aba.beta,True,1,1,0.0007157325744628906,0.001982450485229492,0.0011658668518066406,0.0038640499114990234,3,1,3,3,2,525,8535
oliveira/all_17/randm06.02.02.04.020_0030.02.aba.beta,True,1,1,0.0008661746978759766,0.0021669864654541016,0.0010974407196044922,0.00413060188293457,3,1,3,3,2,531,8571
oliveira/all_17/randm06.02.02.04.020_0030.03.aba.beta,True,1,1,0.0008344650268554688,0.002109050750732422,0.0011742115020751953,0.004117727279663086,3,1,3,3,2,535,8590
oliveira/all_17/randm06.02.02.04.020_0030.04.aba.beta,True,1,1,0.0007963180541992188,0.002094268798828125,0.001073598861694336,0.00396418571472168,3,1,3,3,2,532,8555
oliveira/all_17/randm06.02.02.04.020_0030.05.aba.beta,True,1,1,0.0010290145874023438,0.0019731521606445312,0.0011458396911621094,0.004148006439208984,3,1,3,3,2,525,8541
oliveira/all_17/randm06.02.02.05.020_0030.01.aba.beta,True,8,5,0.015062332153320312,0.05400657653808594,0.0012836456298828125,0.07035255432128906,59,6,54,30,390,601,9225
oliveira/all_17/randm06.02.02.05.020_0030.02.aba.beta,True,6,5,0.010413885116577148,0.04130697250366211,0.0012068748474121094,0.05292773246765137,55,4,52,34,441,578,8895
oliveira/all_17/randm06.02.02.05.020_0030.03.aba.beta,True,2,5,0.005171775817871094,0.009776830673217773,0.0011112689971923828,0.01605987548828125,32,2,37,19,167,551,8642
oliveira/all_17/randm06.02.02.05.020_0030.04.aba.beta,True,3,5,0.0073697566986083984,0.0152740478515625,0.001171112060546875,0.023814916610717773,39,3,41,18,221,569,9042
oliveira/all_17/randm06.02.02.05.020_0030.05.aba.beta,True,5,5,0.010402679443359375,0.04788613319396973,0.0013210773468017578,0.05960988998413086,73,3,73,47,968,608,9439
oliveira/all_17/randm06.02.02.06.020_0030.01.aba.beta,True,8,5,0.016924381256103516,0.0647895336151123,0.0014393329620361328,0.08315324783325195,66,7,60,45,703,676,10186
oliveira/all_17/randm06.02.02.06.020_0030.02.aba.beta,True,8,5,0.016711950302124023,0.0816960334777832,0.0013644695281982422,0.09977245330810547,88,6,84,57,1048,673,10215
oliveira/all_17/randm06.02.02.06.020_0030.03.aba.beta,True,4,5,0.009503602981567383,0.03857088088989258,0.0013232231140136719,0.04939770698547363,50,3,48,34,776,584,9218
oliveira/all_17/randm06.02.02.06.020_0030.04.aba.beta,True,9,5,0.025777816772460938,0.11197781562805176,0.0018002986907958984,0.1395559310913086,92,8,85,71,1201,815,12353
oliveira/all_17/randm06.02.02.06.020_0030.05.aba.beta,True,11,5,0.031188011169433594,0.16550207138061523,0.0022461414337158203,0.19893622398376465,112,9,104,80,1243,1047,15911
oliveira/all_17/randm06.02.02.07.020_0030.01.aba.beta,True,5,5,0.008949995040893555,0.03607344627380371,0.0012676715850830078,0.04629111289978027,37,4,36,30,164,556,8676
oliveira/all_17/randm06.02.02.07.020_0030.02.aba.beta,True,7,5,0.012335777282714844,0.05580496788024902,0.0012018680572509766,0.06934261322021484,64,5,60,44,603,599,9181
oliveira/all_17/randm06.02.02.07.020_0030.03.aba.beta,True,8,5,0.020913362503051758,0.07590794563293457,0.001323699951171875,0.0981450080871582,80,6,84,44,904,629,9536
oliveira/all_17/randm06.02.02.07.020_0030.04.aba.beta,True,5,5,0.009752750396728516,0.03536653518676758,0.0012645721435546875,0.04638385772705078,40,4,38,29,199,556,8697
oliveira/all_17/randm06.02.02.07.020_0030.05.aba.beta,True,5,5,0.01581573486328125,0.03841519355773926,0.0013887882232666016,0.05561971664428711,59,5,58,39,583,682,10544
oliveira/all_17/randm06.02.02.08.020_0030.01.aba.beta,True,5,4,0.01255488395690918,0.032233238220214844,0.0012247562408447266,0.04601287841796875,36,5,32,22,312,589,8918
oliveira/all_17/randm06.02.02.08.020_0030.02.aba.beta,True,4,4,0.0072460174560546875,0.018314361572265625,0.001224517822265625,0.026784896850585938,30,4,27,19,190,554,8673
oliveira/all_17/randm06.02.02.08.020_0030.03.aba.beta,True,3,4,0.008115530014038086,0.01209878921508789,0.0011699199676513672,0.021384239196777344,23,3,21,16,70,532,8521
oliveira/all_17/randm06.02.02.08.020_0030.04.aba.beta,True,3,4,0.005095005035400391,0.013027191162109375,0.0010848045349121094,0.019207000732421875,25,3,23,18,82,537,8579
oliveira/all_17/randm06.02.02.08.020_0030.05.aba.beta,True,5,4,0.01508641242980957,0.03710794448852539,0.0015149116516113281,0.05370926856994629,51,5,47,39,694,671,10278
oliveira/all_17/randm06.02.02.09.020_0030.01.aba.beta,True,7,5,0.021868467330932617,0.0735008716583252,0.0017757415771484375,0.09714508056640625,93,7,96,73,1150,838,12939
oliveira/all_17/randm06.02.02.09.020_0030.02.aba.beta,True,4,5,0.011704444885253906,0.037737131118774414,0.0015578269958496094,0.05099940299987793,78,4,85,54,1123,665,10492
oliveira/all_17/randm06.02.02.09.020_0030.03.aba.beta,True,5,5,0.011786699295043945,0.04616427421569824,0.0014424324035644531,0.05939340591430664,63,4,60,40,868,615,9553
oliveira/all_17/randm06.02.02.09.020_0030.04.aba.beta,True,8,5,0.025758981704711914,0.08479499816894531,0.0018076896667480469,0.11236166954040527,90,7,84,58,872,828,12618
oliveira/all_17/randm06.02.02.09.020_0030.05.aba.beta,True,7,5,0.017206430435180664,0.06101703643798828,0.0021178722381591797,0.08034133911132812,69,5,76,46,780,930,14693
oliveira/all_17/randm06.02.02.10.020_0030.01.aba.beta,True,3,4,0.009078741073608398,0.013279914855957031,0.0012066364288330078,0.023565292358398438,23,3,22,17,83,547,8613
oliveira/all_17/randm06.02.02.10.020_0030.02.aba.beta,True,5,4,0.008843183517456055,0.026679515838623047,0.00144195556640625,0.03696465492248535,38,4,35,29,328,579,8920
oliveira/all_17/randm06.02.02.10.020_0030.03.aba.beta,True,4,4,0.005856513977050781,0.019261598587036133,0.0011737346649169922,0.026291847229003906,26,3,26,16,127,544,8586
oliveira/all_17/randm06.02.02.10.020_0030.04.aba.beta,True,4,4,0.007470607757568359,0.0224759578704834,0.0011935234069824219,0.03114008903503418,36,3,34,28,302,571,8857
oliveira/all_17/randm06.02.02.10.020_0030.05.aba.beta,True,3,4,0.005026340484619141,0.012172460556030273,0.0011088848114013672,0.01830768585205078,18,3,16,12,57,550,8631
oliveira/all_17/randm06.02.02.11.020_0030.01.aba.beta,True,8,6,0.023274898529052734,0.15003299713134766,0.001554250717163086,0.17486214637756348,106,6,101,68,1532,736,11336
oliveira/all_17/randm06.02.02.11.020_0030.02.aba.beta,True,7,6,0.021563291549682617,0.1066899299621582,0.001669168472290039,0.12992238998413086,110,6,105,75,1397,781,12098
oliveira/all_17/randm06.02.02.11.020_0030.03.aba.beta,True,12,6,0.034494876861572266,0.13703346252441406,0.0015292167663574219,0.17305755615234375,96,9,99,61,1086,755,11242
oliveira/all_17/randm06.02.02.11.020_0030.04.aba.beta,True,9,6,0.030272483825683594,0.11999654769897461,0.0018143653869628906,0.1520833969116211,98,8,109,61,898,796,12053
oliveira/all_17/randm06.02.02.11.020_0030.05.aba.beta,True,12,6,0.031688690185546875,0.16324400901794434,0.00185394287109375,0.19678664207458496,108,9,106,72,1271,902,13356
oliveira/all_17/randm06.02.02.12.020_0030.01.aba.beta,True,8,4,0.016696453094482422,0.049466848373413086,0.0016324520111083984,0.0677957534790039,40,7,34,22,227,726,10943
oliveira/all_17/randm06.02.02.12.020_0030.02.aba.beta,True,3,4,0.006401538848876953,0.013818979263305664,0.0011627674102783203,0.021383285522460938,36,3,35,19,163,542,8604
oliveira/all_17/randm06.02.02.12.020_0030.03.aba.beta,True,3,4,0.006857872009277344,0.017100095748901367,0.0011425018310546875,0.0251004695892334,41,3,40,28,243,552,8715
oliveira/all_17/randm06.02.02.12.020_0030.04.aba.beta,True,7,4,0.013529539108276367,0.045454978942871094,0.0016367435455322266,0.06062126159667969,41,6,36,24,322,757,11514
oliveira/all_17/randm06.02.02.12.020_0030.05.aba.beta,True,5,4,0.008385419845581055,0.026432275772094727,0.0012545585632324219,0.0360722541809082,37,4,34,23,310,583,8891
oliveira/all_17/randm06.02.02.13.020_0030.01.aba.beta,True,5,4,0.01348733901977539,0.03757286071777344,0.0013096332550048828,0.05236983299255371,44,5,40,33,434,616,9489
oliveira/all_17/randm06.02.02.13.020_0030.02.aba.beta,True,5,4,0.011928558349609375,0.045318603515625,0.0014064311981201172,0.05865359306335449,65,5,61,55,850,651,9997
oliveira/all_17/randm06.02.02.13.020_0030.03.aba.beta,True,3,4,0.007097721099853516,0.015018701553344727,0.0011944770812988281,0.02331089973449707,26,3,24,18,133,575,9045
oliveira/all_17/randm06.02.02.13.020_0030.04.aba.beta,True,3,4,0.007203578948974609,0.016214370727539062,0.0012781620025634766,0.02469611167907715,29,3,27,21,216,566,8767
oliveira/all_17/randm06.02.02.13.020_0030.05.aba.beta,True,3,4,0.006989955902099609,0.02245807647705078,0.0012722015380859375,0.030720233917236328,45,3,43,37,570,572,9071
oliveira/all_17/randm06.02.02.14.020_0030.01.aba.beta,True,7,6,0.016837358474731445,0.049338340759277344,0.0013120174407958984,0.06748771667480469,70,6,65,43,810,607,9410
oliveira/all_17/randm06.02.02.14.020_0030.02.aba.beta,True,9,6,0.02348804473876953,0.06291437149047852,0.0014185905456542969,0.08782100677490234,70,8,66,31,584,635,9439
oliveira/all_17/randm06.02.02.14.020_0030.03.aba.beta,True,9,6,0.02573108673095703,0.07070684432983398,0.0014183521270751953,0.09785628318786621,83,9,84,39,747,650,9732
oliveira/all_17/randm06.02.02.14.020_0030.04.aba.beta,True,7,6,0.01311182975769043,0.05342221260070801,0.0012583732604980469,0.06779241561889648,78,4,75,46,762,579,9042
oliveira/all_17/randm06.02.02.14.020_0030.05.aba.beta,True,9,6,0.01883220672607422,0.07385921478271484,0.001461029052734375,0.09415245056152344,68,6,65,44,698,645,9888
oliveira/all_17/randm06.02.02.15.020_0030.01.aba.beta,True,3,5,0.008352279663085938,0.020040512084960938,0.0013053417205810547,0.02969813346862793,54,3,53,33,447,586,9189
oliveira/all_17/randm06.02.02.15.020_0030.02.aba.beta,True,3,5,0.010360240936279297,0.019387483596801758,0.0016298294067382812,0.031377553939819336,57,3,56,34,480,619,9730
oliveira/all_17/randm06.02.02.15.020_0030.03.aba.beta,True,2,5,0.00618290901184082,0.011698007583618164,0.0012006759643554688,0.019081592559814453,49,2,62,26,272,541,8602
oliveira/all_17/randm06.02.02.15.020_0030.04.aba.beta,True,7,5,0.015121221542358398,0.049407243728637695,0.0012664794921875,0.0657949447631836,52,6,47,32,547,617,9266
oliveira/all_17/randm06.02.02.15.020_0030.05.aba.beta,True,10,5,0.027266979217529297,0.08651304244995117,0.001844644546508789,0.11562466621398926,73,8,66,42,899,705,10566
oliveira/all_17/randm06.02.02.16.020_0030.01.aba.beta,True,2,3,0.0029535293579101562,0.0070705413818359375,0.0012052059173583984,0.011229276657104492,14,2,14,10,42,529,8513
oliveira/all_17/randm06.02.02.16.020_0030.02.aba.beta,True,3,3,0.009507417678833008,0.012831926345825195,0.0011317729949951172,0.02347111701965332,21,3,20,15,112,556,8685
oliveira/all_17/randm06.02.02.16.020_0030.03.aba.beta,True,2,3,0.0029528141021728516,0.007176637649536133,0.0018100738525390625,0.011939525604248047,11,2,10,10,21,837,13591
oliveira/all_17/randm06.02.02.16.020_0030.04.aba.beta,True,2,3,0.002719402313232422,0.007467746734619141,0.001981019973754883,0.012168169021606445,11,2,10,10,21,838,13337
oliveira/all_17/randm06.02.02.16.020_0030.05.aba.beta,True,2,3,0.0029611587524414062,0.009950399398803711,0.0011661052703857422,0.01407766342163086,16,2,16,12,63,550,8643
oliveira/all_17/randm06.02.02.17.020_0030.01.aba.beta,True,6,4,0.015974998474121094,0.037949562072753906,0.001249551773071289,0.05517411231994629,47,6,44,27,447,595,9011
oliveira/all_17/randm06.02.02.17.020_0030.02.aba.beta,True,5,4,0.014257192611694336,0.023409128189086914,0.0011854171752929688,0.03885173797607422,36,5,38,21,215,602,9171
oliveira/all_17/randm06.02.02.17.020_0030.03.aba.beta,True,5,4,0.011444568634033203,0.03754925727844238,0.0012714862823486328,0.05026531219482422,54,5,52,42,585,626,9583
oliveira/all_17/randm06.02.02.17.020_0030.04.aba.beta,True,3,4,0.01000070571899414,0.017559528350830078,0.0014314651489257812,0.02899169921875,30,3,28,20,138,544,8613
oliveira/all_17/randm06.02.02.17.020_0030.05.aba.beta,True,3,4,0.005538225173950195,0.013533830642700195,0.0011174678802490234,0.020189523696899414,20,3,19,16,53,538,8568
oliveira/all_17/randm06.02.02.18.020_0030.01.aba.beta,True,4,6,0.015494346618652344,0.030652761459350586,0.0011320114135742188,0.04727911949157715,78,3,76,49,593,570,8917
oliveira/all_17/randm06.02.02.18.020_0030.02.aba.beta,True,5,6,0.008519649505615234,0.030613183975219727,0.001178741455078125,0.040311574935913086,58,3,59,31,277,541,8592
oliveira/all_17/randm06.02.02.18.020_0030.03.aba.beta,True,7,6,0.022316694259643555,0.07837939262390137,0.0015611648559570312,0.10225725173950195,102,7,99,61,1386,727,11192
oliveira/all_17/randm06.02.02.18.020_0030.04.aba.beta,True,7,6,0.017825841903686523,0.05746793746948242,0.0012013912200927734,0.07649517059326172,78,6,73,49,780,599,9259
oliveira/all_17/randm06.02.02.18.020_0030.05.aba.beta,True,10,6,0.02784276008605957,0.11973381042480469,0.0017342567443847656,0.14931082725524902,116,9,112,84,1522,776,11860
oliveira/all_17/randm06.02.02.19.020_0030.01.aba.beta,True,1,1,0.002232074737548828,0.003599405288696289,0.0011756420135498047,0.007007122039794922,3,1,3,3,2,533,8572
oliveira/all_17/randm06.02.02.19.020_0030.02.aba.beta,True,1,1,0.0010013580322265625,0.0032308101654052734,0.0010800361633300781,0.005312204360961914,3,1,3,3,2,537,8597
oliveira/all_17/randm06.02.02.19.020_0030.03.aba.beta,True,1,1,0.001222848892211914,0.0022115707397460938,0.0011148452758789062,0.004549264907836914,3,1,3,3,2,533,8578
oliveira/all_17/randm06.02.02.19.020_0030.04.aba.beta,True,1,1,0.0010876655578613281,0.002465963363647461,0.0011684894561767578,0.004722118377685547,3,1,3,3,2,523,8524
oliveira/all_17/randm06.02.02.19.020_0030.05.aba.beta,True,1,1,0.0007863044738769531,0.002109527587890625,0.0011925697326660156,0.004088401794433594,3,1,3,3,2,525,8527
oliveira/all_17/randm07.02.02.01.020_0030.01.aba.beta,True,1,1,0.0008718967437744141,0.0048198699951171875,0.0010311603546142578,0.006722927093505859,3,1,3,3,2,529,8553
oliveira/all_17/randm07.02.02.01.020_0030.02.aba.beta,True,1,1,0.0012595653533935547,0.005736827850341797,0.001157522201538086,0.008153915405273438,3,1,3,3,2,526,8542
oliveira/all_17/randm07.02.02.01.020_0030.03.aba.beta,True,1,1,0.0008325576782226562,0.002146005630493164,0.0011510848999023438,0.004129648208618164,3,1,3,3,2,531,8553
oliveira/all_17/randm07.02.02.01.020_0030.04.aba.beta,True,1,1,0.0011942386627197266,0.0023431777954101562,0.001184225082397461,0.004721641540527344,3,1,3,3,2,530,8550
oliveira/all_17/randm07.02.02.01.020_0030.05.aba.beta,True,1,1,0.0007774829864501953,0.0038461685180664062,0.0011868476867675781,0.00581049919128418,3,1,3,3,2,540,8609
oliveira/all_17/randm07.02.02.02.020_0030.01.aba.beta,True,1,1,0.0007429122924804688,0.003008604049682617,0.001207590103149414,0.0049591064453125,3,1,3,3,2,535,8587
oliveira/all_17/randm07.02.02.02.020_0030.02.aba.beta,True,1,1,0.001132965087890625,0.0024521350860595703,0.001123189926147461,0.004708290100097656,3,1,3,3,2,538,8598
oliveira/all_17/randm07.02.02.02.020_0030.03.aba.beta,True,1,1,0.001949310302734375,0.0023026466369628906,0.0010495185852050781,0.005301475524902344,3,1,3,3,2,533,8583
oliveira/all_17/randm07.02.02.02.020_0030.04.aba.beta,True,1,1,0.0013670921325683594,0.0021164417266845703,0.0010874271392822266,0.004570960998535156,3,1,3,3,2,521,8515
oliveira/all_17/randm07.02.02.02.020_0030.05.aba.beta,True,1,1,0.0018341541290283203,0.0036742687225341797,0.0011851787567138672,0.006693601608276367,3,1,3,3,2,531,8576
oliveira/all_17/randm07.02.02.03.020_0030.01.aba.beta,True,9,7,0.03354454040527344,0.08926177024841309,0.0013546943664550781,0.1241610050201416,114,7,118,42,1163,637,9654
oliveira/all_17/randm07.02.02.03.020_0030.02.aba.beta,True,12,7,0.034261465072631836,0.12252616882324219,0.0013151168823242188,0.15810275077819824,96,9,92,39,881,643,9388
oliveira/all_17/randm07.02.02.03.020_0030.03.aba.beta,True,12,7,0.03276944160461426,0.1260373592376709,0.001605987548828125,0.16041278839111328,100,9,92,60,1041,680,10185
oliveira/all_17/randm07.02.02.03.020_0030.04.aba.beta,True,11,7,0.036527395248413086,0.10890483856201172,0.0014176368713378906,0.1468498706817627,98,9,107,47,1432,704,10406
oliveira/all_17/randm07.02.02.03.020_0030.05.aba.beta,True,15,7,0.0546870231628418,0.22979140281677246,0.0020761489868164062,0.28655457496643066,139,13,129,75,1542,885,13003
oliveira/all_17/randm07.02.02.04.020_0030.01.aba.beta,True,3,4,0.008162260055541992,0.016124486923217773,0.0014247894287109375,0.025711536407470703,23,3,23,18,78,675,10731
oliveira/all_17/randm07.02.02.04.020_0030.02.aba.beta,True,8,4,0.01953577995300293,0.06445431709289551,0.002151012420654297,0.08614110946655273,53,7,49,42,533,1002,15455
oliveira/all_17/randm07.02.02.04.020_0030.03.aba.beta,True,6,4,0.01312565803527832,0.06478142738342285,0.0034513473510742188,0.08135843276977539,51,6,49,42,373,1540,24322
oliveira/all_17/randm07.02.02.04.020_0030.04.aba.beta,True,2,4,0.005387783050537109,0.00862264633178711,0.0014700889587402344,0.015480518341064453,19,2,21,17,61,685,11093
oliveira/all_17/randm07.02.02.04.020_0030.05.aba.beta,True,5,4,0.015449762344360352,0.028197526931762695,0.0013337135314941406,0.04498100280761719,30,5,30,21,145,618,9566
oliveira/all_17/randm07.02.02.05.020_0030.01.aba.beta,True,9,6,0.03137326240539551,0.08508515357971191,0.0015554428100585938,0.11801385879516602,94,7,90,53,781,709,10785
oliveira/all_17/randm07.02.02.05.020_0030.02.aba.beta,True,9,6,0.028023958206176758,0.07904577255249023,0.0016720294952392578,0.10874176025390625,92,8,86,49,1055,758,11388
oliveira/all_17/randm07.02.02.05.020_0030.03.aba.beta,True,8,6,0.019984722137451172,0.09688138961791992,0.0013959407806396484,0.11826205253601074,107,5,103,52,1429,644,9976
oliveira/all_17/randm07.02.02.05.020_0030.04.aba.beta,True,13,6,0.03598475456237793,0.11507797241210938,0.0016696453094482422,0.15273237228393555,111,11,108,60,1151,774,11276
oliveira/all_17/randm07.02.02.05.020_0030.05.aba.beta,True,8,6,0.022205352783203125,0.07740449905395508,0.0014717578887939453,0.10108160972595215,78,7,81,42,890,691,10360
oliveira/all_17/randm07.02.02.06.020_0030.01.aba.beta,True,3,4,0.013046503067016602,0.013236284255981445,0.0011990070343017578,0.027481794357299805,25,3,23,17,114,544,8607
oliveira/all_17/randm07.02.02.06.020_0030.02.aba.beta,True,5,4,0.010152101516723633,0.030211687088012695,0.0013709068298339844,0.04173469543457031,39,5,35,27,310,587,8961
oliveira/all_17/randm07.02.02.06.020_0030.03.aba.beta,True,4,4,0.010358572006225586,0.018466711044311523,0.0013408660888671875,0.030166149139404297,28,4,25,19,136,560,8682
oliveira/all_17/randm07.02.02.06.020_0030.04.aba.beta,True,4,4,0.0076410770416259766,0.020784378051757812,0.0017900466918945312,0.03021550178527832,33,4,30,22,233,877,13860
oliveira/all_17/randm07.02.02.06.020_0030.05.aba.beta,True,5,4,0.012023448944091797,0.030679941177368164,0.002117156982421875,0.044820547103881836,41,5,37,20,252,933,14658
oliveira/all_17/randm07.02.02.07.020_0030.01.aba.beta,True,8,6,0.019391536712646484,0.06539034843444824,0.0013222694396972656,0.08610415458679199,61,6,56,31,559,594,9028
oliveira/all_17/randm07.02.02.07.020_0030.02.aba.beta,True,7,6,0.019404888153076172,0.05788826942443848,0.0014450550079345703,0.07873821258544922,76,6,81,46,944,684,10431
oliveira/all_17/randm07.02.02.07.020_0030.03.aba.beta,True,11,6,0.033649444580078125,0.10418534278869629,0.0015077590942382812,0.1393425464630127,64,9,60,38,475,675,10001
oliveira/all_17/randm07.02.02.07.020_0030.04.aba.beta,True,9,6,0.03143429756164551,0.10357308387756348,0.0020837783813476562,0.13709115982055664,84,8,84,50,657,900,13760
oliveira/all_17/randm07.02.02.07.020_0030.05.aba.beta,True,13,6,0.044664859771728516,0.19952178001403809,0.0022084712982177734,0.24639511108398438,130,11,120,88,1278,1087,16058
oliveira/all_17/randm07.02.02.08.020_0030.01.aba.beta,True,1,1,0.0009407997131347656,0.002965211868286133,0.0011091232299804688,0.005015134811401367,3,1,3,3,2,542,8613
oliveira/all_17/randm07.02.02.08.020_0030.02.aba.beta,True,1,1,0.0024449825286865234,0.0027878284454345703,0.0011811256408691406,0.006413936614990234,3,1,3,3,2,539,8607
oliveira/all_17/randm07.02.02.08.020_0030.03.aba.beta,True,1,1,0.001466989517211914,0.0030095577239990234,0.001224517822265625,0.0057010650634765625,3,1,3,3,2,534,8577
oliveira/all_17/randm07.02.02.08.020_0030.04.aba.beta,True,1,1,0.0011162757873535156,0.0025153160095214844,0.0012853145599365234,0.0049169063568115234,3,1,3,3,2,536,8592
oliveira/all_17/randm07.02.02.08.020_0030.05.aba.beta,True,1,1,0.0018069744110107422,0.003814220428466797,0.0011358261108398438,0.006757020950317383,3,1,3,3,2,536,8587
oliveira/all_17/randm07.02.02.09.020_0030.01.aba.beta,True,5,3,0.01228952407836914,0.030683040618896484,0.0015628337860107422,0.04453539848327637,35,5,32,26,353,596,9062
oliveira/all_17/randm07.02.02.09.020_0030.02.aba.beta,True,3,3,0.007264614105224609,0.014266252517700195,0.0012254714965820312,0.022756338119506836,26,3,25,20,142,550,8648
oliveira/all_17/randm07.02.02.09.020_0030.03.aba.beta,True,2,3,0.0038526058197021484,0.008083820343017578,0.0015001296997070312,0.013436555862426758,18,2,18,13,64,546,8623
oliveira/all_17/randm07.02.02.09.020_0030.04.aba.beta,True,3,3,0.0063135623931884766,0.016768693923950195,0.001172780990600586,0.024255037307739258,29,3,30,20,251,561,8758
oliveira/all_17/randm07.02.02.09.020_0030.05.aba.beta,True,3,3,0.006930112838745117,0.017102956771850586,0.001680135726928711,0.025713205337524414,26,3,27,16,172,552,8661
oliveira/all_17/randm07.02.02.10.020_0030.01.aba.beta,True,1,1,0.0040433406829833984,0.0032057762145996094,0.0011973381042480469,0.008446455001831055,3,1,3,3,2,537,8599
oliveira/all_17/randm07.02.02.10.020_0030.02.aba.beta,True,1,1,0.0014235973358154297,0.002449512481689453,0.0015184879302978516,0.005391597747802734,3,1,3,3,2,540,8608
oliveira/all_17/randm07.02.02.10.020_0030.03.aba.beta,True,1,1,0.0009796619415283203,0.002538919448852539,0.0011355876922607422,0.0046541690826416016,3,1,3,3,2,527,8497
oliveira/all_17/randm07.02.02.10.020_0030.04.aba.beta,True,1,1,0.0011250972747802734,0.0035033226013183594,0.001191854476928711,0.005820274353027344,3,1,3,3,2,537,8603
oliveira/all_17/randm07.02.02.10.020_0030.05.aba.beta,True,1,1,0.0015740394592285156,0.002644062042236328,0.001275777816772461,0.005493879318237305,3,1,3,3,2,528,8551
oliveira/all_17/randm07.02.02.11.020_0030.01.aba.beta,True,6,5,0.012495756149291992,0.043406009674072266,0.0014188289642333984,0.057320594787597656,44,5,41,34,279,668,10470
oliveira/all_17/randm07.02.02.11.020_0030.02.aba.beta,True,6,5,0.015360593795776367,0.04927873611450195,0.0028388500213623047,0.06747817993164062,50,5,46,40,425,999,15759
oliveira/all_17/randm07.02.02.11.020_0030.03.aba.beta,True,6,5,0.02055668830871582,0.08444881439208984,0.002290487289428711,0.10729598999023438,121,6,122,91,2030,927,14767
oliveira/all_17/randm07.02.02.11.020_0030.04.aba.beta,True,7,5,0.015302658081054688,0.048757314682006836,0.0015711784362792969,0.06563115119934082,49,6,46,30,338,689,10559
oliveira/all_17/randm07.02.02.11.020_0030.05.aba.beta,True,8,5,0.020498037338256836,0.09575963020324707,0.0017917156219482422,0.11804938316345215,84,7,84,57,1021,822,12494
oliveira/all_17/randm07.02.02.12.020_0030.01.aba.beta,True,3,3,0.007850170135498047,0.015657901763916016,0.0012047290802001953,0.024712800979614258,26,3,24,20,174,557,8717
oliveira/all_17/randm07.02.02.12.020_0030.02.aba.beta,True,2,3,0.004033803939819336,0.00748753547668457,0.0011980533599853516,0.012719392776489258,14,2,13,11,32,538,8593
oliveira/all_17/randm07.02.02.12.020_0030.03.aba.beta,True,2,3,0.007375955581665039,0.007679939270019531,0.0011324882507324219,0.016188383102416992,14,2,13,12,32,534,8576
oliveira/all_17/randm07.02.02.12.020_0030.04.aba.beta,True,3,3,0.0055179595947265625,0.01935601234436035,0.001219034194946289,0.026093006134033203,23,3,21,19,146,549,8674
oliveira/all_17/randm07.02.02.12.020_0030.05.aba.beta,True,3,3,0.005218505859375,0.015923023223876953,0.0012118816375732422,0.022353410720825195,22,3,20,16,135,556,8697
oliveira/all_17/randm07.02.02.13.020_0030.01.aba.beta,True,10,7,0.03087615966796875,0.13270950317382812,0.0017406940460205078,0.16532635688781738,98,7,94,58,997,758,11456
oliveira/all_17/randm07.02.02.13.020_0030.02.aba.beta,True,11,7,0.047086238861083984,0.14528679847717285,0.002182483673095703,0.19455552101135254,112,10,114,65,1968,866,13287
oliveira/all_17/randm07.02.02.13.020_0030.03.aba.beta,True,12,7,0.04414987564086914,0.24593615531921387,0.0031080245971679688,0.293194055557251,154,10,145,98,2161,1330,20267
oliveira/all_17/randm07.02.02.13.020_0030.04.aba.beta,True,14,7,0.059484004974365234,0.17635035514831543,0.001924276351928711,0.23775863647460938,128,11,121,66,1503,905,13376
oliveira/all_17/randm07.02.02.13.020_0030.05.aba.beta,True,11,7,0.040921688079833984,0.11232805252075195,0.0015625953674316406,0.15481233596801758,85,9,86,41,1115,725,10628
oliveira/all_17/randm07.02.02.14.020_0030.01.aba.beta,True,2,3,0.0037736892700195312,0.015853404998779297,0.0011832714080810547,0.020810365676879883,28,2,28,22,265,559,8755
oliveira/all_17/randm07.02.02.14.020_0030.02.aba.beta,True,3,3,0.006377458572387695,0.013324975967407227,0.0012047290802001953,0.020907163619995117,23,3,22,17,148,561,8710
oliveira/all_17/randm07.02.02.14.020_0030.03.aba.beta,True,2,3,0.008063793182373047,0.012507438659667969,0.001321554183959961,0.021892786026000977,30,2,29,25,322,569,9159
oliveira/all_17/randm07.02.02.14.020_0030.04.aba.beta,True,3,3,0.007910728454589844,0.018806934356689453,0.0011854171752929688,0.027903079986572266,34,3,33,28,326,560,8832
oliveira/all_17/randm07.02.02.14.020_0030.05.aba.beta,True,2,3,0.003539562225341797,0.007722377777099609,0.0012485980987548828,0.012510538101196289,15,2,15,10,46,544,8613
oliveira/all_17/randm07.02.02.15.020_0030.01.aba.beta,True,5,7,0.02603006362915039,0.05202841758728027,0.0011649131774902344,0.0792233943939209,66,5,73,27,529,578,8791
oliveira/all_17/randm07.02.02.15.020_0030.02.aba.beta,True,14,7,0.05770421028137207,0.16382384300231934,0.0018129348754882812,0.2233409881591797,102,13,90,52,1355,872,12918
oliveira/all_17/randm07.02.02.15.020_0030.03.aba.beta,True,16,7,0.0632319450378418,0.2839016914367676,0.003989458084106445,0.3511230945587158,171,14,166,115,2559,1792,27551
oliveira/all_17/randm07.02.02.15.020_0030.04.aba.beta,True,5,7,0.01431584358215332,0.04219555854797363,0.001413583755493164,0.05792498588562012,74,4,77,29,560,587,9103
oliveira/all_17/randm07.02.02.15.020_0030.05.aba.beta,True,13,7,0.050186872482299805,0.28795576095581055,0.0030198097229003906,0.34116244316101074,145,10,136,86,1259,1355,21076
oliveira/all_17/randm07.02.02.16.020_0030.01.aba.beta,True,10,4,0.02475762367248535,0.09099245071411133,0.0038843154907226562,0.11963438987731934,61,9,53,49,648,1736,26907
oliveira/all_17/randm07.02.02.16.020_0030.02.aba.beta,True,5,4,0.011738061904907227,0.029601335525512695,0.002035379409790039,0.04337477684020996,33,5,33,22,178,886,13868
oliveira/all_17/randm07.02.02.16.020_0030.03.aba.beta,True,4,4,0.012438535690307617,0.020975112915039062,0.0015227794647216797,0.03493642807006836,26,4,25,18,104,677,10757
oliveira/all_17/randm07.02.02.16.020_0030.04.aba.beta,True,5,4,0.01538848876953125,0.04194474220275879,0.0028388500213623047,0.060172080993652344,43,5,39,32,280,1218,19291
oliveira/all_17/randm07.02.02.16.020_0030.05.aba.beta,True,4,4,0.013146638870239258,0.029952049255371094,0.002030611038208008,0.04512929916381836,30,4,31,22,147,922,14649
oliveira/all_17/randm07.02.02.17.020_0030.01.aba.beta,True,10,6,0.029603004455566406,0.1369640827178955,0.0018668174743652344,0.16843390464782715,114,8,107,81,1337,846,12865
oliveira/all_17/randm07.02.02.17.020_0030.02.aba.beta,True,10,6,0.02778792381286621,0.10321426391601562,0.0015213489532470703,0.1325235366821289,109,7,117,65,1446,698,10637
oliveira/all_17/randm07.02.02.17.020_0030.03.aba.beta,True,11,6,0.039073944091796875,0.1325674057006836,0.0018298625946044922,0.17347121238708496,104,8,104,63,1273,764,11403
oliveira/all_17/randm07.02.02.17.020_0030.04.aba.beta,True,13,6,0.0346071720123291,0.16571807861328125,0.00193023681640625,0.2022554874420166,120,10,116,84,1521,836,12489
oliveira/all_17/randm07.02.02.17.020_0030.05.aba.beta,True,9,6,0.034578561782836914,0.09892582893371582,0.0019550323486328125,0.13545942306518555,96,8,89,65,1187,828,12389
oliveira/all_17/randm07.02.02.18.020_0030.01.aba.beta,True,20,7,0.08916115760803223,0.7306795120239258,0.0033044815063476562,0.8231451511383057,191,16,176,114,2519,1480,22254
oliveira/all_17/randm07.02.02.18.020_0030.02.aba.beta,True,18,7,0.0721282958984375,0.46817874908447266,0.002914905548095703,0.5432219505310059,191,14,178,110,2567,1270,19410
oliveira/all_17/randm07.02.02.18.020_0030.03.aba.beta,True,13,7,0.03875422477722168,0.2336111068725586,0.0022203922271728516,0.2745857238769531,144,9,139,91,2072,968,14734
oliveira/all_17/randm07.02.02.18.020_0030.04.aba.beta,True,14,7,0.05622386932373047,0.3634655475616455,0.002360105514526367,0.42204952239990234,173,10,175,103,2757,1037,15733
oliveira/all_17/randm07.02.02.18.020_0030.05.aba.beta,True,18,7,0.05795741081237793,0.477691650390625,0.0028734207153320312,0.538522481918335,207,14,194,123,2247,1362,20148
oliveira/all_17/randm07.02.02.19.020_0030.01.aba.beta,True,7,5,0.019695520401000977,0.05420088768005371,0.0013937950134277344,0.07529020309448242,56,6,53,36,496,617,9415
oliveira/all_17/randm07.02.02.19.020_0030.02.aba.beta,True,6,5,0.017326831817626953,0.0665426254272461,0.0015387535095214844,0.08540821075439453,108,5,106,75,1785,684,10736
oliveira/all_17/randm07.02.02.19.020_0030.03.aba.beta,True,13,5,0.0356292724609375,0.13361382484436035,0.0018856525421142578,0.1711287498474121,103,12,92,76,1373,876,12881
oliveira/all_17/randm07.02.02.19.020_0030.04.aba.beta,True,13,5,0.027272701263427734,0.12337422370910645,0.0016968250274658203,0.15234375,89,12,78,67,1110,840,12252
oliveira/all_17/randm07.02.02.19.020_0030.05.aba.beta,True,9,5,0.01895427703857422,0.079925537109375,0.0017619132995605469,0.10064172744750977,83,8,76,57,851,818,12356
oliveira/all_17/randm08.02.02.01.020_0030.01.aba.beta,True,13,7,0.04062914848327637,0.13180851936340332,0.0016455650329589844,0.17408323287963867,105,11,95,70,1141,794,11531
oliveira/all_17/randm08.02.02.01.020_0030.02.aba.beta,True,10,7,0.02752232551574707,0.15748906135559082,0.001458883285522461,0.18647027015686035,156,6,153,89,1744,658,9972
oliveira/all_17/randm08.02.02.01.020_0030.03.aba.beta,True,14,7,0.03814387321472168,0.15727710723876953,0.0017066001892089844,0.1971275806427002,112,10,109,57,1094,755,11267
oliveira/all_17/randm08.02.02.01.020_0030.04.aba.beta,True,18,7,0.06490111351013184,0.3200795650482178,0.0032873153686523438,0.38826799392700195,156,16,141,102,2006,1389,20591
oliveira/all_17/randm08.02.02.01.020_0030.05.aba.beta,True,15,7,0.053915977478027344,0.15268611907958984,0.0017087459564208984,0.20831084251403809,106,14,93,56,1078,820,11569
oliveira/all_17/randm08.02.02.02.020_0030.01.aba.beta,True,8,6,0.019525766372680664,0.058999061584472656,0.0012080669403076172,0.07973289489746094,81,5,77,43,471,573,8782
oliveira/all_17/randm08.02.02.02.020_0030.02.aba.beta,True,9,6,0.030211210250854492,0.08831381797790527,0.0014858245849609375,0.1200108528137207,110,7,106,48,1693,628,9647
oliveira/all_17/randm08.02.02.02.020_0030.03.aba.beta,True,8,6,0.022924423217773438,0.07229447364807129,0.0013184547424316406,0.09653735160827637,96,7,90,43,855,626,9359
oliveira/all_17/randm08.02.02.02.020_0030.04.aba.beta,True,10,6,0.02352285385131836,0.09034991264343262,0.0016069412231445312,0.11547970771789551,69,9,61,43,708,731,11020
oliveira/all_17/randm08.02.02.02.020_0030.05.aba.beta,True,9,6,0.028459787368774414,0.08820533752441406,0.0014879703521728516,0.11815309524536133,106,8,102,50,1553,729,10896
oliveira/all_17/randm08.02.02.03.020_0030.01.aba.beta,True,10,7,0.02893233299255371,0.09313082695007324,0.0017328262329101562,0.12379598617553711,73,8,66,42,447,651,9770
oliveira/all_17/randm08.02.02.03.020_0030.02.aba.beta,True,13,7,0.037161827087402344,0.1691281795501709,0.0016584396362304688,0.2079484462738037,126,9,121,82,1501,772,11548
oliveira/all_17/randm08.02.02.03.020_0030.03.aba.beta,True,9,7,0.030520200729370117,0.09103941917419434,0.002042531967163086,0.12360215187072754,90,7,84,57,797,937,14422
oliveira/all_17/randm08.02.02.03.020_0030.04.aba.beta,True,10,7,0.024787425994873047,0.10620355606079102,0.0013196468353271484,0.1323106288909912,104,7,100,67,1104,661,9988
oliveira/all_17/randm08.02.02.03.020_0030.05.aba.beta,True,14,7,0.04853057861328125,0.15268635749816895,0.0015823841094970703,0.20279932022094727,107,11,103,51,1274,722,10396
oliveira/all_17/randm08.02.02.04.020_0030.01.aba.beta,True,8,6,0.026610612869262695,0.11929583549499512,0.0015571117401123047,0.14746356010437012,109,6,105,68,1290,705,10781
oliveira/all_17/randm08.02.02.04.020_0030.02.aba.beta,True,8,6,0.02118372917175293,0.06843852996826172,0.001728057861328125,0.09135031700134277,84,7,78,58,811,790,12135
oliveira/all_17/randm08.02.02.04.020_0030.03.aba.beta,True,13,6,0.04642057418823242,0.16454339027404785,0.002040863037109375,0.21300482749938965,118,12,107,92,1576,946,14125
oliveira/all_17/randm08.02.02.04.020_0030.04.aba.beta,True,9,6,0.022076845169067383,0.09157037734985352,0.0013971328735351562,0.11504435539245605,84,7,83,44,960,635,9503
oliveira/all_17/randm08.02.02.04.020_0030.05.aba.beta,True,10,6,0.032308101654052734,0.14818239212036133,0.0016624927520751953,0.18215298652648926,110,8,103,72,1289,755,11421
oliveira/all_17/randm08.02.02.05.020_0030.01.aba.beta,True,9,5,0.02096271514892578,0.08437371253967285,0.002071857452392578,0.10740828514099121,51,7,45,31,348,969,14941
oliveira/all_17/randm08.02.02.05.020_0030.02.aba.beta,True,8,5,0.027148723602294922,0.07164692878723145,0.0016608238220214844,0.10045647621154785,72,6,67,46,671,731,11196
oliveira/all_17/randm08.02.02.05.020_0030.03.aba.beta,True,6,5,0.014588594436645508,0.05576157569885254,0.0014171600341796875,0.07176733016967773,59,4,56,38,706,594,9163
oliveira/all_17/randm08.02.02.05.020_0030.04.aba.beta,True,5,5,0.026123046875,0.0407564640045166,0.0014557838439941406,0.06833529472351074,74,5,70,26,877,639,9801
oliveira/all_17/randm08.02.02.05.020_0030.05.aba.beta,True,8,5,0.030848979949951172,0.07752037048339844,0.0018496513366699219,0.11021900177001953,69,6,64,36,703,868,13383
oliveira/all_17/randm08.02.02.06.020_0030.01.aba.beta,True,9,8,0.05149984359741211,0.17013168334960938,0.0033206939697265625,0.22495222091674805,184,7,187,72,2887,709,10887
oliveira/all_17/randm08.02.02.06.020_0030.02.aba.beta,True,13,8,0.05971813201904297,0.301419734954834,0.0015933513641357422,0.3627312183380127,263,8,258,83,2769,730,10893
oliveira/all_17/randm08.02.02.06.020_0030.03.aba.beta,True,16,8,0.07588362693786621,0.26543688774108887,0.0020754337310791016,0.3433959484100342,129,12,128,63,1620,936,13942
oliveira/all_17/randm08.02.02.06.020_0030.04.aba.beta,True,8,8,0.04262948036193848,0.12585139274597168,0.0014066696166992188,0.16988754272460938,153,6,162,76,1385,649,9815
oliveira/all_17/randm08.02.02.06.020_0030.05.aba.beta,True,14,8,0.047676801681518555,0.22112393379211426,0.0015904903411865234,0.27039122581481934,151,10,142,74,1194,725,10845
oliveira/all_17/randm08.02.02.07.020_0030.01.aba.beta,True,1,1,0.0033817291259765625,0.0023696422576904297,0.0011625289916992188,0.006913900375366211,3,1,3,3,2,536,8587
oliveira/all_17/randm08.02.02.07.020_0030.02.aba.beta,True,1,1,0.0007998943328857422,0.002177000045776367,0.0010826587677001953,0.004059553146362305,3,1,3,3,2,524,8514
oliveira/all_17/randm08.02.02.07.020_0030.03.aba.beta,True,1,1,0.0009479522705078125,0.004507303237915039,0.0015103816986083984,0.00696563720703125,3,1,3,3,2,519,8504
oliveira/all_17/randm08.02.02.07.020_0030.04.aba.beta,True,1,1,0.0014955997467041016,0.005812644958496094,0.0011324882507324219,0.008440732955932617,3,1,3,3,2,539,8604
oliveira/all_17/randm08.02.02.07.020_0030.05.aba.beta,True,1,1,0.0012738704681396484,0.0024111270904541016,0.0011217594146728516,0.0048067569732666016,3,1,3,3,2,530,8566
oliveira/all_17/randm08.02.02.08.020_0030.01.aba.beta,True,11,6,0.04666399955749512,0.20723676681518555,0.0017855167388916016,0.25568628311157227,144,8,138,84,1545,811,12153
oliveira/all_17/randm08.02.02.08.020_0030.02.aba.beta,True,13,6,0.04445028305053711,0.2774472236633301,0.0022220611572265625,0.32411956787109375,137,10,128,98,1895,936,14256
oliveira/all_17/randm08.02.02.08.020_0030.03.aba.beta,True,12,6,0.058762311935424805,0.18981289863586426,0.0018544197082519531,0.250429630279541,104,9,96,79,1120,848,12866
oliveira/all_17/randm08.02.02.08.020_0030.04.aba.beta,True,10,6,0.0495915412902832,0.15914487838745117,0.0020546913146972656,0.21079111099243164,122,8,130,88,1360,891,13258
oliveira/all_17/randm08.02.02.08.020_0030.05.aba.beta,True,12,6,0.03937029838562012,0.1636803150177002,0.0020165443420410156,0.20506715774536133,106,9,98,72,1287,926,13977
oliveira/all_17/randm08.02.02.09.020_0030.01.aba.beta,True,11,7,0.03380942344665527,0.11567473411560059,0.0029354095458984375,0.1524195671081543,90,9,94,47,778,1304,20170
oliveira/all_17/randm08.02.02.09.020_0030.02.aba.beta,True,20,7,0.10660266876220703,0.3760511875152588,0.004043102264404297,0.4866969585418701,254,18,247,134,3854,1852,28269
oliveira/all_17/randm08.02.02.09.020_0030.03.aba.beta,True,11,7,0.04619407653808594,0.14162993431091309,0.0020439624786376953,0.18986797332763672,98,9,92,66,820,982,15005
oliveira/all_17/randm08.02.02.09.020_0030.04.aba.beta,True,13,7,0.06236577033996582,0.1979353427886963,0.0026903152465820312,0.26299142837524414,182,10,180,84,1590,1164,17572
oliveira/all_17/randm08.02.02.09.020_0030.05.aba.beta,True,13,7,0.06128716468811035,0.11230206489562988,0.003964900970458984,0.17755413055419922,110,13,115,43,969,1535,23449
oliveira/all_17/randm08.02.02.10.020_0030.01.aba.beta,True,15,7,0.07452559471130371,0.22199583053588867,0.002971649169921875,0.29949307441711426,173,13,167,105,2263,1338,20200
oliveira/all_17/randm08.02.02.10.020_0030.02.aba.beta,True,11,7,0.04207873344421387,0.17831873893737793,0.00281524658203125,0.22321271896362305,128,8,123,91,1391,1301,20044
oliveira/all_17/randm08.02.02.10.020_0030.03.aba.beta,True,14,7,0.061362266540527344,0.17917513847351074,0.002335071563720703,0.2428724765777588,141,11,155,89,1966,1022,15279
oliveira/all_17/randm08.02.02.10.020_0030.04.aba.beta,True,14,7,0.07419466972351074,0.2716031074523926,0.003825664520263672,0.349623441696167,178,12,173,122,2381,1631,24962
oliveira/all_17/randm08.02.02.10.020_0030.05.aba.beta,True,14,7,0.06813549995422363,0.2867908477783203,0.004072427749633789,0.35899877548217773,181,11,176,133,2342,1741,27565
oliveira/all_17/randm08.02.02.11.020_0030.01.aba.beta,True,19,8,0.0796658992767334,0.311539888381958,0.003467082977294922,0.39467287063598633,150,17,144,87,1753,1589,23686
oliveira/all_17/randm08.02.02.11.020_0030.02.aba.beta,True,17,8,0.08316445350646973,0.21105647087097168,0.004103899002075195,0.2983248233795166,124,15,130,55,1060,1856,28660
oliveira/all_17/randm08.02.02.11.020_0030.03.aba.beta,True,15,8,0.06563305854797363,0.17478609085083008,0.001961946487426758,0.24238109588623047,169,12,161,73,2383,923,13806
oliveira/all_17/randm08.02.02.11.020_0030.04.aba.beta,True,22,8,0.11236166954040527,0.6251001358032227,0.00391840934753418,0.7413802146911621,320,17,305,106,3556,1763,26361
oliveira/all_17/randm08.02.02.11.020_0030.05.aba.beta,True,19,8,0.08782196044921875,0.2950727939605713,0.0032181739807128906,0.38611292839050293,145,17,138,76,1791,1486,21913
oliveira/all_17/randm08.02.02.12.020_0030.01.aba.beta,True,8,5,0.024249792098999023,0.08417677879333496,0.0018858909606933594,0.11031246185302734,98,7,95,64,1176,836,12914
oliveira/all_17/randm08.02.02.12.020_0030.02.aba.beta,True,7,5,0.026617765426635742,0.07590031623840332,0.0020258426666259766,0.10454392433166504,103,6,99,66,1358,912,14273
oliveira/all_17/randm08.02.02.12.020_0030.03.aba.beta,True,9,5,0.03912687301635742,0.17701482772827148,0.0029501914978027344,0.21909189224243164,170,8,163,131,2594,1208,18605
oliveira/all_17/randm08.02.02.12.020_0030.04.aba.beta,True,8,5,0.03404521942138672,0.0869150161743164,0.0018241405487060547,0.12278437614440918,106,7,100,66,1114,741,11221
oliveira/all_17/randm08.02.02.12.020_0030.05.aba.beta,True,7,5,0.03960084915161133,0.07068681716918945,0.0016226768493652344,0.11191034317016602,97,6,92,49,1252,692,10543
oliveira/all_17/randm08.02.02.13.020_0030.01.aba.beta,True,17,8,0.09781146049499512,3.3199288845062256,0.003439664840698242,3.421180009841919,218,13,206,115,3254,1443,22027
oliveira/all_17/randm08.02.02.13.020_0030.02.aba.beta,True,18,8,0.12973427772521973,2.049060821533203,0.004044771194458008,2.182839870452881,258,13,251,151,3566,1769,26933
oliveira/all_17/randm08.02.02.13.020_0030.03.aba.beta,True,12,8,0.05240893363952637,0.3132662773132324,0.002242565155029297,0.3679177761077881,192,9,199,116,1804,1042,16024
oliveira/all_17/randm08.02.02.13.020_0030.04.aba.beta,True,15,8,0.08015727996826172,0.7113523483276367,0.0033550262451171875,0.7948646545410156,187,12,187,136,2326,1471,22448
oliveira/all_17/randm08.02.02.13.020_0030.05.aba.beta,True,21,8,0.09549164772033691,0.572904109954834,0.003612995147705078,0.672008752822876,191,16,183,123,2499,1633,24927
oliveira/all_17/randm08.02.02.14.020_0030.01.aba.beta,True,11,6,0.03755307197570801,0.23299813270568848,0.002187013626098633,0.2727382183074951,145,8,138,119,1802,974,14905
oliveira/all_17/randm08.02.02.14.020_0030.02.aba.beta,True,17,6,0.07061624526977539,0.39588046073913574,0.002474546432495117,0.46897125244140625,150,14,137,117,1907,1181,17733
oliveira/all_17/randm08.02.02.14.020_0030.03.aba.beta,True,19,6,0.07589173316955566,0.45885157585144043,0.00397181510925293,0.538715124130249,170,16,159,127,2047,1680,25707
oliveira/all_17/randm08.02.02.14.020_0030.04.aba.beta,True,12,6,0.05308890342712402,0.29715824127197266,0.00396728515625,0.3542144298553467,149,9,141,112,2177,1650,26510
oliveira/all_17/randm08.02.02.14.020_0030.05.aba.beta,True,13,6,0.04642033576965332,0.2843141555786133,0.0024716854095458984,0.3332061767578125,139,10,130,110,1797,1087,16302
oliveira/all_17/randm08.02.02.15.020_0030.01.aba.beta,True,10,5,0.0348508358001709,0.12038683891296387,0.0023801326751708984,0.15761780738830566,103,8,103,67,1041,955,14600
oliveira/all_17/randm08.02.02.15.020_0030.02.aba.beta,True,9,5,0.03538227081298828,0.11030077934265137,0.002149343490600586,0.14783239364624023,80,7,76,54,888,949,14790
oliveira/all_17/randm08.02.02.15.020_0030.03.aba.beta,True,7,5,0.017368078231811523,0.08317255973815918,0.002184152603149414,0.10272479057312012,84,5,80,60,937,921,14394
oliveira/all_17/randm08.02.02.15.020_0030.04.aba.beta,True,11,5,0.0294034481048584,0.15112996101379395,0.002027273178100586,0.18256068229675293,104,9,98,76,1171,941,14424
oliveira/all_17/randm08.02.02.15.020_0030.05.aba.beta,True,13,5,0.03665924072265625,0.1885688304901123,0.002761363983154297,0.22798943519592285,113,11,103,90,1444,1137,17298
oliveira/all_17/randm08.02.02.16.020_0030.01.aba.beta,True,10,5,0.034175872802734375,0.10509467124938965,0.0018239021301269531,0.14109444618225098,80,9,84,56,888,830,12480
oliveira/all_17/randm08.02.02.16.020_0030.02.aba.beta,True,5,5,0.015350103378295898,0.058835506439208984,0.0014581680297851562,0.07564377784729004,71,4,68,57,1040,633,9970
oliveira/all_17/randm08.02.02.16.020_0030.03.aba.beta,True,9,5,0.02695608139038086,0.1622922420501709,0.002681255340576172,0.19192957878112793,132,8,125,116,1795,1110,17270
oliveira/all_17/randm08.02.02.16.020_0030.04.aba.beta,True,7,5,0.01634693145751953,0.06774425506591797,0.0018203258514404297,0.08591151237487793,66,6,61,51,655,756,11656
oliveira/all_17/randm08.02.02.16.020_0030.05.aba.beta,True,8,5,0.02046370506286621,0.09682679176330566,0.001667022705078125,0.11895751953125,70,7,64,54,767,782,12016
oliveira/all_17/randm08.02.02.17.020_0030.01.aba.beta,True,12,6,0.03932642936706543,0.10305047035217285,0.001737356185913086,0.14411425590515137,93,11,85,61,1088,770,11407
oliveira/all_17/randm08.02.02.17.020_0030.02.aba.beta,True,6,6,0.018599271774291992,0.05060243606567383,0.0017592906951904297,0.07096099853515625,79,6,74,56,871,773,12120
oliveira/all_17/randm08.02.02.17.020_0030.03.aba.beta,True,7,6,0.025843381881713867,0.062162160873413086,0.0018045902252197266,0.08981013298034668,80,7,74,56,684,810,12506
oliveira/all_17/randm08.02.02.17.020_0030.04.aba.beta,True,7,6,0.022763490676879883,0.06249189376831055,0.001432657241821289,0.08668804168701172,91,7,96,52,991,660,10084
oliveira/all_17/randm08.02.02.17.020_0030.05.aba.beta,True,10,6,0.04006075859069824,0.10540652275085449,0.0020418167114257812,0.14750909805297852,118,9,114,67,1563,886,13959
oliveira/all_17/randm08.02.02.18.020_0030.01.aba.beta,True,7,6,0.021511554718017578,0.07416605949401855,0.0013775825500488281,0.09705519676208496,88,5,84,54,858,609,9423
oliveira/all_17/randm08.02.02.18.020_0030.02.aba.beta,True,12,6,0.0391535758972168,0.2441694736480713,0.0031728744506835938,0.2864959239959717,157,9,149,125,1801,1363,21384
oliveira/all_17/randm08.02.02.18.020_0030.03.aba.beta,True,11,6,0.04210638999938965,0.13122057914733887,0.0026903152465820312,0.17601728439331055,98,8,91,66,806,1210,18646
oliveira/all_17/randm08.02.02.18.020_0030.04.aba.beta,True,11,6,0.03674745559692383,0.16445159912109375,0.0017399787902832031,0.20293903350830078,122,8,115,74,1368,800,12109
oliveira/all_17/randm08.02.02.18.020_0030.05.aba.beta,True,11,6,0.05071711540222168,0.20906925201416016,0.001875162124633789,0.2616615295410156,149,8,142,110,2186,868,13346
oliveira/all_17/randm08.02.02.19.020_0030.01.aba.beta,True,11,8,0.05649685859680176,0.16889071464538574,0.0017964839935302734,0.22718405723571777,146,10,138,68,1716,820,12146
oliveira/all_17/randm08.02.02.19.020_0030.02.aba.beta,True,11,8,0.0505368709564209,0.1357870101928711,0.0016925334930419922,0.18801641464233398,120,10,111,52,1746,762,11596
oliveira/all_17/randm08.02.02.19.020_0030.03.aba.beta,True,13,8,0.05164194107055664,0.17642617225646973,0.0016982555389404297,0.2297663688659668,103,10,95,64,887,749,10926
oliveira/all_17/randm08.02.02.19.020_0030.04.aba.beta,True,12,8,0.0586848258972168,0.17095518112182617,0.0017421245574951172,0.23138213157653809,111,11,106,58,1720,823,12382
oliveira/all_17/randm08.02.02.19.020_0030.05.aba.beta,True,17,8,0.07873821258544922,0.29045701026916504,0.0029449462890625,0.37214016914367676,147,15,133,78,1652,1378,20322
oliveira/all_17/randm09.02.02.01.020_0030.01.aba.beta,True,22,9,0.19961309432983398,0.7865021228790283,0.00774383544921875,0.993859052658081,201,19,198,111,2444,3221,51101
oliveira/all_17/randm09.02.02.01.020_0030.02.aba.beta,True,12,7,0.04767799377441406,0.19190573692321777,0.0026247501373291016,0.24220848083496094,132,11,142,75,1695,1152,17741
oliveira/all_17/randm09.02.02.01.020_0030.03.aba.beta,True,21,9,0.1285567283630371,1.83530592918396,0.004447460174560547,1.9683101177215576,239,17,223,122,3517,2040,31262
oliveira/all_17/randm09.02.02.01.020_0030.04.aba.beta,True,24,9,0.20007991790771484,0.8196382522583008,0.004886150360107422,1.024604320526123,228,20,230,120,2682,2257,34049
oliveira/all_17/randm09.02.02.01.020_0030.05.aba.beta,True,21,9,0.12326526641845703,0.9109818935394287,0.007579326629638672,1.0418264865875244,217,17,220,105,1949,2973,46323
oliveira/all_17/randm09.02.02.02.020_0030.01.aba.beta,True,18,8,0.09034204483032227,0.44890451431274414,0.004002809524536133,0.5432493686676025,140,15,132,69,1133,1739,26211
oliveira/all_17/randm09.02.02.02.020_0030.02.aba.beta,True,15,7,0.0655364990234375,0.2928316593170166,0.0033402442932128906,0.361708402633667,136,14,138,75,1282,1540,23498
oliveira/all_17/randm09.02.02.02.020_0030.03.aba.beta,True,29,8,0.20122623443603516,0.8476741313934326,0.007684230804443359,1.0565845966339111,313,24,290,107,3048,2372,35601
oliveira/all_17/randm09.02.02.02.020_0030.04.aba.beta,True,23,8,0.1290900707244873,0.9308981895446777,0.004336833953857422,1.0643250942230225,282,18,265,94,3409,1963,30298
oliveira/all_17/randm09.02.02.02.020_0030.05.aba.beta,True,16,7,0.13480281829833984,0.5228283405303955,0.004033327102661133,0.6616644859313965,135,13,123,84,1344,1796,27512
oliveira/all_17/randm09.02.02.03.020_0030.01.aba.beta,True,11,8,0.06899118423461914,0.23285818099975586,0.002674102783203125,0.3045234680175781,194,10,194,108,2898,1131,17216
oliveira/all_17/randm09.02.02.03.020_0030.02.aba.beta,True,12,8,0.07764363288879395,0.17735052108764648,0.002975940704345703,0.25797009468078613,238,12,245,98,3644,1298,20197
oliveira/all_17/randm09.02.02.03.020_0030.03.aba.beta,True,17,8,0.1835484504699707,0.6100666522979736,0.0019485950469970703,0.7955636978149414,258,12,247,78,3471,920,13870
oliveira/all_17/randm09.02.02.03.020_0030.04.aba.beta,True,13,8,0.1306896209716797,0.2734851837158203,0.0025124549865722656,0.40668725967407227,184,13,173,82,2970,1139,17000
oliveira/all_17/randm09.02.02.03.020_0030.05.aba.beta,True,12,8,0.07937026023864746,0.3723876476287842,0.0024847984313964844,0.4542427062988281,220,12,209,104,3251,1146,17183
oliveira/all_17/randm09.02.02.04.020_0030.01.aba.beta,True,15,7,0.21628236770629883,0.3646695613861084,0.0027418136596679688,0.5836937427520752,140,12,131,90,1745,1169,17405
oliveira/all_17/randm09.02.02.04.020_0030.02.aba.beta,True,12,7,0.14534544944763184,0.3469252586364746,0.0019731521606445312,0.494243860244751,116,11,109,66,1318,881,13113
oliveira/all_17/randm09.02.02.04.020_0030.03.aba.beta,True,11,7,0.12619376182556152,0.3812859058380127,0.0016107559204101562,0.5090904235839844,95,9,90,55,1112,748,11269
oliveira/all_17/randm09.02.02.04.020_0030.04.aba.beta,True,11,7,0.07656335830688477,0.24556493759155273,0.001752614974975586,0.3238809108734131,86,9,82,45,777,808,12096
oliveira/all_17/randm09.02.02.04.020_0030.05.aba.beta,True,12,7,0.12431859970092773,0.22515201568603516,0.0020608901977539062,0.3515315055847168,128,9,120,68,1075,875,13175
oliveira/all_17/randm09.02.02.05.020_0030.01.aba.beta,True,13,8,0.0949103832244873,0.27458667755126953,0.002862691879272461,0.3723597526550293,99,11,94,66,936,870,12903
oliveira/all_17/randm09.02.02.05.020_0030.02.aba.beta,True,10,8,0.07068514823913574,0.1779634952545166,0.001386880874633789,0.25003552436828613,121,8,118,55,1106,640,9405
oliveira/all_17/randm09.02.02.05.020_0030.03.aba.beta,True,14,8,0.06778240203857422,0.2309741973876953,0.002521991729736328,0.30127859115600586,143,11,139,76,1660,1156,17419
oliveira/all_17/randm09.02.02.05.020_0030.04.aba.beta,True,14,8,0.08575034141540527,0.22265315055847168,0.0026988983154296875,0.31110239028930664,126,13,117,69,1309,1248,18864
oliveira/all_17/randm09.02.02.05.020_0030.05.aba.beta,True,9,8,0.0493779182434082,0.12693476676940918,0.0015077590942382812,0.17782044410705566,98,7,95,60,868,670,10169
oliveira/all_17/randm09.02.02.06.020_0030.01.aba.beta,True,17,9,0.10204768180847168,0.40506434440612793,0.002181529998779297,0.5092935562133789,342,12,336,96,4953,967,14511
oliveira/all_17/randm09.02.02.06.020_0030.02.aba.beta,True,16,9,0.09081172943115234,0.26154470443725586,0.0020165443420410156,0.3543729782104492,144,13,153,60,1407,931,13575
oliveira/all_17/randm09.02.02.06.020_0030.03.aba.beta,True,6,9,0.02165818214416504,0.09656500816345215,0.0013539791107177734,0.11957716941833496,119,4,124,71,967,606,9493
oliveira/all_17/randm09.02.02.06.020_0030.04.aba.beta,True,21,9,0.09073233604431152,0.34976840019226074,0.002644777297973633,0.4431455135345459,211,17,197,74,2143,1157,16661
oliveira/all_17/randm09.02.02.06.020_0030.05.aba.beta,True,18,9,0.07110929489135742,0.29712390899658203,0.0021207332611083984,0.37035393714904785,172,14,164,77,1972,1006,14663
oliveira/all_17/randm09.02.02.07.020_0030.01.aba.beta,True,1,1,0.0007913112640380859,0.0022351741790771484,0.001447916030883789,0.0044744014739990234,3,1,3,3,2,511,8445
oliveira/all_17/randm09.02.02.07.020_0030.02.aba.beta,True,1,1,0.00396418571472168,0.002371072769165039,0.0012192726135253906,0.007554531097412109,3,1,3,3,2,530,8553
oliveira/all_17/randm09.02.02.07.020_0030.03.aba.beta,True,1,1,0.0008885860443115234,0.0028972625732421875,0.0011723041534423828,0.004958152770996094,3,1,3,3,2,533,8573
oliveira/all_17/randm09.02.02.07.020_0030.04.aba.beta,True,1,1,0.0008721351623535156,0.0023217201232910156,0.0012383460998535156,0.004432201385498047,3,1,3,3,2,527,8550
oliveira/all_17/randm09.02.02.07.020_0030.05.aba.beta,True,1,1,0.0012128353118896484,0.0023305416107177734,0.0011942386627197266,0.0047376155853271484,3,1,3,3,2,536,8586
oliveira/all_17/randm09.02.02.08.020_0030.01.aba.beta,True,4,6,0.011425971984863281,0.026441335678100586,0.0013883113861083984,0.039255619049072266,56,4,54,26,309,601,9477
oliveira/all_17/randm09.02.02.08.020_0030.02.aba.beta,True,9,6,0.028043746948242188,0.0908665657043457,0.0017595291137695312,0.12066984176635742,91,8,88,55,1123,800,12213
oliveira/all_17/randm09.02.02.08.020_0030.03.aba.beta,True,10,6,0.025913715362548828,0.0950937271118164,0.001981973648071289,0.12298941612243652,74,9,67,44,671,878,13349
oliveira/all_17/randm09.02.02.08.020_0030.04.aba.beta,True,12,6,0.02995586395263672,0.10070204734802246,0.0043070316314697266,0.1349649429321289,96,9,88,35,604,1976,31089
oliveira/all_17/randm09.02.02.08.020_0030.05.aba.beta,True,6,6,0.012907028198242188,0.04043412208557129,0.002544879913330078,0.055886030197143555,71,5,77,32,439,1165,18489
oliveira/all_17/randm09.02.02.09.020_0030.01.aba.beta,True,16,9,0.0674445629119873,0.41076135635375977,0.0042645931243896484,0.4824705123901367,269,13,275,126,3382,1835,29090
oliveira/all_17/randm09.02.02.09.020_0030.02.aba.beta,True,16,9,0.08048892021179199,0.25260090827941895,0.002440214157104492,0.33553004264831543,250,12,239,89,3740,1079,16064
oliveira/all_17/randm09.02.02.09.020_0030.03.aba.beta,True,15,9,0.061585426330566406,0.21833252906799316,0.0015707015991210938,0.28148865699768066,137,11,127,54,1254,723,10474
oliveira/all_17/randm09.02.02.09.020_0030.04.aba.beta,True,17,9,0.08192062377929688,0.5346493721008301,0.003387928009033203,0.6199579238891602,258,14,259,134,3274,1559,23554
oliveira/all_17/randm09.02.02.09.020_0030.05.aba.beta,True,13,9,0.040193796157836914,0.20887327194213867,0.001874685287475586,0.25094175338745117,150,8,143,79,1255,842,12737
oliveira/all_17/randm09.02.02.10.020_0030.01.aba.beta,True,8,6,0.02295827865600586,0.09119153022766113,0.001665353775024414,0.1158151626586914,75,7,71,51,753,783,12035
oliveira/all_17/randm09.02.02.10.020_0030.02.aba.beta,True,9,6,0.04366803169250488,0.08908295631408691,0.0014603137969970703,0.13421130180358887,77,8,72,53,887,677,10211
oliveira/all_17/randm09.02.02.10.020_0030.03.aba.beta,True,10,6,0.03270268440246582,0.10452961921691895,0.0017921924591064453,0.1390244960784912,77,9,73,48,694,805,11915
oliveira/all_17/randm09.02.02.10.020_0030.04.aba.beta,True,7,6,0.023966550827026367,0.05963301658630371,0.00135040283203125,0.08494997024536133,62,6,59,36,608,607,9186
oliveira/all_17/randm09.02.02.10.020_0030.05.aba.beta,True,8,6,0.021543025970458984,0.05912470817565918,0.0014297962188720703,0.08209753036499023,64,8,57,37,715,641,9411
oliveira/all_17/randm09.02.02.11.020_0030.01.aba.beta,True,16,8,0.06707072257995605,0.24834632873535156,0.002385377883911133,0.31780242919921875,192,13,180,105,2562,1110,16680
oliveira/all_17/randm09.02.02.11.020_0030.02.aba.beta,True,17,8,0.07339692115783691,0.2107558250427246,0.001961946487426758,0.2861146926879883,149,15,151,61,2506,905,13266
oliveira/all_17/randm09.02.02.11.020_0030.03.aba.beta,True,18,8,0.07682013511657715,0.25810861587524414,0.0023610591888427734,0.33728981018066406,177,16,199,79,2858,1110,16315
oliveira/all_17/randm09.02.02.11.020_0030.04.aba.beta,True,14,8,0.0543973445892334,0.1321427822113037,0.0016095638275146484,0.18814969062805176,101,12,93,39,1054,732,10532
oliveira/all_17/randm09.02.02.11.020_0030.05.aba.beta,True,11,8,0.0369114875793457,0.11713957786560059,0.001461029052734375,0.15551209449768066,110,8,103,51,1028,644,9691
oliveira/all_17/randm09.02.02.12.020_0030.01.aba.beta,True,7,8,0.019085168838500977,0.06273412704467773,0.001329183578491211,0.08314847946166992,95,5,96,38,817,581,8895
oliveira/all_17/randm09.02.02.12.020_0030.02.aba.beta,True,16,8,0.06482481956481934,0.21004748344421387,0.002174854278564453,0.27704715728759766,127,14,127,68,1294,985,14473
oliveira/all_17/randm09.02.02.12.020_0030.03.aba.beta,True,20,8,0.07457995414733887,0.3321840763092041,0.0027184486389160156,0.409482479095459,148,18,131,85,1695,1192,16910
oliveira/all_17/randm09.02.02.12.020_0030.04.aba.beta,True,14,8,0.045177459716796875,0.1999979019165039,0.0019464492797851562,0.24712181091308594,122,11,112,70,1320,875,13079
oliveira/all_17/randm09.02.02.12.020_0030.05.aba.beta,True,17,8,0.0740203857421875,0.2531859874725342,0.0022537708282470703,0.32946014404296875,154,13,143,79,1858,1066,15632
oliveira/all_17/randm09.02.02.13.020_0030.01.aba.beta,True,17,8,0.06554174423217773,0.31060338020324707,0.0023996829986572266,0.37854480743408203,158,12,153,90,2141,1089,16576
oliveira/all_17/randm09.02.02.13.020_0030.02.aba.beta,True,16,8,0.07282543182373047,0.43480968475341797,0.0027806758880615234,0.51041579246521,233,11,223,120,3927,1175,17784
oliveira/all_17/randm09.02.02.13.020_0030.03.aba.beta,True,16,8,0.06117749214172363,0.28339409828186035,0.0019359588623046875,0.34650754928588867,251,11,259,98,3670,904,13438
oliveira/all_17/randm09.02.02.13.020_0030.04.aba.beta,True,15,8,0.06756734848022461,0.28106164932250977,0.002256155014038086,0.35088515281677246,201,13,191,102,3308,1038,15536
oliveira/all_17/randm09.02.02.13.020_0030.05.aba.beta,True,18,8,0.07623648643493652,0.34631800651550293,0.0027112960815429688,0.4252657890319824,226,15,216,95,2801,1194,17674
oliveira/all_17/randm09.02.02.14.020_0030.01.aba.beta,True,9,6,0.03241324424743652,0.09461593627929688,0.0017535686492919922,0.1287827491760254,85,7,81,62,854,795,12069
oliveira/all_17/randm09.02.02.14.020_0030.02.aba.beta,True,11,6,0.03983926773071289,0.14113759994506836,0.0017268657684326172,0.18270373344421387,93,9,85,71,1110,822,12224
oliveira/all_17/randm09.02.02.14.020_0030.03.aba.beta,True,11,6,0.030632972717285156,0.10144400596618652,0.001352548599243164,0.13342952728271484,95,9,92,55,1078,692,10192
oliveira/all_17/randm09.02.02.14.020_0030.04.aba.beta,True,8,6,0.020119428634643555,0.07623124122619629,0.001642465591430664,0.09799313545227051,88,5,90,63,792,776,12036
oliveira/all_17/randm09.02.02.14.020_0030.05.aba.beta,True,11,6,0.03856182098388672,0.15401506423950195,0.002049684524536133,0.1946265697479248,134,9,136,106,1830,948,14366
oliveira/all_17/randm09.02.02.15.020_0030.01.aba.beta,True,12,8,0.04543900489807129,0.18090319633483887,0.003056049346923828,0.22939825057983398,134,8,128,104,1439,1382,21461
oliveira/all_17/randm09.02.02.15.020_0030.02.aba.beta,True,12,8,0.039705753326416016,0.14140033721923828,0.0014200210571289062,0.1825261116027832,84,8,78,46,780,675,9944
oliveira/all_17/randm09.02.02.15.020_0030.03.aba.beta,True,12,8,0.042757511138916016,0.1459333896636963,0.001888275146484375,0.19057917594909668,117,10,115,68,1409,873,13293
oliveira/all_17/randm09.02.02.15.020_0030.04.aba.beta,True,11,8,0.040523529052734375,0.14811062812805176,0.001741170883178711,0.19037532806396484,114,9,107,74,951,789,11930
oliveira/all_17/randm09.02.02.15.020_0030.05.aba.beta,True,9,8,0.02730560302734375,0.0811307430267334,0.0017278194427490234,0.11016416549682617,100,6,113,52,706,771,12386
oliveira/all_17/randm09.02.02.16.020_0030.01.aba.beta,True,9,6,0.02184009552001953,0.10388040542602539,0.0016808509826660156,0.12740135192871094,97,7,91,64,1065,784,12101
oliveira/all_17/randm09.02.02.16.020_0030.02.aba.beta,True,7,6,0.022833585739135742,0.07993841171264648,0.0016937255859375,0.10446572303771973,125,6,120,68,1734,794,12168
oliveira/all_17/randm09.02.02.16.020_0030.03.aba.beta,True,10,6,0.029215574264526367,0.17036747932434082,0.002920389175415039,0.20250344276428223,135,8,128,97,1541,1246,19619
oliveira/all_17/randm09.02.02.16.020_0030.04.aba.beta,True,8,6,0.032557010650634766,0.09109950065612793,0.0014410018920898438,0.12509751319885254,117,6,136,60,1631,668,10177
oliveira/all_17/randm09.02.02.16.020_0030.05.aba.beta,True,8,6,0.02514362335205078,0.10017704963684082,0.0015904903411865234,0.12691116333007812,90,6,88,56,1329,705,10849
oliveira/all_17/randm09.02.02.17.020_0030.01.aba.beta,True,18,9,0.07791399955749512,0.4044628143310547,0.0027322769165039062,0.4851090908050537,233,13,223,109,3077,1196,18357
oliveira/all_17/randm09.02.02.17.020_0030.02.aba.beta,True,14,9,0.06799530982971191,0.34416818618774414,0.0027391910552978516,0.4149026870727539,174,10,171,128,1940,1113,17054
oliveira/all_17/randm09.02.02.17.020_0030.03.aba.beta,True,10,9,0.042703866958618164,0.14598345756530762,0.0015261173248291016,0.19021344184875488,103,7,102,77,765,715,10847
oliveira/all_17/randm09.02.02.17.020_0030.04.aba.beta,True,15,9,0.07456231117248535,0.32568836212158203,0.0020856857299804688,0.40233635902404785,191,10,185,91,2234,930,14024
oliveira/all_17/randm09.02.02.17.020_0030.05.aba.beta,True,24,9,0.10838818550109863,0.5709323883056641,0.004737377166748047,0.6840579509735107,204,19,187,111,2616,2093,31689
oliveira/all_17/randm09.02.02.18.020_0030.01.aba.beta,True,15,7,0.052603960037231445,0.15059757232666016,0.0019216537475585938,0.2051231861114502,129,12,118,69,1995,875,12855
oliveira/all_17/randm09.02.02.18.020_0030.02.aba.beta,True,12,7,0.0420072078704834,0.12686944007873535,0.0017473697662353516,0.1706240177154541,148,10,143,66,1852,780,11811
oliveira/all_17/randm09.02.02.18.020_0030.03.aba.beta,True,16,7,0.06262421607971191,0.1816420555114746,0.0027768611907958984,0.24704313278198242,143,15,129,87,2208,1081,15985
oliveira/all_17/randm09.02.02.18.020_0030.04.aba.beta,True,15,7,0.054334163665771484,0.24285459518432617,0.0024008750915527344,0.2995896339416504,162,13,162,98,2359,1140,16937
oliveira/all_17/randm09.02.02.18.020_0030.05.aba.beta,True,15,7,0.05553412437438965,0.15723824501037598,0.002630472183227539,0.21540284156799316,157,13,145,71,2568,1019,15322
oliveira/all_17/randm09.02.02.19.020_0030.01.aba.beta,True,18,8,0.090057373046875,0.3850114345550537,0.00299835205078125,0.47806715965270996,192,16,177,105,2663,1316,19879
oliveira/all_17/randm09.02.02.19.020_0030.02.aba.beta,True,14,8,0.06732535362243652,0.2305893898010254,0.0041429996490478516,0.30205774307250977,186,13,186,111,2303,1814,27884
oliveira/all_17/randm09.02.02.19.020_0030.03.aba.beta,True,15,8,0.06292414665222168,0.2913048267364502,0.0024242401123046875,0.35665321350097656,178,11,168,83,2588,1069,16058
oliveira/all_17/randm09.02.02.19.020_0030.04.aba.beta,True,14,8,0.0716862678527832,0.265045166015625,0.0026519298553466797,0.3393833637237549,192,11,186,100,2922,1098,16590
oliveira/all_17/randm09.02.02.19.020_0030.05.aba.beta,True,18,8,0.08134126663208008,0.41553735733032227,0.004067659378051758,0.5009462833404541,231,14,222,153,2957,1792,27544
oliveira/all_17/randm10.02.02.01.020_0030.01.aba.beta,True,3,6,0.009672164916992188,0.019570350646972656,0.0016117095947265625,0.030854225158691406,59,3,62,30,277,708,11182
oliveira/all_17/randm10.02.02.01.020_0030.02.aba.beta,True,10,6,0.029599666595458984,0.08628201484680176,0.0017943382263183594,0.1176760196685791,78,9,75,35,756,821,12497
oliveira/all_17/randm10.02.02.01.020_0030.03.aba.beta,True,9,6,0.033944129943847656,0.1051337718963623,0.001638650894165039,0.140716552734375,72,7,79,47,746,744,11391
oliveira/all_17/randm10.02.02.01.020_0030.04.aba.beta,True,5,6,0.018088102340698242,0.05346035957336426,0.0016243457794189453,0.07317280769348145,66,5,62,29,435,729,11318
oliveira/all_17/randm10.02.02.01.020_0030.05.aba.beta,True,7,6,0.03174424171447754,0.06537127494812012,0.0037772655487060547,0.10089278221130371,79,6,80,34,413,1576,24991
oliveira/all_17/randm10.02.02.02.020_0030.01.aba.beta,True,18,9,0.09980249404907227,0.4752161502838135,0.0027272701263427734,0.5777459144592285,239,14,250,121,3004,1319,19542
oliveira/all_17/randm10.02.02.02.020_0030.02.aba.beta,True,22,9,0.14586377143859863,0.7163863182067871,0.004721641540527344,0.8669717311859131,245,19,249,155,3255,2101,32199
oliveira/all_17/randm10.02.02.02.020_0030.03.aba.beta,True,16,9,0.06694555282592773,0.281125545501709,0.001971721649169922,0.35004281997680664,168,13,165,83,2391,938,13946
oliveira/all_17/randm10.02.02.02.020_0030.04.aba.beta,True,17,9,0.09921026229858398,0.4555490016937256,0.0031120777130126953,0.5578713417053223,209,14,196,119,2184,1364,21092
oliveira/all_17/randm10.02.02.02.020_0030.05.aba.beta,True,20,9,0.09939289093017578,0.501495361328125,0.0022389888763427734,0.6031272411346436,232,15,221,99,2607,1090,15846
oliveira/all_17/randm10.02.02.03.020_0030.01.aba.beta,True,23,8,0.10674309730529785,0.37472081184387207,0.0031633377075195312,0.48462724685668945,154,20,142,88,1682,1441,21027
oliveira/all_17/randm10.02.02.03.020_0030.02.aba.beta,True,17,8,0.061524152755737305,0.3113269805908203,0.0029687881469726562,0.3758199214935303,147,12,136,87,1641,1372,20537
oliveira/all_17/randm10.02.02.03.020_0030.03.aba.beta,True,17,8,0.06377768516540527,0.35577988624572754,0.0025925636291503906,0.4221501350402832,153,13,150,88,1999,1166,17677
oliveira/all_17/randm10.02.02.03.020_0030.04.aba.beta,True,15,8,0.052614688873291016,0.19433188438415527,0.0023851394653320312,0.24933171272277832,145,11,142,99,1732,1064,15941
oliveira/all_17/randm10.02.02.03.020_0030.05.aba.beta,True,14,8,0.05571603775024414,0.18570232391357422,0.0028014183044433594,0.24421977996826172,132,11,133,86,1303,1078,16193
oliveira/all_17/randm10.02.02.04.020_0030.01.aba.beta,True,8,5,0.026157617568969727,0.06033635139465332,0.0013265609741210938,0.08782052993774414,54,7,48,29,627,637,9412
oliveira/all_17/randm10.02.02.04.020_0030.02.aba.beta,True,5,5,0.016038894653320312,0.03537702560424805,0.0013799667358398438,0.0527958869934082,49,3,47,33,373,569,8804
oliveira/all_17/randm10.02.02.04.020_0030.03.aba.beta,True,5,5,0.01139521598815918,0.026138782501220703,0.0012660026550292969,0.03880000114440918,36,3,35,20,132,529,8540
oliveira/all_17/randm10.02.02.04.020_0030.04.aba.beta,True,5,5,0.012732982635498047,0.04540419578552246,0.0012905597686767578,0.059427738189697266,43,5,43,26,247,571,8741
oliveira/all_17/randm10.02.02.04.020_0030.05.aba.beta,True,5,5,0.013997077941894531,0.03671526908874512,0.0015223026275634766,0.052234649658203125,63,5,61,44,673,635,9600
oliveira/all_17/randm10.02.02.05.020_0030.01.aba.beta,True,16,8,0.055747032165527344,0.25917816162109375,0.003463268280029297,0.3183884620666504,139,13,129,74,1288,1502,23536
oliveira/all_17/randm10.02.02.05.020_0030.02.aba.beta,True,11,7,0.04288792610168457,0.15175485610961914,0.0033092498779296875,0.1979520320892334,126,10,121,78,1268,1406,21535
oliveira/all_17/randm10.02.02.05.020_0030.03.aba.beta,True,10,8,0.04509925842285156,0.1537611484527588,0.0024726390838623047,0.20133304595947266,164,8,159,105,2251,1064,16454
oliveira/all_17/randm10.02.02.05.020_0030.04.aba.beta,True,15,8,0.06078028678894043,0.2756481170654297,0.003443002700805664,0.3398714065551758,166,13,154,93,1781,1601,24211
oliveira/all_17/randm10.02.02.05.020_0030.05.aba.beta,True,16,8,0.10210990905761719,0.36383724212646484,0.005659818649291992,0.471606969833374,187,14,190,119,2554,2413,37450
oliveira/all_17/randm10.02.02.06.020_0030.01.aba.beta,True,17,9,0.08146905899047852,0.2575187683105469,0.002044200897216797,0.3410320281982422,208,12,214,83,1931,920,13550
oliveira/all_17/randm10.02.02.06.020_0030.02.aba.beta,True,17,9,0.12061119079589844,0.3682436943054199,0.0031919479370117188,0.4920468330383301,226,13,214,126,3524,1436,21935
oliveira/all_17/randm10.02.02.06.020_0030.03.aba.beta,True,23,9,0.13700318336486816,0.5621578693389893,0.0036766529083251953,0.7028377056121826,268,17,254,109,4108,1582,23776
oliveira/all_17/randm10.02.02.06.020_0030.04.aba.beta,True,14,9,0.06250524520874023,0.17175078392028809,0.0019221305847167969,0.23617815971374512,166,9,159,60,2588,783,11900
oliveira/all_17/randm10.02.02.06.020_0030.05.aba.beta,True,16,9,0.11364054679870605,0.2874760627746582,0.002172231674194336,0.4032888412475586,281,14,281,84,4167,978,14557
oliveira/all_17/randm10.02.02.07.020_0030.01.aba.beta,True,21,9,0.12697219848632812,0.6616220474243164,0.0044596195220947266,0.7930538654327393,319,16,325,157,3927,1869,28782
oliveira/all_17/randm10.02.02.07.020_0030.02.aba.beta,True,19,9,0.09651923179626465,0.3872201442718506,0.002584218978881836,0.48632359504699707,222,15,208,110,2146,1138,16955
oliveira/all_17/randm10.02.02.07.020_0030.03.aba.beta,True,19,9,0.08633756637573242,0.3620729446411133,0.003235340118408203,0.4516458511352539,199,15,194,107,2003,1364,20476
oliveira/all_17/randm10.02.02.07.020_0030.04.aba.beta,True,21,9,0.11196494102478027,0.4810142517089844,0.003504037857055664,0.5964832305908203,233,17,219,115,3468,1573,23243
oliveira/all_17/randm10.02.02.07.020_0030.05.aba.beta,True,18,9,0.09511470794677734,0.369950532913208,0.0025734901428222656,0.4676387310028076,196,13,196,117,2538,1137,16929
oliveira/all_17/randm10.02.02.08.020_0030.01.aba.beta,True,15,9,0.07420086860656738,0.29053378105163574,0.0021533966064453125,0.36688804626464844,145,13,133,95,1442,951,14316
oliveira/all_17/randm10.02.02.08.020_0030.02.aba.beta,True,8,9,0.04771757125854492,0.11433887481689453,0.0014526844024658203,0.16350913047790527,90,7,85,54,677,638,9663
oliveira/all_17/randm10.02.02.08.020_0030.03.aba.beta,True,11,9,0.047438859939575195,0.1694622039794922,0.0013608932495117188,0.2182619571685791,133,8,126,55,1305,638,9401
oliveira/all_17/randm10.02.02.08.020_0030.04.aba.beta,True,15,9,0.0743706226348877,0.17465662956237793,0.00156402587890625,0.2505912780761719,133,10,128,54,1045,718,10616
oliveira/all_17/randm10.02.02.08.020_0030.05.aba.beta,True,7,9,0.05508542060852051,0.12408208847045898,0.0014948844909667969,0.1806623935699463,118,6,116,76,1080,660,10123
oliveira/all_17/randm10.02.02.09.020_0030.01.aba.beta,True,10,7,0.05258989334106445,0.14373469352722168,0.001859426498413086,0.19818401336669922,118,8,111,69,1417,870,13473
oliveira/all_17/randm10.02.02.09.020_0030.02.aba.beta,True,8,7,0.030488014221191406,0.1143946647644043,0.0014946460723876953,0.1463773250579834,143,6,141,84,1304,644,9897
oliveira/all_17/randm10.02.02.09.020_0030.03.aba.beta,True,12,7,0.04934954643249512,0.19339704513549805,0.00171661376953125,0.24446320533752441,116,10,109,64,1113,762,11431
oliveira/all_17/randm10.02.02.09.020_0030.04.aba.beta,True,10,7,0.034331560134887695,0.12522172927856445,0.0014030933380126953,0.16095638275146484,102,8,95,69,961,682,10304
oliveira/all_17/randm10.02.02.09.020_0030.05.aba.beta,True,12,7,0.05531620979309082,0.18106722831726074,0.001992940902709961,0.23837637901306152,188,10,179,93,2748,908,13751
oliveira/all_17/randm10.02.02.10.020_0030.01.aba.beta,True,7,7,0.02920365333557129,0.08496546745300293,0.0013554096221923828,0.1155245304107666,76,6,73,52,709,648,9901
oliveira/all_17/randm10.02.02.10.020_0030.02.aba.beta,True,7,7,0.028553485870361328,0.06582212448120117,0.0015599727630615234,0.09593558311462402,66,6,62,40,382,689,10526
oliveira/all_17/randm10.02.02.10.020_0030.03.aba.beta,True,12,7,0.04216146469116211,0.17585301399230957,0.0016813278198242188,0.2196958065032959,133,9,125,70,1992,755,11248
oliveira/all_17/randm10.02.02.10.020_0030.04.aba.beta,True,12,7,0.04131746292114258,0.15448784828186035,0.0015919208526611328,0.19739723205566406,113,10,104,55,1087,738,10855
oliveira/all_17/randm10.02.02.10.020_0030.05.aba.beta,True,15,7,0.05138421058654785,0.23655462265014648,0.0024220943450927734,0.2903609275817871,144,12,139,87,1782,969,14440
oliveira/all_17/randm10.02.02.11.020_0030.01.aba.beta,True,12,7,0.04544496536254883,0.12546825408935547,0.0016548633575439453,0.17256808280944824,115,10,106,61,979,785,11533
oliveira/all_17/randm10.02.02.11.020_0030.02.aba.beta,True,8,7,0.03161287307739258,0.0626976490020752,0.0013813972473144531,0.09569191932678223,100,7,96,45,980,621,9344
oliveira/all_17/randm10.02.02.11.020_0030.03.aba.beta,True,11,7,0.03879046440124512,0.10652732849121094,0.0014045238494873047,0.14672231674194336,99,11,95,39,928,652,9470
oliveira/all_17/randm10.02.02.11.020_0030.04.aba.beta,True,11,7,0.04308938980102539,0.12246108055114746,0.0015935897827148438,0.1671440601348877,109,9,107,57,1377,768,11387
oliveira/all_17/randm10.02.02.11.020_0030.05.aba.beta,True,10,7,0.03269767761230469,0.09785008430480957,0.0017597675323486328,0.1323075294494629,99,9,92,61,985,829,12400
oliveira/all_17/randm10.02.02.12.020_0030.01.aba.beta,True,16,8,0.060959815979003906,0.2757389545440674,0.002445220947265625,0.3391439914703369,175,11,165,85,1709,1003,14917
oliveira/all_17/randm10.02.02.12.020_0030.02.aba.beta,True,18,8,0.0668494701385498,0.3376188278198242,0.0027120113372802734,0.4071803092956543,187,13,175,99,2065,1218,18931
oliveira/all_17/randm10.02.02.12.020_0030.03.aba.beta,True,8,8,0.03557729721069336,0.09385204315185547,0.0013990402221679688,0.1308283805847168,98,7,94,58,913,645,9869
oliveira/all_17/randm10.02.02.12.020_0030.04.aba.beta,True,16,8,0.06428194046020508,0.15407538414001465,0.0016131401062011719,0.2199704647064209,103,14,100,42,1183,759,10799
oliveira/all_17/randm10.02.02.12.020_0030.05.aba.beta,True,18,8,0.06428098678588867,0.31427597999572754,0.0023682117462158203,0.38092517852783203,211,14,198,93,2436,1137,16653
oliveira/all_17/randm10.02.02.13.020_0030.01.aba.beta,True,8,6,0.022285938262939453,0.07572627067565918,0.0014138221740722656,0.0994260311126709,88,6,85,47,1082,633,9636
oliveira/all_17/randm10.02.02.13.020_0030.02.aba.beta,True,15,6,0.05229449272155762,0.22069287300109863,0.0027294158935546875,0.27571678161621094,113,13,101,80,1563,1220,18940
oliveira/all_17/randm10.02.02.13.020_0030.03.aba.beta,True,8,6,0.024323225021362305,0.10223746299743652,0.001682281494140625,0.12824296951293945,93,7,87,67,1199,778,11821
oliveira/all_17/randm10.02.02.13.020_0030.04.aba.beta,True,16,6,0.058664560317993164,0.2251267433166504,0.002563953399658203,0.28635525703430176,128,15,126,89,1638,1162,17308
oliveira/all_17/randm10.02.02.13.020_0030.05.aba.beta,True,9,6,0.028798580169677734,0.09186124801635742,0.002007007598876953,0.12266683578491211,81,8,74,57,912,938,14212
oliveira/all_17/randm10.02.02.14.020_0030.01.aba.beta,True,22,9,0.11758852005004883,0.5957367420196533,0.002991199493408203,0.7163164615631104,283,17,267,123,4828,1350,19857
oliveira/all_17/randm10.02.02.14.020_0030.02.aba.beta,True,14,9,0.07853436470031738,0.2187817096710205,0.002060413360595703,0.2993764877319336,217,11,217,66,3299,892,13572
oliveira/all_17/randm10.02.02.14.020_0030.03.aba.beta,True,20,9,0.08047890663146973,0.46028566360473633,0.0041577816009521484,0.5449223518371582,264,15,250,136,3694,1727,26417
oliveira/all_17/randm10.02.02.14.020_0030.04.aba.beta,True,22,9,0.12319397926330566,0.7767975330352783,0.00351715087890625,0.9035086631774902,296,18,299,132,4364,1542,23436
oliveira/all_17/randm10.02.02.14.020_0030.05.aba.beta,True,18,9,0.08849120140075684,0.5323021411895752,0.0021059513092041016,0.6228992938995361,316,13,311,107,3700,944,14033
oliveira/all_17/randm10.02.02.15.020_0030.01.aba.beta,True,17,8,0.060929298400878906,0.18500661849975586,0.0019893646240234375,0.2479252815246582,156,13,154,75,1749,895,13162
oliveira/all_17/randm10.02.02.15.020_0030.02.aba.beta,True,9,8,0.03077864646911621,0.09468340873718262,0.001348257064819336,0.12681031227111816,102,6,98,55,880,602,9235
oliveira/all_17/randm10.02.02.15.020_0030.03.aba.beta,True,17,8,0.052496910095214844,0.20832443237304688,0.0017085075378417969,0.2625298500061035,143,12,137,65,1713,844,12210
oliveira/all_17/randm10.02.02.15.020_0030.04.aba.beta,True,15,8,0.07289552688598633,0.20870399475097656,0.0018541812896728516,0.28345370292663574,181,11,171,71,2773,848,12518
oliveira/all_17/randm10.02.02.15.020_0030.05.aba.beta,True,17,8,0.06540966033935547,0.21683025360107422,0.0025055408477783203,0.284745454788208,139,14,138,69,1610,977,14075
oliveira/all_17/randm10.02.02.16.020_0030.01.aba.beta,True,19,8,0.08592700958251953,0.39862871170043945,0.002921581268310547,0.48747730255126953,170,16,155,99,1957,1332,19842
oliveira/all_17/randm10.02.02.16.020_0030.02.aba.beta,True,15,8,0.06998109817504883,0.34053540229797363,0.0030052661895751953,0.41352176666259766,192,11,186,107,2777,1262,19181
oliveira/all_17/randm10.02.02.16.020_0030.03.aba.beta,True,15,8,0.0880887508392334,0.25531792640686035,0.00301361083984375,0.3464202880859375,205,14,209,99,2329,1358,20183
oliveira/all_17/randm10.02.02.16.020_0030.04.aba.beta,True,18,8,0.06820869445800781,0.27001094818115234,0.0021288394927978516,0.340348482131958,200,14,201,84,2683,1018,14693
oliveira/all_17/randm10.02.02.16.020_0030.05.aba.beta,True,16,8,0.08492684364318848,0.5322175025939941,0.0033855438232421875,0.6205298900604248,282,13,270,150,3752,1513,23214
oliveira/all_17/randm10.02.02.17.020_0030.01.aba.beta,True,16,7,0.057322025299072266,0.19150471687316895,0.0019271373748779297,0.25075387954711914,130,13,132,69,1980,907,13228
oliveira/all_17/randm10.02.02.17.020_0030.02.aba.beta,True,14,7,0.06655764579772949,0.19188642501831055,0.002356290817260742,0.2608003616333008,170,13,197,86,2288,1100,16631
oliveira/all_17/randm10.02.02.17.020_0030.03.aba.beta,True,10,7,0.04329562187194824,0.23766875267028809,0.002050638198852539,0.28301501274108887,149,7,145,81,2432,861,13205
oliveira/all_17/randm10.02.02.17.020_0030.04.aba.beta,True,8,7,0.03772926330566406,0.10692811012268066,0.0018663406372070312,0.14652371406555176,130,8,131,75,1878,775,11730
oliveira/all_17/randm10.02.02.17.020_0030.05.aba.beta,True,14,7,0.05053281784057617,0.15898823738098145,0.0016150474548339844,0.2111361026763916,130,11,122,58,1722,756,11043
oliveira/all_17/randm10.02.02.18.020_0030.01.aba.beta,True,1,1,0.0012135505676269531,0.004115104675292969,0.0012316703796386719,0.006560325622558594,3,1,3,3,2,539,8607
oliveira/all_17/randm10.02.02.18.020_0030.02.aba.beta,True,1,1,0.0014410018920898438,0.0023603439331054688,0.0012013912200927734,0.005002737045288086,3,1,3,3,2,537,8599
oliveira/all_17/randm10.02.02.18.020_0030.03.aba.beta,True,1,1,0.0031120777130126953,0.0024805068969726562,0.0012695789337158203,0.006862163543701172,3,1,3,3,2,537,8596
oliveira/all_17/randm10.02.02.18.020_0030.04.aba.beta,True,1,1,0.0013341903686523438,0.0021834373474121094,0.0012326240539550781,0.004750251770019531,3,1,3,3,2,536,8587
oliveira/all_17/randm10.02.02.18.020_0030.05.aba.beta,True,1,1,0.0014252662658691406,0.002513408660888672,0.0012769699096679688,0.005215644836425781,3,1,3,3,2,537,8596
oliveira/all_17/randm10.02.02.19.020_0030.01.aba.beta,True,16,10,0.07172751426696777,0.27500391006469727,0.0027875900268554688,0.3495190143585205,160,12,157,92,1470,1227,18458
oliveira/all_17/randm10.02.02.19.020_0030.02.aba.beta,True,17,10,0.06802821159362793,0.2879455089569092,0.0018227100372314453,0.35779643058776855,257,10,254,82,2396,792,11695
oliveira/all_17/randm10.02.02.19.020_0030.03.aba.beta,True,26,10,0.16999602317810059,1.1637182235717773,0.004924774169921875,1.3386390209197998,290,23,268,134,4282,2136,32022
oliveira/all_17/randm10.02.02.19.020_0030.04.aba.beta,True,19,10,0.10655713081359863,0.5223948955535889,0.0037763118743896484,0.6327283382415771,278,14,289,114,3951,1686,25719
oliveira/all_17/randm10.02.02.19.020_0030.05.aba.beta,True,22,10,0.10571694374084473,0.4404418468475342,0.0024051666259765625,0.5485639572143555,195,16,183,107,2260,1109,16323
oliveira/all_17/randm11.02.02.01.020_0030.01.aba.beta,True,19,10,0.1016225814819336,0.39351391792297363,0.002626180648803711,0.49776268005371094,281,15,271,105,3755,1219,17882
oliveira/all_17/randm11.02.02.01.020_0030.02.aba.beta,True,14,10,0.07631945610046387,0.19584131240844727,0.0020325183868408203,0.27419328689575195,176,13,167,63,1913,954,13826
oliveira/all_17/randm11.02.02.01.020_0030.03.aba.beta,True,24,10,0.1328718662261963,0.7996940612792969,0.004095792770385742,0.9366617202758789,334,18,317,140,4603,1802,27289
oliveira/all_17/randm11.02.02.01.020_0030.04.aba.beta,True,16,10,0.06982707977294922,0.3877449035644531,0.0020599365234375,0.45963191986083984,265,10,256,108,3066,861,12924
oliveira/all_17/randm11.02.02.01.020_0030.05.aba.beta,True,14,10,0.06737899780273438,0.23506999015808105,0.0028154850006103516,0.3052644729614258,228,10,223,95,2074,802,11856
oliveira/all_17/randm11.02.02.02.020_0030.01.aba.beta,True,7,9,0.043863773345947266,0.09642791748046875,0.0014026165008544922,0.1416943073272705,179,4,193,66,2382,605,9383
oliveira/all_17/randm11.02.02.02.020_0030.02.aba.beta,True,18,10,0.10436487197875977,0.3516080379486084,0.0036542415618896484,0.4596271514892578,240,12,232,91,3120,1629,25341
oliveira/all_17/randm11.02.02.02.020_0030.03.aba.beta,True,13,10,0.06737494468688965,0.19615817070007324,0.002688169479370117,0.266221284866333,170,10,180,73,2189,1222,18501
oliveira/all_17/randm11.02.02.02.020_0030.04.aba.beta,True,21,10,0.11673402786254883,0.5196428298950195,0.0037741661071777344,0.6401510238647461,210,18,198,114,2490,1716,25702
oliveira/all_17/randm11.02.02.02.020_0030.05.aba.beta,True,18,10,0.09776186943054199,0.4061317443847656,0.0025331974029541016,0.5064268112182617,199,12,200,98,2983,1078,16243
oliveira/all_17/randm11.02.02.03.020_0030.01.aba.beta,True,15,10,0.07646608352661133,0.2478339672088623,0.0026106834411621094,0.32691073417663574,186,10,194,62,1589,1198,18009
oliveira/all_17/randm11.02.02.03.020_0030.02.aba.beta,True,21,10,0.1050717830657959,0.4765150547027588,0.002730846405029297,0.584317684173584,259,14,256,96,3552,1188,17905
oliveira/all_17/randm11.02.02.03.020_0030.03.aba.beta,True,15,10,0.10544395446777344,0.40233778953552246,0.0026154518127441406,0.51039719581604,341,11,331,94,6245,1124,16987
oliveira/all_17/randm11.02.02.03.020_0030.04.aba.beta,True,21,10,0.19218039512634277,0.6160955429077148,0.0024073123931884766,0.8106832504272461,264,16,256,102,2672,1078,15717
oliveira/all_17/randm11.02.02.03.020_0030.05.aba.beta,True,12,10,0.0688786506652832,0.30948376655578613,0.0026314258575439453,0.3809938430786133,233,9,231,105,1941,1291,19847
oliveira/all_17/randm11.02.02.04.020_0030.01.aba.beta,True,13,9,0.06749987602233887,0.23822975158691406,0.001773834228515625,0.30750346183776855,185,9,193,91,1800,836,12515
oliveira/all_17/randm11.02.02.04.020_0030.02.aba.beta,True,14,9,0.05151176452636719,0.18654751777648926,0.0019345283508300781,0.23999381065368652,169,10,160,63,1480,883,13141
oliveira/all_17/randm11.02.02.04.020_0030.03.aba.beta,True,9,9,0.041828155517578125,0.12382245063781738,0.0015408992767333984,0.1671915054321289,119,7,113,54,1170,656,9929
oliveira/all_17/randm11.02.02.04.020_0030.04.aba.beta,True,9,9,0.03962135314941406,0.127455472946167,0.0015537738800048828,0.16863059997558594,146,7,147,65,1408,694,10444
oliveira/all_17/randm11.02.02.04.020_0030.05.aba.beta,True,18,9,0.12550783157348633,0.355273962020874,0.002263784408569336,0.4830455780029297,164,14,155,84,1598,1002,14606
oliveira/all_17/randm11.02.02.05.020_0030.01.aba.beta,True,13,8,0.06569147109985352,0.15153217315673828,0.0018727779388427734,0.21909642219543457,139,12,140,66,2054,870,12868
oliveira/all_17/randm11.02.02.05.020_0030.02.aba.beta,True,18,8,0.15568089485168457,0.43439245223999023,0.0025429725646972656,0.5926163196563721,168,15,158,108,1769,1154,17032
oliveira/all_17/randm11.02.02.05.020_0030.03.aba.beta,True,14,8,0.04821944236755371,0.29241108894348145,0.001729726791381836,0.342360258102417,118,11,111,68,968,774,11228
oliveira/all_17/randm11.02.02.05.020_0030.04.aba.beta,True,15,8,0.07164502143859863,0.33546876907348633,0.0018990039825439453,0.4090127944946289,170,13,164,70,2136,854,12548
oliveira/all_17/randm11.02.02.05.020_0030.05.aba.beta,True,15,8,0.09760546684265137,0.28833794593811035,0.001466512680053711,0.38740992546081543,122,12,111,68,1235,778,11398
oliveira/all_17/randm11.02.02.06.020_0030.01.aba.beta,True,12,8,0.046484947204589844,0.2962315082550049,0.0023627281188964844,0.3450791835784912,159,9,170,100,1605,998,15283
oliveira/all_17/randm11.02.02.06.020_0030.02.aba.beta,True,14,8,0.10347962379455566,0.28751301765441895,0.0058095455169677734,0.3968021869659424,164,13,152,89,2313,2447,39895
oliveira/all_17/randm11.02.02.06.020_0030.03.aba.beta,True,15,8,0.09833312034606934,0.24457907676696777,0.001957416534423828,0.34486961364746094,108,13,96,45,889,923,13394
oliveira/all_17/randm11.02.02.06.020_0030.04.aba.beta,True,15,8,0.055873870849609375,0.33683133125305176,0.002366304397583008,0.39507150650024414,143,12,137,84,1582,1046,15696
oliveira/all_17/randm11.02.02.06.020_0030.05.aba.beta,True,14,8,0.10919904708862305,0.2931215763092041,0.002080202102661133,0.4044008255004883,132,11,123,91,1264,981,14647
oliveira/all_17/randm11.02.02.07.020_0030.01.aba.beta,True,13,9,0.14914369583129883,0.3098928928375244,0.003416299819946289,0.46245288848876953,190,11,187,95,2211,1565,23699
oliveira/all_17/randm11.02.02.07.020_0030.02.aba.beta,True,16,9,0.08538961410522461,0.5980510711669922,0.0035767555236816406,0.6870174407958984,257,13,257,124,3324,1298,19585
oliveira/all_17/randm11.02.02.07.020_0030.03.aba.beta,True,17,9,0.07107377052307129,0.4081845283508301,0.0024416446685791016,0.48169994354248047,223,13,214,121,2119,1066,16038
oliveira/all_17/randm11.02.02.07.020_0030.04.aba.beta,True,11,9,0.042395830154418945,0.203934907913208,0.0017480850219726562,0.2480788230895996,187,7,181,93,1639,767,11977
oliveira/all_17/randm11.02.02.07.020_0030.05.aba.beta,True,17,9,0.07665443420410156,0.3678281307220459,0.0029516220092773438,0.4474341869354248,177,13,168,92,2180,1332,19819
oliveira/all_17/randm11.02.02.08.020_0030.01.aba.beta,True,6,6,0.019113540649414062,0.05569338798522949,0.0013611316680908203,0.07616806030273438,83,6,80,31,1000,600,9125
oliveira/all_17/randm11.02.02.08.020_0030.02.aba.beta,True,9,6,0.031211137771606445,0.08263421058654785,0.0014133453369140625,0.11525869369506836,81,8,81,38,693,648,9653
oliveira/all_17/randm11.02.02.08.020_0030.03.aba.beta,True,6,6,0.01721668243408203,0.04947090148925781,0.0015711784362792969,0.06825876235961914,68,6,63,39,608,732,11207
oliveira/all_17/randm11.02.02.08.020_0030.04.aba.beta,True,9,6,0.03281235694885254,0.07725048065185547,0.0013606548309326172,0.11142349243164062,94,8,91,46,1334,675,10106
oliveira/all_17/randm11.02.02.08.020_0030.05.aba.beta,True,6,6,0.01707911491394043,0.04546093940734863,0.0013110637664794922,0.06385111808776855,61,6,68,25,489,587,8888
oliveira/all_17/randm11.02.02.09.020_0030.01.aba.beta,True,11,6,0.040419578552246094,0.1553943157196045,0.002010822296142578,0.19782471656799316,124,8,117,78,1590,887,13893
oliveira/all_17/randm11.02.02.09.020_0030.02.aba.beta,True,11,6,0.04367852210998535,0.16284704208374023,0.0018227100372314453,0.20834827423095703,143,9,135,96,1786,828,12561
oliveira/all_17/randm11.02.02.09.020_0030.03.aba.beta,True,11,6,0.03753376007080078,0.1647319793701172,0.002834796905517578,0.20510053634643555,121,9,113,92,1412,1256,19403
oliveira/all_17/randm11.02.02.09.020_0030.04.aba.beta,True,10,6,0.03873252868652344,0.1869184970855713,0.002101421356201172,0.2277524471282959,141,8,134,93,1911,953,14712
oliveira/all_17/randm11.02.02.09.020_0030.05.aba.beta,True,14,6,0.05231618881225586,0.22948956489562988,0.0024161338806152344,0.284221887588501,132,12,129,99,1916,1102,16465
oliveira/all_17/randm11.02.02.10.020_0030.01.aba.beta,True,25,9,0.14507460594177246,0.9089682102203369,0.0068340301513671875,1.0608768463134766,346,20,329,182,5416,2953,45565
oliveira/all_17/randm11.02.02.10.020_0030.02.aba.beta,True,22,9,0.12598013877868652,0.5491063594818115,0.0039980411529541016,0.6790845394134521,271,17,260,117,4709,1780,26884
oliveira/all_17/randm11.02.02.10.020_0030.03.aba.beta,True,24,9,0.13171792030334473,0.4857442378997803,0.003780364990234375,0.6212425231933594,251,20,232,106,4311,1721,26068
oliveira/all_17/randm11.02.02.10.020_0030.04.aba.beta,True,23,9,0.10021042823791504,0.704007625579834,0.003069639205932617,0.8072876930236816,256,18,239,105,3488,1422,21176
oliveira/all_17/randm11.02.02.10.020_0030.05.aba.beta,True,17,8,0.07454299926757812,0.34000730514526367,0.0032091140747070312,0.41775941848754883,186,12,175,111,2389,1498,22973
oliveira/all_17/randm11.02.02.11.020_0030.01.aba.beta,True,15,11,0.07454085350036621,0.24020099639892578,0.0053098201751708984,0.3200516700744629,169,9,182,57,1246,2332,37043
oliveira/all_17/randm11.02.02.11.020_0030.02.aba.beta,True,11,10,0.04463386535644531,0.16489005088806152,0.0019407272338867188,0.21146464347839355,151,7,147,65,1298,895,13748
oliveira/all_17/randm11.02.02.11.020_0030.03.aba.beta,True,27,11,0.12532424926757812,0.4983971118927002,0.0041615962982177734,0.6278829574584961,207,23,190,85,2277,1819,27366
oliveira/all_17/randm11.02.02.11.020_0030.04.aba.beta,True,23,11,0.12792110443115234,0.3880608081817627,0.0029578208923339844,0.518939733505249,297,17,295,73,3193,1330,19672
oliveira/all_17/randm11.02.02.11.020_0030.05.aba.beta,True,13,11,0.09123921394348145,0.2934393882751465,0.0036573410034179688,0.3883359432220459,267,7,264,77,2506,1630,25713
oliveira/all_17/randm11.02.02.12.020_0030.01.aba.beta,True,8,6,0.025762081146240234,0.11189699172973633,0.001825094223022461,0.13948416709899902,86,6,85,67,649,813,12511
oliveira/all_17/randm11.02.02.12.020_0030.02.aba.beta,True,5,6,0.015297412872314453,0.049955129623413086,0.0013382434844970703,0.06659078598022461,63,5,62,48,569,611,9554
oliveira/all_17/randm11.02.02.12.020_0030.03.aba.beta,True,8,6,0.02176952362060547,0.09122157096862793,0.0018062591552734375,0.11479735374450684,85,6,92,58,995,775,12119
oliveira/all_17/randm11.02.02.12.020_0030.04.aba.beta,True,11,6,0.030113935470581055,0.12513279914855957,0.0016186237335205078,0.15686535835266113,84,9,76,61,1065,730,10853
oliveira/all_17/randm11.02.02.12.020_0030.05.aba.beta,True,8,6,0.03860640525817871,0.10213303565979004,0.00185394287109375,0.1425933837890625,76,6,73,49,761,841,13172
oliveira/all_17/randm11.02.02.13.020_0030.01.aba.beta,True,18,9,0.09018445014953613,0.32683444023132324,0.0023496150970458984,0.4193685054779053,207,12,211,95,2023,1113,16589
oliveira/all_17/randm11.02.02.13.020_0030.02.aba.beta,True,14,9,0.05566573143005371,0.1775035858154297,0.0014600753784179688,0.23462939262390137,181,8,208,69,1687,651,9592
oliveira/all_17/randm11.02.02.13.020_0030.03.aba.beta,True,17,9,0.07076621055603027,0.2832827568054199,0.002027273178100586,0.3560762405395508,168,12,163,97,2012,897,13203
oliveira/all_17/randm11.02.02.13.020_0030.04.aba.beta,True,20,9,0.08875632286071777,0.3298521041870117,0.002941608428955078,0.42155003547668457,211,16,211,112,2937,1355,20034
oliveira/all_17/randm11.02.02.13.020_0030.05.aba.beta,True,17,9,0.0760188102722168,0.3545043468475342,0.002141237258911133,0.4326643943786621,170,12,169,94,1956,987,14623
oliveira/all_17/randm11.02.02.14.020_0030.01.aba.beta,True,20,9,0.13086795806884766,1.0663831233978271,0.0031638145446777344,1.2004148960113525,371,14,359,159,4048,1426,21734
oliveira/all_17/randm11.02.02.14.020_0030.02.aba.beta,True,20,9,0.11957621574401855,0.6955759525299072,0.0050699710845947266,0.8202221393585205,239,15,228,154,2507,2357,36191
oliveira/all_17/randm11.02.02.14.020_0030.03.aba.beta,True,20,9,0.12345623970031738,0.785254716873169,0.004515647888183594,0.9132266044616699,256,15,244,155,2867,1764,27183
oliveira/all_17/randm11.02.02.14.020_0030.04.aba.beta,True,19,9,0.10851621627807617,3.1477787494659424,0.0036649703979492188,3.2599599361419678,334,14,322,162,3641,1454,21876
oliveira/all_17/randm11.02.02.14.020_0030.05.aba.beta,True,22,9,0.11590099334716797,2.057579278945923,0.0032291412353515625,2.1767094135284424,356,16,341,148,4189,1442,22309
oliveira/all_17/randm11.02.02.15.020_0030.01.aba.beta,True,16,10,0.10924577713012695,0.23139476776123047,0.002410411834716797,0.3430509567260742,191,16,226,71,2545,1109,16168
oliveira/all_17/randm11.02.02.15.020_0030.02.aba.beta,True,17,10,0.08516240119934082,0.32029199600219727,0.001683950424194336,0.4071383476257324,197,14,199,62,1823,886,12756
oliveira/all_17/randm11.02.02.15.020_0030.03.aba.beta,True,7,10,0.030515193939208984,0.11914491653442383,0.0015151500701904297,0.15117526054382324,128,6,136,74,1028,668,10192
oliveira/all_17/randm11.02.02.15.020_0030.04.aba.beta,True,14,10,0.07430410385131836,0.24875807762145996,0.002210855484008789,0.3252730369567871,178,12,169,85,1676,861,12702
oliveira/all_17/randm11.02.02.15.020_0030.05.aba.beta,True,14,10,0.08001327514648438,0.33672332763671875,0.0025789737701416016,0.4193155765533447,204,12,202,110,2244,1141,17502
oliveira/all_17/randm11.02.02.16.020_0030.01.aba.beta,True,12,9,0.056305885314941406,0.20554900169372559,0.0016181468963623047,0.2634730339050293,134,10,135,66,1586,759,11229
oliveira/all_17/randm11.02.02.16.020_0030.02.aba.beta,True,20,9,0.11416482925415039,0.40430712699890137,0.003753662109375,0.5222256183624268,202,18,191,104,2803,1601,24361
oliveira/all_17/randm11.02.02.16.020_0030.03.aba.beta,True,22,9,0.12585926055908203,0.36007189750671387,0.003991842269897461,0.48992300033569336,206,19,201,111,2233,1838,27509
oliveira/all_17/randm11.02.02.16.020_0030.04.aba.beta,True,14,9,0.0615694522857666,0.20198488235473633,0.0015859603881835938,0.2651402950286865,148,11,146,70,1206,737,10644
oliveira/all_17/randm11.02.02.16.020_0030.05.aba.beta,True,19,9,0.1052858829498291,0.25692200660705566,0.002386331558227539,0.3645942211151123,213,18,212,94,2400,1119,16089
oliveira/all_17/randm11.02.02.17.020_0030.01.aba.beta,True,31,11,0.21048641204833984,1.1240639686584473,0.003945350646972656,1.3384957313537598,380,24,381,157,5664,1792,26752
oliveira/all_17/randm11.02.02.17.020_0030.02.aba.beta,True,24,11,0.16165590286254883,0.9789636135101318,0.003201723098754883,1.1438212394714355,273,19,259,110,2889,1403,21071
oliveira/all_17/randm11.02.02.17.020_0030.03.aba.beta,True,28,11,0.18451857566833496,0.695136547088623,0.003407716751098633,0.8830628395080566,277,21,266,136,3759,1485,21758
oliveira/all_17/randm11.02.02.17.020_0030.04.aba.beta,True,21,11,0.1270761489868164,0.9408576488494873,0.0026597976684570312,1.0705935955047607,363,13,351,121,3024,976,14517
oliveira/all_17/randm11.02.02.17.020_0030.05.aba.beta,True,25,11,0.18993330001831055,1.0001835823059082,0.004382610321044922,1.1944994926452637,356,21,349,142,6150,1776,27227
oliveira/all_17/randm11.02.02.18.020_0030.01.aba.beta,True,16,7,0.0708169937133789,0.247605562210083,0.003140687942504883,0.3215632438659668,152,13,140,69,1633,1364,20531
oliveira/all_17/randm11.02.02.18.020_0030.02.aba.beta,True,13,7,0.05599212646484375,0.22978901863098145,0.0030469894409179688,0.28882813453674316,145,12,150,98,1948,1395,21049
oliveira/all_17/randm11.02.02.18.020_0030.03.aba.beta,True,12,7,0.05204129219055176,0.16958999633789062,0.0018475055694580078,0.2234787940979004,123,10,118,65,1645,819,12146
oliveira/all_17/randm11.02.02.18.020_0030.04.aba.beta,True,7,7,0.029489517211914062,0.05924487113952637,0.002027750015258789,0.09076213836669922,79,7,81,31,437,786,12104
oliveira/all_17/randm11.02.02.18.020_0030.05.aba.beta,True,9,7,0.041472673416137695,0.0955657958984375,0.003270864486694336,0.14030933380126953,103,8,99,51,712,1352,21312
oliveira/all_17/randm11.02.02.19.020_0030.01.aba.beta,True,27,11,0.15071940422058105,0.7117581367492676,0.003396749496459961,0.8658742904663086,287,22,291,106,3429,1537,22835
oliveira/all_17/randm11.02.02.19.020_0030.02.aba.beta,True,30,11,0.2128136157989502,1.0268564224243164,0.00592041015625,1.2455904483795166,377,25,362,172,4944,2566,39284
oliveira/all_17/randm11.02.02.19.020_0030.03.aba.beta,True,26,11,0.16197729110717773,0.8487370014190674,0.007322549819946289,1.0180368423461914,335,20,316,142,5072,1692,25053
oliveira/all_17/randm11.02.02.19.020_0030.04.aba.beta,True,17,11,0.09069418907165527,0.2901780605316162,0.0028104782104492188,0.3836827278137207,193,14,245,93,2589,1214,18696
oliveira/all_17/randm11.02.02.19.020_0030.05.aba.beta,True,21,11,0.166917085647583,0.659233570098877,0.003526449203491211,0.8296771049499512,329,14,327,111,4414,1556,24064
oliveira/all_17/randm12.02.02.01.020_0030.01.aba.beta,True,16,8,0.05925583839416504,0.2089710235595703,0.0019321441650390625,0.2701590061187744,141,13,138,90,1940,871,12936
oliveira/all_17/randm12.02.02.01.020_0030.02.aba.beta,True,12,8,0.047551870346069336,0.14656877517700195,0.0015799999237060547,0.19570064544677734,96,10,91,55,704,694,10067
oliveira/all_17/randm12.02.02.01.020_0030.03.aba.beta,True,15,8,0.06846308708190918,0.2991499900817871,0.0026547908782958984,0.3702678680419922,233,12,225,107,2918,1163,17508
oliveira/all_17/randm12.02.02.01.020_0030.04.aba.beta,True,20,8,0.07937049865722656,0.2874755859375,0.002426624298095703,0.36927270889282227,182,18,175,79,2362,1115,16185
oliveira/all_17/randm12.02.02.01.020_0030.05.aba.beta,True,10,8,0.04027915000915527,0.1323845386505127,0.0016331672668457031,0.17429685592651367,99,9,93,55,1018,736,11035
oliveira/all_17/randm12.02.02.02.020_0030.01.aba.beta,True,22,11,0.1531376838684082,0.9073619842529297,0.0023686885833740234,1.062868356704712,410,15,398,105,4586,1063,15909
oliveira/all_17/randm12.02.02.02.020_0030.02.aba.beta,True,13,11,0.08274149894714355,0.2824101448059082,0.0017542839050292969,0.36690592765808105,207,8,217,73,2005,779,11589
oliveira/all_17/randm12.02.02.02.020_0030.03.aba.beta,True,16,11,0.09263968467712402,1.1129035949707031,0.001940011978149414,1.2074832916259766,318,11,308,114,2600,884,13093
oliveira/all_17/randm12.02.02.02.020_0030.04.aba.beta,True,26,11,0.15221524238586426,1.3541557788848877,0.0029273033142089844,1.509298324584961,305,20,287,110,4537,1301,19083
oliveira/all_17/randm12.02.02.02.020_0030.05.aba.beta,True,21,11,0.16775155067443848,1.7670259475708008,0.0020422935485839844,1.9368197917938232,602,14,589,108,7275,904,13284
oliveira/all_17/randm12.02.02.03.020_0030.01.aba.beta,True,27,11,0.14830756187438965,0.6602382659912109,0.0024526119232177734,0.8109984397888184,276,20,262,84,3272,1064,14798
oliveira/all_17/randm12.02.02.03.020_0030.02.aba.beta,True,20,11,0.1498417854309082,0.5427365303039551,0.002064943313598633,0.6946432590484619,430,13,418,126,4458,960,13937
oliveira/all_17/randm12.02.02.03.020_0030.03.aba.beta,True,16,11,0.14768338203430176,0.3581044673919678,0.002187490463256836,0.5079753398895264,240,12,259,107,2666,965,14395
oliveira/all_17/randm12.02.02.03.020_0030.04.aba.beta,True,20,11,0.18332195281982422,0.4379086494445801,0.0024454593658447266,0.623676061630249,265,17,265,102,3259,1120,16109
oliveira/all_17/randm12.02.02.03.020_0030.05.aba.beta,True,16,11,0.10057544708251953,0.6273651123046875,0.0018167495727539062,0.7297573089599609,545,10,536,119,4649,827,12456
oliveira/all_17/randm12.02.02.04.020_0030.01.aba.beta,True,23,11,0.1491997241973877,0.7870309352874756,0.0026977062225341797,0.9389283657073975,454,17,441,146,6666,1218,18417
oliveira/all_17/randm12.02.02.04.020_0030.02.aba.beta,True,26,11,0.223067045211792,2.277707815170288,0.002820253372192383,2.5035951137542725,432,19,418,150,5526,1258,18176
oliveira/all_17/randm12.02.02.04.020_0030.03.aba.beta,True,18,11,0.17572784423828125,1.320570468902588,0.002157449722290039,1.4984557628631592,344,13,332,119,3535,943,13665
oliveira/all_17/randm12.02.02.04.020_0030.04.aba.beta,True,19,11,0.1557149887084961,0.918297529220581,0.0030493736267089844,1.0770618915557861,292,15,293,103,3833,1119,16608
oliveira/all_17/randm12.02.02.04.020_0030.05.aba.beta,True,22,11,0.1911306381225586,0.9248087406158447,0.0027112960815429688,1.1186506748199463,435,15,423,136,7380,1227,18294
oliveira/all_17/randm12.02.02.05.020_0030.01.aba.beta,True,24,10,0.16167712211608887,1.0606563091278076,0.006638288497924805,1.2289717197418213,369,18,352,181,5231,2675,41414
oliveira/all_17/randm12.02.02.05.020_0030.02.aba.beta,True,28,10,0.23323845863342285,0.8716640472412109,0.0061228275299072266,1.111025333404541,332,22,326,136,5971,2689,40887
oliveira/all_17/randm12.02.02.05.020_0030.03.aba.beta,True,29,12,0.24035286903381348,1.682936668395996,0.007153511047363281,1.9304430484771729,576,22,562,190,9896,3149,48260
oliveira/all_17/randm12.02.02.05.020_0030.04.aba.beta,True,27,12,0.34089064598083496,3.9031035900115967,0.00941157341003418,4.253405809402466,684,20,677,224,12646,3814,59674
oliveira/all_17/randm12.02.02.05.020_0030.05.aba.beta,True,22,10,0.15855813026428223,0.6114203929901123,0.008242130279541016,0.7782206535339355,397,18,380,160,6477,2584,40330
oliveira/all_17/randm12.02.02.06.020_0030.01.aba.beta,True,32,10,0.2979774475097656,5.733227968215942,0.012865781784057617,6.044071197509766,391,29,399,261,4722,5479,85877
oliveira/all_17/randm12.02.02.06.020_0030.02.aba.beta,True,33,9,0.2533867359161377,6.966059923171997,0.011156797409057617,7.230603456497192,393,28,371,226,4371,4868,75557
oliveira/all_17/randm12.02.02.06.020_0030.03.aba.beta,True,39,10,0.40623998641967773,95.19271802902222,0.015977144241333008,95.61493515968323,1071,32,1040,301,13370,6718,103658
oliveira/all_17/randm12.02.02.06.020_0030.04.aba.beta,True,32,10,0.33125734329223633,104.76541233062744,0.0075109004974365234,105.10418057441711,1016,25,992,244,19131,3241,50679
oliveira/all_17/randm12.02.02.06.020_0030.05.aba.beta,True,37,11,0.3760714530944824,6.068758487701416,0.011562347412109375,6.456392288208008,601,30,582,249,10190,4861,75259
oliveira/all_17/randm12.02.02.07.020_0030.01.aba.beta,True,12,7,0.04447770118713379,0.25485777854919434,0.00251007080078125,0.3018455505371094,154,8,159,99,2190,1111,16829
oliveira/all_17/randm12.02.02.07.020_0030.02.aba.beta,True,14,7,0.058420658111572266,0.2354433536529541,0.003135204315185547,0.2969992160797119,143,13,131,102,1870,1404,21590
oliveira/all_17/randm12.02.02.07.020_0030.03.aba.beta,True,14,7,0.052420616149902344,0.29705023765563965,0.0029058456420898438,0.35237669944763184,168,10,159,120,2467,1269,19785
oliveira/all_17/randm12.02.02.07.020_0030.04.aba.beta,True,10,7,0.041948795318603516,0.15941262245178223,0.003481626510620117,0.20484304428100586,133,8,128,90,1830,890,13745
oliveira/all_17/randm12.02.02.07.020_0030.05.aba.beta,True,15,7,0.04515433311462402,0.24644851684570312,0.0022728443145751953,0.29387569427490234,141,12,130,85,2128,1012,15301
oliveira/all_17/randm12.02.02.08.020_0030.01.aba.beta,True,17,8,0.07972311973571777,0.3759918212890625,0.0022971630096435547,0.45801210403442383,190,13,182,94,1801,1020,14884
oliveira/all_17/randm12.02.02.08.020_0030.02.aba.beta,True,17,8,0.07320761680603027,0.621126651763916,0.0025866031646728516,0.6969208717346191,311,12,300,137,3782,1163,17722
oliveira/all_17/randm12.02.02.08.020_0030.03.aba.beta,True,14,8,0.07610154151916504,0.3475663661956787,0.002643108367919922,0.42631101608276367,213,11,206,121,2533,1166,18066
oliveira/all_17/randm12.02.02.08.020_0030.04.aba.beta,True,14,8,0.054094791412353516,0.19278836250305176,0.002170085906982422,0.2490532398223877,162,11,180,89,1850,894,13553
oliveira/all_17/randm12.02.02.08.020_0030.05.aba.beta,True,10,8,0.0333409309387207,0.12134814262390137,0.001407623291015625,0.1560966968536377,102,7,99,64,844,646,9744
oliveira/all_17/randm12.02.02.09.020_0030.01.aba.beta,True,13,10,0.06950616836547852,0.363384485244751,0.0019350051879882812,0.4348256587982178,188,9,180,94,1472,864,13039
oliveira/all_17/randm12.02.02.09.020_0030.02.aba.beta,True,24,10,0.15977072715759277,0.8539512157440186,0.004370450973510742,1.018092393875122,259,20,268,117,3066,1963,28858
oliveira/all_17/randm12.02.02.09.020_0030.03.aba.beta,True,20,10,0.08990335464477539,0.829505443572998,0.002212047576904297,0.9216208457946777,498,13,486,110,4547,981,14547
oliveira/all_17/randm12.02.02.09.020_0030.04.aba.beta,True,28,10,0.2252204418182373,1.3964223861694336,0.008031845092773438,1.6296746730804443,266,25,242,129,3471,3433,53165
oliveira/all_17/randm12.02.02.09.020_0030.05.aba.beta,True,18,10,0.12492775917053223,0.6852421760559082,0.005397796630859375,0.8155677318572998,250,16,249,112,2342,2253,34680
oliveira/all_17/randm12.02.02.10.020_0030.01.aba.beta,True,27,11,0.17090892791748047,0.7998030185699463,0.00563359260559082,0.9763455390930176,290,24,293,147,3380,2345,35037
oliveira/all_17/randm12.02.02.10.020_0030.02.aba.beta,True,29,11,0.19812870025634766,1.527400016784668,0.006073713302612305,1.731602430343628,435,23,413,144,5420,2705,40642
oliveira/all_17/randm12.02.02.10.020_0030.03.aba.beta,True,28,11,0.1875779628753662,0.8004276752471924,0.004168510437011719,0.9921741485595703,360,23,379,144,5103,1886,27799
oliveira/all_17/randm12.02.02.10.020_0030.04.aba.beta,True,23,11,0.16690301895141602,0.8013882637023926,0.003824949264526367,0.972116231918335,304,19,294,119,3618,1721,25867
oliveira/all_17/randm12.02.02.10.020_0030.05.aba.beta,True,24,11,0.15645170211791992,1.0795419216156006,0.004564523696899414,1.24055814743042,319,18,307,156,4300,1924,29469
oliveira/all_17/randm12.02.02.11.020_0030.01.aba.beta,True,22,11,0.1200721263885498,0.7498054504394531,0.0045888423919677734,0.8744664192199707,353,15,339,120,3057,1938,29759
oliveira/all_17/randm12.02.02.11.020_0030.02.aba.beta,True,14,11,0.08915472030639648,0.7192878723144531,0.0017762184143066406,0.8102188110351562,596,7,590,119,6555,747,11325
oliveira/all_17/randm12.02.02.11.020_0030.03.aba.beta,True,25,11,0.12102222442626953,0.6575663089752197,0.0025594234466552734,0.7811479568481445,280,18,267,109,2967,1054,14822
oliveira/all_17/randm12.02.02.11.020_0030.04.aba.beta,True,20,11,0.1135568618774414,0.6009783744812012,0.0020914077758789062,0.7166266441345215,386,13,377,108,4198,963,14103
oliveira/all_17/randm12.02.02.11.020_0030.05.aba.beta,True,19,11,0.09314107894897461,0.6103451251983643,0.0024073123931884766,0.7058935165405273,253,11,256,92,2418,1058,15864
oliveira/all_17/randm12.02.02.12.020_0030.01.aba.beta,True,16,9,0.07346582412719727,0.4756653308868408,0.0020711421966552734,0.5512022972106934,301,12,290,115,3203,923,13825
oliveira/all_17/randm12.02.02.12.020_0030.02.aba.beta,True,19,9,0.0889890193939209,0.37105798721313477,0.0030126571655273438,0.463059663772583,201,16,186,116,2533,1336,19682
oliveira/all_17/randm12.02.02.12.020_0030.03.aba.beta,True,16,9,0.07959771156311035,0.29950571060180664,0.0038442611694335938,0.3829476833343506,192,14,182,93,2332,1716,26408
oliveira/all_17/randm12.02.02.12.020_0030.04.aba.beta,True,10,9,0.04265284538269043,0.1435251235961914,0.0021250247955322266,0.18830299377441406,163,8,165,63,1371,955,14531
oliveira/all_17/randm12.02.02.12.020_0030.05.aba.beta,True,20,9,0.09499979019165039,0.384645938873291,0.0037889480590820312,0.48343467712402344,174,16,159,95,2119,1637,24925
oliveira/all_17/randm12.02.02.13.020_0030.01.aba.beta,True,21,9,0.09253597259521484,0.3107571601867676,0.0025060176849365234,0.40579915046691895,205,17,190,85,2255,1165,16841
oliveira/all_17/randm12.02.02.13.020_0030.02.aba.beta,True,10,9,0.05654478073120117,0.13309240341186523,0.0013306140899658203,0.19096779823303223,109,4,107,49,828,575,8885
oliveira/all_17/randm12.02.02.13.020_0030.03.aba.beta,True,13,9,0.09545707702636719,0.16519761085510254,0.0017445087432861328,0.26239919662475586,193,12,233,54,3292,803,11737
oliveira/all_17/randm12.02.02.13.020_0030.04.aba.beta,True,15,9,0.06836700439453125,0.21677660942077637,0.0015873908996582031,0.2867310047149658,161,10,154,74,1699,742,10967
oliveira/all_17/randm12.02.02.13.020_0030.05.aba.beta,True,17,9,0.0909111499786377,0.24740386009216309,0.0024056434631347656,0.34072065353393555,178,15,171,71,1929,1106,16312
oliveira/all_17/randm12.02.02.14.020_0030.01.aba.beta,True,26,9,0.2039806842803955,3.6839520931243896,0.008053302764892578,3.8959860801696777,323,21,336,206,4378,3178,49548
oliveira/all_17/randm12.02.02.14.020_0030.02.aba.beta,True,26,9,0.18257665634155273,6.771574974060059,0.0069468021392822266,6.9610984325408936,436,21,416,243,6833,3030,46960
oliveira/all_17/randm12.02.02.14.020_0030.03.aba.beta,True,29,9,0.1874384880065918,3.6128103733062744,0.0095062255859375,3.8097550868988037,402,24,379,215,5343,3901,60517
oliveira/all_17/randm12.02.02.14.020_0030.04.aba.beta,True,24,9,0.12996149063110352,6.679821729660034,0.006386280059814453,6.816169500350952,361,19,343,180,3913,2863,43806
oliveira/all_17/randm12.02.02.14.020_0030.05.aba.beta,True,20,8,0.13539934158325195,1.5423083305358887,0.0060541629791259766,1.6837618350982666,324,16,325,211,5294,2506,39830
oliveira/all_17/randm12.02.02.15.020_0030.01.aba.beta,True,6,5,0.020052433013916016,0.040227651596069336,0.0016927719116210938,0.061972856521606445,38,6,35,25,259,583,8873
oliveira/all_17/randm12.02.02.15.020_0030.02.aba.beta,True,6,5,0.0160825252532959,0.04449772834777832,0.0012493133544921875,0.061829566955566406,40,5,36,35,312,580,8915
oliveira/all_17/randm12.02.02.15.020_0030.03.aba.beta,True,8,5,0.022578954696655273,0.06555342674255371,0.0013949871063232422,0.08952736854553223,58,7,64,34,619,668,9947
oliveira/all_17/randm12.02.02.15.020_0030.04.aba.beta,True,7,5,0.017251968383789062,0.05684375762939453,0.0015811920166015625,0.07567691802978516,60,5,58,39,411,621,9661
oliveira/all_17/randm12.02.02.15.020_0030.05.aba.beta,True,6,5,0.0130462646484375,0.045194387435913086,0.001463174819946289,0.059703826904296875,58,4,57,40,391,670,10498
oliveira/all_17/randm12.02.02.16.020_0030.01.aba.beta,True,1,1,0.0012366771697998047,0.0021643638610839844,0.0011539459228515625,0.0045549869537353516,3,1,3,3,2,534,8555
oliveira/all_17/randm12.02.02.16.020_0030.02.aba.beta,True,1,1,0.0008463859558105469,0.002294778823852539,0.0015094280242919922,0.004650592803955078,3,1,3,3,2,533,8582
oliveira/all_17/randm12.02.02.16.020_0030.03.aba.beta,True,1,1,0.0007994174957275391,0.0021593570709228516,0.001161813735961914,0.004120588302612305,3,1,3,3,2,543,8621
oliveira/all_17/randm12.02.02.16.020_0030.04.aba.beta,True,1,1,0.001127004623413086,0.002469301223754883,0.0012314319610595703,0.004827737808227539,3,1,3,3,2,539,8609
oliveira/all_17/randm12.02.02.16.020_0030.05.aba.beta,True,1,1,0.0012316703796386719,0.004960536956787109,0.0011739730834960938,0.007366180419921875,3,1,3,3,2,526,8544
oliveira/all_17/randm12.02.02.17.020_0030.01.aba.beta,True,29,12,0.33571410179138184,10.049142837524414,0.004824638366699219,10.389681577682495,1517,21,1500,149,21706,1324,19183
oliveira/all_17/randm12.02.02.17.020_0030.02.aba.beta,True,31,12,0.22757959365844727,5.624080657958984,0.004072666168212891,5.8557329177856445,747,24,724,175,7321,1853,27038
oliveira/all_17/randm12.02.02.17.020_0030.03.aba.beta,True,24,12,0.16623926162719727,4.154980421066284,0.0028591156005859375,4.324078798294067,504,16,493,144,5972,1272,18908
oliveira/all_17/randm12.02.02.17.020_0030.04.aba.beta,True,27,12,0.26329946517944336,1.811887264251709,0.0033807754516601562,2.0785675048828125,517,20,502,148,6081,1474,22012
oliveira/all_17/randm12.02.02.17.020_0030.05.aba.beta,True,32,12,0.23717093467712402,3.950589179992676,0.004021167755126953,4.191781282424927,768,24,745,153,8846,1787,26061
oliveira/all_17/randm12.02.02.18.020_0030.01.aba.beta,True,15,10,0.11144566535949707,0.5561330318450928,0.002311229705810547,0.6698899269104004,270,11,275,116,3281,965,14688
oliveira/all_17/randm12.02.02.18.020_0030.02.aba.beta,True,17,10,0.09673237800598145,0.36045026779174805,0.003863811492919922,0.4610464572906494,264,13,255,104,3128,1046,15807
oliveira/all_17/randm12.02.02.18.020_0030.03.aba.beta,True,20,10,0.14812755584716797,0.472278356552124,0.0026009082794189453,0.6230068206787109,258,16,243,83,3148,1198,17710
oliveira/all_17/randm12.02.02.18.020_0030.04.aba.beta,True,22,10,0.1495649814605713,0.4158034324645996,0.0026879310607910156,0.5680563449859619,288,19,318,101,3915,1201,17216
oliveira/all_17/randm12.02.02.18.020_0030.05.aba.beta,True,19,10,0.11121416091918945,0.4141578674316406,0.004371166229248047,0.5297431945800781,258,16,253,124,3175,1265,18724
oliveira/all_17/randm12.02.02.19.020_0030.01.aba.beta,True,10,10,0.04421567916870117,0.1368265151977539,0.0013456344604492188,0.1823878288269043,187,5,184,64,1160,574,8797
oliveira/all_17/randm12.02.02.19.020_0030.02.aba.beta,True,19,10,0.15549755096435547,0.4505615234375,0.0025887489318847656,0.6086478233337402,223,15,222,99,2818,1073,15880
oliveira/all_17/randm12.02.02.19.020_0030.03.aba.beta,True,16,10,0.09173130989074707,0.34331560134887695,0.002407550811767578,0.4374544620513916,168,13,164,82,1194,997,14854
oliveira/all_17/randm12.02.02.19.020_0030.04.aba.beta,True,14,10,0.11858963966369629,0.2920992374420166,0.0016131401062011719,0.41230201721191406,174,11,171,82,1447,721,10570
oliveira/all_17/randm12.02.02.19.020_0030.05.aba.beta,True,13,10,0.0947721004486084,0.32595014572143555,0.0022399425506591797,0.4229621887207031,192,11,183,121,2368,1001,15293
oliveira/all_17/randm13.02.02.01.020_0030.01.aba.beta,True,17,9,0.0759427547454834,0.30855751037597656,0.0023839473724365234,0.3868842124938965,169,12,158,95,1883,1073,16244
oliveira/all_17/randm13.02.02.01.020_0030.02.aba.beta,True,26,9,0.13531064987182617,0.710777759552002,0.004543781280517578,0.8506321907043457,283,21,264,157,4006,2034,30410
oliveira/all_17/randm13.02.02.01.020_0030.03.aba.beta,True,18,9,0.07301115989685059,0.30901122093200684,0.0030133724212646484,0.38503575325012207,200,13,193,118,2737,1347,20533
oliveira/all_17/randm13.02.02.01.020_0030.04.aba.beta,True,16,9,0.06694650650024414,0.2752702236175537,0.0023131370544433594,0.3445298671722412,186,12,176,80,2163,1065,15841
oliveira/all_17/randm13.02.02.01.020_0030.05.aba.beta,True,20,9,0.10748100280761719,0.3439211845397949,0.0036783218383789062,0.455080509185791,264,17,248,133,3908,1626,24293
oliveira/all_17/randm13.02.02.02.020_0030.01.aba.beta,True,12,8,0.056780099868774414,0.17884540557861328,0.001734018325805664,0.23735952377319336,112,10,110,69,1238,800,11821
oliveira/all_17/randm13.02.02.02.020_0030.02.aba.beta,True,19,8,0.09075760841369629,0.3289024829864502,0.0026133060455322266,0.4222733974456787,225,17,232,120,3554,1251,18191
oliveira/all_17/randm13.02.02.02.020_0030.03.aba.beta,True,15,8,0.07503628730773926,0.24356722831726074,0.0020363330841064453,0.32063984870910645,161,14,153,75,2574,941,13907
oliveira/all_17/randm13.02.02.02.020_0030.04.aba.beta,True,12,8,0.04390406608581543,0.2133924961090088,0.0019023418426513672,0.2591989040374756,131,9,131,93,1639,821,12485
oliveira/all_17/randm13.02.02.02.020_0030.05.aba.beta,True,12,8,0.05431008338928223,0.1803884506225586,0.0018360614776611328,0.23653459548950195,113,11,106,69,1276,819,12182
oliveira/all_17/randm13.02.02.03.020_0030.01.aba.beta,True,19,11,0.10066962242126465,0.44327545166015625,0.0019266605377197266,0.5458717346191406,409,12,398,115,4650,924,13393
oliveira/all_17/randm13.02.02.03.020_0030.02.aba.beta,True,27,11,0.2419264316558838,1.1971161365509033,0.0045664310455322266,1.4436089992523193,512,21,492,201,6987,1962,29511
oliveira/all_17/randm13.02.02.03.020_0030.03.aba.beta,True,21,11,0.12688255310058594,0.45467162132263184,0.005514621734619141,0.5870687961578369,190,17,185,106,2287,2246,34583
oliveira/all_17/randm13.02.02.03.020_0030.04.aba.beta,True,22,11,0.11098670959472656,0.5145876407623291,0.0036826133728027344,0.6292569637298584,206,18,192,111,2161,1601,23666
oliveira/all_17/randm13.02.02.03.020_0030.05.aba.beta,True,27,11,0.18465614318847656,0.595189094543457,0.0037317276000976562,0.7835769653320312,325,21,319,119,4897,1600,23550
oliveira/all_17/randm13.02.02.04.020_0030.01.aba.beta,True,43,12,0.3581998348236084,2.371978998184204,0.009436607360839844,2.7396154403686523,569,36,534,176,8851,4223,64333
oliveira/all_17/randm13.02.02.04.020_0030.02.aba.beta,True,35,12,0.32705140113830566,6.4527904987335205,0.006245613098144531,6.786087512969971,943,26,918,200,14876,2836,42762
oliveira/all_17/randm13.02.02.04.020_0030.03.aba.beta,True,28,12,0.2382211685180664,2.5391972064971924,0.003438711166381836,2.7808570861816406,823,20,805,143,10718,1440,21089
oliveira/all_17/randm13.02.02.04.020_0030.04.aba.beta,True,28,12,0.18569493293762207,1.086104393005371,0.003131866455078125,1.2749311923980713,481,20,508,126,4874,1413,20326
oliveira/all_17/randm13.02.02.04.020_0030.05.aba.beta,True,28,12,0.250354528427124,5.151801347732544,0.004846811294555664,5.407002687454224,752,21,734,155,9734,1980,29282
oliveira/all_17/randm13.02.02.05.020_0030.01.aba.beta,True,24,12,0.18167853355407715,0.6006951332092285,0.0034515857696533203,0.785825252532959,325,17,316,101,3938,1083,15373
oliveira/all_17/randm13.02.02.05.020_0030.02.aba.beta,True,18,12,0.11313033103942871,0.4162909984588623,0.0019261837005615234,0.5313475131988525,273,13,270,93,2809,843,12495
oliveira/all_17/randm13.02.02.05.020_0030.03.aba.beta,True,23,12,0.16442632675170898,0.6313443183898926,0.004988670349121094,0.8007593154907227,280,18,272,81,3268,966,13742
oliveira/all_17/randm13.02.02.05.020_0030.04.aba.beta,True,21,12,0.16778850555419922,0.6822996139526367,0.0018057823181152344,0.8518939018249512,372,15,360,100,3017,854,12083
oliveira/all_17/randm13.02.02.05.020_0030.05.aba.beta,True,21,12,0.18687868118286133,0.8302242755889893,0.003715038299560547,1.0208179950714111,268,16,262,106,3058,1476,22015
oliveira/all_17/randm13.02.02.06.020_0030.01.aba.beta,True,10,9,0.08968806266784668,0.1710824966430664,0.0016627311706542969,0.2624332904815674,157,8,156,54,2508,689,10547
oliveira/all_17/randm13.02.02.06.020_0030.02.aba.beta,True,15,9,0.07460808753967285,0.27915191650390625,0.0023086071014404297,0.35606861114501953,201,12,191,91,2207,1009,15166
oliveira/all_17/randm13.02.02.06.020_0030.03.aba.beta,True,13,9,0.06200218200683594,0.23380303382873535,0.0018374919891357422,0.29764270782470703,193,8,186,66,2305,783,11861
oliveira/all_17/randm13.02.02.06.020_0030.04.aba.beta,True,19,9,0.0947580337524414,0.3908884525299072,0.0024192333221435547,0.4880657196044922,204,13,195,79,1878,1110,16482
oliveira/all_17/randm13.02.02.06.020_0030.05.aba.beta,True,12,9,0.058504343032836914,0.14750194549560547,0.0017039775848388672,0.20771026611328125,213,11,205,97,2126,798,11797
oliveira/all_17/randm13.02.02.07.020_0030.01.aba.beta,True,34,11,0.19405174255371094,0.8296184539794922,0.004088640213012695,1.0277588367462158,268,27,272,86,3515,1727,24560
oliveira/all_17/randm13.02.02.07.020_0030.02.aba.beta,True,24,11,0.15797138214111328,0.5853681564331055,0.0023326873779296875,0.7456722259521484,318,16,305,95,3976,1104,16132
oliveira/all_17/randm13.02.02.07.020_0030.03.aba.beta,True,27,11,0.2058267593383789,0.7163360118865967,0.0029501914978027344,0.9251129627227783,330,19,332,121,4438,1280,18855
oliveira/all_17/randm13.02.02.07.020_0030.04.aba.beta,True,23,11,0.13959383964538574,0.5424511432647705,0.0027472972869873047,0.6847922801971436,241,16,233,97,2790,1261,18296
oliveira/all_17/randm13.02.02.07.020_0030.05.aba.beta,True,17,11,0.09519672393798828,0.32689881324768066,0.0016751289367675781,0.4237706661224365,277,10,281,79,2187,772,11290
oliveira/all_17/randm13.02.02.08.020_0030.01.aba.beta,True,22,11,0.1363811492919922,0.5777096748352051,0.002814054489135742,0.716904878616333,280,17,268,125,2764,1222,18397
oliveira/all_17/randm13.02.02.08.020_0030.02.aba.beta,True,20,11,0.09960794448852539,1.337303876876831,0.0022423267364501953,1.4391541481018066,382,13,370,108,3622,943,13834
oliveira/all_17/randm13.02.02.08.020_0030.03.aba.beta,True,18,11,0.11540627479553223,0.49248671531677246,0.003110170364379883,0.6110031604766846,306,13,312,129,4300,1276,19506
oliveira/all_17/randm13.02.02.08.020_0030.04.aba.beta,True,17,11,0.20273470878601074,3.105098009109497,0.0019080638885498047,3.3097407817840576,1329,9,1321,133,18547,858,13010
oliveira/all_17/randm13.02.02.08.020_0030.05.aba.beta,True,14,11,0.08494329452514648,0.3505878448486328,0.0023872852325439453,0.43791842460632324,268,10,274,120,2453,1072,16168
oliveira/all_17/randm13.02.02.09.020_0030.01.aba.beta,True,22,11,0.152496337890625,0.7393031120300293,0.004030466079711914,0.8958299160003662,318,15,304,138,5544,1700,26517
oliveira/all_17/randm13.02.02.09.020_0030.02.aba.beta,True,29,11,0.22046494483947754,1.344564437866211,0.0050923824310302734,1.5701217651367188,359,22,338,150,4817,2280,34032
oliveira/all_17/randm13.02.02.09.020_0030.03.aba.beta,True,25,11,0.21451258659362793,1.1209559440612793,0.003858327865600586,1.3393268585205078,497,18,485,142,7112,1762,26604
oliveira/all_17/randm13.02.02.09.020_0030.04.aba.beta,True,28,11,0.22407889366149902,1.0461959838867188,0.0073430538177490234,1.2776179313659668,416,22,403,154,6200,3073,47524
oliveira/all_17/randm13.02.02.09.020_0030.05.aba.beta,True,27,11,0.2431325912475586,1.085942029953003,0.006092071533203125,1.3351666927337646,513,20,510,160,5587,2549,38910
oliveira/all_17/randm13.02.02.10.020_0030.01.aba.beta,True,21,11,0.12469172477722168,0.4547755718231201,0.001984119415283203,0.581451416015625,274,16,259,89,2957,951,13585
oliveira/all_17/randm13.02.02.10.020_0030.02.aba.beta,True,17,12,0.12259936332702637,0.4524402618408203,0.005011796951293945,0.5800514221191406,230,15,231,122,2170,2145,33366
oliveira/all_17/randm13.02.02.10.020_0030.03.aba.beta,True,12,10,0.05250740051269531,0.26856017112731934,0.003139972686767578,0.3242075443267822,173,9,166,83,1862,694,10390
oliveira/all_17/randm13.02.02.10.020_0030.04.aba.beta,True,22,12,0.13678574562072754,0.8459699153900146,0.003798246383666992,0.9865539073944092,295,16,290,133,3061,1664,25442
oliveira/all_17/randm13.02.02.10.020_0030.05.aba.beta,True,25,12,0.22066116333007812,1.1181514263153076,0.0048902034759521484,1.343702793121338,503,21,492,145,6785,2118,31946
oliveira/all_17/randm13.02.02.11.020_0030.01.aba.beta,True,21,11,0.130295991897583,0.8662829399108887,0.0020771026611328125,0.9986560344696045,243,14,233,100,2388,964,14188
oliveira/all_17/randm13.02.02.11.020_0030.02.aba.beta,True,22,11,0.11910486221313477,0.6092772483825684,0.0028581619262695312,0.7312402725219727,236,15,229,116,2018,1301,19186
oliveira/all_17/randm13.02.02.11.020_0030.03.aba.beta,True,22,11,0.13034486770629883,0.5519764423370361,0.0027990341186523438,0.6851203441619873,282,17,303,99,3676,1275,19061
oliveira/all_17/randm13.02.02.11.020_0030.04.aba.beta,True,15,11,0.0631566047668457,0.4026367664337158,0.0018641948699951172,0.46765756607055664,221,9,216,103,1690,775,11484
oliveira/all_17/randm13.02.02.11.020_0030.05.aba.beta,True,18,11,0.09006643295288086,1.2618634700775146,0.0022733211517333984,1.354203224182129,307,10,299,106,2325,960,14359
oliveira/all_17/randm13.02.02.12.020_0030.01.aba.beta,True,9,7,0.07235288619995117,0.13024306297302246,0.0017457008361816406,0.20434165000915527,100,9,103,59,1465,788,11991
oliveira/all_17/randm13.02.02.12.020_0030.02.aba.beta,True,10,7,0.03788495063781738,0.1704087257385254,0.001951456069946289,0.21024513244628906,132,9,125,74,1508,866,13110
oliveira/all_17/randm13.02.02.12.020_0030.03.aba.beta,True,6,7,0.02047133445739746,0.062133073806762695,0.0012989044189453125,0.08390331268310547,85,6,84,48,1116,650,10032
oliveira/all_17/randm13.02.02.12.020_0030.04.aba.beta,True,12,7,0.04726576805114746,0.13801789283752441,0.0018353462219238281,0.1871190071105957,115,10,117,53,954,809,12157
oliveira/all_17/randm13.02.02.12.020_0030.05.aba.beta,True,7,7,0.02985072135925293,0.07734441757202148,0.0016829967498779297,0.10887813568115234,134,7,131,84,2073,771,11974
oliveira/all_17/randm13.02.02.13.020_0030.01.aba.beta,True,27,12,0.22540044784545898,7.002460956573486,0.004453897476196289,7.232315301895142,489,20,470,158,6439,1852,27530
oliveira/all_17/randm13.02.02.13.020_0030.02.aba.beta,True,33,12,0.2904672622680664,26.327454805374146,0.0062601566314697266,26.62418222427368,799,26,774,221,10088,2803,41910
oliveira/all_17/randm13.02.02.13.020_0030.03.aba.beta,True,28,12,0.2888200283050537,19.615692377090454,0.007693052291870117,19.912205457687378,1379,21,1359,198,19368,3035,46763
oliveira/all_17/randm13.02.02.13.020_0030.04.aba.beta,True,28,12,0.4261794090270996,59.339215993881226,0.005789995193481445,59.77118539810181,1422,20,1403,231,18098,2476,38299
oliveira/all_17/randm13.02.02.13.020_0030.05.aba.beta,True,36,12,0.3443429470062256,6.451881170272827,0.007753610610961914,6.803977727890015,559,27,533,225,7938,3333,52677
oliveira/all_17/randm13.02.02.14.020_0030.01.aba.beta,True,28,9,0.18753361701965332,0.9629077911376953,0.005991697311401367,1.15643310546875,339,24,317,142,4480,2038,30722
oliveira/all_17/randm13.02.02.14.020_0030.02.aba.beta,True,18,9,0.10127639770507812,0.39421629905700684,0.0028357505798339844,0.49832844734191895,243,14,235,110,3349,1155,17323
oliveira/all_17/randm13.02.02.14.020_0030.03.aba.beta,True,23,9,0.11371517181396484,0.6183071136474609,0.0032804012298583984,0.7353026866912842,313,18,299,124,4739,1502,22377
oliveira/all_17/randm13.02.02.14.020_0030.04.aba.beta,True,23,9,0.13141202926635742,0.4926166534423828,0.003484010696411133,0.6275126934051514,283,19,268,115,4510,1516,22685
oliveira/all_17/randm13.02.02.14.020_0030.05.aba.beta,True,19,9,0.10610294342041016,0.4798398017883301,0.0025107860565185547,0.5884535312652588,247,15,236,105,4176,1145,16944
oliveira/all_17/randm13.02.02.15.020_0030.01.aba.beta,True,23,11,0.16274404525756836,1.3339099884033203,0.003522634506225586,1.5001766681671143,292,16,277,119,3926,1402,21394
oliveira/all_17/randm13.02.02.15.020_0030.02.aba.beta,True,25,11,0.17825984954833984,2.7964932918548584,0.0060863494873046875,2.980839490890503,504,18,511,202,6529,2639,40100
oliveira/all_17/randm13.02.02.15.020_0030.03.aba.beta,True,21,11,0.14867639541625977,0.8368668556213379,0.003192424774169922,0.9887356758117676,340,14,337,134,4765,1338,20306
oliveira/all_17/randm13.02.02.15.020_0030.04.aba.beta,True,25,11,0.24959850311279297,5.566846132278442,0.008507966995239258,5.824952602386475,532,19,519,202,8838,3381,52353
oliveira/all_17/randm13.02.02.15.020_0030.05.aba.beta,True,18,11,0.13836216926574707,1.293818473815918,0.0020401477813720703,1.434220790863037,1055,11,1045,146,9864,888,13304
oliveira/all_17/randm13.02.02.16.020_0030.01.aba.beta,True,23,11,0.19770121574401855,0.6351029872894287,0.0027208328247070312,0.8355250358581543,322,19,344,108,3621,1241,18445
oliveira/all_17/randm13.02.02.16.020_0030.02.aba.beta,True,19,11,0.1100459098815918,0.6325387954711914,0.004331350326538086,0.7469160556793213,254,15,246,111,2433,1541,23358
oliveira/all_17/randm13.02.02.16.020_0030.03.aba.beta,True,15,11,0.0817558765411377,0.38108396530151367,0.0020198822021484375,0.4648597240447998,238,12,229,109,2641,872,12887
oliveira/all_17/randm13.02.02.16.020_0030.04.aba.beta,True,13,11,0.06474542617797852,0.30829787254333496,0.0017828941345214844,0.37482619285583496,170,9,168,104,1565,818,12227
oliveira/all_17/randm13.02.02.16.020_0030.05.aba.beta,True,17,11,0.09074044227600098,0.47907090187072754,0.002099275588989258,0.5719106197357178,256,11,250,114,2428,968,14611
oliveira/all_17/randm13.02.02.17.020_0030.01.aba.beta,True,16,9,0.07774138450622559,0.31848621368408203,0.002329587936401367,0.398557186126709,172,14,159,81,2230,1108,16166
oliveira/all_17/randm13.02.02.17.020_0030.02.aba.beta,True,13,9,0.05320286750793457,0.21460366249084473,0.0024538040161132812,0.2702603340148926,110,11,100,63,907,1128,17026
oliveira/all_17/randm13.02.02.17.020_0030.03.aba.beta,True,15,9,0.07880878448486328,0.29956865310668945,0.0017957687377929688,0.3801732063293457,229,11,219,81,3141,828,12104
oliveira/all_17/randm13.02.02.17.020_0030.04.aba.beta,True,20,9,0.14298105239868164,0.37851428985595703,0.0027472972869873047,0.524242639541626,194,16,179,81,2333,1149,16847
oliveira/all_17/randm13.02.02.17.020_0030.05.aba.beta,True,12,9,0.04294943809509277,0.23735356330871582,0.0014312267303466797,0.2817342281341553,164,8,157,72,1339,729,10927
oliveira/all_17/randm13.02.02.18.020_0030.01.aba.beta,True,21,10,0.13161134719848633,1.2072956562042236,0.0025129318237304688,1.3414199352264404,378,15,364,132,5390,1146,17025
oliveira/all_17/randm13.02.02.18.020_0030.02.aba.beta,True,20,10,0.11248159408569336,0.47701239585876465,0.003048419952392578,0.5925424098968506,222,16,214,117,2069,1404,20803
oliveira/all_17/randm13.02.02.18.020_0030.03.aba.beta,True,22,10,0.12681269645690918,0.8703768253326416,0.004506111145019531,1.0016956329345703,291,16,278,160,3452,1983,30090
oliveira/all_17/randm13.02.02.18.020_0030.04.aba.beta,True,25,10,0.1683645248413086,1.1468870639801025,0.006860017776489258,1.3221116065979004,351,20,332,164,5689,2886,45653
oliveira/all_17/randm13.02.02.18.020_0030.05.aba.beta,True,19,10,0.12164878845214844,0.7987401485443115,0.002954244613647461,0.9233431816101074,265,14,252,110,3570,1340,20317
oliveira/all_17/randm13.02.02.19.020_0030.01.aba.beta,True,20,12,0.1557917594909668,0.5782032012939453,0.0036482810974121094,0.7376432418823242,368,16,379,130,4587,1504,22682
oliveira/all_17/randm13.02.02.19.020_0030.02.aba.beta,True,25,12,0.2015683650970459,1.4330778121948242,0.0060214996337890625,1.6406676769256592,471,20,452,136,4851,1634,24178
oliveira/all_17/randm13.02.02.19.020_0030.03.aba.beta,True,21,12,0.16505789756774902,0.9367079734802246,0.0037970542907714844,1.1055629253387451,388,15,388,153,5884,1522,23070
oliveira/all_17/randm13.02.02.19.020_0030.04.aba.beta,True,31,12,0.2591359615325928,6.835880994796753,0.0050640106201171875,7.100080966949463,578,25,590,173,8199,2165,32458
oliveira/all_17/randm13.02.02.19.020_0030.05.aba.beta,True,18,12,0.14383769035339355,1.0057718753814697,0.0032541751861572266,1.1528637409210205,492,12,483,162,5138,1388,21091
oliveira/all_17/randm14.02.02.01.020_0030.01.aba.beta,True,4,3,0.016139745712280273,0.036142826080322266,0.0013666152954101562,0.053649187088012695,28,4,25,20,192,572,8798
oliveira/all_17/randm14.02.02.01.020_0030.02.aba.beta,True,2,3,0.006377220153808594,0.03307366371154785,0.0012049674987792969,0.04065585136413574,29,2,28,24,276,551,8736
oliveira/all_17/randm14.02.02.01.020_0030.03.aba.beta,True,2,3,0.0031523704528808594,0.006453990936279297,0.0011675357818603516,0.010773897171020508,10,2,9,8,22,536,8574
oliveira/all_17/randm14.02.02.01.020_0030.04.aba.beta,True,3,3,0.005358457565307617,0.019823789596557617,0.0012297630310058594,0.026412010192871094,27,3,25,20,183,549,8692
oliveira/all_17/randm14.02.02.01.020_0030.05.aba.beta,True,2,3,0.0033674240112304688,0.011897087097167969,0.0012257099151611328,0.01649022102355957,11,2,11,10,27,533,8535
oliveira/all_17/randm14.02.02.02.020_0030.01.aba.beta,True,25,9,0.1279771327972412,0.40211033821105957,0.0029745101928710938,0.5330619812011719,213,23,200,106,3423,1374,19747
oliveira/all_17/randm14.02.02.02.020_0030.02.aba.beta,True,12,9,0.0712125301361084,0.15700674057006836,0.0017936229705810547,0.2300128936767578,164,11,163,57,1824,766,11216
oliveira/all_17/randm14.02.02.02.020_0030.03.aba.beta,True,11,9,0.042170047760009766,0.16411137580871582,0.0014109611511230469,0.20769238471984863,150,8,148,56,1149,655,9638
oliveira/all_17/randm14.02.02.02.020_0030.04.aba.beta,True,19,9,0.10157394409179688,0.2508218288421631,0.0022699832916259766,0.35466575622558594,185,15,190,84,2832,1019,14910
oliveira/all_17/randm14.02.02.02.020_0030.05.aba.beta,True,18,9,0.06867480278015137,0.2790098190307617,0.001977205276489258,0.34966182708740234,152,13,140,75,2349,907,13415
oliveira/all_17/randm14.02.02.03.020_0030.01.aba.beta,True,26,12,0.2500498294830322,6.217451810836792,0.003023862838745117,6.470525503158569,807,19,789,138,10150,1356,19793
oliveira/all_17/randm14.02.02.03.020_0030.02.aba.beta,True,33,12,0.270798921585083,1.0175590515136719,0.004961967468261719,1.2933199405670166,446,27,447,146,6956,2166,32339
oliveira/all_17/randm14.02.02.03.020_0030.03.aba.beta,True,30,12,0.2526068687438965,2.4808311462402344,0.005378007888793945,2.738816022872925,530,26,529,160,6363,2374,35419
oliveira/all_17/randm14.02.02.03.020_0030.04.aba.beta,True,27,12,0.2398698329925537,1.5451579093933105,0.0040967464447021484,1.7891244888305664,450,21,435,144,4456,1870,28291
oliveira/all_17/randm14.02.02.03.020_0030.05.aba.beta,True,27,12,0.26515865325927734,2.0954580307006836,0.002912759780883789,2.3635294437408447,713,21,693,148,8025,1321,19276
oliveira/all_17/randm14.02.02.04.020_0030.01.aba.beta,True,27,12,0.17914724349975586,0.73740553855896,0.003484964370727539,0.9200377464294434,355,21,345,107,4797,1470,21469
oliveira/all_17/randm14.02.02.04.020_0030.02.aba.beta,True,25,12,0.15961837768554688,1.1294066905975342,0.003204822540283203,1.2922298908233643,475,18,461,158,5945,1426,21083
oliveira/all_17/randm14.02.02.04.020_0030.03.aba.beta,True,24,12,0.1984877586364746,2.5181498527526855,0.003696918487548828,2.720334529876709,517,19,504,146,6610,1581,23699
oliveira/all_17/randm14.02.02.04.020_0030.04.aba.beta,True,16,12,0.1399242877960205,0.7631368637084961,0.0034987926483154297,0.906559944152832,385,11,375,125,3494,1536,23637
oliveira/all_17/randm14.02.02.04.020_0030.05.aba.beta,True,32,12,0.27825236320495605,1.560330867767334,0.005048036575317383,1.8436312675476074,584,23,572,142,7518,2216,33274
oliveira/all_17/randm14.02.02.05.020_0030.01.aba.beta,True,20,12,0.17260169982910156,1.1651532649993896,0.0028541088104248047,1.340609073638916,463,14,450,134,4727,1277,19692
oliveira/all_17/randm14.02.02.05.020_0030.02.aba.beta,True,20,12,0.15660429000854492,0.94596266746521,0.0042858123779296875,1.1068527698516846,317,16,310,127,3131,1906,29297
oliveira/all_17/randm14.02.02.05.020_0030.03.aba.beta,True,25,12,0.17287349700927734,0.8612103462219238,0.003792285919189453,1.0378761291503906,296,22,275,147,3830,1726,25529
oliveira/all_17/randm14.02.02.05.020_0030.04.aba.beta,True,19,12,0.1407933235168457,0.5715301036834717,0.0023255348205566406,0.714648962020874,241,15,232,107,2226,986,14527
oliveira/all_17/randm14.02.02.05.020_0030.05.aba.beta,True,29,12,0.2283639907836914,1.4971323013305664,0.0038585662841796875,1.7293548583984375,410,22,390,125,5325,1610,23623
oliveira/all_17/randm14.02.02.06.020_0030.01.aba.beta,True,29,11,0.2600131034851074,1.7757360935211182,0.009878396987915039,2.0456275939941406,396,23,419,215,4913,3975,62808
oliveira/all_17/randm14.02.02.06.020_0030.02.aba.beta,True,29,11,0.21828627586364746,1.7261760234832764,0.00892186164855957,1.9533841609954834,349,23,349,177,5811,3114,48167
oliveira/all_17/randm14.02.02.06.020_0030.03.aba.beta,True,30,11,0.25776004791259766,2.1116952896118164,0.012822389602661133,2.382277727127075,393,25,387,196,4883,4923,77263
oliveira/all_17/randm14.02.02.06.020_0030.04.aba.beta,True,26,11,0.15572905540466309,3.7492611408233643,0.004459381103515625,3.909449577331543,1092,20,1073,151,13297,1905,28982
oliveira/all_17/randm14.02.02.06.020_0030.05.aba.beta,True,31,11,0.19033384323120117,13.992956161499023,0.00736546516418457,14.19065546989441,659,23,637,182,5977,2878,43562
oliveira/all_17/randm14.02.02.07.020_0030.01.aba.beta,True,31,12,0.23123741149902344,1.2772319316864014,0.004969596862792969,1.5134389400482178,363,24,344,150,4985,2210,33286
oliveira/all_17/randm14.02.02.07.020_0030.02.aba.beta,True,33,12,0.27584409713745117,16.792715787887573,0.005745410919189453,17.074305295944214,763,26,738,177,9599,2406,36548
oliveira/all_17/randm14.02.02.07.020_0030.03.aba.beta,True,32,12,0.22816133499145508,1.739924430847168,0.004664421081542969,1.972750186920166,329,26,313,141,4188,1907,29020
oliveira/all_17/randm14.02.02.07.020_0030.04.aba.beta,True,34,12,0.38100409507751465,28.999680280685425,0.008212804794311523,29.38889718055725,868,28,857,217,12960,3534,55657
oliveira/all_17/randm14.02.02.07.020_0030.05.aba.beta,True,30,12,0.26349544525146484,3.0437421798706055,0.00693511962890625,3.3141727447509766,541,25,517,199,7569,2891,45004
oliveira/all_17/randm14.02.02.08.020_0030.01.aba.beta,True,22,10,0.09552550315856934,0.6011438369750977,0.002460002899169922,0.6991293430328369,355,17,339,119,4568,1052,14920
oliveira/all_17/randm14.02.02.08.020_0030.02.aba.beta,True,24,10,0.1372830867767334,0.6769490242004395,0.0032112598419189453,0.8174433708190918,309,19,291,133,4415,1361,20364
oliveira/all_17/randm14.02.02.08.020_0030.03.aba.beta,True,19,10,0.12119054794311523,0.4506266117095947,0.002624988555908203,0.5744421482086182,301,14,298,115,3390,1198,17986
oliveira/all_17/randm14.02.02.08.020_0030.04.aba.beta,True,18,10,0.07932925224304199,0.355396032333374,0.001953601837158203,0.4366788864135742,202,11,198,97,2462,881,13265
oliveira/all_17/randm14.02.02.08.020_0030.05.aba.beta,True,28,10,0.1991443634033203,0.8837895393371582,0.006515979766845703,1.0894498825073242,279,25,259,118,3238,1917,28449
oliveira/all_17/randm14.02.02.09.020_0030.01.aba.beta,True,26,12,0.15468192100524902,1.0543384552001953,0.0038695335388183594,1.2128899097442627,439,19,463,113,4792,1588,23504
oliveira/all_17/randm14.02.02.09.020_0030.02.aba.beta,True,30,12,0.17503643035888672,1.3130884170532227,0.0035369396209716797,1.491661787033081,355,21,345,130,4760,1566,23929
oliveira/all_17/randm14.02.02.09.020_0030.03.aba.beta,True,21,12,0.20345544815063477,7.357004642486572,0.0046465396881103516,7.565106630325317,1297,13,1285,186,13481,2030,31239
oliveira/all_17/randm14.02.02.09.020_0030.04.aba.beta,True,22,12,0.2167503833770752,1.1196236610412598,0.0058841705322265625,1.3422582149505615,355,18,360,168,3830,2569,39067
oliveira/all_17/randm14.02.02.09.020_0030.05.aba.beta,True,16,12,0.13903594017028809,0.9238016605377197,0.0021278858184814453,1.0649654865264893,1034,8,1027,131,9260,845,12804
oliveira/all_17/randm14.02.02.10.020_0030.01.aba.beta,True,3,5,0.012621164321899414,0.02757883071899414,0.0019669532775878906,0.042166948318481445,46,3,63,33,238,724,11617
oliveira/all_17/randm14.02.02.10.020_0030.02.aba.beta,True,7,5,0.01747894287109375,0.08088135719299316,0.001562356948852539,0.09992265701293945,68,6,63,45,841,727,11027
oliveira/all_17/randm14.02.02.10.020_0030.03.aba.beta,True,9,5,0.020055055618286133,0.09754204750061035,0.0015676021575927734,0.11916470527648926,75,8,68,52,815,726,10919
oliveira/all_17/randm14.02.02.10.020_0030.04.aba.beta,True,7,5,0.016892433166503906,0.0721590518951416,0.0015175342559814453,0.09056901931762695,73,6,70,51,732,685,10476
oliveira/all_17/randm14.02.02.10.020_0030.05.aba.beta,True,6,5,0.022472858428955078,0.05888843536376953,0.0016331672668457031,0.08299446105957031,74,5,77,55,664,650,10046
oliveira/all_17/randm14.02.02.11.020_0030.01.aba.beta,True,22,10,0.11066794395446777,0.4645538330078125,0.003223896026611328,0.5784456729888916,201,16,192,91,2173,1332,19689
oliveira/all_17/randm14.02.02.11.020_0030.02.aba.beta,True,20,10,0.09706807136535645,0.48891735076904297,0.003631591796875,0.5896170139312744,213,17,213,122,2733,1558,24020
oliveira/all_17/randm14.02.02.11.020_0030.03.aba.beta,True,19,10,0.11387228965759277,0.9328398704528809,0.002770662307739258,1.049482822418213,407,13,395,119,5389,1250,19222
oliveira/all_17/randm14.02.02.11.020_0030.04.aba.beta,True,25,10,0.16702008247375488,0.6835122108459473,0.005448102951049805,0.855980396270752,373,21,391,158,5210,2332,35057
oliveira/all_17/randm14.02.02.11.020_0030.05.aba.beta,True,20,10,0.09606766700744629,0.4201827049255371,0.0033555030822753906,0.5196058750152588,242,15,237,97,2653,1413,21511
oliveira/all_17/randm14.02.02.12.020_0030.01.aba.beta,True,25,11,0.16275691986083984,0.8889658451080322,0.0029213428497314453,1.0546441078186035,395,19,377,115,4840,1298,18335
oliveira/all_17/randm14.02.02.12.020_0030.02.aba.beta,True,29,11,0.21529293060302734,2.3447265625,0.004180431365966797,2.564199924468994,457,23,435,168,6367,1846,27637
oliveira/all_17/randm14.02.02.12.020_0030.03.aba.beta,True,25,11,0.2173149585723877,3.891087770462036,0.003681659698486328,4.11208438873291,485,19,473,151,5721,1519,22400
oliveira/all_17/randm14.02.02.12.020_0030.04.aba.beta,True,19,11,0.1006765365600586,0.4620041847229004,0.0024595260620117188,0.5651402473449707,279,14,269,117,3814,1115,16316
oliveira/all_17/randm14.02.02.12.020_0030.05.aba.beta,True,18,11,0.09590458869934082,0.46839427947998047,0.0022857189178466797,0.566584587097168,270,15,256,103,3190,1011,15118
oliveira/all_17/randm14.02.02.13.020_0030.01.aba.beta,True,43,13,0.412050724029541,3.1459474563598633,0.006308078765869141,3.5643062591552734,539,38,510,136,6962,2677,39878
oliveira/all_17/randm14.02.02.13.020_0030.02.aba.beta,True,24,13,0.17804455757141113,1.081894874572754,0.0027654170989990234,1.262704849243164,530,16,523,157,5054,1263,18497
oliveira/all_17/randm14.02.02.13.020_0030.03.aba.beta,True,30,13,0.23435544967651367,0.9704651832580566,0.005248069763183594,1.210068702697754,319,25,313,128,4043,2183,32996
oliveira/all_17/randm14.02.02.13.020_0030.04.aba.beta,True,29,13,0.2447209358215332,1.2831523418426514,0.004164695739746094,1.5320379734039307,569,20,561,127,6659,1596,23835
oliveira/all_17/randm14.02.02.13.020_0030.05.aba.beta,True,39,13,0.32453298568725586,1.6524126529693604,0.006346940994262695,1.983292579650879,483,31,467,156,6467,2514,37152
oliveira/all_17/randm14.02.02.14.020_0030.01.aba.beta,True,18,11,0.10735297203063965,0.44307827949523926,0.0026242733001708984,0.5530555248260498,231,13,235,104,3122,1193,17988
oliveira/all_17/randm14.02.02.14.020_0030.02.aba.beta,True,27,11,0.1896510124206543,0.8564977645874023,0.004792690277099609,1.0509414672851562,323,23,309,122,4380,2032,29952
oliveira/all_17/randm14.02.02.14.020_0030.03.aba.beta,True,20,11,0.1318964958190918,0.39597296714782715,0.0024585723876953125,0.5303280353546143,217,18,230,74,2960,1132,16314
oliveira/all_17/randm14.02.02.14.020_0030.04.aba.beta,True,18,11,0.128875732421875,0.41785120964050293,0.002459287643432617,0.5491862297058105,231,16,228,102,2658,1151,16779
oliveira/all_17/randm14.02.02.14.020_0030.05.aba.beta,True,24,11,0.14405155181884766,0.5887243747711182,0.002982616424560547,0.7357585430145264,212,17,202,102,2521,1368,20604
oliveira/all_17/randm14.02.02.15.020_0030.01.aba.beta,True,20,12,0.11109757423400879,0.7307634353637695,0.0023169517517089844,0.8441779613494873,243,14,234,130,3211,1060,16236
oliveira/all_17/randm14.02.02.15.020_0030.02.aba.beta,True,18,12,0.13457536697387695,0.6537902355194092,0.0025107860565185547,0.7908763885498047,322,14,328,133,4019,1161,17446
oliveira/all_17/randm14.02.02.15.020_0030.03.aba.beta,True,27,12,0.25203895568847656,1.6695399284362793,0.0050394535064697266,1.9266183376312256,400,23,400,124,5347,2036,30148
oliveira/all_17/randm14.02.02.15.020_0030.04.aba.beta,True,25,12,0.14607906341552734,1.6728239059448242,0.00304412841796875,1.8219470977783203,400,18,383,129,3258,1365,20159
oliveira/all_17/randm14.02.02.15.020_0030.05.aba.beta,True,29,12,0.18162965774536133,1.2520606517791748,0.0038955211639404297,1.4375858306884766,354,23,340,154,3588,1778,26475
oliveira/all_17/randm14.02.02.16.020_0030.01.aba.beta,True,24,10,0.2358102798461914,0.9633378982543945,0.003406524658203125,1.202554702758789,281,19,270,121,3273,1551,23073
oliveira/all_17/randm14.02.02.16.020_0030.02.aba.beta,True,24,10,0.15999150276184082,1.0069959163665771,0.008433103561401367,1.1754205226898193,311,18,317,143,3984,3555,54755
oliveira/all_17/randm14.02.02.16.020_0030.03.aba.beta,True,23,10,0.16711807250976562,0.815579891204834,0.006402254104614258,0.9891002178192139,274,17,263,162,4343,2642,40636
oliveira/all_17/randm14.02.02.16.020_0030.04.aba.beta,True,24,11,0.1525101661682129,0.9456591606140137,0.005197286605834961,1.1033666133880615,439,19,433,149,4929,2115,32274
oliveira/all_17/randm14.02.02.16.020_0030.05.aba.beta,True,29,10,0.18759822845458984,2.962592363357544,0.006500959396362305,3.156691551208496,304,24,281,163,4050,2858,43404
oliveira/all_17/randm14.02.02.17.020_0030.01.aba.beta,True,24,11,0.1811056137084961,1.0536575317382812,0.0037260055541992188,1.2384891510009766,461,17,455,173,6459,1659,25003
oliveira/all_17/randm14.02.02.17.020_0030.02.aba.beta,True,27,11,0.25170135498046875,2.5709595680236816,0.006350278854370117,2.8290112018585205,343,20,330,164,6345,2702,41615
oliveira/all_17/randm14.02.02.17.020_0030.03.aba.beta,True,24,11,0.23700428009033203,1.235931396484375,0.0037369728088378906,1.476672649383545,742,18,729,159,11831,1595,24475
oliveira/all_17/randm14.02.02.17.020_0030.04.aba.beta,True,24,11,0.18848204612731934,1.4925286769866943,0.003841400146484375,1.684852123260498,472,17,457,139,4793,1675,24790
oliveira/all_17/randm14.02.02.17.020_0030.05.aba.beta,True,24,11,0.14925789833068848,0.7448947429656982,0.003331422805786133,0.8974840641021729,280,17,270,114,4018,1377,20342
oliveira/all_17/randm14.02.02.18.020_0030.01.aba.beta,True,29,13,0.28454113006591797,1.8487358093261719,0.004294633865356445,2.1375715732574463,476,22,460,170,7631,1803,27363
oliveira/all_17/randm14.02.02.18.020_0030.02.aba.beta,True,25,13,0.22589969635009766,0.9108545780181885,0.0041925907135009766,1.140946865081787,374,19,381,164,5258,1865,28406
oliveira/all_17/randm14.02.02.18.020_0030.03.aba.beta,True,22,13,0.1698310375213623,0.7734603881835938,0.004752159118652344,0.9480435848236084,297,18,287,166,3989,2049,31487
oliveira/all_17/randm14.02.02.18.020_0030.04.aba.beta,True,23,13,0.25406312942504883,2.271282196044922,0.002680063247680664,2.5280253887176514,1458,16,1444,170,15890,1208,18053
oliveira/all_17/randm14.02.02.18.020_0030.05.aba.beta,True,28,13,0.2336273193359375,0.8605470657348633,0.003924131393432617,1.0980985164642334,362,23,340,150,4807,1698,25952
oliveira/all_17/randm14.02.02.19.020_0030.01.aba.beta,True,23,13,0.16778349876403809,0.5443334579467773,0.004033803939819336,0.7161507606506348,295,17,302,125,3646,1437,21440
oliveira/all_17/randm14.02.02.19.020_0030.02.aba.beta,True,27,13,0.16214871406555176,0.8033530712127686,0.0031931400299072266,0.9686949253082275,498,19,480,124,5028,1406,20368
oliveira/all_17/randm14.02.02.19.020_0030.03.aba.beta,True,17,13,0.10145306587219238,0.3475935459136963,0.0020627975463867188,0.4511094093322754,336,12,337,94,3802,903,13293
oliveira/all_17/randm14.02.02.19.020_0030.04.aba.beta,True,20,13,0.1611340045928955,0.44801855087280273,0.0018634796142578125,0.611016035079956,492,14,482,110,4606,821,11916
oliveira/all_17/randm14.02.02.19.020_0030.05.aba.beta,True,18,13,0.0965883731842041,0.37671637535095215,0.0015811920166015625,0.4748859405517578,285,10,282,97,2224,689,10047
oliveira/all_17/randm15.02.02.01.020_0030.01.aba.beta,True,30,13,0.36156558990478516,11.87743067741394,0.010216474533081055,12.249212741851807,840,21,832,201,8921,3350,51553
oliveira/all_17/randm15.02.02.01.020_0030.02.aba.beta,True,28,13,0.36142778396606445,7.375716924667358,0.0061855316162109375,7.743330240249634,1320,18,1303,183,12771,2685,41521
oliveira/all_17/randm15.02.02.01.020_0030.03.aba.beta,True,32,13,0.32413673400878906,23.680037021636963,0.005053997039794922,24.009227752685547,981,22,960,218,15987,2222,33302
oliveira/all_17/randm15.02.02.01.020_0030.04.aba.beta,True,29,13,0.2870182991027832,3.1250712871551514,0.005177736282348633,3.417267322540283,843,23,848,175,10163,2236,34163
oliveira/all_17/randm15.02.02.01.020_0030.05.aba.beta,True,37,13,0.4225614070892334,30.1877179145813,0.008057594299316406,30.61833691596985,916,30,892,190,12200,3393,52019
oliveira/all_17/randm15.02.02.02.020_0030.01.aba.beta,True,21,10,0.14856314659118652,1.582207202911377,0.003130197525024414,1.733900547027588,415,14,402,113,5653,1330,19821
oliveira/all_17/randm15.02.02.02.020_0030.02.aba.beta,True,15,10,0.08022546768188477,0.3633592128753662,0.0016663074493408203,0.4452509880065918,227,11,238,88,2143,760,10980
oliveira/all_17/randm15.02.02.02.020_0030.03.aba.beta,True,25,10,0.1556086540222168,0.9415059089660645,0.002960205078125,1.1000747680664062,421,19,460,131,5060,1292,18963
oliveira/all_17/randm15.02.02.02.020_0030.04.aba.beta,True,17,10,0.14016461372375488,0.43573880195617676,0.002643585205078125,0.5785470008850098,279,13,301,94,3678,1117,16837
oliveira/all_17/randm15.02.02.02.020_0030.05.aba.beta,True,23,10,0.1805121898651123,1.844630479812622,0.003954887390136719,2.029097557067871,410,16,395,145,5768,1652,24585
oliveira/all_17/randm15.02.02.03.020_0030.01.aba.beta,True,26,12,0.29857563972473145,15.346839189529419,0.008768320083618164,15.654183149337769,844,18,827,172,13510,1905,29175
oliveira/all_17/randm15.02.02.03.020_0030.02.aba.beta,True,25,11,0.23366165161132812,3.3966479301452637,0.006646871566772461,3.6369564533233643,544,17,555,202,6243,2702,41683
oliveira/all_17/randm15.02.02.03.020_0030.03.aba.beta,True,36,12,0.26282763481140137,1.5136492252349854,0.005322694778442383,1.781799554824829,432,32,410,168,6563,2174,31482
oliveira/all_17/randm15.02.02.03.020_0030.04.aba.beta,True,27,12,0.18691134452819824,1.1440813541412354,0.0029325485229492188,1.3339252471923828,342,22,334,102,4668,1310,18953
oliveira/all_17/randm15.02.02.03.020_0030.05.aba.beta,True,25,12,0.30544185638427734,14.697329998016357,0.005638599395751953,15.008410453796387,838,16,831,201,12680,2406,37064
oliveira/all_17/randm15.02.02.04.020_0030.01.aba.beta,True,27,12,0.2262439727783203,9.318074703216553,0.004044294357299805,9.548362970352173,873,19,855,194,12240,1772,26885
oliveira/all_17/randm15.02.02.04.020_0030.02.aba.beta,True,19,12,0.14566731452941895,0.6966049671173096,0.0034766197204589844,0.8457489013671875,303,14,303,108,2822,1494,23126
oliveira/all_17/randm15.02.02.04.020_0030.03.aba.beta,True,21,12,0.18953895568847656,1.870790958404541,0.004006862640380859,2.0643367767333984,544,12,535,181,5820,1706,26229
oliveira/all_17/randm15.02.02.04.020_0030.04.aba.beta,True,28,12,0.23368620872497559,1.240602731704712,0.00535130500793457,1.479640245437622,407,23,398,192,6972,2249,34490
oliveira/all_17/randm15.02.02.04.020_0030.05.aba.beta,True,28,12,0.25237488746643066,5.8822267055511475,0.004422426223754883,6.139024019241333,533,21,513,151,7436,1886,28577
oliveira/all_17/randm15.02.02.05.020_0030.01.aba.beta,True,26,11,0.18646788597106934,0.6669473648071289,0.003468036651611328,0.8568832874298096,282,21,269,107,4210,1591,23875
oliveira/all_17/randm15.02.02.05.020_0030.02.aba.beta,True,27,11,0.20949387550354004,0.8955810070037842,0.003862619400024414,1.1089375019073486,328,21,329,127,4774,1724,25957
oliveira/all_17/randm15.02.02.05.020_0030.03.aba.beta,True,20,11,0.24668669700622559,0.9525229930877686,0.002385854721069336,1.2015955448150635,472,14,460,140,5636,1067,15803
oliveira/all_17/randm15.02.02.05.020_0030.04.aba.beta,True,25,11,0.16983580589294434,0.5256578922271729,0.0032601356506347656,0.698753833770752,279,19,283,113,3582,1525,22499
oliveira/all_17/randm15.02.02.05.020_0030.05.aba.beta,True,26,11,0.17818307876586914,1.0845510959625244,0.0047321319580078125,1.2674663066864014,332,22,355,147,5027,2047,31088
oliveira/all_17/randm15.02.02.06.020_0030.01.aba.beta,True,27,11,0.24299025535583496,4.755951404571533,0.0049550533294677734,5.003896713256836,614,21,594,171,5888,2197,33502
oliveira/all_17/randm15.02.02.06.020_0030.02.aba.beta,True,23,11,0.13861656188964844,2.386737585067749,0.0040514469146728516,2.5294055938720703,417,18,400,146,5368,1800,26945
oliveira/all_17/randm15.02.02.06.020_0030.03.aba.beta,True,30,11,0.2683427333831787,38.62990474700928,0.008435249328613281,38.90668272972107,762,23,740,172,10597,2737,41601
oliveira/all_17/randm15.02.02.06.020_0030.04.aba.beta,True,30,11,0.23632287979125977,5.1953747272491455,0.00505828857421875,5.436755895614624,773,22,752,166,12423,2182,33122
oliveira/all_17/randm15.02.02.06.020_0030.05.aba.beta,True,28,11,0.25206422805786133,8.525339603424072,0.006112337112426758,8.78351616859436,530,21,510,199,8030,2711,40920
oliveira/all_17/randm15.02.02.07.020_0030.01.aba.beta,True,23,13,0.20578742027282715,0.7705309391021729,0.0040132999420166016,0.9803316593170166,335,18,341,142,4471,1718,25867
oliveira/all_17/randm15.02.02.07.020_0030.02.aba.beta,True,28,13,0.2249314785003662,0.8596317768096924,0.0040934085845947266,1.0886566638946533,341,21,341,178,3884,1722,25808
oliveira/all_17/randm15.02.02.07.020_0030.03.aba.beta,True,20,13,0.21208953857421875,1.7124214172363281,0.00621795654296875,1.9307289123535156,773,13,763,206,7096,2466,38930
oliveira/all_17/randm15.02.02.07.020_0030.04.aba.beta,True,31,13,0.2857656478881836,1.3170406818389893,0.00838923454284668,1.6111955642700195,563,24,540,160,7823,2992,45434
oliveira/all_17/randm15.02.02.07.020_0030.05.aba.beta,True,26,13,0.20450925827026367,1.1959586143493652,0.004950284957885742,1.4054181575775146,465,18,452,168,4317,2165,32712
oliveira/all_17/randm15.02.02.08.020_0030.01.aba.beta,True,34,11,0.2415904998779297,1.1818268299102783,0.006062030792236328,1.4294793605804443,376,28,359,150,4477,2739,40975
oliveira/all_17/randm15.02.02.08.020_0030.02.aba.beta,True,20,11,0.15112876892089844,0.6950013637542725,0.002565145492553711,0.8486952781677246,329,15,336,119,4271,1152,16936
oliveira/all_17/randm15.02.02.08.020_0030.03.aba.beta,True,24,11,0.17476201057434082,1.010751485824585,0.0028848648071289062,1.1883983612060547,417,16,409,137,4697,1288,18856
oliveira/all_17/randm15.02.02.08.020_0030.04.aba.beta,True,22,11,0.12956953048706055,0.6354489326477051,0.003080606460571289,0.7680990695953369,289,14,280,105,3330,1324,19517
oliveira/all_17/randm15.02.02.08.020_0030.05.aba.beta,True,28,11,0.21030330657958984,1.1624867916107178,0.00556182861328125,1.3783519268035889,350,22,372,186,5572,2373,36479
oliveira/all_17/randm15.02.02.09.020_0030.01.aba.beta,True,33,11,0.2982156276702881,13.330479383468628,0.007048606872558594,13.635743618011475,463,26,438,181,6290,3047,46436
oliveira/all_17/randm15.02.02.09.020_0030.02.aba.beta,True,20,11,0.2972385883331299,78.4194962978363,0.0026018619537353516,78.71933674812317,1826,13,1814,159,25326,1144,17255
oliveira/all_17/randm15.02.02.09.020_0030.03.aba.beta,True,22,11,0.20870089530944824,14.49453330039978,0.003326892852783203,14.706561088562012,659,15,649,165,7627,1464,22822
oliveira/all_17/randm15.02.02.09.020_0030.04.aba.beta,True,31,11,0.36995935440063477,20.227612018585205,0.007641792297363281,20.605213165283203,513,23,495,228,6920,3180,48568
oliveira/all_17/randm15.02.02.09.020_0030.05.aba.beta,True,28,11,0.38400697708129883,150.49210453033447,0.00757288932800293,150.88368439674377,693,22,672,239,10012,3128,48285
oliveira/all_17/randm15.02.02.10.020_0030.01.aba.beta,True,7,4,0.018208742141723633,0.0435948371887207,0.001512289047241211,0.06331586837768555,39,6,34,27,395,615,9189
oliveira/all_17/randm15.02.02.10.020_0030.02.aba.beta,True,2,4,0.00393986701965332,0.010996580123901367,0.001191854476928711,0.0161283016204834,42,2,44,27,192,540,8604
oliveira/all_17/randm15.02.02.10.020_0030.03.aba.beta,True,3,4,0.005879402160644531,0.01774001121520996,0.0014874935150146484,0.02510690689086914,37,3,38,20,166,552,8657
oliveira/all_17/randm15.02.02.10.020_0030.04.aba.beta,True,2,4,0.003931283950805664,0.014204263687133789,0.0012068748474121094,0.019342422485351562,42,2,43,21,196,538,8593
oliveira/all_17/randm15.02.02.10.020_0030.05.aba.beta,True,6,4,0.016271352767944336,0.03699493408203125,0.0013375282287597656,0.05460381507873535,42,6,39,21,279,604,9202
oliveira/all_17/randm15.02.02.11.020_0030.01.aba.beta,True,21,12,0.18559908866882324,6.4402995109558105,0.003284454345703125,6.629183053970337,809,14,798,161,8289,1430,21571
oliveira/all_17/randm15.02.02.11.020_0030.02.aba.beta,True,24,12,0.21930241584777832,1.505265474319458,0.0029451847076416016,1.727513074874878,510,18,498,143,5686,1352,19631
oliveira/all_17/randm15.02.02.11.020_0030.03.aba.beta,True,22,12,0.16031360626220703,1.1102709770202637,0.0034558773040771484,1.2740404605865479,317,14,310,139,3604,1390,21342
oliveira/all_17/randm15.02.02.11.020_0030.04.aba.beta,True,21,12,0.15746378898620605,2.1005048751831055,0.0025887489318847656,2.2605574131011963,428,13,420,135,4481,1147,17426
oliveira/all_17/randm15.02.02.11.020_0030.05.aba.beta,True,23,12,0.18810725212097168,2.146437168121338,0.0021228790283203125,2.33666729927063,818,17,806,124,9507,956,13480
oliveira/all_17/randm15.02.02.12.020_0030.01.aba.beta,True,27,14,0.32942771911621094,6.023319959640503,0.0031774044036865234,6.3559250831604,1560,16,1548,185,16028,1314,19253
oliveira/all_17/randm15.02.02.12.020_0030.02.aba.beta,True,26,14,0.29340624809265137,15.183530569076538,0.0031757354736328125,15.480112552642822,884,18,867,167,8653,1421,21324
oliveira/all_17/randm15.02.02.12.020_0030.03.aba.beta,True,32,14,0.3631100654602051,2.0445075035095215,0.004867076873779297,2.412484645843506,421,24,415,176,5970,2161,31821
oliveira/all_17/randm15.02.02.12.020_0030.04.aba.beta,True,24,14,0.37317848205566406,12.183112382888794,0.0026564598083496094,12.558947324752808,1691,13,1679,160,24324,1150,17174
oliveira/all_17/randm15.02.02.12.020_0030.05.aba.beta,True,24,14,0.32012295722961426,7.0263800621032715,0.002233266830444336,7.34873628616333,1653,13,1646,158,20607,994,14550
oliveira/all_17/randm15.02.02.13.020_0030.01.aba.beta,True,40,10,0.3650674819946289,117.22742748260498,0.012553930282592773,117.6050488948822,501,33,469,247,6801,5225,82149
oliveira/all_17/randm15.02.02.13.020_0030.02.aba.beta,True,32,10,0.3450033664703369,57.37589621543884,0.010894775390625,57.731794357299805,748,26,723,290,10821,4668,72601
oliveira/all_17/randm15.02.02.13.020_0030.03.aba.beta,True,36,10,0.4241955280303955,137.10484838485718,0.011657238006591797,137.54070115089417,766,29,738,244,13250,4712,73154
oliveira/all_17/randm15.02.02.13.020_0030.04.aba.beta,True,27,10,0.3073434829711914,10.869945049285889,0.008926153182983398,11.186214685440063,476,21,456,227,7803,3660,57804
oliveira/all_17/randm15.02.02.13.020_0030.05.aba.beta,True,36,10,0.6596717834472656,406.96165895462036,0.012199640274047852,407.6335303783417,1143,29,1115,316,25183,5166,80091
oliveira/all_17/randm15.02.02.14.020_0030.01.aba.beta,True,19,12,0.11926579475402832,0.5135858058929443,0.002765178680419922,0.6356167793273926,245,14,240,83,1992,1230,18280
oliveira/all_17/randm15.02.02.14.020_0030.02.aba.beta,True,25,12,0.19541263580322266,0.6956264972686768,0.003329038619995117,0.8943681716918945,390,18,455,132,4864,1413,20967
oliveira/all_17/randm15.02.02.14.020_0030.03.aba.beta,True,22,12,0.26665520668029785,0.8225517272949219,0.003495454788208008,1.0927023887634277,247,20,261,115,2765,1466,21589
oliveira/all_17/randm15.02.02.14.020_0030.04.aba.beta,True,26,12,0.23086905479431152,0.8721251487731934,0.008460760116577148,1.111454963684082,401,18,429,110,4807,3407,53404
oliveira/all_17/randm15.02.02.14.020_0030.05.aba.beta,True,14,12,0.12175726890563965,0.4491605758666992,0.0024368762969970703,0.5733547210693359,225,13,220,111,2058,981,14402
oliveira/all_17/randm15.02.02.15.020_0030.01.aba.beta,True,23,11,0.13530659675598145,0.516822338104248,0.003640890121459961,0.6557698249816895,279,18,264,102,3481,1484,21771
oliveira/all_17/randm15.02.02.15.020_0030.02.aba.beta,True,17,11,0.19775986671447754,2.1809253692626953,0.0021250247955322266,2.380810260772705,1806,9,1798,122,25630,939,14275
oliveira/all_17/randm15.02.02.15.020_0030.03.aba.beta,True,15,11,0.06849503517150879,0.4635274410247803,0.0017409324645996094,0.5337634086608887,554,7,548,96,4882,752,11309
oliveira/all_17/randm15.02.02.15.020_0030.04.aba.beta,True,23,11,0.12961888313293457,0.48209547996520996,0.0032100677490234375,0.614924430847168,233,16,228,80,3099,1370,20470
oliveira/all_17/randm15.02.02.15.020_0030.05.aba.beta,True,22,11,0.12518024444580078,0.596315860748291,0.0034499168395996094,0.7249460220336914,309,16,295,133,3511,1422,21474
oliveira/all_17/randm15.02.02.16.020_0030.01.aba.beta,True,25,14,0.36124205589294434,4.228961944580078,0.0053980350494384766,4.595602035522461,1007,19,993,216,15138,2248,35177
oliveira/all_17/randm15.02.02.16.020_0030.02.aba.beta,True,36,14,0.3466765880584717,1.4543054103851318,0.007177114486694336,1.8081591129302979,480,27,471,196,7194,3034,46578
oliveira/all_17/randm15.02.02.16.020_0030.03.aba.beta,True,32,14,0.3685798645019531,11.136292219161987,0.00731205940246582,11.512184143066406,1633,24,1610,238,20634,3117,48691
oliveira/all_17/randm15.02.02.16.020_0030.04.aba.beta,True,36,14,0.40450525283813477,1.5842056274414062,0.006081819534301758,1.9947926998138428,492,30,546,146,7878,2510,37943
oliveira/all_17/randm15.02.02.16.020_0030.05.aba.beta,True,29,14,0.2259502410888672,1.0542004108428955,0.0041866302490234375,1.2843372821807861,330,21,328,126,4022,1746,26303
oliveira/all_17/randm15.02.02.17.020_0030.01.aba.beta,True,10,7,0.041977643966674805,0.10982179641723633,0.0017802715301513672,0.1535797119140625,105,8,111,63,1125,720,11013
oliveira/all_17/randm15.02.02.17.020_0030.02.aba.beta,True,14,7,0.04707813262939453,0.25490546226501465,0.002087116241455078,0.30407071113586426,173,11,165,111,1832,924,13720
oliveira/all_17/randm15.02.02.17.020_0030.03.aba.beta,True,12,7,0.045706987380981445,0.16516685485839844,0.0018699169158935547,0.21274375915527344,133,10,125,73,1346,797,11884
oliveira/all_17/randm15.02.02.17.020_0030.04.aba.beta,True,8,7,0.02840900421142578,0.11336731910705566,0.001745462417602539,0.14352178573608398,111,7,115,73,1176,744,11306
oliveira/all_17/randm15.02.02.17.020_0030.05.aba.beta,True,13,7,0.05506396293640137,0.2059473991394043,0.0023827552795410156,0.2633941173553467,121,11,114,93,1355,1023,15522
oliveira/all_17/randm15.02.02.18.020_0030.01.aba.beta,True,29,13,0.37912416458129883,6.385721921920776,0.007330179214477539,6.772176265716553,977,22,1008,218,15326,2645,40311
oliveira/all_17/randm15.02.02.18.020_0030.02.aba.beta,True,23,13,0.48502469062805176,197.16160678863525,0.003773212432861328,197.65040469169617,2748,14,2735,197,40841,1517,23022
oliveira/all_17/randm15.02.02.18.020_0030.03.aba.beta,True,42,13,0.6683237552642822,103.29837918281555,0.01228642463684082,103.97898936271667,1347,36,1312,249,18933,5260,81086
oliveira/all_17/randm15.02.02.18.020_0030.04.aba.beta,True,37,13,0.33959341049194336,85.87362766265869,0.004804372787475586,86.21802544593811,1015,28,988,183,15526,2108,30689
oliveira/all_17/randm15.02.02.18.020_0030.05.aba.beta,True,32,13,0.4798145294189453,746.5693562030792,0.005495786666870117,747.054666519165,2848,23,2826,215,43902,2669,41128
oliveira/all_17/randm15.02.02.19.020_0030.01.aba.beta,True,27,15,0.6329224109649658,8.396114349365234,0.01239466667175293,9.041431427001953,3580,19,3562,221,65343,2354,35628
oliveira/all_17/randm15.02.02.19.020_0030.02.aba.beta,True,22,13,0.35970497131347656,2.3607161045074463,0.002577066421508789,2.7229981422424316,803,14,791,150,7985,1088,16188
oliveira/all_17/randm15.02.02.19.020_0030.03.aba.beta,True,25,13,0.23437261581420898,1.409019947052002,0.009294271469116211,1.6526868343353271,373,19,380,189,4015,2214,33448
oliveira/all_17/randm15.02.02.19.020_0030.04.aba.beta,True,26,15,0.3238413333892822,1.7443203926086426,0.00679469108581543,2.0749564170837402,702,17,723,175,8181,2123,32788
oliveira/all_17/randm15.02.02.19.020_0030.05.aba.beta,True,20,13,0.1769547462463379,1.4242770671844482,0.0030205249786376953,1.6042523384094238,501,13,489,133,5589,1262,19296
oliveira/all_17/randm16.02.02.01.020_0030.01.aba.beta,True,37,12,0.5538320541381836,80.42614698410034,0.011958837509155273,80.99193787574768,1320,30,1291,244,20825,5034,76758
oliveira/all_17/randm16.02.02.01.020_0030.02.aba.beta,True,34,12,0.34680724143981934,4.970844268798828,0.011000394821166992,5.3286519050598145,612,27,591,238,7660,4529,71739
oliveira/all_17/randm16.02.02.01.020_0030.03.aba.beta,True,29,11,0.29744935035705566,7.9235758781433105,0.006529569625854492,8.22755479812622,743,23,725,221,9843,2648,41369
oliveira/all_17/randm16.02.02.01.020_0030.04.aba.beta,True,39,12,0.8262438774108887,101.48528838157654,0.01533961296081543,102.32687187194824,1488,32,1457,290,27928,6221,97968
oliveira/all_17/randm16.02.02.01.020_0030.05.aba.beta,True,36,12,0.4429786205291748,82.40680623054504,0.00822591781616211,82.85801076889038,1401,28,1386,211,18474,3416,52168
oliveira/all_17/randm16.02.02.02.020_0030.01.aba.beta,True,42,15,0.7312972545623779,35.48920178413391,0.008559465408325195,36.229058504104614,841,34,887,208,13774,3542,54241
oliveira/all_17/randm16.02.02.02.020_0030.02.aba.beta,True,35,16,1.7279531955718994,8842.325315475464,0.004545927047729492,8844.057814598083,20486,23,20464,250,393925,2125,32050
oliveira/all_17/randm16.02.02.02.020_0030.03.aba.beta,True,41,15,0.8062252998352051,5.58420729637146,0.013191938400268555,6.403624534606934,1414,29,1394,226,21109,3743,56838
oliveira/all_17/randm16.02.02.02.020_0030.04.aba.beta,True,37,15,0.3693101406097412,2.4511260986328125,0.0061762332916259766,2.8266124725341797,708,30,679,181,10065,2747,40768
oliveira/all_17/randm16.02.02.02.020_0030.05.aba.beta,True,35,15,0.9022135734558105,212.4755928516388,0.006712913513183594,213.3845193386078,4060,23,4039,244,84509,2803,42732
oliveira/all_17/randm16.02.02.03.020_0030.01.aba.beta,True,33,11,0.24924349784851074,1.6041162014007568,0.0061109066009521484,1.8594706058502197,369,29,350,179,4183,2611,38525
oliveira/all_17/randm16.02.02.03.020_0030.02.aba.beta,True,21,11,0.15560317039489746,0.9198479652404785,0.002946138381958008,1.078397274017334,273,16,259,151,3342,1274,19340
oliveira/all_17/randm16.02.02.03.020_0030.03.aba.beta,True,14,11,0.10875844955444336,0.44217419624328613,0.002258777618408203,0.5531914234161377,247,11,249,117,2548,988,14918
oliveira/all_17/randm16.02.02.03.020_0030.04.aba.beta,True,15,11,0.1148996353149414,0.4740605354309082,0.0036973953247070312,0.5926575660705566,218,12,213,120,2331,1601,24367
oliveira/all_17/randm16.02.02.03.020_0030.05.aba.beta,True,15,11,0.1260068416595459,0.45763564109802246,0.0025680065155029297,0.5862104892730713,239,12,236,120,2155,1023,15514
oliveira/all_17/randm16.02.02.04.020_0030.01.aba.beta,True,21,13,0.14211511611938477,0.7146615982055664,0.002638578414916992,0.8594152927398682,293,12,284,104,2815,1134,17058
oliveira/all_17/randm16.02.02.04.020_0030.02.aba.beta,True,39,13,0.34019970893859863,1.5184698104858398,0.011883974075317383,1.8705534934997559,411,31,417,201,5400,4452,69524
oliveira/all_17/randm16.02.02.04.020_0030.03.aba.beta,True,17,13,0.1997842788696289,0.7432174682617188,0.0030820369720458984,0.9460837841033936,431,9,430,132,3838,1069,16355
oliveira/all_17/randm16.02.02.04.020_0030.04.aba.beta,True,28,13,0.23544812202453613,0.8503680229187012,0.0036394596099853516,1.0894556045532227,290,20,300,110,3762,1511,22573
oliveira/all_17/randm16.02.02.04.020_0030.05.aba.beta,True,27,13,0.23865532875061035,1.2476849555969238,0.005464076995849609,1.4918043613433838,549,20,555,127,6127,2268,34744
oliveira/all_17/randm16.02.02.05.020_0030.01.aba.beta,True,42,13,0.515451192855835,4.522387981414795,0.010819673538208008,5.048658847808838,549,35,537,243,8889,4372,69002
oliveira/all_17/randm16.02.02.05.020_0030.02.aba.beta,True,33,13,0.2792670726776123,7.36919641494751,0.00810384750366211,7.656567335128784,521,25,503,165,5684,3191,50170
oliveira/all_17/randm16.02.02.05.020_0030.03.aba.beta,True,36,13,0.40500330924987793,4.279594421386719,0.0062634944915771484,4.690861225128174,566,28,596,182,9411,2710,40911
oliveira/all_17/randm16.02.02.05.020_0030.04.aba.beta,True,27,13,0.3328683376312256,16.700881481170654,0.0042476654052734375,17.037997484207153,1365,18,1348,170,16360,1584,23493
oliveira/all_17/randm16.02.02.05.020_0030.05.aba.beta,True,25,13,0.22262048721313477,1.261230230331421,0.005793333053588867,1.4896440505981445,415,19,422,180,5587,2304,35720
oliveira/all_17/randm16.02.02.06.020_0030.01.aba.beta,True,27,12,0.23749995231628418,0.8242478370666504,0.005253791809082031,1.0670015811920166,318,24,330,146,4261,2288,34649
oliveira/all_17/randm16.02.02.06.020_0030.02.aba.beta,True,27,12,0.20856523513793945,0.6918680667877197,0.0022325515747070312,0.9026658535003662,265,21,262,95,2651,1060,15004
oliveira/all_17/randm16.02.02.06.020_0030.03.aba.beta,True,31,12,0.2524394989013672,1.1605067253112793,0.006116151809692383,1.4190623760223389,365,25,367,173,5629,2584,40143
oliveira/all_17/randm16.02.02.06.020_0030.04.aba.beta,True,20,12,0.18811607360839844,0.718691349029541,0.002750396728515625,0.9095578193664551,338,17,354,121,3752,1263,18587
oliveira/all_17/randm16.02.02.06.020_0030.05.aba.beta,True,26,12,0.22261667251586914,0.7964372634887695,0.004677295684814453,1.0237312316894531,291,21,299,118,3539,1968,29709
oliveira/all_17/randm16.02.02.07.020_0030.01.aba.beta,True,20,11,0.11077046394348145,0.46588659286499023,0.003892183303833008,0.5805492401123047,188,15,189,93,2359,1587,23968
oliveira/all_17/randm16.02.02.07.020_0030.02.aba.beta,True,19,10,0.1404552459716797,0.5035684108734131,0.003981351852416992,0.6480050086975098,248,15,259,133,3456,1745,26320
oliveira/all_17/randm16.02.02.07.020_0030.03.aba.beta,True,20,11,0.12980937957763672,0.5594825744628906,0.0031201839447021484,0.6924121379852295,223,17,212,112,3608,1402,20847
oliveira/all_17/randm16.02.02.07.020_0030.04.aba.beta,True,17,10,0.17720937728881836,0.5702698230743408,0.0037665367126464844,0.7512457370758057,247,15,238,108,3053,1619,25152
oliveira/all_17/randm16.02.02.07.020_0030.05.aba.beta,True,23,11,0.23381519317626953,1.2157716751098633,0.0066492557525634766,1.4562361240386963,300,20,281,152,3329,2799,43271
oliveira/all_17/randm16.02.02.08.020_0030.01.aba.beta,True,30,14,0.2793738842010498,3.6181302070617676,0.003945827484130859,3.9014499187469482,887,23,865,189,10982,1767,25826
oliveira/all_17/randm16.02.02.08.020_0030.02.aba.beta,True,26,14,0.2981240749359131,16.852399587631226,0.002689838409423828,17.153213500976562,1529,17,1513,154,22836,1217,17692
oliveira/all_17/randm16.02.02.08.020_0030.03.aba.beta,True,30,14,0.4552791118621826,10.08086085319519,0.006741523742675781,10.542881488800049,964,19,946,212,13171,2872,44318
oliveira/all_17/randm16.02.02.08.020_0030.04.aba.beta,True,31,14,0.29387998580932617,2.138657569885254,0.005819082260131836,2.438356637954712,596,24,573,216,7796,2452,36545
oliveira/all_17/randm16.02.02.08.020_0030.05.aba.beta,True,35,14,0.5579743385314941,72.24246907234192,0.006063699722290039,72.8065071105957,1589,24,1566,205,16505,2537,37779
oliveira/all_17/randm16.02.02.09.020_0030.01.aba.beta,True,25,12,0.21321821212768555,1.554018259048462,0.003548145294189453,1.770784616470337,338,18,336,122,3329,1547,23107
oliveira/all_17/randm16.02.02.09.020_0030.02.aba.beta,True,22,12,0.13845109939575195,0.5730867385864258,0.002113819122314453,0.7136516571044922,307,15,301,112,2815,985,14109
oliveira/all_17/randm16.02.02.09.020_0030.03.aba.beta,True,19,12,0.10386776924133301,0.44531941413879395,0.0016810894012451172,0.5508682727813721,417,13,420,116,3764,781,11229
oliveira/all_17/randm16.02.02.09.020_0030.04.aba.beta,True,18,12,0.14980697631835938,0.5895686149597168,0.0031685829162597656,0.7425441741943359,331,14,347,140,4098,1415,21315
oliveira/all_17/randm16.02.02.09.020_0030.05.aba.beta,True,15,12,0.0763998031616211,0.3890092372894287,0.0015039443969726562,0.46691298484802246,361,8,356,96,4226,674,10299
oliveira/all_17/randm16.02.02.10.020_0030.01.aba.beta,True,12,9,0.06905221939086914,0.31305480003356934,0.0028464794158935547,0.38495349884033203,152,11,147,94,1349,1267,19365
oliveira/all_17/randm16.02.02.10.020_0030.02.aba.beta,True,12,9,0.07039785385131836,0.2654438018798828,0.0017962455749511719,0.33763790130615234,179,9,181,94,1625,806,12007
oliveira/all_17/randm16.02.02.10.020_0030.03.aba.beta,True,26,9,0.18722963333129883,1.1049907207489014,0.005326032638549805,1.29754638671875,323,22,302,171,5010,2317,35013
oliveira/all_17/randm16.02.02.10.020_0030.04.aba.beta,True,14,9,0.09264993667602539,0.6945416927337646,0.0024292469024658203,0.7896208763122559,485,9,477,135,9162,994,15078
oliveira/all_17/randm16.02.02.10.020_0030.05.aba.beta,True,12,9,0.060564517974853516,0.27781248092651367,0.0020155906677246094,0.3403925895690918,131,9,124,82,1066,888,13637
oliveira/all_17/randm16.02.02.11.020_0030.01.aba.beta,True,24,13,0.27753210067749023,1.8136568069458008,0.002946615219116211,2.0941355228424072,808,16,799,168,8482,1255,18518
oliveira/all_17/randm16.02.02.11.020_0030.02.aba.beta,True,26,13,0.34089112281799316,2.129962682723999,0.003648996353149414,2.4745028018951416,489,19,471,134,7268,1629,24169
oliveira/all_17/randm16.02.02.11.020_0030.03.aba.beta,True,44,13,0.47986364364624023,2.2873682975769043,0.006551027297973633,2.773782968521118,538,36,513,140,7832,2903,43516
oliveira/all_17/randm16.02.02.11.020_0030.04.aba.beta,True,34,13,0.3190181255340576,1.3644990921020508,0.0046803951263427734,1.6881976127624512,400,28,384,131,4888,2081,30430
oliveira/all_17/randm16.02.02.11.020_0030.05.aba.beta,True,30,13,0.28052830696105957,0.9614760875701904,0.0043141841888427734,1.2463185787200928,398,26,417,116,6646,1877,27579
oliveira/all_17/randm16.02.02.12.020_0030.01.aba.beta,True,25,14,0.27286767959594727,2.1217262744903564,0.004397153854370117,2.398991107940674,615,20,613,123,6795,1873,28714
oliveira/all_17/randm16.02.02.12.020_0030.02.aba.beta,True,25,14,0.224531888961792,0.8081274032592773,0.007255077362060547,1.0399143695831299,362,21,346,131,4150,3127,48599
oliveira/all_17/randm16.02.02.12.020_0030.03.aba.beta,True,26,14,0.22135615348815918,1.8522565364837646,0.0037882328033447266,2.0774009227752686,555,17,545,141,6429,1114,16604
oliveira/all_17/randm16.02.02.12.020_0030.04.aba.beta,True,20,14,0.1660759449005127,0.74141526222229,0.0016703605651855469,0.9091615676879883,511,11,502,99,4281,784,11449
oliveira/all_17/randm16.02.02.12.020_0030.05.aba.beta,True,20,14,0.17991065979003906,1.4490342140197754,0.002597808837890625,1.631542682647705,546,12,543,154,5083,1162,17315
oliveira/all_17/randm16.02.02.13.020_0030.01.aba.beta,True,27,11,0.20441436767578125,0.5975778102874756,0.003139495849609375,0.8051316738128662,246,24,230,100,3901,1419,20787
oliveira/all_17/randm16.02.02.13.020_0030.02.aba.beta,True,26,11,0.1736764907836914,0.67330002784729,0.004164934158325195,0.8511414527893066,227,19,217,113,2751,1822,27621
oliveira/all_17/randm16.02.02.13.020_0030.03.aba.beta,True,21,11,0.1508498191833496,0.5078072547912598,0.002794981002807617,0.661452054977417,344,17,333,126,4872,1228,17753
oliveira/all_17/randm16.02.02.13.020_0030.04.aba.beta,True,25,11,0.14084410667419434,0.6416769027709961,0.0024483203887939453,0.7849693298339844,295,18,278,86,3552,1053,14937
oliveira/all_17/randm16.02.02.13.020_0030.05.aba.beta,True,18,11,0.11126303672790527,0.4257521629333496,0.0018372535705566406,0.5388524532318115,255,13,244,91,2867,834,12131
oliveira/all_17/randm16.02.02.14.020_0030.01.aba.beta,True,8,6,0.02076435089111328,0.06674027442932129,0.0013124942779541016,0.08881711959838867,60,7,56,29,453,600,9022
oliveira/all_17/randm16.02.02.14.020_0030.02.aba.beta,True,7,6,0.019259929656982422,0.046338558197021484,0.0014030933380126953,0.0670015811920166,73,5,73,33,466,622,9577
oliveira/all_17/randm16.02.02.14.020_0030.03.aba.beta,True,8,6,0.021827220916748047,0.09256243705749512,0.0014257431030273438,0.11581540107727051,93,7,89,60,1140,651,9948
oliveira/all_17/randm16.02.02.14.020_0030.04.aba.beta,True,7,6,0.018164873123168945,0.07244586944580078,0.001439809799194336,0.09205055236816406,74,6,71,47,773,652,10060
oliveira/all_17/randm16.02.02.14.020_0030.05.aba.beta,True,7,6,0.02476024627685547,0.08441305160522461,0.0016887187957763672,0.11086201667785645,95,6,90,58,1139,730,11380
oliveira/all_17/randm16.02.02.15.020_0030.01.aba.beta,True,32,15,0.5373044013977051,53.00789284706116,0.006371259689331055,53.55156850814819,1928,23,1906,226,24798,2808,42561
oliveira/all_17/randm16.02.02.15.020_0030.02.aba.beta,True,40,15,0.5951848030090332,7.760425806045532,0.0070421695709228516,8.362652778625488,984,31,964,199,9943,2743,40557
oliveira/all_17/randm16.02.02.15.020_0030.03.aba.beta,True,35,15,0.37085986137390137,4.51671838760376,0.0058498382568359375,4.893428087234497,580,27,554,201,6044,2470,36929
oliveira/all_17/randm16.02.02.15.020_0030.04.aba.beta,True,32,15,0.3988320827484131,55.29757213592529,0.006222248077392578,55.7026264667511,975,24,960,210,12013,2617,41050
oliveira/all_17/randm16.02.02.15.020_0030.05.aba.beta,True,40,15,0.9567341804504395,131.78865098953247,0.008525371551513672,132.75391054153442,3015,31,2988,236,36427,3629,55865
oliveira/all_17/randm16.02.02.16.020_0030.01.aba.beta,True,30,11,0.18416380882263184,0.7505066394805908,0.004224538803100586,0.9388949871063232,273,24,268,109,4479,1869,28000
oliveira/all_17/randm16.02.02.16.020_0030.02.aba.beta,True,29,11,0.2866954803466797,2.221884250640869,0.00461125373840332,2.513190984725952,445,24,422,125,8217,2012,30008
oliveira/all_17/randm16.02.02.16.020_0030.03.aba.beta,True,27,11,0.18879151344299316,0.8390493392944336,0.002619504928588867,1.0304603576660156,301,19,292,96,3952,1149,16946
oliveira/all_17/randm16.02.02.16.020_0030.04.aba.beta,True,15,11,0.12840485572814941,0.4154939651489258,0.002332925796508789,0.546231746673584,317,11,342,110,5202,990,14917
oliveira/all_17/randm16.02.02.16.020_0030.05.aba.beta,True,29,11,0.26729512214660645,0.7037649154663086,0.00436711311340332,0.9754271507263184,345,26,378,133,5873,1904,28197
oliveira/all_17/randm16.02.02.17.020_0030.01.aba.beta,True,26,13,0.23614144325256348,1.4904670715332031,0.00401616096496582,1.7306246757507324,739,20,720,146,11441,1773,26826
oliveira/all_17/randm16.02.02.17.020_0030.02.aba.beta,True,26,14,0.5227460861206055,45.65575575828552,0.003751516342163086,46.18225336074829,3072,18,3055,169,42457,1631,24304
oliveira/all_17/randm16.02.02.17.020_0030.03.aba.beta,True,32,14,0.4043915271759033,6.919647216796875,0.009859800338745117,7.333898544311523,1085,25,1062,187,15082,2529,38038
oliveira/all_17/randm16.02.02.17.020_0030.04.aba.beta,True,21,13,0.18094396591186523,1.0012860298156738,0.0032112598419189453,1.185441255569458,529,15,522,136,5263,1445,21733
oliveira/all_17/randm16.02.02.17.020_0030.05.aba.beta,True,31,13,0.3554568290710449,7.002116918563843,0.010452032089233398,7.368025779724121,559,26,550,169,6777,2590,39431
oliveira/all_17/randm16.02.02.18.020_0030.01.aba.beta,True,27,10,0.27782487869262695,4.7039713859558105,0.0068280696868896484,4.988624334335327,367,21,347,195,6171,2871,44168
oliveira/all_17/randm16.02.02.18.020_0030.02.aba.beta,True,28,10,0.23593354225158691,2.467092990875244,0.005087852478027344,2.7081143856048584,488,21,468,170,7062,2200,33207
oliveira/all_17/randm16.02.02.18.020_0030.03.aba.beta,True,29,10,0.21750426292419434,1.6906554698944092,0.0092315673828125,1.917391300201416,358,23,344,197,5267,2846,43316
oliveira/all_17/randm16.02.02.18.020_0030.04.aba.beta,True,26,10,0.166792631149292,0.9907763004302979,0.00410914421081543,1.1616780757904053,301,19,296,142,3471,1820,27076
oliveira/all_17/randm16.02.02.18.020_0030.05.aba.beta,True,23,10,0.16637873649597168,1.4477612972259521,0.004634380340576172,1.6187744140625,376,19,358,148,4978,2009,30409
oliveira/all_17/randm16.02.02.19.020_0030.01.aba.beta,True,27,13,0.30188918113708496,1.6667025089263916,0.006393909454345703,1.9749855995178223,615,20,633,233,10046,2694,42005
oliveira/all_17/randm16.02.02.19.020_0030.02.aba.beta,True,31,13,0.39696192741394043,42.93163061141968,0.006766557693481445,43.3353590965271,1418,23,1398,221,18514,2738,42083
oliveira/all_17/randm16.02.02.19.020_0030.03.aba.beta,True,30,13,0.31267237663269043,5.983782768249512,0.007729291915893555,6.304184436798096,657,22,655,270,8623,3256,50444
oliveira/all_17/randm16.02.02.19.020_0030.04.aba.beta,True,27,13,0.473193883895874,25.52909255027771,0.009815454483032227,26.012101888656616,1422,19,1406,204,14838,2352,36405
oliveira/all_17/randm16.02.02.19.020_0030.05.aba.beta,True,37,13,0.43562984466552734,74.81550455093384,0.00930333137512207,75.26043772697449,984,29,960,262,11281,3873,58667
oliveira/all_17/randm17.02.02.01.020_0030.01.aba.beta,True,24,14,0.2523019313812256,1.5229918956756592,0.0032279491424560547,1.7785217761993408,478,19,470,133,4194,1396,20341
oliveira/all_17/randm17.02.02.01.020_0030.02.aba.beta,True,33,14,0.5698866844177246,14.759633541107178,0.007970094680786133,15.337490320205688,1112,24,1098,219,18601,3336,50931
oliveira/all_17/randm17.02.02.01.020_0030.03.aba.beta,True,29,13,0.528963565826416,11.253135919570923,0.007539033889770508,11.78963851928711,1463,21,1450,217,21312,2979,46769
oliveira/all_17/randm17.02.02.01.020_0030.04.aba.beta,True,29,14,0.2915654182434082,2.848208427429199,0.009821176528930664,3.149595022201538,625,21,619,215,7324,4097,63752
oliveira/all_17/randm17.02.02.01.020_0030.05.aba.beta,True,30,13,0.2845888137817383,1.5675692558288574,0.005099773406982422,1.8572578430175781,404,22,401,147,5239,2070,31059
oliveira/all_17/randm17.02.02.02.020_0030.01.aba.beta,True,24,12,0.2585177421569824,1.834287405014038,0.004449605941772461,2.097254753112793,357,19,339,140,4485,1824,27607
oliveira/all_17/randm17.02.02.02.020_0030.02.aba.beta,True,15,12,0.11931395530700684,2.7857306003570557,0.0017192363739013672,2.906763792037964,1262,7,1256,125,15346,760,11362
oliveira/all_17/randm17.02.02.02.020_0030.03.aba.beta,True,25,12,0.22722482681274414,2.5960190296173096,0.007756233215332031,2.8310000896453857,519,19,501,190,6183,2956,45997
oliveira/all_17/randm17.02.02.02.020_0030.04.aba.beta,True,25,12,0.2190532684326172,1.2160453796386719,0.004446268081665039,1.439544916152954,323,17,307,142,4283,1815,27908
oliveira/all_17/randm17.02.02.02.020_0030.05.aba.beta,True,26,12,0.3066976070404053,1.5297369956970215,0.0063250064849853516,1.842759609222412,468,18,451,185,4900,2632,40799
oliveira/all_17/randm17.02.02.03.020_0030.01.aba.beta,True,37,14,0.4519236087799072,2.516697645187378,0.008425474166870117,2.9770467281341553,699,30,707,209,9204,3699,56318
oliveira/all_17/randm17.02.02.03.020_0030.02.aba.beta,True,36,14,0.3534078598022461,1.7196900844573975,0.005423069000244141,2.0785210132598877,491,30,492,166,6501,2309,34121
oliveira/all_17/randm17.02.02.03.020_0030.03.aba.beta,True,33,13,0.28037190437316895,2.1007883548736572,0.0074465274810791016,2.3886067867279053,417,27,405,158,4195,3198,48758
oliveira/all_17/randm17.02.02.03.020_0030.04.aba.beta,True,25,13,0.221940279006958,4.083808422088623,0.006592988967895508,4.312341690063477,772,18,755,161,7827,2851,43524
oliveira/all_17/randm17.02.02.03.020_0030.05.aba.beta,True,24,14,0.19726347923278809,0.9173552989959717,0.004345417022705078,1.1189641952514648,372,16,369,146,3947,1699,26242
oliveira/all_17/randm17.02.02.04.020_0030.01.aba.beta,True,42,16,0.9923994541168213,1936.729070186615,0.007778167724609375,1937.7292478084564,3863,30,3834,220,59032,3561,55941
oliveira/all_17/randm17.02.02.04.020_0030.02.aba.beta,True,44,16,0.6959013938903809,25.652715921401978,0.007027864456176758,26.355645179748535,1119,34,1086,202,16097,3090,45623
oliveira/all_17/randm17.02.02.04.020_0030.03.aba.beta,True,39,16,0.5853691101074219,10.551711559295654,0.007696628570556641,11.144777297973633,1065,29,1037,179,14637,3213,48763
oliveira/all_17/randm17.02.02.04.020_0030.04.aba.beta,True,37,16,0.49820470809936523,9.803531169891357,0.007452964782714844,10.309188842773438,796,26,786,221,10805,3180,48779
oliveira/all_17/randm17.02.02.04.020_0030.05.aba.beta,True,43,16,0.8520462512969971,400.606972694397,0.00905299186706543,401.46807193756104,3338,32,3307,281,40331,4002,61049
oliveira/all_17/randm17.02.02.05.020_0030.01.aba.beta,True,21,10,0.19603943824768066,0.6433422565460205,0.003305196762084961,0.8426868915557861,307,16,308,95,3803,1483,22385
oliveira/all_17/randm17.02.02.05.020_0030.02.aba.beta,True,21,10,0.10402131080627441,0.5756983757019043,0.003779172897338867,0.6834988594055176,235,15,225,101,2142,1460,21697
oliveira/all_17/randm17.02.02.05.020_0030.03.aba.beta,True,17,10,0.09931111335754395,0.37413787841796875,0.0019979476928710938,0.4754469394683838,146,13,140,71,1624,864,12610
oliveira/all_17/randm17.02.02.05.020_0030.04.aba.beta,True,18,10,0.1651475429534912,0.4058208465576172,0.0023441314697265625,0.573312520980835,188,15,188,111,2431,1069,15700
oliveira/all_17/randm17.02.02.05.020_0030.05.aba.beta,True,13,10,0.06904792785644531,0.21320104598999023,0.0018804073333740234,0.28412938117980957,171,10,172,62,1821,728,10720
oliveira/all_17/randm17.02.02.06.020_0030.01.aba.beta,True,49,14,0.8338582515716553,43.072470903396606,0.015906810760498047,43.92223596572876,1138,39,1100,303,19550,6356,99779
oliveira/all_17/randm17.02.02.06.020_0030.02.aba.beta,True,36,14,0.35422706604003906,2.2672297954559326,0.007408618927001953,2.6288654804229736,661,27,635,208,9223,3143,48372
oliveira/all_17/randm17.02.02.06.020_0030.03.aba.beta,True,36,14,0.434736967086792,7.785068511962891,0.008177995681762695,8.227983474731445,938,28,911,243,11453,3333,50235
oliveira/all_17/randm17.02.02.06.020_0030.04.aba.beta,True,32,13,0.44015026092529297,7.300715923309326,0.00727081298828125,7.7481369972229,892,23,870,210,9477,3077,45843
oliveira/all_17/randm17.02.02.06.020_0030.05.aba.beta,True,36,13,0.330826997756958,5.723272323608398,0.0070302486419677734,6.061129570007324,837,27,811,195,11234,2828,42684
oliveira/all_17/randm17.02.02.07.020_0030.01.aba.beta,True,33,17,1.2424941062927246,5919.418292999268,0.004898548126220703,5920.6656856536865,6925,21,6905,225,98875,3017,46663
oliveira/all_17/randm17.02.02.07.020_0030.02.aba.beta,True,30,17,0.4724583625793457,5.648555755615234,0.00393366813659668,6.124947786331177,1878,17,1864,206,18207,1698,25284
oliveira/all_17/randm17.02.02.07.020_0030.03.aba.beta,True,35,17,0.5701005458831787,41.5722382068634,0.0059719085693359375,42.14831066131592,2032,25,2013,210,25981,2366,35984
oliveira/all_17/randm17.02.02.07.020_0030.04.aba.beta,True,36,17,1.0182363986968994,84.37476849555969,0.007812023162841797,85.40081691741943,2115,22,2114,215,29260,3182,48983
oliveira/all_17/randm17.02.02.07.020_0030.05.aba.beta,True,42,17,0.8125360012054443,110.89184260368347,0.009080171585083008,111.713458776474,1363,31,1339,218,18375,3425,52634
oliveira/all_17/randm17.02.02.08.020_0030.01.aba.beta,True,33,14,0.5174450874328613,3.2272236347198486,0.005139827728271484,3.7498085498809814,597,25,599,185,6756,2182,33053
oliveira/all_17/randm17.02.02.08.020_0030.02.aba.beta,True,36,14,0.529388427734375,11.270678043365479,0.005314350128173828,11.805380821228027,1028,27,1007,196,16076,2181,33121
oliveira/all_17/randm17.02.02.08.020_0030.03.aba.beta,True,30,14,0.2892611026763916,1.2331290245056152,0.005277156829833984,1.5276672840118408,408,23,403,141,3646,1953,28781
oliveira/all_17/randm17.02.02.08.020_0030.04.aba.beta,True,42,14,0.38689136505126953,2.4078454971313477,0.007200002670288086,2.8019368648529053,450,33,423,171,5530,2970,45056
oliveira/all_17/randm17.02.02.08.020_0030.05.aba.beta,True,37,14,0.43611598014831543,4.312600612640381,0.008732080459594727,4.757448673248291,643,29,623,208,7713,3644,55507
oliveira/all_17/randm17.02.02.09.020_0030.01.aba.beta,True,29,13,0.3558626174926758,7.703068971633911,0.005365610122680664,8.064297199249268,929,21,915,179,9740,2270,34581
oliveira/all_17/randm17.02.02.09.020_0030.02.aba.beta,True,27,14,0.5042014122009277,32.53694701194763,0.005764484405517578,33.04691290855408,1847,19,1830,164,26809,2434,37750
oliveira/all_17/randm17.02.02.09.020_0030.03.aba.beta,True,26,14,0.32860636711120605,1.585231065750122,0.003921985626220703,1.9177594184875488,618,16,603,148,9099,1633,24635
oliveira/all_17/randm17.02.02.09.020_0030.04.aba.beta,True,26,14,0.3170664310455322,1.2595081329345703,0.006162166595458984,1.5827367305755615,457,21,463,174,6032,2542,39725
oliveira/all_17/randm17.02.02.09.020_0030.05.aba.beta,True,33,14,0.5053002834320068,8.344557046890259,0.008060216903686523,8.857917547225952,1028,23,1011,204,14145,3272,50901
oliveira/all_17/randm17.02.02.10.020_0030.01.aba.beta,True,16,10,0.10602068901062012,0.2929725646972656,0.0018227100372314453,0.4008159637451172,184,12,178,75,2416,804,11708
oliveira/all_17/randm17.02.02.10.020_0030.02.aba.beta,True,17,10,0.23691463470458984,0.7558872699737549,0.004194736480712891,0.9969966411590576,277,12,291,151,3961,1777,27763
oliveira/all_17/randm17.02.02.10.020_0030.03.aba.beta,True,18,11,0.1386110782623291,0.5253243446350098,0.002250194549560547,0.6661856174468994,404,13,396,114,4514,1004,15173
oliveira/all_17/randm17.02.02.10.020_0030.04.aba.beta,True,16,11,0.09821200370788574,0.36621737480163574,0.0022614002227783203,0.4666907787322998,199,12,191,103,2254,974,14550
oliveira/all_17/randm17.02.02.10.020_0030.05.aba.beta,True,18,11,0.10859107971191406,0.3788778781890869,0.0021631717681884766,0.48963212966918945,291,12,293,100,3229,963,14191
oliveira/all_17/randm17.02.02.11.020_0030.01.aba.beta,True,31,13,0.3336176872253418,2.524815559387207,0.0046384334564208984,2.8630716800689697,437,23,415,174,5640,2012,30102
oliveira/all_17/randm17.02.02.11.020_0030.02.aba.beta,True,24,13,0.268765926361084,2.0446250438690186,0.002794504165649414,2.316185474395752,715,18,698,151,7249,1173,17311
oliveira/all_17/randm17.02.02.11.020_0030.03.aba.beta,True,20,13,0.18961620330810547,1.4609265327453613,0.0027933120727539062,1.6533360481262207,475,15,480,125,4298,1121,16439
oliveira/all_17/randm17.02.02.11.020_0030.04.aba.beta,True,27,13,0.20924854278564453,1.1784837245941162,0.004981517791748047,1.3927137851715088,357,19,341,145,3819,1301,19149
oliveira/all_17/randm17.02.02.11.020_0030.05.aba.beta,True,22,13,0.1558365821838379,1.6040194034576416,0.003676891326904297,1.7635328769683838,306,17,291,162,3200,1372,21209
oliveira/all_17/randm17.02.02.12.020_0030.01.aba.beta,True,36,15,0.47805094718933105,7.301890134811401,0.008180618286132812,7.788121700286865,487,30,478,194,5758,3502,53081
oliveira/all_17/randm17.02.02.12.020_0030.02.aba.beta,True,29,15,0.5656538009643555,6.427495956420898,0.005880832672119141,6.999030590057373,1053,21,1064,202,11116,2413,36562
oliveira/all_17/randm17.02.02.12.020_0030.03.aba.beta,True,27,15,0.39960741996765137,4.836225509643555,0.005346536636352539,5.241179466247559,999,19,981,165,13268,2148,34012
oliveira/all_17/randm17.02.02.12.020_0030.04.aba.beta,True,31,15,0.4265470504760742,92.00389456748962,0.011139392852783203,92.44158101081848,968,26,946,259,10760,3510,54614
oliveira/all_17/randm17.02.02.12.020_0030.05.aba.beta,True,34,14,0.5936307907104492,6.910940647125244,0.005721092224121094,7.5102925300598145,582,27,560,206,8347,2380,35402
oliveira/all_17/randm17.02.02.13.020_0030.01.aba.beta,True,42,16,0.9945082664489746,60.88497996330261,0.017698049545288086,61.897186279296875,1266,31,1236,252,16966,7182,111032
oliveira/all_17/randm17.02.02.13.020_0030.02.aba.beta,True,37,16,0.723555326461792,253.75601983070374,0.00809025764465332,254.48766541481018,2019,28,1992,237,25299,3506,53151
oliveira/all_17/randm17.02.02.13.020_0030.03.aba.beta,True,49,16,0.8609910011291504,28.802538871765137,0.017567873001098633,29.681097745895386,939,37,919,264,15762,7126,111649
oliveira/all_17/randm17.02.02.13.020_0030.04.aba.beta,True,37,16,1.636207103729248,1407.5252141952515,0.008603811264038086,1409.1700251102448,6700,26,6675,262,109578,4401,68468
oliveira/all_17/randm17.02.02.13.020_0030.05.aba.beta,True,39,16,0.6549806594848633,167.00848817825317,0.011217594146728516,167.67468643188477,1908,30,1879,216,24268,4556,69699
oliveira/all_17/randm17.02.02.14.020_0030.01.aba.beta,True,34,12,0.400376558303833,14.98023796081543,0.008101463317871094,15.388715982437134,939,26,914,187,14694,3376,51379
oliveira/all_17/randm17.02.02.14.020_0030.02.aba.beta,True,26,12,0.41008639335632324,9.762598752975464,0.00421142578125,10.176896572113037,1471,18,1456,197,16517,1808,27581
oliveira/all_17/randm17.02.02.14.020_0030.03.aba.beta,True,27,12,0.23874783515930176,1.6632614135742188,0.004660129547119141,1.9066693782806396,580,18,566,138,7963,1839,27588
oliveira/all_17/randm17.02.02.14.020_0030.04.aba.beta,True,33,12,0.324725866317749,3.191253662109375,0.007771730422973633,3.5237512588500977,569,25,552,163,9146,3168,48186
oliveira/all_17/randm17.02.02.14.020_0030.05.aba.beta,True,21,11,0.15187954902648926,1.2190334796905518,0.0031893253326416016,1.3741023540496826,762,13,750,142,10551,1300,19837
oliveira/all_17/randm17.02.02.15.020_0030.01.aba.beta,True,16,8,0.08723950386047363,0.3634827136993408,0.002621889114379883,0.45334410667419434,151,14,151,74,1641,1046,16013
oliveira/all_17/randm17.02.02.15.020_0030.02.aba.beta,True,12,8,0.04282951354980469,0.22384953498840332,0.0014414787292480469,0.26812052726745605,151,7,145,57,1697,680,10190
oliveira/all_17/randm17.02.02.15.020_0030.03.aba.beta,True,15,8,0.08713746070861816,0.2543752193450928,0.0030364990234375,0.34454917907714844,154,14,149,93,1753,1151,17411
oliveira/all_17/randm17.02.02.15.020_0030.04.aba.beta,True,8,8,0.05090951919555664,0.1272597312927246,0.00399470329284668,0.18216395378112793,120,5,126,70,1133,731,11255
oliveira/all_17/randm17.02.02.15.020_0030.05.aba.beta,True,10,8,0.06350326538085938,0.17755508422851562,0.001383066177368164,0.24244141578674316,127,8,125,54,1282,652,9865
oliveira/all_17/randm17.02.02.16.020_0030.01.aba.beta,True,31,14,0.4228932857513428,101.0717625617981,0.00446629524230957,101.49912214279175,1786,21,1766,180,33080,1767,26421
oliveira/all_17/randm17.02.02.16.020_0030.02.aba.beta,True,30,14,0.35605740547180176,4.124438524246216,0.0047380924224853516,4.485234022140503,922,20,910,194,12217,1983,30354
oliveira/all_17/randm17.02.02.16.020_0030.03.aba.beta,True,33,14,0.5443341732025146,380.640084028244,0.005693674087524414,381.19011187553406,1844,24,1831,227,24923,2353,35842
oliveira/all_17/randm17.02.02.16.020_0030.04.aba.beta,True,33,14,0.6315059661865234,1109.853912115097,0.005857706069946289,1110.4912757873535,2010,24,1987,229,32372,3010,46162
oliveira/all_17/randm17.02.02.16.020_0030.05.aba.beta,True,22,14,0.2922697067260742,26.663421869277954,0.003243684768676758,26.958935260772705,1523,15,1513,171,18801,1359,20378
oliveira/all_17/randm17.02.02.17.020_0030.01.aba.beta,True,39,16,1.0068857669830322,273.8453800678253,0.010233879089355469,274.8624997138977,3625,27,3599,257,63676,4379,67274
oliveira/all_17/randm17.02.02.17.020_0030.02.aba.beta,True,35,16,0.8164083957672119,178.38815760612488,0.0069963932037353516,179.21156239509583,3189,23,3167,234,39982,2988,45828
oliveira/all_17/randm17.02.02.17.020_0030.03.aba.beta,True,47,16,1.0914838314056396,86.06461143493652,0.00918889045715332,87.16528415679932,2149,34,2127,240,40336,3758,57821
oliveira/all_17/randm17.02.02.17.020_0030.04.aba.beta,True,44,15,1.1026737689971924,4534.630501270294,0.010947942733764648,4535.744122982025,5250,33,5218,253,87312,5693,87782
oliveira/all_17/randm17.02.02.17.020_0030.05.aba.beta,True,56,16,1.1538114547729492,58.4578697681427,0.01752328872680664,59.629204511642456,1366,45,1334,278,17923,7884,121879
oliveira/all_17/randm17.02.02.18.020_0030.01.aba.beta,True,22,12,0.20221352577209473,0.5806751251220703,0.006646871566772461,0.7895355224609375,247,19,230,91,2844,1105,15955
oliveira/all_17/randm17.02.02.18.020_0030.02.aba.beta,True,22,12,0.21244573593139648,0.793241024017334,0.003370046615600586,1.009056806564331,351,16,343,122,3969,1323,20112
oliveira/all_17/randm17.02.02.18.020_0030.03.aba.beta,True,18,12,0.16042351722717285,0.6085460186004639,0.0021355152130126953,0.7711050510406494,259,14,252,96,2124,961,13931
oliveira/all_17/randm17.02.02.18.020_0030.04.aba.beta,True,15,12,0.12072563171386719,0.48789501190185547,0.002513885498046875,0.6111345291137695,288,13,286,120,3325,1101,16377
oliveira/all_17/randm17.02.02.18.020_0030.05.aba.beta,True,19,12,0.1654965877532959,0.7199127674102783,0.0021648406982421875,0.8875741958618164,470,13,458,136,5072,893,13267
oliveira/all_17/randm17.02.02.19.020_0030.01.aba.beta,True,36,14,0.4237022399902344,1.8515982627868652,0.023095130920410156,2.2983956336975098,650,26,637,159,8776,5845,90994
oliveira/all_17/randm17.02.02.19.020_0030.02.aba.beta,True,26,14,0.3879389762878418,4.805681943893433,0.006986141204833984,5.200607061386108,1534,17,1518,148,16636,3007,46488
oliveira/all_17/randm17.02.02.19.020_0030.03.aba.beta,True,27,14,0.31461048126220703,9.511970520019531,0.014548063278198242,9.841129064559937,1343,18,1326,142,15010,5418,85036
oliveira/all_17/randm17.02.02.19.020_0030.04.aba.beta,True,22,13,0.1596839427947998,0.880213737487793,0.00298309326171875,1.0428807735443115,321,14,311,126,3421,1340,19791
oliveira/all_17/randm17.02.02.19.020_0030.05.aba.beta,True,28,14,0.41027402877807617,4.602243185043335,0.0059511661529541016,5.018468379974365,863,19,845,143,9052,2491,38600
