file name,succeeded,learning_rounds,automaton_size,learning_time,smt_time,eq_oracle_time,total_time,queries_learning,validity_query,rule1,rule2,rule3,rule4,nodes,informative_nodes,analyzed_bases,sul_steps,cache_saved,queries_eq_oracle,steps_eq_oracle
lee_alpharegex/1,True,6,3,0.016725540161132812,0.0035605430603027344,2.8848648071289062e-05,0.020314931869506836,16,6,1,5,0,7,11,10,3,36,0,59,138
lee_alpharegex/2,True,7,3,0.01651144027709961,0.004419803619384766,2.765655517578125e-05,0.020958900451660156,16,7,0,3,0,10,10,7,4,34,0,56,167
lee_alpharegex/3,True,5,6,0.03131461143493652,0.005465269088745117,5.1975250244140625e-05,0.03683185577392578,30,5,3,9,5,8,36,19,7,123,0,79,384
lee_alpharegex/4,True,7,4,0.01577615737915039,0.003957033157348633,2.5510787963867188e-05,0.01975870132446289,19,7,3,5,0,7,13,10,4,49,0,45,129
lee_alpharegex/5,True,5,4,0.020639896392822266,0.004390239715576172,5.602836608886719e-05,0.025086164474487305,22,5,2,9,2,8,18,17,6,68,0,77,295
lee_alpharegex/6,True,2,3,0.0034532546997070312,0.0010273456573486328,5.030632019042969e-05,0.004530906677246094,10,2,2,4,2,2,11,8,3,22,0,95,485
lee_alpharegex/7,True,5,3,0.013643980026245117,0.0032355785369873047,2.3126602172851562e-05,0.016902685165405273,22,5,1,6,3,7,21,10,4,72,0,39,157
lee_alpharegex/8,True,3,3,0.006900310516357422,0.0014548301696777344,1.1920928955078125e-05,0.008367061614990234,12,3,1,5,0,4,19,6,3,38,0,20,85
lee_alpharegex/10,True,9,4,0.02449178695678711,0.005040407180786133,4.649162292480469e-05,0.029578685760498047,27,9,2,5,0,10,27,12,4,87,0,102,283
lee_alpharegex/11,True,3,3,0.006028413772583008,0.0014483928680419922,1.3113021850585938e-05,0.007489919662475586,11,3,1,4,0,4,9,6,3,22,0,27,79
lee_alpharegex/12,True,6,4,0.017933368682861328,0.003400564193725586,2.2649765014648438e-05,0.021356582641601562,26,6,2,5,2,7,34,7,4,109,0,33,178
lee_alpharegex/13,True,10,4,0.036591291427612305,0.006016731262207031,5.269050598144531e-05,0.04266071319580078,42,10,3,5,2,10,59,13,4,210,0,94,349
lee_alpharegex/14,True,5,3,0.011152982711791992,0.002603769302368164,4.267692565917969e-05,0.013799428939819336,14,5,1,5,0,6,12,9,3,41,0,86,334
lee_alpharegex/15,True,7,3,0.013444185256958008,0.0032646656036376953,3.337860107421875e-05,0.016742229461669922,17,7,2,4,0,7,11,10,3,43,0,74,214
lee_alpharegex/16,True,4,3,0.008202075958251953,0.0019130706787109375,3.814697265625e-05,0.01015329360961914,11,4,1,4,0,5,8,7,3,20,0,86,288
lee_alpharegex/17,True,11,5,0.10865521430969238,0.018931150436401367,5.435943603515625e-05,0.1276407241821289,49,11,1,15,0,32,50,14,23,201,0,98,375
lee_alpharegex/18,True,11,4,0.05448746681213379,0.010772466659545898,4.982948303222656e-05,0.06530976295471191,39,11,1,7,0,19,35,11,10,149,0,85,358
lee_alpharegex/19,True,3,5,0.010541677474975586,0.0018184185028076172,6.890296936035156e-05,0.012428998947143555,15,3,3,6,2,4,14,12,5,38,0,134,615
lee_alpharegex/20,True,3,3,0.006696224212646484,0.0015077590942382812,9.131431579589844e-05,0.008295297622680664,10,3,1,5,0,4,8,7,3,18,0,175,817
lee_alpharegex/21,True,6,3,0.017194509506225586,0.004511356353759766,1.9311904907226562e-05,0.021725177764892578,17,6,0,3,0,10,13,6,5,43,0,30,126
lee_alpharegex/22,True,16,5,0.04320812225341797,0.0086669921875,0.00010919570922851562,0.051984310150146484,35,16,4,4,0,16,20,19,5,103,0,248,769
lee_alpharegex/23,True,6,4,0.016962766647338867,0.0031249523162841797,3.0279159545898438e-05,0.020117998123168945,21,6,2,5,0,7,26,10,4,72,0,57,242
lee_alpharegex/24,True,15,6,0.11217474937438965,0.01713871955871582,8.797645568847656e-05,0.12940144538879395,49,15,2,8,0,27,46,17,15,214,0,169,646
lee_alpharegex/25,True,8,4,0.04925942420959473,0.007177591323852539,3.695487976074219e-05,0.05647397041320801,44,8,1,3,0,12,80,9,6,237,0,52,288
oliveira/04_07/randm04.02.02.01.020_0030.01.aba.beta,True,3,3,0.004979848861694336,0.001199960708618164,0.0007212162017822266,0.0069010257720947266,12,3,2,5,1,3,12,10,3,32,0,543,8608
oliveira/04_07/randm04.02.02.01.020_0030.02.aba.beta,True,5,4,0.010071277618408203,0.002249479293823242,0.0015673637390136719,0.013888120651245117,16,5,3,5,1,5,13,12,4,40,0,1137,18044
oliveira/04_07/randm04.02.02.01.020_0030.03.aba.beta,True,6,4,0.012865543365478516,0.0025997161865234375,0.001749277114868164,0.017214536666870117,19,6,3,5,2,6,15,14,4,53,0,1285,20584
oliveira/04_07/randm04.02.02.01.020_0030.04.aba.beta,True,6,4,0.012744426727294922,0.002563953399658203,0.0016062259674072266,0.01691460609436035,19,6,3,5,2,6,17,13,4,57,0,1246,19786
oliveira/04_07/randm04.02.02.01.020_0030.05.aba.beta,True,5,4,0.01166391372680664,0.002188444137573242,0.0017580986022949219,0.015610456466674805,16,5,3,5,1,5,16,12,4,46,0,1286,20264
oliveira/04_07/randm04.02.02.02.020_0030.01.aba.beta,True,1,1,0.0010349750518798828,0.00045561790466308594,0.0008349418640136719,0.0023255348205566406,3,1,0,2,0,1,3,3,1,2,0,543,8623
oliveira/04_07/randm04.02.02.02.020_0030.02.aba.beta,True,1,1,0.0009036064147949219,0.00044727325439453125,0.0006999969482421875,0.0020508766174316406,3,1,0,2,0,1,3,3,1,2,0,537,8598
oliveira/04_07/randm04.02.02.02.020_0030.03.aba.beta,True,1,1,0.0009665489196777344,0.0003769397735595703,0.0006630420684814453,0.00200653076171875,3,1,0,2,0,1,3,3,1,2,0,527,8532
oliveira/04_07/randm04.02.02.02.020_0030.04.aba.beta,True,1,1,0.0009369850158691406,0.0003619194030761719,0.0006685256958007812,0.0019674301147460938,3,1,0,2,0,1,3,3,1,2,0,536,8589
oliveira/04_07/randm04.02.02.02.020_0030.05.aba.beta,True,1,1,0.00087738037109375,0.00029397010803222656,0.0006833076477050781,0.0018546581268310547,3,1,0,2,0,1,3,3,1,2,0,536,8583
oliveira/04_07/randm04.02.02.03.020_0030.01.aba.beta,True,2,3,0.003286123275756836,0.0008058547973632812,0.0007083415985107422,0.004800319671630859,11,2,2,5,2,2,13,10,3,27,0,536,8563
oliveira/04_07/randm04.02.02.03.020_0030.02.aba.beta,True,2,3,0.0035223960876464844,0.0008039474487304688,0.0006957054138183594,0.0050220489501953125,11,2,2,5,2,2,21,9,3,43,0,545,8658
oliveira/04_07/randm04.02.02.03.020_0030.03.aba.beta,True,2,3,0.0028650760650634766,0.0007116794586181641,0.0006971359252929688,0.004273891448974609,10,2,2,5,2,2,9,9,3,19,0,540,8598
oliveira/04_07/randm04.02.02.03.020_0030.04.aba.beta,True,2,3,0.002937793731689453,0.0007777214050292969,0.0007011890411376953,0.004416704177856445,10,2,2,5,2,2,9,9,3,19,0,543,8612
oliveira/04_07/randm04.02.02.03.020_0030.05.aba.beta,True,3,3,0.005678653717041016,0.001255035400390625,0.0006978511810302734,0.007631540298461914,14,3,2,5,2,3,18,11,3,51,0,547,8614
oliveira/04_07/randm04.02.02.04.020_0030.01.aba.beta,True,1,1,0.0008864402770996094,0.000324249267578125,0.0006811618804931641,0.0018918514251708984,3,1,0,2,0,1,3,3,1,2,0,529,8558
oliveira/04_07/randm04.02.02.04.020_0030.02.aba.beta,True,1,1,0.0008826255798339844,0.00029921531677246094,0.0007038116455078125,0.0018856525421142578,3,1,0,2,0,1,3,3,1,2,0,531,8570
oliveira/04_07/randm04.02.02.04.020_0030.03.aba.beta,True,1,1,0.0009377002716064453,0.000362396240234375,0.0006754398345947266,0.001975536346435547,3,1,0,2,0,1,3,3,1,2,0,532,8571
oliveira/04_07/randm04.02.02.04.020_0030.04.aba.beta,True,1,1,0.0008730888366699219,0.00029730796813964844,0.0006728172302246094,0.0018432140350341797,3,1,0,2,0,1,3,3,1,2,0,535,8587
oliveira/04_07/randm04.02.02.04.020_0030.05.aba.beta,True,1,1,0.0009012222290039062,0.00031495094299316406,0.0006721019744873047,0.001888275146484375,3,1,0,2,0,1,3,3,1,2,0,539,8598
oliveira/04_07/randm04.02.02.05.020_0030.01.aba.beta,True,1,2,0.001314401626586914,0.0003876686096191406,0.0007367134094238281,0.002438783645629883,5,1,1,4,0,1,5,5,2,6,0,533,8580
oliveira/04_07/randm04.02.02.05.020_0030.02.aba.beta,True,1,2,0.0013165473937988281,0.00033664703369140625,0.0008206367492675781,0.0024738311767578125,5,1,1,4,0,1,5,5,2,6,0,529,8561
oliveira/04_07/randm04.02.02.05.020_0030.03.aba.beta,True,1,2,0.0013055801391601562,0.0003695487976074219,0.0007078647613525391,0.002382993698120117,5,1,1,4,0,1,5,5,2,6,0,538,8604
oliveira/04_07/randm04.02.02.05.020_0030.04.aba.beta,True,1,2,0.0013554096221923828,0.0004036426544189453,0.0006787776947021484,0.0024378299713134766,5,1,1,4,0,1,5,5,2,6,0,531,8548
oliveira/04_07/randm04.02.02.05.020_0030.05.aba.beta,True,1,2,0.0012831687927246094,0.00034809112548828125,0.0006945133209228516,0.002325773239135742,5,1,1,4,0,1,5,5,2,6,0,528,8549
oliveira/04_07/randm04.02.02.06.020_0030.01.aba.beta,True,3,3,0.006386756896972656,0.0012981891632080078,0.0006995201110839844,0.008384466171264648,14,3,2,4,0,3,27,11,3,76,0,554,8748
oliveira/04_07/randm04.02.02.06.020_0030.02.aba.beta,True,3,3,0.006994962692260742,0.0012307167053222656,0.0007321834564208984,0.008957862854003906,12,3,2,4,0,3,21,10,3,67,0,568,8797
oliveira/04_07/randm04.02.02.06.020_0030.03.aba.beta,True,4,3,0.00803518295288086,0.0017223358154296875,0.0007200241088867188,0.010477542877197266,14,4,2,5,0,4,21,11,3,62,0,563,8743
oliveira/04_07/randm04.02.02.06.020_0030.04.aba.beta,True,5,3,0.01279902458190918,0.0023381710052490234,0.0007481575012207031,0.015885353088378906,20,5,2,5,0,5,41,12,3,133,0,590,9046
oliveira/04_07/randm04.02.02.06.020_0030.05.aba.beta,True,3,3,0.005582571029663086,0.0011758804321289062,0.0006999969482421875,0.00745844841003418,12,3,2,4,0,3,17,10,3,48,0,559,8698
oliveira/04_07/randm04.02.02.07.020_0030.01.aba.beta,True,1,2,0.0013625621795654297,0.0003941059112548828,0.0008172988891601562,0.0025739669799804688,5,1,1,4,0,1,5,5,2,6,0,531,8557
oliveira/04_07/randm04.02.02.07.020_0030.02.aba.beta,True,1,2,0.0013844966888427734,0.00039196014404296875,0.0006742477416992188,0.002450704574584961,5,1,1,4,0,1,5,5,2,6,0,531,8567
oliveira/04_07/randm04.02.02.07.020_0030.03.aba.beta,True,1,2,0.0012822151184082031,0.00033974647521972656,0.0006933212280273438,0.0023152828216552734,5,1,1,4,0,1,5,5,2,6,0,538,8600
oliveira/04_07/randm04.02.02.07.020_0030.04.aba.beta,True,1,2,0.001336812973022461,0.00035119056701660156,0.0006988048553466797,0.002386808395385742,5,1,1,4,0,1,5,5,2,6,0,538,8598
oliveira/04_07/randm04.02.02.07.020_0030.05.aba.beta,True,1,2,0.0012967586517333984,0.000339508056640625,0.0007357597351074219,0.0023720264434814453,5,1,1,4,0,1,5,5,2,6,0,541,8614
oliveira/04_07/randm04.02.02.08.020_0030.01.aba.beta,True,7,4,0.04479670524597168,0.004462480545043945,0.0009274482727050781,0.0501866340637207,48,7,2,6,2,8,185,19,4,530,0,726,10901
oliveira/04_07/randm04.02.02.08.020_0030.02.aba.beta,True,6,4,0.041814327239990234,0.0034961700439453125,0.0008687973022460938,0.04617929458618164,39,6,2,5,2,7,204,14,4,363,0,639,9888
oliveira/04_07/randm04.02.02.08.020_0030.03.aba.beta,True,6,4,0.014568567276000977,0.0029120445251464844,0.0008788108825683594,0.01835942268371582,22,6,3,6,2,6,26,15,4,99,0,677,10450
oliveira/04_07/randm04.02.02.08.020_0030.04.aba.beta,True,5,4,0.010266542434692383,0.00213623046875,0.0007343292236328125,0.013137102127075195,17,5,3,6,2,5,13,13,4,53,0,561,8660
oliveira/04_07/randm04.02.02.08.020_0030.05.aba.beta,True,6,4,0.016756534576416016,0.0029692649841308594,0.0008208751678466797,0.020546674728393555,24,6,3,6,2,6,43,19,4,159,0,631,9493
oliveira/04_07/randm04.02.02.09.020_0030.01.aba.beta,True,2,3,0.003640413284301758,0.0007882118225097656,0.0007143020629882812,0.005142927169799805,9,2,2,5,0,2,10,8,3,22,0,541,8608
oliveira/04_07/randm04.02.02.09.020_0030.02.aba.beta,True,2,3,0.003481626510620117,0.0008311271667480469,0.0007033348083496094,0.0050160884857177734,9,2,2,5,0,2,14,8,3,30,0,534,8569
oliveira/04_07/randm04.02.02.09.020_0030.03.aba.beta,True,2,3,0.003523111343383789,0.0008280277252197266,0.0007259845733642578,0.0050771236419677734,9,2,2,5,0,2,15,8,3,30,0,545,8636
oliveira/04_07/randm04.02.02.09.020_0030.04.aba.beta,True,2,3,0.003920078277587891,0.0009112358093261719,0.0007386207580566406,0.005569934844970703,9,2,2,5,0,2,21,8,3,42,0,553,8716
oliveira/04_07/randm04.02.02.09.020_0030.05.aba.beta,True,2,3,0.003579378128051758,0.0007932186126708984,0.0006978511810302734,0.00507044792175293,9,2,2,5,0,2,17,8,3,36,0,549,8669
oliveira/04_07/randm04.02.02.10.020_0030.01.aba.beta,True,2,4,0.004936695098876953,0.0008766651153564453,0.0007066726684570312,0.00652003288269043,13,2,3,5,2,2,32,12,4,66,0,556,8820
oliveira/04_07/randm04.02.02.10.020_0030.02.aba.beta,True,2,4,0.004326343536376953,0.0007929801940917969,0.0007145404815673828,0.005833864212036133,13,2,3,6,2,2,20,10,4,42,0,530,8565
oliveira/04_07/randm04.02.02.10.020_0030.03.aba.beta,True,2,4,0.004985332489013672,0.0008578300476074219,0.0007269382476806641,0.006570100784301758,13,2,3,6,2,2,38,11,4,78,0,562,8955
oliveira/04_07/randm04.02.02.10.020_0030.04.aba.beta,True,2,4,0.0049898624420166016,0.0010750293731689453,0.0007808208465576172,0.006845712661743164,13,2,3,5,2,2,30,11,4,62,0,555,8784
oliveira/04_07/randm04.02.02.10.020_0030.05.aba.beta,True,2,4,0.004860877990722656,0.000965118408203125,0.0007050037384033203,0.0065310001373291016,13,2,3,5,2,2,31,11,4,64,0,560,8819
oliveira/04_07/randm04.02.02.11.020_0030.01.aba.beta,True,8,4,0.018374919891357422,0.00363922119140625,0.0022068023681640625,0.024220943450927734,24,8,3,6,0,8,24,16,4,82,0,1633,25528
oliveira/04_07/randm04.02.02.11.020_0030.02.aba.beta,True,8,4,0.01764988899230957,0.0035445690155029297,0.0020880699157714844,0.023282527923583984,23,8,3,6,0,8,18,16,4,70,0,1592,25010
oliveira/04_07/randm04.02.02.11.020_0030.03.aba.beta,True,7,4,0.015609025955200195,0.003099679946899414,0.0010941028594970703,0.01980280876159668,20,7,3,6,0,7,15,14,4,68,0,846,13003
oliveira/04_07/randm04.02.02.11.020_0030.04.aba.beta,True,8,4,0.020226478576660156,0.003782033920288086,0.0012655258178710938,0.025274038314819336,24,8,3,6,0,8,17,13,4,91,0,947,14701
oliveira/04_07/randm04.02.02.11.020_0030.05.aba.beta,True,8,4,0.018271207809448242,0.003639698028564453,0.0015690326690673828,0.023479938507080078,26,8,3,6,0,8,20,15,4,91,0,1183,19109
oliveira/04_07/randm04.02.02.12.020_0030.01.aba.beta,True,3,3,0.0060002803802490234,0.0012652873992919922,0.0007338523864746094,0.007999420166015625,12,3,2,5,0,3,18,10,3,55,0,557,8687
oliveira/04_07/randm04.02.02.12.020_0030.02.aba.beta,True,3,3,0.006300449371337891,0.0014040470123291016,0.0007503032684326172,0.00845479965209961,13,3,2,5,0,3,19,10,3,56,0,561,8708
oliveira/04_07/randm04.02.02.12.020_0030.03.aba.beta,True,3,3,0.0058972835540771484,0.001308441162109375,0.0007257461547851562,0.00793147087097168,12,3,2,5,0,3,18,10,3,54,0,564,8717
oliveira/04_07/randm04.02.02.12.020_0030.04.aba.beta,True,3,3,0.005301952362060547,0.0012362003326416016,0.000698089599609375,0.0072362422943115234,11,3,2,5,0,3,10,9,3,28,0,545,8605
oliveira/04_07/randm04.02.02.12.020_0030.05.aba.beta,True,3,3,0.006165981292724609,0.001399993896484375,0.0007274150848388672,0.008293390274047852,11,3,2,5,0,3,14,9,3,36,0,544,8613
oliveira/04_07/randm04.02.02.13.020_0030.01.aba.beta,True,1,1,0.001003265380859375,0.00036978721618652344,0.0006644725799560547,0.002037525177001953,3,1,0,2,0,1,3,3,1,2,0,528,8539
oliveira/04_07/randm04.02.02.13.020_0030.02.aba.beta,True,1,1,0.000957489013671875,0.00042939186096191406,0.0006773471832275391,0.002064228057861328,3,1,0,2,0,1,3,3,1,2,0,535,8584
oliveira/04_07/randm04.02.02.13.020_0030.03.aba.beta,True,1,1,0.0008938312530517578,0.0003032684326171875,0.0006785392761230469,0.0018756389617919922,3,1,0,2,0,1,3,3,1,2,0,534,8583
oliveira/04_07/randm04.02.02.13.020_0030.04.aba.beta,True,1,1,0.0008947849273681641,0.00029754638671875,0.0006816387176513672,0.0018739700317382812,3,1,0,2,0,1,3,3,1,2,0,537,8593
oliveira/04_07/randm04.02.02.13.020_0030.05.aba.beta,True,1,1,0.0008835792541503906,0.0002956390380859375,0.0006892681121826172,0.0018684864044189453,3,1,0,2,0,1,3,3,1,2,0,543,8623
oliveira/04_07/randm04.02.02.14.020_0030.01.aba.beta,True,4,4,0.00852513313293457,0.001636505126953125,0.0008516311645507812,0.011013269424438477,14,4,3,6,0,4,27,11,4,64,0,568,8823
oliveira/04_07/randm04.02.02.14.020_0030.02.aba.beta,True,5,4,0.01039743423461914,0.002183198928833008,0.0007171630859375,0.013297796249389648,16,5,3,6,0,5,12,11,4,42,0,553,8624
oliveira/04_07/randm04.02.02.14.020_0030.03.aba.beta,True,3,4,0.009176492691040039,0.0018897056579589844,0.0007622241973876953,0.011828422546386719,14,3,2,5,0,4,22,11,4,75,0,562,8757
oliveira/04_07/randm04.02.02.14.020_0030.04.aba.beta,True,4,4,0.00966644287109375,0.0019412040710449219,0.0007736682891845703,0.012381315231323242,16,4,3,5,0,4,27,12,4,90,0,595,9229
oliveira/04_07/randm04.02.02.14.020_0030.05.aba.beta,True,4,4,0.008382081985473633,0.00183868408203125,0.00070953369140625,0.010930299758911133,14,4,3,6,0,4,13,11,4,36,0,546,8595
oliveira/04_07/randm04.02.02.15.020_0030.01.aba.beta,True,1,2,0.0013480186462402344,0.0004093647003173828,0.0006997585296630859,0.002457141876220703,5,1,1,4,0,1,5,4,2,6,0,533,8586
oliveira/04_07/randm04.02.02.15.020_0030.02.aba.beta,True,1,2,0.0013453960418701172,0.00037741661071777344,0.0007016658782958984,0.002424478530883789,5,1,1,4,0,1,5,5,2,6,0,532,8581
oliveira/04_07/randm04.02.02.15.020_0030.03.aba.beta,True,1,2,0.001374959945678711,0.00037288665771484375,0.0008187294006347656,0.0025665760040283203,5,1,1,4,0,1,5,5,2,6,0,541,8605
oliveira/04_07/randm04.02.02.15.020_0030.04.aba.beta,True,1,2,0.0013072490692138672,0.0003390312194824219,0.0007176399230957031,0.002363920211791992,5,1,1,4,0,1,5,5,2,6,0,542,8616
oliveira/04_07/randm04.02.02.15.020_0030.05.aba.beta,True,1,2,0.0013086795806884766,0.00033473968505859375,0.0007054805755615234,0.0023488998413085938,5,1,1,4,0,1,5,5,2,6,0,534,8580
oliveira/04_07/randm04.02.02.16.020_0030.01.aba.beta,True,2,3,0.0031838417053222656,0.0007681846618652344,0.0007102489471435547,0.004662275314331055,11,2,2,4,2,2,11,10,3,25,0,536,8574
oliveira/04_07/randm04.02.02.16.020_0030.02.aba.beta,True,2,3,0.0034351348876953125,0.0007796287536621094,0.0007336139678955078,0.00494837760925293,11,2,2,5,2,2,14,9,3,31,0,540,8589
oliveira/04_07/randm04.02.02.16.020_0030.03.aba.beta,True,2,3,0.003339529037475586,0.0007984638214111328,0.0007088184356689453,0.004846811294555664,11,2,2,5,2,2,15,10,3,33,0,546,8632
oliveira/04_07/randm04.02.02.16.020_0030.04.aba.beta,True,2,3,0.003175973892211914,0.0007460117340087891,0.000720977783203125,0.004642963409423828,11,2,2,5,2,2,14,10,3,31,0,549,8641
oliveira/04_07/randm04.02.02.16.020_0030.05.aba.beta,True,4,3,0.013012170791625977,0.001710653305053711,0.0007441043853759766,0.015466928482055664,22,4,2,4,2,4,76,12,3,179,0,584,9060
oliveira/04_07/randm04.02.02.17.020_0030.01.aba.beta,True,2,3,0.0035791397094726562,0.0008199214935302734,0.0008800029754638672,0.005279064178466797,9,2,2,5,0,2,15,8,3,30,0,549,8649
oliveira/04_07/randm04.02.02.17.020_0030.02.aba.beta,True,2,3,0.0037183761596679688,0.0007886886596679688,0.0007226467132568359,0.0052297115325927734,9,2,2,5,0,2,21,8,3,42,0,553,8710
oliveira/04_07/randm04.02.02.17.020_0030.03.aba.beta,True,2,3,0.0034503936767578125,0.0008301734924316406,0.0006999969482421875,0.004980564117431641,9,2,2,5,0,2,13,8,3,28,0,535,8562
oliveira/04_07/randm04.02.02.17.020_0030.04.aba.beta,True,2,3,0.0038537979125976562,0.0008671283721923828,0.0007352828979492188,0.005456209182739258,9,2,2,5,0,2,15,8,3,32,0,535,8572
oliveira/04_07/randm04.02.02.17.020_0030.05.aba.beta,True,2,3,0.003607511520385742,0.0008788108825683594,0.0007104873657226562,0.005196809768676758,9,2,2,5,0,2,16,8,3,32,0,540,8576
oliveira/04_07/randm04.02.02.18.020_0030.01.aba.beta,True,6,4,0.014902114868164062,0.0026941299438476562,0.000766754150390625,0.018362998962402344,22,6,3,6,0,6,26,17,4,111,0,616,9276
oliveira/04_07/randm04.02.02.18.020_0030.02.aba.beta,True,3,4,0.008865118026733398,0.001667022705078125,0.0007381439208984375,0.011270284652709961,15,3,2,6,0,4,23,12,4,66,0,561,8719
oliveira/04_07/randm04.02.02.18.020_0030.03.aba.beta,True,5,4,0.029230833053588867,0.004026651382446289,0.0008654594421386719,0.03412294387817383,29,5,2,6,0,8,54,18,6,156,0,632,9660
oliveira/04_07/randm04.02.02.18.020_0030.04.aba.beta,True,6,4,0.03169512748718262,0.0038597583770751953,0.0009553432464599609,0.03651022911071777,32,6,2,7,0,8,102,16,5,250,0,737,11269
oliveira/04_07/randm04.02.02.18.020_0030.05.aba.beta,True,6,4,0.018046140670776367,0.0029959678649902344,0.0007894039154052734,0.021831512451171875,26,6,3,6,0,6,50,16,4,200,0,611,9348
oliveira/04_07/randm04.02.02.19.020_0030.01.aba.beta,True,3,3,0.008348464965820312,0.0014216899871826172,0.0007112026214599609,0.01048135757446289,21,3,2,5,0,3,65,11,3,135,0,556,8704
oliveira/04_07/randm04.02.02.19.020_0030.02.aba.beta,True,4,3,0.009753227233886719,0.0018579959869384766,0.0007367134094238281,0.012347936630249023,16,4,2,5,0,4,27,13,3,111,0,586,8943
oliveira/04_07/randm04.02.02.19.020_0030.03.aba.beta,True,4,3,0.010610103607177734,0.0017118453979492188,0.0007102489471435547,0.013032197952270508,24,4,2,5,0,4,62,12,3,147,0,562,8741
oliveira/04_07/randm04.02.02.19.020_0030.04.aba.beta,True,3,3,0.0057299137115478516,0.0012993812561035156,0.0007114410400390625,0.00774073600769043,12,3,2,5,0,3,13,10,3,42,0,546,8617
oliveira/04_07/randm04.02.02.19.020_0030.05.aba.beta,True,4,3,0.020362377166748047,0.002741575241088867,0.0007586479187011719,0.023862600326538086,26,4,1,5,0,6,92,13,4,195,0,573,8836
oliveira/04_07/randm05.02.02.01.020_0030.01.aba.beta,True,3,3,0.005345821380615234,0.0011644363403320312,0.0006783008575439453,0.007188558578491211,14,3,2,4,2,3,16,12,3,44,0,544,8594
oliveira/04_07/randm05.02.02.01.020_0030.02.aba.beta,True,3,3,0.005527496337890625,0.0013031959533691406,0.0007145404815673828,0.0075452327728271484,14,3,2,4,2,3,14,12,3,41,0,549,8628
oliveira/04_07/randm05.02.02.01.020_0030.03.aba.beta,True,4,3,0.00727391242980957,0.0015592575073242188,0.0006954669952392578,0.009528636932373047,15,4,2,5,2,4,16,11,3,48,0,562,8687
oliveira/04_07/randm05.02.02.01.020_0030.04.aba.beta,True,3,3,0.005743503570556641,0.0012617111206054688,0.0007302761077880859,0.007735490798950195,14,3,2,5,2,3,18,10,3,44,0,545,8606
oliveira/04_07/randm05.02.02.01.020_0030.05.aba.beta,True,3,3,0.005059003829956055,0.001134634017944336,0.0006814002990722656,0.006875038146972656,13,3,2,5,2,3,14,10,3,36,0,532,8530
oliveira/04_07/randm05.02.02.02.020_0030.01.aba.beta,True,2,3,0.0029058456420898438,0.0007390975952148438,0.000682830810546875,0.0043277740478515625,10,2,2,5,2,2,9,8,3,19,0,524,8509
oliveira/04_07/randm05.02.02.02.020_0030.02.aba.beta,True,2,3,0.003879070281982422,0.0008759498596191406,0.0007145404815673828,0.005469560623168945,11,2,2,5,2,2,17,9,3,35,0,544,8631
oliveira/04_07/randm05.02.02.02.020_0030.03.aba.beta,True,2,3,0.003682374954223633,0.0008780956268310547,0.0007262229919433594,0.005286693572998047,11,2,2,5,2,2,24,10,3,49,0,544,8682
oliveira/04_07/randm05.02.02.02.020_0030.04.aba.beta,True,2,3,0.0029726028442382812,0.0007452964782714844,0.0007109642028808594,0.004428863525390625,10,2,2,5,2,2,9,9,3,19,0,537,8583
oliveira/04_07/randm05.02.02.02.020_0030.05.aba.beta,True,2,3,0.003000974655151367,0.000804901123046875,0.0007076263427734375,0.00451350212097168,10,2,2,5,2,2,9,9,3,19,0,535,8572
oliveira/04_07/randm05.02.02.03.020_0030.01.aba.beta,True,1,1,0.0009398460388183594,0.0003674030303955078,0.0006868839263916016,0.0019941329956054688,3,1,0,2,0,1,3,3,1,2,0,543,8619
oliveira/04_07/randm05.02.02.03.020_0030.02.aba.beta,True,1,1,0.0009071826934814453,0.0002994537353515625,0.0006940364837646484,0.0019006729125976562,3,1,0,2,0,1,3,3,1,2,0,538,8597
oliveira/04_07/randm05.02.02.03.020_0030.03.aba.beta,True,1,1,0.0008847713470458984,0.0002949237823486328,0.0006988048553466797,0.001878499984741211,3,1,0,2,0,1,3,3,1,2,0,537,8598
oliveira/04_07/randm05.02.02.03.020_0030.04.aba.beta,True,1,1,0.0009136199951171875,0.0003104209899902344,0.0006823539733886719,0.0019063949584960938,3,1,0,2,0,1,3,3,1,2,0,534,8583
oliveira/04_07/randm05.02.02.03.020_0030.05.aba.beta,True,1,1,0.0009238719940185547,0.0003771781921386719,0.0006802082061767578,0.0019812583923339844,3,1,0,2,0,1,3,3,1,2,0,521,8531
oliveira/04_07/randm05.02.02.04.020_0030.01.aba.beta,True,11,6,0.08696126937866211,0.010189056396484375,0.001069784164428711,0.0982201099395752,59,11,4,8,0,16,196,27,10,539,0,811,11898
oliveira/04_07/randm05.02.02.04.020_0030.02.aba.beta,True,5,5,0.030655622482299805,0.004556894302368164,0.0007953643798828125,0.03600788116455078,34,5,3,8,0,8,69,19,7,215,0,587,8943
oliveira/04_07/randm05.02.02.04.020_0030.03.aba.beta,True,6,5,0.020563840866088867,0.0033206939697265625,0.0009305477142333984,0.024815082550048828,28,6,4,6,0,6,39,20,5,201,0,622,9192
oliveira/04_07/randm05.02.02.04.020_0030.04.aba.beta,True,8,5,0.04214906692504883,0.005919218063354492,0.0008831024169921875,0.04895138740539551,37,8,3,7,0,10,71,24,6,229,0,666,10000
oliveira/04_07/randm05.02.02.04.020_0030.05.aba.beta,True,8,5,0.040273189544677734,0.005562782287597656,0.0008304119110107422,0.04666638374328613,34,8,3,6,0,10,68,21,6,223,0,642,9668
oliveira/04_07/randm05.02.02.05.020_0030.01.aba.beta,True,3,4,0.02930164337158203,0.0049402713775634766,0.0007319450378417969,0.034973859786987305,26,3,2,12,0,11,30,18,11,101,0,551,8627
oliveira/04_07/randm05.02.02.05.020_0030.02.aba.beta,True,4,4,0.008638858795166016,0.0017380714416503906,0.0007233619689941406,0.011100292205810547,15,4,3,6,0,4,15,12,4,58,0,554,8640
oliveira/04_07/randm05.02.02.05.020_0030.03.aba.beta,True,4,4,0.011519193649291992,0.0017290115356445312,0.0007183551788330078,0.013966560363769531,21,4,3,6,0,4,84,11,4,154,0,565,8803
oliveira/04_07/randm05.02.02.05.020_0030.04.aba.beta,True,7,4,0.04233527183532715,0.0039052963256835938,0.0008106231689453125,0.047051191329956055,44,7,3,6,0,7,167,14,4,510,0,624,9463
oliveira/04_07/randm05.02.02.05.020_0030.05.aba.beta,True,4,4,0.010520219802856445,0.0018427371978759766,0.00075531005859375,0.013118267059326172,16,4,3,6,0,4,37,13,4,101,0,603,9330
oliveira/04_07/randm05.02.02.06.020_0030.01.aba.beta,True,9,5,0.05986332893371582,0.007876157760620117,0.0010976791381835938,0.06883716583251953,54,9,3,6,0,13,151,19,8,452,0,844,12676
oliveira/04_07/randm05.02.02.06.020_0030.02.aba.beta,True,5,5,0.051302433013916016,0.0066945552825927734,0.0007612705230712891,0.05875825881958008,38,5,3,7,0,12,68,23,11,224,0,582,8831
oliveira/04_07/randm05.02.02.06.020_0030.03.aba.beta,True,6,5,0.07115006446838379,0.007353067398071289,0.0007824897766113281,0.0792856216430664,54,6,3,9,0,13,120,24,11,442,0,601,9052
oliveira/04_07/randm05.02.02.06.020_0030.04.aba.beta,True,10,5,0.21437644958496094,0.016706228256225586,0.0010919570922851562,0.23217463493347168,99,10,2,9,0,23,352,30,16,1002,0,859,12719
oliveira/04_07/randm05.02.02.06.020_0030.05.aba.beta,True,8,5,0.0662841796875,0.008947372436523438,0.0009224414825439453,0.07615399360656738,49,8,3,7,0,15,69,26,11,351,0,631,9238
oliveira/04_07/randm05.02.02.07.020_0030.01.aba.beta,True,8,5,0.0792531967163086,0.006320476531982422,0.0011119842529296875,0.0866856575012207,55,8,3,6,2,9,351,23,5,673,0,868,13112
oliveira/04_07/randm05.02.02.07.020_0030.02.aba.beta,True,8,5,0.10219955444335938,0.010410308837890625,0.0011074542999267578,0.11371731758117676,55,8,3,8,2,17,205,25,13,475,0,827,12562
oliveira/04_07/randm05.02.02.07.020_0030.03.aba.beta,True,12,6,0.13855195045471191,0.015109777450561523,0.001651763916015625,0.15531349182128906,74,12,3,8,2,20,269,35,12,721,0,1275,19275
oliveira/04_07/randm05.02.02.07.020_0030.04.aba.beta,True,10,5,0.27286434173583984,0.015481710433959961,0.0014178752899169922,0.2897639274597168,85,10,2,7,2,21,477,34,14,982,0,1021,15507
oliveira/04_07/randm05.02.02.07.020_0030.05.aba.beta,True,9,5,0.09942245483398438,0.00719904899597168,0.0012412071228027344,0.10786271095275879,54,9,3,6,2,10,343,23,5,659,0,974,14767
oliveira/04_07/randm05.02.02.08.020_0030.01.aba.beta,True,4,3,0.009559392929077148,0.0017740726470947266,0.0010023117065429688,0.012335777282714844,18,4,2,4,0,4,32,12,3,75,0,789,12484
oliveira/04_07/randm05.02.02.08.020_0030.02.aba.beta,True,5,3,0.011097192764282227,0.0021173954010009766,0.0012812614440917969,0.014495849609375,18,5,2,4,0,5,23,14,3,81,0,971,15168
oliveira/04_07/randm05.02.02.08.020_0030.03.aba.beta,True,7,3,0.016112327575683594,0.003049135208129883,0.0007641315460205078,0.019925594329833984,25,7,2,5,0,7,24,15,3,121,0,585,8819
oliveira/04_07/randm05.02.02.08.020_0030.04.aba.beta,True,4,3,0.0072786808013916016,0.0016336441040039062,0.0006990432739257812,0.009611368179321289,13,4,2,5,0,4,14,10,3,43,0,554,8652
oliveira/04_07/randm05.02.02.08.020_0030.05.aba.beta,True,4,3,0.007960319519042969,0.0018093585968017578,0.0011835098266601562,0.010953187942504883,15,4,2,4,0,4,16,12,3,48,0,851,13362
oliveira/04_07/randm05.02.02.09.020_0030.01.aba.beta,True,4,4,0.018660306930541992,0.001986265182495117,0.0008399486541748047,0.021486520767211914,28,4,3,6,0,4,212,13,4,344,0,649,10132
oliveira/04_07/randm05.02.02.09.020_0030.02.aba.beta,True,4,4,0.02095174789428711,0.0019958019256591797,0.0007812976837158203,0.02372884750366211,30,4,3,6,2,4,148,13,4,279,0,614,9419
oliveira/04_07/randm05.02.02.09.020_0030.03.aba.beta,True,3,4,0.006747722625732422,0.0013222694396972656,0.0007216930389404297,0.008791685104370117,15,3,3,6,2,3,16,12,4,50,0,554,8652
oliveira/04_07/randm05.02.02.09.020_0030.04.aba.beta,True,3,4,0.006750583648681641,0.0013163089752197266,0.0007145404815673828,0.00878143310546875,15,3,3,5,2,3,16,12,4,50,0,550,8635
oliveira/04_07/randm05.02.02.09.020_0030.05.aba.beta,True,5,4,0.014389276504516602,0.0023763179779052734,0.0007603168487548828,0.017525911331176758,24,5,3,6,4,5,40,12,4,143,0,579,8916
oliveira/04_07/randm05.02.02.10.020_0030.01.aba.beta,True,6,5,0.0424959659576416,0.0041043758392333984,0.0008115768432617188,0.04741191864013672,44,6,4,5,1,6,208,18,5,474,0,609,9395
oliveira/04_07/randm05.02.02.10.020_0030.02.aba.beta,True,6,5,0.05067110061645508,0.005669355392456055,0.0008132457733154297,0.05715370178222656,44,6,3,7,0,9,175,20,7,420,0,618,9290
oliveira/04_07/randm05.02.02.10.020_0030.03.aba.beta,True,8,6,0.08471131324768066,0.008069276809692383,0.0008323192596435547,0.0936129093170166,69,8,4,7,5,12,200,31,9,652,0,645,9556
oliveira/04_07/randm05.02.02.10.020_0030.04.aba.beta,True,6,5,0.07671499252319336,0.006250858306884766,0.0008177757263183594,0.08378362655639648,50,6,3,5,1,10,144,24,8,397,0,626,9519
oliveira/04_07/randm05.02.02.10.020_0030.05.aba.beta,True,6,5,0.15351343154907227,0.014143228530883789,0.0007863044738769531,0.168442964553833,56,6,3,8,4,20,151,24,18,405,0,605,9315
oliveira/04_07/randm05.02.02.11.020_0030.01.aba.beta,True,10,5,0.033393144607543945,0.005375862121582031,0.003045320510864258,0.041814327239990234,35,10,4,6,1,10,48,24,5,194,0,2333,36202
oliveira/04_07/randm05.02.02.11.020_0030.02.aba.beta,True,8,5,0.02244877815246582,0.004158496856689453,0.0024721622467041016,0.029079437255859375,27,8,4,6,1,8,36,20,5,123,0,1821,28861
oliveira/04_07/randm05.02.02.11.020_0030.03.aba.beta,True,11,5,0.05936908721923828,0.006330966949462891,0.0009760856628417969,0.06667613983154297,59,11,4,7,1,11,246,21,5,627,0,762,11372
oliveira/04_07/randm05.02.02.11.020_0030.04.aba.beta,True,9,5,0.03896212577819824,0.005956411361694336,0.0009400844573974609,0.04585862159729004,34,9,3,8,1,11,57,24,6,268,0,722,10824
oliveira/04_07/randm05.02.02.11.020_0030.05.aba.beta,True,9,5,0.02782750129699707,0.004771709442138672,0.002651691436767578,0.03525090217590332,30,9,4,6,1,9,46,22,5,169,0,1940,30442
oliveira/04_07/randm05.02.02.12.020_0030.01.aba.beta,True,4,3,0.009873151779174805,0.0016531944274902344,0.0007238388061523438,0.012250185012817383,19,4,2,5,0,4,37,11,3,105,0,568,8771
oliveira/04_07/randm05.02.02.12.020_0030.02.aba.beta,True,4,3,0.00770115852355957,0.0016415119171142578,0.0007295608520507812,0.01007223129272461,14,4,2,5,0,4,17,11,3,56,0,562,8700
oliveira/04_07/randm05.02.02.12.020_0030.03.aba.beta,True,7,4,0.035935163497924805,0.00436091423034668,0.0008153915405273438,0.04111146926879883,38,7,2,7,1,9,92,18,5,311,0,613,9306
oliveira/04_07/randm05.02.02.12.020_0030.04.aba.beta,True,4,3,0.008014678955078125,0.0016303062438964844,0.0007262229919433594,0.010371208190917969,15,4,2,4,0,4,18,12,3,71,0,570,8748
oliveira/04_07/randm05.02.02.12.020_0030.05.aba.beta,True,4,3,0.009242773056030273,0.001712799072265625,0.0008575916290283203,0.011813163757324219,17,4,2,4,0,4,34,12,3,106,0,601,9280
oliveira/04_07/randm05.02.02.13.020_0030.01.aba.beta,True,3,5,0.006760120391845703,0.0012884140014648438,0.0006985664367675781,0.008747100830078125,18,3,4,6,4,3,19,16,5,51,0,541,8576
oliveira/04_07/randm05.02.02.13.020_0030.02.aba.beta,True,9,5,0.04627513885498047,0.0055921077728271484,0.000873565673828125,0.05274081230163574,48,9,4,5,4,9,98,22,5,382,0,684,10106
oliveira/04_07/randm05.02.02.13.020_0030.03.aba.beta,True,3,5,0.007660627365112305,0.0014224052429199219,0.0007290840148925781,0.009812116622924805,19,3,4,5,4,3,32,15,5,96,0,570,8829
oliveira/04_07/randm05.02.02.13.020_0030.04.aba.beta,True,8,6,0.04153633117675781,0.006157636642456055,0.0008535385131835938,0.04854750633239746,39,8,4,8,0,9,99,22,6,343,0,673,10000
oliveira/04_07/randm05.02.02.13.020_0030.05.aba.beta,True,3,5,0.006642818450927734,0.0013315677642822266,0.0008075237274169922,0.008781909942626953,18,3,4,6,4,3,19,15,5,51,0,548,8613
oliveira/04_07/randm05.02.02.14.020_0030.01.aba.beta,True,1,1,0.0008950233459472656,0.0002982616424560547,0.0006816387176513672,0.0018749237060546875,3,1,0,2,0,1,3,3,1,2,0,531,8569
oliveira/04_07/randm05.02.02.14.020_0030.02.aba.beta,True,1,1,0.0008792877197265625,0.00029468536376953125,0.0006773471832275391,0.0018513202667236328,3,1,0,2,0,1,3,3,1,2,0,530,8565
oliveira/04_07/randm05.02.02.14.020_0030.03.aba.beta,True,1,1,0.0008900165557861328,0.0003104209899902344,0.0007033348083496094,0.0019037723541259766,3,1,0,2,0,1,3,3,1,2,0,541,8613
oliveira/04_07/randm05.02.02.14.020_0030.04.aba.beta,True,1,1,0.0010898113250732422,0.00047588348388671875,0.0009102821350097656,0.0024759769439697266,3,1,0,2,0,1,3,3,1,2,0,532,8544
oliveira/04_07/randm05.02.02.14.020_0030.05.aba.beta,True,1,1,0.00089263916015625,0.00031495094299316406,0.0006811618804931641,0.0018887519836425781,3,1,0,2,0,1,3,3,1,2,0,530,8544
oliveira/04_07/randm05.02.02.15.020_0030.01.aba.beta,True,2,3,0.010350465774536133,0.001558542251586914,0.0006954669952392578,0.012604475021362305,17,2,1,5,0,4,40,10,4,75,0,537,8584
oliveira/04_07/randm05.02.02.15.020_0030.02.aba.beta,True,3,3,0.005648612976074219,0.0012471675872802734,0.0007343292236328125,0.007630109786987305,12,3,2,5,0,3,15,10,3,44,0,552,8647
oliveira/04_07/randm05.02.02.15.020_0030.03.aba.beta,True,3,3,0.00564122200012207,0.0012233257293701172,0.0006937980651855469,0.007558345794677734,12,3,2,5,0,3,16,10,3,46,0,551,8645
oliveira/04_07/randm05.02.02.15.020_0030.04.aba.beta,True,2,3,0.00841832160949707,0.0016973018646240234,0.0007500648498535156,0.01086568832397461,13,2,1,5,0,4,22,11,4,47,0,546,8654
oliveira/04_07/randm05.02.02.15.020_0030.05.aba.beta,True,2,3,0.008134126663208008,0.001611948013305664,0.0007011890411376953,0.010447263717651367,14,2,1,5,0,4,22,12,4,46,0,549,8644
oliveira/04_07/randm05.02.02.16.020_0030.01.aba.beta,True,1,1,0.0009083747863769531,0.0002970695495605469,0.0007205009460449219,0.0019259452819824219,3,1,0,2,0,1,3,3,1,2,0,534,8587
oliveira/04_07/randm05.02.02.16.020_0030.02.aba.beta,True,1,1,0.0008692741394042969,0.0002942085266113281,0.00067138671875,0.001834869384765625,3,1,0,2,0,1,3,3,1,2,0,540,8611
oliveira/04_07/randm05.02.02.16.020_0030.03.aba.beta,True,1,1,0.0008852481842041016,0.0003135204315185547,0.0006999969482421875,0.0018987655639648438,3,1,0,2,0,1,3,3,1,2,0,534,8572
oliveira/04_07/randm05.02.02.16.020_0030.04.aba.beta,True,1,1,0.0008800029754638672,0.0002994537353515625,0.0006816387176513672,0.0018610954284667969,3,1,0,2,0,1,3,3,1,2,0,543,8622
oliveira/04_07/randm05.02.02.16.020_0030.05.aba.beta,True,1,1,0.0009632110595703125,0.00029921531677246094,0.0007956027984619141,0.0020580291748046875,3,1,0,2,0,1,3,3,1,2,0,543,8624
oliveira/04_07/randm05.02.02.17.020_0030.01.aba.beta,True,10,5,0.03303861618041992,0.0054209232330322266,0.0009009838104248047,0.03936052322387695,37,10,4,7,0,10,57,22,5,249,0,696,10303
oliveira/04_07/randm05.02.02.17.020_0030.02.aba.beta,True,8,5,0.0289154052734375,0.004736900329589844,0.0009014606475830078,0.03455376625061035,31,8,3,8,0,9,45,20,5,186,0,682,10230
oliveira/04_07/randm05.02.02.17.020_0030.03.aba.beta,True,9,5,0.10460376739501953,0.01313018798828125,0.0010368824005126953,0.11877083778381348,65,9,2,11,0,21,149,29,15,527,0,786,11602
oliveira/04_07/randm05.02.02.17.020_0030.04.aba.beta,True,9,5,0.0594334602355957,0.006766796112060547,0.0011687278747558594,0.06736898422241211,45,9,3,6,0,10,172,22,5,451,0,906,13708
oliveira/04_07/randm05.02.02.17.020_0030.05.aba.beta,True,4,5,0.04098105430603027,0.004283905029296875,0.000835418701171875,0.04610037803649902,28,4,3,8,0,7,118,16,7,217,0,639,9897
oliveira/04_07/randm05.02.02.18.020_0030.01.aba.beta,True,1,1,0.0008881092071533203,0.0003361701965332031,0.0006742477416992188,0.0018985271453857422,3,1,0,2,0,1,3,3,1,2,0,534,8577
oliveira/04_07/randm05.02.02.18.020_0030.02.aba.beta,True,1,1,0.0009100437164306641,0.0003008842468261719,0.0007309913635253906,0.0019419193267822266,3,1,0,2,0,1,3,3,1,2,0,535,8592
oliveira/04_07/randm05.02.02.18.020_0030.03.aba.beta,True,1,1,0.0008757114410400391,0.000293731689453125,0.0006914138793945312,0.0018608570098876953,3,1,0,2,0,1,3,3,1,2,0,529,8564
oliveira/04_07/randm05.02.02.18.020_0030.04.aba.beta,True,1,1,0.0008702278137207031,0.0002925395965576172,0.0006749629974365234,0.0018377304077148438,3,1,0,2,0,1,3,3,1,2,0,523,8497
oliveira/04_07/randm05.02.02.18.020_0030.05.aba.beta,True,1,1,0.0008692741394042969,0.0002951622009277344,0.0006816387176513672,0.0018460750579833984,3,1,0,2,0,1,3,3,1,2,0,533,8555
oliveira/04_07/randm05.02.02.19.020_0030.01.aba.beta,True,3,3,0.0052623748779296875,0.001153707504272461,0.0007023811340332031,0.0071184635162353516,11,3,2,5,0,3,14,9,3,35,0,553,8657
oliveira/04_07/randm05.02.02.19.020_0030.02.aba.beta,True,3,3,0.005157947540283203,0.0011527538299560547,0.0006837844848632812,0.006994485855102539,11,3,2,5,0,3,13,9,3,33,0,557,8667
oliveira/04_07/randm05.02.02.19.020_0030.03.aba.beta,True,2,3,0.0034749507904052734,0.0009424686431884766,0.0007092952728271484,0.0051267147064208984,9,2,2,5,0,2,13,8,3,28,0,537,8592
oliveira/04_07/randm05.02.02.19.020_0030.04.aba.beta,True,2,3,0.0032851696014404297,0.000743865966796875,0.0006914138793945312,0.004720449447631836,9,2,2,5,0,2,10,8,3,22,0,536,8571
oliveira/04_07/randm05.02.02.19.020_0030.05.aba.beta,True,3,3,0.005148887634277344,0.0011372566223144531,0.0006947517395019531,0.00698089599609375,11,3,2,5,0,3,13,9,3,33,0,537,8574
oliveira/04_07/randm06.02.02.01.020_0030.01.aba.beta,True,8,5,0.029092073440551758,0.004884243011474609,0.0008692741394042969,0.034845590591430664,31,8,3,6,0,9,44,23,5,287,0,665,9762
oliveira/04_07/randm06.02.02.01.020_0030.02.aba.beta,True,5,4,0.012310266494750977,0.0023784637451171875,0.0007023811340332031,0.015391111373901367,21,5,3,5,0,5,26,15,4,103,0,575,8779
oliveira/04_07/randm06.02.02.01.020_0030.03.aba.beta,True,6,4,0.016760587692260742,0.003026247024536133,0.0008099079132080078,0.020596742630004883,23,6,3,5,0,6,33,18,4,142,0,626,9433
oliveira/04_07/randm06.02.02.01.020_0030.04.aba.beta,True,6,5,0.0246584415435791,0.0036520957946777344,0.0008134841918945312,0.029124021530151367,32,6,3,6,0,7,101,18,5,248,0,619,9442
oliveira/04_07/randm06.02.02.01.020_0030.05.aba.beta,True,8,4,0.0948495864868164,0.006249189376831055,0.0009229183197021484,0.10202169418334961,59,8,2,5,0,11,335,22,6,682,0,716,10677
oliveira/04_07/randm06.02.02.02.020_0030.01.aba.beta,True,3,3,0.0052051544189453125,0.0011489391326904297,0.0007264614105224609,0.007080554962158203,11,3,2,5,0,3,11,9,3,30,0,573,9040
oliveira/04_07/randm06.02.02.02.020_0030.02.aba.beta,True,2,3,0.0033864974975585938,0.0007498264312744141,0.0006811618804931641,0.004817485809326172,9,2,2,5,0,2,12,7,3,26,0,521,8482
oliveira/04_07/randm06.02.02.02.020_0030.03.aba.beta,True,2,3,0.004082679748535156,0.0008807182312011719,0.000690460205078125,0.005653858184814453,9,2,2,5,0,2,16,8,3,34,0,548,8665
oliveira/04_07/randm06.02.02.02.020_0030.04.aba.beta,True,2,3,0.0035066604614257812,0.0007665157318115234,0.0006916522979736328,0.0049648284912109375,9,2,2,4,0,2,13,8,3,30,0,547,8639
oliveira/04_07/randm06.02.02.02.020_0030.05.aba.beta,True,3,3,0.0051593780517578125,0.0011467933654785156,0.0006992816925048828,0.007005453109741211,11,3,2,5,0,3,11,9,3,30,0,548,8621
oliveira/04_07/randm06.02.02.03.020_0030.01.aba.beta,True,10,5,0.026538610458374023,0.004817008972167969,0.002768278121948242,0.034123897552490234,28,10,4,6,0,10,22,19,5,96,0,2072,32383
oliveira/04_07/randm06.02.02.03.020_0030.02.aba.beta,True,10,5,0.028968095779418945,0.004927873611450195,0.0031690597534179688,0.03706502914428711,30,10,4,6,0,10,37,18,5,126,0,2410,37949
oliveira/04_07/randm06.02.02.03.020_0030.03.aba.beta,True,9,5,0.02915215492248535,0.004911899566650391,0.0010597705841064453,0.03512382507324219,27,9,3,8,0,10,30,18,5,126,0,790,11913
oliveira/04_07/randm06.02.02.03.020_0030.04.aba.beta,True,11,5,0.036271095275878906,0.0062482357025146484,0.0009791851043701172,0.04349851608276367,36,11,3,8,0,12,32,20,5,179,0,749,11042
oliveira/04_07/randm06.02.02.03.020_0030.05.aba.beta,True,8,5,0.05875706672668457,0.004131793975830078,0.0016543865203857422,0.06454324722290039,40,8,4,5,0,8,169,18,5,325,0,1252,19346
oliveira/04_07/randm06.02.02.04.020_0030.01.aba.beta,True,1,1,0.0008907318115234375,0.0002999305725097656,0.0006659030914306641,0.0018565654754638672,3,1,0,2,0,1,3,3,1,2,0,525,8535
oliveira/04_07/randm06.02.02.04.020_0030.02.aba.beta,True,1,1,0.0009565353393554688,0.00030994415283203125,0.0006997585296630859,0.001966238021850586,3,1,0,2,0,1,3,3,1,2,0,531,8571
oliveira/04_07/randm06.02.02.04.020_0030.03.aba.beta,True,1,1,0.0008969306945800781,0.0003018379211425781,0.0006804466247558594,0.0018792152404785156,3,1,0,2,0,1,3,3,1,2,0,535,8590
oliveira/04_07/randm06.02.02.04.020_0030.04.aba.beta,True,1,1,0.0008695125579833984,0.0002911090850830078,0.0006818771362304688,0.001842498779296875,3,1,0,2,0,1,3,3,1,2,0,532,8555
oliveira/04_07/randm06.02.02.04.020_0030.05.aba.beta,True,1,1,0.0008804798126220703,0.0002970695495605469,0.0006864070892333984,0.0018639564514160156,3,1,0,2,0,1,3,3,1,2,0,525,8541
oliveira/04_07/randm06.02.02.05.020_0030.01.aba.beta,True,4,5,0.027814626693725586,0.005011320114135742,0.0007684230804443359,0.033594369888305664,27,4,2,8,2,8,38,17,7,115,0,573,9050
oliveira/04_07/randm06.02.02.05.020_0030.02.aba.beta,True,7,5,0.07472372055053711,0.007967710494995117,0.0007977485656738281,0.08348917961120605,59,7,2,12,0,14,256,24,10,570,0,635,9460
oliveira/04_07/randm06.02.02.05.020_0030.03.aba.beta,True,3,5,0.009373188018798828,0.0015573501586914062,0.0007524490356445312,0.011682987213134766,19,3,4,7,4,3,41,17,5,112,0,579,9020
oliveira/04_07/randm06.02.02.05.020_0030.04.aba.beta,True,4,5,0.012637853622436523,0.0020990371704101562,0.0009522438049316406,0.01568913459777832,23,4,4,7,4,4,25,16,5,99,0,603,9503
oliveira/04_07/randm06.02.02.05.020_0030.05.aba.beta,True,8,6,0.05267763137817383,0.00717926025390625,0.0010366439819335938,0.06089353561401367,40,8,4,8,0,11,104,28,8,399,0,804,12107
oliveira/04_07/randm06.02.02.06.020_0030.01.aba.beta,True,9,5,0.10131454467773438,0.010515689849853516,0.000942230224609375,0.11277246475219727,58,9,3,9,4,17,125,32,12,453,0,722,10683
oliveira/04_07/randm06.02.02.06.020_0030.02.aba.beta,True,6,5,0.03131294250488281,0.005181312561035156,0.0008611679077148438,0.03735542297363281,30,6,3,6,2,8,68,23,6,252,0,666,10033
oliveira/04_07/randm06.02.02.06.020_0030.03.aba.beta,True,8,5,0.1533339023590088,0.007337331771850586,0.0009355545043945312,0.1616067886352539,80,8,2,2,1,12,459,25,7,952,0,713,10832
oliveira/04_07/randm06.02.02.06.020_0030.04.aba.beta,True,6,5,0.160383939743042,0.012553215026855469,0.0008780956268310547,0.17381525039672852,76,6,1,9,1,21,332,28,17,788,0,689,10454
oliveira/04_07/randm06.02.02.06.020_0030.05.aba.beta,True,5,5,0.04367494583129883,0.006270170211791992,0.0008075237274169922,0.05075263977050781,36,5,2,8,2,11,81,18,9,238,0,612,9419
oliveira/04_07/randm06.02.02.07.020_0030.01.aba.beta,True,9,5,0.045949697494506836,0.007134675979614258,0.0008869171142578125,0.053971290588378906,38,9,3,9,0,13,55,20,8,225,0,689,10344
oliveira/04_07/randm06.02.02.07.020_0030.02.aba.beta,True,6,5,0.07321643829345703,0.008716344833374023,0.0007798671722412109,0.08271265029907227,38,6,3,8,0,14,96,23,12,254,0,591,8897
oliveira/04_07/randm06.02.02.07.020_0030.03.aba.beta,True,11,5,0.08333516120910645,0.008241891860961914,0.0011608600616455078,0.09273791313171387,70,11,3,7,0,13,218,26,6,765,0,922,13523
oliveira/04_07/randm06.02.02.07.020_0030.04.aba.beta,True,8,5,0.03188133239746094,0.005135774612426758,0.0007369518280029297,0.037754058837890625,34,8,3,6,0,10,53,21,6,205,0,595,8893
oliveira/04_07/randm06.02.02.07.020_0030.05.aba.beta,True,11,5,0.0365755558013916,0.0060884952545166016,0.0009317398071289062,0.04359579086303711,37,11,4,5,0,11,67,25,5,345,0,746,10928
oliveira/04_07/randm06.02.02.08.020_0030.01.aba.beta,True,6,4,0.01613593101501465,0.0027892589569091797,0.0011408329010009766,0.020066022872924805,21,6,3,6,0,6,25,16,4,124,0,860,13168
oliveira/04_07/randm06.02.02.08.020_0030.02.aba.beta,True,6,4,0.022632598876953125,0.0039479732513427734,0.0012173652648925781,0.027797937393188477,26,6,2,8,0,8,34,17,5,142,0,909,14325
oliveira/04_07/randm06.02.02.08.020_0030.03.aba.beta,True,6,4,0.013808965682983398,0.0026412010192871094,0.0007503032684326172,0.017200469970703125,19,6,3,6,0,6,27,14,4,83,0,563,8736
oliveira/04_07/randm06.02.02.08.020_0030.04.aba.beta,True,6,4,0.014203548431396484,0.0027303695678710938,0.0007731914520263672,0.017707109451293945,19,6,3,6,0,6,31,14,4,95,0,574,8893
oliveira/04_07/randm06.02.02.08.020_0030.05.aba.beta,True,6,4,0.022963523864746094,0.0035941600799560547,0.0009105205535888672,0.027468204498291016,25,6,2,7,0,7,50,18,4,211,0,685,10369
oliveira/04_07/randm06.02.02.09.020_0030.01.aba.beta,True,7,6,0.09101438522338867,0.006930828094482422,0.0010499954223632812,0.09899520874023438,49,7,3,7,0,12,203,26,9,458,0,818,12629
oliveira/04_07/randm06.02.02.09.020_0030.02.aba.beta,True,6,5,0.060343265533447266,0.0037233829498291016,0.0008258819580078125,0.06489253044128418,41,6,3,5,0,7,228,19,5,457,0,632,9704
oliveira/04_07/randm06.02.02.09.020_0030.03.aba.beta,True,5,5,0.04682350158691406,0.005686759948730469,0.0008623600006103516,0.05337262153625488,37,5,2,11,0,10,97,21,8,269,0,657,10097
oliveira/04_07/randm06.02.02.09.020_0030.04.aba.beta,True,8,5,0.06003737449645996,0.008255958557128906,0.0010581016540527344,0.0693514347076416,47,8,2,12,0,15,130,26,10,339,0,827,12479
oliveira/04_07/randm06.02.02.09.020_0030.05.aba.beta,True,7,5,0.0466458797454834,0.0066814422607421875,0.0008203983306884766,0.05414772033691406,36,7,2,7,0,12,82,23,8,293,0,652,9844
oliveira/04_07/randm06.02.02.10.020_0030.01.aba.beta,True,5,4,0.012414932250976562,0.0024759769439697266,0.0006961822509765625,0.015587091445922852,18,5,2,6,0,6,15,12,4,57,0,559,8644
oliveira/04_07/randm06.02.02.10.020_0030.02.aba.beta,True,4,4,0.009255409240722656,0.001773834228515625,0.0007224082946777344,0.011751651763916016,16,4,3,6,0,4,29,13,4,96,0,579,8920
oliveira/04_07/randm06.02.02.10.020_0030.03.aba.beta,True,3,4,0.006125926971435547,0.0012617111206054688,0.0007035732269287109,0.008091211318969727,14,3,3,5,0,3,16,12,4,48,0,544,8586
oliveira/04_07/randm06.02.02.10.020_0030.04.aba.beta,True,3,4,0.00689697265625,0.0012924671173095703,0.0007379055023193359,0.008927345275878906,14,3,3,5,0,3,28,12,4,74,0,571,8857
oliveira/04_07/randm06.02.02.10.020_0030.05.aba.beta,True,5,4,0.01053929328918457,0.002239704132080078,0.0007045269012451172,0.013483524322509766,18,5,3,6,0,5,15,13,4,57,0,562,8662
oliveira/04_07/randm06.02.02.11.020_0030.01.aba.beta,True,11,6,0.1617441177368164,0.024031400680541992,0.0010251998901367188,0.18680071830749512,56,11,3,10,2,25,114,36,18,479,0,812,12013
oliveira/04_07/randm06.02.02.11.020_0030.02.aba.beta,True,12,6,0.824615478515625,0.04974079132080078,0.0012249946594238281,0.8755812644958496,117,12,2,12,2,49,355,35,40,1238,0,832,12318
oliveira/04_07/randm06.02.02.11.020_0030.03.aba.beta,True,17,7,0.9272077083587646,0.07106447219848633,0.0017011165618896484,0.9999732971191406,148,17,3,15,2,53,476,48,40,1553,0,1337,19777
oliveira/04_07/randm06.02.02.11.020_0030.04.aba.beta,True,13,6,0.2498152256011963,0.020301103591918945,0.0009970664978027344,0.27111339569091797,84,13,3,6,2,23,240,30,14,893,0,824,11907
oliveira/04_07/randm06.02.02.11.020_0030.05.aba.beta,True,13,7,0.15875530242919922,0.01650714874267578,0.000980377197265625,0.17624282836914062,73,13,4,11,4,24,134,40,16,577,0,786,11144
oliveira/04_07/randm06.02.02.12.020_0030.01.aba.beta,True,3,4,0.005867481231689453,0.0012140274047851562,0.0006999969482421875,0.007781505584716797,15,3,3,6,2,3,18,13,4,53,0,558,8673
oliveira/04_07/randm06.02.02.12.020_0030.02.aba.beta,True,5,4,0.011228799819946289,0.0021927356719970703,0.0008895397186279297,0.014311075210571289,18,5,3,5,2,5,24,12,4,82,0,564,8750
oliveira/04_07/randm06.02.02.12.020_0030.03.aba.beta,True,4,4,0.010218381881713867,0.0016894340515136719,0.0007295608520507812,0.01263737678527832,23,4,3,6,2,4,63,11,4,140,0,557,8725
oliveira/04_07/randm06.02.02.12.020_0030.04.aba.beta,True,3,4,0.006191253662109375,0.001348733901977539,0.0007293224334716797,0.008269309997558594,15,3,3,6,0,3,20,13,4,61,0,561,8699
oliveira/04_07/randm06.02.02.12.020_0030.05.aba.beta,True,3,4,0.00632476806640625,0.0012710094451904297,0.0007085800170898438,0.008304357528686523,16,3,3,6,0,3,23,14,4,65,0,564,8720
oliveira/04_07/randm06.02.02.13.020_0030.01.aba.beta,True,8,4,0.10240530967712402,0.008817672729492188,0.0008656978607177734,0.11208868026733398,78,8,1,7,0,16,211,24,10,708,0,678,10113
oliveira/04_07/randm06.02.02.13.020_0030.02.aba.beta,True,5,4,0.026628971099853516,0.0027441978454589844,0.0009047985076904297,0.03027796745300293,35,5,3,6,2,5,249,15,4,413,0,688,10578
oliveira/04_07/randm06.02.02.13.020_0030.03.aba.beta,True,3,4,0.04472684860229492,0.007313251495361328,0.0007200241088867188,0.05276012420654297,29,3,1,12,0,14,32,22,13,110,0,548,8618
oliveira/04_07/randm06.02.02.13.020_0030.04.aba.beta,True,5,4,0.023714065551757812,0.002504110336303711,0.0007567405700683594,0.026974916458129883,37,5,3,6,2,5,205,14,4,398,0,600,9159
oliveira/04_07/randm06.02.02.13.020_0030.05.aba.beta,True,3,4,0.04638195037841797,0.005972385406494141,0.0008499622344970703,0.05320429801940918,29,3,1,6,0,11,61,19,10,142,0,551,8672
oliveira/04_07/randm06.02.02.14.020_0030.01.aba.beta,True,10,6,0.06505775451660156,0.008142709732055664,0.0008437633514404297,0.07404422760009766,54,10,4,11,0,14,126,25,9,436,0,664,9864
oliveira/04_07/randm06.02.02.14.020_0030.02.aba.beta,True,10,6,0.03369426727294922,0.00606989860534668,0.0009274482727050781,0.04069161415100098,33,10,5,7,0,10,27,23,6,196,0,650,9457
oliveira/04_07/randm06.02.02.14.020_0030.03.aba.beta,True,7,6,0.08663177490234375,0.01263117790222168,0.0007824897766113281,0.10004544258117676,41,7,3,13,0,22,56,28,19,268,0,611,9317
oliveira/04_07/randm06.02.02.14.020_0030.04.aba.beta,True,8,6,0.07159161567687988,0.008895397186279297,0.0008831024169921875,0.08137011528015137,63,8,4,11,3,14,129,26,11,563,0,622,9266
oliveira/04_07/randm06.02.02.14.020_0030.05.aba.beta,True,6,6,0.03234505653381348,0.004656791687011719,0.0009069442749023438,0.03790879249572754,37,6,4,8,3,8,50,22,7,203,0,605,9180
oliveira/04_07/randm06.02.02.15.020_0030.01.aba.beta,True,3,5,0.010416030883789062,0.0016107559204101562,0.0007379055023193359,0.012764692306518555,26,3,4,6,7,3,47,23,5,135,0,586,9189
oliveira/04_07/randm06.02.02.15.020_0030.02.aba.beta,True,6,5,0.05066180229187012,0.00392913818359375,0.0009865760803222656,0.05557751655578613,65,6,4,6,21,6,200,19,5,620,0,755,11540
oliveira/04_07/randm06.02.02.15.020_0030.03.aba.beta,True,4,5,0.013257265090942383,0.002043485641479492,0.0007445812225341797,0.016045331954956055,26,4,4,7,10,4,27,19,5,111,0,585,9103
oliveira/04_07/randm06.02.02.15.020_0030.04.aba.beta,True,9,5,0.1012868881225586,0.009249687194824219,0.0008547306060791016,0.11139130592346191,71,9,3,6,0,13,173,25,8,797,0,668,9678
oliveira/04_07/randm06.02.02.15.020_0030.05.aba.beta,True,10,5,0.09128475189208984,0.00676727294921875,0.0010466575622558594,0.09909868240356445,69,10,4,7,9,10,280,24,5,767,0,760,11216
oliveira/04_07/randm06.02.02.16.020_0030.01.aba.beta,True,4,3,0.007421016693115234,0.0015499591827392578,0.0011587142944335938,0.010129690170288086,14,4,2,4,0,4,11,11,3,38,0,899,14447
oliveira/04_07/randm06.02.02.16.020_0030.02.aba.beta,True,4,3,0.009586334228515625,0.001802206039428711,0.0010166168212890625,0.012405157089233398,17,4,2,4,0,4,25,11,3,74,0,776,12141
oliveira/04_07/randm06.02.02.16.020_0030.03.aba.beta,True,2,3,0.003133535385131836,0.0007350444793701172,0.001094818115234375,0.004963397979736328,8,2,2,5,0,2,7,7,3,12,0,837,13591
oliveira/04_07/randm06.02.02.16.020_0030.04.aba.beta,True,2,3,0.0033283233642578125,0.0007283687591552734,0.0011105537414550781,0.005167245864868164,8,2,2,5,0,2,7,7,3,12,0,838,13337
oliveira/04_07/randm06.02.02.16.020_0030.05.aba.beta,True,4,3,0.008005380630493164,0.001674652099609375,0.0009832382202148438,0.010663270950317383,15,4,2,4,0,4,19,12,3,60,0,779,12143
oliveira/04_07/randm06.02.02.17.020_0030.01.aba.beta,True,6,4,0.016863346099853516,0.0028960704803466797,0.0011529922485351562,0.02091240882873535,25,6,3,5,0,6,37,15,4,124,0,869,13484
oliveira/04_07/randm06.02.02.17.020_0030.02.aba.beta,True,7,4,0.018699169158935547,0.0032501220703125,0.0011892318725585938,0.02313852310180664,25,7,3,5,0,7,27,17,4,117,0,909,13943
oliveira/04_07/randm06.02.02.17.020_0030.03.aba.beta,True,7,4,0.02685093879699707,0.004461050033569336,0.0008137226104736328,0.03212571144104004,30,7,2,7,0,9,55,22,5,220,0,648,9697
oliveira/04_07/randm06.02.02.17.020_0030.04.aba.beta,True,5,4,0.016254901885986328,0.0031766891479492188,0.0007393360137939453,0.020170927047729492,22,5,2,9,0,7,21,17,5,80,0,560,8670
oliveira/04_07/randm06.02.02.17.020_0030.05.aba.beta,True,7,4,0.016227006912231445,0.0031566619873046875,0.0007505416870117188,0.02013421058654785,22,7,3,6,0,7,23,16,4,96,0,575,8747
oliveira/04_07/randm06.02.02.18.020_0030.01.aba.beta,True,12,6,0.07081055641174316,0.009281635284423828,0.0008661746978759766,0.08095836639404297,60,12,4,10,2,14,130,25,7,589,0,712,10122
oliveira/04_07/randm06.02.02.18.020_0030.02.aba.beta,True,13,7,0.07284283638000488,0.009513139724731445,0.0008707046508789062,0.08322668075561523,57,13,5,7,0,16,85,26,9,481,0,695,9998
oliveira/04_07/randm06.02.02.18.020_0030.03.aba.beta,True,16,6,0.09588098526000977,0.013308286666870117,0.0012118816375732422,0.11040115356445312,57,16,4,8,0,20,72,35,9,555,0,978,14199
oliveira/04_07/randm06.02.02.18.020_0030.04.aba.beta,True,10,6,0.08994174003601074,0.009896516799926758,0.0009503364562988281,0.10078859329223633,67,10,4,15,0,17,228,25,12,749,0,749,11400
oliveira/04_07/randm06.02.02.18.020_0030.05.aba.beta,True,15,6,0.11726880073547363,0.014351606369018555,0.0009851455688476562,0.13260555267333984,76,15,4,10,10,22,202,35,12,672,0,810,11660
oliveira/04_07/randm06.02.02.19.020_0030.01.aba.beta,True,1,1,0.001012563705444336,0.0003619194030761719,0.0007100105285644531,0.002084493637084961,3,1,0,2,0,1,3,3,1,2,0,533,8572
oliveira/04_07/randm06.02.02.19.020_0030.02.aba.beta,True,1,1,0.0009031295776367188,0.00029754638671875,0.0006709098815917969,0.0018715858459472656,3,1,0,2,0,1,3,3,1,2,0,537,8597
oliveira/04_07/randm06.02.02.19.020_0030.03.aba.beta,True,1,1,0.0008950233459472656,0.0003120899200439453,0.0006740093231201172,0.0018811225891113281,3,1,0,2,0,1,3,3,1,2,0,533,8578
oliveira/04_07/randm06.02.02.19.020_0030.04.aba.beta,True,1,1,0.0008814334869384766,0.0003006458282470703,0.0006732940673828125,0.0018553733825683594,3,1,0,2,0,1,3,3,1,2,0,523,8524
oliveira/04_07/randm06.02.02.19.020_0030.05.aba.beta,True,1,1,0.0008952617645263672,0.0002989768981933594,0.0007569789886474609,0.0019512176513671875,3,1,0,2,0,1,3,3,1,2,0,525,8527
oliveira/04_07/randm07.02.02.01.020_0030.01.aba.beta,True,1,1,0.0008864402770996094,0.00029921531677246094,0.0006780624389648438,0.001863718032836914,3,1,0,2,0,1,3,3,1,2,0,529,8553
oliveira/04_07/randm07.02.02.01.020_0030.02.aba.beta,True,1,1,0.0008771419525146484,0.00029850006103515625,0.0006706714630126953,0.0018463134765625,3,1,0,2,0,1,3,3,1,2,0,526,8542
oliveira/04_07/randm07.02.02.01.020_0030.03.aba.beta,True,1,1,0.0008826255798339844,0.00030303001403808594,0.0006897449493408203,0.0018754005432128906,3,1,0,2,0,1,3,3,1,2,0,531,8553
oliveira/04_07/randm07.02.02.01.020_0030.04.aba.beta,True,1,1,0.0009686946868896484,0.00035881996154785156,0.0007071495056152344,0.0020346641540527344,3,1,0,2,0,1,3,3,1,2,0,530,8550
oliveira/04_07/randm07.02.02.01.020_0030.05.aba.beta,True,1,1,0.0009145736694335938,0.00030875205993652344,0.0006771087646484375,0.0019004344940185547,3,1,0,2,0,1,3,3,1,2,0,540,8609
oliveira/04_07/randm07.02.02.02.020_0030.01.aba.beta,True,1,1,0.0008840560913085938,0.0003299713134765625,0.0009109973907470703,0.0021250247955322266,3,1,0,2,0,1,3,3,1,2,0,535,8587
oliveira/04_07/randm07.02.02.02.020_0030.02.aba.beta,True,1,1,0.0009047985076904297,0.00030303001403808594,0.0006737709045410156,0.0018815994262695312,3,1,0,2,0,1,3,3,1,2,0,538,8598
oliveira/04_07/randm07.02.02.02.020_0030.03.aba.beta,True,1,1,0.0010061264038085938,0.00031375885009765625,0.000728607177734375,0.002048492431640625,3,1,0,2,0,1,3,3,1,2,0,533,8583
oliveira/04_07/randm07.02.02.02.020_0030.04.aba.beta,True,1,1,0.0008985996246337891,0.0003066062927246094,0.0006694793701171875,0.001874685287475586,3,1,0,2,0,1,3,3,1,2,0,521,8515
oliveira/04_07/randm07.02.02.02.020_0030.05.aba.beta,True,1,1,0.0009527206420898438,0.0003180503845214844,0.0008704662322998047,0.002141237258911133,3,1,0,2,0,1,3,3,1,2,0,531,8576
oliveira/04_07/randm07.02.02.03.020_0030.01.aba.beta,True,10,8,0.7360522747039795,0.07852029800415039,0.0008754730224609375,0.8154480457305908,126,10,4,37,14,83,301,49,78,1052,0,688,10049
oliveira/04_07/randm07.02.02.03.020_0030.02.aba.beta,True,14,7,0.13198351860046387,0.017005205154418945,0.0008668899536132812,0.1498556137084961,89,14,4,11,3,23,106,35,14,887,0,718,9940
oliveira/04_07/randm07.02.02.03.020_0030.03.aba.beta,True,16,7,1.275752067565918,0.1310276985168457,0.0010852813720703125,1.407865047454834,152,16,3,31,0,111,338,48,99,1400,0,858,12296
oliveira/04_07/randm07.02.02.03.020_0030.04.aba.beta,True,12,7,0.2580838203430176,0.02995586395263672,0.0008714199066162109,0.2889111042022705,91,12,4,16,0,36,125,37,29,804,0,727,10289
oliveira/04_07/randm07.02.02.03.020_0030.05.aba.beta,True,15,9,0.2370305061340332,0.02710413932800293,0.001123189926147461,0.2652578353881836,113,15,5,26,22,38,226,41,29,928,0,918,13400
oliveira/04_07/randm07.02.02.04.020_0030.01.aba.beta,True,9,4,0.02781081199645996,0.0045969486236572266,0.0015146732330322266,0.033922433853149414,30,9,3,5,2,9,36,22,4,129,0,1115,17307
oliveira/04_07/randm07.02.02.04.020_0030.02.aba.beta,True,7,4,0.02797722816467285,0.0044558048248291016,0.0012345314025878906,0.033667564392089844,33,7,2,7,2,8,55,21,4,219,0,960,14738
oliveira/04_07/randm07.02.02.04.020_0030.03.aba.beta,True,8,4,0.03853344917297363,0.004128456115722656,0.0020570755004882812,0.04471898078918457,43,8,3,5,2,8,145,19,4,329,0,1554,24373
oliveira/04_07/randm07.02.02.04.020_0030.04.aba.beta,True,9,4,0.028890132904052734,0.004596710205078125,0.0015878677368164062,0.035074710845947266,32,9,3,5,2,9,41,22,4,174,0,1188,18682
oliveira/04_07/randm07.02.02.04.020_0030.05.aba.beta,True,7,4,0.02225780487060547,0.003503561019897461,0.0008826255798339844,0.026643991470336914,32,7,3,5,2,7,54,18,4,212,0,656,9909
oliveira/04_07/randm07.02.02.05.020_0030.01.aba.beta,True,11,6,0.1411151885986328,0.01873040199279785,0.0008563995361328125,0.16070199012756348,59,11,3,17,2,28,68,34,21,327,0,705,10345
oliveira/04_07/randm07.02.02.05.020_0030.02.aba.beta,True,9,6,0.05864095687866211,0.0068895816802978516,0.0011293888092041016,0.06665992736816406,55,9,4,9,7,11,110,26,7,432,0,858,12923
oliveira/04_07/randm07.02.02.05.020_0030.03.aba.beta,True,8,6,0.14883756637573242,0.013927459716796875,0.0009894371032714844,0.16375446319580078,75,8,3,10,2,19,249,27,15,848,0,767,11695
oliveira/04_07/randm07.02.02.05.020_0030.04.aba.beta,True,8,6,0.03727316856384277,0.00481867790222168,0.0008707046508789062,0.04296255111694336,43,8,5,6,2,8,145,26,6,360,0,687,10153
oliveira/04_07/randm07.02.02.05.020_0030.05.aba.beta,True,8,6,0.05051779747009277,0.007674694061279297,0.0008499622344970703,0.05904245376586914,41,8,4,12,2,13,77,28,10,249,0,663,9887
oliveira/04_07/randm07.02.02.06.020_0030.01.aba.beta,True,5,4,0.012116193771362305,0.002147674560546875,0.0008056163787841797,0.01506948471069336,20,5,3,6,0,5,30,13,4,85,0,637,9945
oliveira/04_07/randm07.02.02.06.020_0030.02.aba.beta,True,6,4,0.015219926834106445,0.002685070037841797,0.0009624958038330078,0.01886749267578125,20,6,3,6,0,6,28,15,4,118,0,756,11563
oliveira/04_07/randm07.02.02.06.020_0030.03.aba.beta,True,6,4,0.014930009841918945,0.002722501754760742,0.0008680820465087891,0.018520593643188477,21,6,3,6,0,6,24,16,4,87,0,628,9590
oliveira/04_07/randm07.02.02.06.020_0030.04.aba.beta,True,5,4,0.011906862258911133,0.0023374557495117188,0.0011539459228515625,0.015398263931274414,19,5,3,6,0,5,24,15,4,102,0,891,13951
oliveira/04_07/randm07.02.02.06.020_0030.05.aba.beta,True,6,4,0.014447689056396484,0.0028073787689208984,0.0011522769927978516,0.018407344818115234,21,6,3,6,0,6,21,16,4,85,0,889,13842
oliveira/04_07/randm07.02.02.07.020_0030.01.aba.beta,True,15,6,0.17171478271484375,0.01702284812927246,0.000997781753540039,0.18973541259765625,98,15,3,9,3,25,181,39,14,1014,0,817,11560
oliveira/04_07/randm07.02.02.07.020_0030.02.aba.beta,True,13,6,0.5061819553375244,0.03455185890197754,0.0012738704681396484,0.5420076847076416,106,13,3,13,3,38,270,38,29,1053,0,991,14419
oliveira/04_07/randm07.02.02.07.020_0030.03.aba.beta,True,13,6,0.2364048957824707,0.020128488540649414,0.0009961128234863281,0.25752949714660645,90,13,3,14,3,30,206,32,21,768,0,787,11330
oliveira/04_07/randm07.02.02.07.020_0030.04.aba.beta,True,9,6,0.040845394134521484,0.005780458450317383,0.0012958049774169922,0.04792165756225586,41,9,4,8,3,10,61,21,6,254,0,995,15314
oliveira/04_07/randm07.02.02.07.020_0030.05.aba.beta,True,13,6,0.14428019523620605,0.016964197158813477,0.0013179779052734375,0.16256237030029297,69,13,4,8,3,24,144,39,16,558,0,1072,15535
oliveira/04_07/randm07.02.02.08.020_0030.01.aba.beta,True,1,1,0.0009031295776367188,0.0002994537353515625,0.0006783008575439453,0.0018808841705322266,3,1,0,2,0,1,3,3,1,2,0,542,8613
oliveira/04_07/randm07.02.02.08.020_0030.02.aba.beta,True,1,1,0.0008881092071533203,0.0003108978271484375,0.0007240772247314453,0.0019230842590332031,3,1,0,2,0,1,3,3,1,2,0,539,8607
oliveira/04_07/randm07.02.02.08.020_0030.03.aba.beta,True,1,1,0.0008749961853027344,0.00031280517578125,0.0006794929504394531,0.0018672943115234375,3,1,0,2,0,1,3,3,1,2,0,534,8577
oliveira/04_07/randm07.02.02.08.020_0030.04.aba.beta,True,1,1,0.0008795261383056641,0.00029206275939941406,0.0006804466247558594,0.0018520355224609375,3,1,0,2,0,1,3,3,1,2,0,536,8592
oliveira/04_07/randm07.02.02.08.020_0030.05.aba.beta,True,1,1,0.0008981227874755859,0.00029587745666503906,0.0007038116455078125,0.0018978118896484375,3,1,0,2,0,1,3,3,1,2,0,536,8587
oliveira/04_07/randm07.02.02.09.020_0030.01.aba.beta,True,5,3,0.011932611465454102,0.002186298370361328,0.0007672309875488281,0.014886140823364258,18,5,2,5,0,5,22,14,3,103,0,580,8846
oliveira/04_07/randm07.02.02.09.020_0030.02.aba.beta,True,5,3,0.011296510696411133,0.0022606849670410156,0.0014073848724365234,0.014964580535888672,18,5,2,4,0,5,26,14,3,77,0,902,14213
oliveira/04_07/randm07.02.02.09.020_0030.03.aba.beta,True,3,3,0.005576610565185547,0.0012171268463134766,0.0007143020629882812,0.007508039474487305,12,3,2,4,0,3,12,10,3,35,0,553,8644
oliveira/04_07/randm07.02.02.09.020_0030.04.aba.beta,True,3,3,0.006581783294677734,0.001287221908569336,0.0007529258728027344,0.008621931076049805,12,3,2,5,0,3,21,10,3,67,0,561,8758
oliveira/04_07/randm07.02.02.09.020_0030.05.aba.beta,True,3,3,0.006232738494873047,0.0012564659118652344,0.0007336139678955078,0.008222818374633789,12,3,2,5,0,3,17,10,3,51,0,552,8661
oliveira/04_07/randm07.02.02.10.020_0030.01.aba.beta,True,1,1,0.0008809566497802734,0.00030231475830078125,0.0006983280181884766,0.0018815994262695312,3,1,0,2,0,1,3,3,1,2,0,537,8599
oliveira/04_07/randm07.02.02.10.020_0030.02.aba.beta,True,1,1,0.0008962154388427734,0.00030493736267089844,0.0007171630859375,0.0019183158874511719,3,1,0,2,0,1,3,3,1,2,0,540,8608
oliveira/04_07/randm07.02.02.10.020_0030.03.aba.beta,True,1,1,0.0010879039764404297,0.0003333091735839844,0.0006844997406005859,0.002105712890625,3,1,0,2,0,1,3,3,1,2,0,527,8497
oliveira/04_07/randm07.02.02.10.020_0030.04.aba.beta,True,1,1,0.0009083747863769531,0.0003006458282470703,0.0006804466247558594,0.0018894672393798828,3,1,0,2,0,1,3,3,1,2,0,537,8603
oliveira/04_07/randm07.02.02.10.020_0030.05.aba.beta,True,1,1,0.0009126663208007812,0.0002930164337158203,0.0006730556488037109,0.0018787384033203125,3,1,0,2,0,1,3,3,1,2,0,528,8551
oliveira/04_07/randm07.02.02.11.020_0030.01.aba.beta,True,11,5,0.08216738700866699,0.00901031494140625,0.001031637191772461,0.0922093391418457,49,11,3,7,0,15,124,25,8,338,0,789,11715
oliveira/04_07/randm07.02.02.11.020_0030.02.aba.beta,True,7,5,0.018464088439941406,0.0033364295959472656,0.00099945068359375,0.022799968719482422,25,7,4,5,0,7,32,19,5,161,0,796,12409
oliveira/04_07/randm07.02.02.11.020_0030.03.aba.beta,True,7,5,0.03931474685668945,0.004343748092651367,0.001256704330444336,0.044915199279785156,36,7,4,7,0,7,187,21,5,434,0,941,14858
oliveira/04_07/randm07.02.02.11.020_0030.04.aba.beta,True,9,5,0.05243325233459473,0.007596015930175781,0.0009419918060302734,0.06097126007080078,48,9,3,9,0,13,53,26,8,306,0,724,10763
oliveira/04_07/randm07.02.02.11.020_0030.05.aba.beta,True,8,5,0.07220745086669922,0.005979776382446289,0.0009763240814208984,0.0791635513305664,55,8,3,6,0,10,190,20,6,595,0,756,11314
oliveira/04_07/randm07.02.02.12.020_0030.01.aba.beta,True,4,3,0.007466793060302734,0.001611471176147461,0.0010483264923095703,0.010126590728759766,14,4,2,5,0,4,13,11,3,42,0,817,12904
oliveira/04_07/randm07.02.02.12.020_0030.02.aba.beta,True,3,3,0.0051767826080322266,0.0012240409851074219,0.0007112026214599609,0.007112026214599609,11,3,2,5,0,3,13,9,3,29,0,546,8621
oliveira/04_07/randm07.02.02.12.020_0030.03.aba.beta,True,3,3,0.005272388458251953,0.0011892318725585938,0.0006868839263916016,0.0071485042572021484,11,3,2,5,0,3,16,9,3,35,0,545,8631
oliveira/04_07/randm07.02.02.12.020_0030.04.aba.beta,True,4,3,0.012029647827148438,0.0017948150634765625,0.0010352134704589844,0.014859676361083984,22,4,2,5,0,4,63,10,3,131,0,792,12532
oliveira/04_07/randm07.02.02.12.020_0030.05.aba.beta,True,4,3,0.00939798355102539,0.0017633438110351562,0.0010976791381835938,0.01225900650024414,19,4,2,5,0,4,32,10,3,93,0,880,13851
oliveira/04_07/randm07.02.02.13.020_0030.01.aba.beta,True,14,7,0.10607218742370605,0.01108241081237793,0.0010716915130615234,0.11822628974914551,81,14,5,8,4,15,245,37,7,816,0,869,12502
oliveira/04_07/randm07.02.02.13.020_0030.02.aba.beta,True,14,7,0.06889772415161133,0.010044336318969727,0.0011525154113769531,0.08009457588195801,53,14,6,8,3,14,71,36,7,622,0,897,13337
oliveira/04_07/randm07.02.02.13.020_0030.03.aba.beta,True,13,7,0.20085692405700684,0.019437313079833984,0.0017554759979248047,0.22204971313476562,72,13,5,10,9,24,156,36,17,613,0,1394,20800
oliveira/04_07/randm07.02.02.13.020_0030.04.aba.beta,True,13,9,0.4092273712158203,0.04367256164550781,0.0009334087371826172,0.45383334159851074,95,13,4,22,6,49,251,50,41,914,0,762,10845
oliveira/04_07/randm07.02.02.13.020_0030.05.aba.beta,True,16,7,0.14105629920959473,0.01836228370666504,0.0012710094451904297,0.1606895923614502,77,16,5,12,3,23,98,40,13,618,0,1039,14784
oliveira/04_07/randm07.02.02.14.020_0030.01.aba.beta,True,3,3,0.0064394474029541016,0.0012619495391845703,0.0007317066192626953,0.008433103561401367,12,3,2,5,0,3,23,10,3,79,0,577,8908
oliveira/04_07/randm07.02.02.14.020_0030.02.aba.beta,True,3,3,0.005894184112548828,0.0012350082397460938,0.0006928443908691406,0.007822036743164062,12,3,2,5,0,3,16,10,3,51,0,559,8687
oliveira/04_07/randm07.02.02.14.020_0030.03.aba.beta,True,3,3,0.007127285003662109,0.0013551712036132812,0.0008144378662109375,0.009296894073486328,12,3,2,5,0,3,27,10,3,95,0,614,9804
oliveira/04_07/randm07.02.02.14.020_0030.04.aba.beta,True,5,3,0.01952672004699707,0.0023305416107177734,0.0007724761962890625,0.022629737854003906,29,5,2,4,0,5,114,13,3,246,0,604,9346
oliveira/04_07/randm07.02.02.14.020_0030.05.aba.beta,True,3,3,0.005394697189331055,0.0014164447784423828,0.0009894371032714844,0.007800579071044922,12,3,2,4,0,3,11,10,3,34,0,551,8634
oliveira/04_07/randm07.02.02.15.020_0030.01.aba.beta,True,9,7,0.0957028865814209,0.011330366134643555,0.0008313655853271484,0.1078646183013916,61,9,5,12,7,16,99,28,13,418,0,655,9562
oliveira/04_07/randm07.02.02.15.020_0030.02.aba.beta,True,12,9,0.6035120487213135,0.05031323432922363,0.0010306835174560547,0.6548559665679932,109,12,5,23,0,60,213,48,54,1006,0,812,11958
oliveira/04_07/randm07.02.02.15.020_0030.03.aba.beta,True,13,8,0.25073838233947754,0.02247762680053711,0.0010945796966552734,0.2743105888366699,83,13,4,13,0,25,300,40,17,853,0,871,12673
oliveira/04_07/randm07.02.02.15.020_0030.04.aba.beta,True,8,7,0.09138011932373047,0.01321554183959961,0.0008091926574707031,0.10540485382080078,49,8,4,16,2,21,73,34,18,283,0,641,9589
oliveira/04_07/randm07.02.02.15.020_0030.05.aba.beta,True,18,7,1.2517931461334229,0.06532001495361328,0.0017266273498535156,1.3188397884368896,150,18,3,8,2,72,376,44,58,1457,0,1345,19928
oliveira/04_07/randm07.02.02.16.020_0030.01.aba.beta,True,6,4,0.014647483825683594,0.002812623977661133,0.0016548633575439453,0.019114971160888672,21,6,3,6,0,6,31,16,4,107,0,1285,20027
oliveira/04_07/randm07.02.02.16.020_0030.02.aba.beta,True,8,4,0.020437955856323242,0.003831624984741211,0.002088308334350586,0.02635788917541504,26,8,3,6,0,8,26,19,4,118,0,1591,25049
oliveira/04_07/randm07.02.02.16.020_0030.03.aba.beta,True,4,4,0.014182090759277344,0.0027358531951904297,0.00074005126953125,0.017657995223999023,20,4,2,6,0,6,28,14,5,77,0,552,8646
oliveira/04_07/randm07.02.02.16.020_0030.04.aba.beta,True,3,4,0.01299595832824707,0.002378702163696289,0.0007417201995849609,0.01611638069152832,19,3,2,7,0,5,30,13,5,104,0,554,8664
oliveira/04_07/randm07.02.02.16.020_0030.05.aba.beta,True,8,4,0.026786327362060547,0.003957271575927734,0.0018873214721679688,0.03263092041015625,37,8,3,6,0,8,124,18,4,279,0,1417,22229
oliveira/04_07/randm07.02.02.17.020_0030.01.aba.beta,True,12,7,0.1643223762512207,0.011989355087280273,0.001230478286743164,0.17754220962524414,87,12,5,8,3,16,380,35,10,995,0,979,14592
oliveira/04_07/randm07.02.02.17.020_0030.02.aba.beta,True,10,6,0.144758939743042,0.012894630432128906,0.0011813640594482422,0.15883493423461914,77,10,3,10,3,17,315,32,11,771,0,874,13130
oliveira/04_07/randm07.02.02.17.020_0030.03.aba.beta,True,10,6,0.11834049224853516,0.008823394775390625,0.0009834766387939453,0.12814736366271973,84,10,4,5,3,13,323,28,8,1023,0,786,11562
oliveira/04_07/randm07.02.02.17.020_0030.04.aba.beta,True,9,6,0.07318925857543945,0.00640106201171875,0.0009529590606689453,0.08054327964782715,76,9,5,7,3,9,347,29,6,931,0,748,11153
oliveira/04_07/randm07.02.02.17.020_0030.05.aba.beta,True,9,6,0.15256381034851074,0.013749122619628906,0.0010981559753417969,0.16741108894348145,62,9,3,10,3,17,197,31,12,572,0,862,12823
oliveira/04_07/randm07.02.02.18.020_0030.01.aba.beta,True,14,7,0.5444061756134033,0.10867667198181152,0.001308441162109375,0.6543912887573242,144,14,1,22,3,53,552,46,41,1649,0,980,14314
oliveira/04_07/randm07.02.02.18.020_0030.02.aba.beta,True,11,7,0.5001420974731445,0.07107067108154297,0.0011026859283447266,0.5723154544830322,109,11,4,8,8,36,326,40,30,1174,0,866,12900
oliveira/04_07/randm07.02.02.18.020_0030.03.aba.beta,True,13,7,0.5380949974060059,0.05667614936828613,0.0016717910766601562,0.5964429378509521,143,13,1,10,7,40,706,38,29,1814,0,1300,19556
oliveira/04_07/randm07.02.02.18.020_0030.04.aba.beta,True,20,7,1.294029951095581,0.15322303771972656,0.001844167709350586,1.4490971565246582,167,20,1,6,7,57,539,48,39,1848,0,1434,20953
oliveira/04_07/randm07.02.02.18.020_0030.05.aba.beta,True,17,8,0.7602560520172119,0.08240604400634766,0.0019071102142333984,0.844569206237793,143,17,4,7,9,29,840,46,17,1818,0,1510,22134
oliveira/04_07/randm07.02.02.19.020_0030.01.aba.beta,True,9,5,0.058898210525512695,0.005994558334350586,0.0008945465087890625,0.06578731536865234,43,9,3,8,1,11,118,23,6,338,0,672,9995
oliveira/04_07/randm07.02.02.19.020_0030.02.aba.beta,True,11,5,0.11303949356079102,0.011332035064697266,0.0009984970092773438,0.12537002563476562,70,11,2,9,1,18,201,26,10,749,0,774,11561
oliveira/04_07/randm07.02.02.19.020_0030.03.aba.beta,True,5,5,0.028732776641845703,0.0029141902923583984,0.0009558200836181641,0.032602787017822266,37,5,4,7,4,5,190,21,5,336,0,724,11191
oliveira/04_07/randm07.02.02.19.020_0030.04.aba.beta,True,10,5,0.17768573760986328,0.015675783157348633,0.0009212493896484375,0.19428277015686035,81,10,2,13,1,24,219,29,17,755,0,737,10830
oliveira/04_07/randm07.02.02.19.020_0030.05.aba.beta,True,5,5,0.014623641967773438,0.0025911331176757812,0.0009548664093017578,0.018169641494750977,26,5,4,7,3,5,47,19,5,130,0,735,11353
oliveira/04_09/randm04.02.02.01.020_0030.01.aba.beta,True,3,3,0.004805803298950195,0.0011196136474609375,0.0006909370422363281,0.006616353988647461,12,3,2,5,1,3,12,10,3,32,0,543,8608
oliveira/04_09/randm04.02.02.01.020_0030.02.aba.beta,True,5,4,0.00974273681640625,0.002271413803100586,0.0015039443969726562,0.013518095016479492,16,5,3,5,1,5,13,12,4,40,0,1137,18044
oliveira/04_09/randm04.02.02.01.020_0030.03.aba.beta,True,6,4,0.012481927871704102,0.0025780200958251953,0.0016815662384033203,0.016741514205932617,19,6,3,5,2,6,15,14,4,53,0,1285,20584
oliveira/04_09/randm04.02.02.01.020_0030.04.aba.beta,True,6,4,0.012741327285766602,0.002544403076171875,0.0016262531280517578,0.016911983489990234,19,6,3,5,2,6,17,13,4,57,0,1246,19786
oliveira/04_09/randm04.02.02.01.020_0030.05.aba.beta,True,5,4,0.010813236236572266,0.0022017955780029297,0.0018928050994873047,0.0149078369140625,16,5,3,5,1,5,16,12,4,46,0,1286,20264
oliveira/04_09/randm04.02.02.02.020_0030.01.aba.beta,True,1,1,0.0009059906005859375,0.00031566619873046875,0.0006854534149169922,0.0019071102142333984,3,1,0,2,0,1,3,3,1,2,0,543,8623
oliveira/04_09/randm04.02.02.02.020_0030.02.aba.beta,True,1,1,0.0009515285491943359,0.0003581047058105469,0.0006856918334960938,0.0019953250885009766,3,1,0,2,0,1,3,3,1,2,0,537,8598
oliveira/04_09/randm04.02.02.02.020_0030.03.aba.beta,True,1,1,0.0011789798736572266,0.0003814697265625,0.000766754150390625,0.0023272037506103516,3,1,0,2,0,1,3,3,1,2,0,527,8532
oliveira/04_09/randm04.02.02.02.020_0030.04.aba.beta,True,1,1,0.0009877681732177734,0.0003516674041748047,0.0007028579711914062,0.0020422935485839844,3,1,0,2,0,1,3,3,1,2,0,536,8589
oliveira/04_09/randm04.02.02.02.020_0030.05.aba.beta,True,1,1,0.0008840560913085938,0.00030994415283203125,0.0006797313690185547,0.0018737316131591797,3,1,0,2,0,1,3,3,1,2,0,536,8583
oliveira/04_09/randm04.02.02.03.020_0030.01.aba.beta,True,2,3,0.003152132034301758,0.0007345676422119141,0.0006992816925048828,0.004585981369018555,11,2,2,5,2,2,13,10,3,27,0,536,8563
oliveira/04_09/randm04.02.02.03.020_0030.02.aba.beta,True,2,3,0.004086971282958984,0.0008027553558349609,0.000720977783203125,0.00561070442199707,11,2,2,5,2,2,21,9,3,43,0,545,8658
oliveira/04_09/randm04.02.02.03.020_0030.03.aba.beta,True,2,3,0.0028791427612304688,0.0007066726684570312,0.0006928443908691406,0.004278659820556641,10,2,2,5,2,2,9,9,3,19,0,540,8598
oliveira/04_09/randm04.02.02.03.020_0030.04.aba.beta,True,2,3,0.002949237823486328,0.0007719993591308594,0.0006971359252929688,0.004418373107910156,10,2,2,5,2,2,9,9,3,19,0,543,8612
oliveira/04_09/randm04.02.02.03.020_0030.05.aba.beta,True,3,3,0.005951881408691406,0.0013804435729980469,0.0007541179656982422,0.008086442947387695,14,3,2,5,2,3,18,11,3,51,0,547,8614
oliveira/04_09/randm04.02.02.04.020_0030.01.aba.beta,True,1,1,0.0009005069732666016,0.00030040740966796875,0.0007073879241943359,0.0019083023071289062,3,1,0,2,0,1,3,3,1,2,0,529,8558
oliveira/04_09/randm04.02.02.04.020_0030.02.aba.beta,True,1,1,0.0008864402770996094,0.00033402442932128906,0.0006952285766601562,0.0019156932830810547,3,1,0,2,0,1,3,3,1,2,0,531,8570
oliveira/04_09/randm04.02.02.04.020_0030.03.aba.beta,True,1,1,0.0009636878967285156,0.00034046173095703125,0.0007517337799072266,0.0020558834075927734,3,1,0,2,0,1,3,3,1,2,0,532,8571
oliveira/04_09/randm04.02.02.04.020_0030.04.aba.beta,True,1,1,0.000904083251953125,0.0003066062927246094,0.0007252693176269531,0.0019359588623046875,3,1,0,2,0,1,3,3,1,2,0,535,8587
oliveira/04_09/randm04.02.02.04.020_0030.05.aba.beta,True,1,1,0.0009298324584960938,0.00030493736267089844,0.0006954669952392578,0.00193023681640625,3,1,0,2,0,1,3,3,1,2,0,539,8598
oliveira/04_09/randm04.02.02.05.020_0030.01.aba.beta,True,1,2,0.0013844966888427734,0.0004093647003173828,0.0007064342498779297,0.002500295639038086,5,1,1,4,0,1,5,5,2,6,0,533,8580
oliveira/04_09/randm04.02.02.05.020_0030.02.aba.beta,True,1,2,0.0013287067413330078,0.0003528594970703125,0.0006766319274902344,0.0023581981658935547,5,1,1,4,0,1,5,5,2,6,0,529,8561
oliveira/04_09/randm04.02.02.05.020_0030.03.aba.beta,True,1,2,0.001371145248413086,0.0004119873046875,0.0007064342498779297,0.0024895668029785156,5,1,1,4,0,1,5,5,2,6,0,538,8604
oliveira/04_09/randm04.02.02.05.020_0030.04.aba.beta,True,1,2,0.001506805419921875,0.00039958953857421875,0.0007050037384033203,0.002611398696899414,5,1,1,4,0,1,5,5,2,6,0,531,8548
oliveira/04_09/randm04.02.02.05.020_0030.05.aba.beta,True,1,2,0.0013709068298339844,0.00034046173095703125,0.0006954669952392578,0.0024068355560302734,5,1,1,4,0,1,5,5,2,6,0,528,8549
oliveira/04_09/randm04.02.02.06.020_0030.01.aba.beta,True,3,3,0.0064296722412109375,0.0013365745544433594,0.000713348388671875,0.008479595184326172,14,3,2,4,0,3,27,11,3,76,0,554,8748
oliveira/04_09/randm04.02.02.06.020_0030.02.aba.beta,True,3,3,0.006194114685058594,0.0012791156768798828,0.0007088184356689453,0.008182048797607422,12,3,2,4,0,3,21,10,3,67,0,568,8797
oliveira/04_09/randm04.02.02.06.020_0030.03.aba.beta,True,4,3,0.007735252380371094,0.001689910888671875,0.0007271766662597656,0.010152339935302734,14,4,2,5,0,4,21,11,3,62,0,563,8743
oliveira/04_09/randm04.02.02.06.020_0030.04.aba.beta,True,5,3,0.013724088668823242,0.002460956573486328,0.0007643699645996094,0.01694941520690918,20,5,2,5,0,5,41,12,3,133,0,590,9046
oliveira/04_09/randm04.02.02.06.020_0030.05.aba.beta,True,3,3,0.005852222442626953,0.0013358592987060547,0.0007245540618896484,0.007912635803222656,12,3,2,4,0,3,17,10,3,48,0,559,8698
oliveira/04_09/randm04.02.02.07.020_0030.01.aba.beta,True,1,2,0.001341104507446289,0.0003604888916015625,0.0006909370422363281,0.0023925304412841797,5,1,1,4,0,1,5,5,2,6,0,531,8557
oliveira/04_09/randm04.02.02.07.020_0030.02.aba.beta,True,1,2,0.001316070556640625,0.00033545494079589844,0.0006899833679199219,0.0023415088653564453,5,1,1,4,0,1,5,5,2,6,0,531,8567
oliveira/04_09/randm04.02.02.07.020_0030.03.aba.beta,True,1,2,0.0013203620910644531,0.0003457069396972656,0.0006930828094482422,0.002359151840209961,5,1,1,4,0,1,5,5,2,6,0,538,8600
oliveira/04_09/randm04.02.02.07.020_0030.04.aba.beta,True,1,2,0.0012867450714111328,0.0003352165222167969,0.0006997585296630859,0.0023217201232910156,5,1,1,4,0,1,5,5,2,6,0,538,8598
oliveira/04_09/randm04.02.02.07.020_0030.05.aba.beta,True,1,2,0.0012829303741455078,0.00033283233642578125,0.0007114410400390625,0.0023272037506103516,5,1,1,4,0,1,5,5,2,6,0,541,8614
oliveira/04_09/randm04.02.02.08.020_0030.01.aba.beta,True,7,4,0.045243263244628906,0.0042705535888671875,0.0009839534759521484,0.05049777030944824,48,7,2,6,2,8,185,19,4,530,0,726,10901
oliveira/04_09/randm04.02.02.08.020_0030.02.aba.beta,True,6,4,0.044126272201538086,0.0036673545837402344,0.001088857650756836,0.048882484436035156,39,6,2,5,2,7,204,14,4,363,0,639,9888
oliveira/04_09/randm04.02.02.08.020_0030.03.aba.beta,True,6,4,0.014780044555664062,0.002620697021484375,0.0009002685546875,0.018301010131835938,22,6,3,6,2,6,26,15,4,99,0,677,10450
oliveira/04_09/randm04.02.02.08.020_0030.04.aba.beta,True,5,4,0.010174036026000977,0.0020897388458251953,0.0007364749908447266,0.013000249862670898,17,5,3,6,2,5,13,13,4,53,0,561,8660
oliveira/04_09/randm04.02.02.08.020_0030.05.aba.beta,True,6,4,0.01781749725341797,0.0031218528747558594,0.0008513927459716797,0.021790742874145508,24,6,3,6,2,6,43,19,4,159,0,631,9493
oliveira/04_09/randm04.02.02.09.020_0030.01.aba.beta,True,2,3,0.0033152103424072266,0.0007655620574951172,0.0007264614105224609,0.004807233810424805,9,2,2,5,0,2,10,8,3,22,0,541,8608
oliveira/04_09/randm04.02.02.09.020_0030.02.aba.beta,True,2,3,0.003925323486328125,0.0009138584136962891,0.0007195472717285156,0.00555872917175293,9,2,2,5,0,2,14,8,3,30,0,534,8569
oliveira/04_09/randm04.02.02.09.020_0030.03.aba.beta,True,2,3,0.0036199092864990234,0.0008456707000732422,0.0008614063262939453,0.005326986312866211,9,2,2,5,0,2,15,8,3,30,0,545,8636
oliveira/04_09/randm04.02.02.09.020_0030.04.aba.beta,True,2,3,0.004038333892822266,0.0010821819305419922,0.0007340908050537109,0.005854606628417969,9,2,2,5,0,2,21,8,3,42,0,553,8716
oliveira/04_09/randm04.02.02.09.020_0030.05.aba.beta,True,2,3,0.003568887710571289,0.0007636547088623047,0.00070953369140625,0.005042076110839844,9,2,2,5,0,2,17,8,3,36,0,549,8669
oliveira/04_09/randm04.02.02.10.020_0030.01.aba.beta,True,2,4,0.004984855651855469,0.0008897781372070312,0.0007200241088867188,0.006594657897949219,13,2,3,5,2,2,32,12,4,66,0,556,8820
oliveira/04_09/randm04.02.02.10.020_0030.02.aba.beta,True,2,4,0.004513740539550781,0.0007722377777099609,0.0007014274597167969,0.005987405776977539,13,2,3,6,2,2,20,10,4,42,0,530,8565
oliveira/04_09/randm04.02.02.10.020_0030.03.aba.beta,True,2,4,0.0050776004791259766,0.0008704662322998047,0.0007350444793701172,0.0066831111907958984,13,2,3,6,2,2,38,11,4,78,0,562,8955
oliveira/04_09/randm04.02.02.10.020_0030.04.aba.beta,True,2,4,0.0047419071197509766,0.0009045600891113281,0.0008883476257324219,0.0065348148345947266,13,2,3,5,2,2,30,11,4,62,0,555,8784
oliveira/04_09/randm04.02.02.10.020_0030.05.aba.beta,True,2,4,0.004870891571044922,0.0008807182312011719,0.0007448196411132812,0.006496429443359375,13,2,3,5,2,2,31,11,4,64,0,560,8819
oliveira/04_09/randm04.02.02.11.020_0030.01.aba.beta,True,8,4,0.019011497497558594,0.0036215782165527344,0.002325773239135742,0.02495884895324707,24,8,3,6,0,8,24,16,4,82,0,1633,25528
oliveira/04_09/randm04.02.02.11.020_0030.02.aba.beta,True,8,4,0.01743459701538086,0.003379344940185547,0.002222299575805664,0.02303624153137207,23,8,3,6,0,8,18,16,4,70,0,1592,25010
oliveira/04_09/randm04.02.02.11.020_0030.03.aba.beta,True,7,4,0.015958070755004883,0.0033082962036132812,0.001112222671508789,0.020378589630126953,20,7,3,6,0,7,15,14,4,68,0,846,13003
oliveira/04_09/randm04.02.02.11.020_0030.04.aba.beta,True,8,4,0.01986241340637207,0.003716707229614258,0.0012662410736083984,0.024845361709594727,24,8,3,6,0,8,17,13,4,91,0,947,14701
oliveira/04_09/randm04.02.02.11.020_0030.05.aba.beta,True,8,4,0.018348217010498047,0.003572225570678711,0.0015921592712402344,0.023512601852416992,26,8,3,6,0,8,20,15,4,91,0,1183,19109
oliveira/04_09/randm04.02.02.12.020_0030.01.aba.beta,True,3,3,0.0059392452239990234,0.0012061595916748047,0.000701904296875,0.007847309112548828,12,3,2,5,0,3,18,10,3,55,0,557,8687
oliveira/04_09/randm04.02.02.12.020_0030.02.aba.beta,True,3,3,0.006055355072021484,0.0012216567993164062,0.0007143020629882812,0.007991313934326172,13,3,2,5,0,3,19,10,3,56,0,561,8708
oliveira/04_09/randm04.02.02.12.020_0030.03.aba.beta,True,3,3,0.006251096725463867,0.001363992691040039,0.0007281303405761719,0.008343219757080078,12,3,2,5,0,3,18,10,3,54,0,564,8717
oliveira/04_09/randm04.02.02.12.020_0030.04.aba.beta,True,3,3,0.005347490310668945,0.0012443065643310547,0.0006961822509765625,0.0072879791259765625,11,3,2,5,0,3,10,9,3,28,0,545,8605
oliveira/04_09/randm04.02.02.12.020_0030.05.aba.beta,True,3,3,0.00700688362121582,0.0014705657958984375,0.0007350444793701172,0.009212493896484375,11,3,2,5,0,3,14,9,3,36,0,544,8613
oliveira/04_09/randm04.02.02.13.020_0030.01.aba.beta,True,1,1,0.0009570121765136719,0.0003504753112792969,0.0006642341613769531,0.001971721649169922,3,1,0,2,0,1,3,3,1,2,0,528,8539
oliveira/04_09/randm04.02.02.13.020_0030.02.aba.beta,True,1,1,0.0009319782257080078,0.0003046989440917969,0.000690460205078125,0.0019271373748779297,3,1,0,2,0,1,3,3,1,2,0,535,8584
oliveira/04_09/randm04.02.02.13.020_0030.03.aba.beta,True,1,1,0.0009732246398925781,0.0003554821014404297,0.0006823539733886719,0.0020110607147216797,3,1,0,2,0,1,3,3,1,2,0,534,8583
oliveira/04_09/randm04.02.02.13.020_0030.04.aba.beta,True,1,1,0.0008945465087890625,0.00030231475830078125,0.00067901611328125,0.0018758773803710938,3,1,0,2,0,1,3,3,1,2,0,537,8593
oliveira/04_09/randm04.02.02.13.020_0030.05.aba.beta,True,1,1,0.0008814334869384766,0.0003116130828857422,0.0006847381591796875,0.0018777847290039062,3,1,0,2,0,1,3,3,1,2,0,543,8623
oliveira/04_09/randm04.02.02.14.020_0030.01.aba.beta,True,4,4,0.008466720581054688,0.001684427261352539,0.0009217262268066406,0.011072874069213867,14,4,3,6,0,4,27,11,4,64,0,568,8823
oliveira/04_09/randm04.02.02.14.020_0030.02.aba.beta,True,5,4,0.010303258895874023,0.002115011215209961,0.0007143020629882812,0.013132572174072266,16,5,3,6,0,5,12,11,4,42,0,553,8624
oliveira/04_09/randm04.02.02.14.020_0030.03.aba.beta,True,3,4,0.009247541427612305,0.0018148422241210938,0.0007736682891845703,0.011836051940917969,14,3,2,5,0,4,22,11,4,75,0,562,8757
oliveira/04_09/randm04.02.02.14.020_0030.04.aba.beta,True,4,4,0.01027679443359375,0.0019881725311279297,0.000804901123046875,0.013069868087768555,16,4,3,5,0,4,27,12,4,90,0,595,9229
oliveira/04_09/randm04.02.02.14.020_0030.05.aba.beta,True,4,4,0.008517980575561523,0.0018532276153564453,0.0007030963897705078,0.011074304580688477,14,4,3,6,0,4,13,11,4,36,0,546,8595
oliveira/04_09/randm04.02.02.15.020_0030.01.aba.beta,True,1,2,0.00130462646484375,0.0003509521484375,0.0007071495056152344,0.0023627281188964844,5,1,1,4,0,1,5,4,2,6,0,533,8586
oliveira/04_09/randm04.02.02.15.020_0030.02.aba.beta,True,1,2,0.0012869834899902344,0.0003323554992675781,0.0007059574127197266,0.002325296401977539,5,1,1,4,0,1,5,5,2,6,0,532,8581
oliveira/04_09/randm04.02.02.15.020_0030.03.aba.beta,True,1,2,0.0013294219970703125,0.0003409385681152344,0.0007486343383789062,0.002418994903564453,5,1,1,4,0,1,5,5,2,6,0,541,8605
oliveira/04_09/randm04.02.02.15.020_0030.04.aba.beta,True,1,2,0.00133514404296875,0.0003848075866699219,0.0007259845733642578,0.0024459362030029297,5,1,1,4,0,1,5,5,2,6,0,542,8616
oliveira/04_09/randm04.02.02.15.020_0030.05.aba.beta,True,1,2,0.0013053417205810547,0.0003342628479003906,0.0006716251373291016,0.002311229705810547,5,1,1,4,0,1,5,5,2,6,0,534,8580
oliveira/04_09/randm04.02.02.16.020_0030.01.aba.beta,True,2,3,0.0031681060791015625,0.000732421875,0.0008444786071777344,0.004745006561279297,11,2,2,4,2,2,11,10,3,25,0,536,8574
oliveira/04_09/randm04.02.02.16.020_0030.02.aba.beta,True,2,3,0.0033843517303466797,0.0007593631744384766,0.0007224082946777344,0.004866123199462891,11,2,2,5,2,2,14,9,3,31,0,540,8589
oliveira/04_09/randm04.02.02.16.020_0030.03.aba.beta,True,2,3,0.003322124481201172,0.0007898807525634766,0.0007238388061523438,0.004835844039916992,11,2,2,5,2,2,15,10,3,33,0,546,8632
oliveira/04_09/randm04.02.02.16.020_0030.04.aba.beta,True,2,3,0.0032503604888916016,0.000782012939453125,0.0009431838989257812,0.004975557327270508,11,2,2,5,2,2,14,10,3,31,0,549,8641
oliveira/04_09/randm04.02.02.16.020_0030.05.aba.beta,True,4,3,0.013154268264770508,0.0017616748809814453,0.0007414817810058594,0.015657424926757812,22,4,2,4,2,4,76,12,3,179,0,584,9060
oliveira/04_09/randm04.02.02.17.020_0030.01.aba.beta,True,2,3,0.0037462711334228516,0.0008373260498046875,0.0007486343383789062,0.005332231521606445,9,2,2,5,0,2,15,8,3,30,0,549,8649
oliveira/04_09/randm04.02.02.17.020_0030.02.aba.beta,True,2,3,0.003873586654663086,0.0007975101470947266,0.0006995201110839844,0.005370616912841797,9,2,2,5,0,2,21,8,3,42,0,553,8710
oliveira/04_09/randm04.02.02.17.020_0030.03.aba.beta,True,2,3,0.003529071807861328,0.0008406639099121094,0.0006959438323974609,0.0050656795501708984,9,2,2,5,0,2,13,8,3,28,0,535,8562
oliveira/04_09/randm04.02.02.17.020_0030.04.aba.beta,True,2,3,0.003792285919189453,0.0010652542114257812,0.0006999969482421875,0.005557537078857422,9,2,2,5,0,2,15,8,3,32,0,535,8572
oliveira/04_09/randm04.02.02.17.020_0030.05.aba.beta,True,2,3,0.003488302230834961,0.0008482933044433594,0.0006844997406005859,0.005021095275878906,9,2,2,5,0,2,16,8,3,32,0,540,8576
oliveira/04_09/randm04.02.02.18.020_0030.01.aba.beta,True,6,4,0.01544046401977539,0.002870321273803711,0.0007739067077636719,0.019084692001342773,22,6,3,6,0,6,26,17,4,111,0,616,9276
oliveira/04_09/randm04.02.02.18.020_0030.02.aba.beta,True,3,4,0.0088348388671875,0.0016553401947021484,0.0006961822509765625,0.011186361312866211,15,3,2,6,0,4,23,12,4,66,0,561,8719
oliveira/04_09/randm04.02.02.18.020_0030.03.aba.beta,True,5,4,0.02935481071472168,0.0039424896240234375,0.0008633136749267578,0.034160614013671875,29,5,2,6,0,8,54,18,6,156,0,632,9660
oliveira/04_09/randm04.02.02.18.020_0030.04.aba.beta,True,6,4,0.031038522720336914,0.003873109817504883,0.0009703636169433594,0.035881996154785156,32,6,2,7,0,8,102,16,5,250,0,737,11269
oliveira/04_09/randm04.02.02.18.020_0030.05.aba.beta,True,6,4,0.017808198928833008,0.0028839111328125,0.0007786750793457031,0.02147078514099121,26,6,3,6,0,6,50,16,4,200,0,611,9348
oliveira/04_09/randm04.02.02.19.020_0030.01.aba.beta,True,3,3,0.00811910629272461,0.0012493133544921875,0.0007131099700927734,0.01008152961730957,21,3,2,5,0,3,65,11,3,135,0,556,8704
oliveira/04_09/randm04.02.02.19.020_0030.02.aba.beta,True,4,3,0.009912490844726562,0.0017523765563964844,0.0007536411285400391,0.012418508529663086,16,4,2,5,0,4,27,13,3,111,0,586,8943
oliveira/04_09/randm04.02.02.19.020_0030.03.aba.beta,True,4,3,0.010726213455200195,0.0017199516296386719,0.0007138252258300781,0.013159990310668945,24,4,2,5,0,4,62,12,3,147,0,562,8741
oliveira/04_09/randm04.02.02.19.020_0030.04.aba.beta,True,3,3,0.005846500396728516,0.0013718605041503906,0.0007069110870361328,0.007925271987915039,12,3,2,5,0,3,13,10,3,42,0,546,8617
oliveira/04_09/randm04.02.02.19.020_0030.05.aba.beta,True,4,3,0.020471572875976562,0.0026319026947021484,0.0007195472717285156,0.023823022842407227,26,4,1,5,0,6,92,13,4,195,0,573,8836
oliveira/04_09/randm05.02.02.01.020_0030.01.aba.beta,True,3,3,0.00540924072265625,0.0011637210845947266,0.0006966590881347656,0.007269620895385742,14,3,2,4,2,3,16,12,3,44,0,544,8594
oliveira/04_09/randm05.02.02.01.020_0030.02.aba.beta,True,3,3,0.005808115005493164,0.0013132095336914062,0.0007619857788085938,0.007883310317993164,14,3,2,4,2,3,14,12,3,41,0,549,8628
oliveira/04_09/randm05.02.02.01.020_0030.03.aba.beta,True,4,3,0.007260799407958984,0.0015990734100341797,0.0007023811340332031,0.009562253952026367,15,4,2,5,2,4,16,11,3,48,0,562,8687
oliveira/04_09/randm05.02.02.01.020_0030.04.aba.beta,True,3,3,0.005820751190185547,0.0012297630310058594,0.0007505416870117188,0.007801055908203125,14,3,2,5,2,3,18,10,3,44,0,545,8606
oliveira/04_09/randm05.02.02.01.020_0030.05.aba.beta,True,3,3,0.005068063735961914,0.0011739730834960938,0.0006976127624511719,0.00693964958190918,13,3,2,5,2,3,14,10,3,36,0,532,8530
oliveira/04_09/randm05.02.02.02.020_0030.01.aba.beta,True,2,3,0.002911806106567383,0.0007240772247314453,0.0006825923919677734,0.0043184757232666016,10,2,2,5,2,2,9,8,3,19,0,524,8509
oliveira/04_09/randm05.02.02.02.020_0030.02.aba.beta,True,2,3,0.004010677337646484,0.0008711814880371094,0.0007166862487792969,0.005598545074462891,11,2,2,5,2,2,17,9,3,35,0,544,8631
oliveira/04_09/randm05.02.02.02.020_0030.03.aba.beta,True,2,3,0.0036287307739257812,0.0007808208465576172,0.0006887912750244141,0.0050983428955078125,11,2,2,5,2,2,24,10,3,49,0,544,8682
oliveira/04_09/randm05.02.02.02.020_0030.04.aba.beta,True,2,3,0.0029091835021972656,0.0007412433624267578,0.0006866455078125,0.0043370723724365234,10,2,2,5,2,2,9,9,3,19,0,537,8583
oliveira/04_09/randm05.02.02.02.020_0030.05.aba.beta,True,2,3,0.0030286312103271484,0.0007059574127197266,0.0007014274597167969,0.004436016082763672,10,2,2,5,2,2,9,9,3,19,0,535,8572
oliveira/04_09/randm05.02.02.03.020_0030.01.aba.beta,True,1,1,0.0008740425109863281,0.00030612945556640625,0.0006885528564453125,0.0018687248229980469,3,1,0,2,0,1,3,3,1,2,0,543,8619
oliveira/04_09/randm05.02.02.03.020_0030.02.aba.beta,True,1,1,0.0008695125579833984,0.00029587745666503906,0.0007023811340332031,0.0018677711486816406,3,1,0,2,0,1,3,3,1,2,0,538,8597
oliveira/04_09/randm05.02.02.03.020_0030.03.aba.beta,True,1,1,0.0008895397186279297,0.00029778480529785156,0.0006952285766601562,0.0018825531005859375,3,1,0,2,0,1,3,3,1,2,0,537,8598
oliveira/04_09/randm05.02.02.03.020_0030.04.aba.beta,True,1,1,0.0009150505065917969,0.0002961158752441406,0.0006809234619140625,0.00189208984375,3,1,0,2,0,1,3,3,1,2,0,534,8583
oliveira/04_09/randm05.02.02.03.020_0030.05.aba.beta,True,1,1,0.0008823871612548828,0.0003001689910888672,0.0006842613220214844,0.0018668174743652344,3,1,0,2,0,1,3,3,1,2,0,521,8531
oliveira/04_09/randm05.02.02.04.020_0030.01.aba.beta,True,11,6,0.08620738983154297,0.009754657745361328,0.0010988712310791016,0.0970609188079834,59,11,4,8,0,16,196,27,10,539,0,811,11898
oliveira/04_09/randm05.02.02.04.020_0030.02.aba.beta,True,5,5,0.03085470199584961,0.004370927810668945,0.0007865428924560547,0.03601217269897461,34,5,3,8,0,8,69,19,7,215,0,587,8943
oliveira/04_09/randm05.02.02.04.020_0030.03.aba.beta,True,6,5,0.020653724670410156,0.003206968307495117,0.0007846355438232422,0.024645328521728516,28,6,4,6,0,6,39,20,5,201,0,622,9192
oliveira/04_09/randm05.02.02.04.020_0030.04.aba.beta,True,8,5,0.04277467727661133,0.005976438522338867,0.0009331703186035156,0.04968428611755371,37,8,3,7,0,10,71,24,6,229,0,666,10000
oliveira/04_09/randm05.02.02.04.020_0030.05.aba.beta,True,8,5,0.04056239128112793,0.005525827407836914,0.0008707046508789062,0.04695892333984375,34,8,3,6,0,10,68,21,6,223,0,642,9668
oliveira/04_09/randm05.02.02.05.020_0030.01.aba.beta,True,3,4,0.0298464298248291,0.0050201416015625,0.0007333755493164062,0.03559994697570801,26,3,2,12,0,11,30,18,11,101,0,551,8627
oliveira/04_09/randm05.02.02.05.020_0030.02.aba.beta,True,4,4,0.008606910705566406,0.0017042160034179688,0.0008013248443603516,0.011112451553344727,15,4,3,6,0,4,15,12,4,58,0,554,8640
oliveira/04_09/randm05.02.02.05.020_0030.03.aba.beta,True,4,4,0.011590719223022461,0.0017750263214111328,0.0007791519165039062,0.0141448974609375,21,4,3,6,0,4,84,11,4,154,0,565,8803
oliveira/04_09/randm05.02.02.05.020_0030.04.aba.beta,True,7,4,0.043968915939331055,0.00393223762512207,0.000926971435546875,0.048828125,44,7,3,6,0,7,167,14,4,510,0,624,9463
oliveira/04_09/randm05.02.02.05.020_0030.05.aba.beta,True,4,4,0.010504961013793945,0.001857757568359375,0.000812530517578125,0.013175249099731445,16,4,3,6,0,4,37,13,4,101,0,603,9330
oliveira/04_09/randm05.02.02.06.020_0030.01.aba.beta,True,9,5,0.06060433387756348,0.00765681266784668,0.0011415481567382812,0.06940269470214844,54,9,3,6,0,13,151,19,8,452,0,844,12676
oliveira/04_09/randm05.02.02.06.020_0030.02.aba.beta,True,5,5,0.050531864166259766,0.006569623947143555,0.0007588863372802734,0.057860374450683594,38,5,3,7,0,12,68,23,11,224,0,582,8831
oliveira/04_09/randm05.02.02.06.020_0030.03.aba.beta,True,6,5,0.07139992713928223,0.007253170013427734,0.0007836818695068359,0.0794367790222168,54,6,3,9,0,13,120,24,11,442,0,601,9052
oliveira/04_09/randm05.02.02.06.020_0030.04.aba.beta,True,10,5,0.21601462364196777,0.016098976135253906,0.001085519790649414,0.2331991195678711,99,10,2,9,0,23,352,30,16,1002,0,859,12719
oliveira/04_09/randm05.02.02.06.020_0030.05.aba.beta,True,8,5,0.06656265258789062,0.008922338485717773,0.0008087158203125,0.0762937068939209,49,8,3,7,0,15,69,26,11,351,0,631,9238
oliveira/04_09/randm05.02.02.07.020_0030.01.aba.beta,True,8,5,0.07987809181213379,0.006115913391113281,0.001094818115234375,0.08708882331848145,55,8,3,6,2,9,351,23,5,673,0,868,13112
oliveira/04_09/randm05.02.02.07.020_0030.02.aba.beta,True,8,5,0.10311055183410645,0.010374784469604492,0.0011286735534667969,0.11461400985717773,55,8,3,8,2,17,205,25,13,475,0,827,12562
oliveira/04_09/randm05.02.02.07.020_0030.03.aba.beta,True,12,6,0.14001202583312988,0.015149116516113281,0.0016493797302246094,0.15681052207946777,74,12,3,8,2,20,269,35,12,721,0,1275,19275
oliveira/04_09/randm05.02.02.07.020_0030.04.aba.beta,True,10,5,0.2741875648498535,0.015456914901733398,0.0014331340789794922,0.2910776138305664,85,10,2,7,2,21,477,34,14,982,0,1021,15507
oliveira/04_09/randm05.02.02.07.020_0030.05.aba.beta,True,9,5,0.09895515441894531,0.00711512565612793,0.0012710094451904297,0.10734128952026367,54,9,3,6,2,10,343,23,5,659,0,974,14767
oliveira/04_09/randm05.02.02.08.020_0030.01.aba.beta,True,4,3,0.01015472412109375,0.0018045902252197266,0.0011250972747802734,0.01308441162109375,18,4,2,4,0,4,32,12,3,75,0,789,12484
oliveira/04_09/randm05.02.02.08.020_0030.02.aba.beta,True,5,3,0.01071786880493164,0.0021398067474365234,0.001257181167602539,0.014114856719970703,18,5,2,4,0,5,23,14,3,81,0,971,15168
oliveira/04_09/randm05.02.02.08.020_0030.03.aba.beta,True,7,3,0.017220020294189453,0.0031423568725585938,0.0007691383361816406,0.021131515502929688,25,7,2,5,0,7,24,15,3,121,0,585,8819
oliveira/04_09/randm05.02.02.08.020_0030.04.aba.beta,True,4,3,0.008127212524414062,0.0016107559204101562,0.0007483959197998047,0.010486364364624023,13,4,2,5,0,4,14,10,3,43,0,554,8652
oliveira/04_09/randm05.02.02.08.020_0030.05.aba.beta,True,4,3,0.007845163345336914,0.0016961097717285156,0.0010838508605957031,0.010625123977661133,15,4,2,4,0,4,16,12,3,48,0,851,13362
oliveira/04_09/randm05.02.02.09.020_0030.01.aba.beta,True,4,4,0.01925969123840332,0.0019190311431884766,0.0009257793426513672,0.022104501724243164,28,4,3,6,0,4,212,13,4,344,0,649,10132
oliveira/04_09/randm05.02.02.09.020_0030.02.aba.beta,True,4,4,0.02232527732849121,0.0020554065704345703,0.0008175373077392578,0.02519822120666504,30,4,3,6,2,4,148,13,4,279,0,614,9419
oliveira/04_09/randm05.02.02.09.020_0030.03.aba.beta,True,3,4,0.0069925785064697266,0.0015287399291992188,0.0007100105285644531,0.009231328964233398,15,3,3,6,2,3,16,12,4,50,0,554,8652
oliveira/04_09/randm05.02.02.09.020_0030.04.aba.beta,True,3,4,0.0066945552825927734,0.001329660415649414,0.0007052421569824219,0.00872945785522461,15,3,3,5,2,3,16,12,4,50,0,550,8635
oliveira/04_09/randm05.02.02.09.020_0030.05.aba.beta,True,5,4,0.01460576057434082,0.002488374710083008,0.0007600784301757812,0.01785421371459961,24,5,3,6,4,5,40,12,4,143,0,579,8916
oliveira/04_09/randm05.02.02.10.020_0030.01.aba.beta,True,6,5,0.04226565361022949,0.003754854202270508,0.0008091926574707031,0.0468297004699707,44,6,4,5,1,6,208,18,5,474,0,609,9395
oliveira/04_09/randm05.02.02.10.020_0030.02.aba.beta,True,6,5,0.05057072639465332,0.0053179264068603516,0.000843048095703125,0.0567317008972168,44,6,3,7,0,9,175,20,7,420,0,618,9290
oliveira/04_09/randm05.02.02.10.020_0030.03.aba.beta,True,8,6,0.0850222110748291,0.00804448127746582,0.0008311271667480469,0.09389781951904297,69,8,4,7,5,12,200,31,9,652,0,645,9556
oliveira/04_09/randm05.02.02.10.020_0030.04.aba.beta,True,6,5,0.07602286338806152,0.006227254867553711,0.0008158683776855469,0.08306598663330078,50,6,3,5,1,10,144,24,8,397,0,626,9519
oliveira/04_09/randm05.02.02.10.020_0030.05.aba.beta,True,6,5,0.15500426292419434,0.013717174530029297,0.0007650852203369141,0.16948652267456055,56,6,3,8,4,20,151,24,18,405,0,605,9315
oliveira/04_09/randm05.02.02.11.020_0030.01.aba.beta,True,10,5,0.033524513244628906,0.005450010299682617,0.0031054019927978516,0.042079925537109375,35,10,4,6,1,10,48,24,5,194,0,2333,36202
oliveira/04_09/randm05.02.02.11.020_0030.02.aba.beta,True,8,5,0.023212909698486328,0.004245758056640625,0.0023949146270751953,0.02985358238220215,27,8,4,6,1,8,36,20,5,123,0,1821,28861
oliveira/04_09/randm05.02.02.11.020_0030.03.aba.beta,True,11,5,0.06063342094421387,0.006574392318725586,0.0009911060333251953,0.06819891929626465,59,11,4,7,1,11,246,21,5,627,0,762,11372
oliveira/04_09/randm05.02.02.11.020_0030.04.aba.beta,True,9,5,0.038767099380493164,0.006079196929931641,0.001051187515258789,0.045897483825683594,34,9,3,8,1,11,57,24,6,268,0,722,10824
oliveira/04_09/randm05.02.02.11.020_0030.05.aba.beta,True,9,5,0.028264522552490234,0.004906415939331055,0.002662181854248047,0.035833120346069336,30,9,4,6,1,9,46,22,5,169,0,1940,30442
oliveira/04_09/randm05.02.02.12.020_0030.01.aba.beta,True,4,3,0.00983881950378418,0.0016727447509765625,0.0007297992706298828,0.012241363525390625,19,4,2,5,0,4,37,11,3,105,0,568,8771
oliveira/04_09/randm05.02.02.12.020_0030.02.aba.beta,True,4,3,0.00811624526977539,0.0016818046569824219,0.0007371902465820312,0.010535240173339844,14,4,2,5,0,4,17,11,3,56,0,562,8700
oliveira/04_09/randm05.02.02.12.020_0030.03.aba.beta,True,7,4,0.03491568565368652,0.004255056381225586,0.0007960796356201172,0.03996682167053223,38,7,2,7,1,9,92,18,5,311,0,613,9306
oliveira/04_09/randm05.02.02.12.020_0030.04.aba.beta,True,4,3,0.00796818733215332,0.0016608238220214844,0.0007593631744384766,0.010388374328613281,15,4,2,4,0,4,18,12,3,71,0,570,8748
oliveira/04_09/randm05.02.02.12.020_0030.05.aba.beta,True,4,3,0.009241819381713867,0.0017781257629394531,0.0007493495941162109,0.011769294738769531,17,4,2,4,0,4,34,12,3,106,0,601,9280
oliveira/04_09/randm05.02.02.13.020_0030.01.aba.beta,True,3,5,0.0067174434661865234,0.0012977123260498047,0.0008914470672607422,0.00890660285949707,18,3,4,6,4,3,19,16,5,51,0,541,8576
oliveira/04_09/randm05.02.02.13.020_0030.02.aba.beta,True,9,5,0.046437978744506836,0.005760669708251953,0.0008814334869384766,0.053080081939697266,48,9,4,5,4,9,98,22,5,382,0,684,10106
oliveira/04_09/randm05.02.02.13.020_0030.03.aba.beta,True,3,5,0.012499570846557617,0.0019805431365966797,0.000736236572265625,0.015216350555419922,19,3,4,5,4,3,32,15,5,96,0,570,8829
oliveira/04_09/randm05.02.02.13.020_0030.04.aba.beta,True,8,6,0.040956974029541016,0.0061342716217041016,0.0008361339569091797,0.0479273796081543,39,8,4,8,0,9,99,22,6,343,0,673,10000
oliveira/04_09/randm05.02.02.13.020_0030.05.aba.beta,True,3,5,0.006682634353637695,0.0013387203216552734,0.0006918907165527344,0.008713245391845703,18,3,4,6,4,3,19,15,5,51,0,548,8613
oliveira/04_09/randm05.02.02.14.020_0030.01.aba.beta,True,1,1,0.0008950233459472656,0.0003311634063720703,0.0006818771362304688,0.0019080638885498047,3,1,0,2,0,1,3,3,1,2,0,531,8569
oliveira/04_09/randm05.02.02.14.020_0030.02.aba.beta,True,1,1,0.0008833408355712891,0.00029921531677246094,0.0006895065307617188,0.0018720626831054688,3,1,0,2,0,1,3,3,1,2,0,530,8565
oliveira/04_09/randm05.02.02.14.020_0030.03.aba.beta,True,1,1,0.0008838176727294922,0.00029397010803222656,0.0007109642028808594,0.0018887519836425781,3,1,0,2,0,1,3,3,1,2,0,541,8613
oliveira/04_09/randm05.02.02.14.020_0030.04.aba.beta,True,1,1,0.0008747577667236328,0.0002968311309814453,0.00066375732421875,0.0018353462219238281,3,1,0,2,0,1,3,3,1,2,0,532,8544
oliveira/04_09/randm05.02.02.14.020_0030.05.aba.beta,True,1,1,0.0008859634399414062,0.00030303001403808594,0.0006780624389648438,0.001867055892944336,3,1,0,2,0,1,3,3,1,2,0,530,8544
oliveira/04_09/randm05.02.02.15.020_0030.01.aba.beta,True,2,3,0.010413885116577148,0.0016100406646728516,0.0007433891296386719,0.012767314910888672,17,2,1,5,0,4,40,10,4,75,0,537,8584
oliveira/04_09/randm05.02.02.15.020_0030.02.aba.beta,True,3,3,0.005649566650390625,0.0012576580047607422,0.00067901611328125,0.007586240768432617,12,3,2,5,0,3,15,10,3,44,0,552,8647
oliveira/04_09/randm05.02.02.15.020_0030.03.aba.beta,True,3,3,0.005671262741088867,0.0012848377227783203,0.0007088184356689453,0.007664918899536133,12,3,2,5,0,3,16,10,3,46,0,551,8645
oliveira/04_09/randm05.02.02.15.020_0030.04.aba.beta,True,2,3,0.007987022399902344,0.0015938282012939453,0.0007183551788330078,0.010299205780029297,13,2,1,5,0,4,22,11,4,47,0,546,8654
oliveira/04_09/randm05.02.02.15.020_0030.05.aba.beta,True,2,3,0.008487701416015625,0.0017542839050292969,0.0007371902465820312,0.010979175567626953,14,2,1,5,0,4,22,12,4,46,0,549,8644
oliveira/04_09/randm05.02.02.16.020_0030.01.aba.beta,True,1,1,0.000896453857421875,0.0003058910369873047,0.0007302761077880859,0.0019326210021972656,3,1,0,2,0,1,3,3,1,2,0,534,8587
oliveira/04_09/randm05.02.02.16.020_0030.02.aba.beta,True,1,1,0.0008931159973144531,0.000308990478515625,0.0007090568542480469,0.001911163330078125,3,1,0,2,0,1,3,3,1,2,0,540,8611
oliveira/04_09/randm05.02.02.16.020_0030.03.aba.beta,True,1,1,0.0009119510650634766,0.00029850006103515625,0.0007112026214599609,0.0019216537475585938,3,1,0,2,0,1,3,3,1,2,0,534,8572
oliveira/04_09/randm05.02.02.16.020_0030.04.aba.beta,True,1,1,0.0009508132934570312,0.00034046173095703125,0.0007300376892089844,0.002021312713623047,3,1,0,2,0,1,3,3,1,2,0,543,8622
oliveira/04_09/randm05.02.02.16.020_0030.05.aba.beta,True,1,1,0.0008814334869384766,0.0003094673156738281,0.0007119178771972656,0.0019028186798095703,3,1,0,2,0,1,3,3,1,2,0,543,8624
oliveira/04_09/randm05.02.02.17.020_0030.01.aba.beta,True,10,5,0.03454017639160156,0.005559682846069336,0.0009126663208007812,0.04101252555847168,37,10,4,7,0,10,57,22,5,249,0,696,10303
oliveira/04_09/randm05.02.02.17.020_0030.02.aba.beta,True,8,5,0.028334617614746094,0.004457950592041016,0.0008711814880371094,0.03366374969482422,31,8,3,8,0,9,45,20,5,186,0,682,10230
oliveira/04_09/randm05.02.02.17.020_0030.03.aba.beta,True,9,5,0.10368514060974121,0.013058185577392578,0.001027822494506836,0.11777114868164062,65,9,2,11,0,21,149,29,15,527,0,786,11602
oliveira/04_09/randm05.02.02.17.020_0030.04.aba.beta,True,9,5,0.05915713310241699,0.006459951400756836,0.0011708736419677734,0.0667879581451416,45,9,3,6,0,10,172,22,5,451,0,906,13708
oliveira/04_09/randm05.02.02.17.020_0030.05.aba.beta,True,4,5,0.04045438766479492,0.004144906997680664,0.0008094310760498047,0.04540872573852539,28,4,3,8,0,7,118,16,7,217,0,639,9897
oliveira/04_09/randm05.02.02.18.020_0030.01.aba.beta,True,1,1,0.0008952617645263672,0.0003235340118408203,0.0006732940673828125,0.00189208984375,3,1,0,2,0,1,3,3,1,2,0,534,8577
oliveira/04_09/randm05.02.02.18.020_0030.02.aba.beta,True,1,1,0.0009038448333740234,0.0003046989440917969,0.0006978511810302734,0.0019063949584960938,3,1,0,2,0,1,3,3,1,2,0,535,8592
oliveira/04_09/randm05.02.02.18.020_0030.03.aba.beta,True,1,1,0.0008718967437744141,0.00029659271240234375,0.0006840229034423828,0.0018525123596191406,3,1,0,2,0,1,3,3,1,2,0,529,8564
oliveira/04_09/randm05.02.02.18.020_0030.04.aba.beta,True,1,1,0.0009059906005859375,0.0003077983856201172,0.0007240772247314453,0.0019378662109375,3,1,0,2,0,1,3,3,1,2,0,523,8497
oliveira/04_09/randm05.02.02.18.020_0030.05.aba.beta,True,1,1,0.0008778572082519531,0.0002994537353515625,0.0006792545318603516,0.0018565654754638672,3,1,0,2,0,1,3,3,1,2,0,533,8555
oliveira/04_09/randm05.02.02.19.020_0030.01.aba.beta,True,3,3,0.005164384841918945,0.0011577606201171875,0.0006945133209228516,0.007016658782958984,11,3,2,5,0,3,14,9,3,35,0,553,8657
oliveira/04_09/randm05.02.02.19.020_0030.02.aba.beta,True,3,3,0.0054531097412109375,0.0012552738189697266,0.0007109642028808594,0.0074193477630615234,11,3,2,5,0,3,13,9,3,33,0,557,8667
oliveira/04_09/randm05.02.02.19.020_0030.03.aba.beta,True,2,3,0.003424406051635742,0.0007650852203369141,0.0006940364837646484,0.004883527755737305,9,2,2,5,0,2,13,8,3,28,0,537,8592
oliveira/04_09/randm05.02.02.19.020_0030.04.aba.beta,True,2,3,0.003308534622192383,0.0007727146148681641,0.0006954669952392578,0.004776716232299805,9,2,2,5,0,2,10,8,3,22,0,536,8571
oliveira/04_09/randm05.02.02.19.020_0030.05.aba.beta,True,3,3,0.0051805973052978516,0.001165628433227539,0.0008418560028076172,0.007188081741333008,11,3,2,5,0,3,13,9,3,33,0,537,8574
oliveira/04_09/randm06.02.02.01.020_0030.01.aba.beta,True,8,5,0.029099702835083008,0.004829883575439453,0.0007989406585693359,0.0347285270690918,31,8,3,6,0,9,44,23,5,287,0,665,9762
oliveira/04_09/randm06.02.02.01.020_0030.02.aba.beta,True,5,4,0.01266169548034668,0.0024416446685791016,0.0007278919219970703,0.01583123207092285,21,5,3,5,0,5,26,15,4,103,0,575,8779
oliveira/04_09/randm06.02.02.01.020_0030.03.aba.beta,True,6,4,0.016748905181884766,0.0029554367065429688,0.0008401870727539062,0.02054452896118164,23,6,3,5,0,6,33,18,4,142,0,626,9433
oliveira/04_09/randm06.02.02.01.020_0030.04.aba.beta,True,6,5,0.024656295776367188,0.0036351680755615234,0.0007719993591308594,0.02906346321105957,32,6,3,6,0,7,101,18,5,248,0,619,9442
oliveira/04_09/randm06.02.02.01.020_0030.05.aba.beta,True,8,4,0.09472966194152832,0.006073713302612305,0.0009529590606689453,0.10175633430480957,59,8,2,5,0,11,335,22,6,682,0,716,10677
oliveira/04_09/randm06.02.02.02.020_0030.01.aba.beta,True,3,3,0.005311727523803711,0.0011587142944335938,0.0008587837219238281,0.007329225540161133,11,3,2,5,0,3,11,9,3,30,0,573,9040
oliveira/04_09/randm06.02.02.02.020_0030.02.aba.beta,True,2,3,0.003465414047241211,0.0007829666137695312,0.0006794929504394531,0.004927873611450195,9,2,2,5,0,2,12,7,3,26,0,521,8482
oliveira/04_09/randm06.02.02.02.020_0030.03.aba.beta,True,2,3,0.0036983489990234375,0.0007839202880859375,0.0006871223449707031,0.005169391632080078,9,2,2,5,0,2,16,8,3,34,0,548,8665
oliveira/04_09/randm06.02.02.02.020_0030.04.aba.beta,True,2,3,0.00395965576171875,0.0008890628814697266,0.0007674694061279297,0.005616188049316406,9,2,2,4,0,2,13,8,3,30,0,547,8639
oliveira/04_09/randm06.02.02.02.020_0030.05.aba.beta,True,3,3,0.005167961120605469,0.0011839866638183594,0.0006947517395019531,0.007046699523925781,11,3,2,5,0,3,11,9,3,30,0,548,8621
oliveira/04_09/randm06.02.02.03.020_0030.01.aba.beta,True,10,5,0.026613235473632812,0.005089998245239258,0.002732992172241211,0.03443622589111328,28,10,4,6,0,10,22,19,5,96,0,2072,32383
oliveira/04_09/randm06.02.02.03.020_0030.02.aba.beta,True,10,5,0.029546260833740234,0.0050945281982421875,0.0031719207763671875,0.03781270980834961,30,10,4,6,0,10,37,18,5,126,0,2410,37949
oliveira/04_09/randm06.02.02.03.020_0030.03.aba.beta,True,9,5,0.029163122177124023,0.005067586898803711,0.0010178089141845703,0.035248517990112305,27,9,3,8,0,10,30,18,5,126,0,790,11913
oliveira/04_09/randm06.02.02.03.020_0030.04.aba.beta,True,11,5,0.03602409362792969,0.006412029266357422,0.0009832382202148438,0.04341936111450195,36,11,3,8,0,12,32,20,5,179,0,749,11042
oliveira/04_09/randm06.02.02.03.020_0030.05.aba.beta,True,8,5,0.059154510498046875,0.004237651824951172,0.0016787052154541016,0.06507086753845215,40,8,4,5,0,8,169,18,5,325,0,1252,19346
oliveira/04_09/randm06.02.02.04.020_0030.01.aba.beta,True,1,1,0.0008847713470458984,0.0002970695495605469,0.0008141994476318359,0.0019960403442382812,3,1,0,2,0,1,3,3,1,2,0,525,8535
oliveira/04_09/randm06.02.02.04.020_0030.02.aba.beta,True,1,1,0.0009808540344238281,0.0003390312194824219,0.0006721019744873047,0.0019919872283935547,3,1,0,2,0,1,3,3,1,2,0,531,8571
oliveira/04_09/randm06.02.02.04.020_0030.03.aba.beta,True,1,1,0.0009682178497314453,0.00031638145446777344,0.000705718994140625,0.0019903182983398438,3,1,0,2,0,1,3,3,1,2,0,535,8590
oliveira/04_09/randm06.02.02.04.020_0030.04.aba.beta,True,1,1,0.0009081363677978516,0.0003066062927246094,0.0006868839263916016,0.0019016265869140625,3,1,0,2,0,1,3,3,1,2,0,532,8555
oliveira/04_09/randm06.02.02.04.020_0030.05.aba.beta,True,1,1,0.0008885860443115234,0.0002982616424560547,0.0006737709045410156,0.0018606185913085938,3,1,0,2,0,1,3,3,1,2,0,525,8541
oliveira/04_09/randm06.02.02.05.020_0030.01.aba.beta,True,4,5,0.027594566345214844,0.0051195621490478516,0.0007572174072265625,0.03347134590148926,27,4,2,8,2,8,38,17,7,115,0,573,9050
oliveira/04_09/randm06.02.02.05.020_0030.02.aba.beta,True,7,5,0.07387804985046387,0.007992267608642578,0.0008318424224853516,0.0827021598815918,59,7,2,12,0,14,256,24,10,570,0,635,9460
oliveira/04_09/randm06.02.02.05.020_0030.03.aba.beta,True,3,5,0.009186744689941406,0.0015540122985839844,0.0007760524749755859,0.011516809463500977,19,3,4,7,4,3,41,17,5,112,0,579,9020
oliveira/04_09/randm06.02.02.05.020_0030.04.aba.beta,True,4,5,0.012605905532836914,0.0021114349365234375,0.0008265972137451172,0.015543937683105469,23,4,4,7,4,4,25,16,5,99,0,603,9503
oliveira/04_09/randm06.02.02.05.020_0030.05.aba.beta,True,8,6,0.05274367332458496,0.0071659088134765625,0.0010399818420410156,0.06094956398010254,40,8,4,8,0,11,104,28,8,399,0,804,12107
oliveira/04_09/randm06.02.02.06.020_0030.01.aba.beta,True,9,5,0.10367155075073242,0.010406494140625,0.0009298324584960938,0.11500787734985352,58,9,3,9,4,17,125,32,12,453,0,722,10683
oliveira/04_09/randm06.02.02.06.020_0030.02.aba.beta,True,6,5,0.03091883659362793,0.004902839660644531,0.0008821487426757812,0.03670382499694824,30,6,3,6,2,8,68,23,6,252,0,666,10033
oliveira/04_09/randm06.02.02.06.020_0030.03.aba.beta,True,8,5,0.15176653861999512,0.007372617721557617,0.0009531974792480469,0.16009235382080078,80,8,2,2,1,12,459,25,7,952,0,713,10832
oliveira/04_09/randm06.02.02.06.020_0030.04.aba.beta,True,6,5,0.1562485694885254,0.01234745979309082,0.0008745193481445312,0.16947054862976074,76,6,1,9,1,21,332,28,17,788,0,689,10454
oliveira/04_09/randm06.02.02.06.020_0030.05.aba.beta,True,5,5,0.04359269142150879,0.006194353103637695,0.0008313655853271484,0.05061841011047363,36,5,2,8,2,11,81,18,9,238,0,612,9419
oliveira/04_09/randm06.02.02.07.020_0030.01.aba.beta,True,9,5,0.0461878776550293,0.007269620895385742,0.0008780956268310547,0.054335594177246094,38,9,3,9,0,13,55,20,8,225,0,689,10344
oliveira/04_09/randm06.02.02.07.020_0030.02.aba.beta,True,6,5,0.07372117042541504,0.008722543716430664,0.0007491111755371094,0.08319282531738281,38,6,3,8,0,14,96,23,12,254,0,591,8897
oliveira/04_09/randm06.02.02.07.020_0030.03.aba.beta,True,11,5,0.08335089683532715,0.00817108154296875,0.0011551380157470703,0.09267711639404297,70,11,3,7,0,13,218,26,6,765,0,922,13523
oliveira/04_09/randm06.02.02.07.020_0030.04.aba.beta,True,8,5,0.031789302825927734,0.0051953792572021484,0.0007755756378173828,0.037760257720947266,34,8,3,6,0,10,53,21,6,205,0,595,8893
oliveira/04_09/randm06.02.02.07.020_0030.05.aba.beta,True,11,5,0.03650474548339844,0.005997419357299805,0.0009570121765136719,0.043459177017211914,37,11,4,5,0,11,67,25,5,345,0,746,10928
oliveira/04_09/randm06.02.02.08.020_0030.01.aba.beta,True,6,4,0.015523672103881836,0.0028295516967773438,0.001092672348022461,0.01944589614868164,21,6,3,6,0,6,25,16,4,124,0,860,13168
oliveira/04_09/randm06.02.02.08.020_0030.02.aba.beta,True,6,4,0.02323460578918457,0.004118442535400391,0.0013165473937988281,0.02866959571838379,26,6,2,8,0,8,34,17,5,142,0,909,14325
oliveira/04_09/randm06.02.02.08.020_0030.03.aba.beta,True,6,4,0.013444900512695312,0.0027265548706054688,0.0007171630859375,0.01688861846923828,19,6,3,6,0,6,27,14,4,83,0,563,8736
oliveira/04_09/randm06.02.02.08.020_0030.04.aba.beta,True,6,4,0.01362919807434082,0.002641439437866211,0.0007603168487548828,0.017030954360961914,19,6,3,6,0,6,31,14,4,95,0,574,8893
oliveira/04_09/randm06.02.02.08.020_0030.05.aba.beta,True,6,4,0.022515296936035156,0.0037250518798828125,0.0009009838104248047,0.027141332626342773,25,6,2,7,0,7,50,18,4,211,0,685,10369
oliveira/04_09/randm06.02.02.09.020_0030.01.aba.beta,True,7,6,0.09103631973266602,0.006884098052978516,0.0010614395141601562,0.09898185729980469,49,7,3,7,0,12,203,26,9,458,0,818,12629
oliveira/04_09/randm06.02.02.09.020_0030.02.aba.beta,True,6,5,0.06089043617248535,0.003772258758544922,0.0008320808410644531,0.06549477577209473,41,6,3,5,0,7,228,19,5,457,0,632,9704
oliveira/04_09/randm06.02.02.09.020_0030.03.aba.beta,True,5,5,0.048156023025512695,0.005861997604370117,0.0008542537689208984,0.05487227439880371,37,5,2,11,0,10,97,21,8,269,0,657,10097
oliveira/04_09/randm06.02.02.09.020_0030.04.aba.beta,True,8,5,0.06034040451049805,0.007947683334350586,0.001046895980834961,0.0693349838256836,47,8,2,12,0,15,130,26,10,339,0,827,12479
oliveira/04_09/randm06.02.02.09.020_0030.05.aba.beta,True,7,5,0.046332359313964844,0.006577014923095703,0.0008790493011474609,0.05378842353820801,36,7,2,7,0,12,82,23,8,293,0,652,9844
oliveira/04_09/randm06.02.02.10.020_0030.01.aba.beta,True,5,4,0.012611627578735352,0.002736330032348633,0.000732421875,0.016080379486083984,18,5,2,6,0,6,15,12,4,57,0,559,8644
oliveira/04_09/randm06.02.02.10.020_0030.02.aba.beta,True,4,4,0.00920724868774414,0.001800537109375,0.0007190704345703125,0.011726856231689453,16,4,3,6,0,4,29,13,4,96,0,579,8920
oliveira/04_09/randm06.02.02.10.020_0030.03.aba.beta,True,3,4,0.006436824798583984,0.001371622085571289,0.000701904296875,0.008510351181030273,14,3,3,5,0,3,16,12,4,48,0,544,8586
oliveira/04_09/randm06.02.02.10.020_0030.04.aba.beta,True,3,4,0.0068738460540771484,0.0013089179992675781,0.000720977783203125,0.008903741836547852,14,3,3,5,0,3,28,12,4,74,0,571,8857
oliveira/04_09/randm06.02.02.10.020_0030.05.aba.beta,True,5,4,0.010795831680297852,0.002293825149536133,0.0007364749908447266,0.013826131820678711,18,5,3,6,0,5,15,13,4,57,0,562,8662
oliveira/04_09/randm06.02.02.11.020_0030.01.aba.beta,True,11,6,0.1591780185699463,0.023087024688720703,0.0010585784912109375,0.18332362174987793,56,11,3,10,2,25,114,36,18,479,0,812,12013
oliveira/04_09/randm06.02.02.11.020_0030.02.aba.beta,True,12,6,0.8166427612304688,0.04966473579406738,0.0010712146759033203,0.8673787117004395,117,12,2,12,2,49,355,35,40,1238,0,832,12318
oliveira/04_09/randm06.02.02.11.020_0030.03.aba.beta,True,17,7,0.9219579696655273,0.07155060768127441,0.001720428466796875,0.9952290058135986,148,17,3,15,2,53,476,48,40,1553,0,1337,19777
oliveira/04_09/randm06.02.02.11.020_0030.04.aba.beta,True,13,6,0.2494664192199707,0.020366668701171875,0.0010275840759277344,0.2708606719970703,84,13,3,6,2,23,240,30,14,893,0,824,11907
oliveira/04_09/randm06.02.02.11.020_0030.05.aba.beta,True,13,7,0.1573638916015625,0.016589879989624023,0.0009720325469970703,0.1749258041381836,73,13,4,11,4,24,134,40,16,577,0,786,11144
oliveira/04_09/randm06.02.02.12.020_0030.01.aba.beta,True,3,4,0.005921363830566406,0.0013086795806884766,0.0006973743438720703,0.007927417755126953,15,3,3,6,2,3,18,13,4,53,0,558,8673
oliveira/04_09/randm06.02.02.12.020_0030.02.aba.beta,True,5,4,0.01031804084777832,0.002192974090576172,0.0007398128509521484,0.01325082778930664,18,5,3,5,2,5,24,12,4,82,0,564,8750
oliveira/04_09/randm06.02.02.12.020_0030.03.aba.beta,True,4,4,0.010585546493530273,0.0017740726470947266,0.0007419586181640625,0.013101577758789062,23,4,3,6,2,4,63,11,4,140,0,557,8725
oliveira/04_09/randm06.02.02.12.020_0030.04.aba.beta,True,3,4,0.0060803890228271484,0.0012547969818115234,0.0007288455963134766,0.008064031600952148,15,3,3,6,0,3,20,13,4,61,0,561,8699
oliveira/04_09/randm06.02.02.12.020_0030.05.aba.beta,True,3,4,0.0066297054290771484,0.0014219284057617188,0.0007495880126953125,0.00880122184753418,16,3,3,6,0,3,23,14,4,65,0,564,8720
oliveira/04_09/randm06.02.02.13.020_0030.01.aba.beta,True,8,4,0.10410737991333008,0.009101629257202148,0.0009145736694335938,0.11412358283996582,78,8,1,7,0,16,211,24,10,708,0,678,10113
oliveira/04_09/randm06.02.02.13.020_0030.02.aba.beta,True,5,4,0.0254974365234375,0.0027618408203125,0.0008814334869384766,0.029140710830688477,35,5,3,6,2,5,249,15,4,413,0,688,10578
oliveira/04_09/randm06.02.02.13.020_0030.03.aba.beta,True,3,4,0.04381275177001953,0.007160663604736328,0.0007321834564208984,0.05170559883117676,29,3,1,12,0,14,32,22,13,110,0,548,8618
oliveira/04_09/randm06.02.02.13.020_0030.04.aba.beta,True,5,4,0.023340702056884766,0.0025358200073242188,0.0007870197296142578,0.026663541793823242,37,5,3,6,2,5,205,14,4,398,0,600,9159
oliveira/04_09/randm06.02.02.13.020_0030.05.aba.beta,True,3,4,0.045546531677246094,0.005443096160888672,0.0007350444793701172,0.05172467231750488,29,3,1,6,0,11,61,19,10,142,0,551,8672
oliveira/04_09/randm06.02.02.14.020_0030.01.aba.beta,True,10,6,0.06517815589904785,0.008119344711303711,0.0008537769317626953,0.07415127754211426,54,10,4,11,0,14,126,25,9,436,0,664,9864
oliveira/04_09/randm06.02.02.14.020_0030.02.aba.beta,True,10,6,0.03269457817077637,0.005590200424194336,0.0007793903350830078,0.03906416893005371,33,10,5,7,0,10,27,23,6,196,0,650,9457
oliveira/04_09/randm06.02.02.14.020_0030.03.aba.beta,True,7,6,0.08581304550170898,0.012672662734985352,0.000835418701171875,0.09932112693786621,41,7,3,13,0,22,56,28,19,268,0,611,9317
oliveira/04_09/randm06.02.02.14.020_0030.04.aba.beta,True,8,6,0.07062578201293945,0.008992671966552734,0.0008192062377929688,0.08043766021728516,63,8,4,11,3,14,129,26,11,563,0,622,9266
oliveira/04_09/randm06.02.02.14.020_0030.05.aba.beta,True,6,6,0.03288888931274414,0.00479888916015625,0.0008001327514648438,0.038487911224365234,37,6,4,8,3,8,50,22,7,203,0,605,9180
oliveira/04_09/randm06.02.02.15.020_0030.01.aba.beta,True,3,5,0.010506153106689453,0.0016016960144042969,0.0007658004760742188,0.012873649597167969,26,3,4,6,7,3,47,23,5,135,0,586,9189
oliveira/04_09/randm06.02.02.15.020_0030.02.aba.beta,True,6,5,0.049768686294555664,0.0039179325103759766,0.0009987354278564453,0.054685354232788086,65,6,4,6,21,6,200,19,5,620,0,755,11540
oliveira/04_09/randm06.02.02.15.020_0030.03.aba.beta,True,4,5,0.012665748596191406,0.0020008087158203125,0.0007498264312744141,0.015416383743286133,26,4,4,7,10,4,27,19,5,111,0,585,9103
oliveira/04_09/randm06.02.02.15.020_0030.04.aba.beta,True,9,5,0.0999443531036377,0.00913858413696289,0.0008733272552490234,0.10995626449584961,71,9,3,6,0,13,173,25,8,797,0,668,9678
oliveira/04_09/randm06.02.02.15.020_0030.05.aba.beta,True,10,5,0.08933234214782715,0.006909847259521484,0.000993490219116211,0.09723567962646484,69,10,4,7,9,10,280,24,5,767,0,760,11216
oliveira/04_09/randm06.02.02.16.020_0030.01.aba.beta,True,4,3,0.0075817108154296875,0.001646280288696289,0.0012569427490234375,0.010484933853149414,14,4,2,4,0,4,11,11,3,38,0,899,14447
oliveira/04_09/randm06.02.02.16.020_0030.02.aba.beta,True,4,3,0.008803129196166992,0.0016596317291259766,0.000988006591796875,0.011450767517089844,17,4,2,4,0,4,25,11,3,74,0,776,12141
oliveira/04_09/randm06.02.02.16.020_0030.03.aba.beta,True,2,3,0.003386974334716797,0.0007874965667724609,0.001196146011352539,0.005370616912841797,8,2,2,5,0,2,7,7,3,12,0,837,13591
oliveira/04_09/randm06.02.02.16.020_0030.04.aba.beta,True,2,3,0.0030977725982666016,0.00075531005859375,0.0010671615600585938,0.004920244216918945,8,2,2,5,0,2,7,7,3,12,0,838,13337
oliveira/04_09/randm06.02.02.16.020_0030.05.aba.beta,True,4,3,0.008128166198730469,0.0017390251159667969,0.0009999275207519531,0.010867118835449219,15,4,2,4,0,4,19,12,3,60,0,779,12143
oliveira/04_09/randm06.02.02.17.020_0030.01.aba.beta,True,6,4,0.015909910202026367,0.0028715133666992188,0.0011339187622070312,0.019915342330932617,25,6,3,5,0,6,37,15,4,124,0,869,13484
oliveira/04_09/randm06.02.02.17.020_0030.02.aba.beta,True,7,4,0.018645524978637695,0.0033271312713623047,0.0012192726135253906,0.02319192886352539,25,7,3,5,0,7,27,17,4,117,0,909,13943
oliveira/04_09/randm06.02.02.17.020_0030.03.aba.beta,True,7,4,0.026514768600463867,0.004530429840087891,0.0008440017700195312,0.03188920021057129,30,7,2,7,0,9,55,22,5,220,0,648,9697
oliveira/04_09/randm06.02.02.17.020_0030.04.aba.beta,True,5,4,0.015804767608642578,0.0031163692474365234,0.0007567405700683594,0.01967787742614746,22,5,2,9,0,7,21,17,5,80,0,560,8670
oliveira/04_09/randm06.02.02.17.020_0030.05.aba.beta,True,7,4,0.016555070877075195,0.0033457279205322266,0.0007276535034179688,0.02062845230102539,22,7,3,6,0,7,23,16,4,96,0,575,8747
oliveira/04_09/randm06.02.02.18.020_0030.01.aba.beta,True,12,6,0.0702364444732666,0.008845806121826172,0.0009000301361083984,0.07998228073120117,60,12,4,10,2,14,130,25,7,589,0,712,10122
oliveira/04_09/randm06.02.02.18.020_0030.02.aba.beta,True,13,7,0.07254552841186523,0.009144067764282227,0.0008611679077148438,0.0825507640838623,57,13,5,7,0,16,85,26,9,481,0,695,9998
oliveira/04_09/randm06.02.02.18.020_0030.03.aba.beta,True,16,6,0.09601569175720215,0.013369083404541016,0.0012640953063964844,0.11064887046813965,57,16,4,8,0,20,72,35,9,555,0,978,14199
oliveira/04_09/randm06.02.02.18.020_0030.04.aba.beta,True,10,6,0.09047937393188477,0.0099945068359375,0.0010056495666503906,0.10147953033447266,67,10,4,15,0,17,228,25,12,749,0,749,11400
oliveira/04_09/randm06.02.02.18.020_0030.05.aba.beta,True,15,6,0.11716151237487793,0.014084100723266602,0.0010328292846679688,0.1322784423828125,76,15,4,10,10,22,202,35,12,672,0,810,11660
oliveira/04_09/randm06.02.02.19.020_0030.01.aba.beta,True,1,1,0.001094818115234375,0.00032019615173339844,0.0006570816040039062,0.0020720958709716797,3,1,0,2,0,1,3,3,1,2,0,533,8572
oliveira/04_09/randm06.02.02.19.020_0030.02.aba.beta,True,1,1,0.0008864402770996094,0.0002970695495605469,0.0007040500640869141,0.0018875598907470703,3,1,0,2,0,1,3,3,1,2,0,537,8597
oliveira/04_09/randm06.02.02.19.020_0030.03.aba.beta,True,1,1,0.0010418891906738281,0.00039386749267578125,0.0006961822509765625,0.002131938934326172,3,1,0,2,0,1,3,3,1,2,0,533,8578
oliveira/04_09/randm06.02.02.19.020_0030.04.aba.beta,True,1,1,0.0008897781372070312,0.0003025531768798828,0.0006856918334960938,0.0018780231475830078,3,1,0,2,0,1,3,3,1,2,0,523,8524
oliveira/04_09/randm06.02.02.19.020_0030.05.aba.beta,True,1,1,0.0008764266967773438,0.00029730796813964844,0.0006811618804931641,0.0018548965454101562,3,1,0,2,0,1,3,3,1,2,0,525,8527
oliveira/04_09/randm07.02.02.01.020_0030.01.aba.beta,True,1,1,0.0008819103240966797,0.00029540061950683594,0.0006952285766601562,0.0018725395202636719,3,1,0,2,0,1,3,3,1,2,0,529,8553
oliveira/04_09/randm07.02.02.01.020_0030.02.aba.beta,True,1,1,0.0009717941284179688,0.000347137451171875,0.0007414817810058594,0.002060413360595703,3,1,0,2,0,1,3,3,1,2,0,526,8542
oliveira/04_09/randm07.02.02.01.020_0030.03.aba.beta,True,1,1,0.0008854866027832031,0.0003039836883544922,0.0006766319274902344,0.0018661022186279297,3,1,0,2,0,1,3,3,1,2,0,531,8553
oliveira/04_09/randm07.02.02.01.020_0030.04.aba.beta,True,1,1,0.0008924007415771484,0.00030159950256347656,0.0006895065307617188,0.0018835067749023438,3,1,0,2,0,1,3,3,1,2,0,530,8550
oliveira/04_09/randm07.02.02.01.020_0030.05.aba.beta,True,1,1,0.0008881092071533203,0.0002961158752441406,0.0006890296936035156,0.0018732547760009766,3,1,0,2,0,1,3,3,1,2,0,540,8609
oliveira/04_09/randm07.02.02.02.020_0030.01.aba.beta,True,1,1,0.0010304450988769531,0.00041604042053222656,0.0008511543273925781,0.002297639846801758,3,1,0,2,0,1,3,3,1,2,0,535,8587
oliveira/04_09/randm07.02.02.02.020_0030.02.aba.beta,True,1,1,0.0008914470672607422,0.0002989768981933594,0.0006678104400634766,0.0018582344055175781,3,1,0,2,0,1,3,3,1,2,0,538,8598
oliveira/04_09/randm07.02.02.02.020_0030.03.aba.beta,True,1,1,0.0008826255798339844,0.0003139972686767578,0.0006926059722900391,0.0018892288208007812,3,1,0,2,0,1,3,3,1,2,0,533,8583
oliveira/04_09/randm07.02.02.02.020_0030.04.aba.beta,True,1,1,0.0008792877197265625,0.0003113746643066406,0.000690460205078125,0.0018811225891113281,3,1,0,2,0,1,3,3,1,2,0,521,8515
oliveira/04_09/randm07.02.02.02.020_0030.05.aba.beta,True,1,1,0.0010378360748291016,0.00040793418884277344,0.0008749961853027344,0.0023207664489746094,3,1,0,2,0,1,3,3,1,2,0,531,8576
oliveira/04_09/randm07.02.02.03.020_0030.01.aba.beta,True,10,8,0.7340867519378662,0.07925915718078613,0.00087738037109375,0.8142232894897461,126,10,4,37,14,83,301,49,78,1052,0,688,10049
oliveira/04_09/randm07.02.02.03.020_0030.02.aba.beta,True,14,7,0.13255715370178223,0.01714181900024414,0.0008940696716308594,0.15059304237365723,89,14,4,11,3,23,106,35,14,887,0,718,9940
oliveira/04_09/randm07.02.02.03.020_0030.03.aba.beta,True,16,7,1.2614810466766357,0.13089656829833984,0.0011050701141357422,1.3934826850891113,152,16,3,31,0,111,338,48,99,1400,0,858,12296
oliveira/04_09/randm07.02.02.03.020_0030.04.aba.beta,True,12,7,0.260333776473999,0.03001093864440918,0.0008838176727294922,0.2912285327911377,91,12,4,16,0,36,125,37,29,804,0,727,10289
oliveira/04_09/randm07.02.02.03.020_0030.05.aba.beta,True,15,9,0.24163317680358887,0.02732563018798828,0.0011556148529052734,0.2701144218444824,113,15,5,26,22,38,226,41,29,928,0,918,13400
oliveira/04_09/randm07.02.02.04.020_0030.01.aba.beta,True,9,4,0.028811216354370117,0.004740476608276367,0.0014934539794921875,0.03504514694213867,30,9,3,5,2,9,36,22,4,129,0,1115,17307
oliveira/04_09/randm07.02.02.04.020_0030.02.aba.beta,True,7,4,0.027719497680664062,0.0040760040283203125,0.00121307373046875,0.033008575439453125,33,7,2,7,2,8,55,21,4,219,0,960,14738
oliveira/04_09/randm07.02.02.04.020_0030.03.aba.beta,True,8,4,0.03883028030395508,0.004368782043457031,0.0022101402282714844,0.045409202575683594,43,8,3,5,2,8,145,19,4,329,0,1554,24373
oliveira/04_09/randm07.02.02.04.020_0030.04.aba.beta,True,9,4,0.02923417091369629,0.004643678665161133,0.0015599727630615234,0.035437822341918945,32,9,3,5,2,9,41,22,4,174,0,1188,18682
oliveira/04_09/randm07.02.02.04.020_0030.05.aba.beta,True,7,4,0.02249908447265625,0.0034706592559814453,0.0008625984191894531,0.02683234214782715,32,7,3,5,2,7,54,18,4,212,0,656,9909
oliveira/04_09/randm07.02.02.05.020_0030.01.aba.beta,True,11,6,0.1440291404724121,0.019240379333496094,0.0008845329284667969,0.164154052734375,59,11,3,17,2,28,68,34,21,327,0,705,10345
oliveira/04_09/randm07.02.02.05.020_0030.02.aba.beta,True,9,6,0.05832219123840332,0.0069391727447509766,0.0010807514190673828,0.06634211540222168,55,9,4,9,7,11,110,26,7,432,0,858,12923
oliveira/04_09/randm07.02.02.05.020_0030.03.aba.beta,True,8,6,0.15034127235412598,0.01413416862487793,0.0010156631469726562,0.16549110412597656,75,8,3,10,2,19,249,27,15,848,0,767,11695
oliveira/04_09/randm07.02.02.05.020_0030.04.aba.beta,True,8,6,0.03784799575805664,0.004980564117431641,0.001035451889038086,0.04386401176452637,43,8,5,6,2,8,145,26,6,360,0,687,10153
oliveira/04_09/randm07.02.02.05.020_0030.05.aba.beta,True,8,6,0.05268692970275879,0.008162736892700195,0.0009543895721435547,0.06180405616760254,41,8,4,12,2,13,77,28,10,249,0,663,9887
oliveira/04_09/randm07.02.02.06.020_0030.01.aba.beta,True,5,4,0.01331472396850586,0.0022776126861572266,0.0008335113525390625,0.01642584800720215,20,5,3,6,0,5,30,13,4,85,0,637,9945
oliveira/04_09/randm07.02.02.06.020_0030.02.aba.beta,True,6,4,0.015442848205566406,0.002744913101196289,0.00099945068359375,0.019187211990356445,20,6,3,6,0,6,28,15,4,118,0,756,11563
oliveira/04_09/randm07.02.02.06.020_0030.03.aba.beta,True,6,4,0.014425039291381836,0.0026824474334716797,0.0008215904235839844,0.0179290771484375,21,6,3,6,0,6,24,16,4,87,0,628,9590
oliveira/04_09/randm07.02.02.06.020_0030.04.aba.beta,True,5,4,0.012526750564575195,0.0023584365844726562,0.0013194084167480469,0.0162045955657959,19,5,3,6,0,5,24,15,4,102,0,891,13951
oliveira/04_09/randm07.02.02.06.020_0030.05.aba.beta,True,6,4,0.01555013656616211,0.002856016159057617,0.0012345314025878906,0.019640684127807617,21,6,3,6,0,6,21,16,4,85,0,889,13842
oliveira/04_09/randm07.02.02.07.020_0030.01.aba.beta,True,15,6,0.1773674488067627,0.018024682998657227,0.0009984970092773438,0.19639062881469727,98,15,3,9,3,25,181,39,14,1014,0,817,11560
oliveira/04_09/randm07.02.02.07.020_0030.02.aba.beta,True,13,6,0.5177140235900879,0.03534436225891113,0.0012829303741455078,0.5543413162231445,106,13,3,13,3,38,270,38,29,1053,0,991,14419
oliveira/04_09/randm07.02.02.07.020_0030.03.aba.beta,True,13,6,0.24225115776062012,0.020770788192749023,0.0010356903076171875,0.26405763626098633,90,13,3,14,3,30,206,32,21,768,0,787,11330
oliveira/04_09/randm07.02.02.07.020_0030.04.aba.beta,True,9,6,0.04133796691894531,0.0060083866119384766,0.0013227462768554688,0.04866909980773926,41,9,4,8,3,10,61,21,6,254,0,995,15314
oliveira/04_09/randm07.02.02.07.020_0030.05.aba.beta,True,13,6,0.14615225791931152,0.017016172409057617,0.001333475112915039,0.16450190544128418,69,13,4,8,3,24,144,39,16,558,0,1072,15535
oliveira/04_09/randm07.02.02.08.020_0030.01.aba.beta,True,1,1,0.0008974075317382812,0.00030517578125,0.0006861686706542969,0.0018887519836425781,3,1,0,2,0,1,3,3,1,2,0,542,8613
oliveira/04_09/randm07.02.02.08.020_0030.02.aba.beta,True,1,1,0.0008840560913085938,0.00033211708068847656,0.0007128715515136719,0.0019290447235107422,3,1,0,2,0,1,3,3,1,2,0,539,8607
oliveira/04_09/randm07.02.02.08.020_0030.03.aba.beta,True,1,1,0.0008769035339355469,0.0002987384796142578,0.0006906986236572266,0.0018663406372070312,3,1,0,2,0,1,3,3,1,2,0,534,8577
oliveira/04_09/randm07.02.02.08.020_0030.04.aba.beta,True,1,1,0.0008819103240966797,0.00030517578125,0.0007297992706298828,0.0019168853759765625,3,1,0,2,0,1,3,3,1,2,0,536,8592
oliveira/04_09/randm07.02.02.08.020_0030.05.aba.beta,True,1,1,0.0008764266967773438,0.0002982616424560547,0.0006971359252929688,0.0018718242645263672,3,1,0,2,0,1,3,3,1,2,0,536,8587
oliveira/04_09/randm07.02.02.09.020_0030.01.aba.beta,True,5,3,0.01142120361328125,0.002155780792236328,0.0007278919219970703,0.014304876327514648,18,5,2,5,0,5,22,14,3,103,0,580,8846
oliveira/04_09/randm07.02.02.09.020_0030.02.aba.beta,True,5,3,0.011583089828491211,0.002345561981201172,0.0013370513916015625,0.015265703201293945,18,5,2,4,0,5,26,14,3,77,0,902,14213
oliveira/04_09/randm07.02.02.09.020_0030.03.aba.beta,True,3,3,0.005585908889770508,0.0012083053588867188,0.0007250308990478516,0.007519245147705078,12,3,2,4,0,3,12,10,3,35,0,553,8644
oliveira/04_09/randm07.02.02.09.020_0030.04.aba.beta,True,3,3,0.006289482116699219,0.0012216567993164062,0.0007529258728027344,0.00826406478881836,12,3,2,5,0,3,21,10,3,67,0,561,8758
oliveira/04_09/randm07.02.02.09.020_0030.05.aba.beta,True,3,3,0.00588679313659668,0.001211404800415039,0.0007166862487792969,0.007814884185791016,12,3,2,5,0,3,17,10,3,51,0,552,8661
oliveira/04_09/randm07.02.02.10.020_0030.01.aba.beta,True,1,1,0.0008893013000488281,0.00030112266540527344,0.0007033348083496094,0.001893758773803711,3,1,0,2,0,1,3,3,1,2,0,537,8599
oliveira/04_09/randm07.02.02.10.020_0030.02.aba.beta,True,1,1,0.0008945465087890625,0.00030040740966796875,0.0006849765777587891,0.0018799304962158203,3,1,0,2,0,1,3,3,1,2,0,540,8608
oliveira/04_09/randm07.02.02.10.020_0030.03.aba.beta,True,1,1,0.0008823871612548828,0.00031280517578125,0.0006878376007080078,0.0018830299377441406,3,1,0,2,0,1,3,3,1,2,0,527,8497
oliveira/04_09/randm07.02.02.10.020_0030.04.aba.beta,True,1,1,0.0008878707885742188,0.0002980232238769531,0.0006809234619140625,0.0018668174743652344,3,1,0,2,0,1,3,3,1,2,0,537,8603
oliveira/04_09/randm07.02.02.10.020_0030.05.aba.beta,True,1,1,0.0008859634399414062,0.00031113624572753906,0.0007100105285644531,0.0019071102142333984,3,1,0,2,0,1,3,3,1,2,0,528,8551
oliveira/04_09/randm07.02.02.11.020_0030.01.aba.beta,True,11,5,0.08487176895141602,0.009124994277954102,0.0010595321655273438,0.09505629539489746,49,11,3,7,0,15,124,25,8,338,0,789,11715
oliveira/04_09/randm07.02.02.11.020_0030.02.aba.beta,True,7,5,0.018921613693237305,0.0033876895904541016,0.001028299331665039,0.023337602615356445,25,7,4,5,0,7,32,19,5,161,0,796,12409
oliveira/04_09/randm07.02.02.11.020_0030.03.aba.beta,True,7,5,0.04057502746582031,0.00463414192199707,0.0012569427490234375,0.04646611213684082,36,7,4,7,0,7,187,21,5,434,0,941,14858
oliveira/04_09/randm07.02.02.11.020_0030.04.aba.beta,True,9,5,0.054660797119140625,0.007739543914794922,0.0010693073272705078,0.06346964836120605,48,9,3,9,0,13,53,26,8,306,0,724,10763
oliveira/04_09/randm07.02.02.11.020_0030.05.aba.beta,True,8,5,0.07147765159606934,0.005911588668823242,0.0009512901306152344,0.07834053039550781,55,8,3,6,0,10,190,20,6,595,0,756,11314
oliveira/04_09/randm07.02.02.12.020_0030.01.aba.beta,True,4,3,0.007451057434082031,0.0016002655029296875,0.0010559558868408203,0.010107278823852539,14,4,2,5,0,4,13,11,3,42,0,817,12904
oliveira/04_09/randm07.02.02.12.020_0030.02.aba.beta,True,3,3,0.005583524703979492,0.0013468265533447266,0.0007002353668212891,0.007630586624145508,11,3,2,5,0,3,13,9,3,29,0,546,8621
oliveira/04_09/randm07.02.02.12.020_0030.03.aba.beta,True,3,3,0.0053253173828125,0.0011763572692871094,0.0006971359252929688,0.007198810577392578,11,3,2,5,0,3,16,9,3,35,0,545,8631
oliveira/04_09/randm07.02.02.12.020_0030.04.aba.beta,True,4,3,0.012727737426757812,0.0019321441650390625,0.0011086463928222656,0.01576852798461914,22,4,2,5,0,4,63,10,3,131,0,792,12532
oliveira/04_09/randm07.02.02.12.020_0030.05.aba.beta,True,4,3,0.009739398956298828,0.0017693042755126953,0.0013427734375,0.012851476669311523,19,4,2,5,0,4,32,10,3,93,0,880,13851
oliveira/04_09/randm07.02.02.13.020_0030.01.aba.beta,True,14,7,0.10770773887634277,0.011334419250488281,0.0010759830474853516,0.1201181411743164,81,14,5,8,4,15,245,37,7,816,0,869,12502
oliveira/04_09/randm07.02.02.13.020_0030.02.aba.beta,True,14,7,0.06924796104431152,0.009961128234863281,0.0011646747589111328,0.08037376403808594,53,14,6,8,3,14,71,36,7,622,0,897,13337
oliveira/04_09/randm07.02.02.13.020_0030.03.aba.beta,True,13,7,0.20236515998840332,0.019868135452270508,0.0017573833465576172,0.22399067878723145,72,13,5,10,9,24,156,36,17,613,0,1394,20800
oliveira/04_09/randm07.02.02.13.020_0030.04.aba.beta,True,13,9,0.40572667121887207,0.04358649253845215,0.0009450912475585938,0.4502582550048828,95,13,4,22,6,49,251,50,41,914,0,762,10845
oliveira/04_09/randm07.02.02.13.020_0030.05.aba.beta,True,16,7,0.1392068862915039,0.01795816421508789,0.0012619495391845703,0.15842700004577637,77,16,5,12,3,23,98,40,13,618,0,1039,14784
oliveira/04_09/randm07.02.02.14.020_0030.01.aba.beta,True,3,3,0.006346464157104492,0.0012927055358886719,0.0007410049438476562,0.00838017463684082,12,3,2,5,0,3,23,10,3,79,0,577,8908
oliveira/04_09/randm07.02.02.14.020_0030.02.aba.beta,True,3,3,0.005780458450317383,0.0012433528900146484,0.0007040500640869141,0.007727861404418945,12,3,2,5,0,3,16,10,3,51,0,559,8687
oliveira/04_09/randm07.02.02.14.020_0030.03.aba.beta,True,3,3,0.006939888000488281,0.0013310909271240234,0.0008349418640136719,0.009105920791625977,12,3,2,5,0,3,27,10,3,95,0,614,9804
oliveira/04_09/randm07.02.02.14.020_0030.04.aba.beta,True,5,3,0.019293546676635742,0.0022704601287841797,0.0008118152618408203,0.022375822067260742,29,5,2,4,0,5,114,13,3,246,0,604,9346
oliveira/04_09/randm07.02.02.14.020_0030.05.aba.beta,True,3,3,0.005224466323852539,0.0011715888977050781,0.0007164478302001953,0.0071125030517578125,12,3,2,4,0,3,11,10,3,34,0,551,8634
oliveira/04_09/randm07.02.02.15.020_0030.01.aba.beta,True,9,7,0.09832143783569336,0.011272668838500977,0.0007944107055664062,0.11038851737976074,61,9,5,12,7,16,99,28,13,418,0,655,9562
oliveira/04_09/randm07.02.02.15.020_0030.02.aba.beta,True,12,9,0.6085202693939209,0.050960540771484375,0.0010366439819335938,0.6605174541473389,109,12,5,23,0,60,213,48,54,1006,0,812,11958
oliveira/04_09/randm07.02.02.15.020_0030.03.aba.beta,True,13,8,0.2515590190887451,0.022503137588500977,0.001125335693359375,0.27518749237060547,83,13,4,13,0,25,300,40,17,853,0,871,12673
oliveira/04_09/randm07.02.02.15.020_0030.04.aba.beta,True,8,7,0.0922248363494873,0.013247013092041016,0.0008208751678466797,0.106292724609375,49,8,4,16,2,21,73,34,18,283,0,641,9589
oliveira/04_09/randm07.02.02.15.020_0030.05.aba.beta,True,18,7,1.250969409942627,0.06567716598510742,0.001744985580444336,1.3183915615081787,150,18,3,8,2,72,376,44,58,1457,0,1345,19928
oliveira/04_09/randm07.02.02.16.020_0030.01.aba.beta,True,6,4,0.015125751495361328,0.002821207046508789,0.0016703605651855469,0.019617319107055664,21,6,3,6,0,6,31,16,4,107,0,1285,20027
oliveira/04_09/randm07.02.02.16.020_0030.02.aba.beta,True,8,4,0.02068161964416504,0.0038034915924072266,0.0021009445190429688,0.026586055755615234,26,8,3,6,0,8,26,19,4,118,0,1591,25049
oliveira/04_09/randm07.02.02.16.020_0030.03.aba.beta,True,4,4,0.013725042343139648,0.002650737762451172,0.0007088184356689453,0.017084598541259766,20,4,2,6,0,6,28,14,5,77,0,552,8646
oliveira/04_09/randm07.02.02.16.020_0030.04.aba.beta,True,3,4,0.012701749801635742,0.002215862274169922,0.0007183551788330078,0.015635967254638672,19,3,2,7,0,5,30,13,5,104,0,554,8664
oliveira/04_09/randm07.02.02.16.020_0030.05.aba.beta,True,8,4,0.02693772315979004,0.004145145416259766,0.0020008087158203125,0.03308367729187012,37,8,3,6,0,8,124,18,4,279,0,1417,22229
oliveira/04_09/randm07.02.02.17.020_0030.01.aba.beta,True,12,7,0.16249370574951172,0.0122222900390625,0.0012841224670410156,0.17600011825561523,87,12,5,8,3,16,380,35,10,995,0,979,14592
oliveira/04_09/randm07.02.02.17.020_0030.02.aba.beta,True,10,6,0.14540886878967285,0.012965202331542969,0.0012712478637695312,0.15964531898498535,77,10,3,10,3,17,315,32,11,771,0,874,13130
oliveira/04_09/randm07.02.02.17.020_0030.03.aba.beta,True,10,6,0.12038731575012207,0.009148359298706055,0.0009849071502685547,0.13052058219909668,84,10,4,5,3,13,323,28,8,1023,0,786,11562
oliveira/04_09/randm07.02.02.17.020_0030.04.aba.beta,True,9,6,0.07319307327270508,0.006501197814941406,0.0009658336639404297,0.08066010475158691,76,9,5,7,3,9,347,29,6,931,0,748,11153
oliveira/04_09/randm07.02.02.17.020_0030.05.aba.beta,True,9,6,0.15326762199401855,0.013690471649169922,0.0011034011840820312,0.1680614948272705,62,9,3,10,3,17,197,31,12,572,0,862,12823
oliveira/04_09/randm07.02.02.18.020_0030.01.aba.beta,True,14,7,0.5693564414978027,0.11411237716674805,0.0015044212341308594,0.6849732398986816,144,14,1,22,3,53,552,46,41,1649,0,980,14314
oliveira/04_09/randm07.02.02.18.020_0030.02.aba.beta,True,11,7,0.5274736881256104,0.07489824295043945,0.0012073516845703125,0.6035792827606201,109,11,4,8,8,36,326,40,30,1174,0,866,12900
oliveira/04_09/randm07.02.02.18.020_0030.03.aba.beta,True,13,7,0.5446963310241699,0.057268381118774414,0.0018320083618164062,0.6037967205047607,143,13,1,10,7,40,706,38,29,1814,0,1300,19556
oliveira/04_09/randm07.02.02.18.020_0030.04.aba.beta,True,17,7,1.1723206043243408,0.1495957374572754,0.0017330646514892578,1.3236494064331055,150,17,1,6,7,54,516,44,39,1633,0,1272,18745
oliveira/04_09/randm07.02.02.18.020_0030.05.aba.beta,True,17,8,0.7484157085418701,0.08104443550109863,0.0020112991333007812,0.8314714431762695,143,17,4,7,9,29,840,46,17,1818,0,1510,22134
oliveira/04_09/randm07.02.02.19.020_0030.01.aba.beta,True,9,5,0.058634281158447266,0.005959272384643555,0.0008673667907714844,0.0654609203338623,43,9,3,8,1,11,118,23,6,338,0,672,9995
oliveira/04_09/randm07.02.02.19.020_0030.02.aba.beta,True,11,5,0.11223149299621582,0.011343955993652344,0.0010006427764892578,0.12457609176635742,70,11,2,9,1,18,201,26,10,749,0,774,11561
oliveira/04_09/randm07.02.02.19.020_0030.03.aba.beta,True,5,5,0.028899669647216797,0.0026667118072509766,0.0009593963623046875,0.03252577781677246,37,5,4,7,4,5,190,21,5,336,0,724,11191
oliveira/04_09/randm07.02.02.19.020_0030.04.aba.beta,True,10,5,0.17572498321533203,0.015276193618774414,0.0009610652923583984,0.19196224212646484,81,10,2,13,1,24,219,29,17,755,0,737,10830
oliveira/04_09/randm07.02.02.19.020_0030.05.aba.beta,True,5,5,0.01435708999633789,0.0024595260620117188,0.0009479522705078125,0.017764568328857422,26,5,4,7,3,5,47,19,5,130,0,735,11353
oliveira/04_09/randm08.02.02.01.020_0030.01.aba.beta,True,14,7,0.3515629768371582,0.04147195816040039,0.0009775161743164062,0.394012451171875,100,14,4,24,0,49,229,49,40,844,0,782,11053
oliveira/04_09/randm08.02.02.01.020_0030.02.aba.beta,True,14,7,0.15152549743652344,0.015465497970581055,0.0010898113250732422,0.16808080673217773,76,14,5,9,2,20,193,44,12,762,0,895,12712
oliveira/04_09/randm08.02.02.01.020_0030.03.aba.beta,True,15,7,0.12812519073486328,0.01441812515258789,0.0011799335479736328,0.1437232494354248,65,15,5,13,0,20,128,42,11,545,0,944,13901
oliveira/04_09/randm08.02.02.01.020_0030.04.aba.beta,True,21,7,0.5593657493591309,0.04646897315979004,0.0020399093627929688,0.6078746318817139,124,21,4,12,0,44,440,47,28,1445,0,1542,22619
oliveira/04_09/randm08.02.02.01.020_0030.05.aba.beta,True,19,7,0.3143272399902344,0.03860306739807129,0.0010919570922851562,0.3540222644805908,91,19,5,21,3,43,102,52,30,782,0,920,12550
oliveira/04_09/randm08.02.02.02.020_0030.01.aba.beta,True,17,6,0.3864176273345947,0.041037797927856445,0.0010821819305419922,0.42853760719299316,84,17,3,21,1,55,112,42,42,656,0,799,11087
oliveira/04_09/randm08.02.02.02.020_0030.02.aba.beta,True,14,7,0.37055206298828125,0.036948442459106445,0.0014140605926513672,0.40891456604003906,112,14,3,15,1,39,227,35,29,1298,0,739,10693
oliveira/04_09/randm08.02.02.02.020_0030.03.aba.beta,True,10,6,0.10913658142089844,0.014196634292602539,0.0014157295227050781,0.12474894523620605,58,10,3,14,1,20,78,25,14,427,0,641,9292
oliveira/04_09/randm08.02.02.02.020_0030.04.aba.beta,True,10,6,0.13551068305969238,0.020789146423339844,0.0007946491241455078,0.15709447860717773,55,10,3,22,1,33,49,26,27,285,0,634,9314
oliveira/04_09/randm08.02.02.02.020_0030.05.aba.beta,True,18,6,0.23062920570373535,0.022504568099975586,0.0011243820190429688,0.2542581558227539,113,18,3,8,1,25,219,33,11,1237,0,859,11856
oliveira/04_09/randm08.02.02.03.020_0030.01.aba.beta,True,6,7,0.1442704200744629,0.019381284713745117,0.0007853507995605469,0.16443705558776855,60,6,3,21,0,29,129,33,27,399,0,597,9016
oliveira/04_09/randm08.02.02.03.020_0030.02.aba.beta,True,14,7,0.5295181274414062,0.04337000846862793,0.0014812946319580078,0.5743694305419922,96,14,4,9,0,48,274,44,39,896,0,1085,16071
oliveira/04_09/randm08.02.02.03.020_0030.03.aba.beta,True,10,8,0.3806886672973633,0.0441434383392334,0.001455068588256836,0.4262871742248535,88,10,4,25,0,52,231,44,47,668,0,1047,15858
oliveira/04_09/randm08.02.02.03.020_0030.04.aba.beta,True,12,7,0.5682449340820312,0.03635144233703613,0.0009741783142089844,0.6055705547332764,91,12,4,17,0,43,334,37,36,935,0,719,10440
oliveira/04_09/randm08.02.02.03.020_0030.05.aba.beta,True,10,8,0.5141458511352539,0.054315805435180664,0.0009102821350097656,0.5693719387054443,80,10,4,30,0,61,132,41,56,521,0,662,9600
oliveira/04_09/randm08.02.02.04.020_0030.01.aba.beta,True,5,6,0.09023404121398926,0.012126684188842773,0.0012049674987792969,0.10356569290161133,40,5,3,12,0,19,75,23,18,245,0,579,8850
oliveira/04_09/randm08.02.02.04.020_0030.02.aba.beta,True,11,8,0.12704014778137207,0.016098976135253906,0.0008492469787597656,0.14398837089538574,78,11,4,10,17,21,132,36,15,505,0,664,9723
oliveira/04_09/randm08.02.02.04.020_0030.03.aba.beta,True,10,6,0.1611311435699463,0.016425132751464844,0.0010259151458740234,0.17858219146728516,72,10,3,16,0,22,387,27,16,737,0,783,11727
oliveira/04_09/randm08.02.02.04.020_0030.04.aba.beta,True,13,6,0.11212325096130371,0.00984501838684082,0.0010445117950439453,0.12301278114318848,84,13,5,8,10,13,286,28,6,926,0,784,11267
oliveira/04_09/randm08.02.02.04.020_0030.05.aba.beta,True,10,6,0.15564346313476562,0.016323089599609375,0.0010459423065185547,0.17301249504089355,63,10,3,11,1,22,133,32,16,474,0,818,12251
oliveira/04_09/randm08.02.02.05.020_0030.01.aba.beta,True,5,5,0.01732182502746582,0.0029175281524658203,0.0011038780212402344,0.021343231201171875,25,5,4,6,4,5,36,20,5,134,0,822,12762
oliveira/04_09/randm08.02.02.05.020_0030.02.aba.beta,True,4,5,0.013291597366333008,0.0025551319122314453,0.0007801055908203125,0.016626834869384766,23,4,4,6,4,4,30,19,5,104,0,594,9170
oliveira/04_09/randm08.02.02.05.020_0030.03.aba.beta,True,5,5,0.04106855392456055,0.0065767765045166016,0.0008828639984130859,0.048528194427490234,34,5,2,9,2,12,58,26,10,214,0,655,10062
oliveira/04_09/randm08.02.02.05.020_0030.04.aba.beta,True,5,5,0.03158974647521973,0.004369974136352539,0.0008482933044433594,0.036808013916015625,42,5,3,10,8,8,84,21,7,257,0,638,9787
oliveira/04_09/randm08.02.02.05.020_0030.05.aba.beta,True,5,5,0.03570437431335449,0.004601001739501953,0.0007669925689697266,0.04107236862182617,45,5,3,5,5,8,155,22,7,398,0,611,9217
oliveira/04_09/randm08.02.02.06.020_0030.01.aba.beta,True,15,8,0.30776119232177734,0.040552616119384766,0.001020193099975586,0.3493340015411377,90,15,4,15,1,31,239,35,21,970,0,821,11775
oliveira/04_09/randm08.02.02.06.020_0030.02.aba.beta,True,13,8,0.5949969291687012,0.044626474380493164,0.0011801719665527344,0.6408035755157471,109,13,5,16,8,46,237,49,39,1045,0,783,11158
oliveira/04_09/randm08.02.02.06.020_0030.03.aba.beta,True,17,8,0.25849366188049316,0.02272653579711914,0.0013799667358398438,0.28260016441345215,156,17,5,9,4,22,353,43,11,1844,0,889,12519
oliveira/04_09/randm08.02.02.06.020_0030.04.aba.beta,True,14,8,0.26846861839294434,0.02835845947265625,0.0011932849884033203,0.2980203628540039,89,14,5,11,1,28,285,38,20,899,0,836,11925
oliveira/04_09/randm08.02.02.06.020_0030.05.aba.beta,True,23,9,0.5792324542999268,0.07984495162963867,0.0012481212615966797,0.6603255271911621,135,23,4,24,1,63,257,46,45,1216,0,997,13491
oliveira/04_09/randm08.02.02.07.020_0030.01.aba.beta,True,1,1,0.0009021759033203125,0.00030231475830078125,0.0007650852203369141,0.001969575881958008,3,1,0,2,0,1,3,3,1,2,0,536,8587
oliveira/04_09/randm08.02.02.07.020_0030.02.aba.beta,True,1,1,0.0009543895721435547,0.00029754638671875,0.0006868839263916016,0.0019388198852539062,3,1,0,2,0,1,3,3,1,2,0,524,8514
oliveira/04_09/randm08.02.02.07.020_0030.03.aba.beta,True,1,1,0.0008947849273681641,0.0003376007080078125,0.0006670951843261719,0.0018994808197021484,3,1,0,2,0,1,3,3,1,2,0,519,8504
oliveira/04_09/randm08.02.02.07.020_0030.04.aba.beta,True,1,1,0.0008819103240966797,0.0003116130828857422,0.0007305145263671875,0.0019240379333496094,3,1,0,2,0,1,3,3,1,2,0,539,8604
oliveira/04_09/randm08.02.02.07.020_0030.05.aba.beta,True,1,1,0.0009393692016601562,0.0003445148468017578,0.0006973743438720703,0.0019812583923339844,3,1,0,2,0,1,3,3,1,2,0,530,8566
oliveira/04_09/randm08.02.02.08.020_0030.01.aba.beta,True,11,6,0.5256915092468262,0.053861141204833984,0.0010199546813964844,0.5805726051330566,108,11,2,17,7,49,258,48,41,920,0,781,11360
oliveira/04_09/randm08.02.02.08.020_0030.02.aba.beta,True,9,6,1.430046558380127,0.15262961387634277,0.0012447834014892578,1.583920955657959,116,9,1,49,0,130,234,53,123,826,0,846,12896
oliveira/04_09/randm08.02.02.08.020_0030.03.aba.beta,True,21,7,0.5447630882263184,0.05424213409423828,0.002359151840209961,0.6013643741607666,138,21,2,28,6,63,437,53,45,1375,0,1768,27053
oliveira/04_09/randm08.02.02.08.020_0030.04.aba.beta,True,8,6,0.7531571388244629,0.11672234535217285,0.0008385181427001953,0.8707180023193359,96,8,1,46,0,97,132,60,91,580,0,666,9749
oliveira/04_09/randm08.02.02.08.020_0030.05.aba.beta,True,9,6,0.28259968757629395,0.030492067337036133,0.0012362003326416016,0.3143279552459717,88,9,2,25,0,43,316,39,37,785,0,906,13603
oliveira/04_09/randm08.02.02.09.020_0030.01.aba.beta,True,11,7,0.06842637062072754,0.00905609130859375,0.0015757083892822266,0.07905817031860352,48,11,5,9,0,14,97,30,9,346,0,1210,18543
oliveira/04_09/randm08.02.02.09.020_0030.02.aba.beta,True,20,7,1.0795764923095703,0.0518336296081543,0.002202272415161133,1.1336123943328857,153,20,3,16,6,51,737,56,35,1782,0,1680,25145
oliveira/04_09/randm08.02.02.09.020_0030.03.aba.beta,True,15,7,0.4481930732727051,0.053398847579956055,0.0015320777893066406,0.5031239986419678,99,15,3,26,0,58,174,41,47,719,0,1190,17747
oliveira/04_09/randm08.02.02.09.020_0030.04.aba.beta,True,18,7,0.23838496208190918,0.01946091651916504,0.002093791961669922,0.25993967056274414,134,18,4,10,7,23,503,36,10,1402,0,1682,24908
oliveira/04_09/randm08.02.02.09.020_0030.05.aba.beta,True,12,7,0.23595547676086426,0.028978347778320312,0.002134561538696289,0.26706838607788086,81,12,4,27,0,39,130,35,32,549,0,1326,20216
oliveira/04_09/randm08.02.02.10.020_0030.01.aba.beta,True,26,7,0.6062994003295898,0.03773093223571777,0.0019423961639404297,0.645972728729248,148,26,4,10,0,40,431,44,19,1649,0,1572,22265
oliveira/04_09/randm08.02.02.10.020_0030.02.aba.beta,True,15,7,0.2549314498901367,0.02559351921081543,0.0023725032806396484,0.2828974723815918,100,15,3,13,0,26,438,38,15,1179,0,1842,28115
oliveira/04_09/randm08.02.02.10.020_0030.03.aba.beta,True,16,7,0.43247175216674805,0.05686831474304199,0.0013899803161621094,0.49073004722595215,159,16,2,26,0,48,478,46,35,1838,0,1123,16143
oliveira/04_09/randm08.02.02.10.020_0030.04.aba.beta,True,25,7,0.7832555770874023,0.08656191825866699,0.003392934799194336,0.8732104301452637,177,25,3,19,0,53,579,54,32,1891,0,2564,38444
oliveira/04_09/randm08.02.02.10.020_0030.05.aba.beta,True,17,7,0.44681572914123535,0.03066563606262207,0.002844572067260742,0.48032593727111816,123,17,4,7,3,27,600,41,15,1413,0,2139,33490
oliveira/04_09/randm08.02.02.11.020_0030.01.aba.beta,True,24,8,7.787060022354126,1.1699068546295166,0.0015864372253417969,8.958553314208984,235,24,2,110,2,525,306,69,504,1880,0,1236,17026
oliveira/04_09/randm08.02.02.11.020_0030.02.aba.beta,True,26,8,0.5636389255523682,0.09001660346984863,0.0036602020263671875,0.657315731048584,131,26,5,14,2,50,195,47,30,1080,0,2691,41184
oliveira/04_09/randm08.02.02.11.020_0030.03.aba.beta,True,22,8,1.2963504791259766,0.09966611862182617,0.002208709716796875,1.3982253074645996,147,22,5,16,12,94,322,55,78,1419,0,1689,25358
oliveira/04_09/randm08.02.02.11.020_0030.04.aba.beta,True,12,8,0.2059640884399414,0.018352270126342773,0.0015876293182373047,0.22590398788452148,81,12,5,10,13,22,171,33,16,716,0,1177,17407
oliveira/04_09/randm08.02.02.11.020_0030.05.aba.beta,True,18,8,0.7521538734436035,0.07987689971923828,0.0016181468963623047,0.8336489200592041,131,18,4,16,2,65,241,44,52,1196,0,1239,17835
oliveira/04_09/randm08.02.02.12.020_0030.01.aba.beta,True,7,5,0.053133249282836914,0.005510091781616211,0.0009834766387939453,0.05962681770324707,48,7,3,7,0,9,219,20,6,447,0,747,11463
oliveira/04_09/randm08.02.02.12.020_0030.02.aba.beta,True,5,5,0.028054237365722656,0.0047109127044677734,0.0008029937744140625,0.03356814384460449,25,5,3,10,0,8,43,21,7,174,0,604,9334
oliveira/04_09/randm08.02.02.12.020_0030.03.aba.beta,True,8,5,0.08946442604064941,0.00799107551574707,0.0014510154724121094,0.0989065170288086,51,8,3,6,0,11,228,26,7,544,0,1097,16755
oliveira/04_09/randm08.02.02.12.020_0030.04.aba.beta,True,8,5,0.05833792686462402,0.0052700042724609375,0.001024484634399414,0.06463241577148438,48,8,3,6,0,9,289,17,5,547,0,777,11693
oliveira/04_09/randm08.02.02.12.020_0030.05.aba.beta,True,6,5,0.058869361877441406,0.005763053894042969,0.0009307861328125,0.06556320190429688,46,6,3,11,0,10,186,25,8,443,0,693,10572
oliveira/04_09/randm08.02.02.13.020_0030.01.aba.beta,True,24,8,1.6010451316833496,0.20849084854125977,0.002366781234741211,1.8119027614593506,179,24,5,17,5,82,638,62,64,2039,0,1789,26422
oliveira/04_09/randm08.02.02.13.020_0030.02.aba.beta,True,28,8,1.4174528121948242,0.14315247535705566,0.003278970718383789,1.5638842582702637,228,28,3,14,2,72,963,60,48,2886,0,2523,37475
oliveira/04_09/randm08.02.02.13.020_0030.03.aba.beta,True,20,9,0.5068686008453369,0.05360126495361328,0.0023043155670166016,0.5627741813659668,136,20,5,14,22,40,379,56,26,1308,0,1826,27201
oliveira/04_09/randm08.02.02.13.020_0030.04.aba.beta,True,19,8,2.3478732109069824,0.28165292739868164,0.002318859100341797,2.631844997406006,184,19,4,16,5,94,619,65,80,1941,0,1657,24760
oliveira/04_09/randm08.02.02.13.020_0030.05.aba.beta,True,27,8,3.08685564994812,0.38439226150512695,0.002689361572265625,3.4739372730255127,254,27,4,19,5,112,1050,65,90,3005,0,2099,31264
oliveira/04_09/randm08.02.02.14.020_0030.01.aba.beta,True,17,6,0.4425976276397705,0.02932286262512207,0.003220081329345703,0.4751405715942383,114,17,4,5,5,21,538,42,9,1317,0,1570,23570
oliveira/04_09/randm08.02.02.14.020_0030.02.aba.beta,True,14,6,0.3777937889099121,0.02507948875427246,0.001789093017578125,0.4046623706817627,116,14,3,6,5,23,501,39,13,1294,0,1348,20361
oliveira/04_09/randm08.02.02.14.020_0030.03.aba.beta,True,11,6,0.45244836807250977,0.02869415283203125,0.0013070106506347656,0.4824495315551758,90,11,3,5,5,28,355,39,21,957,0,933,14005
oliveira/04_09/randm08.02.02.14.020_0030.04.aba.beta,True,16,6,0.25023674964904785,0.021733522415161133,0.002721548080444336,0.2746918201446533,106,16,2,6,5,20,503,37,7,1244,0,2088,33034
oliveira/04_09/randm08.02.02.14.020_0030.05.aba.beta,True,14,6,0.28841257095336914,0.02458667755126953,0.0014965534210205078,0.3144958019256592,113,14,4,10,5,28,379,39,19,1169,0,1125,16266
oliveira/04_09/randm08.02.02.15.020_0030.01.aba.beta,True,10,5,0.08591008186340332,0.008882284164428711,0.0011284351348876953,0.09592080116271973,56,10,2,12,2,15,184,28,8,501,0,826,12365
oliveira/04_09/randm08.02.02.15.020_0030.02.aba.beta,True,11,5,0.10665106773376465,0.010133743286132812,0.0013780593872070312,0.11816287040710449,80,11,2,9,2,16,319,29,8,775,0,1041,15815
oliveira/04_09/randm08.02.02.15.020_0030.03.aba.beta,True,9,5,0.04376721382141113,0.0062139034271240234,0.0012714862823486328,0.05125260353088379,38,9,3,5,2,10,82,24,5,301,0,964,14634
oliveira/04_09/randm08.02.02.15.020_0030.04.aba.beta,True,8,5,0.07943964004516602,0.009430408477783203,0.0010824203491210938,0.08995246887207031,52,8,2,11,2,15,176,28,10,452,0,879,13427
oliveira/04_09/randm08.02.02.15.020_0030.05.aba.beta,True,18,5,0.22067809104919434,0.014539480209350586,0.002670764923095703,0.23788833618164062,105,18,3,5,2,19,481,32,5,1169,0,2040,31010
oliveira/04_09/randm08.02.02.16.020_0030.01.aba.beta,True,10,5,0.08539223670959473,0.007715940475463867,0.0009627342224121094,0.0940709114074707,57,10,3,7,3,12,188,25,6,523,0,793,11719
oliveira/04_09/randm08.02.02.16.020_0030.02.aba.beta,True,9,5,0.1159505844116211,0.008002042770385742,0.0008909702301025391,0.12484359741210938,67,9,3,8,3,11,344,21,6,779,0,698,10447
oliveira/04_09/randm08.02.02.16.020_0030.03.aba.beta,True,8,5,0.07891130447387695,0.007985591888427734,0.0010721683502197266,0.08796906471252441,54,8,3,10,2,12,248,29,8,590,0,832,12668
oliveira/04_09/randm08.02.02.16.020_0030.04.aba.beta,True,7,5,0.08082318305969238,0.008880615234375,0.0011401176452636719,0.09084391593933105,50,7,2,8,0,16,143,25,12,374,0,884,13440
oliveira/04_09/randm08.02.02.16.020_0030.05.aba.beta,True,3,5,0.06466174125671387,0.006850481033325195,0.00079345703125,0.07230567932128906,44,3,2,8,0,13,168,22,13,359,0,619,9762
oliveira/04_09/randm08.02.02.17.020_0030.01.aba.beta,True,17,8,0.15473413467407227,0.020224809646606445,0.0011222362518310547,0.17608118057250977,78,17,4,14,12,29,121,41,17,640,0,905,12864
oliveira/04_09/randm08.02.02.17.020_0030.02.aba.beta,True,15,6,0.10420989990234375,0.012465715408325195,0.0016994476318359375,0.11837506294250488,74,15,4,9,0,18,251,29,8,822,0,1331,20198
oliveira/04_09/randm08.02.02.17.020_0030.03.aba.beta,True,14,6,0.11045265197753906,0.01376962661743164,0.0012183189392089844,0.1254405975341797,67,14,4,10,0,20,111,31,11,531,0,955,14112
oliveira/04_09/randm08.02.02.17.020_0030.04.aba.beta,True,12,6,0.07793736457824707,0.011958599090576172,0.0009436607360839844,0.09083962440490723,48,12,4,14,0,20,82,30,13,360,0,782,11465
oliveira/04_09/randm08.02.02.17.020_0030.05.aba.beta,True,15,6,0.08574604988098145,0.011477470397949219,0.0014405250549316406,0.0986640453338623,63,15,4,10,0,19,188,33,9,594,0,998,15112
oliveira/04_09/randm08.02.02.18.020_0030.01.aba.beta,True,15,7,0.17923212051391602,0.027714967727661133,0.0011799335479736328,0.20812702178955078,74,15,4,9,2,23,246,36,13,709,0,949,13922
oliveira/04_09/randm08.02.02.18.020_0030.02.aba.beta,True,16,7,0.7021844387054443,0.050927162170410156,0.0025680065155029297,0.7556796073913574,107,16,3,8,2,40,556,41,28,1275,0,1864,28771
oliveira/04_09/randm08.02.02.18.020_0030.03.aba.beta,True,8,6,0.07744908332824707,0.00884556770324707,0.0011951923370361328,0.08748984336853027,45,8,4,4,4,12,158,25,9,345,0,905,13823
oliveira/04_09/randm08.02.02.18.020_0030.04.aba.beta,True,16,6,1.3192570209503174,0.08294248580932617,0.002138853073120117,1.4043383598327637,141,16,2,14,2,79,511,49,66,1416,0,1569,23647
oliveira/04_09/randm08.02.02.18.020_0030.05.aba.beta,True,12,6,0.13919448852539062,0.011611461639404297,0.0010747909545898438,0.15188074111938477,80,12,3,5,2,18,299,29,10,860,0,833,12316
oliveira/04_09/randm08.02.02.19.020_0030.01.aba.beta,True,11,8,0.06942582130432129,0.008425235748291016,0.0010709762573242188,0.07892203330993652,60,11,6,8,12,12,86,36,8,436,0,835,12179
oliveira/04_09/randm08.02.02.19.020_0030.02.aba.beta,True,17,9,0.9705555438995361,0.11646223068237305,0.0011866092681884766,1.0882043838500977,138,17,5,24,14,71,352,47,60,1432,0,883,12835
oliveira/04_09/randm08.02.02.19.020_0030.03.aba.beta,True,16,9,0.25568437576293945,0.03205227851867676,0.0014238357543945312,0.28916049003601074,101,16,6,14,29,28,145,45,19,791,0,1008,14360
oliveira/04_09/randm08.02.02.19.020_0030.04.aba.beta,True,16,9,0.19980239868164062,0.020989656448364258,0.0011186599731445312,0.22191071510314941,119,16,5,10,40,21,258,44,11,1058,0,893,12828
oliveira/04_09/randm08.02.02.19.020_0030.05.aba.beta,True,20,8,0.7447373867034912,0.06760716438293457,0.0016901493072509766,0.8140347003936768,140,20,5,16,0,58,290,58,44,1568,0,1326,19102
oliveira/04_09/randm09.02.02.01.020_0030.01.aba.beta,True,20,9,0.37470459938049316,0.03513288497924805,0.002917051315307617,0.41275453567504883,142,20,6,7,22,26,355,48,13,1403,0,2225,34352
oliveira/04_09/randm09.02.02.01.020_0030.02.aba.beta,True,9,7,0.2062971591949463,0.026352643966674805,0.0011601448059082031,0.2338099479675293,63,9,4,9,5,23,156,34,19,521,0,877,13425
oliveira/04_09/randm09.02.02.01.020_0030.03.aba.beta,True,24,10,2.3586337566375732,1.7145848274230957,0.003175973892211914,4.076394557952881,173,24,4,22,0,110,479,58,91,1684,0,2286,34444
oliveira/04_09/randm09.02.02.01.020_0030.04.aba.beta,True,26,10,8.871448755264282,2.6531779766082764,0.0036623477935791016,11.528289079666138,250,26,5,25,7,229,730,66,209,2845,0,2663,39885
oliveira/04_09/randm09.02.02.01.020_0030.05.aba.beta,True,32,11,4.338689088821411,0.3696553707122803,0.006198883056640625,4.714543342590332,288,32,6,16,56,143,752,73,118,3221,0,4532,69910
oliveira/04_09/randm09.02.02.02.020_0030.01.aba.beta,True,22,8,0.6873757839202881,0.0607905387878418,0.0022449493408203125,0.7504112720489502,139,22,4,17,8,64,173,47,47,1131,0,1780,26097
oliveira/04_09/randm09.02.02.02.020_0030.02.aba.beta,True,23,7,0.32520461082458496,0.02518773078918457,0.0023949146270751953,0.3527872562408447,116,23,5,9,7,28,248,52,11,1088,0,1950,29125
oliveira/04_09/randm09.02.02.02.020_0030.03.aba.beta,True,28,8,0.4132101535797119,0.028972387313842773,0.0030965805053710938,0.4452791213989258,156,28,6,7,2,32,387,55,11,1735,0,2494,37028
oliveira/04_09/randm09.02.02.02.020_0030.04.aba.beta,True,34,10,6.2956976890563965,0.4379570484161377,0.0051839351654052734,6.7388386726379395,273,34,4,43,2,292,459,79,263,2641,0,3860,59253
oliveira/04_09/randm09.02.02.02.020_0030.05.aba.beta,True,27,7,1.3109140396118164,0.07785391807556152,0.0028634071350097656,1.3916313648223877,167,27,3,8,4,73,350,56,50,1643,0,2286,33729
oliveira/04_09/randm09.02.02.03.020_0030.01.aba.beta,True,21,9,0.5408217906951904,0.059957027435302734,0.0019953250885009766,0.6027741432189941,167,21,4,24,37,45,573,52,29,1794,0,1590,23457
oliveira/04_09/randm09.02.02.03.020_0030.02.aba.beta,True,14,8,0.2728309631347656,0.025943994522094727,0.0011279582977294922,0.29990291595458984,101,14,5,20,5,31,402,42,23,1039,0,889,13245
oliveira/04_09/randm09.02.02.03.020_0030.03.aba.beta,True,18,8,1.9709010124206543,1.1870877742767334,0.001413106918334961,3.1594018936157227,174,18,4,19,8,100,447,56,87,2067,0,1088,15916
oliveira/04_09/randm09.02.02.03.020_0030.04.aba.beta,True,14,8,0.13163065910339355,0.011551856994628906,0.0014727115631103516,0.1446552276611328,86,14,6,9,9,15,288,35,8,1001,0,1144,16884
oliveira/04_09/randm09.02.02.03.020_0030.05.aba.beta,True,20,8,0.45154690742492676,0.08162355422973633,0.0014600753784179688,0.534630537033081,125,20,5,12,10,45,285,48,31,1264,0,1170,16649
oliveira/04_09/randm09.02.02.04.020_0030.01.aba.beta,True,18,7,0.46297693252563477,0.03452301025390625,0.0013699531555175781,0.4988698959350586,101,18,4,10,0,35,353,42,22,1017,0,1085,15628
oliveira/04_09/randm09.02.02.04.020_0030.02.aba.beta,True,16,7,0.1230313777923584,0.01595330238342285,0.0011053085327148438,0.1400899887084961,77,16,5,11,0,22,218,33,12,753,0,874,12438
oliveira/04_09/randm09.02.02.04.020_0030.03.aba.beta,True,18,7,0.21248745918273926,0.027297019958496094,0.0012524127960205078,0.24103689193725586,73,18,4,9,0,33,109,43,20,604,0,990,14291
oliveira/04_09/randm09.02.02.04.020_0030.04.aba.beta,True,12,7,0.044080495834350586,0.007242918014526367,0.0010166168212890625,0.052340030670166016,41,12,6,6,0,12,53,28,7,309,0,839,12289
oliveira/04_09/randm09.02.02.04.020_0030.05.aba.beta,True,21,7,0.29433155059814453,0.03616786003112793,0.0018551349639892578,0.3323545455932617,98,21,4,16,0,43,273,49,27,953,0,1454,21139
oliveira/04_09/randm09.02.02.05.020_0030.01.aba.beta,True,21,8,0.3316504955291748,0.028043270111083984,0.0014743804931640625,0.36116814613342285,118,21,6,10,0,29,304,48,15,1271,0,1133,15899
oliveira/04_09/randm09.02.02.05.020_0030.02.aba.beta,True,15,8,0.6571722030639648,0.0678720474243164,0.0008559226989746094,0.7259001731872559,112,15,5,33,0,72,147,43,63,952,0,717,9809
oliveira/04_09/randm09.02.02.05.020_0030.03.aba.beta,True,30,9,1.9178683757781982,0.18689870834350586,0.0021865367889404297,2.1069536209106445,225,30,5,18,4,99,550,59,75,2464,0,1745,24524
oliveira/04_09/randm09.02.02.05.020_0030.04.aba.beta,True,19,8,0.8088767528533936,0.06245899200439453,0.0019092559814453125,0.8732450008392334,144,19,5,24,5,60,332,50,47,1516,0,1522,22536
oliveira/04_09/randm09.02.02.05.020_0030.05.aba.beta,True,20,9,0.3587217330932617,0.0472567081451416,0.0016608238220214844,0.4076392650604248,129,20,6,10,14,33,469,45,20,1463,0,1342,19601
oliveira/04_09/randm09.02.02.06.020_0030.01.aba.beta,True,22,11,1.6556284427642822,0.13523364067077637,0.001676321029663086,1.7925384044647217,238,22,6,23,7,88,487,66,73,3142,0,1299,18639
oliveira/04_09/randm09.02.02.06.020_0030.02.aba.beta,True,30,9,4.3722615242004395,0.7904660701751709,0.0016903877258300781,5.16441798210144,256,30,4,24,13,187,481,59,162,2978,0,1363,18506
oliveira/04_09/randm09.02.02.06.020_0030.03.aba.beta,True,22,9,0.9852783679962158,0.06069493293762207,0.0013632774353027344,1.0473365783691406,156,22,6,16,4,57,376,56,42,1902,0,1087,15362
oliveira/04_09/randm09.02.02.06.020_0030.04.aba.beta,True,24,10,6.159677743911743,0.4092295169830322,0.0017457008361816406,6.570652961730957,224,24,3,40,4,262,453,68,242,2278,0,1326,18567
oliveira/04_09/randm09.02.02.06.020_0030.05.aba.beta,True,21,9,0.5199823379516602,0.040166378021240234,0.0015521049499511719,0.5617008209228516,141,21,6,15,17,41,352,46,27,1301,0,1220,17520
oliveira/04_09/randm09.02.02.07.020_0030.01.aba.beta,True,1,1,0.0008993148803710938,0.0003082752227783203,0.0006780624389648438,0.0018856525421142578,3,1,0,2,0,1,3,3,1,2,0,511,8445
oliveira/04_09/randm09.02.02.07.020_0030.02.aba.beta,True,1,1,0.0009026527404785156,0.00030422210693359375,0.0006799697875976562,0.0018868446350097656,3,1,0,2,0,1,3,3,1,2,0,530,8553
oliveira/04_09/randm09.02.02.07.020_0030.03.aba.beta,True,1,1,0.0008900165557861328,0.00030303001403808594,0.0006883144378662109,0.0018813610076904297,3,1,0,2,0,1,3,3,1,2,0,533,8573
oliveira/04_09/randm09.02.02.07.020_0030.04.aba.beta,True,1,1,0.0009171962738037109,0.00030040740966796875,0.0006661415100097656,0.0018837451934814453,3,1,0,2,0,1,3,3,1,2,0,527,8550
oliveira/04_09/randm09.02.02.07.020_0030.05.aba.beta,True,1,1,0.0008900165557861328,0.0003039836883544922,0.0006768703460693359,0.001870870590209961,3,1,0,2,0,1,3,3,1,2,0,536,8586
oliveira/04_09/randm09.02.02.08.020_0030.01.aba.beta,True,11,6,0.07547664642333984,0.010351181030273438,0.0008451938629150391,0.08667302131652832,63,11,4,12,16,17,64,28,11,359,0,693,10221
oliveira/04_09/randm09.02.02.08.020_0030.02.aba.beta,True,10,6,0.05941367149353027,0.0068013668060302734,0.0010094642639160156,0.06722450256347656,44,10,4,7,1,11,97,24,6,331,0,777,11606
oliveira/04_09/randm09.02.02.08.020_0030.03.aba.beta,True,7,6,0.06179070472717285,0.007736682891845703,0.0007691383361816406,0.0702965259552002,62,7,4,12,10,14,253,25,12,539,0,611,9183
oliveira/04_09/randm09.02.02.08.020_0030.04.aba.beta,True,7,6,0.022324800491333008,0.0036568641662597656,0.0027120113372802734,0.028693675994873047,33,7,5,6,8,7,34,24,6,128,0,2063,32716
oliveira/04_09/randm09.02.02.08.020_0030.05.aba.beta,True,7,6,0.02385234832763672,0.003916263580322266,0.0024874210357666016,0.030256032943725586,33,7,5,6,8,7,37,24,6,132,0,1942,30903
oliveira/04_09/randm09.02.02.09.020_0030.01.aba.beta,True,38,10,1.315080165863037,0.10113286972045898,0.004421234130859375,1.4206342697143555,240,38,6,18,0,66,846,73,35,2965,0,3414,52641
oliveira/04_09/randm09.02.02.09.020_0030.02.aba.beta,True,15,9,2.4466047286987305,0.14384770393371582,0.0010824203491210938,2.5915348529815674,140,15,5,35,0,149,281,58,140,1261,0,831,11847
oliveira/04_09/randm09.02.02.09.020_0030.03.aba.beta,True,16,9,0.5378317832946777,0.06301617622375488,0.0010330677032470703,0.6018810272216797,125,16,5,28,0,61,339,46,51,1270,0,855,12146
oliveira/04_09/randm09.02.02.09.020_0030.04.aba.beta,True,28,11,1.0120172500610352,0.11443638801574707,0.0031626224517822266,1.1296162605285645,180,28,7,13,17,53,647,65,33,2006,0,2459,36362
oliveira/04_09/randm09.02.02.09.020_0030.05.aba.beta,True,18,9,1.5071494579315186,0.12159109115600586,0.001954793930053711,1.6306953430175781,161,18,6,25,33,111,421,54,100,1546,0,1522,22451
oliveira/04_09/randm09.02.02.10.020_0030.01.aba.beta,True,16,6,0.1535325050354004,0.014720916748046875,0.0012118816375732422,0.1694653034210205,101,16,4,12,2,21,247,33,10,1175,0,980,14146
oliveira/04_09/randm09.02.02.10.020_0030.02.aba.beta,True,12,6,0.09977507591247559,0.010054588317871094,0.0008902549743652344,0.11071991920471191,77,12,4,9,4,15,167,30,8,747,0,718,10468
oliveira/04_09/randm09.02.02.10.020_0030.03.aba.beta,True,9,6,0.07027840614318848,0.009116172790527344,0.000993490219116211,0.08038806915283203,53,9,4,10,2,13,98,27,9,340,0,776,11571
oliveira/04_09/randm09.02.02.10.020_0030.04.aba.beta,True,7,6,0.0370635986328125,0.005213499069213867,0.0007979869842529297,0.0430750846862793,40,7,4,8,2,9,61,22,7,254,0,598,8944
oliveira/04_09/randm09.02.02.10.020_0030.05.aba.beta,True,8,6,0.12535548210144043,0.01525115966796875,0.0007462501525878906,0.14135289192199707,53,8,4,15,2,25,83,28,22,354,0,616,9025
oliveira/04_09/randm09.02.02.11.020_0030.01.aba.beta,True,20,8,1.0320372581481934,0.0839993953704834,0.0015921592712402344,1.117628812789917,174,20,4,22,0,77,445,56,62,2035,0,1218,17536
oliveira/04_09/randm09.02.02.11.020_0030.02.aba.beta,True,18,8,0.294996976852417,0.028920888900756836,0.001157999038696289,0.3250758647918701,102,18,4,12,0,36,199,44,23,969,0,900,12738
oliveira/04_09/randm09.02.02.11.020_0030.03.aba.beta,True,14,8,0.1377274990081787,0.013993263244628906,0.0011696815490722656,0.15289044380187988,77,14,5,16,0,20,189,40,12,739,0,941,13820
oliveira/04_09/randm09.02.02.11.020_0030.04.aba.beta,True,12,8,0.42162632942199707,0.04236769676208496,0.0008971691131591797,0.4648911952972412,108,12,4,18,12,44,166,45,37,1005,0,705,10038
oliveira/04_09/randm09.02.02.11.020_0030.05.aba.beta,True,16,8,0.2712540626525879,0.03418707847595215,0.001154184341430664,0.3065953254699707,109,16,4,11,3,29,218,42,18,1252,0,901,13057
oliveira/04_09/randm09.02.02.12.020_0030.01.aba.beta,True,11,8,0.33368611335754395,0.0404052734375,0.0008244514465332031,0.37491583824157715,72,11,5,22,7,55,129,40,50,477,0,672,9715
oliveira/04_09/randm09.02.02.12.020_0030.02.aba.beta,True,23,8,0.29041123390197754,0.022760868072509766,0.0016789436340332031,0.3148510456085205,102,23,6,15,0,35,277,49,19,877,0,1324,18921
oliveira/04_09/randm09.02.02.12.020_0030.03.aba.beta,True,20,9,0.35600829124450684,0.03551816940307617,0.0014297962188720703,0.3929562568664551,107,20,5,19,0,44,274,46,30,976,0,1140,16061
oliveira/04_09/randm09.02.02.12.020_0030.04.aba.beta,True,22,8,0.8281972408294678,0.0782005786895752,0.0013718605041503906,0.9077696800231934,121,22,4,27,0,83,224,51,66,1093,0,1150,16189
oliveira/04_09/randm09.02.02.12.020_0030.05.aba.beta,True,16,8,0.6671252250671387,0.048174142837524414,0.001390695571899414,0.7166900634765625,117,16,5,20,7,55,335,46,45,1140,0,1098,15852
oliveira/04_09/randm09.02.02.13.020_0030.01.aba.beta,True,14,8,0.372037410736084,0.04199838638305664,0.0016243457794189453,0.41566014289855957,71,14,5,24,0,50,119,40,42,567,0,1204,18176
oliveira/04_09/randm09.02.02.13.020_0030.02.aba.beta,True,22,8,0.6298682689666748,0.05247139930725098,0.0018224716186523438,0.6841621398925781,139,22,4,13,0,43,439,52,26,1771,0,1505,21808
oliveira/04_09/randm09.02.02.13.020_0030.03.aba.beta,True,24,8,9.054157972335815,0.9821572303771973,0.0020248889923095703,10.038340091705322,304,24,3,60,0,363,556,79,343,3335,0,1514,21848
oliveira/04_09/randm09.02.02.13.020_0030.04.aba.beta,True,16,8,0.4216015338897705,0.04686594009399414,0.0014655590057373047,0.46993303298950195,124,16,5,24,0,47,254,52,37,1317,0,1140,16711
oliveira/04_09/randm09.02.02.13.020_0030.05.aba.beta,True,24,8,3.005882501602173,0.19691824913024902,0.0016427040100097656,3.2044434547424316,189,24,4,46,0,195,321,66,176,1594,0,1301,18188
oliveira/04_09/randm09.02.02.14.020_0030.01.aba.beta,True,9,6,0.05665278434753418,0.006376028060913086,0.001188039779663086,0.06421685218811035,43,9,5,7,3,9,117,25,6,398,0,916,13841
oliveira/04_09/randm09.02.02.14.020_0030.02.aba.beta,True,10,6,0.10603070259094238,0.007468700408935547,0.0010461807250976562,0.11454558372497559,72,10,5,6,1,10,273,29,6,748,0,843,12393
oliveira/04_09/randm09.02.02.14.020_0030.03.aba.beta,True,6,6,0.07899999618530273,0.010621070861816406,0.0008440017700195312,0.09046506881713867,54,6,3,16,0,16,211,25,14,514,0,662,10106
oliveira/04_09/randm09.02.02.14.020_0030.04.aba.beta,True,9,6,0.06316828727722168,0.006303548812866211,0.0012955665588378906,0.07076740264892578,62,9,5,6,1,9,297,30,6,652,0,998,15264
oliveira/04_09/randm09.02.02.14.020_0030.05.aba.beta,True,8,6,0.1343674659729004,0.017313003540039062,0.0010631084442138672,0.15274357795715332,64,8,3,20,6,29,168,35,25,500,0,824,12491
oliveira/04_09/randm09.02.02.15.020_0030.01.aba.beta,True,19,8,0.31393980979919434,0.024890899658203125,0.0024302005767822266,0.3412609100341797,118,19,5,7,6,25,361,46,12,1268,0,1941,29241
oliveira/04_09/randm09.02.02.15.020_0030.02.aba.beta,True,10,8,0.1563708782196045,0.018123388290405273,0.0008714199066162109,0.17536568641662598,80,10,6,11,13,22,147,38,19,735,0,706,10277
oliveira/04_09/randm09.02.02.15.020_0030.03.aba.beta,True,26,9,0.33251309394836426,0.03547263145446777,0.0030257701873779297,0.37101149559020996,136,26,7,15,0,42,382,56,24,1495,0,2225,33506
oliveira/04_09/randm09.02.02.15.020_0030.04.aba.beta,True,15,8,0.19215059280395508,0.017572641372680664,0.0010325908660888672,0.2107558250427246,97,15,5,14,2,25,275,35,16,999,0,826,11844
oliveira/04_09/randm09.02.02.15.020_0030.05.aba.beta,True,9,9,0.3092672824859619,0.03413248062133789,0.00087738037109375,0.34427714347839355,79,9,5,27,0,49,234,36,46,652,0,674,10349
oliveira/04_09/randm09.02.02.16.020_0030.01.aba.beta,True,14,7,0.24889826774597168,0.0207979679107666,0.0016260147094726562,0.27132225036621094,101,14,4,7,0,21,343,34,12,1181,0,1282,19455
oliveira/04_09/randm09.02.02.16.020_0030.02.aba.beta,True,11,6,0.3933835029602051,0.03146696090698242,0.0013701915740966797,0.4262206554412842,75,11,3,11,0,39,182,40,32,612,0,1055,15703
oliveira/04_09/randm09.02.02.16.020_0030.03.aba.beta,True,11,7,0.29103636741638184,0.019900798797607422,0.001445770263671875,0.31238293647766113,81,11,4,7,0,22,350,32,16,844,0,1109,17064
oliveira/04_09/randm09.02.02.16.020_0030.04.aba.beta,True,5,6,0.08120560646057129,0.008222579956054688,0.0007560253143310547,0.09018421173095703,47,5,4,7,7,15,83,23,15,293,0,583,8885
oliveira/04_09/randm09.02.02.16.020_0030.05.aba.beta,True,5,6,0.019400596618652344,0.0029222965240478516,0.0007767677307128906,0.023099660873413086,25,5,5,7,1,5,48,20,6,163,0,619,9494
oliveira/04_09/randm09.02.02.17.020_0030.01.aba.beta,True,21,9,2.2322933673858643,0.12361860275268555,0.0023283958435058594,2.3582403659820557,176,21,6,21,5,105,651,64,91,1978,0,1783,27138
oliveira/04_09/randm09.02.02.17.020_0030.02.aba.beta,True,32,9,1.397270679473877,0.09435915946960449,0.0028793811798095703,1.494509220123291,198,32,6,11,2,64,650,68,39,2587,0,2293,33885
oliveira/04_09/randm09.02.02.17.020_0030.03.aba.beta,True,19,9,0.33695197105407715,0.028115272521972656,0.0013785362243652344,0.36644577980041504,101,19,7,11,2,32,229,51,21,1019,0,1155,16848
oliveira/04_09/randm09.02.02.17.020_0030.04.aba.beta,True,21,9,1.501512050628662,0.15329718589782715,0.0012729167938232422,1.6560821533203125,169,21,5,27,0,107,305,55,92,1594,0,991,13698
oliveira/04_09/randm09.02.02.17.020_0030.05.aba.beta,True,25,9,0.8415639400482178,0.07224869728088379,0.0026929378509521484,0.9165055751800537,162,25,7,11,19,65,352,59,48,1588,0,2048,30324
oliveira/04_09/randm09.02.02.18.020_0030.01.aba.beta,True,15,7,0.5507569313049316,0.0464322566986084,0.0013074874877929688,0.598496675491333,120,15,4,14,2,40,372,41,30,1380,0,954,13818
oliveira/04_09/randm09.02.02.18.020_0030.02.aba.beta,True,48,11,3.7991251945495605,0.49259042739868164,0.004845142364501953,4.296560764312744,329,48,5,37,34,173,608,80,131,3672,0,3696,55412
oliveira/04_09/randm09.02.02.18.020_0030.03.aba.beta,True,20,7,1.076930046081543,0.09651827812194824,0.0018398761749267578,1.175288200378418,180,20,4,20,11,77,482,57,62,2327,0,1409,20735
oliveira/04_09/randm09.02.02.18.020_0030.04.aba.beta,True,17,7,0.4912114143371582,0.03450417518615723,0.001809835433959961,0.5275254249572754,133,17,4,11,2,30,430,36,18,1690,0,1397,20539
oliveira/04_09/randm09.02.02.18.020_0030.05.aba.beta,True,17,7,0.32198286056518555,0.02568674087524414,0.0016210079193115234,0.3492906093597412,143,17,5,12,2,23,553,41,12,2046,0,1303,19464
oliveira/04_09/randm09.02.02.19.020_0030.01.aba.beta,True,16,10,3.6325886249542236,1.558570384979248,0.001692056655883789,5.1928510665893555,149,16,3,62,0,274,228,63,262,1108,0,1299,19386
oliveira/04_09/randm09.02.02.19.020_0030.02.aba.beta,True,16,8,8.475083589553833,0.8048970699310303,0.002572298049926758,9.28255295753479,177,16,3,81,0,492,442,73,480,1505,0,1949,29914
oliveira/04_09/randm09.02.02.19.020_0030.03.aba.beta,True,21,9,1.0432162284851074,0.10569524765014648,0.0018947124481201172,1.150806188583374,192,21,4,21,1,57,663,58,41,2434,0,1482,21615
oliveira/04_09/randm09.02.02.19.020_0030.04.aba.beta,True,15,8,3.6181588172912598,0.273911714553833,0.0011985301971435547,3.8932690620422363,147,15,4,40,0,244,362,60,234,1386,0,935,13569
oliveira/04_09/randm09.02.02.19.020_0030.05.aba.beta,True,26,9,0.656062126159668,0.050185203552246094,0.002708911895751953,0.708956241607666,208,26,6,12,30,51,771,54,32,2426,0,2210,32875
oliveira/04_10/randm04.02.02.01.020_0030.01.aba.beta,True,3,3,0.004836082458496094,0.0011119842529296875,0.0006849765777587891,0.00663304328918457,12,3,2,5,1,3,12,10,3,32,0,543,8608
oliveira/04_10/randm04.02.02.01.020_0030.02.aba.beta,True,5,4,0.009898662567138672,0.0021848678588867188,0.0014629364013671875,0.013546466827392578,16,5,3,5,1,5,13,12,4,40,0,1137,18044
oliveira/04_10/randm04.02.02.01.020_0030.03.aba.beta,True,6,4,0.012537717819213867,0.002507925033569336,0.001672983169555664,0.016718626022338867,19,6,3,5,2,6,15,14,4,53,0,1285,20584
oliveira/04_10/randm04.02.02.01.020_0030.04.aba.beta,True,6,4,0.013106584548950195,0.0024967193603515625,0.001634359359741211,0.01723766326904297,19,6,3,5,2,6,17,13,4,57,0,1246,19786
oliveira/04_10/randm04.02.02.01.020_0030.05.aba.beta,True,5,4,0.010322332382202148,0.002093076705932617,0.0020008087158203125,0.014416217803955078,16,5,3,5,1,5,16,12,4,46,0,1286,20264
oliveira/04_10/randm04.02.02.02.020_0030.01.aba.beta,True,1,1,0.0008931159973144531,0.0003039836883544922,0.0006983280181884766,0.0018954277038574219,3,1,0,2,0,1,3,3,1,2,0,543,8623
oliveira/04_10/randm04.02.02.02.020_0030.02.aba.beta,True,1,1,0.0009486675262451172,0.0003056526184082031,0.0006833076477050781,0.0019376277923583984,3,1,0,2,0,1,3,3,1,2,0,537,8598
oliveira/04_10/randm04.02.02.02.020_0030.03.aba.beta,True,1,1,0.0009121894836425781,0.00030803680419921875,0.0006818771362304688,0.0019021034240722656,3,1,0,2,0,1,3,3,1,2,0,527,8532
oliveira/04_10/randm04.02.02.02.020_0030.04.aba.beta,True,1,1,0.0008971691131591797,0.00030612945556640625,0.0006880760192871094,0.0018913745880126953,3,1,0,2,0,1,3,3,1,2,0,536,8589
oliveira/04_10/randm04.02.02.02.020_0030.05.aba.beta,True,1,1,0.0008776187896728516,0.0003120899200439453,0.0006923675537109375,0.0018820762634277344,3,1,0,2,0,1,3,3,1,2,0,536,8583
oliveira/04_10/randm04.02.02.03.020_0030.01.aba.beta,True,2,3,0.003126382827758789,0.0007278919219970703,0.0006999969482421875,0.004554271697998047,11,2,2,5,2,2,13,10,3,27,0,536,8563
oliveira/04_10/randm04.02.02.03.020_0030.02.aba.beta,True,2,3,0.0040073394775390625,0.0008742809295654297,0.0008280277252197266,0.005709648132324219,11,2,2,5,2,2,21,9,3,43,0,545,8658
oliveira/04_10/randm04.02.02.03.020_0030.03.aba.beta,True,2,3,0.0028820037841796875,0.0007030963897705078,0.0006990432739257812,0.0042841434478759766,10,2,2,5,2,2,9,9,3,19,0,540,8598
oliveira/04_10/randm04.02.02.03.020_0030.04.aba.beta,True,2,3,0.0029027462005615234,0.0007152557373046875,0.0007193088531494141,0.004337310791015625,10,2,2,5,2,2,9,9,3,19,0,543,8612
oliveira/04_10/randm04.02.02.03.020_0030.05.aba.beta,True,3,3,0.006135463714599609,0.0012505054473876953,0.0006949901580810547,0.00808095932006836,14,3,2,5,2,3,18,11,3,51,0,547,8614
oliveira/04_10/randm04.02.02.04.020_0030.01.aba.beta,True,1,1,0.0008971691131591797,0.00030922889709472656,0.0006785392761230469,0.0018849372863769531,3,1,0,2,0,1,3,3,1,2,0,529,8558
oliveira/04_10/randm04.02.02.04.020_0030.02.aba.beta,True,1,1,0.0008969306945800781,0.0002999305725097656,0.0006721019744873047,0.0018689632415771484,3,1,0,2,0,1,3,3,1,2,0,531,8570
oliveira/04_10/randm04.02.02.04.020_0030.03.aba.beta,True,1,1,0.0010833740234375,0.0003249645233154297,0.0006875991821289062,0.002095937728881836,3,1,0,2,0,1,3,3,1,2,0,532,8571
oliveira/04_10/randm04.02.02.04.020_0030.04.aba.beta,True,1,1,0.0009045600891113281,0.0002980232238769531,0.0006783008575439453,0.0018808841705322266,3,1,0,2,0,1,3,3,1,2,0,535,8587
oliveira/04_10/randm04.02.02.04.020_0030.05.aba.beta,True,1,1,0.0009613037109375,0.00030612945556640625,0.0006737709045410156,0.0019412040710449219,3,1,0,2,0,1,3,3,1,2,0,539,8598
oliveira/04_10/randm04.02.02.05.020_0030.01.aba.beta,True,1,2,0.0013234615325927734,0.00034046173095703125,0.0006964206695556641,0.0023603439331054688,5,1,1,4,0,1,5,5,2,6,0,533,8580
oliveira/04_10/randm04.02.02.05.020_0030.02.aba.beta,True,1,2,0.0013701915740966797,0.0003490447998046875,0.0007035732269287109,0.002422809600830078,5,1,1,4,0,1,5,5,2,6,0,529,8561
oliveira/04_10/randm04.02.02.05.020_0030.03.aba.beta,True,1,2,0.0012924671173095703,0.0003349781036376953,0.0006861686706542969,0.0023136138916015625,5,1,1,4,0,1,5,5,2,6,0,538,8604
oliveira/04_10/randm04.02.02.05.020_0030.04.aba.beta,True,1,2,0.0013113021850585938,0.0003371238708496094,0.000675201416015625,0.002323627471923828,5,1,1,4,0,1,5,5,2,6,0,531,8548
oliveira/04_10/randm04.02.02.05.020_0030.05.aba.beta,True,1,2,0.0012924671173095703,0.0003371238708496094,0.0006921291351318359,0.0023217201232910156,5,1,1,4,0,1,5,5,2,6,0,528,8549
oliveira/04_10/randm04.02.02.06.020_0030.01.aba.beta,True,3,3,0.006427288055419922,0.0013077259063720703,0.0007162094116210938,0.008451223373413086,14,3,2,4,0,3,27,11,3,76,0,554,8748
oliveira/04_10/randm04.02.02.06.020_0030.02.aba.beta,True,3,3,0.006047487258911133,0.0012178421020507812,0.0007228851318359375,0.007988214492797852,12,3,2,4,0,3,21,10,3,67,0,568,8797
oliveira/04_10/randm04.02.02.06.020_0030.03.aba.beta,True,4,3,0.00787210464477539,0.0017032623291015625,0.0007300376892089844,0.010305404663085938,14,4,2,5,0,4,21,11,3,62,0,563,8743
oliveira/04_10/randm04.02.02.06.020_0030.04.aba.beta,True,5,3,0.013015031814575195,0.002454996109008789,0.0007927417755126953,0.01626276969909668,20,5,2,5,0,5,41,12,3,133,0,590,9046
oliveira/04_10/randm04.02.02.06.020_0030.05.aba.beta,True,3,3,0.0057675838470458984,0.001203298568725586,0.0007157325744628906,0.007686614990234375,12,3,2,4,0,3,17,10,3,48,0,559,8698
oliveira/04_10/randm04.02.02.07.020_0030.01.aba.beta,True,1,2,0.0012865066528320312,0.00033283233642578125,0.0006897449493408203,0.002309083938598633,5,1,1,4,0,1,5,5,2,6,0,531,8557
oliveira/04_10/randm04.02.02.07.020_0030.02.aba.beta,True,1,2,0.0016050338745117188,0.0003407001495361328,0.0007441043853759766,0.002689838409423828,5,1,1,4,0,1,5,5,2,6,0,531,8567
oliveira/04_10/randm04.02.02.07.020_0030.03.aba.beta,True,1,2,0.0012836456298828125,0.0003330707550048828,0.0007138252258300781,0.0023305416107177734,5,1,1,4,0,1,5,5,2,6,0,538,8600
oliveira/04_10/randm04.02.02.07.020_0030.04.aba.beta,True,1,2,0.0012962818145751953,0.0003323554992675781,0.0006864070892333984,0.002315044403076172,5,1,1,4,0,1,5,5,2,6,0,538,8598
oliveira/04_10/randm04.02.02.07.020_0030.05.aba.beta,True,1,2,0.001294851303100586,0.00034928321838378906,0.0007042884826660156,0.0023484230041503906,5,1,1,4,0,1,5,5,2,6,0,541,8614
oliveira/04_10/randm04.02.02.08.020_0030.01.aba.beta,True,7,4,0.04587817192077637,0.004432201385498047,0.0009744167327880859,0.0512847900390625,48,7,2,6,2,8,185,19,4,530,0,726,10901
oliveira/04_10/randm04.02.02.08.020_0030.02.aba.beta,True,6,4,0.04233908653259277,0.0034470558166503906,0.0009057521820068359,0.04669189453125,39,6,2,5,2,7,204,14,4,363,0,639,9888
oliveira/04_10/randm04.02.02.08.020_0030.03.aba.beta,True,6,4,0.01425313949584961,0.002676248550415039,0.0008645057678222656,0.017793893814086914,22,6,3,6,2,6,26,15,4,99,0,677,10450
oliveira/04_10/randm04.02.02.08.020_0030.04.aba.beta,True,5,4,0.010324954986572266,0.002062559127807617,0.0007128715515136719,0.013100385665893555,17,5,3,6,2,5,13,13,4,53,0,561,8660
oliveira/04_10/randm04.02.02.08.020_0030.05.aba.beta,True,6,4,0.017220020294189453,0.0029773712158203125,0.0008058547973632812,0.021003246307373047,24,6,3,6,2,6,43,19,4,159,0,631,9493
oliveira/04_10/randm04.02.02.09.020_0030.01.aba.beta,True,2,3,0.0033931732177734375,0.0008070468902587891,0.0006921291351318359,0.0048923492431640625,9,2,2,5,0,2,10,8,3,22,0,541,8608
oliveira/04_10/randm04.02.02.09.020_0030.02.aba.beta,True,2,3,0.0037903785705566406,0.0007991790771484375,0.0007233619689941406,0.005312919616699219,9,2,2,5,0,2,14,8,3,30,0,534,8569
oliveira/04_10/randm04.02.02.09.020_0030.03.aba.beta,True,2,3,0.0034978389739990234,0.0007832050323486328,0.0006940364837646484,0.004975080490112305,9,2,2,5,0,2,15,8,3,30,0,545,8636
oliveira/04_10/randm04.02.02.09.020_0030.04.aba.beta,True,2,3,0.0037348270416259766,0.0008058547973632812,0.00072479248046875,0.005265474319458008,9,2,2,5,0,2,21,8,3,42,0,553,8716
oliveira/04_10/randm04.02.02.09.020_0030.05.aba.beta,True,2,3,0.0037221908569335938,0.0008299350738525391,0.0007300376892089844,0.005282163619995117,9,2,2,5,0,2,17,8,3,36,0,549,8669
oliveira/04_10/randm04.02.02.10.020_0030.01.aba.beta,True,2,4,0.005278587341308594,0.0009036064147949219,0.0007035732269287109,0.0068857669830322266,13,2,3,5,2,2,32,12,4,66,0,556,8820
oliveira/04_10/randm04.02.02.10.020_0030.02.aba.beta,True,2,4,0.0043010711669921875,0.0007817745208740234,0.0006856918334960938,0.005768537521362305,13,2,3,6,2,2,20,10,4,42,0,530,8565
oliveira/04_10/randm04.02.02.10.020_0030.03.aba.beta,True,2,4,0.005132913589477539,0.0008897781372070312,0.0008158683776855469,0.006838560104370117,13,2,3,6,2,2,38,11,4,78,0,562,8955
oliveira/04_10/randm04.02.02.10.020_0030.04.aba.beta,True,2,4,0.004743814468383789,0.0008664131164550781,0.0007312297821044922,0.006341457366943359,13,2,3,5,2,2,30,11,4,62,0,555,8784
oliveira/04_10/randm04.02.02.10.020_0030.05.aba.beta,True,2,4,0.005282402038574219,0.000896453857421875,0.0007190704345703125,0.006897926330566406,13,2,3,5,2,2,31,11,4,64,0,560,8819
oliveira/04_10/randm04.02.02.11.020_0030.01.aba.beta,True,8,4,0.0183255672454834,0.0037572383880615234,0.0021550655364990234,0.024237871170043945,24,8,3,6,0,8,24,16,4,82,0,1633,25528
oliveira/04_10/randm04.02.02.11.020_0030.02.aba.beta,True,8,4,0.017137765884399414,0.0033631324768066406,0.0020716190338134766,0.02257251739501953,23,8,3,6,0,8,18,16,4,70,0,1592,25010
oliveira/04_10/randm04.02.02.11.020_0030.03.aba.beta,True,7,4,0.01588129997253418,0.003286600112915039,0.00118255615234375,0.02035045623779297,20,7,3,6,0,7,15,14,4,68,0,846,13003
oliveira/04_10/randm04.02.02.11.020_0030.04.aba.beta,True,8,4,0.021025657653808594,0.003863811492919922,0.0012850761413574219,0.026174545288085938,24,8,3,6,0,8,17,13,4,91,0,947,14701
oliveira/04_10/randm04.02.02.11.020_0030.05.aba.beta,True,8,4,0.025446176528930664,0.00498652458190918,0.0021424293518066406,0.032575130462646484,26,8,3,6,0,8,20,15,4,91,0,1183,19109
oliveira/04_10/randm04.02.02.12.020_0030.01.aba.beta,True,3,3,0.005931854248046875,0.001222372055053711,0.00070953369140625,0.007863759994506836,12,3,2,5,0,3,18,10,3,55,0,557,8687
oliveira/04_10/randm04.02.02.12.020_0030.02.aba.beta,True,3,3,0.005982637405395508,0.0012090206146240234,0.0007059574127197266,0.007897615432739258,13,3,2,5,0,3,19,10,3,56,0,561,8708
oliveira/04_10/randm04.02.02.12.020_0030.03.aba.beta,True,3,3,0.006003856658935547,0.0012497901916503906,0.0007293224334716797,0.007982969284057617,12,3,2,5,0,3,18,10,3,54,0,564,8717
oliveira/04_10/randm04.02.02.12.020_0030.04.aba.beta,True,3,3,0.0057373046875,0.0012388229370117188,0.0006985664367675781,0.007674694061279297,11,3,2,5,0,3,10,9,3,28,0,545,8605
oliveira/04_10/randm04.02.02.12.020_0030.05.aba.beta,True,3,3,0.0064237117767333984,0.0012958049774169922,0.0007803440093994141,0.008499860763549805,11,3,2,5,0,3,14,9,3,36,0,544,8613
oliveira/04_10/randm04.02.02.13.020_0030.01.aba.beta,True,1,1,0.0009775161743164062,0.00035881996154785156,0.0006778240203857422,0.00201416015625,3,1,0,2,0,1,3,3,1,2,0,528,8539
oliveira/04_10/randm04.02.02.13.020_0030.02.aba.beta,True,1,1,0.0008950233459472656,0.0003132820129394531,0.0006759166717529297,0.0018842220306396484,3,1,0,2,0,1,3,3,1,2,0,535,8584
oliveira/04_10/randm04.02.02.13.020_0030.03.aba.beta,True,1,1,0.0008924007415771484,0.0003039836883544922,0.0006990432739257812,0.0018954277038574219,3,1,0,2,0,1,3,3,1,2,0,534,8583
oliveira/04_10/randm04.02.02.13.020_0030.04.aba.beta,True,1,1,0.0008819103240966797,0.00029969215393066406,0.0007104873657226562,0.00189208984375,3,1,0,2,0,1,3,3,1,2,0,537,8593
oliveira/04_10/randm04.02.02.13.020_0030.05.aba.beta,True,1,1,0.0008826255798339844,0.000293731689453125,0.0006825923919677734,0.0018589496612548828,3,1,0,2,0,1,3,3,1,2,0,543,8623
oliveira/04_10/randm04.02.02.14.020_0030.01.aba.beta,True,4,4,0.008486270904541016,0.0016849040985107422,0.0007328987121582031,0.010904073715209961,14,4,3,6,0,4,27,11,4,64,0,568,8823
oliveira/04_10/randm04.02.02.14.020_0030.02.aba.beta,True,5,4,0.01031947135925293,0.002149820327758789,0.0007197856903076172,0.013189077377319336,16,5,3,6,0,5,12,11,4,42,0,553,8624
oliveira/04_10/randm04.02.02.14.020_0030.03.aba.beta,True,3,4,0.009211301803588867,0.0017828941345214844,0.0007600784301757812,0.011754274368286133,14,3,2,5,0,4,22,11,4,75,0,562,8757
oliveira/04_10/randm04.02.02.14.020_0030.04.aba.beta,True,4,4,0.009514570236206055,0.0017559528350830078,0.0007572174072265625,0.012027740478515625,16,4,3,5,0,4,27,12,4,90,0,595,9229
oliveira/04_10/randm04.02.02.14.020_0030.05.aba.beta,True,4,4,0.008517742156982422,0.0016798973083496094,0.0007007122039794922,0.010898351669311523,14,4,3,6,0,4,13,11,4,36,0,546,8595
oliveira/04_10/randm04.02.02.15.020_0030.01.aba.beta,True,1,2,0.0013012886047363281,0.0003457069396972656,0.0006864070892333984,0.002333402633666992,5,1,1,4,0,1,5,4,2,6,0,533,8586
oliveira/04_10/randm04.02.02.15.020_0030.02.aba.beta,True,1,2,0.001275777816772461,0.00033473968505859375,0.0006859302520751953,0.00229644775390625,5,1,1,4,0,1,5,5,2,6,0,532,8581
oliveira/04_10/randm04.02.02.15.020_0030.03.aba.beta,True,1,2,0.0014047622680664062,0.0003573894500732422,0.0007107257843017578,0.0024728775024414062,5,1,1,4,0,1,5,5,2,6,0,541,8605
oliveira/04_10/randm04.02.02.15.020_0030.04.aba.beta,True,1,2,0.0012886524200439453,0.0003407001495361328,0.0007154941558837891,0.002344846725463867,5,1,1,4,0,1,5,5,2,6,0,542,8616
oliveira/04_10/randm04.02.02.15.020_0030.05.aba.beta,True,1,2,0.0013272762298583984,0.0003376007080078125,0.0007464885711669922,0.002411365509033203,5,1,1,4,0,1,5,5,2,6,0,534,8580
oliveira/04_10/randm04.02.02.16.020_0030.01.aba.beta,True,2,3,0.0030934810638427734,0.0007688999176025391,0.0007159709930419922,0.004578351974487305,11,2,2,4,2,2,11,10,3,25,0,536,8574
oliveira/04_10/randm04.02.02.16.020_0030.02.aba.beta,True,2,3,0.0038161277770996094,0.0007839202880859375,0.0007526874542236328,0.00535273551940918,11,2,2,5,2,2,14,9,3,31,0,540,8589
oliveira/04_10/randm04.02.02.16.020_0030.03.aba.beta,True,2,3,0.0032100677490234375,0.0007476806640625,0.0007181167602539062,0.004675865173339844,11,2,2,5,2,2,15,10,3,33,0,546,8632
oliveira/04_10/randm04.02.02.16.020_0030.04.aba.beta,True,2,3,0.003228902816772461,0.0007772445678710938,0.0007009506225585938,0.0047070980072021484,11,2,2,5,2,2,14,10,3,31,0,549,8641
oliveira/04_10/randm04.02.02.16.020_0030.05.aba.beta,True,4,3,0.013247966766357422,0.0017333030700683594,0.0007317066192626953,0.015712976455688477,22,4,2,4,2,4,76,12,3,179,0,584,9060
oliveira/04_10/randm04.02.02.17.020_0030.01.aba.beta,True,2,3,0.0034332275390625,0.0007665157318115234,0.0007271766662597656,0.004926919937133789,9,2,2,5,0,2,15,8,3,30,0,549,8649
oliveira/04_10/randm04.02.02.17.020_0030.02.aba.beta,True,2,3,0.003775358200073242,0.0008094310760498047,0.0007102489471435547,0.0052950382232666016,9,2,2,5,0,2,21,8,3,42,0,553,8710
oliveira/04_10/randm04.02.02.17.020_0030.03.aba.beta,True,2,3,0.0033800601959228516,0.0007610321044921875,0.0007402896881103516,0.004881381988525391,9,2,2,5,0,2,13,8,3,28,0,535,8562
oliveira/04_10/randm04.02.02.17.020_0030.04.aba.beta,True,2,3,0.003490924835205078,0.0007607936859130859,0.0008809566497802734,0.0051326751708984375,9,2,2,5,0,2,15,8,3,32,0,535,8572
oliveira/04_10/randm04.02.02.17.020_0030.05.aba.beta,True,2,3,0.003453493118286133,0.0007641315460205078,0.0006825923919677734,0.004900217056274414,9,2,2,5,0,2,16,8,3,32,0,540,8576
oliveira/04_10/randm04.02.02.18.020_0030.01.aba.beta,True,6,4,0.014758825302124023,0.002716064453125,0.0008230209350585938,0.018297910690307617,22,6,3,6,0,6,26,17,4,111,0,616,9276
oliveira/04_10/randm04.02.02.18.020_0030.02.aba.beta,True,3,4,0.008804798126220703,0.0016450881958007812,0.0007081031799316406,0.011157989501953125,15,3,2,6,0,4,23,12,4,66,0,561,8719
oliveira/04_10/randm04.02.02.18.020_0030.03.aba.beta,True,5,4,0.02962779998779297,0.004110813140869141,0.0008113384246826172,0.03454995155334473,29,5,2,6,0,8,54,18,6,156,0,632,9660
oliveira/04_10/randm04.02.02.18.020_0030.04.aba.beta,True,6,4,0.03066086769104004,0.0037689208984375,0.0009446144104003906,0.03537440299987793,32,6,2,7,0,8,102,16,5,250,0,737,11269
oliveira/04_10/randm04.02.02.18.020_0030.05.aba.beta,True,6,4,0.017650127410888672,0.0029044151306152344,0.0008282661437988281,0.021382808685302734,26,6,3,6,0,6,50,16,4,200,0,611,9348
oliveira/04_10/randm04.02.02.19.020_0030.01.aba.beta,True,3,3,0.008122920989990234,0.0012466907501220703,0.0007023811340332031,0.010071992874145508,21,3,2,5,0,3,65,11,3,135,0,556,8704
oliveira/04_10/randm04.02.02.19.020_0030.02.aba.beta,True,4,3,0.009765625,0.0020699501037597656,0.0007340908050537109,0.012569665908813477,16,4,2,5,0,4,27,13,3,111,0,586,8943
oliveira/04_10/randm04.02.02.19.020_0030.03.aba.beta,True,4,3,0.010783195495605469,0.0017390251159667969,0.0007135868072509766,0.013235807418823242,24,4,2,5,0,4,62,12,3,147,0,562,8741
oliveira/04_10/randm04.02.02.19.020_0030.04.aba.beta,True,3,3,0.0057833194732666016,0.0012350082397460938,0.0007348060607910156,0.007753133773803711,12,3,2,5,0,3,13,10,3,42,0,546,8617
oliveira/04_10/randm04.02.02.19.020_0030.05.aba.beta,True,4,3,0.01988506317138672,0.002602815628051758,0.0007238388061523438,0.02321171760559082,26,4,1,5,0,6,92,13,4,195,0,573,8836
oliveira/04_10/randm05.02.02.01.020_0030.01.aba.beta,True,3,3,0.00536799430847168,0.0011653900146484375,0.0006854534149169922,0.007218837738037109,14,3,2,4,2,3,16,12,3,44,0,544,8594
oliveira/04_10/randm05.02.02.01.020_0030.02.aba.beta,True,3,3,0.005335569381713867,0.0011479854583740234,0.0006918907165527344,0.007175445556640625,14,3,2,4,2,3,14,12,3,41,0,549,8628
oliveira/04_10/randm05.02.02.01.020_0030.03.aba.beta,True,4,3,0.007345676422119141,0.001619577407836914,0.0007159709930419922,0.009681224822998047,15,4,2,5,2,4,16,11,3,48,0,562,8687
oliveira/04_10/randm05.02.02.01.020_0030.04.aba.beta,True,3,3,0.005258321762084961,0.0011458396911621094,0.0007145404815673828,0.007118701934814453,14,3,2,5,2,3,18,10,3,44,0,545,8606
oliveira/04_10/randm05.02.02.01.020_0030.05.aba.beta,True,3,3,0.005260467529296875,0.00113677978515625,0.0006914138793945312,0.007088661193847656,13,3,2,5,2,3,14,10,3,36,0,532,8530
oliveira/04_10/randm05.02.02.02.020_0030.01.aba.beta,True,2,3,0.0029141902923583984,0.0007121562957763672,0.0006778240203857422,0.004304170608520508,10,2,2,5,2,2,9,8,3,19,0,524,8509
oliveira/04_10/randm05.02.02.02.020_0030.02.aba.beta,True,2,3,0.0035495758056640625,0.0007679462432861328,0.0009484291076660156,0.005265951156616211,11,2,2,5,2,2,17,9,3,35,0,544,8631
oliveira/04_10/randm05.02.02.02.020_0030.03.aba.beta,True,2,3,0.0036346912384033203,0.0007772445678710938,0.0006983280181884766,0.005110263824462891,11,2,2,5,2,2,24,10,3,49,0,544,8682
oliveira/04_10/randm05.02.02.02.020_0030.04.aba.beta,True,2,3,0.0028777122497558594,0.0007174015045166016,0.0007390975952148438,0.004334211349487305,10,2,2,5,2,2,9,9,3,19,0,537,8583
oliveira/04_10/randm05.02.02.02.020_0030.05.aba.beta,True,2,3,0.0029115676879882812,0.0007219314575195312,0.0006811618804931641,0.0043146610260009766,10,2,2,5,2,2,9,9,3,19,0,535,8572
oliveira/04_10/randm05.02.02.03.020_0030.01.aba.beta,True,1,1,0.0008909702301025391,0.0002994537353515625,0.00067138671875,0.0018618106842041016,3,1,0,2,0,1,3,3,1,2,0,543,8619
oliveira/04_10/randm05.02.02.03.020_0030.02.aba.beta,True,1,1,0.0008704662322998047,0.0002963542938232422,0.0006937980651855469,0.0018606185913085938,3,1,0,2,0,1,3,3,1,2,0,538,8597
oliveira/04_10/randm05.02.02.03.020_0030.03.aba.beta,True,1,1,0.0008687973022460938,0.00029659271240234375,0.0006906986236572266,0.001856088638305664,3,1,0,2,0,1,3,3,1,2,0,537,8598
oliveira/04_10/randm05.02.02.03.020_0030.04.aba.beta,True,1,1,0.0008761882781982422,0.0002944469451904297,0.0006866455078125,0.0018572807312011719,3,1,0,2,0,1,3,3,1,2,0,534,8583
oliveira/04_10/randm05.02.02.03.020_0030.05.aba.beta,True,1,1,0.0008671283721923828,0.0002961158752441406,0.0007040500640869141,0.0018672943115234375,3,1,0,2,0,1,3,3,1,2,0,521,8531
oliveira/04_10/randm05.02.02.04.020_0030.01.aba.beta,True,11,6,0.08575582504272461,0.009668111801147461,0.0010962486267089844,0.09652018547058105,59,11,4,8,0,16,196,27,10,539,0,811,11898
oliveira/04_10/randm05.02.02.04.020_0030.02.aba.beta,True,5,5,0.03031301498413086,0.0043256282806396484,0.0007929801940917969,0.035431623458862305,34,5,3,8,0,8,69,19,7,215,0,587,8943
oliveira/04_10/randm05.02.02.04.020_0030.03.aba.beta,True,6,5,0.020566940307617188,0.0033960342407226562,0.0008037090301513672,0.02476668357849121,28,6,4,6,0,6,39,20,5,201,0,622,9192
oliveira/04_10/randm05.02.02.04.020_0030.04.aba.beta,True,8,5,0.043114423751831055,0.005882978439331055,0.0008375644683837891,0.0498349666595459,37,8,3,7,0,10,71,24,6,229,0,666,10000
oliveira/04_10/randm05.02.02.04.020_0030.05.aba.beta,True,8,5,0.04008221626281738,0.005475044250488281,0.000843048095703125,0.04640030860900879,34,8,3,6,0,10,68,21,6,223,0,642,9668
oliveira/04_10/randm05.02.02.05.020_0030.01.aba.beta,True,3,4,0.02955150604248047,0.004990816116333008,0.0007388591766357422,0.03528118133544922,26,3,2,12,0,11,30,18,11,101,0,551,8627
oliveira/04_10/randm05.02.02.05.020_0030.02.aba.beta,True,4,4,0.008258819580078125,0.0016758441925048828,0.0007107257843017578,0.010645389556884766,15,4,3,6,0,4,15,12,4,58,0,554,8640
oliveira/04_10/randm05.02.02.05.020_0030.03.aba.beta,True,4,4,0.01197957992553711,0.0018362998962402344,0.0008246898651123047,0.014640569686889648,21,4,3,6,0,4,84,11,4,154,0,565,8803
oliveira/04_10/randm05.02.02.05.020_0030.04.aba.beta,True,7,4,0.04291486740112305,0.003725290298461914,0.0008122920989990234,0.047452449798583984,44,7,3,6,0,7,167,14,4,510,0,624,9463
oliveira/04_10/randm05.02.02.05.020_0030.05.aba.beta,True,4,4,0.010095834732055664,0.0017824172973632812,0.0007772445678710938,0.012655496597290039,16,4,3,6,0,4,37,13,4,101,0,603,9330
oliveira/04_10/randm05.02.02.06.020_0030.01.aba.beta,True,9,5,0.06128811836242676,0.007779836654663086,0.001177072525024414,0.07024502754211426,54,9,3,6,0,13,151,19,8,452,0,844,12676
oliveira/04_10/randm05.02.02.06.020_0030.02.aba.beta,True,5,5,0.05029296875,0.006798982620239258,0.0007870197296142578,0.057878971099853516,38,5,3,7,0,12,68,23,11,224,0,582,8831
oliveira/04_10/randm05.02.02.06.020_0030.03.aba.beta,True,6,5,0.07130026817321777,0.007141590118408203,0.0007698535919189453,0.07921171188354492,54,6,3,9,0,13,120,24,11,442,0,601,9052
oliveira/04_10/randm05.02.02.06.020_0030.04.aba.beta,True,10,5,0.21362709999084473,0.016130685806274414,0.0010578632354736328,0.23081564903259277,99,10,2,9,0,23,352,30,16,1002,0,859,12719
oliveira/04_10/randm05.02.02.06.020_0030.05.aba.beta,True,8,5,0.06569719314575195,0.008692741394042969,0.0007932186126708984,0.07518315315246582,49,8,3,7,0,15,69,26,11,351,0,631,9238
oliveira/04_10/randm05.02.02.07.020_0030.01.aba.beta,True,8,5,0.07906341552734375,0.0060558319091796875,0.001087188720703125,0.08620643615722656,55,8,3,6,2,9,351,23,5,673,0,868,13112
oliveira/04_10/randm05.02.02.07.020_0030.02.aba.beta,True,8,5,0.10251379013061523,0.01001882553100586,0.0010662078857421875,0.11359882354736328,55,8,3,8,2,17,205,25,13,475,0,827,12562
oliveira/04_10/randm05.02.02.07.020_0030.03.aba.beta,True,12,6,0.14055156707763672,0.015120506286621094,0.0016143321990966797,0.1572864055633545,74,12,3,8,2,20,269,35,12,721,0,1275,19275
oliveira/04_10/randm05.02.02.07.020_0030.04.aba.beta,True,10,5,0.2839539051055908,0.01618504524230957,0.0013432502746582031,0.3014822006225586,85,10,2,7,2,21,477,34,14,982,0,1021,15507
oliveira/04_10/randm05.02.02.07.020_0030.05.aba.beta,True,9,5,0.1009528636932373,0.0075283050537109375,0.0012989044189453125,0.10978007316589355,54,9,3,6,2,10,343,23,5,659,0,974,14767
oliveira/04_10/randm05.02.02.08.020_0030.01.aba.beta,True,4,3,0.009853839874267578,0.0019237995147705078,0.0010383129119873047,0.01281595230102539,18,4,2,4,0,4,32,12,3,75,0,789,12484
oliveira/04_10/randm05.02.02.08.020_0030.02.aba.beta,True,5,3,0.010770320892333984,0.002179384231567383,0.001291036605834961,0.014240741729736328,18,5,2,4,0,5,23,14,3,81,0,971,15168
oliveira/04_10/randm05.02.02.08.020_0030.03.aba.beta,True,7,3,0.016224384307861328,0.0033562183380126953,0.0007669925689697266,0.02034759521484375,25,7,2,5,0,7,24,15,3,121,0,585,8819
oliveira/04_10/randm05.02.02.08.020_0030.04.aba.beta,True,4,3,0.007256746292114258,0.0016155242919921875,0.0007002353668212891,0.009572505950927734,13,4,2,5,0,4,14,10,3,43,0,554,8652
oliveira/04_10/randm05.02.02.08.020_0030.05.aba.beta,True,4,3,0.008123159408569336,0.0016865730285644531,0.0011086463928222656,0.010918378829956055,15,4,2,4,0,4,16,12,3,48,0,851,13362
oliveira/04_10/randm05.02.02.09.020_0030.01.aba.beta,True,4,4,0.01816558837890625,0.0019097328186035156,0.0008795261383056641,0.02095484733581543,28,4,3,6,0,4,212,13,4,344,0,649,10132
oliveira/04_10/randm05.02.02.09.020_0030.02.aba.beta,True,4,4,0.021842241287231445,0.002010345458984375,0.0007734298706054688,0.02462601661682129,30,4,3,6,2,4,148,13,4,279,0,614,9419
oliveira/04_10/randm05.02.02.09.020_0030.03.aba.beta,True,3,4,0.0071353912353515625,0.0013518333435058594,0.0007140636444091797,0.009201288223266602,15,3,3,6,2,3,16,12,4,50,0,554,8652
oliveira/04_10/randm05.02.02.09.020_0030.04.aba.beta,True,3,4,0.006695985794067383,0.0013127326965332031,0.0007102489471435547,0.00871896743774414,15,3,3,5,2,3,16,12,4,50,0,550,8635
oliveira/04_10/randm05.02.02.09.020_0030.05.aba.beta,True,5,4,0.014318466186523438,0.002382993698120117,0.0007376670837402344,0.01743912696838379,24,5,3,6,4,5,40,12,4,143,0,579,8916
oliveira/04_10/randm05.02.02.10.020_0030.01.aba.beta,True,6,5,0.04208540916442871,0.0038034915924072266,0.0008387565612792969,0.046727657318115234,44,6,4,5,1,6,208,18,5,474,0,609,9395
oliveira/04_10/randm05.02.02.10.020_0030.02.aba.beta,True,6,5,0.051300048828125,0.005406379699707031,0.0008325576782226562,0.05753898620605469,44,6,3,7,0,9,175,20,7,420,0,618,9290
oliveira/04_10/randm05.02.02.10.020_0030.03.aba.beta,True,8,6,0.08553314208984375,0.008150100708007812,0.0008206367492675781,0.09450387954711914,69,8,4,7,5,12,200,31,9,652,0,645,9556
