file name,succeeded,learning_rounds,automaton_size,learning_time,smt_time,eq_oracle_time,total_time,queries_learning,validity_query,rule1,rule2,rule3,rule4,nodes,informative_nodes,analyzed_bases,sul_steps,cache_saved,queries_eq_oracle,steps_eq_oracle
lee_alpharegex/1,True,4,3,0.012519359588623047,0.002637624740600586,1.6689300537109375e-05,0.015173673629760742,14,4,2,5,2,5,11,10,4,30,0,35,82
lee_alpharegex/2,True,7,3,0.01651906967163086,0.004528522491455078,2.5987625122070312e-05,0.021073579788208008,16,7,0,3,0,10,10,7,4,34,0,56,167
lee_alpharegex/3,True,4,5,0.09026980400085449,0.01180410385131836,3.6716461181640625e-05,0.10211062431335449,51,4,9,14,21,18,60,22,24,230,0,73,348
lee_alpharegex/4,True,7,4,0.01384878158569336,0.003256559371948242,2.1219253540039062e-05,0.01712656021118164,19,7,3,5,0,7,13,10,4,49,0,45,129
lee_alpharegex/5,True,5,4,0.02005600929260254,0.004094600677490234,3.4332275390625e-05,0.0241849422454834,22,5,2,9,2,8,18,17,6,68,0,77,295
lee_alpharegex/6,True,2,3,0.0034804344177246094,0.0009088516235351562,4.744529724121094e-05,0.0044367313385009766,10,2,2,4,2,2,11,8,3,22,0,95,485
lee_alpharegex/7,True,5,3,0.018587827682495117,0.003908395767211914,2.002716064453125e-05,0.022516250610351562,28,5,2,8,6,9,26,11,7,95,0,39,157
lee_alpharegex/8,True,2,2,0.003962278366088867,0.0011856555938720703,8.58306884765625e-06,0.005156517028808594,8,2,1,5,0,3,7,5,3,12,0,16,69
lee_alpharegex/10,True,8,4,0.02293229103088379,0.004278898239135742,3.933906555175781e-05,0.02725052833557129,34,8,4,6,9,9,32,14,6,114,0,97,274
lee_alpharegex/11,True,3,3,0.006086587905883789,0.0014340877532958984,1.2159347534179688e-05,0.007532835006713867,11,3,2,4,0,4,9,6,4,22,0,27,79
lee_alpharegex/12,True,6,4,0.018171072006225586,0.0033206939697265625,2.2172927856445312e-05,0.021513938903808594,26,6,2,5,2,7,34,7,4,109,0,33,178
lee_alpharegex/13,True,10,4,0.036131858825683594,0.005769252777099609,4.673004150390625e-05,0.04194784164428711,42,10,3,5,2,10,59,13,4,210,0,94,349
lee_alpharegex/14,True,2,3,0.00475001335144043,0.0009176731109619141,2.7418136596679688e-05,0.0056951045989990234,13,2,2,7,3,3,12,11,4,30,0,65,265
lee_alpharegex/15,True,7,3,0.012949705123901367,0.003008604049682617,3.218650817871094e-05,0.015990495681762695,17,7,2,4,0,7,11,10,3,43,0,74,214
lee_alpharegex/16,True,4,3,0.008376359939575195,0.0019915103912353516,3.552436828613281e-05,0.01040339469909668,11,4,1,4,0,5,8,7,3,20,0,86,288
lee_alpharegex/17,True,11,5,0.10460376739501953,0.017487287521362305,4.839897155761719e-05,0.12213945388793945,49,11,1,17,0,33,45,13,24,194,0,88,328
lee_alpharegex/18,True,11,4,0.05328845977783203,0.009685039520263672,4.839897155761719e-05,0.06302189826965332,39,11,1,7,0,19,35,11,10,149,0,85,358
lee_alpharegex/19,True,3,4,0.010356664657592773,0.0016024112701416016,6.246566772460938e-05,0.012021541595458984,29,3,4,8,14,4,27,13,6,110,0,134,615
lee_alpharegex/20,True,3,3,0.006751060485839844,0.0014159679412841797,8.845329284667969e-05,0.008255481719970703,12,3,2,5,2,4,10,7,4,24,0,175,817
lee_alpharegex/21,True,6,3,0.015686988830566406,0.003868579864501953,1.7881393432617188e-05,0.019573450088500977,17,6,0,3,0,10,13,6,5,43,0,30,126
lee_alpharegex/22,True,16,5,0.04061174392700195,0.007938385009765625,0.00010204315185546875,0.04865217208862305,35,16,4,4,0,16,20,19,5,103,0,248,769
lee_alpharegex/23,True,6,4,0.024013280868530273,0.00393986701965332,3.0040740966796875e-05,0.02798318862915039,22,6,2,5,0,10,26,10,7,75,0,57,242
lee_alpharegex/24,True,13,5,0.08961987495422363,0.013614416122436523,7.82012939453125e-05,0.10331249237060547,45,13,3,10,0,24,44,15,15,198,0,158,620
lee_alpharegex/25,True,8,4,0.04856419563293457,0.006728649139404297,3.4332275390625e-05,0.05532717704772949,44,8,1,3,0,12,80,9,6,237,0,52,288
oliveira/04_07/randm04.02.02.01.020_0030.01.aba.beta,True,3,3,0.00491642951965332,0.0011892318725585938,0.0006618499755859375,0.0067675113677978516,12,3,2,5,1,3,12,10,3,32,0,543,8608
oliveira/04_07/randm04.02.02.01.020_0030.02.aba.beta,True,5,4,0.009880781173706055,0.002093076705932617,0.0014073848724365234,0.013381242752075195,16,5,3,5,1,5,13,12,4,40,0,1137,18044
oliveira/04_07/randm04.02.02.01.020_0030.03.aba.beta,True,6,4,0.012981891632080078,0.002884387969970703,0.0017018318176269531,0.017568111419677734,19,6,3,5,2,6,15,14,4,53,0,1285,20584
oliveira/04_07/randm04.02.02.01.020_0030.04.aba.beta,True,6,4,0.012843847274780273,0.002630472183227539,0.0016446113586425781,0.01711893081665039,19,6,3,5,2,6,17,13,4,57,0,1246,19786
oliveira/04_07/randm04.02.02.01.020_0030.05.aba.beta,True,5,4,0.010228872299194336,0.002187490463256836,0.001674652099609375,0.014091014862060547,16,5,3,5,1,5,16,12,4,46,0,1286,20264
oliveira/04_07/randm04.02.02.02.020_0030.01.aba.beta,True,1,1,0.0008995532989501953,0.00031256675720214844,0.000713348388671875,0.0019254684448242188,3,1,0,2,0,1,3,3,1,2,0,543,8623
oliveira/04_07/randm04.02.02.02.020_0030.02.aba.beta,True,1,1,0.0010097026824951172,0.00037026405334472656,0.0006775856018066406,0.0020575523376464844,3,1,0,2,0,1,3,3,1,2,0,537,8598
oliveira/04_07/randm04.02.02.02.020_0030.03.aba.beta,True,1,1,0.0008921623229980469,0.0003173351287841797,0.0006663799285888672,0.0018758773803710938,3,1,0,2,0,1,3,3,1,2,0,527,8532
oliveira/04_07/randm04.02.02.02.020_0030.04.aba.beta,True,1,1,0.0008952617645263672,0.0003132820129394531,0.0006620883941650391,0.0018706321716308594,3,1,0,2,0,1,3,3,1,2,0,536,8589
oliveira/04_07/randm04.02.02.02.020_0030.05.aba.beta,True,1,1,0.0009348392486572266,0.0003600120544433594,0.0006580352783203125,0.0019528865814208984,3,1,0,2,0,1,3,3,1,2,0,536,8583
oliveira/04_07/randm04.02.02.03.020_0030.01.aba.beta,True,2,3,0.0031151771545410156,0.0007653236389160156,0.00066375732421875,0.004544258117675781,11,2,2,5,2,2,13,10,3,27,0,536,8563
oliveira/04_07/randm04.02.02.03.020_0030.02.aba.beta,True,2,3,0.0035927295684814453,0.0009562969207763672,0.0006783008575439453,0.005227327346801758,11,2,2,5,2,2,21,9,3,43,0,545,8658
oliveira/04_07/randm04.02.02.03.020_0030.03.aba.beta,True,2,3,0.0028400421142578125,0.0007088184356689453,0.0006520748138427734,0.004200935363769531,10,2,2,5,2,2,9,9,3,19,0,540,8598
oliveira/04_07/randm04.02.02.03.020_0030.04.aba.beta,True,2,3,0.002931833267211914,0.0008113384246826172,0.0006573200225830078,0.004400491714477539,10,2,2,5,2,2,9,9,3,19,0,543,8612
oliveira/04_07/randm04.02.02.03.020_0030.05.aba.beta,True,3,3,0.005972385406494141,0.0013184547424316406,0.0006706714630126953,0.007961511611938477,14,3,2,5,2,3,18,11,3,51,0,547,8614
oliveira/04_07/randm04.02.02.04.020_0030.01.aba.beta,True,1,1,0.0009436607360839844,0.00035881996154785156,0.0006899833679199219,0.001992464065551758,3,1,0,2,0,1,3,3,1,2,0,529,8558
oliveira/04_07/randm04.02.02.04.020_0030.02.aba.beta,True,1,1,0.0008842945098876953,0.000308990478515625,0.0006964206695556641,0.0018897056579589844,3,1,0,2,0,1,3,3,1,2,0,531,8570
oliveira/04_07/randm04.02.02.04.020_0030.03.aba.beta,True,1,1,0.0008859634399414062,0.0002930164337158203,0.0007038116455078125,0.001882791519165039,3,1,0,2,0,1,3,3,1,2,0,532,8571
oliveira/04_07/randm04.02.02.04.020_0030.04.aba.beta,True,1,1,0.0009288787841796875,0.0003101825714111328,0.0007121562957763672,0.0019512176513671875,3,1,0,2,0,1,3,3,1,2,0,535,8587
oliveira/04_07/randm04.02.02.04.020_0030.05.aba.beta,True,1,1,0.002170562744140625,0.00032901763916015625,0.0007369518280029297,0.003236532211303711,3,1,0,2,0,1,3,3,1,2,0,539,8598
oliveira/04_07/randm04.02.02.05.020_0030.01.aba.beta,True,1,2,0.0013201236724853516,0.0003294944763183594,0.0006551742553710938,0.0023047924041748047,5,1,1,4,0,1,5,5,2,6,0,533,8580
oliveira/04_07/randm04.02.02.05.020_0030.02.aba.beta,True,1,2,0.001384735107421875,0.00039315223693847656,0.0006964206695556641,0.0024743080139160156,5,1,1,4,0,1,5,5,2,6,0,529,8561
oliveira/04_07/randm04.02.02.05.020_0030.03.aba.beta,True,1,2,0.0013833045959472656,0.0004048347473144531,0.0006718635559082031,0.002460002899169922,5,1,1,4,0,1,5,5,2,6,0,538,8604
oliveira/04_07/randm04.02.02.05.020_0030.04.aba.beta,True,1,2,0.001546621322631836,0.0003383159637451172,0.0006818771362304688,0.002566814422607422,5,1,1,4,0,1,5,5,2,6,0,531,8548
oliveira/04_07/randm04.02.02.05.020_0030.05.aba.beta,True,1,2,0.0013399124145507812,0.0003371238708496094,0.0006632804870605469,0.0023403167724609375,5,1,1,4,0,1,5,5,2,6,0,528,8549
oliveira/04_07/randm04.02.02.06.020_0030.01.aba.beta,True,3,3,0.006818532943725586,0.0014331340789794922,0.0006871223449707031,0.008938789367675781,14,3,2,4,0,3,27,11,3,76,0,554,8748
oliveira/04_07/randm04.02.02.06.020_0030.02.aba.beta,True,3,3,0.006857395172119141,0.001451253890991211,0.0006809234619140625,0.008989572525024414,12,3,2,4,0,3,21,10,3,67,0,568,8797
oliveira/04_07/randm04.02.02.06.020_0030.03.aba.beta,True,4,3,0.00792837142944336,0.0017883777618408203,0.0006854534149169922,0.010402202606201172,14,4,2,5,0,4,21,11,3,62,0,563,8743
oliveira/04_07/randm04.02.02.06.020_0030.04.aba.beta,True,5,3,0.013456106185913086,0.0023734569549560547,0.0007412433624267578,0.0165708065032959,20,5,2,5,0,5,41,12,3,133,0,590,9046
oliveira/04_07/randm04.02.02.06.020_0030.05.aba.beta,True,3,3,0.0057849884033203125,0.0012729167938232422,0.0007002353668212891,0.007758140563964844,12,3,2,4,0,3,17,10,3,48,0,559,8698
oliveira/04_07/randm04.02.02.07.020_0030.01.aba.beta,True,1,2,0.0013303756713867188,0.0003464221954345703,0.0006673336029052734,0.0023441314697265625,5,1,1,4,0,1,5,5,2,6,0,531,8557
oliveira/04_07/randm04.02.02.07.020_0030.02.aba.beta,True,1,2,0.0013551712036132812,0.0004048347473144531,0.0006608963012695312,0.0024209022521972656,5,1,1,4,0,1,5,5,2,6,0,531,8567
oliveira/04_07/randm04.02.02.07.020_0030.03.aba.beta,True,1,2,0.0013003349304199219,0.0003352165222167969,0.000682830810546875,0.0023183822631835938,5,1,1,4,0,1,5,5,2,6,0,538,8600
oliveira/04_07/randm04.02.02.07.020_0030.04.aba.beta,True,1,2,0.00140380859375,0.0003972053527832031,0.0006625652313232422,0.0024635791778564453,5,1,1,4,0,1,5,5,2,6,0,538,8598
oliveira/04_07/randm04.02.02.07.020_0030.05.aba.beta,True,1,2,0.0015065670013427734,0.00036072731018066406,0.0007750988006591797,0.002642393112182617,5,1,1,4,0,1,5,5,2,6,0,541,8614
oliveira/04_07/randm04.02.02.08.020_0030.01.aba.beta,True,7,4,0.04579329490661621,0.004761457443237305,0.0008988380432128906,0.051453590393066406,48,7,2,6,2,8,185,19,4,530,0,726,10901
oliveira/04_07/randm04.02.02.08.020_0030.02.aba.beta,True,6,4,0.04275655746459961,0.003752470016479492,0.0008497238159179688,0.04735875129699707,39,6,2,5,2,7,204,14,4,363,0,639,9888
oliveira/04_07/randm04.02.02.08.020_0030.03.aba.beta,True,6,4,0.015011072158813477,0.0026743412017822266,0.000885009765625,0.018570423126220703,22,6,3,6,2,6,26,15,4,99,0,677,10450
oliveira/04_07/randm04.02.02.08.020_0030.04.aba.beta,True,5,4,0.010476827621459961,0.0022745132446289062,0.0006699562072753906,0.013421297073364258,17,5,3,6,2,5,13,13,4,53,0,561,8660
oliveira/04_07/randm04.02.02.08.020_0030.05.aba.beta,True,6,4,0.016858577728271484,0.0030050277709960938,0.0008704662322998047,0.020734071731567383,24,6,3,6,2,6,43,19,4,159,0,631,9493
oliveira/04_07/randm04.02.02.09.020_0030.01.aba.beta,True,2,3,0.0032973289489746094,0.000751495361328125,0.0006651878356933594,0.004714012145996094,9,2,2,5,0,2,10,8,3,22,0,541,8608
oliveira/04_07/randm04.02.02.09.020_0030.02.aba.beta,True,2,3,0.0037462711334228516,0.0008895397186279297,0.0006635189056396484,0.00529932975769043,9,2,2,5,0,2,14,8,3,30,0,534,8569
oliveira/04_07/randm04.02.02.09.020_0030.03.aba.beta,True,2,3,0.003531932830810547,0.0008332729339599609,0.0006742477416992188,0.0050394535064697266,9,2,2,5,0,2,15,8,3,30,0,545,8636
oliveira/04_07/randm04.02.02.09.020_0030.04.aba.beta,True,2,3,0.003817319869995117,0.0008707046508789062,0.0007214546203613281,0.0054094791412353516,9,2,2,5,0,2,21,8,3,42,0,553,8716
oliveira/04_07/randm04.02.02.09.020_0030.05.aba.beta,True,2,3,0.0037534236907958984,0.0008258819580078125,0.0006735324859619141,0.005252838134765625,9,2,2,5,0,2,17,8,3,36,0,549,8669
oliveira/04_07/randm04.02.02.10.020_0030.01.aba.beta,True,2,4,0.004972696304321289,0.0008900165557861328,0.0007143020629882812,0.006577014923095703,13,2,3,5,2,2,32,12,4,66,0,556,8820
oliveira/04_07/randm04.02.02.10.020_0030.02.aba.beta,True,2,4,0.0043451786041259766,0.0008301734924316406,0.000701904296875,0.005877256393432617,13,2,3,6,2,2,20,10,4,42,0,530,8565
oliveira/04_07/randm04.02.02.10.020_0030.03.aba.beta,True,2,4,0.005155324935913086,0.0009491443634033203,0.0007655620574951172,0.0068700313568115234,13,2,3,6,2,2,38,11,4,78,0,562,8955
oliveira/04_07/randm04.02.02.10.020_0030.04.aba.beta,True,2,4,0.005149364471435547,0.0009701251983642578,0.000705718994140625,0.00682520866394043,13,2,3,5,2,2,30,11,4,62,0,555,8784
oliveira/04_07/randm04.02.02.10.020_0030.05.aba.beta,True,2,4,0.004995822906494141,0.0009572505950927734,0.0006921291351318359,0.00664520263671875,13,2,3,5,2,2,31,11,4,64,0,560,8819
oliveira/04_07/randm04.02.02.11.020_0030.01.aba.beta,True,8,4,0.019147634506225586,0.0038461685180664062,0.002034902572631836,0.025028705596923828,24,8,3,6,0,8,24,16,4,82,0,1633,25528
oliveira/04_07/randm04.02.02.11.020_0030.02.aba.beta,True,8,4,0.018230438232421875,0.004044532775878906,0.002143383026123047,0.024418354034423828,23,8,3,6,0,8,18,16,4,70,0,1592,25010
oliveira/04_07/randm04.02.02.11.020_0030.03.aba.beta,True,7,4,0.016381502151489258,0.0032122135162353516,0.0011663436889648438,0.020760059356689453,20,7,3,6,0,7,15,14,4,68,0,846,13003
oliveira/04_07/randm04.02.02.11.020_0030.04.aba.beta,True,8,4,0.02034616470336914,0.003979682922363281,0.0012149810791015625,0.025540828704833984,24,8,3,6,0,8,17,13,4,91,0,947,14701
oliveira/04_07/randm04.02.02.11.020_0030.05.aba.beta,True,8,4,0.018592357635498047,0.0036792755126953125,0.001638650894165039,0.0239102840423584,26,8,3,6,0,8,20,15,4,91,0,1183,19109
oliveira/04_07/randm04.02.02.12.020_0030.01.aba.beta,True,3,3,0.006012439727783203,0.0013015270233154297,0.0006973743438720703,0.008011341094970703,12,3,2,5,0,3,18,10,3,55,0,557,8687
oliveira/04_07/randm04.02.02.12.020_0030.02.aba.beta,True,3,3,0.006317853927612305,0.0013539791107177734,0.0007045269012451172,0.008376359939575195,13,3,2,5,0,3,19,10,3,56,0,561,8708
oliveira/04_07/randm04.02.02.12.020_0030.03.aba.beta,True,3,3,0.006036281585693359,0.0013167858123779297,0.0007264614105224609,0.00807952880859375,12,3,2,5,0,3,18,10,3,54,0,564,8717
oliveira/04_07/randm04.02.02.12.020_0030.04.aba.beta,True,3,3,0.005361080169677734,0.0012936592102050781,0.0006687641143798828,0.007323503494262695,11,3,2,5,0,3,10,9,3,28,0,545,8605
oliveira/04_07/randm04.02.02.12.020_0030.05.aba.beta,True,3,3,0.005916595458984375,0.0012700557708740234,0.0007154941558837891,0.007902145385742188,11,3,2,5,0,3,14,9,3,36,0,544,8613
oliveira/04_07/randm04.02.02.13.020_0030.01.aba.beta,True,1,1,0.0009045600891113281,0.0002951622009277344,0.0006823539733886719,0.0018820762634277344,3,1,0,2,0,1,3,3,1,2,0,528,8539
oliveira/04_07/randm04.02.02.13.020_0030.02.aba.beta,True,1,1,0.0008893013000488281,0.00030159950256347656,0.0006973743438720703,0.001888275146484375,3,1,0,2,0,1,3,3,1,2,0,535,8584
oliveira/04_07/randm04.02.02.13.020_0030.03.aba.beta,True,1,1,0.0009050369262695312,0.0003104209899902344,0.0007200241088867188,0.0019354820251464844,3,1,0,2,0,1,3,3,1,2,0,534,8583
oliveira/04_07/randm04.02.02.13.020_0030.04.aba.beta,True,1,1,0.0009062290191650391,0.0003039836883544922,0.0006685256958007812,0.0018787384033203125,3,1,0,2,0,1,3,3,1,2,0,537,8593
oliveira/04_07/randm04.02.02.13.020_0030.05.aba.beta,True,1,1,0.0009703636169433594,0.0003497600555419922,0.0006628036499023438,0.0019829273223876953,3,1,0,2,0,1,3,3,1,2,0,543,8623
oliveira/04_07/randm04.02.02.14.020_0030.01.aba.beta,True,4,4,0.009172439575195312,0.0017974376678466797,0.0006895065307617188,0.011659383773803711,14,4,3,6,0,4,27,11,4,64,0,568,8823
oliveira/04_07/randm04.02.02.14.020_0030.02.aba.beta,True,5,4,0.010433673858642578,0.002117633819580078,0.0006659030914306641,0.01321721076965332,16,5,3,6,0,5,12,11,4,42,0,553,8624
oliveira/04_07/randm04.02.02.14.020_0030.03.aba.beta,True,3,4,0.008903026580810547,0.0017619132995605469,0.0006988048553466797,0.011363744735717773,14,3,2,5,0,4,22,11,4,75,0,562,8757
oliveira/04_07/randm04.02.02.14.020_0030.04.aba.beta,True,4,4,0.009690046310424805,0.0018773078918457031,0.0007781982421875,0.012345552444458008,16,4,3,5,0,4,27,12,4,90,0,595,9229
oliveira/04_07/randm04.02.02.14.020_0030.05.aba.beta,True,4,4,0.007983922958374023,0.0017216205596923828,0.0006866455078125,0.010392189025878906,14,4,3,6,0,4,13,11,4,36,0,546,8595
oliveira/04_07/randm04.02.02.15.020_0030.01.aba.beta,True,1,2,0.001306295394897461,0.0003409385681152344,0.0006844997406005859,0.0023317337036132812,5,1,1,4,0,1,5,4,2,6,0,533,8586
oliveira/04_07/randm04.02.02.15.020_0030.02.aba.beta,True,1,2,0.0014081001281738281,0.0003960132598876953,0.000659942626953125,0.0024640560150146484,5,1,1,4,0,1,5,5,2,6,0,532,8581
oliveira/04_07/randm04.02.02.15.020_0030.03.aba.beta,True,1,2,0.0013477802276611328,0.0003325939178466797,0.0006520748138427734,0.002332448959350586,5,1,1,4,0,1,5,5,2,6,0,541,8605
oliveira/04_07/randm04.02.02.15.020_0030.04.aba.beta,True,1,2,0.00128936767578125,0.0003483295440673828,0.0006744861602783203,0.002312183380126953,5,1,1,4,0,1,5,5,2,6,0,542,8616
oliveira/04_07/randm04.02.02.15.020_0030.05.aba.beta,True,1,2,0.0012984275817871094,0.0003349781036376953,0.0006666183471679688,0.0023000240325927734,5,1,1,4,0,1,5,5,2,6,0,534,8580
oliveira/04_07/randm04.02.02.16.020_0030.01.aba.beta,True,2,3,0.0031092166900634766,0.0007474422454833984,0.0006556510925292969,0.004512310028076172,11,2,2,4,2,2,11,10,3,25,0,536,8574
oliveira/04_07/randm04.02.02.16.020_0030.02.aba.beta,True,2,3,0.0035202503204345703,0.0008444786071777344,0.0006878376007080078,0.0050525665283203125,11,2,2,5,2,2,14,9,3,31,0,540,8589
oliveira/04_07/randm04.02.02.16.020_0030.03.aba.beta,True,2,3,0.0032775402069091797,0.0007340908050537109,0.0007045269012451172,0.004716157913208008,11,2,2,5,2,2,15,10,3,33,0,546,8632
oliveira/04_07/randm04.02.02.16.020_0030.04.aba.beta,True,2,3,0.0033609867095947266,0.000827789306640625,0.0007395744323730469,0.0049283504486083984,11,2,2,5,2,2,14,10,3,31,0,549,8641
oliveira/04_07/randm04.02.02.16.020_0030.05.aba.beta,True,4,3,0.0134124755859375,0.0017278194427490234,0.0007686614990234375,0.01590895652770996,22,4,2,4,2,4,76,12,3,179,0,584,9060
oliveira/04_07/randm04.02.02.17.020_0030.01.aba.beta,True,2,3,0.0035750865936279297,0.0008347034454345703,0.000675201416015625,0.005084991455078125,9,2,2,5,0,2,15,8,3,30,0,549,8649
oliveira/04_07/randm04.02.02.17.020_0030.02.aba.beta,True,2,3,0.003773212432861328,0.0008404254913330078,0.0006902217864990234,0.005303859710693359,9,2,2,5,0,2,21,8,3,42,0,553,8710
oliveira/04_07/randm04.02.02.17.020_0030.03.aba.beta,True,2,3,0.0033919811248779297,0.0007605552673339844,0.0006737709045410156,0.00482630729675293,9,2,2,5,0,2,13,8,3,28,0,535,8562
oliveira/04_07/randm04.02.02.17.020_0030.04.aba.beta,True,2,3,0.0034928321838378906,0.0007460117340087891,0.0009298324584960938,0.0051686763763427734,9,2,2,5,0,2,15,8,3,32,0,535,8572
oliveira/04_07/randm04.02.02.17.020_0030.05.aba.beta,True,2,3,0.003526926040649414,0.0007572174072265625,0.0007143020629882812,0.004998445510864258,9,2,2,5,0,2,16,8,3,32,0,540,8576
oliveira/04_07/randm04.02.02.18.020_0030.01.aba.beta,True,6,4,0.014795303344726562,0.0027074813842773438,0.0007517337799072266,0.018254518508911133,22,6,3,6,0,6,26,17,4,111,0,616,9276
oliveira/04_07/randm04.02.02.18.020_0030.02.aba.beta,True,3,4,0.009136199951171875,0.0017695426940917969,0.0006854534149169922,0.011591196060180664,15,3,2,6,0,4,23,12,4,66,0,561,8719
oliveira/04_07/randm04.02.02.18.020_0030.03.aba.beta,True,5,4,0.02909111976623535,0.004183769226074219,0.000820159912109375,0.034095048904418945,29,5,2,6,0,8,54,18,6,156,0,632,9660
oliveira/04_07/randm04.02.02.18.020_0030.04.aba.beta,True,6,4,0.031697988510131836,0.003802061080932617,0.0008916854858398438,0.0363917350769043,32,6,2,7,0,8,102,16,5,250,0,737,11269
oliveira/04_07/randm04.02.02.18.020_0030.05.aba.beta,True,6,4,0.01780986785888672,0.0029354095458984375,0.0007793903350830078,0.021524667739868164,26,6,3,6,0,6,50,16,4,200,0,611,9348
oliveira/04_07/randm04.02.02.19.020_0030.01.aba.beta,True,3,3,0.008380651473999023,0.0013988018035888672,0.000701904296875,0.01048135757446289,21,3,2,5,0,3,65,11,3,135,0,556,8704
oliveira/04_07/randm04.02.02.19.020_0030.02.aba.beta,True,4,3,0.00970768928527832,0.001814126968383789,0.00074005126953125,0.01226186752319336,16,4,2,5,0,4,27,13,3,111,0,586,8943
oliveira/04_07/randm04.02.02.19.020_0030.03.aba.beta,True,4,3,0.01067495346069336,0.001695394515991211,0.0007350444793701172,0.013105392456054688,24,4,2,5,0,4,62,12,3,147,0,562,8741
oliveira/04_07/randm04.02.02.19.020_0030.04.aba.beta,True,3,3,0.006363391876220703,0.0012745857238769531,0.0006861686706542969,0.008324146270751953,12,3,2,5,0,3,13,10,3,42,0,546,8617
oliveira/04_07/randm04.02.02.19.020_0030.05.aba.beta,True,4,3,0.020340919494628906,0.0026483535766601562,0.0006766319274902344,0.023665904998779297,26,4,1,5,0,6,92,13,4,195,0,573,8836
oliveira/04_07/randm05.02.02.01.020_0030.01.aba.beta,True,3,3,0.005418062210083008,0.0011548995971679688,0.0006799697875976562,0.007252931594848633,14,3,2,4,2,3,16,12,3,44,0,544,8594
oliveira/04_07/randm05.02.02.01.020_0030.02.aba.beta,True,3,3,0.005282878875732422,0.0011377334594726562,0.0006766319274902344,0.0070972442626953125,14,3,2,4,2,3,14,12,3,41,0,549,8628
oliveira/04_07/randm05.02.02.01.020_0030.03.aba.beta,True,4,3,0.007345438003540039,0.001600503921508789,0.0006875991821289062,0.009633541107177734,15,4,2,5,2,4,16,11,3,48,0,562,8687
oliveira/04_07/randm05.02.02.01.020_0030.04.aba.beta,True,3,3,0.005381345748901367,0.001130819320678711,0.0007231235504150391,0.007235288619995117,14,3,2,5,2,3,18,10,3,44,0,545,8606
oliveira/04_07/randm05.02.02.01.020_0030.05.aba.beta,True,3,3,0.005349874496459961,0.0012249946594238281,0.0006883144378662109,0.00726318359375,13,3,2,5,2,3,14,10,3,36,0,532,8530
oliveira/04_07/randm05.02.02.02.020_0030.01.aba.beta,True,2,3,0.0030336380004882812,0.0007216930389404297,0.0006604194641113281,0.004415750503540039,10,2,2,5,2,2,9,8,3,19,0,524,8509
oliveira/04_07/randm05.02.02.02.020_0030.02.aba.beta,True,2,3,0.003522157669067383,0.0007815361022949219,0.0006663799285888672,0.004970073699951172,11,2,2,5,2,2,17,9,3,35,0,544,8631
oliveira/04_07/randm05.02.02.02.020_0030.03.aba.beta,True,2,3,0.0036885738372802734,0.0007610321044921875,0.0006670951843261719,0.005116701126098633,11,2,2,5,2,2,24,10,3,49,0,544,8682
oliveira/04_07/randm05.02.02.02.020_0030.04.aba.beta,True,2,3,0.0029926300048828125,0.0007290840148925781,0.0006754398345947266,0.004397153854370117,10,2,2,5,2,2,9,9,3,19,0,537,8583
oliveira/04_07/randm05.02.02.02.020_0030.05.aba.beta,True,2,3,0.0029480457305908203,0.0007264614105224609,0.0006785392761230469,0.004353046417236328,10,2,2,5,2,2,9,9,3,19,0,535,8572
oliveira/04_07/randm05.02.02.03.020_0030.01.aba.beta,True,1,1,0.0009043216705322266,0.00029468536376953125,0.0007047653198242188,0.0019037723541259766,3,1,0,2,0,1,3,3,1,2,0,543,8619
oliveira/04_07/randm05.02.02.03.020_0030.02.aba.beta,True,1,1,0.0009922981262207031,0.0003943443298339844,0.0006811618804931641,0.0020678043365478516,3,1,0,2,0,1,3,3,1,2,0,538,8597
oliveira/04_07/randm05.02.02.03.020_0030.03.aba.beta,True,1,1,0.0008978843688964844,0.00031256675720214844,0.0006885528564453125,0.0018990039825439453,3,1,0,2,0,1,3,3,1,2,0,537,8598
oliveira/04_07/randm05.02.02.03.020_0030.04.aba.beta,True,1,1,0.0008940696716308594,0.0002951622009277344,0.0006992816925048828,0.0018885135650634766,3,1,0,2,0,1,3,3,1,2,0,534,8583
oliveira/04_07/randm05.02.02.03.020_0030.05.aba.beta,True,1,1,0.0009064674377441406,0.00032591819763183594,0.0006983280181884766,0.0019307136535644531,3,1,0,2,0,1,3,3,1,2,0,521,8531
oliveira/04_07/randm05.02.02.04.020_0030.01.aba.beta,True,3,5,0.027262210845947266,0.003951311111450195,0.0007197856903076172,0.03193330764770508,29,3,4,8,1,8,79,15,10,171,0,592,9217
oliveira/04_07/randm05.02.02.04.020_0030.02.aba.beta,True,2,5,0.028061866760253906,0.0032622814178466797,0.0006756782531738281,0.031999826431274414,44,2,8,11,22,7,75,19,14,237,0,543,8616
oliveira/04_07/randm05.02.02.04.020_0030.03.aba.beta,True,6,5,0.020492076873779297,0.0032520294189453125,0.0008037090301513672,0.024547815322875977,28,6,4,6,0,6,39,20,5,201,0,622,9192
oliveira/04_07/randm05.02.02.04.020_0030.04.aba.beta,True,8,5,0.04247117042541504,0.005883932113647461,0.0008831024169921875,0.04923820495605469,37,8,3,7,0,10,71,24,6,229,0,666,10000
oliveira/04_07/randm05.02.02.04.020_0030.05.aba.beta,True,8,5,0.039963483810424805,0.00542902946472168,0.0008182525634765625,0.04621076583862305,34,8,3,6,0,10,68,21,6,223,0,642,9668
oliveira/04_07/randm05.02.02.05.020_0030.01.aba.beta,True,3,4,0.029520273208618164,0.004859447479248047,0.0006916522979736328,0.035071372985839844,27,3,4,11,1,11,30,19,13,107,0,551,8627
oliveira/04_07/randm05.02.02.05.020_0030.02.aba.beta,True,4,4,0.008495330810546875,0.0016295909881591797,0.0008256435394287109,0.010950565338134766,15,4,3,6,0,4,15,12,4,58,0,554,8640
oliveira/04_07/randm05.02.02.05.020_0030.03.aba.beta,True,4,4,0.012223482131958008,0.0019135475158691406,0.0006999969482421875,0.014837026596069336,21,4,3,6,0,4,84,11,4,154,0,565,8803
oliveira/04_07/randm05.02.02.05.020_0030.04.aba.beta,True,7,4,0.042762041091918945,0.0036401748657226562,0.0008077621459960938,0.047209978103637695,44,7,3,6,0,7,167,14,4,510,0,624,9463
oliveira/04_07/randm05.02.02.05.020_0030.05.aba.beta,True,4,4,0.010761499404907227,0.001851797103881836,0.0007495880126953125,0.013362884521484375,16,4,3,6,0,4,37,13,4,101,0,603,9330
oliveira/04_07/randm05.02.02.06.020_0030.01.aba.beta,True,9,5,0.06078958511352539,0.007459878921508789,0.0010941028594970703,0.06934356689453125,73,9,5,6,17,12,160,26,9,537,0,844,12676
oliveira/04_07/randm05.02.02.06.020_0030.02.aba.beta,True,5,5,0.04731321334838867,0.006209850311279297,0.0007507801055908203,0.05427384376525879,44,5,5,7,7,11,73,27,12,250,0,582,8831
oliveira/04_07/randm05.02.02.06.020_0030.03.aba.beta,True,6,5,0.08551478385925293,0.007439613342285156,0.0008311271667480469,0.09378552436828613,103,6,9,9,46,13,165,30,17,726,0,601,9052
oliveira/04_07/randm05.02.02.06.020_0030.04.aba.beta,True,10,5,0.21378278732299805,0.016122817993164062,0.0010576248168945312,0.23096323013305664,99,10,2,9,0,23,352,30,16,1002,0,859,12719
oliveira/04_07/randm05.02.02.06.020_0030.05.aba.beta,True,8,5,0.0691983699798584,0.008709907531738281,0.0007555484771728516,0.07866382598876953,67,8,5,7,19,14,84,28,12,483,0,631,9238
oliveira/04_07/randm05.02.02.07.020_0030.01.aba.beta,True,8,5,0.07976865768432617,0.006131410598754883,0.0010859966278076172,0.08698606491088867,55,8,3,6,2,9,351,23,5,673,0,868,13112
oliveira/04_07/randm05.02.02.07.020_0030.02.aba.beta,True,7,5,0.09411931037902832,0.009235858917236328,0.000978708267211914,0.10433387756347656,70,7,10,10,12,16,214,31,20,558,0,768,11686
oliveira/04_07/randm05.02.02.07.020_0030.03.aba.beta,True,8,5,0.10311698913574219,0.012934446334838867,0.0009534358978271484,0.1170048713684082,56,8,6,10,9,20,99,31,19,378,0,762,11499
oliveira/04_07/randm05.02.02.07.020_0030.04.aba.beta,True,10,5,0.27507543563842773,0.016048908233642578,0.0013031959533691406,0.29242753982543945,85,10,2,7,2,21,477,34,14,982,0,1021,15507
oliveira/04_07/randm05.02.02.07.020_0030.05.aba.beta,True,9,5,0.09971880912780762,0.007312774658203125,0.0012400150299072266,0.10827159881591797,54,9,3,6,2,10,343,23,5,659,0,974,14767
oliveira/04_07/randm05.02.02.08.020_0030.01.aba.beta,True,4,3,0.009557247161865234,0.0017940998077392578,0.0010182857513427734,0.012369632720947266,18,4,2,4,0,4,32,12,3,75,0,789,12484
oliveira/04_07/randm05.02.02.08.020_0030.02.aba.beta,True,5,3,0.011468887329101562,0.0022051334381103516,0.0012309551239013672,0.014904975891113281,18,5,2,4,0,5,23,14,3,81,0,971,15168
oliveira/04_07/randm05.02.02.08.020_0030.03.aba.beta,True,7,3,0.01615309715270996,0.003098011016845703,0.0007150173187255859,0.01996612548828125,25,7,2,5,0,7,24,15,3,121,0,585,8819
oliveira/04_07/randm05.02.02.08.020_0030.04.aba.beta,True,4,3,0.007216453552246094,0.0016775131225585938,0.0006933212280273438,0.009587287902832031,13,4,2,5,0,4,14,10,3,43,0,554,8652
oliveira/04_07/randm05.02.02.08.020_0030.05.aba.beta,True,4,3,0.008341550827026367,0.0016717910766601562,0.0010716915130615234,0.011085033416748047,15,4,2,4,0,4,16,12,3,48,0,851,13362
oliveira/04_07/randm05.02.02.09.020_0030.01.aba.beta,True,4,4,0.018702030181884766,0.0020155906677246094,0.0008449554443359375,0.021562576293945312,28,4,3,6,0,4,212,13,4,344,0,649,10132
oliveira/04_07/randm05.02.02.09.020_0030.02.aba.beta,True,4,4,0.020839691162109375,0.0019979476928710938,0.0007679462432861328,0.0236055850982666,30,4,3,6,2,4,148,13,4,279,0,614,9419
oliveira/04_07/randm05.02.02.09.020_0030.03.aba.beta,True,3,4,0.006856441497802734,0.0014507770538330078,0.0007014274597167969,0.009008646011352539,15,3,3,6,2,3,16,12,4,50,0,554,8652
oliveira/04_07/randm05.02.02.09.020_0030.04.aba.beta,True,3,4,0.006662845611572266,0.0013055801391601562,0.0007224082946777344,0.008690834045410156,15,3,3,5,2,3,16,12,4,50,0,550,8635
oliveira/04_07/randm05.02.02.09.020_0030.05.aba.beta,True,5,4,0.014292001724243164,0.002430438995361328,0.00079345703125,0.017515897750854492,24,5,3,6,4,5,40,12,4,143,0,579,8916
oliveira/04_07/randm05.02.02.10.020_0030.01.aba.beta,True,6,5,0.04451918601989746,0.00400853157043457,0.0009088516235351562,0.04943656921386719,44,6,4,5,1,6,208,18,5,474,0,609,9395
oliveira/04_07/randm05.02.02.10.020_0030.02.aba.beta,True,6,5,0.05011892318725586,0.005549907684326172,0.0007531642913818359,0.05642199516296387,44,6,3,7,0,9,175,20,7,420,0,618,9290
oliveira/04_07/randm05.02.02.10.020_0030.03.aba.beta,True,8,5,0.08421468734741211,0.008193016052246094,0.0008141994476318359,0.09322190284729004,66,8,4,7,10,12,187,32,9,574,0,643,9523
oliveira/04_07/randm05.02.02.10.020_0030.04.aba.beta,True,6,5,0.07706379890441895,0.006640911102294922,0.0008509159088134766,0.08455562591552734,50,6,3,5,1,10,144,24,8,397,0,626,9519
oliveira/04_07/randm05.02.02.10.020_0030.05.aba.beta,True,3,5,0.08967089653015137,0.008044958114624023,0.0007252693176269531,0.09844112396240234,46,3,6,7,7,13,150,21,17,324,0,553,8776
oliveira/04_07/randm05.02.02.11.020_0030.01.aba.beta,True,10,5,0.03351092338562012,0.0054357051849365234,0.0030846595764160156,0.042031288146972656,35,10,4,6,1,10,48,24,5,194,0,2333,36202
oliveira/04_07/randm05.02.02.11.020_0030.02.aba.beta,True,8,5,0.022973060607910156,0.004094839096069336,0.0023920536041259766,0.02945995330810547,27,8,4,6,1,8,36,20,5,123,0,1821,28861
oliveira/04_07/randm05.02.02.11.020_0030.03.aba.beta,True,11,5,0.059992313385009766,0.00657963752746582,0.0009210109710693359,0.06749296188354492,59,11,4,7,1,11,246,21,5,627,0,762,11372
oliveira/04_07/randm05.02.02.11.020_0030.04.aba.beta,True,9,5,0.03874850273132324,0.006609678268432617,0.0010383129119873047,0.046396493911743164,34,9,3,8,1,11,57,24,6,268,0,722,10824
oliveira/04_07/randm05.02.02.11.020_0030.05.aba.beta,True,9,5,0.0278167724609375,0.0046579837799072266,0.002437591552734375,0.0349123477935791,30,9,4,6,1,9,46,22,5,169,0,1940,30442
oliveira/04_07/randm05.02.02.12.020_0030.01.aba.beta,True,4,3,0.01004648208618164,0.0017213821411132812,0.0007097721099853516,0.012477636337280273,19,4,2,5,0,4,37,11,3,105,0,568,8771
oliveira/04_07/randm05.02.02.12.020_0030.02.aba.beta,True,4,3,0.007729291915893555,0.0016508102416992188,0.0007169246673583984,0.010097026824951172,14,4,2,5,0,4,17,11,3,56,0,562,8700
oliveira/04_07/randm05.02.02.12.020_0030.03.aba.beta,True,4,3,0.016796112060546875,0.002535104751586914,0.0007808208465576172,0.020112037658691406,29,4,2,6,1,6,109,12,5,208,0,559,8778
oliveira/04_07/randm05.02.02.12.020_0030.04.aba.beta,True,4,3,0.008112192153930664,0.0016758441925048828,0.0007135868072509766,0.010501623153686523,15,4,2,4,0,4,18,12,3,71,0,570,8748
oliveira/04_07/randm05.02.02.12.020_0030.05.aba.beta,True,4,3,0.009667396545410156,0.0018606185913085938,0.0007321834564208984,0.012260198593139648,17,4,2,4,0,4,34,12,3,106,0,601,9280
oliveira/04_07/randm05.02.02.13.020_0030.01.aba.beta,True,3,5,0.006718873977661133,0.0012772083282470703,0.0006892681121826172,0.00868535041809082,18,3,4,6,4,3,19,16,5,51,0,541,8576
oliveira/04_07/randm05.02.02.13.020_0030.02.aba.beta,True,9,5,0.0457613468170166,0.0054934024810791016,0.00089263916015625,0.05214738845825195,48,9,4,5,4,9,98,22,5,382,0,684,10106
oliveira/04_07/randm05.02.02.13.020_0030.03.aba.beta,True,3,5,0.00796818733215332,0.0013930797576904297,0.0007069110870361328,0.010068178176879883,19,3,4,5,4,3,32,15,5,96,0,570,8829
oliveira/04_07/randm05.02.02.13.020_0030.04.aba.beta,True,6,5,0.03970789909362793,0.004727840423583984,0.0008246898651123047,0.04526042938232422,71,6,6,10,33,8,124,26,9,503,0,617,9325
oliveira/04_07/randm05.02.02.13.020_0030.05.aba.beta,True,3,5,0.006678104400634766,0.0013513565063476562,0.0007305145263671875,0.00875997543334961,18,3,4,6,4,3,19,15,5,51,0,548,8613
oliveira/04_07/randm05.02.02.14.020_0030.01.aba.beta,True,1,1,0.0009026527404785156,0.0003147125244140625,0.0006527900695800781,0.0018701553344726562,3,1,0,2,0,1,3,3,1,2,0,531,8569
oliveira/04_07/randm05.02.02.14.020_0030.02.aba.beta,True,1,1,0.0009245872497558594,0.0003001689910888672,0.0006911754608154297,0.0019159317016601562,3,1,0,2,0,1,3,3,1,2,0,530,8565
oliveira/04_07/randm05.02.02.14.020_0030.03.aba.beta,True,1,1,0.0009801387786865234,0.00037407875061035156,0.0006885528564453125,0.0020427703857421875,3,1,0,2,0,1,3,3,1,2,0,541,8613
oliveira/04_07/randm05.02.02.14.020_0030.04.aba.beta,True,1,1,0.0008890628814697266,0.0003235340118408203,0.0006928443908691406,0.0019054412841796875,3,1,0,2,0,1,3,3,1,2,0,532,8544
oliveira/04_07/randm05.02.02.14.020_0030.05.aba.beta,True,1,1,0.00089263916015625,0.00030541419982910156,0.0006802082061767578,0.0018782615661621094,3,1,0,2,0,1,3,3,1,2,0,530,8544
oliveira/04_07/randm05.02.02.15.020_0030.01.aba.beta,True,2,3,0.010555267333984375,0.0017044544219970703,0.0006806850433349609,0.012940406799316406,17,2,1,5,0,4,40,10,4,75,0,537,8584
oliveira/04_07/randm05.02.02.15.020_0030.02.aba.beta,True,3,3,0.0057773590087890625,0.0012977123260498047,0.0007047653198242188,0.007779836654663086,12,3,2,5,0,3,15,10,3,44,0,552,8647
oliveira/04_07/randm05.02.02.15.020_0030.03.aba.beta,True,3,3,0.005980253219604492,0.0012555122375488281,0.0006771087646484375,0.007912874221801758,12,3,2,5,0,3,16,10,3,46,0,551,8645
oliveira/04_07/randm05.02.02.15.020_0030.04.aba.beta,True,2,3,0.008089065551757812,0.0016613006591796875,0.0007028579711914062,0.010453224182128906,13,2,1,5,0,4,22,11,4,47,0,546,8654
oliveira/04_07/randm05.02.02.15.020_0030.05.aba.beta,True,2,3,0.008287668228149414,0.0016090869903564453,0.0006723403930664062,0.010569095611572266,14,2,1,5,0,4,22,12,4,46,0,549,8644
oliveira/04_07/randm05.02.02.16.020_0030.01.aba.beta,True,1,1,0.0011489391326904297,0.0003197193145751953,0.0008904933929443359,0.002359151840209961,3,1,0,2,0,1,3,3,1,2,0,534,8587
oliveira/04_07/randm05.02.02.16.020_0030.02.aba.beta,True,1,1,0.0009119510650634766,0.0003006458282470703,0.0006701946258544922,0.001882791519165039,3,1,0,2,0,1,3,3,1,2,0,540,8611
oliveira/04_07/randm05.02.02.16.020_0030.03.aba.beta,True,1,1,0.0009124279022216797,0.00030040740966796875,0.000713348388671875,0.0019261837005615234,3,1,0,2,0,1,3,3,1,2,0,534,8572
oliveira/04_07/randm05.02.02.16.020_0030.04.aba.beta,True,1,1,0.0008962154388427734,0.00029850006103515625,0.00066375732421875,0.0018584728240966797,3,1,0,2,0,1,3,3,1,2,0,543,8622
oliveira/04_07/randm05.02.02.16.020_0030.05.aba.beta,True,1,1,0.0008723735809326172,0.0002949237823486328,0.0006830692291259766,0.0018503665924072266,3,1,0,2,0,1,3,3,1,2,0,543,8624
oliveira/04_07/randm05.02.02.17.020_0030.01.aba.beta,True,10,5,0.03529810905456543,0.005666255950927734,0.0008444786071777344,0.0418088436126709,37,10,4,7,0,10,57,22,5,249,0,696,10303
oliveira/04_07/randm05.02.02.17.020_0030.02.aba.beta,True,8,5,0.02906632423400879,0.004431486129760742,0.0009691715240478516,0.03446698188781738,31,8,3,8,0,9,45,20,5,186,0,682,10230
oliveira/04_07/randm05.02.02.17.020_0030.03.aba.beta,True,9,5,0.10527348518371582,0.013106346130371094,0.0009837150573730469,0.11936354637145996,65,9,2,11,0,21,149,29,15,527,0,786,11602
oliveira/04_07/randm05.02.02.17.020_0030.04.aba.beta,True,9,5,0.05920910835266113,0.006673336029052734,0.001107931137084961,0.06699037551879883,45,9,3,6,0,10,172,22,5,451,0,906,13708
oliveira/04_07/randm05.02.02.17.020_0030.05.aba.beta,True,4,5,0.039359331130981445,0.003613710403442383,0.0008642673492431641,0.04383730888366699,53,4,5,7,11,6,236,22,8,484,0,658,10144
oliveira/04_07/randm05.02.02.18.020_0030.01.aba.beta,True,1,1,0.0009837150573730469,0.0003299713134765625,0.0006630420684814453,0.0019767284393310547,3,1,0,2,0,1,3,3,1,2,0,534,8577
oliveira/04_07/randm05.02.02.18.020_0030.02.aba.beta,True,1,1,0.0009839534759521484,0.0003445148468017578,0.0006651878356933594,0.0019936561584472656,3,1,0,2,0,1,3,3,1,2,0,535,8592
oliveira/04_07/randm05.02.02.18.020_0030.03.aba.beta,True,1,1,0.0008883476257324219,0.00029778480529785156,0.0006811618804931641,0.0018672943115234375,3,1,0,2,0,1,3,3,1,2,0,529,8564
oliveira/04_07/randm05.02.02.18.020_0030.04.aba.beta,True,1,1,0.0009050369262695312,0.0002949237823486328,0.0006873607635498047,0.0018873214721679688,3,1,0,2,0,1,3,3,1,2,0,523,8497
oliveira/04_07/randm05.02.02.18.020_0030.05.aba.beta,True,1,1,0.0009870529174804688,0.0004394054412841797,0.0008916854858398438,0.002318143844604492,3,1,0,2,0,1,3,3,1,2,0,533,8555
oliveira/04_07/randm05.02.02.19.020_0030.01.aba.beta,True,3,3,0.005247831344604492,0.0011639595031738281,0.0006802082061767578,0.007091999053955078,11,3,2,5,0,3,14,9,3,35,0,553,8657
oliveira/04_07/randm05.02.02.19.020_0030.02.aba.beta,True,3,3,0.0054509639739990234,0.0013153553009033203,0.0006933212280273438,0.0074596405029296875,11,3,2,5,0,3,13,9,3,33,0,557,8667
oliveira/04_07/randm05.02.02.19.020_0030.03.aba.beta,True,2,3,0.003505229949951172,0.0007691383361816406,0.0006659030914306641,0.0049402713775634766,9,2,2,5,0,2,13,8,3,28,0,537,8592
oliveira/04_07/randm05.02.02.19.020_0030.04.aba.beta,True,2,3,0.0033674240112304688,0.0008172988891601562,0.0006954669952392578,0.004880189895629883,9,2,2,5,0,2,10,8,3,22,0,536,8571
oliveira/04_07/randm05.02.02.19.020_0030.05.aba.beta,True,3,3,0.005279541015625,0.0011894702911376953,0.0007205009460449219,0.007189512252807617,11,3,2,5,0,3,13,9,3,33,0,537,8574
oliveira/04_07/randm06.02.02.01.020_0030.01.aba.beta,True,6,4,0.01949286460876465,0.0034711360931396484,0.0007519721984863281,0.023715972900390625,26,6,4,7,1,7,34,21,6,189,0,619,9247
oliveira/04_07/randm06.02.02.01.020_0030.02.aba.beta,True,5,4,0.012549877166748047,0.0023179054260253906,0.0007474422454833984,0.015615224838256836,21,5,3,5,0,5,26,15,4,103,0,575,8779
oliveira/04_07/randm06.02.02.01.020_0030.03.aba.beta,True,6,4,0.017232179641723633,0.0029473304748535156,0.0007369518280029297,0.020916461944580078,23,6,3,5,0,6,33,18,4,142,0,626,9433
oliveira/04_07/randm06.02.02.01.020_0030.04.aba.beta,True,6,4,0.02564215660095215,0.003626108169555664,0.0007596015930175781,0.03002786636352539,38,6,4,7,5,7,119,22,6,285,0,619,9442
oliveira/04_07/randm06.02.02.01.020_0030.05.aba.beta,True,8,4,0.09568238258361816,0.0062503814697265625,0.0009813308715820312,0.10291409492492676,59,8,2,5,0,11,335,22,6,682,0,716,10677
oliveira/04_07/randm06.02.02.02.020_0030.01.aba.beta,True,3,3,0.005343437194824219,0.0012867450714111328,0.0007207393646240234,0.007350921630859375,11,3,2,5,0,3,11,9,3,30,0,573,9040
oliveira/04_07/randm06.02.02.02.020_0030.02.aba.beta,True,2,3,0.003490924835205078,0.0007653236389160156,0.0006573200225830078,0.0049135684967041016,9,2,2,5,0,2,12,7,3,26,0,521,8482
oliveira/04_07/randm06.02.02.02.020_0030.03.aba.beta,True,2,3,0.0036919116973876953,0.0008175373077392578,0.0006809234619140625,0.005190372467041016,9,2,2,5,0,2,16,8,3,34,0,548,8665
oliveira/04_07/randm06.02.02.02.020_0030.04.aba.beta,True,2,3,0.0037240982055664062,0.0008363723754882812,0.000667572021484375,0.0052280426025390625,9,2,2,4,0,2,13,8,3,30,0,547,8639
oliveira/04_07/randm06.02.02.02.020_0030.05.aba.beta,True,3,3,0.005196094512939453,0.0011515617370605469,0.0007278919219970703,0.00707554817199707,11,3,2,5,0,3,11,9,3,30,0,548,8621
oliveira/04_07/randm06.02.02.03.020_0030.01.aba.beta,True,10,5,0.026985645294189453,0.0053675174713134766,0.0030121803283691406,0.03536534309387207,28,10,4,6,0,10,22,19,5,96,0,2072,32383
oliveira/04_07/randm06.02.02.03.020_0030.02.aba.beta,True,10,5,0.029264450073242188,0.0050868988037109375,0.0029947757720947266,0.03734612464904785,30,10,4,6,0,10,37,18,5,126,0,2410,37949
oliveira/04_07/randm06.02.02.03.020_0030.03.aba.beta,True,9,5,0.02870035171508789,0.0052144527435302734,0.000985860824584961,0.034900665283203125,27,9,3,8,0,10,30,18,5,126,0,790,11913
oliveira/04_07/randm06.02.02.03.020_0030.04.aba.beta,True,11,5,0.036487579345703125,0.006605863571166992,0.0009436607360839844,0.0440371036529541,36,11,3,8,0,12,32,20,5,179,0,749,11042
oliveira/04_07/randm06.02.02.03.020_0030.05.aba.beta,True,8,5,0.058679819107055664,0.0042073726654052734,0.0015993118286132812,0.06448650360107422,40,8,4,5,0,8,169,18,5,325,0,1252,19346
oliveira/04_07/randm06.02.02.04.020_0030.01.aba.beta,True,1,1,0.0009047985076904297,0.00029754638671875,0.0006566047668457031,0.0018589496612548828,3,1,0,2,0,1,3,3,1,2,0,525,8535
oliveira/04_07/randm06.02.02.04.020_0030.02.aba.beta,True,1,1,0.001234292984008789,0.0003578662872314453,0.0008747577667236328,0.002466917037963867,3,1,0,2,0,1,3,3,1,2,0,531,8571
oliveira/04_07/randm06.02.02.04.020_0030.03.aba.beta,True,1,1,0.0009539127349853516,0.00030803680419921875,0.0006709098815917969,0.0019328594207763672,3,1,0,2,0,1,3,3,1,2,0,535,8590
oliveira/04_07/randm06.02.02.04.020_0030.04.aba.beta,True,1,1,0.0009734630584716797,0.00036215782165527344,0.0006608963012695312,0.0019965171813964844,3,1,0,2,0,1,3,3,1,2,0,532,8555
oliveira/04_07/randm06.02.02.04.020_0030.05.aba.beta,True,1,1,0.0009002685546875,0.00030159950256347656,0.0006549358367919922,0.0018568038940429688,3,1,0,2,0,1,3,3,1,2,0,525,8541
oliveira/04_07/randm06.02.02.05.020_0030.01.aba.beta,True,6,5,0.0686042308807373,0.009956598281860352,0.0007719993591308594,0.07933282852172852,44,6,4,10,2,17,64,19,16,259,0,572,8778
oliveira/04_07/randm06.02.02.05.020_0030.02.aba.beta,True,7,5,0.07444262504577637,0.008064031600952148,0.0008511543273925781,0.0833578109741211,59,7,2,12,0,14,256,24,10,570,0,635,9460
oliveira/04_07/randm06.02.02.05.020_0030.03.aba.beta,True,3,5,0.008998394012451172,0.0015625953674316406,0.0007250308990478516,0.011286020278930664,19,3,4,7,4,3,41,17,5,112,0,579,9020
oliveira/04_07/randm06.02.02.05.020_0030.04.aba.beta,True,4,5,0.012859582901000977,0.0021698474884033203,0.0008208751678466797,0.015850305557250977,23,4,4,7,4,4,25,16,5,99,0,603,9503
oliveira/04_07/randm06.02.02.05.020_0030.05.aba.beta,True,8,5,0.05931282043457031,0.007676839828491211,0.0011017322540283203,0.06809139251708984,42,8,4,10,0,12,106,30,9,407,0,804,12107
oliveira/04_07/randm06.02.02.06.020_0030.01.aba.beta,True,7,5,0.08232569694519043,0.008597373962402344,0.0008389949798583984,0.09176206588745117,50,7,4,8,8,15,127,32,13,339,0,664,10024
oliveira/04_07/randm06.02.02.06.020_0030.02.aba.beta,True,6,5,0.03127336502075195,0.004942178726196289,0.0008432865142822266,0.03705883026123047,30,6,3,6,2,8,68,23,6,252,0,666,10033
oliveira/04_07/randm06.02.02.06.020_0030.03.aba.beta,True,9,5,0.20386171340942383,0.010044574737548828,0.0009281635284423828,0.21483445167541504,92,9,6,4,5,16,465,34,14,1036,0,736,11085
oliveira/04_07/randm06.02.02.06.020_0030.04.aba.beta,True,4,5,0.11947941780090332,0.013760805130004883,0.0008189678192138672,0.13405919075012207,64,4,5,18,7,24,258,30,26,539,0,653,10144
oliveira/04_07/randm06.02.02.06.020_0030.05.aba.beta,True,5,5,0.04332423210144043,0.006119728088378906,0.0007960796356201172,0.05024003982543945,36,5,2,8,2,11,81,18,9,238,0,612,9419
oliveira/04_07/randm06.02.02.07.020_0030.01.aba.beta,True,8,5,0.054746150970458984,0.008287906646728516,0.0008413791656494141,0.06387543678283691,44,8,4,11,4,15,48,24,12,212,0,666,10091
oliveira/04_07/randm06.02.02.07.020_0030.02.aba.beta,True,5,5,0.03940844535827637,0.004921913146972656,0.0007755756378173828,0.045105934143066406,33,5,3,8,0,9,95,19,8,225,0,579,8831
oliveira/04_07/randm06.02.02.07.020_0030.03.aba.beta,True,11,5,0.08558964729309082,0.008373498916625977,0.00119781494140625,0.09516096115112305,70,11,3,7,0,13,218,26,6,765,0,922,13523
oliveira/04_07/randm06.02.02.07.020_0030.04.aba.beta,True,8,5,0.03243565559387207,0.0052700042724609375,0.0007455348968505859,0.038451194763183594,34,8,3,6,0,10,53,21,6,205,0,595,8893
oliveira/04_07/randm06.02.02.07.020_0030.05.aba.beta,True,11,5,0.036154747009277344,0.005949974060058594,0.0009100437164306641,0.0430147647857666,37,11,4,5,0,11,67,25,5,345,0,746,10928
oliveira/04_07/randm06.02.02.08.020_0030.01.aba.beta,True,6,4,0.016156673431396484,0.0027899742126464844,0.0010402202606201172,0.019986867904663086,21,6,3,6,0,6,25,16,4,124,0,860,13168
oliveira/04_07/randm06.02.02.08.020_0030.02.aba.beta,True,6,4,0.02225327491760254,0.0039052963256835938,0.0011496543884277344,0.027308225631713867,26,6,2,8,0,8,34,17,5,142,0,909,14325
oliveira/04_07/randm06.02.02.08.020_0030.03.aba.beta,True,6,4,0.01364898681640625,0.002605915069580078,0.0007033348083496094,0.016958236694335938,19,6,3,6,0,6,27,14,4,83,0,563,8736
oliveira/04_07/randm06.02.02.08.020_0030.04.aba.beta,True,6,4,0.014027118682861328,0.002632617950439453,0.0007433891296386719,0.017403125762939453,19,6,3,6,0,6,31,14,4,95,0,574,8893
oliveira/04_07/randm06.02.02.08.020_0030.05.aba.beta,True,6,4,0.022156238555908203,0.003512144088745117,0.0009756088256835938,0.026643991470336914,25,6,2,7,0,7,50,18,4,211,0,685,10369
oliveira/04_07/randm06.02.02.09.020_0030.01.aba.beta,True,6,5,0.10062718391418457,0.0073451995849609375,0.0009927749633789062,0.10896515846252441,47,6,3,8,0,13,194,25,11,403,0,763,11769
oliveira/04_07/randm06.02.02.09.020_0030.02.aba.beta,True,6,5,0.0720055103302002,0.0039141178131103516,0.0007848739624023438,0.07670450210571289,47,6,5,5,4,8,228,20,8,481,0,632,9704
oliveira/04_07/randm06.02.02.09.020_0030.03.aba.beta,True,5,5,0.047712087631225586,0.005770683288574219,0.0008502006530761719,0.05433297157287598,37,5,2,11,0,10,97,21,8,269,0,657,10097
oliveira/04_07/randm06.02.02.09.020_0030.04.aba.beta,True,7,5,0.060304880142211914,0.008275032043457031,0.001001596450805664,0.06958150863647461,51,7,6,14,4,16,132,27,16,348,0,790,12009
oliveira/04_07/randm06.02.02.09.020_0030.05.aba.beta,True,7,5,0.0734100341796875,0.008507966995239258,0.0008006095886230469,0.0827186107635498,48,7,4,10,0,16,95,23,14,373,0,652,9844
oliveira/04_07/randm06.02.02.10.020_0030.01.aba.beta,True,5,4,0.012005805969238281,0.002483367919921875,0.0006926059722900391,0.015181779861450195,18,5,2,6,0,6,15,12,4,57,0,559,8644
oliveira/04_07/randm06.02.02.10.020_0030.02.aba.beta,True,4,4,0.009332656860351562,0.0017855167388916016,0.0007793903350830078,0.011897563934326172,16,4,3,6,0,4,29,13,4,96,0,579,8920
oliveira/04_07/randm06.02.02.10.020_0030.03.aba.beta,True,3,4,0.006127595901489258,0.0012407302856445312,0.0006911754608154297,0.008059501647949219,14,3,3,5,0,3,16,12,4,48,0,544,8586
oliveira/04_07/randm06.02.02.10.020_0030.04.aba.beta,True,3,4,0.007264614105224609,0.0014014244079589844,0.0006871223449707031,0.009353160858154297,14,3,3,5,0,3,28,12,4,74,0,571,8857
oliveira/04_07/randm06.02.02.10.020_0030.05.aba.beta,True,5,4,0.010318517684936523,0.002164602279663086,0.0006721019744873047,0.013155221939086914,18,5,3,6,0,5,15,13,4,57,0,562,8662
oliveira/04_07/randm06.02.02.11.020_0030.01.aba.beta,True,11,6,0.15874028205871582,0.02307724952697754,0.0009758472442626953,0.18279337882995605,56,11,3,10,2,25,114,36,18,479,0,812,12013
oliveira/04_07/randm06.02.02.11.020_0030.02.aba.beta,True,12,6,0.8099095821380615,0.049085378646850586,0.0010669231414794922,0.8600618839263916,117,12,2,12,2,49,355,35,40,1238,0,832,12318
oliveira/04_07/randm06.02.02.11.020_0030.03.aba.beta,True,12,6,0.8043532371520996,0.04971933364868164,0.0011072158813476562,0.8551797866821289,113,12,5,12,2,53,387,40,47,1113,0,861,12597
oliveira/04_07/randm06.02.02.11.020_0030.04.aba.beta,True,13,6,0.24779343605041504,0.020376920700073242,0.0010156631469726562,0.26918601989746094,84,13,3,6,2,23,240,30,14,893,0,824,11907
oliveira/04_07/randm06.02.02.11.020_0030.05.aba.beta,True,5,6,0.04085540771484375,0.005222797393798828,0.0007560253143310547,0.04683423042297363,60,5,14,11,34,10,82,36,20,296,0,605,9179
oliveira/04_07/randm06.02.02.12.020_0030.01.aba.beta,True,3,4,0.006407499313354492,0.0012295246124267578,0.0009121894836425781,0.008549213409423828,15,3,3,6,2,3,18,13,4,53,0,558,8673
oliveira/04_07/randm06.02.02.12.020_0030.02.aba.beta,True,5,4,0.011264801025390625,0.002493143081665039,0.0007145404815673828,0.014472484588623047,18,5,3,5,2,5,24,12,4,82,0,564,8750
oliveira/04_07/randm06.02.02.12.020_0030.03.aba.beta,True,4,4,0.011952400207519531,0.0018916130065917969,0.0006875991821289062,0.014531612396240234,23,4,3,6,2,4,63,11,4,140,0,557,8725
oliveira/04_07/randm06.02.02.12.020_0030.04.aba.beta,True,3,4,0.0065364837646484375,0.0012366771697998047,0.0007002353668212891,0.008473396301269531,15,3,3,6,0,3,20,13,4,61,0,561,8699
oliveira/04_07/randm06.02.02.12.020_0030.05.aba.beta,True,3,4,0.006836414337158203,0.0012760162353515625,0.0006742477416992188,0.008786678314208984,16,3,3,6,0,3,23,14,4,65,0,564,8720
oliveira/04_07/randm06.02.02.13.020_0030.01.aba.beta,True,8,4,0.10439372062683105,0.008832693099975586,0.0008394718170166016,0.11406588554382324,78,8,1,7,0,16,211,24,10,708,0,678,10113
oliveira/04_07/randm06.02.02.13.020_0030.02.aba.beta,True,5,4,0.025422334671020508,0.002755403518676758,0.0008385181427001953,0.02901625633239746,35,5,3,6,2,5,249,15,4,413,0,688,10578
oliveira/04_07/randm06.02.02.13.020_0030.03.aba.beta,True,3,4,0.04499006271362305,0.007076740264892578,0.0007488727569580078,0.05281567573547363,29,3,1,12,0,14,32,22,13,110,0,548,8618
oliveira/04_07/randm06.02.02.13.020_0030.04.aba.beta,True,5,4,0.023398399353027344,0.002500295639038086,0.0007505416870117188,0.02664923667907715,37,5,3,6,2,5,205,14,4,398,0,600,9159
oliveira/04_07/randm06.02.02.13.020_0030.05.aba.beta,True,3,4,0.046729326248168945,0.005495309829711914,0.0007846355438232422,0.0530092716217041,29,3,1,6,0,11,61,19,10,142,0,551,8672
oliveira/04_07/randm06.02.02.14.020_0030.01.aba.beta,True,7,6,0.06857633590698242,0.008458375930786133,0.0007369518280029297,0.07777166366577148,60,7,5,15,20,15,77,29,14,334,0,585,8933
oliveira/04_07/randm06.02.02.14.020_0030.02.aba.beta,True,10,6,0.03345155715942383,0.005555391311645508,0.0008380413055419922,0.03984498977661133,33,10,5,7,0,10,27,23,6,196,0,650,9457
oliveira/04_07/randm06.02.02.14.020_0030.03.aba.beta,True,6,6,0.27456212043762207,0.027434825897216797,0.0007498264312744141,0.3027467727661133,123,6,20,20,69,40,148,43,55,756,0,599,9251
oliveira/04_07/randm06.02.02.14.020_0030.04.aba.beta,True,8,6,0.08554267883300781,0.009521007537841797,0.0007734298706054688,0.09583711624145508,91,8,9,11,35,15,158,34,17,733,0,622,9266
oliveira/04_07/randm06.02.02.14.020_0030.05.aba.beta,True,5,6,0.042493343353271484,0.004894733428955078,0.0008249282836914062,0.04821300506591797,85,5,12,10,48,8,97,37,16,507,0,600,9170
oliveira/04_07/randm06.02.02.15.020_0030.01.aba.beta,True,3,5,0.010714530944824219,0.0015306472778320312,0.0007250308990478516,0.012970209121704102,26,3,4,6,7,3,47,23,5,135,0,586,9189
oliveira/04_07/randm06.02.02.15.020_0030.02.aba.beta,True,6,5,0.05763602256774902,0.004502296447753906,0.0011372566223144531,0.06327557563781738,65,6,4,6,21,6,200,19,5,620,0,755,11540
oliveira/04_07/randm06.02.02.15.020_0030.03.aba.beta,True,4,5,0.013593673706054688,0.002169370651245117,0.0007240772247314453,0.01648712158203125,26,4,4,7,10,4,27,19,5,111,0,585,9103
oliveira/04_07/randm06.02.02.15.020_0030.04.aba.beta,True,9,5,0.10482120513916016,0.009389877319335938,0.0008161067962646484,0.11502718925476074,71,9,3,6,0,13,173,25,8,797,0,668,9678
oliveira/04_07/randm06.02.02.15.020_0030.05.aba.beta,True,10,5,0.08951711654663086,0.0069005489349365234,0.0009713172912597656,0.09738898277282715,69,10,4,7,9,10,280,24,5,767,0,760,11216
oliveira/04_07/randm06.02.02.16.020_0030.01.aba.beta,True,4,3,0.007578611373901367,0.0016071796417236328,0.0011556148529052734,0.010341405868530273,14,4,2,4,0,4,11,11,3,38,0,899,14447
oliveira/04_07/randm06.02.02.16.020_0030.02.aba.beta,True,4,3,0.009126424789428711,0.001734018325805664,0.0009539127349853516,0.011814355850219727,17,4,2,4,0,4,25,11,3,74,0,776,12141
oliveira/04_07/randm06.02.02.16.020_0030.03.aba.beta,True,2,3,0.003148794174194336,0.0007228851318359375,0.0010609626770019531,0.0049326419830322266,8,2,2,5,0,2,7,7,3,12,0,837,13591
oliveira/04_07/randm06.02.02.16.020_0030.04.aba.beta,True,2,3,0.0031952857971191406,0.0007464885711669922,0.0010602474212646484,0.005002021789550781,8,2,2,5,0,2,7,7,3,12,0,838,13337
oliveira/04_07/randm06.02.02.16.020_0030.05.aba.beta,True,4,3,0.00896310806274414,0.0017478466033935547,0.0013773441314697266,0.012088298797607422,15,4,2,4,0,4,19,12,3,60,0,779,12143
oliveira/04_07/randm06.02.02.17.020_0030.01.aba.beta,True,6,4,0.016454458236694336,0.002960681915283203,0.001100301742553711,0.02051544189453125,25,6,3,5,0,6,37,15,4,124,0,869,13484
oliveira/04_07/randm06.02.02.17.020_0030.02.aba.beta,True,7,4,0.018784046173095703,0.003351926803588867,0.0011327266693115234,0.023268699645996094,25,7,3,5,0,7,27,17,4,117,0,909,13943
oliveira/04_07/randm06.02.02.17.020_0030.03.aba.beta,True,7,4,0.027736425399780273,0.004672050476074219,0.0008192062377929688,0.03322768211364746,30,7,2,7,0,9,55,22,5,220,0,648,9697
oliveira/04_07/randm06.02.02.17.020_0030.04.aba.beta,True,5,4,0.016177892684936523,0.0030727386474609375,0.0008094310760498047,0.020060062408447266,22,5,2,9,0,7,21,17,5,80,0,560,8670
oliveira/04_07/randm06.02.02.17.020_0030.05.aba.beta,True,7,4,0.016484498977661133,0.003117799758911133,0.0010387897491455078,0.020641088485717773,22,7,3,6,0,7,23,16,4,96,0,575,8747
oliveira/04_07/randm06.02.02.18.020_0030.01.aba.beta,True,12,6,0.07065773010253906,0.008639812469482422,0.0008835792541503906,0.08018112182617188,60,12,4,10,2,14,130,25,7,589,0,712,10122
oliveira/04_07/randm06.02.02.18.020_0030.02.aba.beta,True,8,6,0.047707557678222656,0.005950450897216797,0.0008158683776855469,0.054473876953125,62,8,10,9,33,11,79,25,14,347,0,594,8981
oliveira/04_07/randm06.02.02.18.020_0030.03.aba.beta,True,16,6,0.09855294227600098,0.01374363899230957,0.0012047290802001953,0.11350131034851074,57,16,4,8,0,20,72,35,9,555,0,978,14199
oliveira/04_07/randm06.02.02.18.020_0030.04.aba.beta,True,9,6,0.07033371925354004,0.0061948299407958984,0.0008373260498046875,0.07736587524414062,115,9,11,14,54,11,270,31,14,1050,0,677,10353
oliveira/04_07/randm06.02.02.18.020_0030.05.aba.beta,True,13,6,0.13164806365966797,0.014608144760131836,0.0009458065032958984,0.1472020149230957,117,13,10,14,52,23,238,41,21,915,0,776,11379
oliveira/04_07/randm06.02.02.19.020_0030.01.aba.beta,True,1,1,0.0008938312530517578,0.0002956390380859375,0.0006618499755859375,0.0018513202667236328,3,1,0,2,0,1,3,3,1,2,0,533,8572
oliveira/04_07/randm06.02.02.19.020_0030.02.aba.beta,True,1,1,0.0010721683502197266,0.0003070831298828125,0.0007569789886474609,0.00213623046875,3,1,0,2,0,1,3,3,1,2,0,537,8597
oliveira/04_07/randm06.02.02.19.020_0030.03.aba.beta,True,1,1,0.0008895397186279297,0.0003170967102050781,0.0006606578826904297,0.0018672943115234375,3,1,0,2,0,1,3,3,1,2,0,533,8578
oliveira/04_07/randm06.02.02.19.020_0030.04.aba.beta,True,1,1,0.0009129047393798828,0.00030112266540527344,0.0006661415100097656,0.0018801689147949219,3,1,0,2,0,1,3,3,1,2,0,523,8524
oliveira/04_07/randm06.02.02.19.020_0030.05.aba.beta,True,1,1,0.0008962154388427734,0.0002994537353515625,0.0006690025329589844,0.0018646717071533203,3,1,0,2,0,1,3,3,1,2,0,525,8527
oliveira/04_07/randm07.02.02.01.020_0030.01.aba.beta,True,1,1,0.0009014606475830078,0.0003006458282470703,0.0006806850433349609,0.001882791519165039,3,1,0,2,0,1,3,3,1,2,0,529,8553
oliveira/04_07/randm07.02.02.01.020_0030.02.aba.beta,True,1,1,0.0009031295776367188,0.0003025531768798828,0.0007050037384033203,0.0019106864929199219,3,1,0,2,0,1,3,3,1,2,0,526,8542
oliveira/04_07/randm07.02.02.01.020_0030.03.aba.beta,True,1,1,0.0009009838104248047,0.00030684471130371094,0.0006682872772216797,0.0018761157989501953,3,1,0,2,0,1,3,3,1,2,0,531,8553
oliveira/04_07/randm07.02.02.01.020_0030.04.aba.beta,True,1,1,0.0008971691131591797,0.0002987384796142578,0.0007033348083496094,0.0018992424011230469,3,1,0,2,0,1,3,3,1,2,0,530,8550
oliveira/04_07/randm07.02.02.01.020_0030.05.aba.beta,True,1,1,0.0009675025939941406,0.00030303001403808594,0.0006666183471679688,0.0019371509552001953,3,1,0,2,0,1,3,3,1,2,0,540,8609
oliveira/04_07/randm07.02.02.02.020_0030.01.aba.beta,True,1,1,0.0009050369262695312,0.000301361083984375,0.0006628036499023438,0.00186920166015625,3,1,0,2,0,1,3,3,1,2,0,535,8587
oliveira/04_07/randm07.02.02.02.020_0030.02.aba.beta,True,1,1,0.0008916854858398438,0.0002956390380859375,0.000659942626953125,0.0018472671508789062,3,1,0,2,0,1,3,3,1,2,0,538,8598
oliveira/04_07/randm07.02.02.02.020_0030.03.aba.beta,True,1,1,0.0008842945098876953,0.0002944469451904297,0.0006561279296875,0.001834869384765625,3,1,0,2,0,1,3,3,1,2,0,533,8583
oliveira/04_07/randm07.02.02.02.020_0030.04.aba.beta,True,1,1,0.0009100437164306641,0.00030541419982910156,0.0006661415100097656,0.0018815994262695312,3,1,0,2,0,1,3,3,1,2,0,521,8515
oliveira/04_07/randm07.02.02.02.020_0030.05.aba.beta,True,1,1,0.0009002685546875,0.00029587745666503906,0.0006685256958007812,0.0018646717071533203,3,1,0,2,0,1,3,3,1,2,0,531,8576
oliveira/04_07/randm07.02.02.03.020_0030.01.aba.beta,True,13,7,3.014594316482544,0.24904584884643555,0.001056671142578125,3.2646968364715576,286,13,54,57,131,228,463,64,270,2463,0,796,11556
oliveira/04_07/randm07.02.02.03.020_0030.02.aba.beta,True,11,7,0.4580411911010742,0.038720130920410156,0.0007779598236083984,0.4975392818450928,172,11,35,23,93,50,214,53,75,1314,0,667,9523
oliveira/04_07/randm07.02.02.03.020_0030.03.aba.beta,True,14,7,2.0075018405914307,0.14977025985717773,0.0009768009185791016,2.1582489013671875,218,14,24,35,84,155,355,58,166,1710,0,796,11395
oliveira/04_07/randm07.02.02.03.020_0030.04.aba.beta,True,12,7,0.2552518844604492,0.0293118953704834,0.0008614063262939453,0.28542518615722656,91,12,4,16,0,36,125,37,29,804,0,727,10289
oliveira/04_07/randm07.02.02.03.020_0030.05.aba.beta,True,10,7,1.018707513809204,0.04841971397399902,0.0009593963623046875,1.0680866241455078,365,10,64,32,294,68,452,55,123,2838,0,746,11183
oliveira/04_07/randm07.02.02.04.020_0030.01.aba.beta,True,9,4,0.027373790740966797,0.004488229751586914,0.0014126300811767578,0.03327465057373047,30,9,3,5,2,9,36,22,4,129,0,1115,17307
oliveira/04_07/randm07.02.02.04.020_0030.02.aba.beta,True,7,4,0.027303457260131836,0.003974437713623047,0.0012392997741699219,0.032517194747924805,33,7,2,7,2,8,55,21,4,219,0,960,14738
oliveira/04_07/randm07.02.02.04.020_0030.03.aba.beta,True,8,4,0.038190603256225586,0.004164457321166992,0.0019845962524414062,0.044339656829833984,43,8,3,5,2,8,145,19,4,329,0,1554,24373
oliveira/04_07/randm07.02.02.04.020_0030.04.aba.beta,True,9,4,0.028754234313964844,0.004577159881591797,0.0015001296997070312,0.03483152389526367,32,9,3,5,2,9,41,22,4,174,0,1188,18682
oliveira/04_07/randm07.02.02.04.020_0030.05.aba.beta,True,7,4,0.02192544937133789,0.003420591354370117,0.0008342266082763672,0.026180267333984375,32,7,3,5,2,7,54,18,4,212,0,656,9909
oliveira/04_07/randm07.02.02.05.020_0030.01.aba.beta,True,11,6,0.1414949893951416,0.018384933471679688,0.0008664131164550781,0.16074633598327637,59,11,3,17,2,28,68,34,21,327,0,705,10345
oliveira/04_07/randm07.02.02.05.020_0030.02.aba.beta,True,9,6,0.05785679817199707,0.006985902786254883,0.0011112689971923828,0.06595396995544434,55,9,4,9,7,11,110,26,7,432,0,858,12923
oliveira/04_07/randm07.02.02.05.020_0030.03.aba.beta,True,6,6,0.13251566886901855,0.013498544692993164,0.0008208751678466797,0.1468350887298584,63,6,4,13,4,20,148,25,19,577,0,649,9881
oliveira/04_07/randm07.02.02.05.020_0030.04.aba.beta,True,8,6,0.0370635986328125,0.00466156005859375,0.0008554458618164062,0.042580604553222656,43,8,5,6,2,8,145,26,6,360,0,687,10153
oliveira/04_07/randm07.02.02.05.020_0030.05.aba.beta,True,8,6,0.05142688751220703,0.007719516754150391,0.0008285045623779297,0.05997490882873535,41,8,4,12,2,13,77,28,10,249,0,663,9887
oliveira/04_07/randm07.02.02.06.020_0030.01.aba.beta,True,5,4,0.012741804122924805,0.002320528030395508,0.0008535385131835938,0.015915870666503906,20,5,3,6,0,5,30,13,4,85,0,637,9945
oliveira/04_07/randm07.02.02.06.020_0030.02.aba.beta,True,6,4,0.015647172927856445,0.0027208328247070312,0.0009343624114990234,0.0193023681640625,20,6,3,6,0,6,28,15,4,118,0,756,11563
oliveira/04_07/randm07.02.02.06.020_0030.03.aba.beta,True,6,4,0.0147552490234375,0.0028460025787353516,0.0007631778717041016,0.018364429473876953,21,6,3,6,0,6,24,16,4,87,0,628,9590
oliveira/04_07/randm07.02.02.06.020_0030.04.aba.beta,True,5,4,0.0115814208984375,0.002151012420654297,0.0011305809020996094,0.014863014221191406,19,5,3,6,0,5,24,15,4,102,0,891,13951
oliveira/04_07/randm07.02.02.06.020_0030.05.aba.beta,True,6,4,0.014562845230102539,0.0028057098388671875,0.0010886192321777344,0.01845717430114746,21,6,3,6,0,6,21,16,4,85,0,889,13842
oliveira/04_07/randm07.02.02.07.020_0030.01.aba.beta,True,15,6,0.1744379997253418,0.017299652099609375,0.0009984970092773438,0.19273614883422852,98,15,3,9,3,25,181,39,14,1014,0,817,11560
oliveira/04_07/randm07.02.02.07.020_0030.02.aba.beta,True,13,6,0.5083374977111816,0.03416872024536133,0.0012013912200927734,0.5437076091766357,106,13,3,13,3,38,270,38,29,1053,0,991,14419
oliveira/04_07/randm07.02.02.07.020_0030.03.aba.beta,True,13,6,0.23642826080322266,0.01973557472229004,0.0009324550628662109,0.2570962905883789,90,13,3,14,3,30,206,32,21,768,0,787,11330
oliveira/04_07/randm07.02.02.07.020_0030.04.aba.beta,True,9,6,0.040587425231933594,0.005762577056884766,0.0012595653533935547,0.047609567642211914,41,9,4,8,3,10,61,21,6,254,0,995,15314
oliveira/04_07/randm07.02.02.07.020_0030.05.aba.beta,True,13,6,0.1376495361328125,0.01553034782409668,0.0013189315795898438,0.15449881553649902,69,13,4,8,3,23,144,39,15,558,0,1072,15535
oliveira/04_07/randm07.02.02.08.020_0030.01.aba.beta,True,1,1,0.0009045600891113281,0.00029468536376953125,0.0006701946258544922,0.0018694400787353516,3,1,0,2,0,1,3,3,1,2,0,542,8613
oliveira/04_07/randm07.02.02.08.020_0030.02.aba.beta,True,1,1,0.0008935928344726562,0.0002942085266113281,0.0006606578826904297,0.001848459243774414,3,1,0,2,0,1,3,3,1,2,0,539,8607
oliveira/04_07/randm07.02.02.08.020_0030.03.aba.beta,True,1,1,0.0008702278137207031,0.0003025531768798828,0.0006835460662841797,0.0018563270568847656,3,1,0,2,0,1,3,3,1,2,0,534,8577
oliveira/04_07/randm07.02.02.08.020_0030.04.aba.beta,True,1,1,0.0008790493011474609,0.0002923011779785156,0.0006759166717529297,0.0018472671508789062,3,1,0,2,0,1,3,3,1,2,0,536,8592
oliveira/04_07/randm07.02.02.08.020_0030.05.aba.beta,True,1,1,0.0008847713470458984,0.0002944469451904297,0.0007052421569824219,0.00188446044921875,3,1,0,2,0,1,3,3,1,2,0,536,8587
oliveira/04_07/randm07.02.02.09.020_0030.01.aba.beta,True,5,3,0.011940956115722656,0.0021653175354003906,0.0006923675537109375,0.014798641204833984,18,5,2,5,0,5,22,14,3,103,0,580,8846
oliveira/04_07/randm07.02.02.09.020_0030.02.aba.beta,True,5,3,0.010961532592773438,0.002154827117919922,0.0011012554168701172,0.014217615127563477,18,5,2,4,0,5,26,14,3,77,0,902,14213
oliveira/04_07/randm07.02.02.09.020_0030.03.aba.beta,True,3,3,0.005606174468994141,0.0012085437774658203,0.0006697177886962891,0.00748443603515625,12,3,2,4,0,3,12,10,3,35,0,553,8644
oliveira/04_07/randm07.02.02.09.020_0030.04.aba.beta,True,3,3,0.006203174591064453,0.0012059211730957031,0.0006802082061767578,0.008089303970336914,12,3,2,5,0,3,21,10,3,67,0,561,8758
oliveira/04_07/randm07.02.02.09.020_0030.05.aba.beta,True,3,3,0.00592803955078125,0.001195669174194336,0.0006871223449707031,0.007810831069946289,12,3,2,5,0,3,17,10,3,51,0,552,8661
oliveira/04_07/randm07.02.02.10.020_0030.01.aba.beta,True,1,1,0.0008885860443115234,0.00030493736267089844,0.0006613731384277344,0.0018548965454101562,3,1,0,2,0,1,3,3,1,2,0,537,8599
oliveira/04_07/randm07.02.02.10.020_0030.02.aba.beta,True,1,1,0.0008907318115234375,0.0002932548522949219,0.0006825923919677734,0.0018665790557861328,3,1,0,2,0,1,3,3,1,2,0,540,8608
oliveira/04_07/randm07.02.02.10.020_0030.03.aba.beta,True,1,1,0.0008881092071533203,0.00031495094299316406,0.0006642341613769531,0.0018672943115234375,3,1,0,2,0,1,3,3,1,2,0,527,8497
oliveira/04_07/randm07.02.02.10.020_0030.04.aba.beta,True,1,1,0.0008783340454101562,0.000308990478515625,0.0006785392761230469,0.0018658638000488281,3,1,0,2,0,1,3,3,1,2,0,537,8603
oliveira/04_07/randm07.02.02.10.020_0030.05.aba.beta,True,1,1,0.0010581016540527344,0.00031876564025878906,0.0006563663482666016,0.002033233642578125,3,1,0,2,0,1,3,3,1,2,0,528,8551
oliveira/04_07/randm07.02.02.11.020_0030.01.aba.beta,True,11,5,0.08247137069702148,0.008903026580810547,0.0010077953338623047,0.09238219261169434,49,11,3,7,0,15,124,25,8,338,0,789,11715
oliveira/04_07/randm07.02.02.11.020_0030.02.aba.beta,True,7,5,0.01882457733154297,0.003445148468017578,0.001058816909790039,0.023328542709350586,25,7,4,5,0,7,32,19,5,161,0,796,12409
oliveira/04_07/randm07.02.02.11.020_0030.03.aba.beta,True,7,5,0.0392611026763916,0.004327535629272461,0.0012128353118896484,0.04480147361755371,36,7,4,7,0,7,187,21,5,434,0,941,14858
oliveira/04_07/randm07.02.02.11.020_0030.04.aba.beta,True,9,5,0.05455780029296875,0.0076329708099365234,0.0008985996246337891,0.06308937072753906,48,9,3,9,0,13,53,26,8,306,0,724,10763
oliveira/04_07/randm07.02.02.11.020_0030.05.aba.beta,True,8,5,0.07175755500793457,0.005732536315917969,0.000972747802734375,0.07846283912658691,55,8,3,6,0,10,190,20,6,595,0,756,11314
oliveira/04_07/randm07.02.02.12.020_0030.01.aba.beta,True,4,3,0.0075359344482421875,0.0015981197357177734,0.0010328292846679688,0.01016688346862793,14,4,2,5,0,4,13,11,3,42,0,817,12904
oliveira/04_07/randm07.02.02.12.020_0030.02.aba.beta,True,3,3,0.005115032196044922,0.0011653900146484375,0.0006833076477050781,0.0069637298583984375,11,3,2,5,0,3,13,9,3,29,0,546,8621
oliveira/04_07/randm07.02.02.12.020_0030.03.aba.beta,True,3,3,0.00574946403503418,0.0012297630310058594,0.0006952285766601562,0.007674455642700195,11,3,2,5,0,3,16,9,3,35,0,545,8631
oliveira/04_07/randm07.02.02.12.020_0030.04.aba.beta,True,4,3,0.01188039779663086,0.0016951560974121094,0.0009930133819580078,0.014568567276000977,22,4,2,5,0,4,63,10,3,131,0,792,12532
oliveira/04_07/randm07.02.02.12.020_0030.05.aba.beta,True,4,3,0.00951385498046875,0.0018384456634521484,0.001192331314086914,0.012544631958007812,19,4,2,5,0,4,32,10,3,93,0,880,13851
oliveira/04_07/randm07.02.02.13.020_0030.01.aba.beta,True,12,7,0.12158465385437012,0.010647773742675781,0.001111745834350586,0.13334417343139648,108,12,13,12,32,14,275,39,16,979,0,909,13325
oliveira/04_07/randm07.02.02.13.020_0030.02.aba.beta,True,14,7,0.07004189491271973,0.010004043579101562,0.0011737346649169922,0.08121967315673828,53,14,6,8,3,14,71,36,7,622,0,897,13337
oliveira/04_07/randm07.02.02.13.020_0030.03.aba.beta,True,10,7,0.20617389678955078,0.018152236938476562,0.0011682510375976562,0.225494384765625,104,10,14,9,55,24,154,45,29,751,0,946,14029
oliveira/04_07/randm07.02.02.13.020_0030.04.aba.beta,True,15,7,0.6113340854644775,0.04965662956237793,0.0011398792266845703,0.66213059425354,175,15,32,22,46,66,285,55,84,1756,0,950,13635
oliveira/04_07/randm07.02.02.13.020_0030.05.aba.beta,True,15,7,0.15011978149414062,0.015527486801147461,0.0010912418365478516,0.16673851013183594,104,15,9,11,38,21,129,46,16,807,0,892,12623
oliveira/04_07/randm07.02.02.14.020_0030.01.aba.beta,True,3,3,0.006413459777832031,0.0013079643249511719,0.0007040500640869141,0.008425474166870117,12,3,2,5,0,3,23,10,3,79,0,577,8908
oliveira/04_07/randm07.02.02.14.020_0030.02.aba.beta,True,3,3,0.0057871341705322266,0.0012247562408447266,0.0006775856018066406,0.007689476013183594,12,3,2,5,0,3,16,10,3,51,0,559,8687
oliveira/04_07/randm07.02.02.14.020_0030.03.aba.beta,True,3,3,0.007006168365478516,0.00136566162109375,0.0007910728454589844,0.00916290283203125,12,3,2,5,0,3,27,10,3,95,0,614,9804
oliveira/04_07/randm07.02.02.14.020_0030.04.aba.beta,True,5,3,0.018893957138061523,0.002254962921142578,0.0007774829864501953,0.021926403045654297,29,5,2,4,0,5,114,13,3,246,0,604,9346
oliveira/04_07/randm07.02.02.14.020_0030.05.aba.beta,True,3,3,0.0052394866943359375,0.0011532306671142578,0.0007021427154541016,0.007094860076904297,12,3,2,4,0,3,11,10,3,34,0,551,8634
oliveira/04_07/randm07.02.02.15.020_0030.01.aba.beta,True,9,7,0.09601712226867676,0.011045217514038086,0.0008230209350585938,0.10788536071777344,61,9,5,12,7,16,99,28,13,418,0,655,9562
oliveira/04_07/randm07.02.02.15.020_0030.02.aba.beta,True,11,7,1.0283105373382568,0.05939006805419922,0.0009205341339111328,1.0886211395263672,213,11,19,25,105,80,346,54,89,1826,0,758,11252
oliveira/04_07/randm07.02.02.15.020_0030.03.aba.beta,True,10,7,0.761655330657959,0.05772900581359863,0.0014820098876953125,0.8208663463592529,197,10,20,23,105,72,547,51,83,1695,0,1192,18197
oliveira/04_07/randm07.02.02.15.020_0030.04.aba.beta,True,8,7,0.15973949432373047,0.01539158821105957,0.0008208751678466797,0.17595195770263672,150,8,19,18,104,24,187,50,36,1007,0,664,9994
oliveira/04_07/randm07.02.02.15.020_0030.05.aba.beta,True,18,7,1.2487902641296387,0.06467390060424805,0.0017192363739013672,1.315183401107788,150,18,3,8,2,72,376,44,58,1457,0,1345,19928
oliveira/04_07/randm07.02.02.16.020_0030.01.aba.beta,True,6,4,0.015103340148925781,0.002897977828979492,0.0016353130340576172,0.01963663101196289,21,6,3,6,0,6,31,16,4,107,0,1285,20027
oliveira/04_07/randm07.02.02.16.020_0030.02.aba.beta,True,8,4,0.020958662033081055,0.00392460823059082,0.0020279884338378906,0.026911258697509766,26,8,3,6,0,8,26,19,4,118,0,1591,25049
oliveira/04_07/randm07.02.02.16.020_0030.03.aba.beta,True,4,4,0.013891458511352539,0.0026106834411621094,0.0006930828094482422,0.01719522476196289,20,4,2,6,0,6,28,14,5,77,0,552,8646
oliveira/04_07/randm07.02.02.16.020_0030.04.aba.beta,True,3,4,0.013383626937866211,0.0022687911987304688,0.0007023811340332031,0.016354799270629883,19,3,2,7,0,5,30,13,5,104,0,554,8664
oliveira/04_07/randm07.02.02.16.020_0030.05.aba.beta,True,8,4,0.02724170684814453,0.00423741340637207,0.0019669532775878906,0.03344607353210449,37,8,3,6,0,8,124,18,4,279,0,1417,22229
oliveira/04_07/randm07.02.02.17.020_0030.01.aba.beta,True,10,6,0.18902206420898438,0.012151956558227539,0.0010929107666015625,0.20226693153381348,95,10,6,8,14,17,417,35,14,1071,0,884,13235
oliveira/04_07/randm07.02.02.17.020_0030.02.aba.beta,True,10,6,0.14579319953918457,0.012772560119628906,0.0010826587677001953,0.15964841842651367,77,10,3,10,3,17,315,32,11,771,0,874,13130
oliveira/04_07/randm07.02.02.17.020_0030.03.aba.beta,True,8,6,0.100067138671875,0.007497310638427734,0.0008797645568847656,0.1084442138671875,101,8,12,6,37,12,291,42,17,866,0,705,10430
oliveira/04_07/randm07.02.02.17.020_0030.04.aba.beta,True,9,6,0.07244157791137695,0.00628662109375,0.0009489059448242188,0.07967710494995117,76,9,5,7,3,9,347,29,6,931,0,748,11153
oliveira/04_07/randm07.02.02.17.020_0030.05.aba.beta,True,9,6,0.15321135520935059,0.013492584228515625,0.0010943412780761719,0.16779828071594238,62,9,3,10,3,17,197,31,12,572,0,862,12823
oliveira/04_07/randm07.02.02.18.020_0030.01.aba.beta,True,9,7,10.323737382888794,0.5900135040283203,0.0011277198791503906,10.914878606796265,405,9,77,47,178,435,832,79,504,3455,0,843,12657
oliveira/04_07/randm07.02.02.18.020_0030.02.aba.beta,True,11,7,0.507277250289917,0.07164263725280762,0.0011119842529296875,0.5800318717956543,109,11,4,8,8,36,326,40,30,1174,0,866,12900
oliveira/04_07/randm07.02.02.18.020_0030.03.aba.beta,True,10,7,4.343432426452637,0.17196393013000488,0.0016350746154785156,4.51703143119812,349,10,62,18,170,166,865,68,219,3140,0,1230,18737
oliveira/04_07/randm07.02.02.18.020_0030.04.aba.beta,True,10,7,7.709296226501465,0.2532320022583008,0.0012788772583007812,7.963807106018066,425,10,63,11,222,201,1029,78,255,4022,0,985,14923
oliveira/04_07/randm07.02.02.18.020_0030.05.aba.beta,True,13,7,0.5566003322601318,0.027836322784423828,0.0016551017761230469,0.5860917568206787,152,13,10,9,26,25,761,44,23,1819,0,1322,19639
oliveira/04_07/randm07.02.02.19.020_0030.01.aba.beta,True,9,5,0.058858633041381836,0.006153106689453125,0.0008461475372314453,0.0658578872680664,43,9,3,8,1,11,118,23,6,338,0,672,9995
oliveira/04_07/randm07.02.02.19.020_0030.02.aba.beta,True,11,5,0.1117551326751709,0.011179208755493164,0.0009775161743164062,0.12391185760498047,70,11,2,9,1,18,201,26,10,749,0,774,11561
oliveira/04_07/randm07.02.02.19.020_0030.03.aba.beta,True,5,5,0.028609514236450195,0.0026323795318603516,0.00093841552734375,0.0321803092956543,37,5,4,7,4,5,190,21,5,336,0,724,11191
oliveira/04_07/randm07.02.02.19.020_0030.04.aba.beta,True,10,5,0.17595481872558594,0.01534724235534668,0.0008766651153564453,0.19217872619628906,81,10,2,13,1,24,219,29,17,755,0,737,10830
oliveira/04_07/randm07.02.02.19.020_0030.05.aba.beta,True,5,5,0.014280319213867188,0.002569913864135742,0.0009548664093017578,0.017805099487304688,26,5,4,7,3,5,47,19,5,130,0,735,11353
oliveira/04_09/randm04.02.02.01.020_0030.01.aba.beta,True,3,3,0.004778385162353516,0.001104593276977539,0.0007281303405761719,0.0066111087799072266,12,3,2,5,1,3,12,10,3,32,0,543,8608
oliveira/04_09/randm04.02.02.01.020_0030.02.aba.beta,True,5,4,0.009649515151977539,0.0020749568939208984,0.00147247314453125,0.013196945190429688,16,5,3,5,1,5,13,12,4,40,0,1137,18044
oliveira/04_09/randm04.02.02.01.020_0030.03.aba.beta,True,6,4,0.01250457763671875,0.0025377273559570312,0.0016527175903320312,0.016695022583007812,19,6,3,5,2,6,15,14,4,53,0,1285,20584
oliveira/04_09/randm04.02.02.01.020_0030.04.aba.beta,True,6,4,0.012706279754638672,0.0024971961975097656,0.0015935897827148438,0.01679706573486328,19,6,3,5,2,6,17,13,4,57,0,1246,19786
oliveira/04_09/randm04.02.02.01.020_0030.05.aba.beta,True,5,4,0.010159492492675781,0.0020661354064941406,0.0016515254974365234,0.013877153396606445,16,5,3,5,1,5,16,12,4,46,0,1286,20264
oliveira/04_09/randm04.02.02.02.020_0030.01.aba.beta,True,1,1,0.0009028911590576172,0.00029754638671875,0.0006694793701171875,0.0018699169158935547,3,1,0,2,0,1,3,3,1,2,0,543,8623
oliveira/04_09/randm04.02.02.02.020_0030.02.aba.beta,True,1,1,0.0008876323699951172,0.00029850006103515625,0.0006594657897949219,0.0018455982208251953,3,1,0,2,0,1,3,3,1,2,0,537,8598
oliveira/04_09/randm04.02.02.02.020_0030.03.aba.beta,True,1,1,0.0008976459503173828,0.0002982616424560547,0.0006644725799560547,0.0018603801727294922,3,1,0,2,0,1,3,3,1,2,0,527,8532
oliveira/04_09/randm04.02.02.02.020_0030.04.aba.beta,True,1,1,0.0008692741394042969,0.00030040740966796875,0.0006625652313232422,0.0018322467803955078,3,1,0,2,0,1,3,3,1,2,0,536,8589
oliveira/04_09/randm04.02.02.02.020_0030.05.aba.beta,True,1,1,0.0008807182312011719,0.0002980232238769531,0.0006647109985351562,0.0018434524536132812,3,1,0,2,0,1,3,3,1,2,0,536,8583
oliveira/04_09/randm04.02.02.03.020_0030.01.aba.beta,True,2,3,0.0030982494354248047,0.0007359981536865234,0.0007162094116210938,0.004550457000732422,11,2,2,5,2,2,13,10,3,27,0,536,8563
oliveira/04_09/randm04.02.02.03.020_0030.02.aba.beta,True,2,3,0.0036683082580566406,0.0007615089416503906,0.000690460205078125,0.005120277404785156,11,2,2,5,2,2,21,9,3,43,0,545,8658
oliveira/04_09/randm04.02.02.03.020_0030.03.aba.beta,True,2,3,0.003350973129272461,0.0007364749908447266,0.0007107257843017578,0.004798173904418945,10,2,2,5,2,2,9,9,3,19,0,540,8598
oliveira/04_09/randm04.02.02.03.020_0030.04.aba.beta,True,2,3,0.002890348434448242,0.000705718994140625,0.0006613731384277344,0.0042574405670166016,10,2,2,5,2,2,9,9,3,19,0,543,8612
oliveira/04_09/randm04.02.02.03.020_0030.05.aba.beta,True,3,3,0.005768299102783203,0.0012240409851074219,0.0007269382476806641,0.007719278335571289,14,3,2,5,2,3,18,11,3,51,0,547,8614
oliveira/04_09/randm04.02.02.04.020_0030.01.aba.beta,True,1,1,0.000888824462890625,0.0002987384796142578,0.0006723403930664062,0.001859903335571289,3,1,0,2,0,1,3,3,1,2,0,529,8558
oliveira/04_09/randm04.02.02.04.020_0030.02.aba.beta,True,1,1,0.0008740425109863281,0.00029540061950683594,0.0007004737854003906,0.0018699169158935547,3,1,0,2,0,1,3,3,1,2,0,531,8570
oliveira/04_09/randm04.02.02.04.020_0030.03.aba.beta,True,1,1,0.0008823871612548828,0.0003001689910888672,0.0006818771362304688,0.0018644332885742188,3,1,0,2,0,1,3,3,1,2,0,532,8571
oliveira/04_09/randm04.02.02.04.020_0030.04.aba.beta,True,1,1,0.0008864402770996094,0.00030112266540527344,0.0006535053253173828,0.0018410682678222656,3,1,0,2,0,1,3,3,1,2,0,535,8587
oliveira/04_09/randm04.02.02.04.020_0030.05.aba.beta,True,1,1,0.0008790493011474609,0.0002930164337158203,0.0006694793701171875,0.0018415451049804688,3,1,0,2,0,1,3,3,1,2,0,539,8598
oliveira/04_09/randm04.02.02.05.020_0030.01.aba.beta,True,1,2,0.0012962818145751953,0.00033545494079589844,0.0006611347198486328,0.0022928714752197266,5,1,1,4,0,1,5,5,2,6,0,533,8580
oliveira/04_09/randm04.02.02.05.020_0030.02.aba.beta,True,1,2,0.0013086795806884766,0.0003337860107421875,0.0006825923919677734,0.0023250579833984375,5,1,1,4,0,1,5,5,2,6,0,529,8561
oliveira/04_09/randm04.02.02.05.020_0030.03.aba.beta,True,1,2,0.001310110092163086,0.00034332275390625,0.0006937980651855469,0.002347230911254883,5,1,1,4,0,1,5,5,2,6,0,538,8604
oliveira/04_09/randm04.02.02.05.020_0030.04.aba.beta,True,1,2,0.0013041496276855469,0.00033211708068847656,0.0006885528564453125,0.002324819564819336,5,1,1,4,0,1,5,5,2,6,0,531,8548
oliveira/04_09/randm04.02.02.05.020_0030.05.aba.beta,True,1,2,0.0012934207916259766,0.0003337860107421875,0.0007700920104980469,0.002397298812866211,5,1,1,4,0,1,5,5,2,6,0,528,8549
oliveira/04_09/randm04.02.02.06.020_0030.01.aba.beta,True,3,3,0.006453514099121094,0.0012960433959960938,0.0007584095001220703,0.008507966995239258,14,3,2,4,0,3,27,11,3,76,0,554,8748
oliveira/04_09/randm04.02.02.06.020_0030.02.aba.beta,True,3,3,0.006165504455566406,0.0012063980102539062,0.0007009506225585938,0.008072853088378906,12,3,2,4,0,3,21,10,3,67,0,568,8797
oliveira/04_09/randm04.02.02.06.020_0030.03.aba.beta,True,4,3,0.007676839828491211,0.0016062259674072266,0.0006794929504394531,0.00996255874633789,14,4,2,5,0,4,21,11,3,62,0,563,8743
oliveira/04_09/randm04.02.02.06.020_0030.04.aba.beta,True,5,3,0.013555288314819336,0.002209186553955078,0.000728607177734375,0.01649308204650879,20,5,2,5,0,5,41,12,3,133,0,590,9046
oliveira/04_09/randm04.02.02.06.020_0030.05.aba.beta,True,3,3,0.0057027339935302734,0.0011868476867675781,0.0006868839263916016,0.007576465606689453,12,3,2,4,0,3,17,10,3,48,0,559,8698
oliveira/04_09/randm04.02.02.07.020_0030.01.aba.beta,True,1,2,0.0012955665588378906,0.0003294944763183594,0.0006597042083740234,0.0022847652435302734,5,1,1,4,0,1,5,5,2,6,0,531,8557
oliveira/04_09/randm04.02.02.07.020_0030.02.aba.beta,True,1,2,0.0013744831085205078,0.00033092498779296875,0.0006608963012695312,0.002366304397583008,5,1,1,4,0,1,5,5,2,6,0,531,8567
oliveira/04_09/randm04.02.02.07.020_0030.03.aba.beta,True,1,2,0.0012896060943603516,0.00033092498779296875,0.0006539821624755859,0.0022745132446289062,5,1,1,4,0,1,5,5,2,6,0,538,8600
oliveira/04_09/randm04.02.02.07.020_0030.04.aba.beta,True,1,2,0.0012981891632080078,0.00033020973205566406,0.00069427490234375,0.002322673797607422,5,1,1,4,0,1,5,5,2,6,0,538,8598
oliveira/04_09/randm04.02.02.07.020_0030.05.aba.beta,True,1,2,0.0012989044189453125,0.00033164024353027344,0.000705718994140625,0.002336263656616211,5,1,1,4,0,1,5,5,2,6,0,541,8614
oliveira/04_09/randm04.02.02.08.020_0030.01.aba.beta,True,7,4,0.045015573501586914,0.004410266876220703,0.0009105205535888672,0.050336360931396484,48,7,2,6,2,8,185,19,4,530,0,726,10901
oliveira/04_09/randm04.02.02.08.020_0030.02.aba.beta,True,6,4,0.04200458526611328,0.0033974647521972656,0.0008325576782226562,0.0462346076965332,39,6,2,5,2,7,204,14,4,363,0,639,9888
oliveira/04_09/randm04.02.02.08.020_0030.03.aba.beta,True,6,4,0.014312505722045898,0.0025911331176757812,0.0008707046508789062,0.017774343490600586,22,6,3,6,2,6,26,15,4,99,0,677,10450
oliveira/04_09/randm04.02.02.08.020_0030.04.aba.beta,True,5,4,0.010325193405151367,0.0021457672119140625,0.0007047653198242188,0.013175725936889648,17,5,3,6,2,5,13,13,4,53,0,561,8660
oliveira/04_09/randm04.02.02.08.020_0030.05.aba.beta,True,6,4,0.01703619956970215,0.0029702186584472656,0.0007584095001220703,0.020764827728271484,24,6,3,6,2,6,43,19,4,159,0,631,9493
oliveira/04_09/randm04.02.02.09.020_0030.01.aba.beta,True,2,3,0.003373384475708008,0.0007688999176025391,0.0006833076477050781,0.004825592041015625,9,2,2,5,0,2,10,8,3,22,0,541,8608
oliveira/04_09/randm04.02.02.09.020_0030.02.aba.beta,True,2,3,0.0039026737213134766,0.0008559226989746094,0.0007424354553222656,0.0055010318756103516,9,2,2,5,0,2,14,8,3,30,0,534,8569
oliveira/04_09/randm04.02.02.09.020_0030.03.aba.beta,True,2,3,0.003469705581665039,0.0007812976837158203,0.0006866455078125,0.004937648773193359,9,2,2,5,0,2,15,8,3,30,0,545,8636
oliveira/04_09/randm04.02.02.09.020_0030.04.aba.beta,True,2,3,0.003719806671142578,0.0007956027984619141,0.0006709098815917969,0.005186319351196289,9,2,2,5,0,2,21,8,3,42,0,553,8716
oliveira/04_09/randm04.02.02.09.020_0030.05.aba.beta,True,2,3,0.0036077499389648438,0.0007686614990234375,0.00072479248046875,0.005101203918457031,9,2,2,5,0,2,17,8,3,36,0,549,8669
oliveira/04_09/randm04.02.02.10.020_0030.01.aba.beta,True,2,4,0.004960775375366211,0.0008831024169921875,0.000736236572265625,0.0065801143646240234,13,2,3,5,2,2,32,12,4,66,0,556,8820
oliveira/04_09/randm04.02.02.10.020_0030.02.aba.beta,True,2,4,0.004286289215087891,0.0008082389831542969,0.0006740093231201172,0.005768537521362305,13,2,3,6,2,2,20,10,4,42,0,530,8565
oliveira/04_09/randm04.02.02.10.020_0030.03.aba.beta,True,2,4,0.005024433135986328,0.0008969306945800781,0.000701904296875,0.006623268127441406,13,2,3,6,2,2,38,11,4,78,0,562,8955
oliveira/04_09/randm04.02.02.10.020_0030.04.aba.beta,True,2,4,0.004781961441040039,0.0008933544158935547,0.0006978511810302734,0.006373167037963867,13,2,3,5,2,2,30,11,4,62,0,555,8784
oliveira/04_09/randm04.02.02.10.020_0030.05.aba.beta,True,2,4,0.005707502365112305,0.0009198188781738281,0.0007541179656982422,0.007381439208984375,13,2,3,5,2,2,31,11,4,64,0,560,8819
oliveira/04_09/randm04.02.02.11.020_0030.01.aba.beta,True,8,4,0.01836085319519043,0.0036361217498779297,0.0021524429321289062,0.024149417877197266,24,8,3,6,0,8,24,16,4,82,0,1633,25528
oliveira/04_09/randm04.02.02.11.020_0030.02.aba.beta,True,8,4,0.01727914810180664,0.0033915042877197266,0.0023877620697021484,0.023058414459228516,23,8,3,6,0,8,18,16,4,70,0,1592,25010
oliveira/04_09/randm04.02.02.11.020_0030.03.aba.beta,True,7,4,0.015735626220703125,0.0032300949096679688,0.0010361671447753906,0.020001888275146484,20,7,3,6,0,7,15,14,4,68,0,846,13003
oliveira/04_09/randm04.02.02.11.020_0030.04.aba.beta,True,8,4,0.01939105987548828,0.0035762786865234375,0.001232147216796875,0.024199485778808594,24,8,3,6,0,8,17,13,4,91,0,947,14701
oliveira/04_09/randm04.02.02.11.020_0030.05.aba.beta,True,8,4,0.018635988235473633,0.0037353038787841797,0.0015625953674316406,0.023933887481689453,26,8,3,6,0,8,20,15,4,91,0,1183,19109
oliveira/04_09/randm04.02.02.12.020_0030.01.aba.beta,True,3,3,0.006138324737548828,0.0014753341674804688,0.0007433891296386719,0.008357048034667969,12,3,2,5,0,3,18,10,3,55,0,557,8687
oliveira/04_09/randm04.02.02.12.020_0030.02.aba.beta,True,3,3,0.0060291290283203125,0.0012166500091552734,0.0006775856018066406,0.007923364639282227,13,3,2,5,0,3,19,10,3,56,0,561,8708
oliveira/04_09/randm04.02.02.12.020_0030.03.aba.beta,True,3,3,0.00589299201965332,0.001230478286743164,0.0006785392761230469,0.007802009582519531,12,3,2,5,0,3,18,10,3,54,0,564,8717
oliveira/04_09/randm04.02.02.12.020_0030.04.aba.beta,True,3,3,0.005405426025390625,0.0012257099151611328,0.0006935596466064453,0.007324695587158203,11,3,2,5,0,3,10,9,3,28,0,545,8605
oliveira/04_09/randm04.02.02.12.020_0030.05.aba.beta,True,3,3,0.006258249282836914,0.001306295394897461,0.0007455348968505859,0.008310079574584961,11,3,2,5,0,3,14,9,3,36,0,544,8613
oliveira/04_09/randm04.02.02.13.020_0030.01.aba.beta,True,1,1,0.000881195068359375,0.00029754638671875,0.0006644725799560547,0.0018432140350341797,3,1,0,2,0,1,3,3,1,2,0,528,8539
oliveira/04_09/randm04.02.02.13.020_0030.02.aba.beta,True,1,1,0.0011479854583740234,0.0003116130828857422,0.0006685256958007812,0.002128124237060547,3,1,0,2,0,1,3,3,1,2,0,535,8584
oliveira/04_09/randm04.02.02.13.020_0030.03.aba.beta,True,1,1,0.0008912086486816406,0.0003058910369873047,0.0006644725799560547,0.001861572265625,3,1,0,2,0,1,3,3,1,2,0,534,8583
oliveira/04_09/randm04.02.02.13.020_0030.04.aba.beta,True,1,1,0.0008962154388427734,0.0002980232238769531,0.0006906986236572266,0.0018849372863769531,3,1,0,2,0,1,3,3,1,2,0,537,8593
oliveira/04_09/randm04.02.02.13.020_0030.05.aba.beta,True,1,1,0.0008900165557861328,0.0003037452697753906,0.0007865428924560547,0.001980304718017578,3,1,0,2,0,1,3,3,1,2,0,543,8623
oliveira/04_09/randm04.02.02.14.020_0030.01.aba.beta,True,4,4,0.008497238159179688,0.0016410350799560547,0.0006897449493408203,0.010828018188476562,14,4,3,6,0,4,27,11,4,64,0,568,8823
oliveira/04_09/randm04.02.02.14.020_0030.02.aba.beta,True,5,4,0.010555744171142578,0.0022993087768554688,0.00075531005859375,0.013610363006591797,16,5,3,6,0,5,12,11,4,42,0,553,8624
oliveira/04_09/randm04.02.02.14.020_0030.03.aba.beta,True,3,4,0.008836746215820312,0.0017039775848388672,0.0007081031799316406,0.01124882698059082,14,3,2,5,0,4,22,11,4,75,0,562,8757
oliveira/04_09/randm04.02.02.14.020_0030.04.aba.beta,True,4,4,0.009781360626220703,0.0017583370208740234,0.0007612705230712891,0.012300968170166016,16,4,3,5,0,4,27,12,4,90,0,595,9229
oliveira/04_09/randm04.02.02.14.020_0030.05.aba.beta,True,4,4,0.008017539978027344,0.0016214847564697266,0.0006718635559082031,0.010310888290405273,14,4,3,6,0,4,13,11,4,36,0,546,8595
oliveira/04_09/randm04.02.02.15.020_0030.01.aba.beta,True,1,2,0.0013692378997802734,0.0003566741943359375,0.0007123947143554688,0.0024383068084716797,5,1,1,4,0,1,5,4,2,6,0,533,8586
oliveira/04_09/randm04.02.02.15.020_0030.02.aba.beta,True,1,2,0.0013511180877685547,0.0003418922424316406,0.0006763935089111328,0.002369403839111328,5,1,1,4,0,1,5,5,2,6,0,532,8581
oliveira/04_09/randm04.02.02.15.020_0030.03.aba.beta,True,1,2,0.0012977123260498047,0.0003345012664794922,0.0006654262542724609,0.002297639846801758,5,1,1,4,0,1,5,5,2,6,0,541,8605
oliveira/04_09/randm04.02.02.15.020_0030.04.aba.beta,True,1,2,0.001306295394897461,0.000331878662109375,0.0006971359252929688,0.0023353099822998047,5,1,1,4,0,1,5,5,2,6,0,542,8616
oliveira/04_09/randm04.02.02.15.020_0030.05.aba.beta,True,1,2,0.0013427734375,0.0003371238708496094,0.0006670951843261719,0.0023469924926757812,5,1,1,4,0,1,5,5,2,6,0,534,8580
oliveira/04_09/randm04.02.02.16.020_0030.01.aba.beta,True,2,3,0.0031054019927978516,0.0007238388061523438,0.0007157325744628906,0.004544973373413086,11,2,2,4,2,2,11,10,3,25,0,536,8574
oliveira/04_09/randm04.02.02.16.020_0030.02.aba.beta,True,2,3,0.0033903121948242188,0.0007674694061279297,0.0007309913635253906,0.004888772964477539,11,2,2,5,2,2,14,9,3,31,0,540,8589
oliveira/04_09/randm04.02.02.16.020_0030.03.aba.beta,True,2,3,0.003488302230834961,0.0008370876312255859,0.0008108615875244141,0.005136251449584961,11,2,2,5,2,2,15,10,3,33,0,546,8632
oliveira/04_09/randm04.02.02.16.020_0030.04.aba.beta,True,2,3,0.0031898021697998047,0.0007395744323730469,0.0006837844848632812,0.004613161087036133,11,2,2,5,2,2,14,10,3,31,0,549,8641
oliveira/04_09/randm04.02.02.16.020_0030.05.aba.beta,True,4,3,0.013481616973876953,0.001857757568359375,0.0007023811340332031,0.01604175567626953,22,4,2,4,2,4,76,12,3,179,0,584,9060
oliveira/04_09/randm04.02.02.17.020_0030.01.aba.beta,True,2,3,0.0034949779510498047,0.0007755756378173828,0.0007407665252685547,0.005011320114135742,9,2,2,5,0,2,15,8,3,30,0,549,8649
oliveira/04_09/randm04.02.02.17.020_0030.02.aba.beta,True,2,3,0.0037043094635009766,0.0007851123809814453,0.0007419586181640625,0.005231380462646484,9,2,2,5,0,2,21,8,3,42,0,553,8710
oliveira/04_09/randm04.02.02.17.020_0030.03.aba.beta,True,2,3,0.003939628601074219,0.0008559226989746094,0.0007150173187255859,0.005510568618774414,9,2,2,5,0,2,13,8,3,28,0,535,8562
oliveira/04_09/randm04.02.02.17.020_0030.04.aba.beta,True,2,3,0.0034821033477783203,0.0007443428039550781,0.0007188320159912109,0.004945278167724609,9,2,2,5,0,2,15,8,3,32,0,535,8572
oliveira/04_09/randm04.02.02.17.020_0030.05.aba.beta,True,2,3,0.003468036651611328,0.0007982254028320312,0.0006811618804931641,0.0049474239349365234,9,2,2,5,0,2,16,8,3,32,0,540,8576
oliveira/04_09/randm04.02.02.18.020_0030.01.aba.beta,True,6,4,0.014536142349243164,0.002680540084838867,0.0007765293121337891,0.01799321174621582,22,6,3,6,0,6,26,17,4,111,0,616,9276
oliveira/04_09/randm04.02.02.18.020_0030.02.aba.beta,True,3,4,0.009228944778442383,0.0017261505126953125,0.0007169246673583984,0.011672019958496094,15,3,2,6,0,4,23,12,4,66,0,561,8719
oliveira/04_09/randm04.02.02.18.020_0030.03.aba.beta,True,5,4,0.028584003448486328,0.0038688182830810547,0.0007584095001220703,0.03321123123168945,29,5,2,6,0,8,54,18,6,156,0,632,9660
oliveira/04_09/randm04.02.02.18.020_0030.04.aba.beta,True,6,4,0.03113102912902832,0.0037386417388916016,0.0010612010955810547,0.03593087196350098,32,6,2,7,0,8,102,16,5,250,0,737,11269
oliveira/04_09/randm04.02.02.18.020_0030.05.aba.beta,True,6,4,0.01752495765686035,0.0030126571655273438,0.0007803440093994141,0.02131795883178711,26,6,3,6,0,6,50,16,4,200,0,611,9348
oliveira/04_09/randm04.02.02.19.020_0030.01.aba.beta,True,3,3,0.008450746536254883,0.0013213157653808594,0.0007412433624267578,0.0105133056640625,21,3,2,5,0,3,65,11,3,135,0,556,8704
oliveira/04_09/randm04.02.02.19.020_0030.02.aba.beta,True,4,3,0.00929570198059082,0.0017168521881103516,0.0007734298706054688,0.01178598403930664,16,4,2,5,0,4,27,13,3,111,0,586,8943
oliveira/04_09/randm04.02.02.19.020_0030.03.aba.beta,True,4,3,0.01127934455871582,0.001739501953125,0.0007114410400390625,0.013730287551879883,24,4,2,5,0,4,62,12,3,147,0,562,8741
oliveira/04_09/randm04.02.02.19.020_0030.04.aba.beta,True,3,3,0.005765676498413086,0.0012128353118896484,0.0006706714630126953,0.00764918327331543,12,3,2,5,0,3,13,10,3,42,0,546,8617
oliveira/04_09/randm04.02.02.19.020_0030.05.aba.beta,True,4,3,0.021102190017700195,0.002604246139526367,0.0007581710815429688,0.02446460723876953,26,4,1,5,0,6,92,13,4,195,0,573,8836
oliveira/04_09/randm05.02.02.01.020_0030.01.aba.beta,True,3,3,0.0053958892822265625,0.0011730194091796875,0.0006771087646484375,0.0072460174560546875,14,3,2,4,2,3,16,12,3,44,0,544,8594
oliveira/04_09/randm05.02.02.01.020_0030.02.aba.beta,True,3,3,0.005293846130371094,0.0011494159698486328,0.0007245540618896484,0.007167816162109375,14,3,2,4,2,3,14,12,3,41,0,549,8628
oliveira/04_09/randm05.02.02.01.020_0030.03.aba.beta,True,4,3,0.0072841644287109375,0.0015912055969238281,0.0006990432739257812,0.009574413299560547,15,4,2,5,2,4,16,11,3,48,0,562,8687
oliveira/04_09/randm05.02.02.01.020_0030.04.aba.beta,True,3,3,0.005301475524902344,0.0011403560638427734,0.0006773471832275391,0.007119178771972656,14,3,2,5,2,3,18,10,3,44,0,545,8606
oliveira/04_09/randm05.02.02.01.020_0030.05.aba.beta,True,3,3,0.0051119327545166016,0.0011296272277832031,0.0007691383361816406,0.007010698318481445,13,3,2,5,2,3,14,10,3,36,0,532,8530
oliveira/04_09/randm05.02.02.02.020_0030.01.aba.beta,True,2,3,0.0029778480529785156,0.0007195472717285156,0.0006868839263916016,0.004384279251098633,10,2,2,5,2,2,9,8,3,19,0,524,8509
oliveira/04_09/randm05.02.02.02.020_0030.02.aba.beta,True,2,3,0.003509044647216797,0.0008065700531005859,0.0006833076477050781,0.004998922348022461,11,2,2,5,2,2,17,9,3,35,0,544,8631
oliveira/04_09/randm05.02.02.02.020_0030.03.aba.beta,True,2,3,0.003650188446044922,0.0007827281951904297,0.0006830692291259766,0.005115985870361328,11,2,2,5,2,2,24,10,3,49,0,544,8682
oliveira/04_09/randm05.02.02.02.020_0030.04.aba.beta,True,2,3,0.0029354095458984375,0.0007185935974121094,0.0006694793701171875,0.004323482513427734,10,2,2,5,2,2,9,9,3,19,0,537,8583
oliveira/04_09/randm05.02.02.02.020_0030.05.aba.beta,True,2,3,0.0030143260955810547,0.0007321834564208984,0.0006699562072753906,0.004416465759277344,10,2,2,5,2,2,9,9,3,19,0,535,8572
oliveira/04_09/randm05.02.02.03.020_0030.01.aba.beta,True,1,1,0.0008745193481445312,0.0003008842468261719,0.0006785392761230469,0.00185394287109375,3,1,0,2,0,1,3,3,1,2,0,543,8619
oliveira/04_09/randm05.02.02.03.020_0030.02.aba.beta,True,1,1,0.0009074211120605469,0.0002989768981933594,0.0006830692291259766,0.0018894672393798828,3,1,0,2,0,1,3,3,1,2,0,538,8597
oliveira/04_09/randm05.02.02.03.020_0030.03.aba.beta,True,1,1,0.0009529590606689453,0.0003008842468261719,0.0006718635559082031,0.0019257068634033203,3,1,0,2,0,1,3,3,1,2,0,537,8598
oliveira/04_09/randm05.02.02.03.020_0030.04.aba.beta,True,1,1,0.0009036064147949219,0.0003008842468261719,0.0006797313690185547,0.0018842220306396484,3,1,0,2,0,1,3,3,1,2,0,534,8583
oliveira/04_09/randm05.02.02.03.020_0030.05.aba.beta,True,1,1,0.0008726119995117188,0.00030422210693359375,0.0006721019744873047,0.0018489360809326172,3,1,0,2,0,1,3,3,1,2,0,521,8531
oliveira/04_09/randm05.02.02.04.020_0030.01.aba.beta,True,3,5,0.026723861694335938,0.0036766529083251953,0.0008475780487060547,0.031248092651367188,29,3,4,8,1,8,79,15,10,171,0,592,9217
oliveira/04_09/randm05.02.02.04.020_0030.02.aba.beta,True,2,5,0.028232336044311523,0.0031609535217285156,0.0007228851318359375,0.03211617469787598,44,2,8,11,22,7,75,19,14,237,0,543,8616
oliveira/04_09/randm05.02.02.04.020_0030.03.aba.beta,True,6,5,0.020322799682617188,0.0030889511108398438,0.0007739067077636719,0.024185657501220703,28,6,4,6,0,6,39,20,5,201,0,622,9192
oliveira/04_09/randm05.02.02.04.020_0030.04.aba.beta,True,8,5,0.04247736930847168,0.005850315093994141,0.0008308887481689453,0.049158573150634766,37,8,3,7,0,10,71,24,6,229,0,666,10000
oliveira/04_09/randm05.02.02.04.020_0030.05.aba.beta,True,8,5,0.0407412052154541,0.005419492721557617,0.0008513927459716797,0.0470120906829834,34,8,3,6,0,10,68,21,6,223,0,642,9668
oliveira/04_09/randm05.02.02.05.020_0030.01.aba.beta,True,3,4,0.029522418975830078,0.004889488220214844,0.0007030963897705078,0.03511500358581543,27,3,4,11,1,11,30,19,13,107,0,551,8627
oliveira/04_09/randm05.02.02.05.020_0030.02.aba.beta,True,4,4,0.008343696594238281,0.0016772747039794922,0.0006921291351318359,0.01071310043334961,15,4,3,6,0,4,15,12,4,58,0,554,8640
oliveira/04_09/randm05.02.02.05.020_0030.03.aba.beta,True,4,4,0.01158905029296875,0.0017077922821044922,0.0007195472717285156,0.014016389846801758,21,4,3,6,0,4,84,11,4,154,0,565,8803
oliveira/04_09/randm05.02.02.05.020_0030.04.aba.beta,True,7,4,0.04248690605163574,0.003693103790283203,0.0008237361907958984,0.047003746032714844,44,7,3,6,0,7,167,14,4,510,0,624,9463
oliveira/04_09/randm05.02.02.05.020_0030.05.aba.beta,True,4,4,0.010205507278442383,0.0017771720886230469,0.0007710456848144531,0.012753725051879883,16,4,3,6,0,4,37,13,4,101,0,603,9330
oliveira/04_09/randm05.02.02.06.020_0030.01.aba.beta,True,9,5,0.05998039245605469,0.0069768428802490234,0.0011272430419921875,0.0680844783782959,73,9,5,6,17,12,160,26,9,537,0,844,12676
oliveira/04_09/randm05.02.02.06.020_0030.02.aba.beta,True,5,5,0.047228097915649414,0.005974769592285156,0.0008068084716796875,0.05400967597961426,44,5,5,7,7,11,73,27,12,250,0,582,8831
oliveira/04_09/randm05.02.02.06.020_0030.03.aba.beta,True,6,5,0.0847773551940918,0.007461071014404297,0.0007767677307128906,0.09301519393920898,103,6,9,9,46,13,165,30,17,726,0,601,9052
oliveira/04_09/randm05.02.02.06.020_0030.04.aba.beta,True,10,5,0.2117319107055664,0.015548944473266602,0.0010581016540527344,0.22833895683288574,99,10,2,9,0,23,352,30,16,1002,0,859,12719
oliveira/04_09/randm05.02.02.06.020_0030.05.aba.beta,True,8,5,0.06992816925048828,0.00827789306640625,0.0008788108825683594,0.07908487319946289,67,8,5,7,19,14,84,28,12,483,0,631,9238
oliveira/04_09/randm05.02.02.07.020_0030.01.aba.beta,True,8,5,0.07840704917907715,0.0059087276458740234,0.0010917186737060547,0.08540749549865723,55,8,3,6,2,9,351,23,5,673,0,868,13112
oliveira/04_09/randm05.02.02.07.020_0030.02.aba.beta,True,7,5,0.09336066246032715,0.009330034255981445,0.0009980201721191406,0.10368871688842773,70,7,10,10,12,16,214,31,20,558,0,768,11686
oliveira/04_09/randm05.02.02.07.020_0030.03.aba.beta,True,8,5,0.10192418098449707,0.012542724609375,0.0009462833404541016,0.11541318893432617,56,8,6,10,9,20,99,31,19,378,0,762,11499
oliveira/04_09/randm05.02.02.07.020_0030.04.aba.beta,True,10,5,0.27138566970825195,0.015166997909545898,0.0012962818145751953,0.28784894943237305,85,10,2,7,2,21,477,34,14,982,0,1021,15507
oliveira/04_09/randm05.02.02.07.020_0030.05.aba.beta,True,9,5,0.09826350212097168,0.007066011428833008,0.0012161731719970703,0.10654568672180176,54,9,3,6,2,10,343,23,5,659,0,974,14767
oliveira/04_09/randm05.02.02.08.020_0030.01.aba.beta,True,4,3,0.009606599807739258,0.0016968250274658203,0.0010173320770263672,0.012320756912231445,18,4,2,4,0,4,32,12,3,75,0,789,12484
oliveira/04_09/randm05.02.02.08.020_0030.02.aba.beta,True,5,3,0.010840415954589844,0.0021011829376220703,0.0012335777282714844,0.014175176620483398,18,5,2,4,0,5,23,14,3,81,0,971,15168
oliveira/04_09/randm05.02.02.08.020_0030.03.aba.beta,True,7,3,0.0167694091796875,0.0030565261840820312,0.0007300376892089844,0.020555973052978516,25,7,2,5,0,7,24,15,3,121,0,585,8819
oliveira/04_09/randm05.02.02.08.020_0030.04.aba.beta,True,4,3,0.007276058197021484,0.0016148090362548828,0.0006780624389648438,0.009568929672241211,13,4,2,5,0,4,14,10,3,43,0,554,8652
oliveira/04_09/randm05.02.02.08.020_0030.05.aba.beta,True,4,3,0.008300065994262695,0.0017390251159667969,0.0010814666748046875,0.01112055778503418,15,4,2,4,0,4,16,12,3,48,0,851,13362
oliveira/04_09/randm05.02.02.09.020_0030.01.aba.beta,True,4,4,0.0186004638671875,0.0018892288208007812,0.0008044242858886719,0.021294116973876953,28,4,3,6,0,4,212,13,4,344,0,649,10132
oliveira/04_09/randm05.02.02.09.020_0030.02.aba.beta,True,4,4,0.0208740234375,0.0019707679748535156,0.0010371208190917969,0.023881912231445312,30,4,3,6,2,4,148,13,4,279,0,614,9419
oliveira/04_09/randm05.02.02.09.020_0030.03.aba.beta,True,3,4,0.007284402847290039,0.0014424324035644531,0.0006968975067138672,0.00942373275756836,15,3,3,6,2,3,16,12,4,50,0,554,8652
oliveira/04_09/randm05.02.02.09.020_0030.04.aba.beta,True,3,4,0.0067064762115478516,0.0013246536254882812,0.0006928443908691406,0.008723974227905273,15,3,3,5,2,3,16,12,4,50,0,550,8635
oliveira/04_09/randm05.02.02.09.020_0030.05.aba.beta,True,5,4,0.014086723327636719,0.0022954940795898438,0.0007433891296386719,0.017125606536865234,24,5,3,6,4,5,40,12,4,143,0,579,8916
oliveira/04_09/randm05.02.02.10.020_0030.01.aba.beta,True,6,5,0.04244256019592285,0.003845691680908203,0.0007996559143066406,0.047087907791137695,44,6,4,5,1,6,208,18,5,474,0,609,9395
oliveira/04_09/randm05.02.02.10.020_0030.02.aba.beta,True,6,5,0.05021023750305176,0.0054645538330078125,0.0008046627044677734,0.056479454040527344,44,6,3,7,0,9,175,20,7,420,0,618,9290
oliveira/04_09/randm05.02.02.10.020_0030.03.aba.beta,True,8,5,0.08292412757873535,0.007651090621948242,0.0008482933044433594,0.09142351150512695,66,8,4,7,10,12,187,32,9,574,0,643,9523
oliveira/04_09/randm05.02.02.10.020_0030.04.aba.beta,True,6,5,0.07695555686950684,0.0062220096588134766,0.0007579326629638672,0.08393549919128418,50,6,3,5,1,10,144,24,8,397,0,626,9519
oliveira/04_09/randm05.02.02.10.020_0030.05.aba.beta,True,3,5,0.08907318115234375,0.007935523986816406,0.0007915496826171875,0.09780025482177734,46,3,6,7,7,13,150,21,17,324,0,553,8776
oliveira/04_09/randm05.02.02.11.020_0030.01.aba.beta,True,10,5,0.03399157524108887,0.005445241928100586,0.0030732154846191406,0.042510032653808594,35,10,4,6,1,10,48,24,5,194,0,2333,36202
oliveira/04_09/randm05.02.02.11.020_0030.02.aba.beta,True,8,5,0.02292180061340332,0.004087209701538086,0.002361297607421875,0.02937030792236328,27,8,4,6,1,8,36,20,5,123,0,1821,28861
oliveira/04_09/randm05.02.02.11.020_0030.03.aba.beta,True,11,5,0.06026053428649902,0.0066928863525390625,0.0009548664093017578,0.06790828704833984,59,11,4,7,1,11,246,21,5,627,0,762,11372
oliveira/04_09/randm05.02.02.11.020_0030.04.aba.beta,True,9,5,0.03909778594970703,0.0059604644775390625,0.0009438991546630859,0.04600214958190918,34,9,3,8,1,11,57,24,6,268,0,722,10824
oliveira/04_09/randm05.02.02.11.020_0030.05.aba.beta,True,9,5,0.0279996395111084,0.004749298095703125,0.002451658248901367,0.03520059585571289,30,9,4,6,1,9,46,22,5,169,0,1940,30442
oliveira/04_09/randm05.02.02.12.020_0030.01.aba.beta,True,4,3,0.009903669357299805,0.0016660690307617188,0.0007083415985107422,0.012278079986572266,19,4,2,5,0,4,37,11,3,105,0,568,8771
oliveira/04_09/randm05.02.02.12.020_0030.02.aba.beta,True,4,3,0.008270740509033203,0.002024412155151367,0.0007359981536865234,0.011031150817871094,14,4,2,5,0,4,17,11,3,56,0,562,8700
oliveira/04_09/randm05.02.02.12.020_0030.03.aba.beta,True,4,3,0.01678299903869629,0.002716541290283203,0.0006968975067138672,0.02019643783569336,29,4,2,6,1,6,109,12,5,208,0,559,8778
oliveira/04_09/randm05.02.02.12.020_0030.04.aba.beta,True,4,3,0.007976531982421875,0.0016596317291259766,0.0006856918334960938,0.010321855545043945,15,4,2,4,0,4,18,12,3,71,0,570,8748
oliveira/04_09/randm05.02.02.12.020_0030.05.aba.beta,True,4,3,0.009996891021728516,0.0017666816711425781,0.0007464885711669922,0.012510061264038086,17,4,2,4,0,4,34,12,3,106,0,601,9280
oliveira/04_09/randm05.02.02.13.020_0030.01.aba.beta,True,3,5,0.006690502166748047,0.0013096332550048828,0.0006847381591796875,0.008684873580932617,18,3,4,6,4,3,19,16,5,51,0,541,8576
oliveira/04_09/randm05.02.02.13.020_0030.02.aba.beta,True,9,5,0.04713702201843262,0.0054852962493896484,0.0008444786071777344,0.053466796875,48,9,4,5,4,9,98,22,5,382,0,684,10106
oliveira/04_09/randm05.02.02.13.020_0030.03.aba.beta,True,3,5,0.0075969696044921875,0.0013439655303955078,0.000705718994140625,0.00964665412902832,19,3,4,5,4,3,32,15,5,96,0,570,8829
oliveira/04_09/randm05.02.02.13.020_0030.04.aba.beta,True,6,5,0.03905010223388672,0.004537105560302734,0.0007727146148681641,0.04435992240905762,71,6,6,10,33,8,124,26,9,503,0,617,9325
oliveira/04_09/randm05.02.02.13.020_0030.05.aba.beta,True,3,5,0.00656580924987793,0.0012857913970947266,0.0006949901580810547,0.008546590805053711,18,3,4,6,4,3,19,15,5,51,0,548,8613
oliveira/04_09/randm05.02.02.14.020_0030.01.aba.beta,True,1,1,0.0008940696716308594,0.00029587745666503906,0.0006899833679199219,0.0018799304962158203,3,1,0,2,0,1,3,3,1,2,0,531,8569
oliveira/04_09/randm05.02.02.14.020_0030.02.aba.beta,True,1,1,0.0009145736694335938,0.00030112266540527344,0.0006709098815917969,0.001886606216430664,3,1,0,2,0,1,3,3,1,2,0,530,8565
oliveira/04_09/randm05.02.02.14.020_0030.03.aba.beta,True,1,1,0.0009112358093261719,0.0002994537353515625,0.0006577968597412109,0.0018684864044189453,3,1,0,2,0,1,3,3,1,2,0,541,8613
oliveira/04_09/randm05.02.02.14.020_0030.04.aba.beta,True,1,1,0.0009260177612304688,0.00030231475830078125,0.0006651878356933594,0.0018935203552246094,3,1,0,2,0,1,3,3,1,2,0,532,8544
oliveira/04_09/randm05.02.02.14.020_0030.05.aba.beta,True,1,1,0.0009074211120605469,0.0002942085266113281,0.0006847381591796875,0.0018863677978515625,3,1,0,2,0,1,3,3,1,2,0,530,8544
oliveira/04_09/randm05.02.02.15.020_0030.01.aba.beta,True,2,3,0.010395288467407227,0.001542806625366211,0.000728607177734375,0.012666702270507812,17,2,1,5,0,4,40,10,4,75,0,537,8584
oliveira/04_09/randm05.02.02.15.020_0030.02.aba.beta,True,3,3,0.005616664886474609,0.0012094974517822266,0.0006864070892333984,0.007512569427490234,12,3,2,5,0,3,15,10,3,44,0,552,8647
oliveira/04_09/randm05.02.02.15.020_0030.03.aba.beta,True,3,3,0.005655050277709961,0.0012104511260986328,0.0006687641143798828,0.0075342655181884766,12,3,2,5,0,3,16,10,3,46,0,551,8645
oliveira/04_09/randm05.02.02.15.020_0030.04.aba.beta,True,2,3,0.00870823860168457,0.0016121864318847656,0.0006859302520751953,0.011006355285644531,13,2,1,5,0,4,22,11,4,47,0,546,8654
oliveira/04_09/randm05.02.02.15.020_0030.05.aba.beta,True,2,3,0.008267879486083984,0.0016431808471679688,0.0006780624389648438,0.010589122772216797,14,2,1,5,0,4,22,12,4,46,0,549,8644
oliveira/04_09/randm05.02.02.16.020_0030.01.aba.beta,True,1,1,0.000888824462890625,0.000301361083984375,0.0006999969482421875,0.0018901824951171875,3,1,0,2,0,1,3,3,1,2,0,534,8587
oliveira/04_09/randm05.02.02.16.020_0030.02.aba.beta,True,1,1,0.0009701251983642578,0.00030112266540527344,0.0007085800170898438,0.001979827880859375,3,1,0,2,0,1,3,3,1,2,0,540,8611
oliveira/04_09/randm05.02.02.16.020_0030.03.aba.beta,True,1,1,0.0009739398956298828,0.00038552284240722656,0.0006659030914306641,0.0020253658294677734,3,1,0,2,0,1,3,3,1,2,0,534,8572
oliveira/04_09/randm05.02.02.16.020_0030.04.aba.beta,True,1,1,0.0008885860443115234,0.00030803680419921875,0.0006651878356933594,0.0018618106842041016,3,1,0,2,0,1,3,3,1,2,0,543,8622
oliveira/04_09/randm05.02.02.16.020_0030.05.aba.beta,True,1,1,0.0009129047393798828,0.00031065940856933594,0.0006821155548095703,0.001905679702758789,3,1,0,2,0,1,3,3,1,2,0,543,8624
oliveira/04_09/randm05.02.02.17.020_0030.01.aba.beta,True,10,5,0.03581571578979492,0.005421876907348633,0.0008788108825683594,0.042116403579711914,37,10,4,7,0,10,57,22,5,249,0,696,10303
oliveira/04_09/randm05.02.02.17.020_0030.02.aba.beta,True,8,5,0.029047012329101562,0.005036115646362305,0.0008611679077148438,0.03494429588317871,31,8,3,8,0,9,45,20,5,186,0,682,10230
oliveira/04_09/randm05.02.02.17.020_0030.03.aba.beta,True,9,5,0.10701584815979004,0.013256072998046875,0.0010073184967041016,0.12127923965454102,65,9,2,11,0,21,149,29,15,527,0,786,11602
oliveira/04_09/randm05.02.02.17.020_0030.04.aba.beta,True,9,5,0.05967855453491211,0.006505727767944336,0.0011854171752929688,0.06736969947814941,45,9,3,6,0,10,172,22,5,451,0,906,13708
oliveira/04_09/randm05.02.02.17.020_0030.05.aba.beta,True,4,5,0.03946661949157715,0.003439188003540039,0.0008261203765869141,0.0437319278717041,53,4,5,7,11,6,236,22,8,484,0,658,10144
oliveira/04_09/randm05.02.02.18.020_0030.01.aba.beta,True,1,1,0.0008852481842041016,0.00029540061950683594,0.0006756782531738281,0.0018563270568847656,3,1,0,2,0,1,3,3,1,2,0,534,8577
oliveira/04_09/randm05.02.02.18.020_0030.02.aba.beta,True,1,1,0.0008871555328369141,0.0002963542938232422,0.0006794929504394531,0.0018630027770996094,3,1,0,2,0,1,3,3,1,2,0,535,8592
oliveira/04_09/randm05.02.02.18.020_0030.03.aba.beta,True,1,1,0.0009002685546875,0.0004074573516845703,0.0006763935089111328,0.001984119415283203,3,1,0,2,0,1,3,3,1,2,0,529,8564
oliveira/04_09/randm05.02.02.18.020_0030.04.aba.beta,True,1,1,0.0008904933929443359,0.00029921531677246094,0.0006616115570068359,0.0018513202667236328,3,1,0,2,0,1,3,3,1,2,0,523,8497
oliveira/04_09/randm05.02.02.18.020_0030.05.aba.beta,True,1,1,0.00087738037109375,0.0002968311309814453,0.000732421875,0.0019066333770751953,3,1,0,2,0,1,3,3,1,2,0,533,8555
oliveira/04_09/randm05.02.02.19.020_0030.01.aba.beta,True,3,3,0.0053310394287109375,0.001165628433227539,0.0006680488586425781,0.007164716720581055,11,3,2,5,0,3,14,9,3,35,0,553,8657
oliveira/04_09/randm05.02.02.19.020_0030.02.aba.beta,True,3,3,0.005167961120605469,0.0011472702026367188,0.0006823539733886719,0.006997585296630859,11,3,2,5,0,3,13,9,3,33,0,557,8667
oliveira/04_09/randm05.02.02.19.020_0030.03.aba.beta,True,2,3,0.003460407257080078,0.0007643699645996094,0.0006673336029052734,0.004892110824584961,9,2,2,5,0,2,13,8,3,28,0,537,8592
oliveira/04_09/randm05.02.02.19.020_0030.04.aba.beta,True,2,3,0.0033066272735595703,0.0009777545928955078,0.0006589889526367188,0.004943370819091797,9,2,2,5,0,2,10,8,3,22,0,536,8571
oliveira/04_09/randm05.02.02.19.020_0030.05.aba.beta,True,3,3,0.0051631927490234375,0.0011644363403320312,0.0006766319274902344,0.007004261016845703,11,3,2,5,0,3,13,9,3,33,0,537,8574
oliveira/04_09/randm06.02.02.01.020_0030.01.aba.beta,True,6,4,0.019649505615234375,0.0037086009979248047,0.000751495361328125,0.024109601974487305,26,6,4,7,1,7,34,21,6,189,0,619,9247
oliveira/04_09/randm06.02.02.01.020_0030.02.aba.beta,True,5,4,0.012532711029052734,0.0024597644805908203,0.0006880760192871094,0.015680551528930664,21,5,3,5,0,5,26,15,4,103,0,575,8779
oliveira/04_09/randm06.02.02.01.020_0030.03.aba.beta,True,6,4,0.016485214233398438,0.0028617382049560547,0.0011060237884521484,0.02045297622680664,23,6,3,5,0,6,33,18,4,142,0,626,9433
oliveira/04_09/randm06.02.02.01.020_0030.04.aba.beta,True,6,4,0.025078535079956055,0.003359079360961914,0.0007834434509277344,0.029221057891845703,38,6,4,7,5,7,119,22,6,285,0,619,9442
oliveira/04_09/randm06.02.02.01.020_0030.05.aba.beta,True,8,4,0.09486079216003418,0.0061321258544921875,0.0009758472442626953,0.10196876525878906,59,8,2,5,0,11,335,22,6,682,0,716,10677
oliveira/04_09/randm06.02.02.02.020_0030.01.aba.beta,True,3,3,0.005631446838378906,0.0012712478637695312,0.0007212162017822266,0.007623910903930664,11,3,2,5,0,3,11,9,3,30,0,573,9040
oliveira/04_09/randm06.02.02.02.020_0030.02.aba.beta,True,2,3,0.0035822391510009766,0.0008103847503662109,0.0006568431854248047,0.005049467086791992,9,2,2,5,0,2,12,7,3,26,0,521,8482
oliveira/04_09/randm06.02.02.02.020_0030.03.aba.beta,True,2,3,0.0035963058471679688,0.000766754150390625,0.0006778240203857422,0.005040884017944336,9,2,2,5,0,2,16,8,3,34,0,548,8665
oliveira/04_09/randm06.02.02.02.020_0030.04.aba.beta,True,2,3,0.0035347938537597656,0.0007822513580322266,0.0006730556488037109,0.004990100860595703,9,2,2,4,0,2,13,8,3,30,0,547,8639
oliveira/04_09/randm06.02.02.02.020_0030.05.aba.beta,True,3,3,0.005643606185913086,0.0013499259948730469,0.0006949901580810547,0.0076885223388671875,11,3,2,5,0,3,11,9,3,30,0,548,8621
oliveira/04_09/randm06.02.02.03.020_0030.01.aba.beta,True,10,5,0.02763056755065918,0.00484919548034668,0.0026373863220214844,0.035117149353027344,28,10,4,6,0,10,22,19,5,96,0,2072,32383
oliveira/04_09/randm06.02.02.03.020_0030.02.aba.beta,True,10,5,0.02923107147216797,0.005229949951171875,0.0030438899993896484,0.03750491142272949,30,10,4,6,0,10,37,18,5,126,0,2410,37949
oliveira/04_09/randm06.02.02.03.020_0030.03.aba.beta,True,9,5,0.028977394104003906,0.005017995834350586,0.0010139942169189453,0.03500938415527344,27,9,3,8,0,10,30,18,5,126,0,790,11913
oliveira/04_09/randm06.02.02.03.020_0030.04.aba.beta,True,11,5,0.03721213340759277,0.00628209114074707,0.0009248256683349609,0.044419050216674805,36,11,3,8,0,12,32,20,5,179,0,749,11042
oliveira/04_09/randm06.02.02.03.020_0030.05.aba.beta,True,8,5,0.06130075454711914,0.004151105880737305,0.0017743110656738281,0.06722617149353027,40,8,4,5,0,8,169,18,5,325,0,1252,19346
oliveira/04_09/randm06.02.02.04.020_0030.01.aba.beta,True,1,1,0.0009005069732666016,0.0003018379211425781,0.0006699562072753906,0.0018723011016845703,3,1,0,2,0,1,3,3,1,2,0,525,8535
oliveira/04_09/randm06.02.02.04.020_0030.02.aba.beta,True,1,1,0.0008807182312011719,0.0002963542938232422,0.0006909370422363281,0.0018680095672607422,3,1,0,2,0,1,3,3,1,2,0,531,8571
oliveira/04_09/randm06.02.02.04.020_0030.03.aba.beta,True,1,1,0.0008819103240966797,0.0002989768981933594,0.0006964206695556641,0.0018773078918457031,3,1,0,2,0,1,3,3,1,2,0,535,8590
oliveira/04_09/randm06.02.02.04.020_0030.04.aba.beta,True,1,1,0.0008940696716308594,0.00029587745666503906,0.0010020732879638672,0.0021920204162597656,3,1,0,2,0,1,3,3,1,2,0,532,8555
oliveira/04_09/randm06.02.02.04.020_0030.05.aba.beta,True,1,1,0.0009543895721435547,0.0003001689910888672,0.0006635189056396484,0.0019180774688720703,3,1,0,2,0,1,3,3,1,2,0,525,8541
oliveira/04_09/randm06.02.02.05.020_0030.01.aba.beta,True,6,5,0.06832313537597656,0.009989738464355469,0.0007610321044921875,0.07907390594482422,44,6,4,10,2,17,64,19,16,259,0,572,8778
oliveira/04_09/randm06.02.02.05.020_0030.02.aba.beta,True,7,5,0.07542133331298828,0.007997512817382812,0.0008184909820556641,0.08423733711242676,59,7,2,12,0,14,256,24,10,570,0,635,9460
oliveira/04_09/randm06.02.02.05.020_0030.03.aba.beta,True,3,5,0.009318828582763672,0.0014905929565429688,0.0007295608520507812,0.011538982391357422,19,3,4,7,4,3,41,17,5,112,0,579,9020
oliveira/04_09/randm06.02.02.05.020_0030.04.aba.beta,True,4,5,0.012379884719848633,0.0020787715911865234,0.0007407665252685547,0.015199422836303711,23,4,4,7,4,4,25,16,5,99,0,603,9503
oliveira/04_09/randm06.02.02.05.020_0030.05.aba.beta,True,8,5,0.05846667289733887,0.0076558589935302734,0.001043558120727539,0.06716609001159668,42,8,4,10,0,12,106,30,9,407,0,804,12107
oliveira/04_09/randm06.02.02.06.020_0030.01.aba.beta,True,7,5,0.08315086364746094,0.008946418762207031,0.0008065700531005859,0.09290385246276855,50,7,4,8,8,15,127,32,13,339,0,664,10024
oliveira/04_09/randm06.02.02.06.020_0030.02.aba.beta,True,6,5,0.03129696846008301,0.004957914352416992,0.0008296966552734375,0.03708457946777344,30,6,3,6,2,8,68,23,6,252,0,666,10033
oliveira/04_09/randm06.02.02.06.020_0030.03.aba.beta,True,9,5,0.20435762405395508,0.010116815567016602,0.0009210109710693359,0.21539545059204102,92,9,6,4,5,16,465,34,14,1036,0,736,11085
oliveira/04_09/randm06.02.02.06.020_0030.04.aba.beta,True,4,5,0.11831355094909668,0.014049053192138672,0.0008096694946289062,0.13317227363586426,64,4,5,18,7,24,258,30,26,539,0,653,10144
oliveira/04_09/randm06.02.02.06.020_0030.05.aba.beta,True,5,5,0.04409360885620117,0.006104707717895508,0.0007746219635009766,0.050972938537597656,36,5,2,8,2,11,81,18,9,238,0,612,9419
oliveira/04_09/randm06.02.02.07.020_0030.01.aba.beta,True,8,5,0.0543670654296875,0.008225679397583008,0.0008614063262939453,0.06345415115356445,44,8,4,11,4,15,48,24,12,212,0,666,10091
oliveira/04_09/randm06.02.02.07.020_0030.02.aba.beta,True,5,5,0.040819406509399414,0.005013227462768555,0.0007371902465820312,0.04656982421875,33,5,3,8,0,9,95,19,8,225,0,579,8831
oliveira/04_09/randm06.02.02.07.020_0030.03.aba.beta,True,11,5,0.08373117446899414,0.008156538009643555,0.0011415481567382812,0.09302926063537598,70,11,3,7,0,13,218,26,6,765,0,922,13523
oliveira/04_09/randm06.02.02.07.020_0030.04.aba.beta,True,8,5,0.03286242485046387,0.005150794982910156,0.0008034706115722656,0.03881669044494629,34,8,3,6,0,10,53,21,6,205,0,595,8893
oliveira/04_09/randm06.02.02.07.020_0030.05.aba.beta,True,11,5,0.03678178787231445,0.005877017974853516,0.0009398460388183594,0.04359865188598633,37,11,4,5,0,11,67,25,5,345,0,746,10928
oliveira/04_09/randm06.02.02.08.020_0030.01.aba.beta,True,6,4,0.01621413230895996,0.002788066864013672,0.0011851787567138672,0.0201873779296875,21,6,3,6,0,6,25,16,4,124,0,860,13168
oliveira/04_09/randm06.02.02.08.020_0030.02.aba.beta,True,6,4,0.022675275802612305,0.004090785980224609,0.0011973381042480469,0.02796339988708496,26,6,2,8,0,8,34,17,5,142,0,909,14325
oliveira/04_09/randm06.02.02.08.020_0030.03.aba.beta,True,6,4,0.013443231582641602,0.002629518508911133,0.0007681846618652344,0.01684093475341797,19,6,3,6,0,6,27,14,4,83,0,563,8736
oliveira/04_09/randm06.02.02.08.020_0030.04.aba.beta,True,6,4,0.013696432113647461,0.0026438236236572266,0.0007216930389404297,0.017061948776245117,19,6,3,6,0,6,31,14,4,95,0,574,8893
oliveira/04_09/randm06.02.02.08.020_0030.05.aba.beta,True,6,4,0.023445844650268555,0.0038802623748779297,0.0008580684661865234,0.028184175491333008,25,6,2,7,0,7,50,18,4,211,0,685,10369
oliveira/04_09/randm06.02.02.09.020_0030.01.aba.beta,True,6,5,0.10072708129882812,0.007988691329956055,0.0009644031524658203,0.10968017578125,47,6,3,8,0,13,194,25,11,403,0,763,11769
oliveira/04_09/randm06.02.02.09.020_0030.02.aba.beta,True,6,5,0.07247757911682129,0.003975391387939453,0.0008351802825927734,0.07728815078735352,47,6,5,5,4,8,228,20,8,481,0,632,9704
oliveira/04_09/randm06.02.02.09.020_0030.03.aba.beta,True,5,5,0.04666304588317871,0.005836963653564453,0.0008494853973388672,0.05334949493408203,37,5,2,11,0,10,97,21,8,269,0,657,10097
oliveira/04_09/randm06.02.02.09.020_0030.04.aba.beta,True,7,5,0.061394453048706055,0.008471488952636719,0.0009884834289550781,0.07085442543029785,51,7,6,14,4,16,132,27,16,348,0,790,12009
oliveira/04_09/randm06.02.02.09.020_0030.05.aba.beta,True,7,5,0.07377481460571289,0.00852656364440918,0.0008404254913330078,0.08314180374145508,48,7,4,10,0,16,95,23,14,373,0,652,9844
oliveira/04_09/randm06.02.02.10.020_0030.01.aba.beta,True,5,4,0.012206077575683594,0.002459287643432617,0.0007181167602539062,0.015383481979370117,18,5,2,6,0,6,15,12,4,57,0,559,8644
oliveira/04_09/randm06.02.02.10.020_0030.02.aba.beta,True,4,4,0.009485483169555664,0.00180816650390625,0.0007047653198242188,0.011998414993286133,16,4,3,6,0,4,29,13,4,96,0,579,8920
oliveira/04_09/randm06.02.02.10.020_0030.03.aba.beta,True,3,4,0.0061032772064208984,0.0012505054473876953,0.0006656646728515625,0.008019447326660156,14,3,3,5,0,3,16,12,4,48,0,544,8586
oliveira/04_09/randm06.02.02.10.020_0030.04.aba.beta,True,3,4,0.0068628787994384766,0.0012896060943603516,0.0008172988891601562,0.008969783782958984,14,3,3,5,0,3,28,12,4,74,0,571,8857
oliveira/04_09/randm06.02.02.10.020_0030.05.aba.beta,True,5,4,0.010368108749389648,0.002108335494995117,0.0006704330444335938,0.01314687728881836,18,5,3,6,0,5,15,13,4,57,0,562,8662
oliveira/04_09/randm06.02.02.11.020_0030.01.aba.beta,True,11,6,0.16124892234802246,0.02343130111694336,0.0010256767272949219,0.18570590019226074,56,11,3,10,2,25,114,36,18,479,0,812,12013
oliveira/04_09/randm06.02.02.11.020_0030.02.aba.beta,True,12,6,0.8145029544830322,0.049164772033691406,0.0010745525360107422,0.8647422790527344,117,12,2,12,2,49,355,35,40,1238,0,832,12318
oliveira/04_09/randm06.02.02.11.020_0030.03.aba.beta,True,12,6,0.7927823066711426,0.04876565933227539,0.0010519027709960938,0.8425998687744141,113,12,5,12,2,53,387,40,47,1113,0,861,12597
oliveira/04_09/randm06.02.02.11.020_0030.04.aba.beta,True,13,6,0.24555158615112305,0.019963979721069336,0.0010116100311279297,0.2665271759033203,84,13,3,6,2,23,240,30,14,893,0,824,11907
oliveira/04_09/randm06.02.02.11.020_0030.05.aba.beta,True,5,6,0.041518211364746094,0.005169868469238281,0.0007266998291015625,0.04741477966308594,60,5,14,11,34,10,82,36,20,296,0,605,9179
oliveira/04_09/randm06.02.02.12.020_0030.01.aba.beta,True,3,4,0.005942344665527344,0.0012211799621582031,0.0007042884826660156,0.007867813110351562,15,3,3,6,2,3,18,13,4,53,0,558,8673
oliveira/04_09/randm06.02.02.12.020_0030.02.aba.beta,True,5,4,0.010611534118652344,0.0021369457244873047,0.0007643699645996094,0.013512849807739258,18,5,3,5,2,5,24,12,4,82,0,564,8750
oliveira/04_09/randm06.02.02.12.020_0030.03.aba.beta,True,4,4,0.010892152786254883,0.0017704963684082031,0.0007092952728271484,0.013371944427490234,23,4,3,6,2,4,63,11,4,140,0,557,8725
oliveira/04_09/randm06.02.02.12.020_0030.04.aba.beta,True,3,4,0.0060577392578125,0.0012402534484863281,0.0006880760192871094,0.007986068725585938,15,3,3,6,0,3,20,13,4,61,0,561,8699
oliveira/04_09/randm06.02.02.12.020_0030.05.aba.beta,True,3,4,0.006310701370239258,0.0012526512145996094,0.000690460205078125,0.008253812789916992,16,3,3,6,0,3,23,14,4,65,0,564,8720
oliveira/04_09/randm06.02.02.13.020_0030.01.aba.beta,True,8,4,0.10520386695861816,0.00903773307800293,0.000873565673828125,0.11511516571044922,78,8,1,7,0,16,211,24,10,708,0,678,10113
oliveira/04_09/randm06.02.02.13.020_0030.02.aba.beta,True,5,4,0.0261228084564209,0.002768993377685547,0.00084686279296875,0.029738664627075195,35,5,3,6,2,5,249,15,4,413,0,688,10578
oliveira/04_09/randm06.02.02.13.020_0030.03.aba.beta,True,3,4,0.043457984924316406,0.007326364517211914,0.0007476806640625,0.05153203010559082,29,3,1,12,0,14,32,22,13,110,0,548,8618
oliveira/04_09/randm06.02.02.13.020_0030.04.aba.beta,True,5,4,0.02315807342529297,0.002510547637939453,0.0007634162902832031,0.026432037353515625,37,5,3,6,2,5,205,14,4,398,0,600,9159
oliveira/04_09/randm06.02.02.13.020_0030.05.aba.beta,True,3,4,0.046291351318359375,0.00544428825378418,0.0007047653198242188,0.05244040489196777,29,3,1,6,0,11,61,19,10,142,0,551,8672
oliveira/04_09/randm06.02.02.14.020_0030.01.aba.beta,True,7,6,0.06643891334533691,0.00874781608581543,0.0007443428039550781,0.07593107223510742,60,7,5,15,20,15,77,29,14,334,0,585,8933
oliveira/04_09/randm06.02.02.14.020_0030.02.aba.beta,True,10,6,0.03294491767883301,0.005546092987060547,0.0007915496826171875,0.03928256034851074,33,10,5,7,0,10,27,23,6,196,0,650,9457
oliveira/04_09/randm06.02.02.14.020_0030.03.aba.beta,True,6,6,0.26366209983825684,0.026205778121948242,0.0007770061492919922,0.29064488410949707,123,6,20,20,69,40,148,43,55,756,0,599,9251
oliveira/04_09/randm06.02.02.14.020_0030.04.aba.beta,True,8,6,0.08503198623657227,0.009608030319213867,0.0007593631744384766,0.09539937973022461,91,8,9,11,35,15,158,34,17,733,0,622,9266
oliveira/04_09/randm06.02.02.14.020_0030.05.aba.beta,True,5,6,0.041341543197631836,0.004563808441162109,0.0007569789886474609,0.046662330627441406,85,5,12,10,48,8,97,37,16,507,0,600,9170
oliveira/04_09/randm06.02.02.15.020_0030.01.aba.beta,True,3,5,0.010243654251098633,0.0015015602111816406,0.0007412433624267578,0.012486457824707031,26,3,4,6,7,3,47,23,5,135,0,586,9189
oliveira/04_09/randm06.02.02.15.020_0030.02.aba.beta,True,6,5,0.04971957206726074,0.0036890506744384766,0.0009770393371582031,0.05438566207885742,65,6,4,6,21,6,200,19,5,620,0,755,11540
oliveira/04_09/randm06.02.02.15.020_0030.03.aba.beta,True,4,5,0.012847661972045898,0.0020394325256347656,0.0007410049438476562,0.01562809944152832,26,4,4,7,10,4,27,19,5,111,0,585,9103
oliveira/04_09/randm06.02.02.15.020_0030.04.aba.beta,True,9,5,0.09899234771728516,0.009085416793823242,0.0008141994476318359,0.10889196395874023,71,9,3,6,0,13,173,25,8,797,0,668,9678
oliveira/04_09/randm06.02.02.15.020_0030.05.aba.beta,True,10,5,0.08905959129333496,0.006700754165649414,0.0009191036224365234,0.0966794490814209,69,10,4,7,9,10,280,24,5,767,0,760,11216
oliveira/04_09/randm06.02.02.16.020_0030.01.aba.beta,True,4,3,0.007241487503051758,0.0015997886657714844,0.0011644363403320312,0.010005712509155273,14,4,2,4,0,4,11,11,3,38,0,899,14447
oliveira/04_09/randm06.02.02.16.020_0030.02.aba.beta,True,4,3,0.009249210357666016,0.0016720294952392578,0.000997781753540039,0.011919021606445312,17,4,2,4,0,4,25,11,3,74,0,776,12141
oliveira/04_09/randm06.02.02.16.020_0030.03.aba.beta,True,2,3,0.0031158924102783203,0.0007212162017822266,0.0010762214660644531,0.004913330078125,8,2,2,5,0,2,7,7,3,12,0,837,13591
oliveira/04_09/randm06.02.02.16.020_0030.04.aba.beta,True,2,3,0.0036852359771728516,0.0008544921875,0.0011970996856689453,0.005736827850341797,8,2,2,5,0,2,7,7,3,12,0,838,13337
oliveira/04_09/randm06.02.02.16.020_0030.05.aba.beta,True,4,3,0.008038520812988281,0.0016756057739257812,0.0009806156158447266,0.010694742202758789,15,4,2,4,0,4,19,12,3,60,0,779,12143
oliveira/04_09/randm06.02.02.17.020_0030.01.aba.beta,True,6,4,0.016457796096801758,0.0028090476989746094,0.0011477470397949219,0.02041459083557129,25,6,3,5,0,6,37,15,4,124,0,869,13484
oliveira/04_09/randm06.02.02.17.020_0030.02.aba.beta,True,7,4,0.018948793411254883,0.003320932388305664,0.0011892318725585938,0.02345895767211914,25,7,3,5,0,7,27,17,4,117,0,909,13943
oliveira/04_09/randm06.02.02.17.020_0030.03.aba.beta,True,7,4,0.02681708335876465,0.004465341567993164,0.0008397102355957031,0.032122135162353516,30,7,2,7,0,9,55,22,5,220,0,648,9697
oliveira/04_09/randm06.02.02.17.020_0030.04.aba.beta,True,5,4,0.015980005264282227,0.0030536651611328125,0.0007245540618896484,0.019758224487304688,22,5,2,9,0,7,21,17,5,80,0,560,8670
oliveira/04_09/randm06.02.02.17.020_0030.05.aba.beta,True,7,4,0.016408443450927734,0.003100872039794922,0.0006990432739257812,0.020208358764648438,22,7,3,6,0,7,23,16,4,96,0,575,8747
oliveira/04_09/randm06.02.02.18.020_0030.01.aba.beta,True,12,6,0.07082080841064453,0.008851051330566406,0.0008804798126220703,0.08055233955383301,60,12,4,10,2,14,130,25,7,589,0,712,10122
oliveira/04_09/randm06.02.02.18.020_0030.02.aba.beta,True,8,6,0.046820878982543945,0.006062030792236328,0.0007698535919189453,0.05365276336669922,62,8,10,9,33,11,79,25,14,347,0,594,8981
oliveira/04_09/randm06.02.02.18.020_0030.03.aba.beta,True,16,6,0.09581947326660156,0.013323783874511719,0.0012137889862060547,0.11035704612731934,57,16,4,8,0,20,72,35,9,555,0,978,14199
oliveira/04_09/randm06.02.02.18.020_0030.04.aba.beta,True,9,6,0.07005453109741211,0.00603032112121582,0.0008754730224609375,0.07696032524108887,115,9,11,14,54,11,270,31,14,1050,0,677,10353
oliveira/04_09/randm06.02.02.18.020_0030.05.aba.beta,True,13,6,0.12900328636169434,0.014251708984375,0.000934600830078125,0.14418959617614746,117,13,10,14,52,23,238,41,21,915,0,776,11379
oliveira/04_09/randm06.02.02.19.020_0030.01.aba.beta,True,1,1,0.0009322166442871094,0.0003497600555419922,0.000713348388671875,0.0019953250885009766,3,1,0,2,0,1,3,3,1,2,0,533,8572
oliveira/04_09/randm06.02.02.19.020_0030.02.aba.beta,True,1,1,0.0008845329284667969,0.0003037452697753906,0.0006804466247558594,0.0018687248229980469,3,1,0,2,0,1,3,3,1,2,0,537,8597
oliveira/04_09/randm06.02.02.19.020_0030.03.aba.beta,True,1,1,0.0009081363677978516,0.00029540061950683594,0.0006613731384277344,0.0018649101257324219,3,1,0,2,0,1,3,3,1,2,0,533,8578
oliveira/04_09/randm06.02.02.19.020_0030.04.aba.beta,True,1,1,0.0008878707885742188,0.0002961158752441406,0.0006694793701171875,0.0018534660339355469,3,1,0,2,0,1,3,3,1,2,0,523,8524
oliveira/04_09/randm06.02.02.19.020_0030.05.aba.beta,True,1,1,0.0008959770202636719,0.00029587745666503906,0.0006556510925292969,0.0018475055694580078,3,1,0,2,0,1,3,3,1,2,0,525,8527
oliveira/04_09/randm07.02.02.01.020_0030.01.aba.beta,True,1,1,0.0008821487426757812,0.00031185150146484375,0.0006887912750244141,0.001882791519165039,3,1,0,2,0,1,3,3,1,2,0,529,8553
oliveira/04_09/randm07.02.02.01.020_0030.02.aba.beta,True,1,1,0.0009219646453857422,0.0003139972686767578,0.0006611347198486328,0.0018970966339111328,3,1,0,2,0,1,3,3,1,2,0,526,8542
oliveira/04_09/randm07.02.02.01.020_0030.03.aba.beta,True,1,1,0.0009055137634277344,0.0002951622009277344,0.0006613731384277344,0.0018620491027832031,3,1,0,2,0,1,3,3,1,2,0,531,8553
oliveira/04_09/randm07.02.02.01.020_0030.04.aba.beta,True,1,1,0.0008928775787353516,0.0003018379211425781,0.0006685256958007812,0.001863241195678711,3,1,0,2,0,1,3,3,1,2,0,530,8550
oliveira/04_09/randm07.02.02.01.020_0030.05.aba.beta,True,1,1,0.0008809566497802734,0.00029659271240234375,0.0006618499755859375,0.0018393993377685547,3,1,0,2,0,1,3,3,1,2,0,540,8609
oliveira/04_09/randm07.02.02.02.020_0030.01.aba.beta,True,1,1,0.0008969306945800781,0.0003039836883544922,0.0006711483001708984,0.0018720626831054688,3,1,0,2,0,1,3,3,1,2,0,535,8587
oliveira/04_09/randm07.02.02.02.020_0030.02.aba.beta,True,1,1,0.0008826255798339844,0.0002951622009277344,0.0007162094116210938,0.0018939971923828125,3,1,0,2,0,1,3,3,1,2,0,538,8598
oliveira/04_09/randm07.02.02.02.020_0030.03.aba.beta,True,1,1,0.000904083251953125,0.0003027915954589844,0.0007379055023193359,0.0019447803497314453,3,1,0,2,0,1,3,3,1,2,0,533,8583
oliveira/04_09/randm07.02.02.02.020_0030.04.aba.beta,True,1,1,0.0008869171142578125,0.00029468536376953125,0.0006723403930664062,0.00185394287109375,3,1,0,2,0,1,3,3,1,2,0,521,8515
oliveira/04_09/randm07.02.02.02.020_0030.05.aba.beta,True,1,1,0.0008924007415771484,0.0002968311309814453,0.0006854534149169922,0.001874685287475586,3,1,0,2,0,1,3,3,1,2,0,531,8576
oliveira/04_09/randm07.02.02.03.020_0030.01.aba.beta,True,13,7,2.9284772872924805,0.2056431770324707,0.001008749008178711,3.13512921333313,286,13,54,57,131,228,463,64,270,2463,0,796,11556
oliveira/04_09/randm07.02.02.03.020_0030.02.aba.beta,True,11,7,0.46010684967041016,0.03801369667053223,0.0008246898651123047,0.4989452362060547,172,11,35,23,93,50,214,53,75,1314,0,667,9523
oliveira/04_09/randm07.02.02.03.020_0030.03.aba.beta,True,14,7,2.02876615524292,0.14961934089660645,0.0010366439819335938,2.17942214012146,218,14,24,35,84,155,355,58,166,1710,0,796,11395
oliveira/04_09/randm07.02.02.03.020_0030.04.aba.beta,True,12,7,0.2572793960571289,0.02967667579650879,0.0008730888366699219,0.2878291606903076,91,12,4,16,0,36,125,37,29,804,0,727,10289
oliveira/04_09/randm07.02.02.03.020_0030.05.aba.beta,True,10,7,1.039921760559082,0.05022549629211426,0.0010950565338134766,1.0912423133850098,365,10,64,32,294,68,452,55,123,2838,0,746,11183
oliveira/04_09/randm07.02.02.04.020_0030.01.aba.beta,True,9,4,0.027226924896240234,0.004484891891479492,0.001435995101928711,0.03314781188964844,30,9,3,5,2,9,36,22,4,129,0,1115,17307
oliveira/04_09/randm07.02.02.04.020_0030.02.aba.beta,True,7,4,0.02689337730407715,0.00401759147644043,0.0012173652648925781,0.032128334045410156,33,7,2,7,2,8,55,21,4,219,0,960,14738
oliveira/04_09/randm07.02.02.04.020_0030.03.aba.beta,True,8,4,0.038207292556762695,0.004152059555053711,0.0019834041595458984,0.044342756271362305,43,8,3,5,2,8,145,19,4,329,0,1554,24373
oliveira/04_09/randm07.02.02.04.020_0030.04.aba.beta,True,9,4,0.028633594512939453,0.004491567611694336,0.0015833377838134766,0.034708499908447266,32,9,3,5,2,9,41,22,4,174,0,1188,18682
oliveira/04_09/randm07.02.02.04.020_0030.05.aba.beta,True,7,4,0.022502422332763672,0.0034432411193847656,0.0008275508880615234,0.02677321434020996,32,7,3,5,2,7,54,18,4,212,0,656,9909
oliveira/04_09/randm07.02.02.05.020_0030.01.aba.beta,True,11,6,0.14388775825500488,0.01865410804748535,0.0008959770202636719,0.1634378433227539,59,11,3,17,2,28,68,34,21,327,0,705,10345
oliveira/04_09/randm07.02.02.05.020_0030.02.aba.beta,True,9,6,0.05808687210083008,0.0068988800048828125,0.0010714530944824219,0.06605720520019531,55,9,4,9,7,11,110,26,7,432,0,858,12923
oliveira/04_09/randm07.02.02.05.020_0030.03.aba.beta,True,6,6,0.13940167427062988,0.01379704475402832,0.0008378028869628906,0.1540365219116211,63,6,4,13,4,20,148,25,19,577,0,649,9881
oliveira/04_09/randm07.02.02.05.020_0030.04.aba.beta,True,8,6,0.03710222244262695,0.004626274108886719,0.0008552074432373047,0.04258370399475098,43,8,5,6,2,8,145,26,6,360,0,687,10153
oliveira/04_09/randm07.02.02.05.020_0030.05.aba.beta,True,8,6,0.050981998443603516,0.007615804672241211,0.0008571147918701172,0.059454917907714844,41,8,4,12,2,13,77,28,10,249,0,663,9887
oliveira/04_09/randm07.02.02.06.020_0030.01.aba.beta,True,5,4,0.01227879524230957,0.0021893978118896484,0.0008187294006347656,0.015286922454833984,20,5,3,6,0,5,30,13,4,85,0,637,9945
oliveira/04_09/randm07.02.02.06.020_0030.02.aba.beta,True,6,4,0.015662193298339844,0.0027348995208740234,0.0009551048278808594,0.019352197647094727,20,6,3,6,0,6,28,15,4,118,0,756,11563
oliveira/04_09/randm07.02.02.06.020_0030.03.aba.beta,True,6,4,0.014907121658325195,0.0027527809143066406,0.00078582763671875,0.018445730209350586,21,6,3,6,0,6,24,16,4,87,0,628,9590
oliveira/04_09/randm07.02.02.06.020_0030.04.aba.beta,True,5,4,0.011549234390258789,0.0021941661834716797,0.0011241436004638672,0.014867544174194336,19,5,3,6,0,5,24,15,4,102,0,891,13951
oliveira/04_09/randm07.02.02.06.020_0030.05.aba.beta,True,6,4,0.014586210250854492,0.002810955047607422,0.0011279582977294922,0.018525123596191406,21,6,3,6,0,6,21,16,4,85,0,889,13842
oliveira/04_09/randm07.02.02.07.020_0030.01.aba.beta,True,15,6,0.17352080345153809,0.017053842544555664,0.0009593963623046875,0.19153404235839844,98,15,3,9,3,25,181,39,14,1014,0,817,11560
oliveira/04_09/randm07.02.02.07.020_0030.02.aba.beta,True,13,6,0.5077359676361084,0.034142494201660156,0.001239776611328125,0.5431182384490967,106,13,3,13,3,38,270,38,29,1053,0,991,14419
oliveira/04_09/randm07.02.02.07.020_0030.03.aba.beta,True,13,6,0.2347698211669922,0.01979684829711914,0.0009567737579345703,0.2555234432220459,90,13,3,14,3,30,206,32,21,768,0,787,11330
oliveira/04_09/randm07.02.02.07.020_0030.04.aba.beta,True,9,6,0.0413813591003418,0.005695343017578125,0.0012650489807128906,0.04834175109863281,41,9,4,8,3,10,61,21,6,254,0,995,15314
oliveira/04_09/randm07.02.02.07.020_0030.05.aba.beta,True,13,6,0.13791275024414062,0.0158846378326416,0.001333475112915039,0.15513086318969727,69,13,4,8,3,23,144,39,15,558,0,1072,15535
oliveira/04_09/randm07.02.02.08.020_0030.01.aba.beta,True,1,1,0.0008916854858398438,0.0002932548522949219,0.0006883144378662109,0.0018732547760009766,3,1,0,2,0,1,3,3,1,2,0,542,8613
oliveira/04_09/randm07.02.02.08.020_0030.02.aba.beta,True,1,1,0.0009171962738037109,0.000347137451171875,0.0007495880126953125,0.0020139217376708984,3,1,0,2,0,1,3,3,1,2,0,539,8607
oliveira/04_09/randm07.02.02.08.020_0030.03.aba.beta,True,1,1,0.0009002685546875,0.0003006458282470703,0.0006711483001708984,0.0018720626831054688,3,1,0,2,0,1,3,3,1,2,0,534,8577
oliveira/04_09/randm07.02.02.08.020_0030.04.aba.beta,True,1,1,0.0008745193481445312,0.0002930164337158203,0.0006811618804931641,0.0018486976623535156,3,1,0,2,0,1,3,3,1,2,0,536,8592
oliveira/04_09/randm07.02.02.08.020_0030.05.aba.beta,True,1,1,0.0008873939514160156,0.000293731689453125,0.0006999969482421875,0.0018811225891113281,3,1,0,2,0,1,3,3,1,2,0,536,8587
oliveira/04_09/randm07.02.02.09.020_0030.01.aba.beta,True,5,3,0.011905908584594727,0.002325773239135742,0.0007197856903076172,0.014951467514038086,18,5,2,5,0,5,22,14,3,103,0,580,8846
oliveira/04_09/randm07.02.02.09.020_0030.02.aba.beta,True,5,3,0.011304616928100586,0.0022377967834472656,0.00113677978515625,0.014679193496704102,18,5,2,4,0,5,26,14,3,77,0,902,14213
oliveira/04_09/randm07.02.02.09.020_0030.03.aba.beta,True,3,3,0.0055615901947021484,0.0011963844299316406,0.0006694793701171875,0.0074274539947509766,12,3,2,4,0,3,12,10,3,35,0,553,8644
oliveira/04_09/randm07.02.02.09.020_0030.04.aba.beta,True,3,3,0.006323575973510742,0.0013186931610107422,0.0007166862487792969,0.008358955383300781,12,3,2,5,0,3,21,10,3,67,0,561,8758
oliveira/04_09/randm07.02.02.09.020_0030.05.aba.beta,True,3,3,0.00588679313659668,0.0012123584747314453,0.0007317066192626953,0.00783085823059082,12,3,2,5,0,3,17,10,3,51,0,552,8661
oliveira/04_09/randm07.02.02.10.020_0030.01.aba.beta,True,1,1,0.0008797645568847656,0.0002932548522949219,0.0006697177886962891,0.0018427371978759766,3,1,0,2,0,1,3,3,1,2,0,537,8599
oliveira/04_09/randm07.02.02.10.020_0030.02.aba.beta,True,1,1,0.000885009765625,0.00029277801513671875,0.0006785392761230469,0.0018563270568847656,3,1,0,2,0,1,3,3,1,2,0,540,8608
oliveira/04_09/randm07.02.02.10.020_0030.03.aba.beta,True,1,1,0.0009019374847412109,0.00030350685119628906,0.0006568431854248047,0.0018622875213623047,3,1,0,2,0,1,3,3,1,2,0,527,8497
oliveira/04_09/randm07.02.02.10.020_0030.04.aba.beta,True,1,1,0.0008800029754638672,0.0002956390380859375,0.0006635189056396484,0.0018391609191894531,3,1,0,2,0,1,3,3,1,2,0,537,8603
oliveira/04_09/randm07.02.02.10.020_0030.05.aba.beta,True,1,1,0.0008785724639892578,0.0002951622009277344,0.0007090568542480469,0.001882791519165039,3,1,0,2,0,1,3,3,1,2,0,528,8551
oliveira/04_09/randm07.02.02.11.020_0030.01.aba.beta,True,11,5,0.08429980278015137,0.00927877426147461,0.0010097026824951172,0.0945882797241211,49,11,3,7,0,15,124,25,8,338,0,789,11715
oliveira/04_09/randm07.02.02.11.020_0030.02.aba.beta,True,7,5,0.019144773483276367,0.0035355091094970703,0.0010116100311279297,0.023691892623901367,25,7,4,5,0,7,32,19,5,161,0,796,12409
oliveira/04_09/randm07.02.02.11.020_0030.03.aba.beta,True,7,5,0.04508185386657715,0.004316806793212891,0.001245260238647461,0.0506439208984375,36,7,4,7,0,7,187,21,5,434,0,941,14858
oliveira/04_09/randm07.02.02.11.020_0030.04.aba.beta,True,9,5,0.05259370803833008,0.007578849792480469,0.0008778572082519531,0.0610504150390625,48,9,3,9,0,13,53,26,8,306,0,724,10763
oliveira/04_09/randm07.02.02.11.020_0030.05.aba.beta,True,8,5,0.070953369140625,0.0058519840240478516,0.0009367465972900391,0.07774209976196289,55,8,3,6,0,10,190,20,6,595,0,756,11314
oliveira/04_09/randm07.02.02.12.020_0030.01.aba.beta,True,4,3,0.007543087005615234,0.0016088485717773438,0.0010347366333007812,0.01018667221069336,14,4,2,5,0,4,13,11,3,42,0,817,12904
oliveira/04_09/randm07.02.02.12.020_0030.02.aba.beta,True,3,3,0.005736112594604492,0.0012249946594238281,0.00070953369140625,0.00767064094543457,11,3,2,5,0,3,13,9,3,29,0,546,8621
oliveira/04_09/randm07.02.02.12.020_0030.03.aba.beta,True,3,3,0.005311489105224609,0.0012066364288330078,0.0006868839263916016,0.007205009460449219,11,3,2,5,0,3,16,9,3,35,0,545,8631
oliveira/04_09/randm07.02.02.12.020_0030.04.aba.beta,True,4,3,0.012546062469482422,0.0022389888763427734,0.0009913444519042969,0.015776395797729492,22,4,2,5,0,4,63,10,3,131,0,792,12532
oliveira/04_09/randm07.02.02.12.020_0030.05.aba.beta,True,4,3,0.009329557418823242,0.0016489028930664062,0.00112152099609375,0.012099981307983398,19,4,2,5,0,4,32,10,3,93,0,880,13851
oliveira/04_09/randm07.02.02.13.020_0030.01.aba.beta,True,12,7,0.12251043319702148,0.011272192001342773,0.0011200904846191406,0.1349027156829834,108,12,13,12,32,14,275,39,16,979,0,909,13325
oliveira/04_09/randm07.02.02.13.020_0030.02.aba.beta,True,14,7,0.07007193565368652,0.010400772094726562,0.001108407974243164,0.08158111572265625,53,14,6,8,3,14,71,36,7,622,0,897,13337
oliveira/04_09/randm07.02.02.13.020_0030.03.aba.beta,True,10,7,0.20528674125671387,0.018136978149414062,0.0011565685272216797,0.2245802879333496,104,10,14,9,55,24,154,45,29,751,0,946,14029
oliveira/04_09/randm07.02.02.13.020_0030.04.aba.beta,True,15,7,0.6095855236053467,0.04999065399169922,0.0011403560638427734,0.6607165336608887,175,15,32,22,46,66,285,55,84,1756,0,950,13635
oliveira/04_09/randm07.02.02.13.020_0030.05.aba.beta,True,15,7,0.15418410301208496,0.015600919723510742,0.0012714862823486328,0.17105650901794434,104,15,9,11,38,21,129,46,16,807,0,892,12623
oliveira/04_09/randm07.02.02.14.020_0030.01.aba.beta,True,3,3,0.006367921829223633,0.0012819766998291016,0.0007688999176025391,0.008418798446655273,12,3,2,5,0,3,23,10,3,79,0,577,8908
oliveira/04_09/randm07.02.02.14.020_0030.02.aba.beta,True,3,3,0.0058803558349609375,0.0014715194702148438,0.0008380413055419922,0.008189916610717773,12,3,2,5,0,3,16,10,3,51,0,559,8687
oliveira/04_09/randm07.02.02.14.020_0030.03.aba.beta,True,3,3,0.00666499137878418,0.0012900829315185547,0.0008437633514404297,0.008798837661743164,12,3,2,5,0,3,27,10,3,95,0,614,9804
oliveira/04_09/randm07.02.02.14.020_0030.04.aba.beta,True,5,3,0.019849300384521484,0.002343893051147461,0.0007565021514892578,0.022949695587158203,29,5,2,4,0,5,114,13,3,246,0,604,9346
oliveira/04_09/randm07.02.02.14.020_0030.05.aba.beta,True,3,3,0.005269765853881836,0.001168966293334961,0.0006902217864990234,0.00712895393371582,12,3,2,4,0,3,11,10,3,34,0,551,8634
oliveira/04_09/randm07.02.02.15.020_0030.01.aba.beta,True,9,7,0.09708690643310547,0.011067628860473633,0.0007836818695068359,0.10893821716308594,61,9,5,12,7,16,99,28,13,418,0,655,9562
oliveira/04_09/randm07.02.02.15.020_0030.02.aba.beta,True,11,7,1.0314691066741943,0.05992555618286133,0.0009548664093017578,1.0923495292663574,213,11,19,25,105,80,346,54,89,1826,0,758,11252
oliveira/04_09/randm07.02.02.15.020_0030.03.aba.beta,True,10,7,0.7647950649261475,0.05733966827392578,0.001462697982788086,0.8235974311828613,197,10,20,23,105,72,547,51,83,1695,0,1192,18197
oliveira/04_09/randm07.02.02.15.020_0030.04.aba.beta,True,8,7,0.16019368171691895,0.015910625457763672,0.0008432865142822266,0.17694759368896484,150,8,19,18,104,24,187,50,36,1007,0,664,9994
oliveira/04_09/randm07.02.02.15.020_0030.05.aba.beta,True,18,7,1.2474918365478516,0.06474900245666504,0.0017201900482177734,1.3139610290527344,150,18,3,8,2,72,376,44,58,1457,0,1345,19928
oliveira/04_09/randm07.02.02.16.020_0030.01.aba.beta,True,6,4,0.01467132568359375,0.0028362274169921875,0.0017018318176269531,0.01920938491821289,21,6,3,6,0,6,31,16,4,107,0,1285,20027
oliveira/04_09/randm07.02.02.16.020_0030.02.aba.beta,True,8,4,0.020449161529541016,0.0038192272186279297,0.002044200897216797,0.026312589645385742,26,8,3,6,0,8,26,19,4,118,0,1591,25049
oliveira/04_09/randm07.02.02.16.020_0030.03.aba.beta,True,4,4,0.014155387878417969,0.002680063247680664,0.0006866455078125,0.017522096633911133,20,4,2,6,0,6,28,14,5,77,0,552,8646
oliveira/04_09/randm07.02.02.16.020_0030.04.aba.beta,True,3,4,0.013046979904174805,0.00249481201171875,0.0007116794586181641,0.01625347137451172,19,3,2,7,0,5,30,13,5,104,0,554,8664
oliveira/04_09/randm07.02.02.16.020_0030.05.aba.beta,True,8,4,0.026723623275756836,0.00391387939453125,0.0018787384033203125,0.0325162410736084,37,8,3,6,0,8,124,18,4,279,0,1417,22229
oliveira/04_09/randm07.02.02.17.020_0030.01.aba.beta,True,10,6,0.18602848052978516,0.011633634567260742,0.001096963882446289,0.1987590789794922,95,10,6,8,14,17,417,35,14,1071,0,884,13235
oliveira/04_09/randm07.02.02.17.020_0030.02.aba.beta,True,10,6,0.14551258087158203,0.012906074523925781,0.001100778579711914,0.15951943397521973,77,10,3,10,3,17,315,32,11,771,0,874,13130
oliveira/04_09/randm07.02.02.17.020_0030.03.aba.beta,True,8,6,0.09818863868713379,0.007753849029541016,0.0008804798126220703,0.10682296752929688,101,8,12,6,37,12,291,42,17,866,0,705,10430
oliveira/04_09/randm07.02.02.17.020_0030.04.aba.beta,True,9,6,0.07311582565307617,0.006372690200805664,0.0009355545043945312,0.08042407035827637,76,9,5,7,3,9,347,29,6,931,0,748,11153
oliveira/04_09/randm07.02.02.17.020_0030.05.aba.beta,True,9,6,0.15289521217346191,0.013825178146362305,0.0011370182037353516,0.16785740852355957,62,9,3,10,3,17,197,31,12,572,0,862,12823
oliveira/04_09/randm07.02.02.18.020_0030.01.aba.beta,True,9,7,10.244693756103516,0.5870940685272217,0.001116037368774414,10.832903861999512,405,9,77,47,178,435,832,79,504,3455,0,843,12657
oliveira/04_09/randm07.02.02.18.020_0030.02.aba.beta,True,11,7,0.5027849674224854,0.07090377807617188,0.00104522705078125,0.5747339725494385,109,11,4,8,8,36,326,40,30,1174,0,866,12900
oliveira/04_09/randm07.02.02.18.020_0030.03.aba.beta,True,10,7,4.336400508880615,0.17125654220581055,0.0016503334045410156,4.509307384490967,349,10,62,18,170,166,865,68,219,3140,0,1230,18737
oliveira/04_09/randm07.02.02.18.020_0030.04.aba.beta,True,10,7,7.7477476596832275,0.2523832321166992,0.0012781620025634766,8.00140905380249,425,10,63,11,222,201,1029,78,255,4022,0,985,14923
oliveira/04_09/randm07.02.02.18.020_0030.05.aba.beta,True,13,7,0.5558903217315674,0.028044700622558594,0.0016322135925292969,0.5855672359466553,152,13,10,9,26,25,761,44,23,1819,0,1322,19639
oliveira/04_09/randm07.02.02.19.020_0030.01.aba.beta,True,9,5,0.05846977233886719,0.00584721565246582,0.0008597373962402344,0.06517672538757324,43,9,3,8,1,11,118,23,6,338,0,672,9995
oliveira/04_09/randm07.02.02.19.020_0030.02.aba.beta,True,11,5,0.11107087135314941,0.011018037796020508,0.0009615421295166016,0.12305045127868652,70,11,2,9,1,18,201,26,10,749,0,774,11561
oliveira/04_09/randm07.02.02.19.020_0030.03.aba.beta,True,5,5,0.028485774993896484,0.002666473388671875,0.0009529590606689453,0.032105207443237305,37,5,4,7,4,5,190,21,5,336,0,724,11191
oliveira/04_09/randm07.02.02.19.020_0030.04.aba.beta,True,10,5,0.17421936988830566,0.014974355697631836,0.0009093284606933594,0.19010305404663086,81,10,2,13,1,24,219,29,17,755,0,737,10830
oliveira/04_09/randm07.02.02.19.020_0030.05.aba.beta,True,5,5,0.014831304550170898,0.002397298812866211,0.0009236335754394531,0.018152236938476562,26,5,4,7,3,5,47,19,5,130,0,735,11353
oliveira/04_09/randm08.02.02.01.020_0030.01.aba.beta,True,16,7,0.4246194362640381,0.047048330307006836,0.001087188720703125,0.47275495529174805,112,16,6,23,5,56,301,51,47,1053,0,893,12716
oliveira/04_09/randm08.02.02.01.020_0030.02.aba.beta,True,7,7,0.07023334503173828,0.008718013763427734,0.000823974609375,0.07977533340454102,58,7,8,8,18,13,118,41,15,382,0,675,10020
oliveira/04_09/randm08.02.02.01.020_0030.03.aba.beta,True,15,7,0.1285688877105713,0.014646768569946289,0.001188516616821289,0.14440417289733887,65,15,5,13,0,20,128,42,11,545,0,944,13901
oliveira/04_09/randm08.02.02.01.020_0030.04.aba.beta,True,21,7,0.49965691566467285,0.0389559268951416,0.0018897056579589844,0.5405025482177734,124,21,4,12,0,44,440,47,28,1445,0,1542,22619
oliveira/04_09/randm08.02.02.01.020_0030.05.aba.beta,True,16,7,0.5672445297241211,0.05249476432800293,0.001009225845336914,0.6207485198974609,136,16,17,27,50,67,154,56,69,1017,0,835,11574
oliveira/04_09/randm08.02.02.02.020_0030.01.aba.beta,True,16,6,0.22578811645507812,0.028367280960083008,0.0009357929229736328,0.25509119033813477,81,16,5,19,1,37,117,36,27,672,0,775,10781
oliveira/04_09/randm08.02.02.02.020_0030.02.aba.beta,True,18,6,0.2165818214416504,0.024029016494750977,0.0009567737579345703,0.24156761169433594,106,18,4,14,1,34,181,36,21,1187,0,799,11202
oliveira/04_09/randm08.02.02.02.020_0030.03.aba.beta,True,8,6,0.11490416526794434,0.013997554779052734,0.0007522106170654297,0.1296539306640625,96,8,10,20,40,24,118,30,27,653,0,603,8949
oliveira/04_09/randm08.02.02.02.020_0030.04.aba.beta,True,10,6,0.14748430252075195,0.022498369216918945,0.0007631778717041016,0.170745849609375,55,10,3,22,1,36,49,26,30,285,0,634,9314
oliveira/04_09/randm08.02.02.02.020_0030.05.aba.beta,True,18,6,0.22267842292785645,0.02115178108215332,0.0010361671447753906,0.24486637115478516,113,18,3,8,1,25,219,33,11,1237,0,859,11856
oliveira/04_09/randm08.02.02.03.020_0030.01.aba.beta,True,5,7,0.7822985649108887,0.05798697471618652,0.0007903575897216797,0.8410758972167969,172,5,48,30,106,78,269,51,122,1134,0,596,9187
oliveira/04_09/randm08.02.02.03.020_0030.02.aba.beta,True,10,7,0.6433382034301758,0.040448665618896484,0.0008549690246582031,0.6846418380737305,119,10,11,9,34,55,329,41,57,961,0,708,10314
oliveira/04_09/randm08.02.02.03.020_0030.03.aba.beta,True,8,7,1.6894283294677734,0.11950325965881348,0.0012426376342773438,1.8101742267608643,235,8,53,40,146,143,317,58,189,1663,0,930,14226
oliveira/04_09/randm08.02.02.03.020_0030.04.aba.beta,True,11,7,0.24907183647155762,0.020348548889160156,0.0007987022399902344,0.270219087600708,131,11,25,12,57,30,290,41,45,1070,0,665,9655
oliveira/04_09/randm08.02.02.03.020_0030.05.aba.beta,True,10,7,0.8164281845092773,0.07147908210754395,0.0008480548858642578,0.8887553215026855,127,10,8,37,36,85,180,45,84,876,0,662,9600
oliveira/04_09/randm08.02.02.04.020_0030.01.aba.beta,True,5,6,0.22019696235656738,0.022732257843017578,0.0008320808410644531,0.24376130104064941,81,5,11,25,7,36,328,31,43,739,0,663,10256
oliveira/04_09/randm08.02.02.04.020_0030.02.aba.beta,True,9,6,0.2734863758087158,0.029759645462036133,0.0008862018585205078,0.30413222312927246,78,9,4,15,4,42,248,30,38,616,0,706,10568
oliveira/04_09/randm08.02.02.04.020_0030.03.aba.beta,True,10,6,0.16141295433044434,0.01587677001953125,0.0009646415710449219,0.1782543659210205,72,10,3,16,0,22,387,27,16,737,0,783,11727
oliveira/04_09/randm08.02.02.04.020_0030.04.aba.beta,True,13,6,0.10490870475769043,0.009319067001342773,0.0009646415710449219,0.11519241333007812,84,13,5,8,10,13,286,28,6,926,0,784,11267
oliveira/04_09/randm08.02.02.04.020_0030.05.aba.beta,True,9,6,0.30525708198547363,0.027924537658691406,0.0009143352508544922,0.33409595489501953,67,9,6,13,6,38,143,32,36,495,0,732,10949
oliveira/04_09/randm08.02.02.05.020_0030.01.aba.beta,True,5,5,0.0174710750579834,0.002664804458618164,0.001035928726196289,0.02117180824279785,25,5,4,6,4,5,36,20,5,134,0,822,12762
oliveira/04_09/randm08.02.02.05.020_0030.02.aba.beta,True,4,5,0.01245737075805664,0.0022995471954345703,0.0009131431579589844,0.015670061111450195,23,4,4,6,4,4,30,19,5,104,0,594,9170
oliveira/04_09/randm08.02.02.05.020_0030.03.aba.beta,True,5,5,0.14238548278808594,0.015373706817626953,0.0008370876312255859,0.15859627723693848,83,5,24,20,33,24,112,43,44,480,0,655,10062
oliveira/04_09/randm08.02.02.05.020_0030.04.aba.beta,True,5,5,0.1077115535736084,0.010323286056518555,0.0007259845733642578,0.11876082420349121,92,5,18,15,38,17,145,35,31,601,0,591,8975
oliveira/04_09/randm08.02.02.05.020_0030.05.aba.beta,True,5,5,0.035369157791137695,0.004530191421508789,0.0007581710815429688,0.04065752029418945,45,5,3,5,5,8,155,22,7,398,0,611,9217
oliveira/04_09/randm08.02.02.06.020_0030.01.aba.beta,True,10,8,1.198700189590454,0.056643009185791016,0.0009112358093261719,1.2562544345855713,222,10,33,24,146,80,336,51,104,1822,0,698,10279
oliveira/04_09/randm08.02.02.06.020_0030.02.aba.beta,True,14,8,0.9249989986419678,0.05170392990112305,0.0010135173797607422,0.9777164459228516,269,14,26,19,157,57,452,59,70,2404,0,828,11743
oliveira/04_09/randm08.02.02.06.020_0030.03.aba.beta,True,18,8,0.37886667251586914,0.029621601104736328,0.0012993812561035156,0.409787654876709,145,18,7,7,11,31,293,51,21,1611,0,1039,14918
oliveira/04_09/randm08.02.02.06.020_0030.04.aba.beta,True,10,8,0.2213892936706543,0.018668174743652344,0.0007920265197753906,0.24084949493408203,123,10,14,8,62,23,218,46,28,965,0,652,9475
oliveira/04_09/randm08.02.02.06.020_0030.05.aba.beta,True,19,8,1.1793041229248047,0.1211402416229248,0.0010821819305419922,1.3015265464782715,137,19,6,43,16,123,148,52,111,997,0,875,12227
oliveira/04_09/randm08.02.02.07.020_0030.01.aba.beta,True,1,1,0.0008955001831054688,0.000293731689453125,0.0006759166717529297,0.0018651485443115234,3,1,0,2,0,1,3,3,1,2,0,536,8587
oliveira/04_09/randm08.02.02.07.020_0030.02.aba.beta,True,1,1,0.0008995532989501953,0.00029659271240234375,0.000652313232421875,0.001848459243774414,3,1,0,2,0,1,3,3,1,2,0,524,8514
oliveira/04_09/randm08.02.02.07.020_0030.03.aba.beta,True,1,1,0.0009119510650634766,0.0003299713134765625,0.0007431507110595703,0.0019850730895996094,3,1,0,2,0,1,3,3,1,2,0,519,8504
oliveira/04_09/randm08.02.02.07.020_0030.04.aba.beta,True,1,1,0.0008990764617919922,0.0003006458282470703,0.0007076263427734375,0.0019073486328125,3,1,0,2,0,1,3,3,1,2,0,539,8604
oliveira/04_09/randm08.02.02.07.020_0030.05.aba.beta,True,1,1,0.0008838176727294922,0.0003008842468261719,0.0006651878356933594,0.0018498897552490234,3,1,0,2,0,1,3,3,1,2,0,530,8566
oliveira/04_09/randm08.02.02.08.020_0030.01.aba.beta,True,15,6,2.0955915451049805,0.15810608863830566,0.0012044906616210938,2.2549021244049072,175,15,4,39,9,135,444,65,125,1543,0,943,13347
oliveira/04_09/randm08.02.02.08.020_0030.02.aba.beta,True,9,6,1.3940768241882324,0.1458573341369629,0.0010983943939208984,1.5410325527191162,116,9,1,49,0,130,234,53,123,826,0,846,12896
oliveira/04_09/randm08.02.02.08.020_0030.03.aba.beta,True,17,6,1.1751370429992676,0.10055041313171387,0.0016007423400878906,1.2772881984710693,167,17,12,40,30,119,392,59,115,1408,0,1254,18801
oliveira/04_09/randm08.02.02.08.020_0030.04.aba.beta,True,8,6,0.7485561370849609,0.11429858207702637,0.0008642673492431641,0.8637189865112305,96,8,1,46,0,97,132,60,91,580,0,666,9749
oliveira/04_09/randm08.02.02.08.020_0030.05.aba.beta,True,9,6,1.0117251873016357,0.06934642791748047,0.0012776851654052734,1.0823493003845215,136,9,15,35,32,88,361,54,95,1070,0,906,13603
oliveira/04_09/randm08.02.02.09.020_0030.01.aba.beta,True,12,7,0.329714298248291,0.0231935977935791,0.0016620159149169922,0.3545699119567871,175,12,21,12,110,33,246,45,43,1312,0,1304,19885
oliveira/04_09/randm08.02.02.09.020_0030.02.aba.beta,True,9,7,0.36352038383483887,0.018480777740478516,0.0013766288757324219,0.3833777904510498,192,9,38,15,122,29,501,48,59,1615,0,1084,16611
oliveira/04_09/randm08.02.02.09.020_0030.03.aba.beta,True,9,7,0.6822381019592285,0.05841374397277832,0.001277923583984375,0.7419297695159912,154,9,23,29,61,74,302,48,89,1120,0,1013,15467
oliveira/04_09/randm08.02.02.09.020_0030.04.aba.beta,True,13,7,0.47609996795654297,0.0522160530090332,0.0017414093017578125,0.530057430267334,106,13,7,19,18,58,279,41,53,853,0,1344,20148
oliveira/04_09/randm08.02.02.09.020_0030.05.aba.beta,True,12,7,0.23639965057373047,0.02857208251953125,0.0016639232635498047,0.2666356563568115,81,12,4,27,0,39,130,35,32,549,0,1326,20216
oliveira/04_09/randm08.02.02.10.020_0030.01.aba.beta,True,26,7,0.6046617031097412,0.03666090965270996,0.0019195079803466797,0.6432421207427979,148,26,4,10,0,40,431,44,19,1649,0,1572,22265
oliveira/04_09/randm08.02.02.10.020_0030.02.aba.beta,True,11,7,2.016676187515259,0.09444808959960938,0.0021915435791015625,2.1133158206939697,270,11,69,24,148,97,603,74,156,2329,0,1687,26062
oliveira/04_09/randm08.02.02.10.020_0030.03.aba.beta,True,13,7,3.452559471130371,0.17538833618164062,0.0012788772583007812,3.6292266845703125,402,13,94,53,210,176,741,79,258,3641,0,1008,14686
oliveira/04_09/randm08.02.02.10.020_0030.04.aba.beta,True,11,7,1.8622517585754395,0.0976567268371582,0.002001523971557617,1.9619100093841553,296,11,52,26,152,105,650,69,147,2533,0,1597,24397
oliveira/04_09/randm08.02.02.10.020_0030.05.aba.beta,True,11,7,0.21239995956420898,0.012330055236816406,0.001650094985961914,0.2263801097869873,175,11,15,7,95,18,450,46,23,1655,0,1301,20151
oliveira/04_09/randm08.02.02.11.020_0030.01.aba.beta,True,24,8,7.705392599105835,1.154768705368042,0.0015015602111816406,8.861662864685059,235,24,2,110,2,525,306,69,504,1880,0,1236,17026
oliveira/04_09/randm08.02.02.11.020_0030.02.aba.beta,True,22,8,0.6219460964202881,0.07776355743408203,0.0029282569885253906,0.7026379108428955,132,22,7,13,26,55,179,41,41,1015,0,2281,34893
oliveira/04_09/randm08.02.02.11.020_0030.03.aba.beta,True,18,8,6.323076009750366,0.3031492233276367,0.001859426498413086,6.628084659576416,380,18,58,29,241,280,550,70,321,3326,0,1414,21321
oliveira/04_09/randm08.02.02.11.020_0030.04.aba.beta,True,12,8,0.2071833610534668,0.018221139907836914,0.001466512680053711,0.22687101364135742,81,12,5,10,13,22,171,33,16,716,0,1177,17407
oliveira/04_09/randm08.02.02.11.020_0030.05.aba.beta,True,19,8,3.44751238822937,0.2228696346282959,0.001827239990234375,3.6722092628479004,245,19,49,32,93,199,377,61,230,2134,0,1436,20780
oliveira/04_09/randm08.02.02.12.020_0030.01.aba.beta,True,7,5,0.05270838737487793,0.005467414855957031,0.0009560585021972656,0.05913186073303223,48,7,3,7,0,9,219,20,6,447,0,747,11463
oliveira/04_09/randm08.02.02.12.020_0030.02.aba.beta,True,5,5,0.028617143630981445,0.004652976989746094,0.0007739067077636719,0.03404402732849121,25,5,3,10,0,8,43,21,7,174,0,604,9334
oliveira/04_09/randm08.02.02.12.020_0030.03.aba.beta,True,8,5,0.0927581787109375,0.007780551910400391,0.0014371871948242188,0.10197591781616211,51,8,3,6,0,11,228,26,7,544,0,1097,16755
oliveira/04_09/randm08.02.02.12.020_0030.04.aba.beta,True,8,5,0.05657958984375,0.005102872848510742,0.00098419189453125,0.06266665458679199,48,8,3,6,0,9,289,17,5,547,0,777,11693
oliveira/04_09/randm08.02.02.12.020_0030.05.aba.beta,True,4,5,0.08454155921936035,0.007256746292114258,0.0007922649383544922,0.0925905704498291,44,4,7,12,7,13,136,26,17,333,0,589,9117
oliveira/04_09/randm08.02.02.13.020_0030.01.aba.beta,True,20,8,6.362511157989502,0.37012314796447754,0.002005338668823242,6.734639644622803,341,20,18,32,167,224,750,73,223,3249,0,1517,22352
oliveira/04_09/randm08.02.02.13.020_0030.02.aba.beta,True,12,8,5.636556386947632,0.3831155300140381,0.001756906509399414,6.021428823471069,292,12,66,42,126,256,626,75,311,2417,0,1364,20509
oliveira/04_09/randm08.02.02.13.020_0030.03.aba.beta,True,13,8,2.184495210647583,0.13391923904418945,0.001438140869140625,2.319852590560913,257,13,19,30,141,134,545,60,141,2165,0,1103,16491
oliveira/04_09/randm08.02.02.13.020_0030.04.aba.beta,True,16,8,3.4655210971832275,0.2372426986694336,0.0020585060119628906,3.704822301864624,235,16,10,26,65,131,729,68,126,2283,0,1603,24150
oliveira/04_09/randm08.02.02.13.020_0030.05.aba.beta,True,27,8,3.0712015628814697,0.38330698013305664,0.002655506134033203,3.4571640491485596,254,27,4,19,5,112,1050,65,90,3005,0,2099,31264
oliveira/04_09/randm08.02.02.14.020_0030.01.aba.beta,True,17,6,0.4462709426879883,0.029265642166137695,0.0020720958709716797,0.47760868072509766,114,17,4,5,5,21,538,42,9,1317,0,1570,23570
oliveira/04_09/randm08.02.02.14.020_0030.02.aba.beta,True,14,6,0.37658214569091797,0.025170564651489258,0.001767873764038086,0.4035205841064453,116,14,3,6,5,23,501,39,13,1294,0,1348,20361
oliveira/04_09/randm08.02.02.14.020_0030.03.aba.beta,True,13,6,0.49779510498046875,0.029867887496948242,0.0016603469848632812,0.5293233394622803,102,13,3,5,5,30,411,42,21,1104,0,1274,19368
oliveira/04_09/randm08.02.02.14.020_0030.04.aba.beta,True,6,6,0.31574296951293945,0.034800052642822266,0.0014300346374511719,0.3519730567932129,88,6,10,21,24,44,270,39,49,701,0,1063,16941
oliveira/04_09/randm08.02.02.14.020_0030.05.aba.beta,True,11,6,0.2520895004272461,0.02307724952697754,0.0013134479522705078,0.27648019790649414,94,11,5,8,5,26,397,34,21,1002,0,1077,15893
oliveira/04_09/randm08.02.02.15.020_0030.01.aba.beta,True,10,5,0.08592343330383301,0.008946418762207031,0.0011115074157714844,0.09598135948181152,56,10,2,12,2,15,184,28,8,501,0,826,12365
oliveira/04_09/randm08.02.02.15.020_0030.02.aba.beta,True,11,5,0.10257816314697266,0.009661436080932617,0.0013689994812011719,0.11360859870910645,80,11,2,9,2,16,319,29,8,775,0,1041,15815
oliveira/04_09/randm08.02.02.15.020_0030.03.aba.beta,True,9,5,0.04356956481933594,0.005976438522338867,0.0011777877807617188,0.05072379112243652,38,9,3,5,2,10,82,24,5,301,0,964,14634
oliveira/04_09/randm08.02.02.15.020_0030.04.aba.beta,True,8,5,0.08103275299072266,0.009319305419921875,0.0011153221130371094,0.09146738052368164,52,8,2,11,2,15,176,28,10,452,0,879,13427
oliveira/04_09/randm08.02.02.15.020_0030.05.aba.beta,True,18,5,0.22179102897644043,0.014384746551513672,0.002742290496826172,0.23891806602478027,105,18,3,5,2,19,481,32,5,1169,0,2040,31010
oliveira/04_09/randm08.02.02.16.020_0030.01.aba.beta,True,10,5,0.0867469310760498,0.007860183715820312,0.000982522964477539,0.09558963775634766,57,10,3,7,3,12,188,25,6,523,0,793,11719
oliveira/04_09/randm08.02.02.16.020_0030.02.aba.beta,True,9,5,0.11721968650817871,0.007783412933349609,0.0008859634399414062,0.12588906288146973,67,9,3,8,3,11,344,21,6,779,0,698,10447
oliveira/04_09/randm08.02.02.16.020_0030.03.aba.beta,True,8,5,0.0808415412902832,0.008184671401977539,0.0010371208190917969,0.09006333351135254,54,8,3,10,2,12,248,29,8,590,0,832,12668
oliveira/04_09/randm08.02.02.16.020_0030.04.aba.beta,True,6,5,0.19976592063903809,0.016985177993774414,0.000850677490234375,0.21760177612304688,69,6,8,12,3,27,182,35,30,490,0,677,10292
oliveira/04_09/randm08.02.02.16.020_0030.05.aba.beta,True,6,5,0.21080255508422852,0.017708778381347656,0.0010411739349365234,0.2295525074005127,85,6,10,12,8,28,382,36,33,800,0,802,12491
oliveira/04_09/randm08.02.02.17.020_0030.01.aba.beta,True,11,6,0.12298464775085449,0.015635251998901367,0.0009386539459228516,0.1395585536956787,66,11,4,16,16,26,109,36,20,440,0,772,11330
oliveira/04_09/randm08.02.02.17.020_0030.02.aba.beta,True,15,6,0.10539770126342773,0.012433767318725586,0.0016927719116210938,0.11952424049377441,74,15,4,9,0,18,251,29,8,822,0,1331,20198
oliveira/04_09/randm08.02.02.17.020_0030.03.aba.beta,True,14,6,0.10917997360229492,0.013567686080932617,0.0011932849884033203,0.12394094467163086,67,14,4,10,0,20,111,31,11,531,0,955,14112
oliveira/04_09/randm08.02.02.17.020_0030.04.aba.beta,True,9,6,0.06983733177185059,0.009272336959838867,0.0008451938629150391,0.07995486259460449,78,9,11,14,41,16,96,36,19,478,0,674,10020
oliveira/04_09/randm08.02.02.17.020_0030.05.aba.beta,True,15,6,0.08547377586364746,0.01140904426574707,0.00127410888671875,0.09815692901611328,63,15,4,10,0,19,188,33,9,594,0,998,15112
oliveira/04_09/randm08.02.02.18.020_0030.01.aba.beta,True,11,6,0.1009366512298584,0.014061212539672852,0.0008335113525390625,0.11583137512207031,50,11,5,10,2,19,113,29,14,406,0,692,10115
oliveira/04_09/randm08.02.02.18.020_0030.02.aba.beta,True,11,6,1.120511770248413,0.05971026420593262,0.001886129379272461,1.1821081638336182,118,11,5,16,21,64,477,48,59,1126,0,1385,21520
oliveira/04_09/randm08.02.02.18.020_0030.03.aba.beta,True,8,6,0.08506321907043457,0.009047269821166992,0.0012710094451904297,0.09538149833679199,45,8,4,4,4,12,158,25,9,345,0,905,13823
oliveira/04_09/randm08.02.02.18.020_0030.04.aba.beta,True,16,6,1.4488987922668457,0.0915822982788086,0.002095937728881836,1.5425770282745361,141,16,2,14,2,79,511,49,66,1416,0,1569,23647
oliveira/04_09/randm08.02.02.18.020_0030.05.aba.beta,True,13,6,0.8199806213378906,0.0574488639831543,0.0016739368438720703,0.879103422164917,137,13,6,12,22,69,439,48,63,1324,0,1253,19060
oliveira/04_09/randm08.02.02.19.020_0030.01.aba.beta,True,11,8,0.09137296676635742,0.010764122009277344,0.0010480880737304688,0.10318517684936523,72,11,9,8,24,15,98,37,14,518,0,835,12179
oliveira/04_09/randm08.02.02.19.020_0030.02.aba.beta,True,12,8,2.645894765853882,0.12517166137695312,0.00203704833984375,2.7731034755706787,345,12,72,23,250,140,636,55,201,3006,0,1167,18064
oliveira/04_09/randm08.02.02.19.020_0030.03.aba.beta,True,14,8,0.6438412666320801,0.04967379570007324,0.0012297630310058594,0.6947448253631592,165,14,24,15,93,50,209,49,61,1271,0,835,11832
oliveira/04_09/randm08.02.02.19.020_0030.04.aba.beta,True,9,8,5.524611711502075,0.27033233642578125,0.0008866786956787109,5.795830726623535,313,9,81,42,228,282,378,67,355,2347,0,684,10176
oliveira/04_09/randm08.02.02.19.020_0030.05.aba.beta,True,14,8,1.0759336948394775,0.07226991653442383,0.0011887550354003906,1.1493923664093018,150,14,15,10,60,71,268,55,73,1379,0,915,13193
oliveira/04_09/randm09.02.02.01.020_0030.01.aba.beta,True,17,9,11.630170345306396,0.49785780906677246,0.002759695053100586,12.13078784942627,344,17,33,20,192,368,587,66,385,2993,0,2100,32509
oliveira/04_09/randm09.02.02.01.020_0030.02.aba.beta,True,9,7,0.207808256149292,0.026322603225708008,0.0011394023895263672,0.23527026176452637,63,9,4,9,5,23,156,34,19,521,0,877,13425
oliveira/04_09/randm09.02.02.01.020_0030.03.aba.beta,True,15,9,47.648144006729126,3.0694026947021484,0.0019044876098632812,50.71945118904114,348,15,33,110,83,1576,499,73,1595,2662,0,1440,21713
oliveira/04_09/randm09.02.02.01.020_0030.04.aba.beta,True,19,9,12.566277742385864,0.5436592102050781,0.0035011768341064453,13.113438129425049,421,19,45,30,235,353,816,78,380,3925,0,2589,39355
oliveira/04_09/randm09.02.02.01.020_0030.05.aba.beta,True,17,9,15.368293046951294,0.6307408809661865,0.0036344528198242188,16.002668380737305,471,17,30,30,284,414,826,76,428,4373,0,2228,34165
oliveira/04_09/randm09.02.02.02.020_0030.01.aba.beta,True,22,8,0.6855566501617432,0.06046009063720703,0.002181529998779297,0.7481982707977295,139,22,4,17,8,64,173,47,47,1131,0,1780,26097
oliveira/04_09/randm09.02.02.02.020_0030.02.aba.beta,True,23,7,0.3414783477783203,0.02638697624206543,0.002588510513305664,0.3704538345336914,117,23,7,9,7,29,256,52,14,1107,0,2032,30451
oliveira/04_09/randm09.02.02.02.020_0030.03.aba.beta,True,29,8,0.8115570545196533,0.047516584396362305,0.0034928321838378906,0.8625664710998535,234,29,14,8,78,49,448,69,35,2340,0,2771,41354
oliveira/04_09/randm09.02.02.02.020_0030.04.aba.beta,True,24,8,6.94383978843689,0.4038705825805664,0.0035114288330078125,7.351221799850464,321,24,14,56,98,335,414,71,326,2676,0,2275,34515
oliveira/04_09/randm09.02.02.02.020_0030.05.aba.beta,True,27,7,1.284121036529541,0.07592892646789551,0.002810239791870117,1.3628602027893066,167,27,3,8,4,73,350,56,50,1643,0,2286,33729
oliveira/04_09/randm09.02.02.03.020_0030.01.aba.beta,True,12,8,4.03743314743042,0.1830763816833496,0.0017235279083251953,4.222233057022095,340,12,70,39,230,183,595,65,242,2751,0,1305,19824
oliveira/04_09/randm09.02.02.03.020_0030.02.aba.beta,True,14,8,0.2751352787017822,0.025552034378051758,0.0010912418365478516,0.30177855491638184,101,14,5,20,5,31,402,42,23,1039,0,889,13245
oliveira/04_09/randm09.02.02.03.020_0030.03.aba.beta,True,18,8,1.9468095302581787,1.151291847229004,0.0014147758483886719,3.0995161533355713,174,18,4,19,8,100,447,56,87,2067,0,1088,15916
oliveira/04_09/randm09.02.02.03.020_0030.04.aba.beta,True,14,8,0.12902259826660156,0.011242866516113281,0.0014293193817138672,0.1416947841644287,86,14,6,9,9,15,288,35,8,1001,0,1144,16884
oliveira/04_09/randm09.02.02.03.020_0030.05.aba.beta,True,16,8,0.5304763317108154,0.052635908126831055,0.0014295578002929688,0.5845417976379395,199,16,18,15,84,46,458,51,49,1896,0,1149,16704
oliveira/04_09/randm09.02.02.04.020_0030.01.aba.beta,True,18,7,0.4574446678161621,0.03380274772644043,0.001352071762084961,0.4925994873046875,101,18,4,10,0,35,353,42,22,1017,0,1085,15628
oliveira/04_09/randm09.02.02.04.020_0030.02.aba.beta,True,11,7,0.11345243453979492,0.012477397918701172,0.0009508132934570312,0.12688064575195312,102,11,11,15,39,19,239,38,20,802,0,772,11398
oliveira/04_09/randm09.02.02.04.020_0030.03.aba.beta,True,18,7,0.2147202491760254,0.027132511138916016,0.0012235641479492188,0.24307632446289062,73,18,4,9,0,33,109,43,20,604,0,990,14291
oliveira/04_09/randm09.02.02.04.020_0030.04.aba.beta,True,12,7,0.04419517517089844,0.007085561752319336,0.0010144710540771484,0.05229520797729492,41,12,6,6,0,12,53,28,7,309,0,839,12289
oliveira/04_09/randm09.02.02.04.020_0030.05.aba.beta,True,21,7,0.29586291313171387,0.03618979454040527,0.0017743110656738281,0.33382701873779297,98,21,4,16,0,43,273,49,27,953,0,1454,21139
oliveira/04_09/randm09.02.02.05.020_0030.01.aba.beta,True,21,8,0.32718849182128906,0.028158903121948242,0.0013496875762939453,0.35669708251953125,118,21,6,10,0,29,304,48,15,1271,0,1133,15899
oliveira/04_09/randm09.02.02.05.020_0030.02.aba.beta,True,11,8,0.953660249710083,0.06990504264831543,0.0007958412170410156,1.0243611335754395,211,11,16,36,137,85,204,48,91,1593,0,642,9129
oliveira/04_09/randm09.02.02.05.020_0030.03.aba.beta,True,23,8,3.1473984718322754,0.1462101936340332,0.0015225410461425781,3.295131206512451,316,23,19,22,147,143,553,59,140,2826,0,1192,16649
oliveira/04_09/randm09.02.02.05.020_0030.04.aba.beta,True,20,8,0.904308557510376,0.06230926513671875,0.0019032955169677734,0.9685211181640625,175,20,9,16,49,60,353,54,50,1753,0,1540,22695
oliveira/04_09/randm09.02.02.05.020_0030.05.aba.beta,True,9,8,0.9205262660980225,0.05843853950500488,0.0008447170257568359,0.9798095226287842,151,9,19,16,85,70,226,51,81,1097,0,653,9613
oliveira/04_09/randm09.02.02.06.020_0030.01.aba.beta,True,13,9,18.767254114151,0.678720235824585,0.0012323856353759766,19.447206735610962,510,13,214,42,296,533,788,86,735,4880,0,957,14061
oliveira/04_09/randm09.02.02.06.020_0030.02.aba.beta,True,16,9,13.477355718612671,0.7020368576049805,0.0012538433074951172,14.180646419525146,357,16,57,44,209,567,516,69,609,2979,0,892,12466
oliveira/04_09/randm09.02.02.06.020_0030.03.aba.beta,True,22,9,0.9812054634094238,0.06020855903625488,0.0013120174407958984,1.0427260398864746,156,22,6,16,4,57,376,56,42,1902,0,1087,15362
oliveira/04_09/randm09.02.02.06.020_0030.04.aba.beta,True,3,9,123.14866423606873,2.851670980453491,0.0008184909820556641,126.00115370750427,1066,3,308,133,826,2098,1327,98,2404,9595,0,558,8702
oliveira/04_09/randm09.02.02.06.020_0030.05.aba.beta,True,19,9,3.269017219543457,0.1689314842224121,0.0015926361083984375,3.4395413398742676,213,19,26,14,93,143,443,60,151,1791,0,1233,17881
oliveira/04_09/randm09.02.02.07.020_0030.01.aba.beta,True,1,1,0.0009286403656005859,0.0003268718719482422,0.0006785392761230469,0.001934051513671875,3,1,0,2,0,1,3,3,1,2,0,511,8445
oliveira/04_09/randm09.02.02.07.020_0030.02.aba.beta,True,1,1,0.0009140968322753906,0.00030875205993652344,0.0006706714630126953,0.0018935203552246094,3,1,0,2,0,1,3,3,1,2,0,530,8553
oliveira/04_09/randm09.02.02.07.020_0030.03.aba.beta,True,1,1,0.0009214878082275391,0.0003056526184082031,0.0006749629974365234,0.0019021034240722656,3,1,0,2,0,1,3,3,1,2,0,533,8573
oliveira/04_09/randm09.02.02.07.020_0030.04.aba.beta,True,1,1,0.0008907318115234375,0.00030803680419921875,0.0006825923919677734,0.0018813610076904297,3,1,0,2,0,1,3,3,1,2,0,527,8550
oliveira/04_09/randm09.02.02.07.020_0030.05.aba.beta,True,1,1,0.0009822845458984375,0.0003082752227783203,0.000705718994140625,0.001996278762817383,3,1,0,2,0,1,3,3,1,2,0,536,8586
oliveira/04_09/randm09.02.02.08.020_0030.01.aba.beta,True,10,6,0.0953066349029541,0.011524677276611328,0.0010132789611816406,0.10784459114074707,82,10,8,14,33,19,93,26,18,502,0,762,11458
oliveira/04_09/randm09.02.02.08.020_0030.02.aba.beta,True,8,6,0.04869437217712402,0.005233049392700195,0.0008711814880371094,0.05479860305786133,73,8,8,7,30,9,133,32,10,481,0,681,10192
oliveira/04_09/randm09.02.02.08.020_0030.03.aba.beta,True,4,6,0.04073190689086914,0.004769086837768555,0.0007302761077880859,0.04623126983642578,95,4,16,12,69,10,107,33,23,608,0,563,8714
oliveira/04_09/randm09.02.02.08.020_0030.04.aba.beta,True,7,6,0.02239847183227539,0.0037577152252197266,0.0026798248291015625,0.02883601188659668,33,7,5,6,8,7,34,24,6,128,0,2063,32716
oliveira/04_09/randm09.02.02.08.020_0030.05.aba.beta,True,7,6,0.023926734924316406,0.0038650035858154297,0.002533435821533203,0.03032517433166504,33,7,5,6,8,7,37,24,6,132,0,1942,30903
oliveira/04_09/randm09.02.02.09.020_0030.01.aba.beta,True,8,9,2.97430157661438,0.10311126708984375,0.0015492439270019531,3.0789620876312256,270,8,29,25,160,108,713,48,130,2324,0,1090,17219
oliveira/04_09/randm09.02.02.09.020_0030.02.aba.beta,True,15,9,7.382826328277588,0.39708399772644043,0.0011410713195800781,7.781051397323608,194,15,16,44,38,390,301,66,392,1718,0,842,11979
oliveira/04_09/randm09.02.02.09.020_0030.03.aba.beta,True,3,9,7.980782508850098,0.27672839164733887,0.0008203983306884766,8.258331298828125,475,3,117,31,426,348,520,64,463,3592,0,550,8638
oliveira/04_09/randm09.02.02.09.020_0030.04.aba.beta,True,20,9,2.701788902282715,0.13779592514038086,0.0022399425506591797,2.841824769973755,228,20,35,12,128,128,467,59,144,2114,0,1732,25638
oliveira/04_09/randm09.02.02.09.020_0030.05.aba.beta,True,11,9,7.25140380859375,0.2815055847167969,0.0013287067413330078,7.53423810005188,516,11,87,30,424,281,668,67,358,4268,0,999,14904
oliveira/04_09/randm09.02.02.10.020_0030.01.aba.beta,True,16,6,0.1581580638885498,0.014733314514160156,0.0012447834014892578,0.17413616180419922,101,16,4,12,2,21,247,33,10,1175,0,980,14146
oliveira/04_09/randm09.02.02.10.020_0030.02.aba.beta,True,12,6,0.09964799880981445,0.010198354721069336,0.0008924007415771484,0.11073875427246094,77,12,4,9,4,15,167,30,8,747,0,718,10468
oliveira/04_09/randm09.02.02.10.020_0030.03.aba.beta,True,9,6,0.07226777076721191,0.00908803939819336,0.000949859619140625,0.0823056697845459,53,9,4,10,2,13,98,27,9,340,0,776,11571
oliveira/04_09/randm09.02.02.10.020_0030.04.aba.beta,True,7,6,0.03781461715698242,0.005281925201416016,0.0007464885711669922,0.04384303092956543,40,7,4,8,2,9,61,22,7,254,0,598,8944
oliveira/04_09/randm09.02.02.10.020_0030.05.aba.beta,True,6,6,0.23896551132202148,0.024402618408203125,0.0007333755493164062,0.264101505279541,95,6,18,21,38,37,121,40,50,605,0,596,8919
oliveira/04_09/randm09.02.02.11.020_0030.01.aba.beta,True,13,8,1.3578948974609375,0.07917141914367676,0.0012202262878417969,1.438286542892456,190,13,20,16,66,73,500,57,81,1917,0,940,13743
oliveira/04_09/randm09.02.02.11.020_0030.02.aba.beta,True,13,8,2.589719772338867,0.12106490135192871,0.0010519027709960938,2.711836576461792,357,13,55,24,253,135,491,63,178,2977,0,783,11409
oliveira/04_09/randm09.02.02.11.020_0030.03.aba.beta,True,12,8,0.9156944751739502,0.04740476608276367,0.0010862350463867188,0.9641854763031006,300,12,36,23,218,56,443,66,81,2649,0,768,11193
oliveira/04_09/randm09.02.02.11.020_0030.04.aba.beta,True,8,8,1.0559697151184082,0.07464981079101562,0.0008656978607177734,1.1314852237701416,166,8,30,12,95,82,259,52,105,1263,0,639,9476
oliveira/04_09/randm09.02.02.11.020_0030.05.aba.beta,True,7,8,0.54593825340271,0.026952743530273438,0.0007977485656738281,0.5736887454986572,251,7,50,16,184,39,477,57,83,2144,0,649,9895
oliveira/04_09/randm09.02.02.12.020_0030.01.aba.beta,True,8,8,0.5085129737854004,0.048787832260131836,0.0008003711700439453,0.5581011772155762,99,8,17,22,50,60,111,43,70,569,0,598,8900
oliveira/04_09/randm09.02.02.12.020_0030.02.aba.beta,True,21,8,0.25948214530944824,0.020360231399536133,0.0013654232025146484,0.281207799911499,178,21,19,15,95,33,225,53,32,1268,0,1147,16313
oliveira/04_09/randm09.02.02.12.020_0030.03.aba.beta,True,18,8,1.3007605075836182,0.09463334083557129,0.0012195110321044922,1.396613359451294,174,18,12,26,63,104,351,51,99,1496,0,937,13136
oliveira/04_09/randm09.02.02.12.020_0030.04.aba.beta,True,22,8,0.83884596824646,0.07888269424438477,0.001455545425415039,0.9191842079162598,121,22,4,27,0,83,224,51,66,1093,0,1150,16189
oliveira/04_09/randm09.02.02.12.020_0030.05.aba.beta,True,11,8,0.6039631366729736,0.037637948989868164,0.0013272762298583984,0.6429283618927002,143,11,18,14,71,47,279,41,55,1250,0,968,14288
oliveira/04_09/randm09.02.02.13.020_0030.01.aba.beta,True,17,8,0.48467469215393066,0.044254302978515625,0.0019114017486572266,0.5308403968811035,120,17,9,14,41,52,191,48,45,977,0,1446,21758
oliveira/04_09/randm09.02.02.13.020_0030.02.aba.beta,True,13,8,3.4647767543792725,0.14059209823608398,0.0011188983917236328,3.60648775100708,403,13,76,19,284,142,600,71,206,3489,0,924,13489
oliveira/04_09/randm09.02.02.13.020_0030.03.aba.beta,True,24,8,8.921932697296143,0.9594333171844482,0.0019614696502685547,9.88332748413086,304,24,3,60,0,363,556,79,343,3335,0,1514,21848
oliveira/04_09/randm09.02.02.13.020_0030.04.aba.beta,True,14,8,5.387428045272827,0.20775055885314941,0.001169443130493164,5.59634804725647,608,14,92,37,479,199,744,79,278,5233,0,963,13981
oliveira/04_09/randm09.02.02.13.020_0030.05.aba.beta,True,25,8,5.235759019851685,0.39642834663391113,0.0023779869079589844,5.634565353393555,259,25,14,68,31,358,650,75,348,2394,0,1809,26328
oliveira/04_09/randm09.02.02.14.020_0030.01.aba.beta,True,9,6,0.06483983993530273,0.007102489471435547,0.0012464523315429688,0.07318878173828125,43,9,5,7,3,9,117,25,6,398,0,916,13841
oliveira/04_09/randm09.02.02.14.020_0030.02.aba.beta,True,10,6,0.10693788528442383,0.007664680480957031,0.0010447502136230469,0.1156473159790039,72,10,5,6,1,10,273,29,6,748,0,843,12393
oliveira/04_09/randm09.02.02.14.020_0030.03.aba.beta,True,6,6,0.08011221885681152,0.01087808609008789,0.0008232593536376953,0.09181356430053711,54,6,3,16,0,16,211,25,14,514,0,662,10106
oliveira/04_09/randm09.02.02.14.020_0030.04.aba.beta,True,9,6,0.06318092346191406,0.006136894226074219,0.0013127326965332031,0.07063055038452148,62,9,5,6,1,9,297,30,6,652,0,998,15264
oliveira/04_09/randm09.02.02.14.020_0030.05.aba.beta,True,7,6,0.3732569217681885,0.030652284622192383,0.0009608268737792969,0.40487003326416016,78,7,14,23,12,45,179,37,53,570,0,713,10771
oliveira/04_09/randm09.02.02.15.020_0030.01.aba.beta,True,10,8,0.37747716903686523,0.021368741989135742,0.0017843246459960938,0.40063023567199707,155,10,25,6,83,26,388,46,42,1355,0,1409,21686
oliveira/04_09/randm09.02.02.15.020_0030.02.aba.beta,True,6,8,0.6077053546905518,0.03814554214477539,0.0008518695831298828,0.646702766418457,206,6,50,16,159,47,245,54,92,1484,0,627,9421
oliveira/04_09/randm09.02.02.15.020_0030.03.aba.beta,True,9,8,0.5133512020111084,0.03678107261657715,0.0008406639099121094,0.5509729385375977,163,9,37,16,108,52,246,46,81,1116,0,627,9452
oliveira/04_09/randm09.02.02.15.020_0030.04.aba.beta,True,6,8,0.3882596492767334,0.02312302589416504,0.0008616447448730469,0.4122443199157715,191,6,34,16,146,34,274,49,63,1307,0,630,9694
oliveira/04_09/randm09.02.02.15.020_0030.05.aba.beta,True,6,8,0.7290163040161133,0.057501792907714844,0.0009002685546875,0.7874183654785156,133,6,27,22,86,77,157,38,99,774,0,617,9763
oliveira/04_09/randm09.02.02.16.020_0030.01.aba.beta,True,4,6,0.0678400993347168,0.006537199020385742,0.0009522438049316406,0.07532954216003418,96,4,13,14,60,11,157,32,21,579,0,642,10092
oliveira/04_09/randm09.02.02.16.020_0030.02.aba.beta,True,9,6,0.3849658966064453,0.028210163116455078,0.001148223876953125,0.4143242835998535,118,9,13,17,47,37,230,43,42,885,0,903,13480
oliveira/04_09/randm09.02.02.16.020_0030.03.aba.beta,True,10,6,0.26871681213378906,0.018006324768066406,0.001542806625366211,0.2882659435272217,99,10,9,10,21,23,311,39,23,899,0,1073,16554
oliveira/04_09/randm09.02.02.16.020_0030.04.aba.beta,True,3,6,0.12495708465576172,0.0108795166015625,0.0007827281951904297,0.13661932945251465,102,3,17,12,61,19,143,35,34,596,0,558,8739
oliveira/04_09/randm09.02.02.16.020_0030.05.aba.beta,True,5,6,0.01985454559326172,0.003139019012451172,0.0009253025054931641,0.023918867111206055,25,5,5,7,1,5,48,20,6,163,0,619,9494
oliveira/04_09/randm09.02.02.17.020_0030.01.aba.beta,True,12,9,19.996821641921997,0.6280367374420166,0.0015540122985839844,20.626412391662598,679,12,128,36,530,543,1088,81,660,6291,0,1122,17316
oliveira/04_09/randm09.02.02.17.020_0030.02.aba.beta,True,31,9,1.3631784915924072,0.09201884269714355,0.0028154850006103516,1.4580128192901611,185,31,6,11,2,63,608,67,39,2386,0,2217,32771
oliveira/04_09/randm09.02.02.17.020_0030.03.aba.beta,True,18,9,0.4377901554107666,0.02747511863708496,0.0013997554779052734,0.46666502952575684,322,18,30,11,231,31,450,67,44,2782,0,1108,16192
oliveira/04_09/randm09.02.02.17.020_0030.04.aba.beta,True,13,9,40.98792862892151,2.4005253314971924,0.0011532306671142578,43.389607191085815,420,13,39,184,134,1481,554,77,1508,3314,0,869,12705
oliveira/04_09/randm09.02.02.17.020_0030.05.aba.beta,True,19,9,2.5679259300231934,0.18190360069274902,0.0027534961700439453,2.7525830268859863,194,19,18,22,72,178,390,65,178,1732,0,2210,33674
oliveira/04_09/randm09.02.02.18.020_0030.01.aba.beta,True,15,7,0.5412278175354004,0.04584002494812012,0.0011544227600097656,0.5882222652435303,120,15,4,14,2,40,372,41,30,1380,0,954,13818
oliveira/04_09/randm09.02.02.18.020_0030.02.aba.beta,True,18,7,1.3964977264404297,0.13392400741577148,0.0012290477752685547,1.5316507816314697,149,18,7,34,8,118,305,48,108,1426,0,987,14387
oliveira/04_09/randm09.02.02.18.020_0030.03.aba.beta,True,16,7,1.7303521633148193,0.09742379188537598,0.0016601085662841797,1.8294360637664795,176,16,22,25,41,99,412,58,106,1901,0,1312,19532
oliveira/04_09/randm09.02.02.18.020_0030.04.aba.beta,True,18,7,0.8462884426116943,0.04490208625793457,0.0017352104187011719,0.8929257392883301,191,18,11,8,43,41,595,45,35,2344,0,1379,20205
oliveira/04_09/randm09.02.02.18.020_0030.05.aba.beta,True,17,7,0.321209192276001,0.026012659072875977,0.001646280288696289,0.34886813163757324,143,17,5,12,2,23,553,41,12,2046,0,1303,19464
oliveira/04_09/randm09.02.02.19.020_0030.01.aba.beta,True,15,8,6.963930130004883,0.6559529304504395,0.00170135498046875,7.621584415435791,267,15,16,77,79,413,512,63,415,2350,0,1312,19645
oliveira/04_09/randm09.02.02.19.020_0030.02.aba.beta,True,11,8,21.713868618011475,1.7638962268829346,0.002069234848022461,23.47983407974243,288,11,7,175,28,944,431,85,941,2074,0,1558,24040
oliveira/04_09/randm09.02.02.19.020_0030.03.aba.beta,True,14,8,2.808807134628296,0.177260160446167,0.0013434886932373047,2.9874107837677,250,14,16,38,94,160,499,61,163,2392,0,1071,15647
oliveira/04_09/randm09.02.02.19.020_0030.04.aba.beta,True,15,8,10.610770463943481,0.6186935901641846,0.0016720294952392578,11.231136083602905,293,15,25,79,87,522,598,78,533,2604,0,1315,19620
oliveira/04_09/randm09.02.02.19.020_0030.05.aba.beta,True,20,8,9.082255601882935,0.44235730171203613,0.0020058155059814453,9.526618719100952,309,20,18,48,105,356,667,66,355,2780,0,1594,23492
oliveira/04_10/randm04.02.02.01.020_0030.01.aba.beta,True,3,3,0.00474858283996582,0.0011682510375976562,0.0006809234619140625,0.006597757339477539,12,3,2,5,1,3,12,10,3,32,0,543,8608
oliveira/04_10/randm04.02.02.01.020_0030.02.aba.beta,True,5,4,0.009536027908325195,0.0020177364349365234,0.0014786720275878906,0.01303243637084961,16,5,3,5,1,5,13,12,4,40,0,1137,18044
oliveira/04_10/randm04.02.02.01.020_0030.03.aba.beta,True,6,4,0.013263225555419922,0.002531766891479492,0.0016608238220214844,0.0174558162689209,19,6,3,5,2,6,15,14,4,53,0,1285,20584
oliveira/04_10/randm04.02.02.01.020_0030.04.aba.beta,True,6,4,0.013673067092895508,0.002604961395263672,0.001865386962890625,0.018143415451049805,19,6,3,5,2,6,17,13,4,57,0,1246,19786
oliveira/04_10/randm04.02.02.01.020_0030.05.aba.beta,True,5,4,0.010048151016235352,0.0020904541015625,0.001661539077758789,0.01380014419555664,16,5,3,5,1,5,16,12,4,46,0,1286,20264
oliveira/04_10/randm04.02.02.02.020_0030.01.aba.beta,True,1,1,0.0009212493896484375,0.00030517578125,0.0006673336029052734,0.001893758773803711,3,1,0,2,0,1,3,3,1,2,0,543,8623
oliveira/04_10/randm04.02.02.02.020_0030.02.aba.beta,True,1,1,0.0008790493011474609,0.00029850006103515625,0.00070953369140625,0.0018870830535888672,3,1,0,2,0,1,3,3,1,2,0,537,8598
oliveira/04_10/randm04.02.02.02.020_0030.03.aba.beta,True,1,1,0.0008919239044189453,0.00029730796813964844,0.0006814002990722656,0.0018706321716308594,3,1,0,2,0,1,3,3,1,2,0,527,8532
oliveira/04_10/randm04.02.02.02.020_0030.04.aba.beta,True,1,1,0.0008780956268310547,0.00029921531677246094,0.0006999969482421875,0.0018773078918457031,3,1,0,2,0,1,3,3,1,2,0,536,8589
oliveira/04_10/randm04.02.02.02.020_0030.05.aba.beta,True,1,1,0.0008683204650878906,0.0002970695495605469,0.0007116794586181641,0.0018770694732666016,3,1,0,2,0,1,3,3,1,2,0,536,8583
oliveira/04_10/randm04.02.02.03.020_0030.01.aba.beta,True,2,3,0.003114461898803711,0.0007269382476806641,0.0007061958312988281,0.004547595977783203,11,2,2,5,2,2,13,10,3,27,0,536,8563
oliveira/04_10/randm04.02.02.03.020_0030.02.aba.beta,True,2,3,0.003454446792602539,0.0007612705230712891,0.0006704330444335938,0.004886150360107422,11,2,2,5,2,2,21,9,3,43,0,545,8658
oliveira/04_10/randm04.02.02.03.020_0030.03.aba.beta,True,2,3,0.0030181407928466797,0.0007131099700927734,0.0007071495056152344,0.0044384002685546875,10,2,2,5,2,2,9,9,3,19,0,540,8598
oliveira/04_10/randm04.02.02.03.020_0030.04.aba.beta,True,2,3,0.003103017807006836,0.0009481906890869141,0.0008280277252197266,0.0048792362213134766,10,2,2,5,2,2,9,9,3,19,0,543,8612
oliveira/04_10/randm04.02.02.03.020_0030.05.aba.beta,True,3,3,0.006206989288330078,0.0014872550964355469,0.0008802413940429688,0.008574485778808594,14,3,2,5,2,3,18,11,3,51,0,547,8614
oliveira/04_10/randm04.02.02.04.020_0030.01.aba.beta,True,1,1,0.0008912086486816406,0.0002982616424560547,0.0006630420684814453,0.0018525123596191406,3,1,0,2,0,1,3,3,1,2,0,529,8558
oliveira/04_10/randm04.02.02.04.020_0030.02.aba.beta,True,1,1,0.0008974075317382812,0.0003154277801513672,0.0006992816925048828,0.0019121170043945312,3,1,0,2,0,1,3,3,1,2,0,531,8570
oliveira/04_10/randm04.02.02.04.020_0030.03.aba.beta,True,1,1,0.0008788108825683594,0.00029969215393066406,0.0007102489471435547,0.0018887519836425781,3,1,0,2,0,1,3,3,1,2,0,532,8571
oliveira/04_10/randm04.02.02.04.020_0030.04.aba.beta,True,1,1,0.0010666847229003906,0.00042128562927246094,0.0006873607635498047,0.0021753311157226562,3,1,0,2,0,1,3,3,1,2,0,535,8587
oliveira/04_10/randm04.02.02.04.020_0030.05.aba.beta,True,1,1,0.0008842945098876953,0.00030040740966796875,0.0006642341613769531,0.0018489360809326172,3,1,0,2,0,1,3,3,1,2,0,539,8598
oliveira/04_10/randm04.02.02.05.020_0030.01.aba.beta,True,1,2,0.0013279914855957031,0.0003533363342285156,0.0007543563842773438,0.0024356842041015625,5,1,1,4,0,1,5,5,2,6,0,533,8580
oliveira/04_10/randm04.02.02.05.020_0030.02.aba.beta,True,1,2,0.0013031959533691406,0.00034546852111816406,0.0006649494171142578,0.0023136138916015625,5,1,1,4,0,1,5,5,2,6,0,529,8561
oliveira/04_10/randm04.02.02.05.020_0030.03.aba.beta,True,1,2,0.0013031959533691406,0.0003445148468017578,0.0006620883941650391,0.0023097991943359375,5,1,1,4,0,1,5,5,2,6,0,538,8604
oliveira/04_10/randm04.02.02.05.020_0030.04.aba.beta,True,1,2,0.0013027191162109375,0.00033926963806152344,0.0006740093231201172,0.002315998077392578,5,1,1,4,0,1,5,5,2,6,0,531,8548
oliveira/04_10/randm04.02.02.05.020_0030.05.aba.beta,True,1,2,0.0012979507446289062,0.00033545494079589844,0.0006632804870605469,0.0022966861724853516,5,1,1,4,0,1,5,5,2,6,0,528,8549
oliveira/04_10/randm04.02.02.06.020_0030.01.aba.beta,True,3,3,0.006687641143798828,0.001451253890991211,0.000782012939453125,0.008920907974243164,14,3,2,4,0,3,27,11,3,76,0,554,8748
oliveira/04_10/randm04.02.02.06.020_0030.02.aba.beta,True,3,3,0.006539583206176758,0.0012540817260742188,0.0007679462432861328,0.00856161117553711,12,3,2,4,0,3,21,10,3,67,0,568,8797
oliveira/04_10/randm04.02.02.06.020_0030.03.aba.beta,True,4,3,0.007809877395629883,0.0017135143280029297,0.0008115768432617188,0.010334968566894531,14,4,2,5,0,4,21,11,3,62,0,563,8743
oliveira/04_10/randm04.02.02.06.020_0030.04.aba.beta,True,5,3,0.012691736221313477,0.002202749252319336,0.0007317066192626953,0.015626192092895508,20,5,2,5,0,5,41,12,3,133,0,590,9046
oliveira/04_10/randm04.02.02.06.020_0030.05.aba.beta,True,3,3,0.005863666534423828,0.0012059211730957031,0.0007050037384033203,0.0077745914459228516,12,3,2,4,0,3,17,10,3,48,0,559,8698
oliveira/04_10/randm04.02.02.07.020_0030.01.aba.beta,True,1,2,0.0016913414001464844,0.00043082237243652344,0.0007376670837402344,0.002859830856323242,5,1,1,4,0,1,5,5,2,6,0,531,8557
oliveira/04_10/randm04.02.02.07.020_0030.02.aba.beta,True,1,2,0.0013027191162109375,0.0003399848937988281,0.0006899833679199219,0.0023326873779296875,5,1,1,4,0,1,5,5,2,6,0,531,8567
oliveira/04_10/randm04.02.02.07.020_0030.03.aba.beta,True,1,2,0.0013003349304199219,0.00033974647521972656,0.0006687641143798828,0.0023088455200195312,5,1,1,4,0,1,5,5,2,6,0,538,8600
oliveira/04_10/randm04.02.02.07.020_0030.04.aba.beta,True,1,2,0.0013055801391601562,0.00033736228942871094,0.0006821155548095703,0.0023250579833984375,5,1,1,4,0,1,5,5,2,6,0,538,8598
oliveira/04_10/randm04.02.02.07.020_0030.05.aba.beta,True,1,2,0.0012996196746826172,0.0003352165222167969,0.0006666183471679688,0.002301454544067383,5,1,1,4,0,1,5,5,2,6,0,541,8614
oliveira/04_10/randm04.02.02.08.020_0030.01.aba.beta,True,7,4,0.046770572662353516,0.0044062137603759766,0.0009229183197021484,0.05209970474243164,48,7,2,6,2,8,185,19,4,530,0,726,10901
oliveira/04_10/randm04.02.02.08.020_0030.02.aba.beta,True,6,4,0.04306149482727051,0.003555774688720703,0.0008499622344970703,0.04746723175048828,39,6,2,5,2,7,204,14,4,363,0,639,9888
oliveira/04_10/randm04.02.02.08.020_0030.03.aba.beta,True,6,4,0.014771223068237305,0.0027120113372802734,0.0008444786071777344,0.018327713012695312,22,6,3,6,2,6,26,15,4,99,0,677,10450
oliveira/04_10/randm04.02.02.08.020_0030.04.aba.beta,True,5,4,0.011161565780639648,0.002239704132080078,0.0006906986236572266,0.014091968536376953,17,5,3,6,2,5,13,13,4,53,0,561,8660
oliveira/04_10/randm04.02.02.08.020_0030.05.aba.beta,True,6,4,0.016871213912963867,0.0029439926147460938,0.0007975101470947266,0.020612716674804688,24,6,3,6,2,6,43,19,4,159,0,631,9493
oliveira/04_10/randm04.02.02.09.020_0030.01.aba.beta,True,2,3,0.003264188766479492,0.0007512569427490234,0.0006730556488037109,0.0046885013580322266,9,2,2,5,0,2,10,8,3,22,0,541,8608
oliveira/04_10/randm04.02.02.09.020_0030.02.aba.beta,True,2,3,0.0034439563751220703,0.0007641315460205078,0.0006690025329589844,0.0048770904541015625,9,2,2,5,0,2,14,8,3,30,0,534,8569
oliveira/04_10/randm04.02.02.09.020_0030.03.aba.beta,True,2,3,0.003521442413330078,0.0007922649383544922,0.0006842613220214844,0.004997968673706055,9,2,2,5,0,2,15,8,3,30,0,545,8636
oliveira/04_10/randm04.02.02.09.020_0030.04.aba.beta,True,2,3,0.0037827491760253906,0.0007944107055664062,0.000713348388671875,0.005290508270263672,9,2,2,5,0,2,21,8,3,42,0,553,8716
oliveira/04_10/randm04.02.02.09.020_0030.05.aba.beta,True,2,3,0.0035712718963623047,0.0007729530334472656,0.0006947517395019531,0.0050389766693115234,9,2,2,5,0,2,17,8,3,36,0,549,8669
oliveira/04_10/randm04.02.02.10.020_0030.01.aba.beta,True,2,4,0.00492095947265625,0.0008990764617919922,0.0007340908050537109,0.006554126739501953,13,2,3,5,2,2,32,12,4,66,0,556,8820
oliveira/04_10/randm04.02.02.10.020_0030.02.aba.beta,True,2,4,0.005212068557739258,0.0009596347808837891,0.0007877349853515625,0.006959438323974609,13,2,3,6,2,2,20,10,4,42,0,530,8565
oliveira/04_10/randm04.02.02.10.020_0030.03.aba.beta,True,2,4,0.0059163570404052734,0.0009243488311767578,0.0006985664367675781,0.007539272308349609,13,2,3,6,2,2,38,11,4,78,0,562,8955
oliveira/04_10/randm04.02.02.10.020_0030.04.aba.beta,True,2,4,0.004733085632324219,0.0009319782257080078,0.0007100105285644531,0.00637507438659668,13,2,3,5,2,2,30,11,4,62,0,555,8784
oliveira/04_10/randm04.02.02.10.020_0030.05.aba.beta,True,2,4,0.0048291683197021484,0.0008878707885742188,0.0007429122924804688,0.006459951400756836,13,2,3,5,2,2,31,11,4,64,0,560,8819
oliveira/04_10/randm04.02.02.11.020_0030.01.aba.beta,True,8,4,0.018900156021118164,0.003647327423095703,0.0020880699157714844,0.02463555335998535,24,8,3,6,0,8,24,16,4,82,0,1633,25528
oliveira/04_10/randm04.02.02.11.020_0030.02.aba.beta,True,8,4,0.01739358901977539,0.0034034252166748047,0.002040863037109375,0.02283787727355957,23,8,3,6,0,8,18,16,4,70,0,1592,25010
oliveira/04_10/randm04.02.02.11.020_0030.03.aba.beta,True,7,4,0.01636362075805664,0.0030760765075683594,0.001079559326171875,0.020519256591796875,20,7,3,6,0,7,15,14,4,68,0,846,13003
oliveira/04_10/randm04.02.02.11.020_0030.04.aba.beta,True,8,4,0.019797801971435547,0.0038399696350097656,0.0012271404266357422,0.024864912033081055,24,8,3,6,0,8,17,13,4,91,0,947,14701
oliveira/04_10/randm04.02.02.11.020_0030.05.aba.beta,True,8,4,0.01879405975341797,0.003648996353149414,0.0015783309936523438,0.024021387100219727,26,8,3,6,0,8,20,15,4,91,0,1183,19109
oliveira/04_10/randm04.02.02.12.020_0030.01.aba.beta,True,3,3,0.005951881408691406,0.001218557357788086,0.0007011890411376953,0.007871627807617188,12,3,2,5,0,3,18,10,3,55,0,557,8687
oliveira/04_10/randm04.02.02.12.020_0030.02.aba.beta,True,3,3,0.006411552429199219,0.0012249946594238281,0.0006887912750244141,0.008325338363647461,13,3,2,5,0,3,19,10,3,56,0,561,8708
oliveira/04_10/randm04.02.02.12.020_0030.03.aba.beta,True,3,3,0.0058972835540771484,0.0012371540069580078,0.0006875991821289062,0.007822036743164062,12,3,2,5,0,3,18,10,3,54,0,564,8717
oliveira/04_10/randm04.02.02.12.020_0030.04.aba.beta,True,3,3,0.005594491958618164,0.0013093948364257812,0.0007054805755615234,0.007609367370605469,11,3,2,5,0,3,10,9,3,28,0,545,8605
oliveira/04_10/randm04.02.02.12.020_0030.05.aba.beta,True,3,3,0.005832672119140625,0.0012242794036865234,0.0006706714630126953,0.007727622985839844,11,3,2,5,0,3,14,9,3,36,0,544,8613
oliveira/04_10/randm04.02.02.13.020_0030.01.aba.beta,True,1,1,0.0009584426879882812,0.0003199577331542969,0.00067901611328125,0.001957416534423828,3,1,0,2,0,1,3,3,1,2,0,528,8539
oliveira/04_10/randm04.02.02.13.020_0030.02.aba.beta,True,1,1,0.0009381771087646484,0.00036215782165527344,0.0006961822509765625,0.0019965171813964844,3,1,0,2,0,1,3,3,1,2,0,535,8584
oliveira/04_10/randm04.02.02.13.020_0030.03.aba.beta,True,1,1,0.0008940696716308594,0.00031447410583496094,0.0006613731384277344,0.0018699169158935547,3,1,0,2,0,1,3,3,1,2,0,534,8583
oliveira/04_10/randm04.02.02.13.020_0030.04.aba.beta,True,1,1,0.0009486675262451172,0.0003254413604736328,0.0006656646728515625,0.0019397735595703125,3,1,0,2,0,1,3,3,1,2,0,537,8593
oliveira/04_10/randm04.02.02.13.020_0030.05.aba.beta,True,1,1,0.0008895397186279297,0.0003046989440917969,0.0006899833679199219,0.0018842220306396484,3,1,0,2,0,1,3,3,1,2,0,543,8623
oliveira/04_10/randm04.02.02.14.020_0030.01.aba.beta,True,4,4,0.008594751358032227,0.001668691635131836,0.0007076263427734375,0.0109710693359375,14,4,3,6,0,4,27,11,4,64,0,568,8823
oliveira/04_10/randm04.02.02.14.020_0030.02.aba.beta,True,5,4,0.010435819625854492,0.0021262168884277344,0.0006983280181884766,0.013260364532470703,16,5,3,6,0,5,12,11,4,42,0,553,8624
oliveira/04_10/randm04.02.02.14.020_0030.03.aba.beta,True,3,4,0.009255409240722656,0.0017023086547851562,0.0007555484771728516,0.011713266372680664,14,3,2,5,0,4,22,11,4,75,0,562,8757
oliveira/04_10/randm04.02.02.14.020_0030.04.aba.beta,True,4,4,0.0096282958984375,0.0020346641540527344,0.0009167194366455078,0.012579679489135742,16,4,3,5,0,4,27,12,4,90,0,595,9229
oliveira/04_10/randm04.02.02.14.020_0030.05.aba.beta,True,4,4,0.007928609848022461,0.0016336441040039062,0.0006823539733886719,0.010244607925415039,14,4,3,6,0,4,13,11,4,36,0,546,8595
oliveira/04_10/randm04.02.02.15.020_0030.01.aba.beta,True,1,2,0.0012974739074707031,0.00034999847412109375,0.0006899833679199219,0.0023374557495117188,5,1,1,4,0,1,5,4,2,6,0,533,8586
oliveira/04_10/randm04.02.02.15.020_0030.02.aba.beta,True,1,2,0.0016875267028808594,0.00045752525329589844,0.0006768703460693359,0.0028219223022460938,5,1,1,4,0,1,5,5,2,6,0,532,8581
oliveira/04_10/randm04.02.02.15.020_0030.03.aba.beta,True,1,2,0.0013227462768554688,0.0003495216369628906,0.00067138671875,0.0023436546325683594,5,1,1,4,0,1,5,5,2,6,0,541,8605
oliveira/04_10/randm04.02.02.15.020_0030.04.aba.beta,True,1,2,0.0013005733489990234,0.0003337860107421875,0.0006778240203857422,0.002312183380126953,5,1,1,4,0,1,5,5,2,6,0,542,8616
oliveira/04_10/randm04.02.02.15.020_0030.05.aba.beta,True,1,2,0.0013229846954345703,0.0003349781036376953,0.0006699562072753906,0.0023279190063476562,5,1,1,4,0,1,5,5,2,6,0,534,8580
oliveira/04_10/randm04.02.02.16.020_0030.01.aba.beta,True,2,3,0.0034186840057373047,0.0009002685546875,0.0007510185241699219,0.0050699710845947266,11,2,2,4,2,2,11,10,3,25,0,536,8574
oliveira/04_10/randm04.02.02.16.020_0030.02.aba.beta,True,2,3,0.003355741500854492,0.000774383544921875,0.0006861686706542969,0.004816293716430664,11,2,2,5,2,2,14,9,3,31,0,540,8589
oliveira/04_10/randm04.02.02.16.020_0030.03.aba.beta,True,2,3,0.003247499465942383,0.0007543563842773438,0.0006954669952392578,0.004697322845458984,11,2,2,5,2,2,15,10,3,33,0,546,8632
oliveira/04_10/randm04.02.02.16.020_0030.04.aba.beta,True,2,3,0.0034880638122558594,0.0008714199066162109,0.0008196830749511719,0.005179166793823242,11,2,2,5,2,2,14,10,3,31,0,549,8641
oliveira/04_10/randm04.02.02.16.020_0030.05.aba.beta,True,4,3,0.013051986694335938,0.0017278194427490234,0.0007383823394775391,0.0155181884765625,22,4,2,4,2,4,76,12,3,179,0,584,9060
oliveira/04_10/randm04.02.02.17.020_0030.01.aba.beta,True,2,3,0.003880739212036133,0.0008764266967773438,0.0006916522979736328,0.005448818206787109,9,2,2,5,0,2,15,8,3,30,0,549,8649
oliveira/04_10/randm04.02.02.17.020_0030.02.aba.beta,True,2,3,0.003672361373901367,0.0007922649383544922,0.0007317066192626953,0.005196332931518555,9,2,2,5,0,2,21,8,3,42,0,553,8710
oliveira/04_10/randm04.02.02.17.020_0030.03.aba.beta,True,2,3,0.003386974334716797,0.0007526874542236328,0.0007066726684570312,0.004846334457397461,9,2,2,5,0,2,13,8,3,28,0,535,8562
oliveira/04_10/randm04.02.02.17.020_0030.04.aba.beta,True,2,3,0.0037775039672851562,0.0008492469787597656,0.0006880760192871094,0.005314826965332031,9,2,2,5,0,2,15,8,3,32,0,535,8572
oliveira/04_10/randm04.02.02.17.020_0030.05.aba.beta,True,2,3,0.003458738327026367,0.0007658004760742188,0.0008184909820556641,0.00504302978515625,9,2,2,5,0,2,16,8,3,32,0,540,8576
oliveira/04_10/randm04.02.02.18.020_0030.01.aba.beta,True,6,4,0.01572585105895996,0.0029861927032470703,0.0009708404541015625,0.019682884216308594,22,6,3,6,0,6,26,17,4,111,0,616,9276
oliveira/04_10/randm04.02.02.18.020_0030.02.aba.beta,True,3,4,0.008794307708740234,0.0016667842864990234,0.0007026195526123047,0.011163711547851562,15,3,2,6,0,4,23,12,4,66,0,561,8719
oliveira/04_10/randm04.02.02.18.020_0030.03.aba.beta,True,5,4,0.0292510986328125,0.004014492034912109,0.0007989406585693359,0.034064531326293945,29,5,2,6,0,8,54,18,6,156,0,632,9660
oliveira/04_10/randm04.02.02.18.020_0030.04.aba.beta,True,6,4,0.0315556526184082,0.0037832260131835938,0.0010094642639160156,0.03634834289550781,32,6,2,7,0,8,102,16,5,250,0,737,11269
oliveira/04_10/randm04.02.02.18.020_0030.05.aba.beta,True,6,4,0.017714738845825195,0.002896547317504883,0.0008480548858642578,0.021459341049194336,26,6,3,6,0,6,50,16,4,200,0,611,9348
oliveira/04_10/randm04.02.02.19.020_0030.01.aba.beta,True,3,3,0.0081329345703125,0.0012624263763427734,0.0006978511810302734,0.010093212127685547,21,3,2,5,0,3,65,11,3,135,0,556,8704
oliveira/04_10/randm04.02.02.19.020_0030.02.aba.beta,True,4,3,0.009510040283203125,0.0017859935760498047,0.0007297992706298828,0.012025833129882812,16,4,2,5,0,4,27,13,3,111,0,586,8943
oliveira/04_10/randm04.02.02.19.020_0030.03.aba.beta,True,4,3,0.010897397994995117,0.0017313957214355469,0.0007107257843017578,0.013339519500732422,24,4,2,5,0,4,62,12,3,147,0,562,8741
oliveira/04_10/randm04.02.02.19.020_0030.04.aba.beta,True,3,3,0.0058209896087646484,0.0012516975402832031,0.0006761550903320312,0.007748842239379883,12,3,2,5,0,3,13,10,3,42,0,546,8617
oliveira/04_10/randm04.02.02.19.020_0030.05.aba.beta,True,4,3,0.020301103591918945,0.0026056766510009766,0.0006902217864990234,0.023597002029418945,26,4,1,5,0,6,92,13,4,195,0,573,8836
oliveira/04_10/randm05.02.02.01.020_0030.01.aba.beta,True,3,3,0.005451202392578125,0.0011854171752929688,0.0006880760192871094,0.007324695587158203,14,3,2,4,2,3,16,12,3,44,0,544,8594
oliveira/04_10/randm05.02.02.01.020_0030.02.aba.beta,True,3,3,0.0059773921966552734,0.0012726783752441406,0.0007266998291015625,0.007976770401000977,14,3,2,4,2,3,14,12,3,41,0,549,8628
oliveira/04_10/randm05.02.02.01.020_0030.03.aba.beta,True,4,3,0.0072896480560302734,0.001600027084350586,0.000720977783203125,0.009610652923583984,15,4,2,5,2,4,16,11,3,48,0,562,8687
oliveira/04_10/randm05.02.02.01.020_0030.04.aba.beta,True,3,3,0.005422830581665039,0.001157999038696289,0.0007832050323486328,0.007364034652709961,14,3,2,5,2,3,18,10,3,44,0,545,8606
oliveira/04_10/randm05.02.02.01.020_0030.05.aba.beta,True,3,3,0.005116939544677734,0.0011436939239501953,0.0006947517395019531,0.006955385208129883,13,3,2,5,2,3,14,10,3,36,0,532,8530
oliveira/04_10/randm05.02.02.02.020_0030.01.aba.beta,True,2,3,0.002939462661743164,0.0007228851318359375,0.000705718994140625,0.0043680667877197266,10,2,2,5,2,2,9,8,3,19,0,524,8509
oliveira/04_10/randm05.02.02.02.020_0030.02.aba.beta,True,2,3,0.004139900207519531,0.0008780956268310547,0.0007519721984863281,0.005769968032836914,11,2,2,5,2,2,17,9,3,35,0,544,8631
oliveira/04_10/randm05.02.02.02.020_0030.03.aba.beta,True,2,3,0.0036399364471435547,0.0007853507995605469,0.0006678104400634766,0.005093097686767578,11,2,2,5,2,2,24,10,3,49,0,544,8682
oliveira/04_10/randm05.02.02.02.020_0030.04.aba.beta,True,2,3,0.002913236618041992,0.000732421875,0.0006847381591796875,0.00433039665222168,10,2,2,5,2,2,9,9,3,19,0,537,8583
oliveira/04_10/randm05.02.02.02.020_0030.05.aba.beta,True,2,3,0.0033957958221435547,0.0008313655853271484,0.0008931159973144531,0.005120277404785156,10,2,2,5,2,2,9,9,3,19,0,535,8572
oliveira/04_10/randm05.02.02.03.020_0030.01.aba.beta,True,1,1,0.0008842945098876953,0.00029754638671875,0.00066375732421875,0.0018455982208251953,3,1,0,2,0,1,3,3,1,2,0,543,8619
oliveira/04_10/randm05.02.02.03.020_0030.02.aba.beta,True,1,1,0.0008876323699951172,0.00029659271240234375,0.0006618499755859375,0.0018460750579833984,3,1,0,2,0,1,3,3,1,2,0,538,8597
oliveira/04_10/randm05.02.02.03.020_0030.03.aba.beta,True,1,1,0.0008833408355712891,0.00030112266540527344,0.0006611347198486328,0.0018455982208251953,3,1,0,2,0,1,3,3,1,2,0,537,8598
oliveira/04_10/randm05.02.02.03.020_0030.04.aba.beta,True,1,1,0.0009603500366210938,0.000324249267578125,0.0008153915405273438,0.0020999908447265625,3,1,0,2,0,1,3,3,1,2,0,534,8583
oliveira/04_10/randm05.02.02.03.020_0030.05.aba.beta,True,1,1,0.0008819103240966797,0.0003027915954589844,0.0006680488586425781,0.0018527507781982422,3,1,0,2,0,1,3,3,1,2,0,521,8531
oliveira/04_10/randm05.02.02.04.020_0030.01.aba.beta,True,3,5,0.026776552200317383,0.003644227981567383,0.0007631778717041016,0.031183958053588867,29,3,4,8,1,8,79,15,10,171,0,592,9217
oliveira/04_10/randm05.02.02.04.020_0030.02.aba.beta,True,2,5,0.028649568557739258,0.0032160282135009766,0.00070953369140625,0.032575130462646484,44,2,8,11,22,7,75,19,14,237,0,543,8616
oliveira/04_10/randm05.02.02.04.020_0030.03.aba.beta,True,6,5,0.02050495147705078,0.0034224987030029297,0.0007536411285400391,0.02468109130859375,28,6,4,6,0,6,39,20,5,201,0,622,9192
oliveira/04_10/randm05.02.02.04.020_0030.04.aba.beta,True,8,5,0.04329800605773926,0.005848407745361328,0.00089263916015625,0.050039052963256836,37,8,3,7,0,10,71,24,6,229,0,666,10000
oliveira/04_10/randm05.02.02.04.020_0030.05.aba.beta,True,8,5,0.04047393798828125,0.005484819412231445,0.0008234977722167969,0.04678225517272949,34,8,3,6,0,10,68,21,6,223,0,642,9668
oliveira/04_10/randm05.02.02.05.020_0030.01.aba.beta,True,3,4,0.029580116271972656,0.00490117073059082,0.0006914138793945312,0.03517270088195801,27,3,4,11,1,11,30,19,13,107,0,551,8627
oliveira/04_10/randm05.02.02.05.020_0030.02.aba.beta,True,4,4,0.008318185806274414,0.0016775131225585938,0.0006928443908691406,0.010688543319702148,15,4,3,6,0,4,15,12,4,58,0,554,8640
oliveira/04_10/randm05.02.02.05.020_0030.03.aba.beta,True,4,4,0.012529373168945312,0.0017971992492675781,0.0007495880126953125,0.015076160430908203,21,4,3,6,0,4,84,11,4,154,0,565,8803
oliveira/04_10/randm05.02.02.05.020_0030.04.aba.beta,True,7,4,0.04217028617858887,0.003665924072265625,0.0008265972137451172,0.04666280746459961,44,7,3,6,0,7,167,14,4,510,0,624,9463
oliveira/04_10/randm05.02.02.05.020_0030.05.aba.beta,True,4,4,0.010144472122192383,0.001768350601196289,0.0007724761962890625,0.012685298919677734,16,4,3,6,0,4,37,13,4,101,0,603,9330
oliveira/04_10/randm05.02.02.06.020_0030.01.aba.beta,True,9,5,0.06107473373413086,0.007511138916015625,0.0011279582977294922,0.06971383094787598,73,9,5,6,17,12,160,26,9,537,0,844,12676
oliveira/04_10/randm05.02.02.06.020_0030.02.aba.beta,True,5,5,0.04790830612182617,0.006165266036987305,0.0007336139678955078,0.054807186126708984,44,5,5,7,7,11,73,27,12,250,0,582,8831
oliveira/04_10/randm05.02.02.06.020_0030.03.aba.beta,True,6,5,0.08610391616821289,0.007410764694213867,0.0010037422180175781,0.09451842308044434,103,6,9,9,46,13,165,30,17,726,0,601,9052
oliveira/04_10/randm05.02.02.06.020_0030.04.aba.beta,True,10,5,0.21456050872802734,0.015954017639160156,0.0010521411895751953,0.2315666675567627,99,10,2,9,0,23,352,30,16,1002,0,859,12719
oliveira/04_10/randm05.02.02.06.020_0030.05.aba.beta,True,8,5,0.0679781436920166,0.008328676223754883,0.0007576942443847656,0.07706451416015625,67,8,5,7,19,14,84,28,12,483,0,631,9238
oliveira/04_10/randm05.02.02.07.020_0030.01.aba.beta,True,8,5,0.07926416397094727,0.006319522857666016,0.0010945796966552734,0.08667826652526855,55,8,3,6,2,9,351,23,5,673,0,868,13112
oliveira/04_10/randm05.02.02.07.020_0030.02.aba.beta,True,7,5,0.09440493583679199,0.009490966796875,0.0009753704071044922,0.10487127304077148,70,7,10,10,12,16,214,31,20,558,0,768,11686
oliveira/04_10/randm05.02.02.07.020_0030.03.aba.beta,True,8,5,0.10314464569091797,0.012802600860595703,0.0009508132934570312,0.1168980598449707,56,8,6,10,9,20,99,31,19,378,0,762,11499
oliveira/04_10/randm05.02.02.07.020_0030.04.aba.beta,True,10,5,0.27371954917907715,0.015410900115966797,0.0013034343719482422,0.2904338836669922,85,10,2,7,2,21,477,34,14,982,0,1021,15507
oliveira/04_10/randm05.02.02.07.020_0030.05.aba.beta,True,9,5,0.09892487525939941,0.007136344909667969,0.0012257099151611328,0.10728693008422852,54,9,3,6,2,10,343,23,5,659,0,974,14767
oliveira/04_10/randm05.02.02.08.020_0030.01.aba.beta,True,4,3,0.009553670883178711,0.0017666816711425781,0.0009946823120117188,0.012315034866333008,18,4,2,4,0,4,32,12,3,75,0,789,12484
oliveira/04_10/randm05.02.02.08.020_0030.02.aba.beta,True,5,3,0.010747671127319336,0.002115011215209961,0.0012524127960205078,0.014115095138549805,18,5,2,4,0,5,23,14,3,81,0,971,15168
oliveira/04_10/randm05.02.02.08.020_0030.03.aba.beta,True,7,3,0.016872167587280273,0.003269672393798828,0.0007658004760742188,0.02090764045715332,25,7,2,5,0,7,24,15,3,121,0,585,8819
oliveira/04_10/randm05.02.02.08.020_0030.04.aba.beta,True,4,3,0.0077860355377197266,0.0017521381378173828,0.00067138671875,0.01020956039428711,13,4,2,5,0,4,14,10,3,43,0,554,8652
oliveira/04_10/randm05.02.02.08.020_0030.05.aba.beta,True,4,3,0.007868528366088867,0.0016770362854003906,0.0010912418365478516,0.01063680648803711,15,4,2,4,0,4,16,12,3,48,0,851,13362
oliveira/04_10/randm05.02.02.09.020_0030.01.aba.beta,True,4,4,0.019257783889770508,0.001905679702758789,0.0008237361907958984,0.021987199783325195,28,4,3,6,0,4,212,13,4,344,0,649,10132
oliveira/04_10/randm05.02.02.09.020_0030.02.aba.beta,True,4,4,0.022134780883789062,0.0019867420196533203,0.0009417533874511719,0.025063276290893555,30,4,3,6,2,4,148,13,4,279,0,614,9419
oliveira/04_10/randm05.02.02.09.020_0030.03.aba.beta,True,3,4,0.0067136287689208984,0.0013148784637451172,0.0008702278137207031,0.008898735046386719,15,3,3,6,2,3,16,12,4,50,0,554,8652
oliveira/04_10/randm05.02.02.09.020_0030.04.aba.beta,True,3,4,0.006765127182006836,0.0014007091522216797,0.0007145404815673828,0.008880376815795898,15,3,3,5,2,3,16,12,4,50,0,550,8635
oliveira/04_10/randm05.02.02.09.020_0030.05.aba.beta,True,5,4,0.014683008193969727,0.002662181854248047,0.0009186267852783203,0.018263816833496094,24,5,3,6,4,5,40,12,4,143,0,579,8916
oliveira/04_10/randm05.02.02.10.020_0030.01.aba.beta,True,6,5,0.04187655448913574,0.0037505626678466797,0.0008084774017333984,0.04643559455871582,44,6,4,5,1,6,208,18,5,474,0,609,9395
oliveira/04_10/randm05.02.02.10.020_0030.02.aba.beta,True,6,5,0.050811052322387695,0.005342721939086914,0.0008184909820556641,0.05697226524353027,44,6,3,7,0,9,175,20,7,420,0,618,9290
oliveira/04_10/randm05.02.02.10.020_0030.03.aba.beta,True,8,5,0.08374500274658203,0.007925271987915039,0.0008018016815185547,0.09247207641601562,66,8,4,7,10,12,187,32,9,574,0,643,9523
oliveira/04_10/randm05.02.02.10.020_0030.04.aba.beta,True,6,5,0.0763702392578125,0.0063054561614990234,0.0007779598236083984,0.08345365524291992,50,6,3,5,1,10,144,24,8,397,0,626,9519
oliveira/04_10/randm05.02.02.10.020_0030.05.aba.beta,True,3,5,0.09046435356140137,0.008118629455566406,0.0007574558258056641,0.09934043884277344,46,3,6,7,7,13,150,21,17,324,0,553,8776
oliveira/04_10/randm05.02.02.11.020_0030.01.aba.beta,True,10,5,0.03355145454406738,0.00539708137512207,0.003014087677001953,0.041962623596191406,35,10,4,6,1,10,48,24,5,194,0,2333,36202
oliveira/04_10/randm05.02.02.11.020_0030.02.aba.beta,True,8,5,0.02239513397216797,0.004006624221801758,0.002490997314453125,0.02889275550842285,27,8,4,6,1,8,36,20,5,123,0,1821,28861
oliveira/04_10/randm05.02.02.11.020_0030.03.aba.beta,True,11,5,0.05989432334899902,0.006516933441162109,0.0009593963623046875,0.06737065315246582,59,11,4,7,1,11,246,21,5,627,0,762,11372
oliveira/04_10/randm05.02.02.11.020_0030.04.aba.beta,True,9,5,0.039351701736450195,0.0059967041015625,0.0008845329284667969,0.04623293876647949,34,9,3,8,1,11,57,24,6,268,0,722,10824
oliveira/04_10/randm05.02.02.11.020_0030.05.aba.beta,True,9,5,0.028185606002807617,0.004880189895629883,0.002506732940673828,0.03557252883911133,30,9,4,6,1,9,46,22,5,169,0,1940,30442
oliveira/04_10/randm05.02.02.12.020_0030.01.aba.beta,True,4,3,0.010206460952758789,0.0016696453094482422,0.0007317066192626953,0.012607812881469727,19,4,2,5,0,4,37,11,3,105,0,568,8771
oliveira/04_10/randm05.02.02.12.020_0030.02.aba.beta,True,4,3,0.007828950881958008,0.0016493797302246094,0.0007047653198242188,0.010183095932006836,14,4,2,5,0,4,17,11,3,56,0,562,8700
oliveira/04_10/randm05.02.02.12.020_0030.03.aba.beta,True,4,3,0.017271041870117188,0.002549409866333008,0.0007948875427246094,0.020615339279174805,29,4,2,6,1,6,109,12,5,208,0,559,8778
oliveira/04_10/randm05.02.02.12.020_0030.04.aba.beta,True,4,3,0.00817418098449707,0.0019104480743408203,0.0007252693176269531,0.010809898376464844,15,4,2,4,0,4,18,12,3,71,0,570,8748
oliveira/04_10/randm05.02.02.12.020_0030.05.aba.beta,True,4,3,0.00964045524597168,0.001744985580444336,0.0007436275482177734,0.012129068374633789,17,4,2,4,0,4,34,12,3,106,0,601,9280
oliveira/04_10/randm05.02.02.13.020_0030.01.aba.beta,True,3,5,0.00783991813659668,0.0013318061828613281,0.0007123947143554688,0.009884119033813477,18,3,4,6,4,3,19,16,5,51,0,541,8576
oliveira/04_10/randm05.02.02.13.020_0030.02.aba.beta,True,9,5,0.045980215072631836,0.005667448043823242,0.0008747577667236328,0.05252242088317871,48,9,4,5,4,9,98,22,5,382,0,684,10106
oliveira/04_10/randm05.02.02.13.020_0030.03.aba.beta,True,3,5,0.007553577423095703,0.0013403892517089844,0.0007233619689941406,0.009617328643798828,19,3,4,5,4,3,32,15,5,96,0,570,8829
oliveira/04_10/randm05.02.02.13.020_0030.04.aba.beta,True,6,5,0.0397496223449707,0.0046918392181396484,0.000797271728515625,0.04523873329162598,71,6,6,10,33,8,124,26,9,503,0,617,9325
oliveira/04_10/randm05.02.02.13.020_0030.05.aba.beta,True,3,5,0.0065915584564208984,0.0012969970703125,0.0007104873657226562,0.008599042892456055,18,3,4,6,4,3,19,15,5,51,0,548,8613
oliveira/04_10/randm05.02.02.14.020_0030.01.aba.beta,True,1,1,0.000911712646484375,0.00030922889709472656,0.0006625652313232422,0.0018835067749023438,3,1,0,2,0,1,3,3,1,2,0,531,8569
oliveira/04_10/randm05.02.02.14.020_0030.02.aba.beta,True,1,1,0.0009627342224121094,0.00048661231994628906,0.0009257793426513672,0.0023751258850097656,3,1,0,2,0,1,3,3,1,2,0,530,8565
oliveira/04_10/randm05.02.02.14.020_0030.03.aba.beta,True,1,1,0.0008921623229980469,0.0002989768981933594,0.0006563663482666016,0.0018475055694580078,3,1,0,2,0,1,3,3,1,2,0,541,8613
oliveira/04_10/randm05.02.02.14.020_0030.04.aba.beta,True,1,1,0.0008740425109863281,0.00029850006103515625,0.0006573200225830078,0.0018298625946044922,3,1,0,2,0,1,3,3,1,2,0,532,8544
oliveira/04_10/randm05.02.02.14.020_0030.05.aba.beta,True,1,1,0.0008940696716308594,0.00029587745666503906,0.0006823539733886719,0.0018723011016845703,3,1,0,2,0,1,3,3,1,2,0,530,8544
oliveira/04_10/randm05.02.02.15.020_0030.01.aba.beta,True,2,3,0.011069059371948242,0.0016055107116699219,0.0006852149963378906,0.013359785079956055,17,2,1,5,0,4,40,10,4,75,0,537,8584
oliveira/04_10/randm05.02.02.15.020_0030.02.aba.beta,True,3,3,0.00567626953125,0.0012385845184326172,0.0006914138793945312,0.0076062679290771484,12,3,2,5,0,3,15,10,3,44,0,552,8647
oliveira/04_10/randm05.02.02.15.020_0030.03.aba.beta,True,3,3,0.0059125423431396484,0.0013065338134765625,0.0007135868072509766,0.007932662963867188,12,3,2,5,0,3,16,10,3,46,0,551,8645
oliveira/04_10/randm05.02.02.15.020_0030.04.aba.beta,True,2,3,0.008104801177978516,0.001596689224243164,0.0006926059722900391,0.010394096374511719,13,2,1,5,0,4,22,11,4,47,0,546,8654
oliveira/04_10/randm05.02.02.15.020_0030.05.aba.beta,True,2,3,0.009190559387207031,0.0017359256744384766,0.0007364749908447266,0.011662960052490234,14,2,1,5,0,4,22,12,4,46,0,549,8644
oliveira/04_10/randm05.02.02.16.020_0030.01.aba.beta,True,1,1,0.0008988380432128906,0.00032782554626464844,0.0006608963012695312,0.0018875598907470703,3,1,0,2,0,1,3,3,1,2,0,534,8587
oliveira/04_10/randm05.02.02.16.020_0030.02.aba.beta,True,1,1,0.0009183883666992188,0.0003104209899902344,0.0006625652313232422,0.0018913745880126953,3,1,0,2,0,1,3,3,1,2,0,540,8611
oliveira/04_10/randm05.02.02.16.020_0030.03.aba.beta,True,1,1,0.0009241104125976562,0.0003113746643066406,0.0006833076477050781,0.001918792724609375,3,1,0,2,0,1,3,3,1,2,0,534,8572
oliveira/04_10/randm05.02.02.16.020_0030.04.aba.beta,True,1,1,0.0009105205535888672,0.0003008842468261719,0.0006654262542724609,0.0018768310546875,3,1,0,2,0,1,3,3,1,2,0,543,8622
oliveira/04_10/randm05.02.02.16.020_0030.05.aba.beta,True,1,1,0.0009007453918457031,0.00029730796813964844,0.0006797313690185547,0.0018777847290039062,3,1,0,2,0,1,3,3,1,2,0,543,8624
oliveira/04_10/randm05.02.02.17.020_0030.01.aba.beta,True,10,5,0.033562421798706055,0.005368947982788086,0.0009291172027587891,0.03986048698425293,37,10,4,7,0,10,57,22,5,249,0,696,10303
oliveira/04_10/randm05.02.02.17.020_0030.02.aba.beta,True,8,5,0.02868342399597168,0.0044803619384765625,0.0008699893951416016,0.034033775329589844,31,8,3,8,0,9,45,20,5,186,0,682,10230
oliveira/04_10/randm05.02.02.17.020_0030.03.aba.beta,True,9,5,0.10535168647766113,0.013225317001342773,0.0009887218475341797,0.11956572532653809,65,9,2,11,0,21,149,29,15,527,0,786,11602
oliveira/04_10/randm05.02.02.17.020_0030.04.aba.beta,True,9,5,0.05915570259094238,0.006333112716674805,0.001163482666015625,0.06665229797363281,45,9,3,6,0,10,172,22,5,451,0,906,13708
oliveira/04_10/randm05.02.02.17.020_0030.05.aba.beta,True,4,5,0.03935575485229492,0.0034546852111816406,0.0008411407470703125,0.043651580810546875,53,4,5,7,11,6,236,22,8,484,0,658,10144
oliveira/04_10/randm05.02.02.18.020_0030.01.aba.beta,True,1,1,0.000904083251953125,0.0003008842468261719,0.0007913112640380859,0.001996278762817383,3,1,0,2,0,1,3,3,1,2,0,534,8577
oliveira/04_10/randm05.02.02.18.020_0030.02.aba.beta,True,1,1,0.0008976459503173828,0.00029921531677246094,0.000659942626953125,0.0018568038940429688,3,1,0,2,0,1,3,3,1,2,0,535,8592
oliveira/04_10/randm05.02.02.18.020_0030.03.aba.beta,True,1,1,0.0008771419525146484,0.0002994537353515625,0.0006582736968994141,0.001834869384765625,3,1,0,2,0,1,3,3,1,2,0,529,8564
oliveira/04_10/randm05.02.02.18.020_0030.04.aba.beta,True,1,1,0.000881195068359375,0.0002956390380859375,0.0006763935089111328,0.0018532276153564453,3,1,0,2,0,1,3,3,1,2,0,523,8497
oliveira/04_10/randm05.02.02.18.020_0030.05.aba.beta,True,1,1,0.0009570121765136719,0.0003058910369873047,0.00069427490234375,0.0019571781158447266,3,1,0,2,0,1,3,3,1,2,0,533,8555
oliveira/04_10/randm05.02.02.19.020_0030.01.aba.beta,True,3,3,0.0053021907806396484,0.001321554183959961,0.0006773471832275391,0.0073010921478271484,11,3,2,5,0,3,14,9,3,35,0,553,8657
oliveira/04_10/randm05.02.02.19.020_0030.02.aba.beta,True,3,3,0.005232810974121094,0.0011820793151855469,0.0008432865142822266,0.007258176803588867,11,3,2,5,0,3,13,9,3,33,0,557,8667
oliveira/04_10/randm05.02.02.19.020_0030.03.aba.beta,True,2,3,0.0034313201904296875,0.0007710456848144531,0.0006802082061767578,0.0048825740814208984,9,2,2,5,0,2,13,8,3,28,0,537,8592
oliveira/04_10/randm05.02.02.19.020_0030.04.aba.beta,True,2,3,0.003265380859375,0.0007448196411132812,0.0006830692291259766,0.004693269729614258,9,2,2,5,0,2,10,8,3,22,0,536,8571
oliveira/04_10/randm05.02.02.19.020_0030.05.aba.beta,True,3,3,0.005224943161010742,0.0012221336364746094,0.0006926059722900391,0.007139682769775391,11,3,2,5,0,3,13,9,3,33,0,537,8574
oliveira/04_10/randm06.02.02.01.020_0030.01.aba.beta,True,6,4,0.02048325538635254,0.003475666046142578,0.000759124755859375,0.024718046188354492,26,6,4,7,1,7,34,21,6,189,0,619,9247
oliveira/04_10/randm06.02.02.01.020_0030.02.aba.beta,True,5,4,0.012162446975708008,0.0023152828216552734,0.00072479248046875,0.015202522277832031,21,5,3,5,0,5,26,15,4,103,0,575,8779
oliveira/04_10/randm06.02.02.01.020_0030.03.aba.beta,True,6,4,0.01687312126159668,0.002988100051879883,0.0008525848388671875,0.02071380615234375,23,6,3,5,0,6,33,18,4,142,0,626,9433
oliveira/04_10/randm06.02.02.01.020_0030.04.aba.beta,True,6,4,0.025245189666748047,0.0037887096405029297,0.0008494853973388672,0.029883384704589844,38,6,4,7,5,7,119,22,6,285,0,619,9442
oliveira/04_10/randm06.02.02.01.020_0030.05.aba.beta,True,8,4,0.09424281120300293,0.0061511993408203125,0.0008990764617919922,0.10129308700561523,59,8,2,5,0,11,335,22,6,682,0,716,10677
oliveira/04_10/randm06.02.02.02.020_0030.01.aba.beta,True,3,3,0.005197763442993164,0.0011594295501708984,0.0007505416870117188,0.007107734680175781,11,3,2,5,0,3,11,9,3,30,0,573,9040
oliveira/04_10/randm06.02.02.02.020_0030.02.aba.beta,True,2,3,0.0034177303314208984,0.0007767677307128906,0.0006589889526367188,0.004853487014770508,9,2,2,5,0,2,12,7,3,26,0,521,8482
oliveira/04_10/randm06.02.02.02.020_0030.03.aba.beta,True,2,3,0.0038924217224121094,0.0007898807525634766,0.0006909370422363281,0.005373239517211914,9,2,2,5,0,2,16,8,3,34,0,548,8665
oliveira/04_10/randm06.02.02.02.020_0030.04.aba.beta,True,2,3,0.0034630298614501953,0.0007579326629638672,0.000701904296875,0.0049228668212890625,9,2,2,4,0,2,13,8,3,30,0,547,8639
oliveira/04_10/randm06.02.02.02.020_0030.05.aba.beta,True,3,3,0.005223512649536133,0.0011625289916992188,0.0007164478302001953,0.007102489471435547,11,3,2,5,0,3,11,9,3,30,0,548,8621
oliveira/04_10/randm06.02.02.03.020_0030.01.aba.beta,True,10,5,0.026741504669189453,0.0049686431884765625,0.00270843505859375,0.034418582916259766,28,10,4,6,0,10,22,19,5,96,0,2072,32383
oliveira/04_10/randm06.02.02.03.020_0030.02.aba.beta,True,10,5,0.029358625411987305,0.005147457122802734,0.0031058788299560547,0.037611961364746094,30,10,4,6,0,10,37,18,5,126,0,2410,37949
oliveira/04_10/randm06.02.02.03.020_0030.03.aba.beta,True,9,5,0.028949260711669922,0.0051496028900146484,0.0010097026824951172,0.03510856628417969,27,9,3,8,0,10,30,18,5,126,0,790,11913
oliveira/04_10/randm06.02.02.03.020_0030.04.aba.beta,True,11,5,0.03635525703430176,0.006322383880615234,0.0009298324584960938,0.043607473373413086,36,11,3,8,0,12,32,20,5,179,0,749,11042
oliveira/04_10/randm06.02.02.03.020_0030.05.aba.beta,True,8,5,0.05878281593322754,0.0041620731353759766,0.0016200542449951172,0.06456494331359863,40,8,4,5,0,8,169,18,5,325,0,1252,19346
oliveira/04_10/randm06.02.02.04.020_0030.01.aba.beta,True,1,1,0.0008985996246337891,0.00030732154846191406,0.00074005126953125,0.0019459724426269531,3,1,0,2,0,1,3,3,1,2,0,525,8535
oliveira/04_10/randm06.02.02.04.020_0030.02.aba.beta,True,1,1,0.0008993148803710938,0.00030159950256347656,0.0006854534149169922,0.0018863677978515625,3,1,0,2,0,1,3,3,1,2,0,531,8571
oliveira/04_10/randm06.02.02.04.020_0030.03.aba.beta,True,1,1,0.0009424686431884766,0.00030493736267089844,0.0006635189056396484,0.0019109249114990234,3,1,0,2,0,1,3,3,1,2,0,535,8590
oliveira/04_10/randm06.02.02.04.020_0030.04.aba.beta,True,1,1,0.0009038448333740234,0.0003018379211425781,0.0006809234619140625,0.001886606216430664,3,1,0,2,0,1,3,3,1,2,0,532,8555
oliveira/04_10/randm06.02.02.04.020_0030.05.aba.beta,True,1,1,0.0008778572082519531,0.0002944469451904297,0.0006737709045410156,0.0018460750579833984,3,1,0,2,0,1,3,3,1,2,0,525,8541
oliveira/04_10/randm06.02.02.05.020_0030.01.aba.beta,True,6,5,0.06824445724487305,0.010111331939697266,0.0007464885711669922,0.0791022777557373,44,6,4,10,2,17,64,19,16,259,0,572,8778
oliveira/04_10/randm06.02.02.05.020_0030.02.aba.beta,True,7,5,0.07503700256347656,0.007999420166015625,0.0008342266082763672,0.08387064933776855,59,7,2,12,0,14,256,24,10,570,0,635,9460
oliveira/04_10/randm06.02.02.05.020_0030.03.aba.beta,True,3,5,0.008968353271484375,0.0015039443969726562,0.0007536411285400391,0.01122593879699707,19,3,4,7,4,3,41,17,5,112,0,579,9020
oliveira/04_10/randm06.02.02.05.020_0030.04.aba.beta,True,4,5,0.012555599212646484,0.0020651817321777344,0.000766754150390625,0.015387535095214844,23,4,4,7,4,4,25,16,5,99,0,603,9503
oliveira/04_10/randm06.02.02.05.020_0030.05.aba.beta,True,8,5,0.0581204891204834,0.007590532302856445,0.0009944438934326172,0.06670546531677246,42,8,4,10,0,12,106,30,9,407,0,804,12107
oliveira/04_10/randm06.02.02.06.020_0030.01.aba.beta,True,7,5,0.08453679084777832,0.008699655532836914,0.0008995532989501953,0.09413599967956543,50,7,4,8,8,15,127,32,13,339,0,664,10024
oliveira/04_10/randm06.02.02.06.020_0030.02.aba.beta,True,6,5,0.03106689453125,0.00491786003112793,0.00081634521484375,0.03680109977722168,30,6,3,6,2,8,68,23,6,252,0,666,10033
oliveira/04_10/randm06.02.02.06.020_0030.03.aba.beta,True,9,5,0.20418858528137207,0.010060548782348633,0.0009479522705078125,0.21519708633422852,92,9,6,4,5,16,465,34,14,1036,0,736,11085
oliveira/04_10/randm06.02.02.06.020_0030.04.aba.beta,True,4,5,0.11934566497802734,0.013964176177978516,0.0008528232574462891,0.13416266441345215,64,4,5,18,7,24,258,30,26,539,0,653,10144
oliveira/04_10/randm06.02.02.06.020_0030.05.aba.beta,True,5,5,0.04427313804626465,0.006234884262084961,0.0007791519165039062,0.051287174224853516,36,5,2,8,2,11,81,18,9,238,0,612,9419
oliveira/04_10/randm06.02.02.07.020_0030.01.aba.beta,True,8,5,0.054517507553100586,0.00821065902709961,0.0008599758148193359,0.06358814239501953,44,8,4,11,4,15,48,24,12,212,0,666,10091
oliveira/04_10/randm06.02.02.07.020_0030.02.aba.beta,True,5,5,0.03968214988708496,0.004800319671630859,0.0007538795471191406,0.04523634910583496,33,5,3,8,0,9,95,19,8,225,0,579,8831
oliveira/04_10/randm06.02.02.07.020_0030.03.aba.beta,True,11,5,0.08359217643737793,0.008088350296020508,0.0011477470397949219,0.09282827377319336,70,11,3,7,0,13,218,26,6,765,0,922,13523
oliveira/04_10/randm06.02.02.07.020_0030.04.aba.beta,True,8,5,0.032631635665893555,0.005365133285522461,0.0007135868072509766,0.03871035575866699,34,8,3,6,0,10,53,21,6,205,0,595,8893
oliveira/04_10/randm06.02.02.07.020_0030.05.aba.beta,True,11,5,0.03735470771789551,0.006100893020629883,0.0008952617645263672,0.04435086250305176,37,11,4,5,0,11,67,25,5,345,0,746,10928
oliveira/04_10/randm06.02.02.08.020_0030.01.aba.beta,True,6,4,0.015524148941040039,0.0028014183044433594,0.0010821819305419922,0.01940774917602539,21,6,3,6,0,6,25,16,4,124,0,860,13168
oliveira/04_10/randm06.02.02.08.020_0030.02.aba.beta,True,6,4,0.022989511489868164,0.004104137420654297,0.0011677742004394531,0.028261423110961914,26,6,2,8,0,8,34,17,5,142,0,909,14325
oliveira/04_10/randm06.02.02.08.020_0030.03.aba.beta,True,6,4,0.013409614562988281,0.0026199817657470703,0.0007252693176269531,0.016754865646362305,19,6,3,6,0,6,27,14,4,83,0,563,8736
oliveira/04_10/randm06.02.02.08.020_0030.04.aba.beta,True,6,4,0.013860940933227539,0.002715587615966797,0.0007264614105224609,0.017302989959716797,19,6,3,6,0,6,31,14,4,95,0,574,8893
oliveira/04_10/randm06.02.02.08.020_0030.05.aba.beta,True,6,4,0.022486209869384766,0.003676891326904297,0.0009465217590332031,0.027109622955322266,25,6,2,7,0,7,50,18,4,211,0,685,10369
oliveira/04_10/randm06.02.02.09.020_0030.01.aba.beta,True,6,5,0.10007190704345703,0.0074138641357421875,0.0010237693786621094,0.10850954055786133,47,6,3,8,0,13,194,25,11,403,0,763,11769
oliveira/04_10/randm06.02.02.09.020_0030.02.aba.beta,True,6,5,0.07225346565246582,0.0039141178131103516,0.0007894039154052734,0.07695698738098145,47,6,5,5,4,8,228,20,8,481,0,632,9704
oliveira/04_10/randm06.02.02.09.020_0030.03.aba.beta,True,5,5,0.04681825637817383,0.00565648078918457,0.0008265972137451172,0.053301334381103516,37,5,2,11,0,10,97,21,8,269,0,657,10097
oliveira/04_10/randm06.02.02.09.020_0030.04.aba.beta,True,7,5,0.06111001968383789,0.008521556854248047,0.0009951591491699219,0.07062673568725586,51,7,6,14,4,16,132,27,16,348,0,790,12009
oliveira/04_10/randm06.02.02.09.020_0030.05.aba.beta,True,7,5,0.07326793670654297,0.008565425872802734,0.0007925033569335938,0.0826258659362793,48,7,4,10,0,16,95,23,14,373,0,652,9844
oliveira/04_10/randm06.02.02.10.020_0030.01.aba.beta,True,5,4,0.01272130012512207,0.002545595169067383,0.0007555484771728516,0.016022443771362305,18,5,2,6,0,6,15,12,4,57,0,559,8644
oliveira/04_10/randm06.02.02.10.020_0030.02.aba.beta,True,4,4,0.009400606155395508,0.0017862319946289062,0.0007579326629638672,0.011944770812988281,16,4,3,6,0,4,29,13,4,96,0,579,8920
oliveira/04_10/randm06.02.02.10.020_0030.03.aba.beta,True,3,4,0.006344318389892578,0.0012848377227783203,0.0006844997406005859,0.008313655853271484,14,3,3,5,0,3,16,12,4,48,0,544,8586
oliveira/04_10/randm06.02.02.10.020_0030.04.aba.beta,True,3,4,0.006857156753540039,0.001306295394897461,0.0007104873657226562,0.008873939514160156,14,3,3,5,0,3,28,12,4,74,0,571,8857
oliveira/04_10/randm06.02.02.10.020_0030.05.aba.beta,True,5,4,0.010824918746948242,0.002298593521118164,0.0007047653198242188,0.013828277587890625,18,5,3,6,0,5,15,13,4,57,0,562,8662
oliveira/04_10/randm06.02.02.11.020_0030.01.aba.beta,True,11,6,0.16498565673828125,0.02339339256286621,0.0010027885437011719,0.18938183784484863,56,11,3,10,2,25,114,36,18,479,0,812,12013
oliveira/04_10/randm06.02.02.11.020_0030.02.aba.beta,True,12,6,0.8203339576721191,0.04983949661254883,0.0010704994201660156,0.871243953704834,117,12,2,12,2,49,355,35,40,1238,0,832,12318
oliveira/04_10/randm06.02.02.11.020_0030.03.aba.beta,True,12,6,0.7969400882720947,0.04935264587402344,0.0010669231414794922,0.8473596572875977,113,12,5,12,2,53,387,40,47,1113,0,861,12597
oliveira/04_10/randm06.02.02.11.020_0030.04.aba.beta,True,13,6,0.24486303329467773,0.02001333236694336,0.001020669937133789,0.2658970355987549,84,13,3,6,2,23,240,30,14,893,0,824,11907
oliveira/04_10/randm06.02.02.11.020_0030.05.aba.beta,True,5,6,0.03986072540283203,0.005236148834228516,0.0007436275482177734,0.04584050178527832,60,5,14,11,34,10,82,36,20,296,0,605,9179
oliveira/04_10/randm06.02.02.12.020_0030.01.aba.beta,True,3,4,0.006055593490600586,0.0012552738189697266,0.0006871223449707031,0.007997989654541016,15,3,3,6,2,3,18,13,4,53,0,558,8673
oliveira/04_10/randm06.02.02.12.020_0030.02.aba.beta,True,5,4,0.010291337966918945,0.002129793167114258,0.0007030963897705078,0.013124227523803711,18,5,3,5,2,5,24,12,4,82,0,564,8750
oliveira/04_10/randm06.02.02.12.020_0030.03.aba.beta,True,4,4,0.01113581657409668,0.001758575439453125,0.0008194446563720703,0.013713836669921875,23,4,3,6,2,4,63,11,4,140,0,557,8725
oliveira/04_10/randm06.02.02.12.020_0030.04.aba.beta,True,3,4,0.006035566329956055,0.0012478828430175781,0.0007021427154541016,0.007985591888427734,15,3,3,6,0,3,20,13,4,61,0,561,8699
oliveira/04_10/randm06.02.02.12.020_0030.05.aba.beta,True,3,4,0.006776571273803711,0.0013039112091064453,0.0006966590881347656,0.008777141571044922,16,3,3,6,0,3,23,14,4,65,0,564,8720
oliveira/04_10/randm06.02.02.13.020_0030.01.aba.beta,True,8,4,0.1036376953125,0.008819580078125,0.0008585453033447266,0.11331582069396973,78,8,1,7,0,16,211,24,10,708,0,678,10113
oliveira/04_10/randm06.02.02.13.020_0030.02.aba.beta,True,5,4,0.026270389556884766,0.002871990203857422,0.0008976459503173828,0.03004002571105957,35,5,3,6,2,5,249,15,4,413,0,688,10578
oliveira/04_10/randm06.02.02.13.020_0030.03.aba.beta,True,3,4,0.04334831237792969,0.007123231887817383,0.0007090568542480469,0.05118060111999512,29,3,1,12,0,14,32,22,13,110,0,548,8618
oliveira/04_10/randm06.02.02.13.020_0030.04.aba.beta,True,5,4,0.02359485626220703,0.0025298595428466797,0.0007770061492919922,0.026901721954345703,37,5,3,6,2,5,205,14,4,398,0,600,9159
oliveira/04_10/randm06.02.02.13.020_0030.05.aba.beta,True,3,4,0.04517626762390137,0.005361318588256836,0.0007016658782958984,0.0512392520904541,29,3,1,6,0,11,61,19,10,142,0,551,8672
oliveira/04_10/randm06.02.02.14.020_0030.01.aba.beta,True,7,6,0.06600618362426758,0.008392333984375,0.0007715225219726562,0.07517004013061523,60,7,5,15,20,15,77,29,14,334,0,585,8933
oliveira/04_10/randm06.02.02.14.020_0030.02.aba.beta,True,10,6,0.03290367126464844,0.00566411018371582,0.0008025169372558594,0.03937029838562012,33,10,5,7,0,10,27,23,6,196,0,650,9457
oliveira/04_10/randm06.02.02.14.020_0030.03.aba.beta,True,6,6,0.26346325874328613,0.02648019790649414,0.0007495880126953125,0.2906930446624756,123,6,20,20,69,40,148,43,55,756,0,599,9251
oliveira/04_10/randm06.02.02.14.020_0030.04.aba.beta,True,8,6,0.08356928825378418,0.009675741195678711,0.0007703304290771484,0.09401535987854004,91,8,9,11,35,15,158,34,17,733,0,622,9266
oliveira/04_10/randm06.02.02.14.020_0030.05.aba.beta,True,5,6,0.041587114334106445,0.004659891128540039,0.0007588863372802734,0.04700589179992676,85,5,12,10,48,8,97,37,16,507,0,600,9170
oliveira/04_10/randm06.02.02.15.020_0030.01.aba.beta,True,3,5,0.010217666625976562,0.0015358924865722656,0.0009145736694335938,0.012668132781982422,26,3,4,6,7,3,47,23,5,135,0,586,9189
oliveira/04_10/randm06.02.02.15.020_0030.02.aba.beta,True,6,5,0.04923510551452637,0.003683805465698242,0.0009818077087402344,0.053900718688964844,65,6,4,6,21,6,200,19,5,620,0,755,11540
oliveira/04_10/randm06.02.02.15.020_0030.03.aba.beta,True,4,5,0.012758493423461914,0.0020225048065185547,0.0007460117340087891,0.015527009963989258,26,4,4,7,10,4,27,19,5,111,0,585,9103
oliveira/04_10/randm06.02.02.15.020_0030.04.aba.beta,True,9,5,0.10082697868347168,0.009430646896362305,0.0008318424224853516,0.11108946800231934,71,9,3,6,0,13,173,25,8,797,0,668,9678
oliveira/04_10/randm06.02.02.15.020_0030.05.aba.beta,True,10,5,0.09002995491027832,0.0069277286529541016,0.0009288787841796875,0.09788656234741211,69,10,4,7,9,10,280,24,5,767,0,760,11216
oliveira/04_10/randm06.02.02.16.020_0030.01.aba.beta,True,4,3,0.007237672805786133,0.0015630722045898438,0.001150369644165039,0.009951114654541016,14,4,2,4,0,4,11,11,3,38,0,899,14447
oliveira/04_10/randm06.02.02.16.020_0030.02.aba.beta,True,4,3,0.008828401565551758,0.0016694068908691406,0.0010263919830322266,0.011524200439453125,17,4,2,4,0,4,25,11,3,74,0,776,12141
oliveira/04_10/randm06.02.02.16.020_0030.03.aba.beta,True,2,3,0.003122091293334961,0.0007364749908447266,0.0010521411895751953,0.004910707473754883,8,2,2,5,0,2,7,7,3,12,0,837,13591
oliveira/04_10/randm06.02.02.16.020_0030.04.aba.beta,True,2,3,0.0034017562866210938,0.0008511543273925781,0.0011785030364990234,0.005431413650512695,8,2,2,5,0,2,7,7,3,12,0,838,13337
oliveira/04_10/randm06.02.02.16.020_0030.05.aba.beta,True,4,3,0.008059501647949219,0.0017828941345214844,0.000957489013671875,0.010799884796142578,15,4,2,4,0,4,19,12,3,60,0,779,12143
oliveira/04_10/randm06.02.02.17.020_0030.01.aba.beta,True,6,4,0.016679763793945312,0.003114461898803711,0.0012099742889404297,0.021004199981689453,25,6,3,5,0,6,37,15,4,124,0,869,13484
oliveira/04_10/randm06.02.02.17.020_0030.02.aba.beta,True,7,4,0.0192718505859375,0.0033478736877441406,0.0013813972473144531,0.024001121520996094,25,7,3,5,0,7,27,17,4,117,0,909,13943
oliveira/04_10/randm06.02.02.17.020_0030.03.aba.beta,True,7,4,0.026688098907470703,0.0045244693756103516,0.0008077621459960938,0.03202033042907715,30,7,2,7,0,9,55,22,5,220,0,648,9697
oliveira/04_10/randm06.02.02.17.020_0030.04.aba.beta,True,5,4,0.015772581100463867,0.003206968307495117,0.0007939338684082031,0.019773483276367188,22,5,2,9,0,7,21,17,5,80,0,560,8670
oliveira/04_10/randm06.02.02.17.020_0030.05.aba.beta,True,7,4,0.016210556030273438,0.003117799758911133,0.0007359981536865234,0.020064353942871094,22,7,3,6,0,7,23,16,4,96,0,575,8747
oliveira/04_10/randm06.02.02.18.020_0030.01.aba.beta,True,12,6,0.06959342956542969,0.008925676345825195,0.0008597373962402344,0.07937884330749512,60,12,4,10,2,14,130,25,7,589,0,712,10122
oliveira/04_10/randm06.02.02.18.020_0030.02.aba.beta,True,8,6,0.045897722244262695,0.0058786869049072266,0.0007491111755371094,0.05252552032470703,62,8,10,9,33,11,79,25,14,347,0,594,8981
oliveira/04_10/randm06.02.02.18.020_0030.03.aba.beta,True,16,6,0.09663629531860352,0.013127326965332031,0.001178741455078125,0.11094236373901367,57,16,4,8,0,20,72,35,9,555,0,978,14199
oliveira/04_10/randm06.02.02.18.020_0030.04.aba.beta,True,9,6,0.06965184211730957,0.006040096282958984,0.0008680820465087891,0.07656002044677734,115,9,11,14,54,11,270,31,14,1050,0,677,10353
oliveira/04_10/randm06.02.02.18.020_0030.05.aba.beta,True,13,6,0.12762165069580078,0.014330387115478516,0.0009386539459228516,0.14289069175720215,117,13,10,14,52,23,238,41,21,915,0,776,11379
oliveira/04_10/randm06.02.02.19.020_0030.01.aba.beta,True,1,1,0.0008823871612548828,0.0003123283386230469,0.0007121562957763672,0.0019068717956542969,3,1,0,2,0,1,3,3,1,2,0,533,8572
oliveira/04_10/randm06.02.02.19.020_0030.02.aba.beta,True,1,1,0.0010449886322021484,0.0003724098205566406,0.0006873607635498047,0.0021047592163085938,3,1,0,2,0,1,3,3,1,2,0,537,8597
oliveira/04_10/randm06.02.02.19.020_0030.03.aba.beta,True,1,1,0.0009281635284423828,0.00030159950256347656,0.0006587505340576172,0.0018885135650634766,3,1,0,2,0,1,3,3,1,2,0,533,8578
oliveira/04_10/randm06.02.02.19.020_0030.04.aba.beta,True,1,1,0.0008800029754638672,0.0002961158752441406,0.0006625652313232422,0.00183868408203125,3,1,0,2,0,1,3,3,1,2,0,523,8524
oliveira/04_10/randm06.02.02.19.020_0030.05.aba.beta,True,1,1,0.0008726119995117188,0.0002963542938232422,0.0007841587066650391,0.001953125,3,1,0,2,0,1,3,3,1,2,0,525,8527
oliveira/04_10/randm07.02.02.01.020_0030.01.aba.beta,True,1,1,0.0010066032409667969,0.00038695335388183594,0.0008161067962646484,0.0022096633911132812,3,1,0,2,0,1,3,3,1,2,0,529,8553
oliveira/04_10/randm07.02.02.01.020_0030.02.aba.beta,True,1,1,0.0008895397186279297,0.00029754638671875,0.0006585121154785156,0.0018455982208251953,3,1,0,2,0,1,3,3,1,2,0,526,8542
oliveira/04_10/randm07.02.02.01.020_0030.03.aba.beta,True,1,1,0.000904083251953125,0.0003037452697753906,0.0006773471832275391,0.0018851757049560547,3,1,0,2,0,1,3,3,1,2,0,531,8553
oliveira/04_10/randm07.02.02.01.020_0030.04.aba.beta,True,1,1,0.0008730888366699219,0.00031185150146484375,0.0006606578826904297,0.0018455982208251953,3,1,0,2,0,1,3,3,1,2,0,530,8550
oliveira/04_10/randm07.02.02.01.020_0030.05.aba.beta,True,1,1,0.0010764598846435547,0.0003094673156738281,0.0008041858673095703,0.002190113067626953,3,1,0,2,0,1,3,3,1,2,0,540,8609
oliveira/04_10/randm07.02.02.02.020_0030.01.aba.beta,True,1,1,0.0008847713470458984,0.0003101825714111328,0.0006654262542724609,0.0018603801727294922,3,1,0,2,0,1,3,3,1,2,0,535,8587
oliveira/04_10/randm07.02.02.02.020_0030.02.aba.beta,True,1,1,0.0009112358093261719,0.0003554821014404297,0.0006680488586425781,0.0019347667694091797,3,1,0,2,0,1,3,3,1,2,0,538,8598
oliveira/04_10/randm07.02.02.02.020_0030.03.aba.beta,True,1,1,0.0009412765502929688,0.0002987384796142578,0.0006606578826904297,0.0019006729125976562,3,1,0,2,0,1,3,3,1,2,0,533,8583
oliveira/04_10/randm07.02.02.02.020_0030.04.aba.beta,True,1,1,0.0009992122650146484,0.0003592967987060547,0.0006842613220214844,0.0020427703857421875,3,1,0,2,0,1,3,3,1,2,0,521,8515
oliveira/04_10/randm07.02.02.02.020_0030.05.aba.beta,True,1,1,0.0008702278137207031,0.0003113746643066406,0.0006580352783203125,0.0018396377563476562,3,1,0,2,0,1,3,3,1,2,0,531,8576
oliveira/04_10/randm07.02.02.03.020_0030.01.aba.beta,True,13,7,2.9053025245666504,0.20491933822631836,0.0011663436889648438,3.1113882064819336,286,13,54,57,131,228,463,64,270,2463,0,796,11556
oliveira/04_10/randm07.02.02.03.020_0030.02.aba.beta,True,11,7,0.4541161060333252,0.03767061233520508,0.0007796287536621094,0.4925663471221924,172,11,35,23,93,50,214,53,75,1314,0,667,9523
oliveira/04_10/randm07.02.02.03.020_0030.03.aba.beta,True,14,7,2.0178184509277344,0.1515030860900879,0.0009441375732421875,2.1702656745910645,218,14,24,35,84,155,355,58,166,1710,0,796,11395
oliveira/04_10/randm07.02.02.03.020_0030.04.aba.beta,True,12,7,0.2559797763824463,0.029607295989990234,0.0008611679077148438,0.28644824028015137,91,12,4,16,0,36,125,37,29,804,0,727,10289
oliveira/04_10/randm07.02.02.03.020_0030.05.aba.beta,True,10,7,1.0213332176208496,0.04884982109069824,0.0009529590606689453,1.0711359977722168,365,10,64,32,294,68,452,55,123,2838,0,746,11183
oliveira/04_10/randm07.02.02.04.020_0030.01.aba.beta,True,9,4,0.027669668197631836,0.004505157470703125,0.0014591217041015625,0.03363394737243652,30,9,3,5,2,9,36,22,4,129,0,1115,17307
oliveira/04_10/randm07.02.02.04.020_0030.02.aba.beta,True,7,4,0.027392864227294922,0.0040302276611328125,0.0012450218200683594,0.032668113708496094,33,7,2,7,2,8,55,21,4,219,0,960,14738
oliveira/04_10/randm07.02.02.04.020_0030.03.aba.beta,True,8,4,0.03805279731750488,0.004285335540771484,0.002066373825073242,0.04440450668334961,43,8,3,5,2,8,145,19,4,329,0,1554,24373
oliveira/04_10/randm07.02.02.04.020_0030.04.aba.beta,True,9,4,0.0288999080657959,0.0047740936279296875,0.0015196800231933594,0.035193681716918945,32,9,3,5,2,9,41,22,4,174,0,1188,18682
oliveira/04_10/randm07.02.02.04.020_0030.05.aba.beta,True,7,4,0.02328038215637207,0.003496885299682617,0.0008513927459716797,0.027628660202026367,32,7,3,5,2,7,54,18,4,212,0,656,9909
oliveira/04_10/randm07.02.02.05.020_0030.01.aba.beta,True,11,6,0.14061236381530762,0.018403053283691406,0.0008857250213623047,0.15990114212036133,59,11,3,17,2,28,68,34,21,327,0,705,10345
oliveira/04_10/randm07.02.02.05.020_0030.02.aba.beta,True,9,6,0.05796337127685547,0.007134199142456055,0.0010917186737060547,0.06618928909301758,55,9,4,9,7,11,110,26,7,432,0,858,12923
oliveira/04_10/randm07.02.02.05.020_0030.03.aba.beta,True,6,6,0.1322169303894043,0.013321638107299805,0.0008373260498046875,0.1463758945465088,63,6,4,13,4,20,148,25,19,577,0,649,9881
oliveira/04_10/randm07.02.02.05.020_0030.04.aba.beta,True,8,6,0.03754997253417969,0.005222797393798828,0.0008678436279296875,0.0436406135559082,43,8,5,6,2,8,145,26,6,360,0,687,10153
oliveira/04_10/randm07.02.02.05.020_0030.05.aba.beta,True,8,6,0.051213979721069336,0.007883787155151367,0.0008182525634765625,0.059916019439697266,41,8,4,12,2,13,77,28,10,249,0,663,9887
oliveira/04_10/randm07.02.02.06.020_0030.01.aba.beta,True,5,4,0.012471199035644531,0.002201080322265625,0.0008165836334228516,0.015488862991333008,20,5,3,6,0,5,30,13,4,85,0,637,9945
oliveira/04_10/randm07.02.02.06.020_0030.02.aba.beta,True,6,4,0.015331506729125977,0.002740144729614258,0.0009655952453613281,0.019037246704101562,20,6,3,6,0,6,28,15,4,118,0,756,11563
oliveira/04_10/randm07.02.02.06.020_0030.03.aba.beta,True,6,4,0.014888525009155273,0.0028464794158935547,0.0007870197296142578,0.018522024154663086,21,6,3,6,0,6,24,16,4,87,0,628,9590
oliveira/04_10/randm07.02.02.06.020_0030.04.aba.beta,True,5,4,0.011559009552001953,0.002231597900390625,0.0011227130889892578,0.014913320541381836,19,5,3,6,0,5,24,15,4,102,0,891,13951
oliveira/04_10/randm07.02.02.06.020_0030.05.aba.beta,True,6,4,0.015191078186035156,0.0029900074005126953,0.0011572837829589844,0.019338369369506836,21,6,3,6,0,6,21,16,4,85,0,889,13842
oliveira/04_10/randm07.02.02.07.020_0030.01.aba.beta,True,15,6,0.17157244682312012,0.017025470733642578,0.0009605884552001953,0.1895585060119629,98,15,3,9,3,25,181,39,14,1014,0,817,11560
oliveira/04_10/randm07.02.02.07.020_0030.02.aba.beta,True,13,6,0.5092244148254395,0.03428339958190918,0.0012030601501464844,0.5447108745574951,106,13,3,13,3,38,270,38,29,1053,0,991,14419
oliveira/04_10/randm07.02.02.07.020_0030.03.aba.beta,True,13,6,0.23311471939086914,0.019735336303710938,0.0009329319000244141,0.2537829875946045,90,13,3,14,3,30,206,32,21,768,0,787,11330
oliveira/04_10/randm07.02.02.07.020_0030.04.aba.beta,True,9,6,0.04105854034423828,0.005756378173828125,0.0012679100036621094,0.048082828521728516,41,9,4,8,3,10,61,21,6,254,0,995,15314
oliveira/04_10/randm07.02.02.07.020_0030.05.aba.beta,True,13,6,0.13804388046264648,0.016102313995361328,0.0012714862823486328,0.15541768074035645,69,13,4,8,3,23,144,39,15,558,0,1072,15535
oliveira/04_10/randm07.02.02.08.020_0030.01.aba.beta,True,1,1,0.0008878707885742188,0.0002961158752441406,0.0007021427154541016,0.001886129379272461,3,1,0,2,0,1,3,3,1,2,0,542,8613
oliveira/04_10/randm07.02.02.08.020_0030.02.aba.beta,True,1,1,0.0008938312530517578,0.00029921531677246094,0.0006661415100097656,0.0018591880798339844,3,1,0,2,0,1,3,3,1,2,0,539,8607
oliveira/04_10/randm07.02.02.08.020_0030.03.aba.beta,True,1,1,0.0009226799011230469,0.0002956390380859375,0.0006735324859619141,0.0018918514251708984,3,1,0,2,0,1,3,3,1,2,0,534,8577
oliveira/04_10/randm07.02.02.08.020_0030.04.aba.beta,True,1,1,0.0009336471557617188,0.0003714561462402344,0.0006651878356933594,0.0019702911376953125,3,1,0,2,0,1,3,3,1,2,0,536,8592
oliveira/04_10/randm07.02.02.08.020_0030.05.aba.beta,True,1,1,0.0009167194366455078,0.0003616809844970703,0.0006968975067138672,0.0019752979278564453,3,1,0,2,0,1,3,3,1,2,0,536,8587
oliveira/04_10/randm07.02.02.09.020_0030.01.aba.beta,True,5,3,0.011679887771606445,0.0021855831146240234,0.0007593631744384766,0.014624834060668945,18,5,2,5,0,5,22,14,3,103,0,580,8846
oliveira/04_10/randm07.02.02.09.020_0030.02.aba.beta,True,5,3,0.011603593826293945,0.0022516250610351562,0.0011191368103027344,0.014974355697631836,18,5,2,4,0,5,26,14,3,77,0,902,14213
oliveira/04_10/randm07.02.02.09.020_0030.03.aba.beta,True,3,3,0.005612850189208984,0.001222848892211914,0.0006928443908691406,0.007528543472290039,12,3,2,4,0,3,12,10,3,35,0,553,8644
oliveira/04_10/randm07.02.02.09.020_0030.04.aba.beta,True,3,3,0.00673675537109375,0.001241445541381836,0.0006866455078125,0.008664846420288086,12,3,2,5,0,3,21,10,3,67,0,561,8758
oliveira/04_10/randm07.02.02.09.020_0030.05.aba.beta,True,3,3,0.006459712982177734,0.0012781620025634766,0.0007407665252685547,0.008478641510009766,12,3,2,5,0,3,17,10,3,51,0,552,8661
oliveira/04_10/randm07.02.02.10.020_0030.01.aba.beta,True,1,1,0.0011839866638183594,0.00031685829162597656,0.00066375732421875,0.002164602279663086,3,1,0,2,0,1,3,3,1,2,0,537,8599
oliveira/04_10/randm07.02.02.10.020_0030.02.aba.beta,True,1,1,0.0009052753448486328,0.000301361083984375,0.0006706714630126953,0.0018773078918457031,3,1,0,2,0,1,3,3,1,2,0,540,8608
oliveira/04_10/randm07.02.02.10.020_0030.03.aba.beta,True,1,1,0.0012352466583251953,0.0003056526184082031,0.0006701946258544922,0.0022110939025878906,3,1,0,2,0,1,3,3,1,2,0,527,8497
oliveira/04_10/randm07.02.02.10.020_0030.04.aba.beta,True,1,1,0.0008997917175292969,0.0003046989440917969,0.0006885528564453125,0.0018930435180664062,3,1,0,2,0,1,3,3,1,2,0,537,8603
oliveira/04_10/randm07.02.02.10.020_0030.05.aba.beta,True,1,1,0.0009617805480957031,0.0003204345703125,0.0006897449493408203,0.0019719600677490234,3,1,0,2,0,1,3,3,1,2,0,528,8551
oliveira/04_10/randm07.02.02.11.020_0030.01.aba.beta,True,11,5,0.08210301399230957,0.008908271789550781,0.0010008811950683594,0.09201216697692871,49,11,3,7,0,15,124,25,8,338,0,789,11715
oliveira/04_10/randm07.02.02.11.020_0030.02.aba.beta,True,7,5,0.018747806549072266,0.003555774688720703,0.0010197162628173828,0.02332329750061035,25,7,4,5,0,7,32,19,5,161,0,796,12409
oliveira/04_10/randm07.02.02.11.020_0030.03.aba.beta,True,7,5,0.03986167907714844,0.004236698150634766,0.0012240409851074219,0.045322418212890625,36,7,4,7,0,7,187,21,5,434,0,941,14858
oliveira/04_10/randm07.02.02.11.020_0030.04.aba.beta,True,9,5,0.052693843841552734,0.007825374603271484,0.0010557174682617188,0.06157493591308594,48,9,3,9,0,13,53,26,8,306,0,724,10763
oliveira/04_10/randm07.02.02.11.020_0030.05.aba.beta,True,8,5,0.07157731056213379,0.005760669708251953,0.0009520053863525391,0.07828998565673828,55,8,3,6,0,10,190,20,6,595,0,756,11314
oliveira/04_10/randm07.02.02.12.020_0030.01.aba.beta,True,4,3,0.007504463195800781,0.0016562938690185547,0.0010523796081542969,0.010213136672973633,14,4,2,5,0,4,13,11,3,42,0,817,12904
oliveira/04_10/randm07.02.02.12.020_0030.02.aba.beta,True,3,3,0.005217075347900391,0.0012364387512207031,0.0007228851318359375,0.007176399230957031,11,3,2,5,0,3,13,9,3,29,0,546,8621
oliveira/04_10/randm07.02.02.12.020_0030.03.aba.beta,True,3,3,0.0053408145904541016,0.0012094974517822266,0.0006871223449707031,0.007237434387207031,11,3,2,5,0,3,16,9,3,35,0,545,8631
oliveira/04_10/randm07.02.02.12.020_0030.04.aba.beta,True,4,3,0.012825250625610352,0.001806020736694336,0.0010235309600830078,0.015654802322387695,22,4,2,5,0,4,63,10,3,131,0,792,12532
oliveira/04_10/randm07.02.02.12.020_0030.05.aba.beta,True,4,3,0.009340286254882812,0.0016977787017822266,0.0011119842529296875,0.012150049209594727,19,4,2,5,0,4,32,10,3,93,0,880,13851
oliveira/04_10/randm07.02.02.13.020_0030.01.aba.beta,True,12,7,0.12193894386291504,0.010716438293457031,0.0011315345764160156,0.13378691673278809,108,12,13,12,32,14,275,39,16,979,0,909,13325
oliveira/04_10/randm07.02.02.13.020_0030.02.aba.beta,True,14,7,0.06873106956481934,0.00990605354309082,0.0011246204376220703,0.07976174354553223,53,14,6,8,3,14,71,36,7,622,0,897,13337
oliveira/04_10/randm07.02.02.13.020_0030.03.aba.beta,True,10,7,0.20432257652282715,0.018091917037963867,0.0011522769927978516,0.22356677055358887,104,10,14,9,55,24,154,45,29,751,0,946,14029
oliveira/04_10/randm07.02.02.13.020_0030.04.aba.beta,True,15,7,0.6064293384552002,0.049832820892333984,0.0011355876922607422,0.6573977470397949,175,15,32,22,46,66,285,55,84,1756,0,950,13635
oliveira/04_10/randm07.02.02.13.020_0030.05.aba.beta,True,15,7,0.15096092224121094,0.015959739685058594,0.0011210441589355469,0.16804170608520508,104,15,9,11,38,21,129,46,16,807,0,892,12623
oliveira/04_10/randm07.02.02.14.020_0030.01.aba.beta,True,3,3,0.006367921829223633,0.0012726783752441406,0.0007147789001464844,0.008355379104614258,12,3,2,5,0,3,23,10,3,79,0,577,8908
oliveira/04_10/randm07.02.02.14.020_0030.02.aba.beta,True,3,3,0.0057888031005859375,0.001260519027709961,0.0010216236114501953,0.008070945739746094,12,3,2,5,0,3,16,10,3,51,0,559,8687
oliveira/04_10/randm07.02.02.14.020_0030.03.aba.beta,True,3,3,0.0067713260650634766,0.0013391971588134766,0.0007817745208740234,0.008892297744750977,12,3,2,5,0,3,27,10,3,95,0,614,9804
oliveira/04_10/randm07.02.02.14.020_0030.04.aba.beta,True,5,3,0.019749164581298828,0.0023114681243896484,0.0007691383361816406,0.022829771041870117,29,5,2,4,0,5,114,13,3,246,0,604,9346
oliveira/04_10/randm07.02.02.14.020_0030.05.aba.beta,True,3,3,0.005236625671386719,0.001207113265991211,0.0006973743438720703,0.00714111328125,12,3,2,4,0,3,11,10,3,34,0,551,8634
oliveira/04_10/randm07.02.02.15.020_0030.01.aba.beta,True,9,7,0.09611773490905762,0.01146841049194336,0.0008032321929931641,0.10838937759399414,61,9,5,12,7,16,99,28,13,418,0,655,9562
oliveira/04_10/randm07.02.02.15.020_0030.02.aba.beta,True,11,7,1.022279977798462,0.059925079345703125,0.0009305477142333984,1.0831356048583984,213,11,19,25,105,80,346,54,89,1826,0,758,11252
oliveira/04_10/randm07.02.02.15.020_0030.03.aba.beta,True,10,7,0.7618212699890137,0.05824589729309082,0.001508951187133789,0.8215761184692383,197,10,20,23,105,72,547,51,83,1695,0,1192,18197
oliveira/04_10/randm07.02.02.15.020_0030.04.aba.beta,True,8,7,0.15954804420471191,0.015839338302612305,0.0008482933044433594,0.17623567581176758,150,8,19,18,104,24,187,50,36,1007,0,664,9994
oliveira/04_10/randm07.02.02.15.020_0030.05.aba.beta,True,18,7,1.240187644958496,0.06508183479309082,0.0016791820526123047,1.3069486618041992,150,18,3,8,2,72,376,44,58,1457,0,1345,19928
oliveira/04_10/randm07.02.02.16.020_0030.01.aba.beta,True,6,4,0.0147552490234375,0.0028977394104003906,0.001650094985961914,0.019303083419799805,21,6,3,6,0,6,31,16,4,107,0,1285,20027
oliveira/04_10/randm07.02.02.16.020_0030.02.aba.beta,True,8,4,0.020687580108642578,0.003790140151977539,0.0020186901092529297,0.026496410369873047,26,8,3,6,0,8,26,19,4,118,0,1591,25049
oliveira/04_10/randm07.02.02.16.020_0030.03.aba.beta,True,4,4,0.013768911361694336,0.0026183128356933594,0.0006883144378662109,0.017075538635253906,20,4,2,6,0,6,28,14,5,77,0,552,8646
oliveira/04_10/randm07.02.02.16.020_0030.04.aba.beta,True,3,4,0.013128280639648438,0.0022602081298828125,0.0007088184356689453,0.016097307205200195,19,3,2,7,0,5,30,13,5,104,0,554,8664
oliveira/04_10/randm07.02.02.16.020_0030.05.aba.beta,True,8,4,0.026387929916381836,0.004058361053466797,0.00186920166015625,0.03231549263000488,37,8,3,6,0,8,124,18,4,279,0,1417,22229
oliveira/04_10/randm07.02.02.17.020_0030.01.aba.beta,True,10,6,0.18573570251464844,0.011809110641479492,0.0011048316955566406,0.19864964485168457,95,10,6,8,14,17,417,35,14,1071,0,884,13235
oliveira/04_10/randm07.02.02.17.020_0030.02.aba.beta,True,10,6,0.14503192901611328,0.013025283813476562,0.0011298656463623047,0.15918707847595215,77,10,3,10,3,17,315,32,11,771,0,874,13130
oliveira/04_10/randm07.02.02.17.020_0030.03.aba.beta,True,8,6,0.09878730773925781,0.007652997970581055,0.00087738037109375,0.10731768608093262,101,8,12,6,37,12,291,42,17,866,0,705,10430
oliveira/04_10/randm07.02.02.17.020_0030.04.aba.beta,True,9,6,0.0723264217376709,0.006306886672973633,0.0009255409240722656,0.0795588493347168,76,9,5,7,3,9,347,29,6,931,0,748,11153
oliveira/04_10/randm07.02.02.17.020_0030.05.aba.beta,True,9,6,0.15206408500671387,0.013669013977050781,0.0012981891632080078,0.16703128814697266,62,9,3,10,3,17,197,31,12,572,0,862,12823
oliveira/04_10/randm07.02.02.18.020_0030.01.aba.beta,True,9,7,10.155675649642944,0.5857665538787842,0.0011489391326904297,10.742591142654419,405,9,77,47,178,435,832,79,504,3455,0,843,12657
oliveira/04_10/randm07.02.02.18.020_0030.02.aba.beta,True,11,7,0.49838757514953613,0.07101297378540039,0.0010662078857421875,0.5704667568206787,109,11,4,8,8,36,326,40,30,1174,0,866,12900
oliveira/04_10/randm07.02.02.18.020_0030.03.aba.beta,True,10,7,4.299383640289307,0.17192649841308594,0.0016016960144042969,4.472911834716797,349,10,62,18,170,166,865,68,219,3140,0,1230,18737
oliveira/04_10/randm07.02.02.18.020_0030.04.aba.beta,True,10,7,7.7182605266571045,0.2534158229827881,0.0012874603271484375,7.972963809967041,425,10,63,11,222,201,1029,78,255,4022,0,985,14923
oliveira/04_10/randm07.02.02.18.020_0030.05.aba.beta,True,13,7,0.5515742301940918,0.02787184715270996,0.0016934871673583984,0.5811395645141602,152,13,10,9,26,25,761,44,23,1819,0,1322,19639
oliveira/04_10/randm07.02.02.19.020_0030.01.aba.beta,True,9,5,0.05788230895996094,0.0062067508697509766,0.0008399486541748047,0.06492900848388672,43,9,3,8,1,11,118,23,6,338,0,672,9995
oliveira/04_10/randm07.02.02.19.020_0030.02.aba.beta,True,11,5,0.11303496360778809,0.01107025146484375,0.0009806156158447266,0.12508583068847656,70,11,2,9,1,18,201,26,10,749,0,774,11561
oliveira/04_10/randm07.02.02.19.020_0030.03.aba.beta,True,5,5,0.029929637908935547,0.002925395965576172,0.0009114742279052734,0.03376650810241699,37,5,4,7,4,5,190,21,5,336,0,724,11191
oliveira/04_10/randm07.02.02.19.020_0030.04.aba.beta,True,10,5,0.17592620849609375,0.015576839447021484,0.0009143352508544922,0.19241738319396973,81,10,2,13,1,24,219,29,17,755,0,737,10830
oliveira/04_10/randm07.02.02.19.020_0030.05.aba.beta,True,5,5,0.014137029647827148,0.0024344921112060547,0.0009136199951171875,0.01748514175415039,26,5,4,7,3,5,47,19,5,130,0,735,11353
oliveira/04_10/randm08.02.02.01.020_0030.01.aba.beta,True,16,7,0.426302433013916,0.048066139221191406,0.001325845718383789,0.4756944179534912,113,16,6,23,5,56,301,51,47,1060,0,893,12716
oliveira/04_10/randm08.02.02.01.020_0030.02.aba.beta,True,7,7,0.06996536254882812,0.008872509002685547,0.000827789306640625,0.0796656608581543,58,7,8,8,18,13,118,41,15,382,0,675,10020
oliveira/04_10/randm08.02.02.01.020_0030.03.aba.beta,True,15,7,0.12888169288635254,0.014253616333007812,0.0012202262878417969,0.14435553550720215,65,15,5,13,0,20,128,42,11,545,0,944,13901
oliveira/04_10/randm08.02.02.01.020_0030.04.aba.beta,True,21,7,0.4941294193267822,0.039069414138793945,0.0019028186798095703,0.5351016521453857,124,21,4,12,0,44,440,47,28,1445,0,1542,22619
oliveira/04_10/randm08.02.02.01.020_0030.05.aba.beta,True,16,7,0.5666375160217285,0.05271625518798828,0.0009753704071044922,0.6203291416168213,136,16,17,27,50,67,154,56,69,1017,0,835,11574
oliveira/04_10/randm08.02.02.02.020_0030.01.aba.beta,True,16,6,0.2274620532989502,0.02867412567138672,0.0009238719940185547,0.25706005096435547,81,16,5,19,1,37,117,36,27,672,0,775,10781
oliveira/04_10/randm08.02.02.02.020_0030.02.aba.beta,True,18,6,0.21490478515625,0.023834705352783203,0.0009410381317138672,0.23968052864074707,106,18,4,14,1,34,181,36,21,1187,0,799,11202
oliveira/04_10/randm08.02.02.02.020_0030.03.aba.beta,True,8,6,0.11368823051452637,0.014050722122192383,0.0007464885711669922,0.12848544120788574,96,8,10,20,40,24,118,30,27,653,0,603,8949
oliveira/04_10/randm08.02.02.02.020_0030.04.aba.beta,True,10,6,0.14711284637451172,0.021744251251220703,0.0007779598236083984,0.16963505744934082,55,10,3,22,1,36,49,26,30,285,0,634,9314
oliveira/04_10/randm08.02.02.02.020_0030.05.aba.beta,True,18,6,0.21919965744018555,0.021004676818847656,0.0009989738464355469,0.24120330810546875,113,18,3,8,1,25,219,33,11,1237,0,859,11856
oliveira/04_10/randm08.02.02.03.020_0030.01.aba.beta,True,5,7,0.7765820026397705,0.0584714412689209,0.0007493495941162109,0.8358027935028076,172,5,48,30,106,78,269,51,122,1134,0,596,9187
oliveira/04_10/randm08.02.02.03.020_0030.02.aba.beta,True,10,7,0.6467602252960205,0.04080533981323242,0.0008683204650878906,0.6884338855743408,119,10,11,9,34,55,329,41,57,961,0,708,10314
oliveira/04_10/randm08.02.02.03.020_0030.03.aba.beta,True,8,7,1.6883563995361328,0.11979794502258301,0.0012090206146240234,1.8093633651733398,235,8,53,40,146,143,317,58,189,1663,0,930,14226
oliveira/04_10/randm08.02.02.03.020_0030.04.aba.beta,True,11,7,0.24750280380249023,0.020495176315307617,0.0007832050323486328,0.2687811851501465,131,11,25,12,57,30,290,41,45,1070,0,665,9655
oliveira/04_10/randm08.02.02.03.020_0030.05.aba.beta,True,10,7,0.811903715133667,0.07157611846923828,0.00081634521484375,0.884296178817749,127,10,8,37,36,85,180,45,84,876,0,662,9600
oliveira/04_10/randm08.02.02.04.020_0030.01.aba.beta,True,5,6,0.21987104415893555,0.022867202758789062,0.0008482933044433594,0.24358654022216797,81,5,11,25,7,36,328,31,43,739,0,663,10256
oliveira/04_10/randm08.02.02.04.020_0030.02.aba.beta,True,9,6,0.27074432373046875,0.029833078384399414,0.0008671283721923828,0.30144453048706055,78,9,4,15,4,42,248,30,38,616,0,706,10568
oliveira/04_10/randm08.02.02.04.020_0030.03.aba.beta,True,10,6,0.16164207458496094,0.016255617141723633,0.0009608268737792969,0.17885851860046387,72,10,3,16,0,22,387,27,16,737,0,783,11727
oliveira/04_10/randm08.02.02.04.020_0030.04.aba.beta,True,13,6,0.1051628589630127,0.009663581848144531,0.0009679794311523438,0.11579442024230957,84,13,5,8,10,13,286,28,6,926,0,784,11267
oliveira/04_10/randm08.02.02.04.020_0030.05.aba.beta,True,9,6,0.3001723289489746,0.02813577651977539,0.0009136199951171875,0.3292217254638672,67,9,6,13,6,38,143,32,36,495,0,732,10949
oliveira/04_10/randm08.02.02.05.020_0030.01.aba.beta,True,5,5,0.01671886444091797,0.002681255340576172,0.0010483264923095703,0.02044844627380371,25,5,4,6,4,5,36,20,5,134,0,822,12762
oliveira/04_10/randm08.02.02.05.020_0030.02.aba.beta,True,4,5,0.012634515762329102,0.0020499229431152344,0.0007338523864746094,0.015418291091918945,23,4,4,6,4,4,30,19,5,104,0,594,9170
oliveira/04_10/randm08.02.02.05.020_0030.03.aba.beta,True,5,5,0.13798785209655762,0.015045642852783203,0.0008304119110107422,0.15386390686035156,83,5,24,20,33,24,112,43,44,480,0,655,10062
oliveira/04_10/randm08.02.02.05.020_0030.04.aba.beta,True,5,5,0.10686397552490234,0.010432958602905273,0.0007278919219970703,0.11802482604980469,92,5,18,15,38,17,145,35,31,601,0,591,8975
oliveira/04_10/randm08.02.02.05.020_0030.05.aba.beta,True,5,5,0.034761667251586914,0.004661083221435547,0.0007653236389160156,0.04018807411193848,45,5,3,5,5,8,155,22,7,398,0,611,9217
oliveira/04_10/randm08.02.02.06.020_0030.01.aba.beta,True,10,8,1.194704532623291,0.05720996856689453,0.0008800029754638672,1.2527945041656494,222,10,33,24,146,80,336,51,104,1822,0,698,10279
oliveira/04_10/randm08.02.02.06.020_0030.02.aba.beta,True,14,8,0.9216811656951904,0.05200910568237305,0.0010023117065429688,0.9746925830841064,269,14,26,19,157,57,452,59,70,2404,0,828,11743
oliveira/04_10/randm08.02.02.06.020_0030.03.aba.beta,True,18,8,0.3757772445678711,0.02949070930480957,0.001237630844116211,0.4065055847167969,145,18,7,7,11,31,293,51,21,1611,0,1039,14918
oliveira/04_10/randm08.02.02.06.020_0030.04.aba.beta,True,10,8,0.2189028263092041,0.018874168395996094,0.0007793903350830078,0.2385563850402832,123,10,14,8,62,23,218,46,28,965,0,652,9475
oliveira/04_10/randm08.02.02.06.020_0030.05.aba.beta,True,19,8,1.1707398891448975,0.12055468559265137,0.0010912418365478516,1.2923858165740967,137,19,6,43,16,123,148,52,111,997,0,875,12227
oliveira/04_10/randm08.02.02.07.020_0030.01.aba.beta,True,1,1,0.0009021759033203125,0.00029587745666503906,0.0007350444793701172,0.0019330978393554688,3,1,0,2,0,1,3,3,1,2,0,536,8587
oliveira/04_10/randm08.02.02.07.020_0030.02.aba.beta,True,1,1,0.0009477138519287109,0.0003104209899902344,0.0008535385131835938,0.002111673355102539,3,1,0,2,0,1,3,3,1,2,0,524,8514
oliveira/04_10/randm08.02.02.07.020_0030.03.aba.beta,True,1,1,0.000873565673828125,0.0003104209899902344,0.00067901611328125,0.0018630027770996094,3,1,0,2,0,1,3,3,1,2,0,519,8504
oliveira/04_10/randm08.02.02.07.020_0030.04.aba.beta,True,1,1,0.0008835792541503906,0.00029921531677246094,0.0006878376007080078,0.0018706321716308594,3,1,0,2,0,1,3,3,1,2,0,539,8604
oliveira/04_10/randm08.02.02.07.020_0030.05.aba.beta,True,1,1,0.0008823871612548828,0.00029754638671875,0.0006892681121826172,0.00186920166015625,3,1,0,2,0,1,3,3,1,2,0,530,8566
oliveira/04_10/randm08.02.02.08.020_0030.01.aba.beta,True,15,6,2.096874475479126,0.15825176239013672,0.0012004375457763672,2.256326675415039,175,15,4,39,9,135,444,65,125,1543,0,943,13347
oliveira/04_10/randm08.02.02.08.020_0030.02.aba.beta,True,9,6,1.3997561931610107,0.14690613746643066,0.0011131763458251953,1.5477755069732666,116,9,1,49,0,130,234,53,123,826,0,846,12896
oliveira/04_10/randm08.02.02.08.020_0030.03.aba.beta,True,17,6,1.1740174293518066,0.10123562812805176,0.0015833377838134766,1.2768363952636719,167,17,12,40,30,119,392,59,115,1408,0,1254,18801
oliveira/04_10/randm08.02.02.08.020_0030.04.aba.beta,True,8,6,0.7419278621673584,0.114227294921875,0.0008525848388671875,0.8570077419281006,96,8,1,46,0,97,132,60,91,580,0,666,9749
oliveira/04_10/randm08.02.02.08.020_0030.05.aba.beta,True,9,6,1.0046782493591309,0.06964540481567383,0.00113677978515625,1.075460433959961,136,9,15,35,32,88,361,54,95,1070,0,906,13603
oliveira/04_10/randm08.02.02.09.020_0030.01.aba.beta,True,12,7,0.3250458240509033,0.023421764373779297,0.0016360282897949219,0.35010361671447754,175,12,21,12,110,33,246,45,43,1312,0,1304,19885
oliveira/04_10/randm08.02.02.09.020_0030.02.aba.beta,True,9,7,0.3596823215484619,0.01887679100036621,0.0015387535095214844,0.3800978660583496,192,9,38,15,122,29,501,48,59,1615,0,1084,16611
oliveira/04_10/randm08.02.02.09.020_0030.03.aba.beta,True,9,7,0.6827950477600098,0.058593034744262695,0.0013554096221923828,0.7427434921264648,154,9,23,29,61,74,302,48,89,1120,0,1013,15467
oliveira/04_10/randm08.02.02.09.020_0030.04.aba.beta,True,13,7,0.47777843475341797,0.05269122123718262,0.0017173290252685547,0.5321869850158691,106,13,7,19,18,58,279,41,53,853,0,1344,20148
oliveira/04_10/randm08.02.02.09.020_0030.05.aba.beta,True,12,7,0.23548674583435059,0.028585433959960938,0.0016644001007080078,0.26573657989501953,81,12,4,27,0,39,130,35,32,549,0,1326,20216
oliveira/04_10/randm08.02.02.10.020_0030.01.aba.beta,True,26,7,0.5963718891143799,0.036830902099609375,0.0019023418426513672,0.6351051330566406,148,26,4,10,0,40,431,44,19,1649,0,1572,22265
oliveira/04_10/randm08.02.02.10.020_0030.02.aba.beta,True,11,7,2.0142126083374023,0.09407734870910645,0.002363443374633789,2.1106534004211426,270,11,69,24,148,97,603,74,156,2329,0,1687,26062
oliveira/04_10/randm08.02.02.10.020_0030.03.aba.beta,True,13,7,3.4588913917541504,0.1760094165802002,0.0012574195861816406,3.6361582279205322,402,13,94,53,210,176,739,79,258,3641,0,1008,14686
oliveira/04_10/randm08.02.02.10.020_0030.04.aba.beta,True,11,7,1.8425681591033936,0.09723687171936035,0.0020515918731689453,1.9418566226959229,296,11,52,26,152,105,650,69,147,2533,0,1597,24397
oliveira/04_10/randm08.02.02.10.020_0030.05.aba.beta,True,11,7,0.21093487739562988,0.012464761734008789,0.0016314983367919922,0.22503113746643066,175,11,15,7,95,18,450,46,23,1655,0,1301,20151
oliveira/04_10/randm08.02.02.11.020_0030.01.aba.beta,True,24,8,7.703350067138672,1.1609058380126953,0.0015006065368652344,8.865756511688232,235,24,2,110,2,525,306,69,504,1880,0,1236,17026
oliveira/04_10/randm08.02.02.11.020_0030.02.aba.beta,True,22,8,0.6176011562347412,0.07811403274536133,0.0029354095458984375,0.698650598526001,132,22,7,13,26,55,179,41,41,1015,0,2281,34893
oliveira/04_10/randm08.02.02.11.020_0030.03.aba.beta,True,18,8,6.342942714691162,0.3048825263977051,0.0018215179443359375,6.649646759033203,380,18,58,29,241,280,550,70,321,3326,0,1414,21321
oliveira/04_10/randm08.02.02.11.020_0030.04.aba.beta,True,12,8,0.20498299598693848,0.01837921142578125,0.0014505386352539062,0.22481274604797363,81,12,5,10,13,22,171,33,16,716,0,1177,17407
oliveira/04_10/randm08.02.02.11.020_0030.05.aba.beta,True,19,8,3.4127845764160156,0.2228074073791504,0.0017638206481933594,3.6373558044433594,245,19,49,32,93,199,377,61,230,2134,0,1436,20780
oliveira/04_10/randm08.02.02.12.020_0030.01.aba.beta,True,7,5,0.050759077072143555,0.005317211151123047,0.0009434223175048828,0.057019710540771484,48,7,3,7,0,9,219,20,6,447,0,747,11463
oliveira/04_10/randm08.02.02.12.020_0030.02.aba.beta,True,5,5,0.026888132095336914,0.004456520080566406,0.0007717609405517578,0.03211641311645508,25,5,3,10,0,8,43,21,7,174,0,604,9334
oliveira/04_10/randm08.02.02.12.020_0030.03.aba.beta,True,8,5,0.08814883232116699,0.00781702995300293,0.0013995170593261719,0.0973653793334961,51,8,3,6,0,11,228,26,7,544,0,1097,16755
oliveira/04_10/randm08.02.02.12.020_0030.04.aba.beta,True,8,5,0.05613589286804199,0.005174398422241211,0.0009975433349609375,0.06230783462524414,48,8,3,6,0,9,289,17,5,547,0,777,11693
oliveira/04_10/randm08.02.02.12.020_0030.05.aba.beta,True,4,5,0.0839684009552002,0.007352590560913086,0.0007302761077880859,0.09205126762390137,44,4,7,12,7,13,136,26,17,333,0,589,9117
oliveira/04_10/randm08.02.02.13.020_0030.01.aba.beta,True,20,8,6.15333366394043,0.35997891426086426,0.0019249916076660156,6.51523756980896,341,20,18,32,167,224,750,73,223,3249,0,1517,22352
oliveira/04_10/randm08.02.02.13.020_0030.02.aba.beta,True,12,8,5.605751276016235,0.3828389644622803,0.0017580986022949219,5.9903483390808105,292,12,66,42,126,256,626,75,311,2417,0,1364,20509
oliveira/04_10/randm08.02.02.13.020_0030.03.aba.beta,True,13,8,2.1801884174346924,0.13622045516967773,0.0014104843139648438,2.317819356918335,257,13,19,30,141,134,545,60,141,2165,0,1103,16491
oliveira/04_10/randm08.02.02.13.020_0030.04.aba.beta,True,16,8,3.4627764225006104,0.23717427253723145,0.0020384788513183594,3.70198917388916,235,16,10,26,65,131,729,68,126,2283,0,1603,24150
oliveira/04_10/randm08.02.02.13.020_0030.05.aba.beta,True,27,8,3.0891196727752686,0.3896806240081787,0.002792835235595703,3.481593132019043,254,27,4,19,5,112,1050,65,90,3005,0,2099,31264
oliveira/04_10/randm08.02.02.14.020_0030.01.aba.beta,True,17,6,0.44451260566711426,0.029400348663330078,0.002009153366088867,0.4759221076965332,114,17,4,5,5,21,538,42,9,1317,0,1570,23570
oliveira/04_10/randm08.02.02.14.020_0030.02.aba.beta,True,14,6,0.37471914291381836,0.025107622146606445,0.0016932487487792969,0.4015200138092041,116,14,3,6,5,23,501,39,13,1294,0,1348,20361
oliveira/04_10/randm08.02.02.14.020_0030.03.aba.beta,True,11,6,0.4414064884185791,0.027618885040283203,0.0011758804321289062,0.4702012538909912,90,11,3,5,5,28,355,39,21,957,0,933,14005
oliveira/04_10/randm08.02.02.14.020_0030.04.aba.beta,True,6,6,0.3083629608154297,0.03356051445007324,0.0013957023620605469,0.3433191776275635,88,6,10,21,24,44,270,39,49,701,0,1063,16941
oliveira/04_10/randm08.02.02.14.020_0030.05.aba.beta,True,11,6,0.25216102600097656,0.023262500762939453,0.0012969970703125,0.2767205238342285,94,11,5,8,5,26,397,34,21,1002,0,1077,15893
oliveira/04_10/randm08.02.02.15.020_0030.01.aba.beta,True,10,5,0.0833439826965332,0.008464813232421875,0.0010461807250976562,0.09285497665405273,56,10,2,12,2,15,184,28,8,501,0,826,12365
oliveira/04_10/randm08.02.02.15.020_0030.02.aba.beta,True,11,5,0.1020810604095459,0.009664297103881836,0.0013108253479003906,0.11305618286132812,80,11,2,9,2,16,319,29,8,775,0,1041,15815
oliveira/04_10/randm08.02.02.15.020_0030.03.aba.beta,True,9,5,0.04305553436279297,0.006276369094848633,0.0012242794036865234,0.050556182861328125,38,9,3,5,2,10,82,24,5,301,0,964,14634
oliveira/04_10/randm08.02.02.15.020_0030.04.aba.beta,True,8,5,0.07929182052612305,0.009178400039672852,0.0011272430419921875,0.08959746360778809,52,8,2,11,2,15,176,28,10,452,0,879,13427
oliveira/04_10/randm08.02.02.15.020_0030.05.aba.beta,True,18,5,0.21796488761901855,0.014540433883666992,0.0025739669799804688,0.23507928848266602,105,18,3,5,2,19,481,32,5,1169,0,2040,31010
oliveira/04_10/randm08.02.02.16.020_0030.01.aba.beta,True,10,5,0.08680129051208496,0.007669925689697266,0.0009999275207519531,0.09547114372253418,57,10,3,7,3,12,188,25,6,523,0,793,11719
oliveira/04_10/randm08.02.02.16.020_0030.02.aba.beta,True,9,5,0.11615180969238281,0.007817268371582031,0.0008983612060546875,0.12486743927001953,67,9,3,8,3,11,344,21,6,779,0,698,10447
oliveira/04_10/randm08.02.02.16.020_0030.03.aba.beta,True,8,5,0.0774984359741211,0.008180856704711914,0.0010287761688232422,0.08670806884765625,54,8,3,10,2,12,248,29,8,590,0,832,12668
oliveira/04_10/randm08.02.02.16.020_0030.04.aba.beta,True,6,5,0.19562268257141113,0.016933441162109375,0.0008463859558105469,0.21340250968933105,69,6,8,12,3,27,182,35,30,490,0,677,10292
oliveira/04_10/randm08.02.02.16.020_0030.05.aba.beta,True,6,5,0.206740140914917,0.017443418502807617,0.0010237693786621094,0.22520732879638672,85,6,10,12,8,28,382,36,33,800,0,802,12491
oliveira/04_10/randm08.02.02.17.020_0030.01.aba.beta,True,11,6,0.12181544303894043,0.015387296676635742,0.0009586811065673828,0.13816142082214355,66,11,4,16,16,26,109,36,20,440,0,772,11330
oliveira/04_10/randm08.02.02.17.020_0030.02.aba.beta,True,15,6,0.10362005233764648,0.012397527694702148,0.0016841888427734375,0.11770176887512207,74,15,4,9,0,18,251,29,8,822,0,1331,20198
oliveira/04_10/randm08.02.02.17.020_0030.03.aba.beta,True,14,6,0.1080331802368164,0.01369786262512207,0.0011754035949707031,0.12290644645690918,67,14,4,10,0,20,111,31,11,531,0,955,14112
oliveira/04_10/randm08.02.02.17.020_0030.04.aba.beta,True,9,6,0.07033109664916992,0.009248495101928711,0.00084686279296875,0.08042645454406738,78,9,11,14,41,16,96,36,19,478,0,674,10020
oliveira/04_10/randm08.02.02.17.020_0030.05.aba.beta,True,15,6,0.08469700813293457,0.011301517486572266,0.0012879371643066406,0.09728646278381348,63,15,4,10,0,19,188,33,9,594,0,998,15112
oliveira/04_10/randm08.02.02.18.020_0030.01.aba.beta,True,11,6,0.10037755966186523,0.014307260513305664,0.0008442401885986328,0.11552906036376953,50,11,5,10,2,19,113,29,14,406,0,692,10115
oliveira/04_10/randm08.02.02.18.020_0030.02.aba.beta,True,11,6,1.1063570976257324,0.06026911735534668,0.0018019676208496094,1.1684281826019287,118,11,5,16,21,64,477,48,59,1126,0,1385,21520
oliveira/04_10/randm08.02.02.18.020_0030.03.aba.beta,True,8,6,0.0759577751159668,0.008073091506958008,0.0011663436889648438,0.08519721031188965,45,8,4,4,4,12,158,25,9,345,0,905,13823
oliveira/04_10/randm08.02.02.18.020_0030.04.aba.beta,True,16,6,1.3057224750518799,0.08321881294250488,0.0019931793212890625,1.3909344673156738,141,16,2,14,2,79,511,49,66,1416,0,1569,23647
oliveira/04_10/randm08.02.02.18.020_0030.05.aba.beta,True,13,6,0.7993590831756592,0.05670738220214844,0.0016245841979980469,0.8576910495758057,137,13,6,12,22,69,439,48,63,1324,0,1253,19060
oliveira/04_10/randm08.02.02.19.020_0030.01.aba.beta,True,11,8,0.09179353713989258,0.010886907577514648,0.0010342597961425781,0.1037147045135498,72,11,9,8,24,15,98,37,14,518,0,835,12179
oliveira/04_10/randm08.02.02.19.020_0030.02.aba.beta,True,12,8,2.5859227180480957,0.12178373336791992,0.001482248306274414,2.70918869972229,345,12,72,23,250,140,636,55,201,3006,0,1167,18064
oliveira/04_10/randm08.02.02.19.020_0030.03.aba.beta,True,14,8,0.5975103378295898,0.04509472846984863,0.0010569095611572266,0.6436619758605957,165,14,24,15,93,50,209,49,61,1271,0,835,11832
oliveira/04_10/randm08.02.02.19.020_0030.04.aba.beta,True,9,8,5.359997034072876,0.2609419822692871,0.0008971691131591797,5.621836185455322,313,9,81,42,228,282,378,67,355,2347,0,684,10176
oliveira/04_10/randm08.02.02.19.020_0030.05.aba.beta,True,14,8,1.0391314029693604,0.07001256942749023,0.0011036396026611328,1.1102476119995117,150,14,15,10,60,71,268,55,73,1379,0,915,13193
oliveira/04_10/randm09.02.02.01.020_0030.01.aba.beta,True,17,9,11.963367938995361,0.5089881420135498,0.0027768611907958984,12.475132942199707,344,17,33,20,192,368,587,66,385,2993,0,2100,32509
oliveira/04_10/randm09.02.02.01.020_0030.02.aba.beta,True,9,7,0.21071147918701172,0.026977062225341797,0.0011224746704101562,0.23881101608276367,63,9,4,9,5,23,156,34,19,521,0,877,13425
oliveira/04_10/randm09.02.02.01.020_0030.03.aba.beta,True,15,9,48.358365535736084,3.1479854583740234,0.0019845962524414062,51.50833559036255,348,15,33,110,83,1576,499,73,1595,2662,0,1440,21713
oliveira/04_10/randm09.02.02.01.020_0030.04.aba.beta,True,19,9,12.551940441131592,0.5482707023620605,0.003345966339111328,13.103557109832764,421,19,45,30,235,353,816,78,380,3925,0,2589,39355
oliveira/04_10/randm09.02.02.01.020_0030.05.aba.beta,True,17,9,15.40958023071289,0.6323633193969727,0.003070831298828125,16.04501438140869,471,17,30,30,284,414,826,76,428,4373,0,2228,34165
oliveira/04_10/randm09.02.02.02.020_0030.01.aba.beta,True,22,8,0.6818327903747559,0.0601353645324707,0.0021619796752929688,0.7441301345825195,139,22,4,17,8,64,173,47,47,1131,0,1780,26097
oliveira/04_10/randm09.02.02.02.020_0030.02.aba.beta,True,23,7,0.33995842933654785,0.026345491409301758,0.0026290416717529297,0.36893296241760254,117,23,7,9,7,29,256,52,14,1107,0,2032,30451
oliveira/04_10/randm09.02.02.02.020_0030.03.aba.beta,True,29,8,0.8115096092224121,0.04841780662536621,0.003498077392578125,0.8634254932403564,234,29,14,8,78,49,448,69,35,2340,0,2771,41354
oliveira/04_10/randm09.02.02.02.020_0030.04.aba.beta,True,24,8,6.926235675811768,0.4059600830078125,0.002960205078125,7.335155963897705,321,24,14,56,98,335,414,71,326,2676,0,2275,34515
oliveira/04_10/randm09.02.02.02.020_0030.05.aba.beta,True,27,7,1.286313772201538,0.07688736915588379,0.002845287322998047,1.36604642868042,167,27,3,8,4,73,350,56,50,1643,0,2286,33729
oliveira/04_10/randm09.02.02.03.020_0030.01.aba.beta,True,12,8,4.025015115737915,0.18414998054504395,0.0016777515411376953,4.210842847824097,340,12,70,39,230,183,595,65,242,2751,0,1305,19824
oliveira/04_10/randm09.02.02.03.020_0030.02.aba.beta,True,14,8,0.2729189395904541,0.025736093521118164,0.0010814666748046875,0.29973649978637695,101,14,5,20,5,31,402,42,23,1039,0,889,13245
oliveira/04_10/randm09.02.02.03.020_0030.03.aba.beta,True,18,8,1.9513123035430908,1.1575489044189453,0.0014047622680664062,3.1102659702301025,174,18,4,19,8,100,447,56,87,2067,0,1088,15916
oliveira/04_10/randm09.02.02.03.020_0030.04.aba.beta,True,14,8,0.13125300407409668,0.011641979217529297,0.0014810562133789062,0.14437603950500488,86,14,6,9,9,15,288,35,8,1001,0,1144,16884
oliveira/04_10/randm09.02.02.03.020_0030.05.aba.beta,True,16,8,0.5317642688751221,0.052202701568603516,0.0013875961303710938,0.5853545665740967,199,16,18,15,84,46,458,51,49,1896,0,1149,16704
oliveira/04_10/randm09.02.02.04.020_0030.01.aba.beta,True,18,7,0.45844054222106934,0.034485578536987305,0.0014061927795410156,0.49433231353759766,101,18,4,10,0,35,353,42,22,1017,0,1085,15628
oliveira/04_10/randm09.02.02.04.020_0030.02.aba.beta,True,11,7,0.11264276504516602,0.012608528137207031,0.0010046958923339844,0.12625598907470703,102,11,11,15,39,19,239,38,20,802,0,772,11398
oliveira/04_10/randm09.02.02.04.020_0030.03.aba.beta,True,18,7,0.21325206756591797,0.027078628540039062,0.001199483871459961,0.241530179977417,73,18,4,9,0,33,109,43,20,604,0,990,14291
oliveira/04_10/randm09.02.02.04.020_0030.04.aba.beta,True,12,7,0.04334402084350586,0.007024288177490234,0.0010385513305664062,0.0514068603515625,41,12,6,6,0,12,53,28,7,309,0,839,12289
oliveira/04_10/randm09.02.02.04.020_0030.05.aba.beta,True,21,7,0.2940795421600342,0.03609514236450195,0.00183868408203125,0.3320133686065674,98,21,4,16,0,43,273,49,27,953,0,1454,21139
oliveira/04_10/randm09.02.02.05.020_0030.01.aba.beta,True,21,8,0.3313252925872803,0.027875900268554688,0.0013878345489501953,0.36058902740478516,118,21,6,10,0,29,304,48,15,1271,0,1133,15899
oliveira/04_10/randm09.02.02.05.020_0030.02.aba.beta,True,11,8,0.950188159942627,0.06943869590759277,0.0007946491241455078,1.0204215049743652,211,11,16,36,137,85,204,48,91,1593,0,642,9129
oliveira/04_10/randm09.02.02.05.020_0030.03.aba.beta,True,23,8,3.15261173248291,0.14660000801086426,0.0016851425170898438,3.3008968830108643,316,23,19,22,147,143,553,59,140,2826,0,1192,16649
oliveira/04_10/randm09.02.02.05.020_0030.04.aba.beta,True,20,8,0.9569270610809326,0.06761527061462402,0.0023097991943359375,1.0268521308898926,175,20,9,16,49,60,353,54,50,1753,0,1540,22695
oliveira/04_10/randm09.02.02.05.020_0030.05.aba.beta,True,9,8,0.9438247680664062,0.06045365333557129,0.0007989406585693359,1.0050773620605469,151,9,19,16,85,70,226,51,81,1097,0,653,9613
oliveira/04_10/randm09.02.02.06.020_0030.01.aba.beta,True,13,9,19.38945174217224,0.7184929847717285,0.0012836456298828125,20.109228372573853,510,13,214,42,296,533,788,86,735,4880,0,957,14061
oliveira/04_10/randm09.02.02.06.020_0030.02.aba.beta,True,16,9,13.802091598510742,0.7284455299377441,0.001161336898803711,14.53169846534729,357,16,57,44,209,567,516,69,609,2979,0,892,12466
oliveira/04_10/randm09.02.02.06.020_0030.03.aba.beta,True,22,9,0.9990315437316895,0.062062740325927734,0.0013530254364013672,1.0624473094940186,156,22,6,16,4,57,376,56,42,1902,0,1087,15362
oliveira/04_10/randm09.02.02.06.020_0030.04.aba.beta,True,3,9,123.73189949989319,2.8812944889068604,0.0007791519165039062,126.61397314071655,1066,3,308,133,826,2098,1327,98,2404,9595,0,558,8702
oliveira/04_10/randm09.02.02.06.020_0030.05.aba.beta,True,19,9,3.163479804992676,0.16099905967712402,0.0016658306121826172,3.3261446952819824,213,19,26,14,93,143,443,60,151,1791,0,1233,17881
oliveira/04_10/randm09.02.02.07.020_0030.01.aba.beta,True,1,1,0.0009124279022216797,0.0003085136413574219,0.0006787776947021484,0.00189971923828125,3,1,0,2,0,1,3,3,1,2,0,511,8445
oliveira/04_10/randm09.02.02.07.020_0030.02.aba.beta,True,1,1,0.0009021759033203125,0.0003025531768798828,0.0006711483001708984,0.0018758773803710938,3,1,0,2,0,1,3,3,1,2,0,530,8553
oliveira/04_10/randm09.02.02.07.020_0030.03.aba.beta,True,1,1,0.0009129047393798828,0.0003046989440917969,0.0007977485656738281,0.002015352249145508,3,1,0,2,0,1,3,3,1,2,0,533,8573
oliveira/04_10/randm09.02.02.07.020_0030.04.aba.beta,True,1,1,0.0009140968322753906,0.0003070831298828125,0.0006618499755859375,0.0018830299377441406,3,1,0,2,0,1,3,3,1,2,0,527,8550
oliveira/04_10/randm09.02.02.07.020_0030.05.aba.beta,True,1,1,0.0008747577667236328,0.00030303001403808594,0.0006642341613769531,0.0018420219421386719,3,1,0,2,0,1,3,3,1,2,0,536,8586
oliveira/04_10/randm09.02.02.08.020_0030.01.aba.beta,True,10,6,0.09576106071472168,0.011742115020751953,0.0009870529174804688,0.1084902286529541,82,10,8,14,33,19,93,26,18,502,0,762,11458
oliveira/04_10/randm09.02.02.08.020_0030.02.aba.beta,True,8,6,0.04761958122253418,0.005249500274658203,0.0008594989776611328,0.053728580474853516,73,8,8,7,30,9,133,32,10,481,0,681,10192
oliveira/04_10/randm09.02.02.08.020_0030.03.aba.beta,True,4,6,0.042174577713012695,0.004831075668334961,0.0007143020629882812,0.04771995544433594,95,4,16,12,69,10,107,33,23,608,0,563,8714
oliveira/04_10/randm09.02.02.08.020_0030.04.aba.beta,True,7,6,0.02215576171875,0.00365447998046875,0.00276947021484375,0.0285797119140625,33,7,5,6,8,7,34,24,6,128,0,2063,32716
oliveira/04_10/randm09.02.02.08.020_0030.05.aba.beta,True,7,6,0.023403167724609375,0.004099845886230469,0.002482891082763672,0.029985904693603516,33,7,5,6,8,7,37,24,6,132,0,1942,30903
oliveira/04_10/randm09.02.02.09.020_0030.01.aba.beta,True,8,9,3.00191068649292,0.10587573051452637,0.0016579627990722656,3.1094443798065186,270,8,29,25,160,108,713,48,130,2324,0,1090,17219
oliveira/04_10/randm09.02.02.09.020_0030.02.aba.beta,True,15,9,7.320452690124512,0.3965170383453369,0.0011353492736816406,7.71810507774353,194,15,16,44,38,390,301,66,392,1718,0,842,11979
oliveira/04_10/randm09.02.02.09.020_0030.03.aba.beta,True,3,9,8.058105945587158,0.28158044815063477,0.0008237361907958984,8.340510129928589,475,3,117,31,426,348,520,64,463,3592,0,550,8638
oliveira/04_10/randm09.02.02.09.020_0030.04.aba.beta,True,20,9,2.7270700931549072,0.138533353805542,0.0023348331451416016,2.867938280105591,228,20,35,12,128,128,467,59,144,2114,0,1732,25638
oliveira/04_10/randm09.02.02.09.020_0030.05.aba.beta,True,11,9,7.358965635299683,0.2855653762817383,0.001438140869140625,7.6459691524505615,516,11,87,30,424,281,668,67,358,4268,0,999,14904
oliveira/04_10/randm09.02.02.10.020_0030.01.aba.beta,True,16,6,0.15719032287597656,0.014690399169921875,0.0012538433074951172,0.17313456535339355,101,16,4,12,2,21,247,33,10,1175,0,980,14146
oliveira/04_10/randm09.02.02.10.020_0030.02.aba.beta,True,12,6,0.10129976272583008,0.010246992111206055,0.0009272098541259766,0.11247396469116211,77,12,4,9,4,15,167,30,8,747,0,718,10468
oliveira/04_10/randm09.02.02.10.020_0030.03.aba.beta,True,9,6,0.07283329963684082,0.009389162063598633,0.0010221004486083984,0.08324456214904785,53,9,4,10,2,13,98,27,9,340,0,776,11571
oliveira/04_10/randm09.02.02.10.020_0030.04.aba.beta,True,7,6,0.03820085525512695,0.005340576171875,0.0007679462432861328,0.044309377670288086,40,7,4,8,2,9,61,22,7,254,0,598,8944
oliveira/04_10/randm09.02.02.10.020_0030.05.aba.beta,True,6,6,0.24555277824401855,0.02479410171508789,0.0007734298706054688,0.2711203098297119,95,6,18,21,38,37,121,40,50,605,0,596,8919
oliveira/04_10/randm09.02.02.11.020_0030.01.aba.beta,True,13,8,1.3375191688537598,0.07729911804199219,0.0012693405151367188,1.4160876274108887,190,13,20,16,66,73,500,57,81,1917,0,940,13743
oliveira/04_10/randm09.02.02.11.020_0030.02.aba.beta,True,13,8,2.5960960388183594,0.12260317802429199,0.0010509490966796875,2.719750165939331,357,13,55,24,253,135,491,63,178,2977,0,783,11409
oliveira/04_10/randm09.02.02.11.020_0030.03.aba.beta,True,12,8,0.9209301471710205,0.048018455505371094,0.0010461807250976562,0.9699947834014893,300,12,36,23,218,56,443,66,81,2649,0,768,11193
oliveira/04_10/randm09.02.02.11.020_0030.04.aba.beta,True,8,8,1.050203561782837,0.07346224784851074,0.0009045600891113281,1.124570369720459,166,8,30,12,95,82,259,52,105,1263,0,639,9476
oliveira/04_10/randm09.02.02.11.020_0030.05.aba.beta,True,7,8,0.5411577224731445,0.027530193328857422,0.0008435249328613281,0.5695314407348633,251,7,50,16,184,39,477,57,83,2144,0,649,9895
oliveira/04_10/randm09.02.02.12.020_0030.01.aba.beta,True,8,8,0.4975907802581787,0.04736208915710449,0.0007650852203369141,0.5457179546356201,99,8,17,22,50,60,111,43,70,569,0,598,8900
oliveira/04_10/randm09.02.02.12.020_0030.02.aba.beta,True,21,8,0.26535987854003906,0.020842552185058594,0.0014178752899169922,0.28762030601501465,178,21,19,15,95,33,225,53,32,1268,0,1147,16313
oliveira/04_10/randm09.02.02.12.020_0030.03.aba.beta,True,18,8,1.3008174896240234,0.0959782600402832,0.001238107681274414,1.398033857345581,174,18,12,26,63,104,351,51,99,1496,0,937,13136
oliveira/04_10/randm09.02.02.12.020_0030.04.aba.beta,True,22,8,0.8685512542724609,0.0819084644317627,0.0015783309936523438,0.952038049697876,121,22,4,27,0,83,224,51,66,1093,0,1150,16189
oliveira/04_10/randm09.02.02.12.020_0030.05.aba.beta,True,11,8,0.5801670551300049,0.03705596923828125,0.001333475112915039,0.6185564994812012,143,11,18,14,71,47,279,41,55,1250,0,968,14288
oliveira/04_10/randm09.02.02.13.020_0030.01.aba.beta,True,17,8,0.48317432403564453,0.04558420181274414,0.0019023418426513672,0.53066086769104,120,17,9,14,41,52,191,48,45,977,0,1446,21758
oliveira/04_10/randm09.02.02.13.020_0030.02.aba.beta,True,13,8,3.54610276222229,0.14503765106201172,0.0012598037719726562,3.6924002170562744,403,13,76,19,284,142,600,71,206,3489,0,924,13489
oliveira/04_10/randm09.02.02.13.020_0030.03.aba.beta,True,24,8,9.147335052490234,0.9974477291107178,0.002191781997680664,10.146974563598633,304,24,3,60,0,363,556,79,343,3335,0,1514,21848
oliveira/04_10/randm09.02.02.13.020_0030.04.aba.beta,True,14,8,5.481734037399292,0.21155905723571777,0.0014073848724365234,5.694700479507446,608,14,92,37,479,199,744,79,278,5233,0,963,13981
oliveira/04_10/randm09.02.02.13.020_0030.05.aba.beta,True,25,8,5.277349948883057,0.40265345573425293,0.0025794506072998047,5.682582855224609,259,25,14,68,31,358,664,75,348,2396,0,1809,26328
oliveira/04_10/randm09.02.02.14.020_0030.01.aba.beta,True,9,6,0.06052827835083008,0.006740570068359375,0.0012595653533935547,0.06852841377258301,43,9,5,7,3,9,117,25,6,398,0,916,13841
oliveira/04_10/randm09.02.02.14.020_0030.02.aba.beta,True,10,6,0.10888290405273438,0.007554054260253906,0.0010924339294433594,0.11752939224243164,72,10,5,6,1,10,273,29,6,748,0,843,12393
oliveira/04_10/randm09.02.02.14.020_0030.03.aba.beta,True,6,6,0.08177757263183594,0.011380434036254883,0.0009837150573730469,0.09414172172546387,54,6,3,16,0,16,211,25,14,514,0,662,10106
oliveira/04_10/randm09.02.02.14.020_0030.04.aba.beta,True,9,6,0.06686639785766602,0.0072634220123291016,0.0014095306396484375,0.07553935050964355,62,9,5,6,1,9,297,30,6,652,0,998,15264
oliveira/04_10/randm09.02.02.14.020_0030.05.aba.beta,True,7,6,0.3851468563079834,0.032558441162109375,0.0010187625885009766,0.41872406005859375,78,7,14,23,12,45,179,37,53,570,0,713,10771
oliveira/04_10/randm09.02.02.15.020_0030.01.aba.beta,True,10,8,0.38623738288879395,0.021555185317993164,0.0019350051879882812,0.4097275733947754,155,10,25,6,83,26,388,46,42,1355,0,1409,21686
oliveira/04_10/randm09.02.02.15.020_0030.02.aba.beta,True,6,8,0.6224842071533203,0.03976941108703613,0.0009615421295166016,0.663215160369873,206,6,50,16,159,47,245,54,92,1484,0,627,9421
oliveira/04_10/randm09.02.02.15.020_0030.03.aba.beta,True,9,8,0.528022050857544,0.03792548179626465,0.0008900165557861328,0.5668375492095947,163,9,37,16,108,52,246,46,81,1116,0,627,9452
oliveira/04_10/randm09.02.02.15.020_0030.04.aba.beta,True,6,8,0.3885042667388916,0.02454829216003418,0.0009229183197021484,0.41397547721862793,191,6,34,16,146,34,274,49,63,1307,0,630,9694
oliveira/04_10/randm09.02.02.15.020_0030.05.aba.beta,True,6,8,0.7363300323486328,0.05890512466430664,0.0009741783142089844,0.7962093353271484,133,6,27,22,86,77,157,38,99,774,0,617,9763
oliveira/04_10/randm09.02.02.16.020_0030.01.aba.beta,True,4,6,0.06981658935546875,0.006891965866088867,0.0008559226989746094,0.07756447792053223,96,4,13,14,60,11,157,32,21,579,0,642,10092
oliveira/04_10/randm09.02.02.16.020_0030.02.aba.beta,True,9,6,0.41062045097351074,0.02953314781188965,0.0012717247009277344,0.4414253234863281,118,9,13,17,47,37,230,43,42,885,0,903,13480
oliveira/04_10/randm09.02.02.16.020_0030.03.aba.beta,True,10,6,0.27043771743774414,0.018201351165771484,0.0014007091522216797,0.2900397777557373,99,10,9,10,21,23,311,39,23,899,0,1073,16554
oliveira/04_10/randm09.02.02.16.020_0030.04.aba.beta,True,3,6,0.1238245964050293,0.010728120803833008,0.0007359981536865234,0.13528871536254883,102,3,17,12,61,19,143,35,34,596,0,558,8739
oliveira/04_10/randm09.02.02.16.020_0030.05.aba.beta,True,5,6,0.019581079483032227,0.0030028820037841797,0.0008018016815185547,0.02338576316833496,25,5,5,7,1,5,48,20,6,163,0,619,9494
oliveira/04_10/randm09.02.02.17.020_0030.01.aba.beta,True,12,9,20.4110004901886,0.6475439071655273,0.0016417503356933594,21.06018614768982,679,12,128,36,530,543,1088,81,660,6291,0,1122,17316
oliveira/04_10/randm09.02.02.17.020_0030.02.aba.beta,True,31,9,1.410214900970459,0.09778022766113281,0.0030760765075683594,1.5110712051391602,185,31,6,11,2,63,608,67,39,2386,0,2217,32771
oliveira/04_10/randm09.02.02.17.020_0030.03.aba.beta,True,18,9,0.44577741622924805,0.028535842895507812,0.0014193058013916016,0.47573256492614746,322,18,30,11,231,31,450,67,44,2782,0,1108,16192
oliveira/04_10/randm09.02.02.17.020_0030.04.aba.beta,True,12,9,45.10413217544556,2.4954605102539062,0.001062631607055664,47.60065531730652,432,12,43,172,158,1494,560,76,1526,3387,0,754,10941
oliveira/04_10/randm09.02.02.17.020_0030.05.aba.beta,True,19,9,2.63919997215271,0.18912267684936523,0.0030841827392578125,2.831406831741333,194,19,18,22,72,178,390,65,178,1732,0,2210,33674
oliveira/04_10/randm09.02.02.18.020_0030.01.aba.beta,True,17,7,0.6035730838775635,0.052967071533203125,0.0014264583587646484,0.6579666137695312,133,17,4,14,2,42,394,43,30,1585,0,1093,15887
oliveira/04_10/randm09.02.02.18.020_0030.02.aba.beta,True,18,7,1.4247474670410156,0.1377425193786621,0.001355886459350586,1.5638458728790283,147,18,7,34,8,118,292,48,108,1399,0,987,14387
oliveira/04_10/randm09.02.02.18.020_0030.03.aba.beta,True,16,7,1.8037219047546387,0.10227751731872559,0.0018355846405029297,1.9078350067138672,176,16,22,25,41,99,412,58,106,1901,0,1312,19532
oliveira/04_10/randm09.02.02.18.020_0030.04.aba.beta,True,18,7,0.8896303176879883,0.04941391944885254,0.0019447803497314453,0.9409890174865723,191,18,11,8,43,41,595,45,35,2344,0,1379,20205
oliveira/04_10/randm09.02.02.18.020_0030.05.aba.beta,True,17,7,0.33339643478393555,0.028232097625732422,0.0018813610076904297,0.3635098934173584,143,17,5,12,2,23,553,41,12,2046,0,1303,19464
oliveira/04_10/randm09.02.02.19.020_0030.01.aba.beta,True,15,8,7.2517313957214355,0.676375150680542,0.0017852783203125,7.92989182472229,265,15,16,75,79,413,519,63,415,2338,0,1312,19645
oliveira/04_10/randm09.02.02.19.020_0030.02.aba.beta,True,11,8,22.359822511672974,1.8253045082092285,0.0021791458129882812,24.18730616569519,288,11,7,175,28,944,431,85,941,2074,0,1558,24040
oliveira/04_10/randm09.02.02.19.020_0030.03.aba.beta,True,14,8,2.8913512229919434,0.18555593490600586,0.0014240741729736328,3.078331232070923,250,14,16,38,94,160,499,61,163,2392,0,1071,15647
oliveira/04_10/randm09.02.02.19.020_0030.04.aba.beta,True,15,8,10.906516551971436,0.637580394744873,0.0017940998077392578,11.545891046524048,293,15,25,79,87,522,598,78,533,2604,0,1315,19620
oliveira/04_10/randm09.02.02.19.020_0030.05.aba.beta,True,20,8,9.322617769241333,0.4552159309387207,0.0022172927856445312,9.780050992965698,309,20,18,48,105,356,667,66,355,2780,0,1594,23492
oliveira/04_10/randm10.02.02.01.020_0030.01.aba.beta,True,6,6,0.022824764251708984,0.0036382675170898438,0.0009796619415283203,0.02744269371032715,49,6,10,10,17,7,52,28,12,236,0,740,11341
oliveira/04_10/randm10.02.02.01.020_0030.02.aba.beta,True,6,6,0.059395790100097656,0.006378173828125,0.0008563995361328125,0.06663036346435547,76,6,15,16,38,13,87,38,23,420,0,643,9786
oliveira/04_10/randm10.02.02.01.020_0030.03.aba.beta,True,5,6,0.03702187538146973,0.006293773651123047,0.0007877349853515625,0.044103384017944336,33,5,4,13,4,10,37,23,10,139,0,568,8715
oliveira/04_10/randm10.02.02.01.020_0030.04.aba.beta,True,9,6,0.15089726448059082,0.017808198928833008,0.0008821487426757812,0.1695876121520996,75,9,5,21,2,27,190,30,24,653,0,647,9463
oliveira/04_10/randm10.02.02.01.020_0030.05.aba.beta,True,8,6,0.06772875785827637,0.009295225143432617,0.002458333969116211,0.0794823169708252,48,8,7,11,12,16,51,25,16,219,0,1769,28021
oliveira/04_10/randm10.02.02.02.020_0030.01.aba.beta,True,10,9,1.6365330219268799,0.07194256782531738,0.0014371871948242188,1.7099127769470215,205,10,34,20,122,86,428,59,111,1626,0,982,14565
oliveira/04_10/randm10.02.02.02.020_0030.02.aba.beta,True,24,9,3.41050386428833,0.19297409057617188,0.002755403518676758,3.6062333583831787,342,24,37,13,165,146,656,76,160,3231,0,2009,29900
oliveira/04_10/randm10.02.02.02.020_0030.03.aba.beta,True,23,9,2.79158353805542,0.13845396041870117,0.0024619102478027344,2.932499408721924,379,23,38,20,230,122,745,72,138,3492,0,1780,26766
oliveira/04_10/randm10.02.02.02.020_0030.04.aba.beta,True,13,9,5.07672381401062,0.2688102722167969,0.0012309551239013672,5.346765041351318,324,13,49,25,201,264,595,76,301,2768,0,900,13399
oliveira/04_10/randm10.02.02.02.020_0030.05.aba.beta,True,20,9,12.692946434020996,0.5537440776824951,0.0015425682067871094,13.248233079910278,529,20,68,34,373,452,686,76,501,4624,0,1131,15809
oliveira/04_10/randm10.02.02.03.020_0030.01.aba.beta,True,11,8,0.42957425117492676,0.03471708297729492,0.0011997222900390625,0.46549105644226074,166,11,33,17,112,41,178,56,64,1080,0,877,12942
oliveira/04_10/randm10.02.02.03.020_0030.02.aba.beta,True,11,8,0.23891973495483398,0.015799760818481445,0.001215219497680664,0.2559347152709961,188,11,23,11,100,19,350,52,32,1552,0,941,13783
oliveira/04_10/randm10.02.02.03.020_0030.03.aba.beta,True,13,8,3.025947332382202,0.1487727165222168,0.001537322998046875,3.176257371902466,257,13,36,19,153,155,424,53,179,2272,0,1136,17280
oliveira/04_10/randm10.02.02.03.020_0030.04.aba.beta,True,12,8,1.087066411972046,0.08378100395202637,0.0012695789337158203,1.172116994857788,162,12,23,23,77,94,307,56,106,1213,0,978,14458
oliveira/04_10/randm10.02.02.03.020_0030.05.aba.beta,True,25,8,1.4985926151275635,0.1413581371307373,0.0018649101257324219,1.6418156623840332,179,25,5,18,2,77,469,46,58,1973,0,1478,21093
oliveira/04_10/randm10.02.02.04.020_0030.01.aba.beta,True,7,5,0.022948265075683594,0.003704547882080078,0.0007963180541992188,0.02744913101196289,26,7,4,7,0,7,33,20,5,243,0,645,9544
oliveira/04_10/randm10.02.02.04.020_0030.02.aba.beta,True,7,5,0.043622493743896484,0.00553584098815918,0.0008034706115722656,0.04996180534362793,38,7,3,11,0,10,83,22,7,260,0,614,9100
oliveira/04_10/randm10.02.02.04.020_0030.03.aba.beta,True,8,5,0.07533144950866699,0.011634349822998047,0.0007688999176025391,0.08773469924926758,39,8,2,16,0,22,48,22,17,241,0,605,9271
oliveira/04_10/randm10.02.02.04.020_0030.04.aba.beta,True,8,5,0.024300813674926758,0.004186391830444336,0.0008385181427001953,0.02932572364807129,27,8,4,7,0,8,49,20,5,189,0,673,10076
oliveira/04_10/randm10.02.02.04.020_0030.05.aba.beta,True,4,5,0.014228343963623047,0.002456188201904297,0.0007724761962890625,0.017457008361816406,20,4,3,7,0,5,41,17,5,119,0,614,9398
oliveira/04_10/randm10.02.02.05.020_0030.01.aba.beta,True,18,8,1.1657545566558838,0.0784769058227539,0.0020706653594970703,1.2463021278381348,219,18,27,23,112,82,303,61,92,1596,0,1570,24086
oliveira/04_10/randm10.02.02.05.020_0030.02.aba.beta,True,9,7,0.20612239837646484,0.026193618774414062,0.0014007091522216797,0.23371672630310059,65,9,4,19,0,30,189,37,26,500,0,1081,16432
oliveira/04_10/randm10.02.02.05.020_0030.03.aba.beta,True,11,8,0.31943821907043457,0.019367456436157227,0.0016858577728271484,0.34049153327941895,172,11,36,14,96,23,413,61,49,1508,0,1344,20588
oliveira/04_10/randm10.02.02.05.020_0030.04.aba.beta,True,11,8,0.13422703742980957,0.009611129760742188,0.0031805038452148438,0.1470186710357666,89,11,7,8,16,11,344,40,8,860,0,2236,34797
oliveira/04_10/randm10.02.02.05.020_0030.05.aba.beta,True,18,8,2.606156826019287,0.1389939785003662,0.003930330276489258,2.7490811347961426,299,18,58,19,112,96,719,71,137,3127,0,2869,44451
oliveira/04_10/randm10.02.02.06.020_0030.01.aba.beta,True,12,9,1.9181578159332275,0.09626388549804688,0.001302480697631836,2.0157241821289062,239,12,26,15,163,125,311,53,140,1962,0,930,13757
oliveira/04_10/randm10.02.02.06.020_0030.02.aba.beta,True,17,9,2.099520444869995,0.21304821968078613,0.0021944046020507812,2.314763069152832,207,17,12,12,73,96,558,52,92,2224,0,1539,23217
oliveira/04_10/randm10.02.02.06.020_0030.03.aba.beta,True,19,9,22.7143075466156,0.9401702880859375,0.0018157958984375,23.656293630599976,421,19,65,40,204,645,690,79,692,3961,0,1341,19513
oliveira/04_10/randm10.02.02.06.020_0030.04.aba.beta,True,20,9,33.94736456871033,2.5161924362182617,0.0013980865478515625,36.46495509147644,417,20,21,97,127,1072,652,78,1074,4125,0,1054,15086
oliveira/04_10/randm10.02.02.06.020_0030.05.aba.beta,True,22,9,3.2048873901367188,0.36145734786987305,0.0016369819641113281,3.567981719970703,196,22,5,46,19,196,319,61,180,2148,0,1260,18329
oliveira/04_10/randm10.02.02.07.020_0030.01.aba.beta,True,16,9,26.56605863571167,0.8026957511901855,0.0017676353454589844,27.370522022247314,723,16,148,25,585,583,1031,86,716,6761,0,1349,20188
oliveira/04_10/randm10.02.02.07.020_0030.02.aba.beta,True,19,9,18.164118766784668,1.127932071685791,0.0013442039489746094,19.293395042419434,441,19,33,71,254,662,637,65,677,3736,0,1039,14982
oliveira/04_10/randm10.02.02.07.020_0030.03.aba.beta,True,13,9,0.5899612903594971,0.03093409538269043,0.001859426498413086,0.6227548122406006,204,13,33,9,111,32,581,61,53,1786,0,1455,22227
oliveira/04_10/randm10.02.02.07.020_0030.04.aba.beta,True,20,9,6.4348108768463135,0.30385589599609375,0.002259969711303711,6.740926742553711,343,20,30,37,123,246,675,76,257,3574,0,1715,25180
oliveira/04_10/randm10.02.02.07.020_0030.05.aba.beta,True,15,9,11.076255321502686,0.6422033309936523,0.001285552978515625,11.719744205474854,335,15,29,77,152,497,555,74,512,2808,0,1041,15172
oliveira/04_10/randm10.02.02.08.020_0030.01.aba.beta,True,8,9,2.03489351272583,0.13337087631225586,0.0007963180541992188,2.169060707092285,195,8,57,29,133,155,252,57,205,1292,0,603,8987
oliveira/04_10/randm10.02.02.08.020_0030.02.aba.beta,True,19,9,1.415510654449463,0.09515070915222168,0.0012216567993164062,1.511883020401001,201,19,16,23,55,106,402,48,104,1997,0,931,13172
oliveira/04_10/randm10.02.02.08.020_0030.03.aba.beta,True,10,9,3.9753856658935547,0.24043059349060059,0.0008103847503662109,4.2166266441345215,270,10,51,35,183,279,320,55,321,1986,0,637,9178
oliveira/04_10/randm10.02.02.08.020_0030.04.aba.beta,True,8,9,7.159645318984985,0.4168736934661865,0.0008664131164550781,7.577385425567627,280,8,35,26,194,405,337,57,433,2078,0,618,9168
oliveira/04_10/randm10.02.02.08.020_0030.05.aba.beta,True,13,9,2.6455259323120117,0.09372282028198242,0.0010001659393310547,2.740248918533325,231,13,37,24,109,124,433,53,149,2055,0,774,11233
oliveira/04_10/randm10.02.02.09.020_0030.01.aba.beta,True,11,7,1.2232739925384521,0.08500885963439941,0.0011315345764160156,1.3094143867492676,212,11,29,26,126,101,262,50,120,1482,0,833,12497
oliveira/04_10/randm10.02.02.09.020_0030.02.aba.beta,True,7,7,0.2214341163635254,0.014524221420288086,0.0008230209350585938,0.23678135871887207,83,7,12,11,26,19,339,34,25,735,0,635,9709
oliveira/04_10/randm10.02.02.09.020_0030.03.aba.beta,True,15,7,0.2075190544128418,0.017762422561645508,0.0010378360748291016,0.2263193130493164,106,15,12,11,11,23,272,44,21,1053,0,837,12135
oliveira/04_10/randm10.02.02.09.020_0030.04.aba.beta,True,18,7,2.1172540187835693,0.10478019714355469,0.0012810230255126953,2.2233152389526367,287,18,36,23,129,110,592,58,129,2847,0,999,14508
oliveira/04_10/randm10.02.02.09.020_0030.05.aba.beta,True,12,7,2.096710205078125,0.11354827880859375,0.0013027191162109375,2.2115612030029297,258,12,36,37,146,126,549,56,151,2202,0,935,13965
oliveira/04_10/randm10.02.02.10.020_0030.01.aba.beta,True,8,7,0.0926673412322998,0.008930683135986328,0.0007545948028564453,0.10235261917114258,105,8,19,13,59,15,246,40,27,773,0,625,9359
oliveira/04_10/randm10.02.02.10.020_0030.02.aba.beta,True,10,7,0.1334233283996582,0.013033866882324219,0.0010807514190673828,0.1475379467010498,110,10,26,18,53,20,196,48,37,725,0,851,12745
oliveira/04_10/randm10.02.02.10.020_0030.03.aba.beta,True,13,7,0.27662110328674316,0.0186460018157959,0.0010638236999511719,0.29633092880249023,135,13,13,12,56,25,376,49,26,1264,0,800,11469
oliveira/04_10/randm10.02.02.10.020_0030.04.aba.beta,True,8,7,0.15693926811218262,0.018785476684570312,0.0008819103240966797,0.1766066551208496,68,8,6,19,18,29,96,33,28,419,0,633,9419
oliveira/04_10/randm10.02.02.10.020_0030.05.aba.beta,True,13,7,0.49740147590637207,0.03346848487854004,0.001196146011352539,0.5320661067962646,133,13,21,10,50,43,245,46,52,1095,0,930,13703
oliveira/04_10/randm10.02.02.11.020_0030.01.aba.beta,True,11,7,0.07944464683532715,0.011495113372802734,0.0007724761962890625,0.09171223640441895,56,11,4,14,0,18,49,32,12,357,0,639,9113
oliveira/04_10/randm10.02.02.11.020_0030.02.aba.beta,True,8,7,0.27193355560302734,0.02238917350769043,0.0007319450378417969,0.29505467414855957,115,8,23,18,60,33,213,49,49,770,0,609,9056
oliveira/04_10/randm10.02.02.11.020_0030.03.aba.beta,True,14,7,0.24143075942993164,0.026386737823486328,0.0007598400115966797,0.26857733726501465,110,14,7,19,34,35,119,38,29,748,0,657,9257
oliveira/04_10/randm10.02.02.11.020_0030.04.aba.beta,True,10,7,0.11612820625305176,0.012927532196044922,0.0010137557983398438,0.13006949424743652,94,10,7,11,38,18,139,35,16,687,0,824,12192
oliveira/04_10/randm10.02.02.11.020_0030.05.aba.beta,True,11,7,0.06513667106628418,0.008763790130615234,0.0010008811950683594,0.07490134239196777,69,11,8,10,26,14,84,38,12,507,0,804,11858
oliveira/04_10/randm10.02.02.12.020_0030.01.aba.beta,True,10,8,2.1505203247070312,0.12502145767211914,0.0009362697601318359,2.2764780521392822,423,10,64,27,330,142,539,67,197,3582,0,711,10320
oliveira/04_10/randm10.02.02.12.020_0030.02.aba.beta,True,22,8,13.616974592208862,0.6913900375366211,0.0019106864929199219,14.310275316238403,403,22,25,49,140,455,600,68,459,3708,0,1417,21092
oliveira/04_10/randm10.02.02.12.020_0030.03.aba.beta,True,21,8,2.5899300575256348,0.16446757316589355,0.0012917518615722656,2.7556893825531006,258,21,27,18,119,172,429,55,179,2463,0,989,14041
oliveira/04_10/randm10.02.02.12.020_0030.04.aba.beta,True,14,8,2.0948824882507324,0.13407015800476074,0.0009686946868896484,2.229921340942383,165,14,18,26,64,153,237,50,158,1382,0,715,10190
oliveira/04_10/randm10.02.02.12.020_0030.05.aba.beta,True,24,8,3.2206170558929443,0.1718900203704834,0.002164125442504883,3.3946712017059326,280,24,38,21,104,154,553,75,169,2797,0,1546,22152
oliveira/04_10/randm10.02.02.13.020_0030.01.aba.beta,True,14,6,0.4271385669708252,0.03495645523071289,0.0009329319000244141,0.4630279541015625,138,14,19,17,42,49,243,50,55,1139,0,724,10168
oliveira/04_10/randm10.02.02.13.020_0030.02.aba.beta,True,9,6,0.06489205360412598,0.007874727249145508,0.0012657642364501953,0.07403254508972168,54,9,4,10,3,12,253,30,8,599,0,986,15298
oliveira/04_10/randm10.02.02.13.020_0030.03.aba.beta,True,7,6,0.21170616149902344,0.017747879028320312,0.001199483871459961,0.2306535243988037,112,7,16,13,35,25,484,41,35,1099,0,907,14042
oliveira/04_10/randm10.02.02.13.020_0030.04.aba.beta,True,16,6,0.37300634384155273,0.02711653709411621,0.0015270709991455078,0.40164995193481445,136,16,11,16,16,38,518,41,34,1473,0,1162,17332
oliveira/04_10/randm10.02.02.13.020_0030.05.aba.beta,True,15,6,0.22201061248779297,0.01894831657409668,0.0014963150024414062,0.24245524406433105,89,15,3,11,0,24,407,36,13,924,0,1194,17585
oliveira/04_10/randm10.02.02.14.020_0030.01.aba.beta,True,17,9,16.648282527923584,0.5473253726959229,0.0015726089477539062,17.19718050956726,577,17,74,34,387,465,794,84,523,5363,0,1205,17372
oliveira/04_10/randm10.02.02.14.020_0030.02.aba.beta,True,16,9,32.93751382827759,1.628791093826294,0.0010099411010742188,34.567314863204956,583,16,32,138,277,1082,720,78,1099,5444,0,780,11064
oliveira/04_10/randm10.02.02.14.020_0030.03.aba.beta,True,27,9,68.30857229232788,2.4092235565185547,0.0036668777465820312,70.72146272659302,591,27,44,107,192,1178,1264,91,1196,6093,0,2632,39993
