file name,succeeded,learning_rounds,automaton_size,learning_time,smt_time,eq_oracle_time,total_time,queries_learning,validity_query,rule1,rule2,rule3,rule4,nodes,informative_nodes,analyzed_bases,sul_steps,cache_saved,queries_eq_oracle,steps_eq_oracle
lee_alpharegex/1,True,4,3,0.012055397033691406,0.0023703575134277344,1.6450881958007812e-05,0.014442205429077148,14,4,2,5,2,5,11,10,4,30,0,35,82
lee_alpharegex/2,True,7,3,0.016481399536132812,0.0042874813079833984,2.574920654296875e-05,0.02079463005065918,16,7,0,3,0,10,10,7,4,34,0,56,167
lee_alpharegex/3,True,4,5,0.02592754364013672,0.004687786102294922,3.6716461181640625e-05,0.03065204620361328,25,4,3,8,4,8,28,17,8,90,0,73,348
lee_alpharegex/4,True,7,4,0.01440739631652832,0.0035707950592041016,2.0742416381835938e-05,0.017998933792114258,19,7,3,5,0,7,13,10,4,49,0,45,129
lee_alpharegex/5,True,5,4,0.02050638198852539,0.004395008087158203,0.0001456737518310547,0.02504706382751465,22,5,2,9,2,8,18,17,6,68,0,77,295
lee_alpharegex/6,True,2,3,0.003318309783935547,0.0008478164672851562,4.6253204345703125e-05,0.004212379455566406,10,2,2,4,2,2,11,8,3,22,0,95,485
lee_alpharegex/7,True,5,3,0.013601541519165039,0.003144979476928711,2.1219253540039062e-05,0.01676774024963379,26,5,2,6,7,7,28,10,5,92,0,39,157
lee_alpharegex/8,True,2,2,0.004251241683959961,0.0009992122650146484,8.58306884765625e-06,0.005259037017822266,8,2,1,5,0,3,7,5,3,12,0,16,69
lee_alpharegex/10,True,9,4,0.026095151901245117,0.004905223846435547,4.1484832763671875e-05,0.031041860580444336,33,9,3,5,7,10,31,13,5,110,0,102,283
lee_alpharegex/11,True,3,3,0.007543087005615234,0.0015408992767333984,1.239776611328125e-05,0.009096384048461914,14,3,2,5,2,4,14,6,4,33,0,27,79
lee_alpharegex/12,True,6,4,0.017868518829345703,0.003381967544555664,2.193450927734375e-05,0.02127242088317871,26,6,2,5,2,7,34,7,4,109,0,33,178
lee_alpharegex/13,True,10,4,0.03620314598083496,0.005918741226196289,4.696846008300781e-05,0.04216885566711426,42,10,3,5,2,10,59,13,4,210,0,94,349
lee_alpharegex/14,True,4,3,0.008895635604858398,0.0018763542175292969,3.528594970703125e-05,0.010807275772094727,14,4,2,5,2,5,13,10,4,40,0,81,321
lee_alpharegex/15,True,7,3,0.013115644454956055,0.00310516357421875,2.956390380859375e-05,0.0162503719329834,17,7,2,4,0,7,11,10,3,43,0,74,214
lee_alpharegex/16,True,4,3,0.008342742919921875,0.001905202865600586,3.4332275390625e-05,0.010282278060913086,11,4,1,4,0,5,8,7,3,20,0,86,288
lee_alpharegex/17,True,10,5,0.1698157787322998,0.027742385864257812,4.220008850097656e-05,0.1976003646850586,48,10,1,21,0,49,40,12,41,180,0,82,302
lee_alpharegex/18,True,11,4,0.0544283390045166,0.01042485237121582,4.7206878662109375e-05,0.06490039825439453,39,11,1,7,0,19,35,11,10,149,0,85,358
lee_alpharegex/19,True,3,4,0.009652853012084961,0.0017201900482177734,6.914138793945312e-05,0.011442184448242188,15,3,3,6,2,4,14,12,5,38,0,134,615
lee_alpharegex/20,True,3,3,0.00684666633605957,0.0015687942504882812,8.463859558105469e-05,0.008500099182128906,12,3,2,5,2,4,10,7,4,24,0,175,817
lee_alpharegex/21,True,6,3,0.01648736000061035,0.004019737243652344,1.811981201171875e-05,0.020525217056274414,17,6,0,3,0,10,13,6,5,43,0,30,126
lee_alpharegex/22,True,16,5,0.04282522201538086,0.008219718933105469,0.00010561943054199219,0.05115056037902832,35,16,4,4,0,16,20,19,5,103,0,248,769
lee_alpharegex/23,True,6,4,0.023306846618652344,0.0036695003509521484,2.8848648071289062e-05,0.02700519561767578,21,6,2,5,0,9,26,10,6,72,0,57,242
lee_alpharegex/24,True,7,5,0.056873321533203125,0.008531570434570312,3.8623809814453125e-05,0.06544351577758789,32,7,2,12,0,15,38,11,11,125,0,78,305
lee_alpharegex/25,True,8,4,0.04921317100524902,0.007172822952270508,3.4332275390625e-05,0.056420326232910156,44,8,1,3,0,12,80,9,6,237,0,52,288
oliveira/04_07/randm04.02.02.01.020_0030.01.aba.beta,True,3,3,0.005199909210205078,0.0012271404266357422,0.0006554126739501953,0.007082462310791016,12,3,2,5,1,3,12,10,3,32,0,543,8608
oliveira/04_07/randm04.02.02.01.020_0030.02.aba.beta,True,5,4,0.009917974472045898,0.0022728443145751953,0.0014255046844482422,0.013616323471069336,16,5,3,5,1,5,13,12,4,40,0,1137,18044
oliveira/04_07/randm04.02.02.01.020_0030.03.aba.beta,True,6,4,0.013055801391601562,0.0028204917907714844,0.0015876293182373047,0.01746392250061035,19,6,3,5,2,6,15,14,4,53,0,1285,20584
oliveira/04_07/randm04.02.02.01.020_0030.04.aba.beta,True,6,4,0.013019800186157227,0.0026688575744628906,0.001550912857055664,0.01723957061767578,19,6,3,5,2,6,17,13,4,57,0,1246,19786
oliveira/04_07/randm04.02.02.01.020_0030.05.aba.beta,True,5,4,0.010332107543945312,0.0022292137145996094,0.0016222000122070312,0.014183521270751953,16,5,3,5,1,5,16,12,4,46,0,1286,20264
oliveira/04_07/randm04.02.02.02.020_0030.01.aba.beta,True,1,1,0.0009419918060302734,0.0003292560577392578,0.0006814002990722656,0.0019526481628417969,3,1,0,2,0,1,3,3,1,2,0,543,8623
oliveira/04_07/randm04.02.02.02.020_0030.02.aba.beta,True,1,1,0.0010094642639160156,0.0003726482391357422,0.0006377696990966797,0.0020198822021484375,3,1,0,2,0,1,3,3,1,2,0,537,8598
oliveira/04_07/randm04.02.02.02.020_0030.03.aba.beta,True,1,1,0.0009872913360595703,0.00037932395935058594,0.0006442070007324219,0.002010822296142578,3,1,0,2,0,1,3,3,1,2,0,527,8532
oliveira/04_07/randm04.02.02.02.020_0030.04.aba.beta,True,1,1,0.0009500980377197266,0.0003542900085449219,0.0006511211395263672,0.0019555091857910156,3,1,0,2,0,1,3,3,1,2,0,536,8589
oliveira/04_07/randm04.02.02.02.020_0030.05.aba.beta,True,1,1,0.000978708267211914,0.0003666877746582031,0.0006773471832275391,0.0020227432250976562,3,1,0,2,0,1,3,3,1,2,0,536,8583
oliveira/04_07/randm04.02.02.03.020_0030.01.aba.beta,True,2,3,0.003227710723876953,0.0007748603820800781,0.0006623268127441406,0.004664897918701172,11,2,2,5,2,2,13,10,3,27,0,536,8563
oliveira/04_07/randm04.02.02.03.020_0030.02.aba.beta,True,2,3,0.0035958290100097656,0.0008127689361572266,0.0006659030914306641,0.005074501037597656,11,2,2,5,2,2,21,9,3,43,0,545,8658
oliveira/04_07/randm04.02.02.03.020_0030.03.aba.beta,True,2,3,0.0030455589294433594,0.0007810592651367188,0.0006923675537109375,0.004518985748291016,10,2,2,5,2,2,9,9,3,19,0,540,8598
oliveira/04_07/randm04.02.02.03.020_0030.04.aba.beta,True,2,3,0.004229545593261719,0.0007636547088623047,0.0006589889526367188,0.005652189254760742,10,2,2,5,2,2,9,9,3,19,0,543,8612
oliveira/04_07/randm04.02.02.03.020_0030.05.aba.beta,True,3,3,0.006146430969238281,0.0013859272003173828,0.0008561611175537109,0.008388519287109375,14,3,2,5,2,3,18,11,3,51,0,547,8614
oliveira/04_07/randm04.02.02.04.020_0030.01.aba.beta,True,1,1,0.0009684562683105469,0.00035309791564941406,0.0006444454193115234,0.0019659996032714844,3,1,0,2,0,1,3,3,1,2,0,529,8558
oliveira/04_07/randm04.02.02.04.020_0030.02.aba.beta,True,1,1,0.0009465217590332031,0.00033164024353027344,0.000652313232421875,0.0019304752349853516,3,1,0,2,0,1,3,3,1,2,0,531,8570
oliveira/04_07/randm04.02.02.04.020_0030.03.aba.beta,True,1,1,0.0009598731994628906,0.0003571510314941406,0.0006709098815917969,0.001987934112548828,3,1,0,2,0,1,3,3,1,2,0,532,8571
oliveira/04_07/randm04.02.02.04.020_0030.04.aba.beta,True,1,1,0.001123189926147461,0.0005130767822265625,0.000812530517578125,0.0024487972259521484,3,1,0,2,0,1,3,3,1,2,0,535,8587
oliveira/04_07/randm04.02.02.04.020_0030.05.aba.beta,True,1,1,0.0009214878082275391,0.00030612945556640625,0.0006380081176757812,0.0018656253814697266,3,1,0,2,0,1,3,3,1,2,0,539,8598
oliveira/04_07/randm04.02.02.05.020_0030.01.aba.beta,True,1,2,0.0013480186462402344,0.00037670135498046875,0.0007028579711914062,0.0024275779724121094,5,1,1,4,0,1,5,5,2,6,0,533,8580
oliveira/04_07/randm04.02.02.05.020_0030.02.aba.beta,True,1,2,0.0013680458068847656,0.00039458274841308594,0.0006647109985351562,0.002427339553833008,5,1,1,4,0,1,5,5,2,6,0,529,8561
oliveira/04_07/randm04.02.02.05.020_0030.03.aba.beta,True,1,2,0.0015954971313476562,0.0004897117614746094,0.0007882118225097656,0.0028734207153320312,5,1,1,4,0,1,5,5,2,6,0,538,8604
oliveira/04_07/randm04.02.02.05.020_0030.04.aba.beta,True,1,2,0.0013320446014404297,0.0003426074981689453,0.000659942626953125,0.0023345947265625,5,1,1,4,0,1,5,5,2,6,0,531,8548
oliveira/04_07/randm04.02.02.05.020_0030.05.aba.beta,True,1,2,0.0014102458953857422,0.00039958953857421875,0.0006492137908935547,0.0024590492248535156,5,1,1,4,0,1,5,5,2,6,0,528,8549
oliveira/04_07/randm04.02.02.06.020_0030.01.aba.beta,True,3,3,0.00657343864440918,0.0014047622680664062,0.0006854534149169922,0.008663654327392578,14,3,2,4,0,3,27,11,3,76,0,554,8748
oliveira/04_07/randm04.02.02.06.020_0030.02.aba.beta,True,3,3,0.006228208541870117,0.0013289451599121094,0.0007009506225585938,0.00825810432434082,12,3,2,4,0,3,21,10,3,67,0,568,8797
oliveira/04_07/randm04.02.02.06.020_0030.03.aba.beta,True,4,3,0.00789022445678711,0.0017044544219970703,0.0010526180267333984,0.010647296905517578,14,4,2,5,0,4,21,11,3,62,0,563,8743
oliveira/04_07/randm04.02.02.06.020_0030.04.aba.beta,True,5,3,0.013789176940917969,0.0023267269134521484,0.0007071495056152344,0.01682305335998535,20,5,2,5,0,5,41,12,3,133,0,590,9046
oliveira/04_07/randm04.02.02.06.020_0030.05.aba.beta,True,3,3,0.006306648254394531,0.0013985633850097656,0.0006701946258544922,0.008375406265258789,12,3,2,4,0,3,17,10,3,48,0,559,8698
oliveira/04_07/randm04.02.02.07.020_0030.01.aba.beta,True,1,2,0.001477956771850586,0.0003933906555175781,0.0006482601165771484,0.0025196075439453125,5,1,1,4,0,1,5,5,2,6,0,531,8557
oliveira/04_07/randm04.02.02.07.020_0030.02.aba.beta,True,1,2,0.0013546943664550781,0.0003848075866699219,0.0006577968597412109,0.002397298812866211,5,1,1,4,0,1,5,5,2,6,0,531,8567
oliveira/04_07/randm04.02.02.07.020_0030.03.aba.beta,True,1,2,0.001382589340209961,0.00036907196044921875,0.0006849765777587891,0.0024366378784179688,5,1,1,4,0,1,5,5,2,6,0,538,8600
oliveira/04_07/randm04.02.02.07.020_0030.04.aba.beta,True,1,2,0.0013623237609863281,0.0003809928894042969,0.0006754398345947266,0.0024187564849853516,5,1,1,4,0,1,5,5,2,6,0,538,8598
oliveira/04_07/randm04.02.02.07.020_0030.05.aba.beta,True,1,2,0.0013556480407714844,0.0003476142883300781,0.0006668567657470703,0.002370119094848633,5,1,1,4,0,1,5,5,2,6,0,541,8614
oliveira/04_07/randm04.02.02.08.020_0030.01.aba.beta,True,7,4,0.045942068099975586,0.004574775695800781,0.0009047985076904297,0.0514216423034668,48,7,2,6,2,8,185,19,4,530,0,726,10901
oliveira/04_07/randm04.02.02.08.020_0030.02.aba.beta,True,6,4,0.04226851463317871,0.0037338733673095703,0.0008029937744140625,0.046805381774902344,39,6,2,5,2,7,204,14,4,363,0,639,9888
oliveira/04_07/randm04.02.02.08.020_0030.03.aba.beta,True,6,4,0.014536380767822266,0.002782583236694336,0.0008363723754882812,0.018155336380004883,22,6,3,6,2,6,26,15,4,99,0,677,10450
oliveira/04_07/randm04.02.02.08.020_0030.04.aba.beta,True,5,4,0.011162281036376953,0.0022597312927246094,0.0006618499755859375,0.0140838623046875,17,5,3,6,2,5,13,13,4,53,0,561,8660
oliveira/04_07/randm04.02.02.08.020_0030.05.aba.beta,True,6,4,0.017071008682250977,0.0032346248626708984,0.000743865966796875,0.02104949951171875,24,6,3,6,2,6,43,19,4,159,0,631,9493
oliveira/04_07/randm04.02.02.09.020_0030.01.aba.beta,True,2,3,0.0033998489379882812,0.0007987022399902344,0.0007169246673583984,0.004915475845336914,9,2,2,5,0,2,10,8,3,22,0,541,8608
oliveira/04_07/randm04.02.02.09.020_0030.02.aba.beta,True,2,3,0.0035321712493896484,0.0008413791656494141,0.0006456375122070312,0.005019187927246094,9,2,2,5,0,2,14,8,3,30,0,534,8569
oliveira/04_07/randm04.02.02.09.020_0030.03.aba.beta,True,2,3,0.00371551513671875,0.00095367431640625,0.0007021427154541016,0.0053713321685791016,9,2,2,5,0,2,15,8,3,30,0,545,8636
oliveira/04_07/randm04.02.02.09.020_0030.04.aba.beta,True,2,3,0.004487276077270508,0.0009012222290039062,0.0006749629974365234,0.0060634613037109375,9,2,2,5,0,2,21,8,3,42,0,553,8716
oliveira/04_07/randm04.02.02.09.020_0030.05.aba.beta,True,2,3,0.00360107421875,0.0007789134979248047,0.0006606578826904297,0.005040645599365234,9,2,2,5,0,2,17,8,3,36,0,549,8669
oliveira/04_07/randm04.02.02.10.020_0030.01.aba.beta,True,2,4,0.005027055740356445,0.0009293556213378906,0.000667572021484375,0.006623983383178711,13,2,3,5,2,2,32,12,4,66,0,556,8820
oliveira/04_07/randm04.02.02.10.020_0030.02.aba.beta,True,2,4,0.004422903060913086,0.0007717609405517578,0.0006575584411621094,0.005852222442626953,13,2,3,6,2,2,20,10,4,42,0,530,8565
oliveira/04_07/randm04.02.02.10.020_0030.03.aba.beta,True,2,4,0.005166769027709961,0.0009746551513671875,0.0008032321929931641,0.0069446563720703125,13,2,3,6,2,2,38,11,4,78,0,562,8955
oliveira/04_07/randm04.02.02.10.020_0030.04.aba.beta,True,2,4,0.004850625991821289,0.0009276866912841797,0.0006976127624511719,0.006475925445556641,13,2,3,5,2,2,30,11,4,62,0,555,8784
oliveira/04_07/randm04.02.02.10.020_0030.05.aba.beta,True,2,4,0.00491786003112793,0.0009725093841552734,0.0006661415100097656,0.006556510925292969,13,2,3,5,2,2,31,11,4,64,0,560,8819
oliveira/04_07/randm04.02.02.11.020_0030.01.aba.beta,True,8,4,0.020053863525390625,0.0037817955017089844,0.0021829605102539062,0.026018619537353516,24,8,3,6,0,8,24,16,4,82,0,1633,25528
oliveira/04_07/randm04.02.02.11.020_0030.02.aba.beta,True,8,4,0.018897294998168945,0.0040090084075927734,0.0021512508392333984,0.025057554244995117,23,8,3,6,0,8,18,16,4,70,0,1592,25010
oliveira/04_07/randm04.02.02.11.020_0030.03.aba.beta,True,7,4,0.01827836036682129,0.003655672073364258,0.001077413558959961,0.023011445999145508,20,7,3,6,0,7,15,14,4,68,0,846,13003
oliveira/04_07/randm04.02.02.11.020_0030.04.aba.beta,True,8,4,0.02007317543029785,0.0040132999420166016,0.0011425018310546875,0.02522897720336914,24,8,3,6,0,8,17,13,4,91,0,947,14701
oliveira/04_07/randm04.02.02.11.020_0030.05.aba.beta,True,8,4,0.019284963607788086,0.004068851470947266,0.0015416145324707031,0.024895429611206055,26,8,3,6,0,8,20,15,4,91,0,1183,19109
oliveira/04_07/randm04.02.02.12.020_0030.01.aba.beta,True,3,3,0.006349325180053711,0.0012845993041992188,0.0008645057678222656,0.008498430252075195,12,3,2,5,0,3,18,10,3,55,0,557,8687
oliveira/04_07/randm04.02.02.12.020_0030.02.aba.beta,True,3,3,0.006254434585571289,0.0012857913970947266,0.0006890296936035156,0.008229255676269531,13,3,2,5,0,3,19,10,3,56,0,561,8708
oliveira/04_07/randm04.02.02.12.020_0030.03.aba.beta,True,3,3,0.0060405731201171875,0.0013573169708251953,0.0007176399230957031,0.008115530014038086,12,3,2,5,0,3,18,10,3,54,0,564,8717
oliveira/04_07/randm04.02.02.12.020_0030.04.aba.beta,True,3,3,0.005548000335693359,0.00136566162109375,0.0007128715515136719,0.007626533508300781,11,3,2,5,0,3,10,9,3,28,0,545,8605
oliveira/04_07/randm04.02.02.12.020_0030.05.aba.beta,True,3,3,0.006359100341796875,0.0012691020965576172,0.0006816387176513672,0.00830984115600586,11,3,2,5,0,3,14,9,3,36,0,544,8613
oliveira/04_07/randm04.02.02.13.020_0030.01.aba.beta,True,1,1,0.0010466575622558594,0.0003781318664550781,0.0006494522094726562,0.0020742416381835938,3,1,0,2,0,1,3,3,1,2,0,528,8539
oliveira/04_07/randm04.02.02.13.020_0030.02.aba.beta,True,1,1,0.0008995532989501953,0.00032019615173339844,0.0006520748138427734,0.0018718242645263672,3,1,0,2,0,1,3,3,1,2,0,535,8584
oliveira/04_07/randm04.02.02.13.020_0030.03.aba.beta,True,1,1,0.0009930133819580078,0.00035381317138671875,0.0006639957427978516,0.002010822296142578,3,1,0,2,0,1,3,3,1,2,0,534,8583
oliveira/04_07/randm04.02.02.13.020_0030.04.aba.beta,True,1,1,0.0008940696716308594,0.0002987384796142578,0.0006864070892333984,0.0018792152404785156,3,1,0,2,0,1,3,3,1,2,0,537,8593
oliveira/04_07/randm04.02.02.13.020_0030.05.aba.beta,True,1,1,0.0011010169982910156,0.0003886222839355469,0.0007081031799316406,0.002197742462158203,3,1,0,2,0,1,3,3,1,2,0,543,8623
oliveira/04_07/randm04.02.02.14.020_0030.01.aba.beta,True,4,4,0.008804559707641602,0.0019223690032958984,0.0006659030914306641,0.011392831802368164,14,4,3,6,0,4,27,11,4,64,0,568,8823
oliveira/04_07/randm04.02.02.14.020_0030.02.aba.beta,True,5,4,0.011230945587158203,0.002258777618408203,0.0008306503295898438,0.01432037353515625,16,5,3,6,0,5,12,11,4,42,0,553,8624
oliveira/04_07/randm04.02.02.14.020_0030.03.aba.beta,True,3,4,0.008783102035522461,0.0016710758209228516,0.0006906986236572266,0.011144876480102539,14,3,2,5,0,4,22,11,4,75,0,562,8757
oliveira/04_07/randm04.02.02.14.020_0030.04.aba.beta,True,4,4,0.009606122970581055,0.0018286705017089844,0.0007352828979492188,0.012170076370239258,16,4,3,5,0,4,27,12,4,90,0,595,9229
oliveira/04_07/randm04.02.02.14.020_0030.05.aba.beta,True,4,4,0.008035659790039062,0.0017046928405761719,0.0006730556488037109,0.010413408279418945,14,4,3,6,0,4,13,11,4,36,0,546,8595
oliveira/04_07/randm04.02.02.15.020_0030.01.aba.beta,True,1,2,0.0014133453369140625,0.0004146099090576172,0.0006821155548095703,0.00251007080078125,5,1,1,4,0,1,5,4,2,6,0,533,8586
oliveira/04_07/randm04.02.02.15.020_0030.02.aba.beta,True,1,2,0.0014002323150634766,0.0003399848937988281,0.000652313232421875,0.0023925304412841797,5,1,1,4,0,1,5,5,2,6,0,532,8581
oliveira/04_07/randm04.02.02.15.020_0030.03.aba.beta,True,1,2,0.0013933181762695312,0.00041413307189941406,0.0006527900695800781,0.0024602413177490234,5,1,1,4,0,1,5,5,2,6,0,541,8605
oliveira/04_07/randm04.02.02.15.020_0030.04.aba.beta,True,1,2,0.0015344619750976562,0.00035643577575683594,0.0006885528564453125,0.0025794506072998047,5,1,1,4,0,1,5,5,2,6,0,542,8616
oliveira/04_07/randm04.02.02.15.020_0030.05.aba.beta,True,1,2,0.0013704299926757812,0.00040459632873535156,0.0006530284881591797,0.0024280548095703125,5,1,1,4,0,1,5,5,2,6,0,534,8580
oliveira/04_07/randm04.02.02.16.020_0030.01.aba.beta,True,2,3,0.0032269954681396484,0.0008234977722167969,0.0006513595581054688,0.004701852798461914,11,2,2,4,2,2,11,10,3,25,0,536,8574
oliveira/04_07/randm04.02.02.16.020_0030.02.aba.beta,True,2,3,0.0036051273345947266,0.0008282661437988281,0.0006494522094726562,0.005082845687866211,11,2,2,5,2,2,14,9,3,31,0,540,8589
oliveira/04_07/randm04.02.02.16.020_0030.03.aba.beta,True,2,3,0.0033473968505859375,0.0008435249328613281,0.0006492137908935547,0.00484013557434082,11,2,2,5,2,2,15,10,3,33,0,546,8632
oliveira/04_07/randm04.02.02.16.020_0030.04.aba.beta,True,2,3,0.0032160282135009766,0.0007801055908203125,0.0006680488586425781,0.004664182662963867,11,2,2,5,2,2,14,10,3,31,0,549,8641
oliveira/04_07/randm04.02.02.16.020_0030.05.aba.beta,True,4,3,0.013718605041503906,0.001909017562866211,0.0007050037384033203,0.016332626342773438,22,4,2,4,2,4,76,12,3,179,0,584,9060
oliveira/04_07/randm04.02.02.17.020_0030.01.aba.beta,True,2,3,0.003519773483276367,0.0008261203765869141,0.0006699562072753906,0.005015850067138672,9,2,2,5,0,2,15,8,3,30,0,549,8649
oliveira/04_07/randm04.02.02.17.020_0030.02.aba.beta,True,2,3,0.003989219665527344,0.0008466243743896484,0.0007414817810058594,0.0055773258209228516,9,2,2,5,0,2,21,8,3,42,0,553,8710
oliveira/04_07/randm04.02.02.17.020_0030.03.aba.beta,True,2,3,0.003587007522583008,0.000823974609375,0.0006585121154785156,0.0050694942474365234,9,2,2,5,0,2,13,8,3,28,0,535,8562
oliveira/04_07/randm04.02.02.17.020_0030.04.aba.beta,True,2,3,0.0035712718963623047,0.0007996559143066406,0.0008025169372558594,0.005173444747924805,9,2,2,5,0,2,15,8,3,32,0,535,8572
oliveira/04_07/randm04.02.02.17.020_0030.05.aba.beta,True,2,3,0.003962516784667969,0.0008597373962402344,0.0006690025329589844,0.0054912567138671875,9,2,2,5,0,2,16,8,3,32,0,540,8576
oliveira/04_07/randm04.02.02.18.020_0030.01.aba.beta,True,6,4,0.014733552932739258,0.002833843231201172,0.0007307529449462891,0.01829814910888672,22,6,3,6,0,6,26,17,4,111,0,616,9276
oliveira/04_07/randm04.02.02.18.020_0030.02.aba.beta,True,3,4,0.009116172790527344,0.0017194747924804688,0.0006792545318603516,0.011514902114868164,15,3,2,6,0,4,23,12,4,66,0,561,8719
oliveira/04_07/randm04.02.02.18.020_0030.03.aba.beta,True,5,4,0.02901148796081543,0.004171848297119141,0.0007750988006591797,0.03395843505859375,29,5,2,6,0,8,54,18,6,156,0,632,9660
oliveira/04_07/randm04.02.02.18.020_0030.04.aba.beta,True,6,4,0.03182506561279297,0.004040241241455078,0.0009288787841796875,0.036794185638427734,32,6,2,7,0,8,102,16,5,250,0,737,11269
oliveira/04_07/randm04.02.02.18.020_0030.05.aba.beta,True,6,4,0.01805424690246582,0.0029931068420410156,0.0007779598236083984,0.021825313568115234,26,6,3,6,0,6,50,16,4,200,0,611,9348
oliveira/04_07/randm04.02.02.19.020_0030.01.aba.beta,True,3,3,0.008219480514526367,0.0012881755828857422,0.0006716251373291016,0.010179281234741211,21,3,2,5,0,3,65,11,3,135,0,556,8704
oliveira/04_07/randm04.02.02.19.020_0030.02.aba.beta,True,4,3,0.009345531463623047,0.0017695426940917969,0.0007090568542480469,0.01182413101196289,16,4,2,5,0,4,27,13,3,111,0,586,8943
oliveira/04_07/randm04.02.02.19.020_0030.03.aba.beta,True,4,3,0.010685920715332031,0.0017597675323486328,0.0006706714630126953,0.01311635971069336,24,4,2,5,0,4,62,12,3,147,0,562,8741
oliveira/04_07/randm04.02.02.19.020_0030.04.aba.beta,True,3,3,0.005818843841552734,0.001215219497680664,0.0006806850433349609,0.007714748382568359,12,3,2,5,0,3,13,10,3,42,0,546,8617
oliveira/04_07/randm04.02.02.19.020_0030.05.aba.beta,True,4,3,0.020998001098632812,0.00284576416015625,0.0008044242858886719,0.024648189544677734,26,4,1,5,0,6,92,13,4,195,0,573,8836
oliveira/04_07/randm05.02.02.01.020_0030.01.aba.beta,True,3,3,0.005509853363037109,0.0012173652648925781,0.0006697177886962891,0.0073969364166259766,14,3,2,4,2,3,16,12,3,44,0,544,8594
oliveira/04_07/randm05.02.02.01.020_0030.02.aba.beta,True,3,3,0.005503654479980469,0.001275777816772461,0.0006844997406005859,0.007463932037353516,14,3,2,4,2,3,14,12,3,41,0,549,8628
oliveira/04_07/randm05.02.02.01.020_0030.03.aba.beta,True,4,3,0.007444620132446289,0.0017328262329101562,0.0007421970367431641,0.00991964340209961,15,4,2,5,2,4,16,11,3,48,0,562,8687
oliveira/04_07/randm05.02.02.01.020_0030.04.aba.beta,True,3,3,0.005377054214477539,0.0011410713195800781,0.0006608963012695312,0.0071790218353271484,14,3,2,5,2,3,18,10,3,44,0,545,8606
oliveira/04_07/randm05.02.02.01.020_0030.05.aba.beta,True,3,3,0.005646705627441406,0.0014824867248535156,0.0006625652313232422,0.007791757583618164,13,3,2,5,2,3,14,10,3,36,0,532,8530
oliveira/04_07/randm05.02.02.02.020_0030.01.aba.beta,True,2,3,0.002994537353515625,0.0007889270782470703,0.0006539821624755859,0.004437446594238281,10,2,2,5,2,2,9,8,3,19,0,524,8509
oliveira/04_07/randm05.02.02.02.020_0030.02.aba.beta,True,2,3,0.003496885299682617,0.0007908344268798828,0.0006897449493408203,0.00497746467590332,11,2,2,5,2,2,17,9,3,35,0,544,8631
oliveira/04_07/randm05.02.02.02.020_0030.03.aba.beta,True,2,3,0.0037384033203125,0.0008304119110107422,0.0006682872772216797,0.005237102508544922,11,2,2,5,2,2,24,10,3,49,0,544,8682
oliveira/04_07/randm05.02.02.02.020_0030.04.aba.beta,True,2,3,0.003002643585205078,0.0007877349853515625,0.0006804466247558594,0.0044708251953125,10,2,2,5,2,2,9,9,3,19,0,537,8583
oliveira/04_07/randm05.02.02.02.020_0030.05.aba.beta,True,2,3,0.0029783248901367188,0.0007152557373046875,0.0006976127624511719,0.004391193389892578,10,2,2,5,2,2,9,9,3,19,0,535,8572
oliveira/04_07/randm05.02.02.03.020_0030.01.aba.beta,True,1,1,0.0009374618530273438,0.00030040740966796875,0.0006887912750244141,0.0019266605377197266,3,1,0,2,0,1,3,3,1,2,0,543,8619
oliveira/04_07/randm05.02.02.03.020_0030.02.aba.beta,True,1,1,0.0009477138519287109,0.0003447532653808594,0.0006518363952636719,0.0019443035125732422,3,1,0,2,0,1,3,3,1,2,0,538,8597
oliveira/04_07/randm05.02.02.03.020_0030.03.aba.beta,True,1,1,0.0009028911590576172,0.00030422210693359375,0.0006384849548339844,0.0018455982208251953,3,1,0,2,0,1,3,3,1,2,0,537,8598
oliveira/04_07/randm05.02.02.03.020_0030.04.aba.beta,True,1,1,0.0008819103240966797,0.0002918243408203125,0.0006546974182128906,0.0018284320831298828,3,1,0,2,0,1,3,3,1,2,0,534,8583
oliveira/04_07/randm05.02.02.03.020_0030.05.aba.beta,True,1,1,0.0009009838104248047,0.0003039836883544922,0.0006468296051025391,0.001851797103881836,3,1,0,2,0,1,3,3,1,2,0,521,8531
oliveira/04_07/randm05.02.02.04.020_0030.01.aba.beta,True,7,5,0.05924105644226074,0.007528781890869141,0.0009407997131347656,0.06771063804626465,51,7,3,7,0,14,173,19,11,455,0,729,11013
oliveira/04_07/randm05.02.02.04.020_0030.02.aba.beta,True,2,5,0.01874566078186035,0.003362417221069336,0.0006783008575439453,0.022786378860473633,20,2,3,11,0,7,24,18,9,65,0,543,8616
oliveira/04_07/randm05.02.02.04.020_0030.03.aba.beta,True,6,5,0.02061939239501953,0.003170013427734375,0.0007390975952148438,0.02452850341796875,28,6,4,6,0,6,39,20,5,201,0,622,9192
oliveira/04_07/randm05.02.02.04.020_0030.04.aba.beta,True,8,5,0.042849063873291016,0.005968809127807617,0.0011317729949951172,0.04994964599609375,37,8,3,7,0,10,71,24,6,229,0,666,10000
oliveira/04_07/randm05.02.02.04.020_0030.05.aba.beta,True,8,5,0.0416104793548584,0.006053924560546875,0.0007603168487548828,0.048424720764160156,34,8,3,6,0,10,68,21,6,223,0,642,9668
oliveira/04_07/randm05.02.02.05.020_0030.01.aba.beta,True,3,4,0.035913705825805664,0.006060600280761719,0.0007069110870361328,0.042681217193603516,26,3,2,12,0,13,30,18,13,103,0,551,8627
oliveira/04_07/randm05.02.02.05.020_0030.02.aba.beta,True,4,4,0.008390188217163086,0.0017747879028320312,0.0006897449493408203,0.010854721069335938,15,4,3,6,0,4,15,12,4,58,0,554,8640
oliveira/04_07/randm05.02.02.05.020_0030.03.aba.beta,True,4,4,0.012080907821655273,0.0019822120666503906,0.0006835460662841797,0.014746665954589844,21,4,3,6,0,4,84,11,4,154,0,565,8803
oliveira/04_07/randm05.02.02.05.020_0030.04.aba.beta,True,7,4,0.042606353759765625,0.003992557525634766,0.0007648468017578125,0.0473637580871582,44,7,3,6,0,7,167,14,4,510,0,624,9463
oliveira/04_07/randm05.02.02.05.020_0030.05.aba.beta,True,4,4,0.010297536849975586,0.0019137859344482422,0.0007271766662597656,0.012938499450683594,16,4,3,6,0,4,37,13,4,101,0,603,9330
oliveira/04_07/randm05.02.02.06.020_0030.01.aba.beta,True,9,5,0.059830427169799805,0.0075113773345947266,0.0010881423950195312,0.06842994689941406,54,9,3,6,0,13,151,19,8,452,0,844,12676
oliveira/04_07/randm05.02.02.06.020_0030.02.aba.beta,True,5,5,0.05051136016845703,0.006516456604003906,0.0007262229919433594,0.0577540397644043,38,5,3,7,0,12,68,23,11,224,0,582,8831
oliveira/04_07/randm05.02.02.06.020_0030.03.aba.beta,True,7,5,0.08559131622314453,0.007841825485229492,0.0007922649383544922,0.09422540664672852,66,7,3,7,0,14,286,23,11,700,0,652,9844
oliveira/04_07/randm05.02.02.06.020_0030.04.aba.beta,True,10,5,0.21306490898132324,0.016301631927490234,0.0009989738464355469,0.23036551475524902,99,10,2,9,0,23,352,30,16,1002,0,859,12719
oliveira/04_07/randm05.02.02.06.020_0030.05.aba.beta,True,8,5,0.06618976593017578,0.009024381637573242,0.000751495361328125,0.07596564292907715,49,8,3,7,0,15,69,26,11,351,0,631,9238
oliveira/04_07/randm05.02.02.07.020_0030.01.aba.beta,True,8,5,0.07923221588134766,0.006349802017211914,0.0010581016540527344,0.0866401195526123,55,8,3,6,2,9,351,23,5,673,0,868,13112
oliveira/04_07/randm05.02.02.07.020_0030.02.aba.beta,True,8,5,0.1274394989013672,0.010993003845214844,0.0009503364562988281,0.13938283920288086,72,8,3,8,2,16,350,26,12,771,0,797,12092
oliveira/04_07/randm05.02.02.07.020_0030.03.aba.beta,True,8,5,0.06515622138977051,0.009258508682250977,0.0009329319000244141,0.0753476619720459,48,8,3,10,2,14,104,28,10,348,0,762,11499
oliveira/04_07/randm05.02.02.07.020_0030.04.aba.beta,True,10,5,0.27126502990722656,0.015634775161743164,0.0012273788452148438,0.28812718391418457,85,10,2,7,2,21,477,34,14,982,0,1021,15507
oliveira/04_07/randm05.02.02.07.020_0030.05.aba.beta,True,9,5,0.0984501838684082,0.0072879791259765625,0.0011708736419677734,0.10690903663635254,54,9,3,6,2,10,343,23,5,659,0,974,14767
oliveira/04_07/randm05.02.02.08.020_0030.01.aba.beta,True,4,3,0.010010480880737305,0.0017697811126708984,0.001153707504272461,0.012933969497680664,18,4,2,4,0,4,32,12,3,75,0,789,12484
oliveira/04_07/randm05.02.02.08.020_0030.02.aba.beta,True,5,3,0.010771036148071289,0.0022001266479492188,0.0011928081512451172,0.014163970947265625,18,5,2,4,0,5,23,14,3,81,0,971,15168
oliveira/04_07/randm05.02.02.08.020_0030.03.aba.beta,True,7,3,0.01671576499938965,0.003277301788330078,0.0008099079132080078,0.020802974700927734,25,7,2,5,0,7,24,15,3,121,0,585,8819
oliveira/04_07/randm05.02.02.08.020_0030.04.aba.beta,True,4,3,0.007574319839477539,0.0018696784973144531,0.0006971359252929688,0.010141134262084961,13,4,2,5,0,4,14,10,3,43,0,554,8652
oliveira/04_07/randm05.02.02.08.020_0030.05.aba.beta,True,4,3,0.007970571517944336,0.001676321029663086,0.0010306835174560547,0.010677576065063477,15,4,2,4,0,4,16,12,3,48,0,851,13362
oliveira/04_07/randm05.02.02.09.020_0030.01.aba.beta,True,4,4,0.018918514251708984,0.001996278762817383,0.0008032321929931641,0.02171802520751953,28,4,3,6,0,4,212,13,4,344,0,649,10132
oliveira/04_07/randm05.02.02.09.020_0030.02.aba.beta,True,4,4,0.02180790901184082,0.001970052719116211,0.0007371902465820312,0.024515151977539062,30,4,3,6,2,4,148,13,4,279,0,614,9419
oliveira/04_07/randm05.02.02.09.020_0030.03.aba.beta,True,3,4,0.0068666934967041016,0.0014011859893798828,0.0007266998291015625,0.008994579315185547,15,3,3,6,2,3,16,12,4,50,0,554,8652
oliveira/04_07/randm05.02.02.09.020_0030.04.aba.beta,True,3,4,0.0068590641021728516,0.0013697147369384766,0.0006723403930664062,0.008901119232177734,15,3,3,5,2,3,16,12,4,50,0,550,8635
oliveira/04_07/randm05.02.02.09.020_0030.05.aba.beta,True,5,4,0.014035940170288086,0.0023565292358398438,0.0006859302520751953,0.017078399658203125,24,5,3,6,4,5,40,12,4,143,0,579,8916
oliveira/04_07/randm05.02.02.10.020_0030.01.aba.beta,True,6,5,0.04169416427612305,0.0037920475006103516,0.0007457733154296875,0.046231985092163086,44,6,4,5,1,6,208,18,5,474,0,609,9395
oliveira/04_07/randm05.02.02.10.020_0030.02.aba.beta,True,6,5,0.05027413368225098,0.005523204803466797,0.0007474422454833984,0.05654478073120117,44,6,3,7,0,9,175,20,7,420,0,618,9290
oliveira/04_07/randm05.02.02.10.020_0030.03.aba.beta,True,7,5,0.07323741912841797,0.007487773895263672,0.0007631778717041016,0.08148837089538574,58,7,4,7,5,11,177,30,9,512,0,627,9403
oliveira/04_07/randm05.02.02.10.020_0030.04.aba.beta,True,6,5,0.07722067832946777,0.006907939910888672,0.0007572174072265625,0.08488583564758301,50,6,3,5,1,10,144,24,8,397,0,626,9519
oliveira/04_07/randm05.02.02.10.020_0030.05.aba.beta,True,7,5,0.10908198356628418,0.010449409484863281,0.0007455348968505859,0.12027692794799805,56,7,2,7,0,15,153,20,11,434,0,615,9358
oliveira/04_07/randm05.02.02.11.020_0030.01.aba.beta,True,10,5,0.033341169357299805,0.005541324615478516,0.0028679370880126953,0.041750431060791016,35,10,4,6,1,10,48,24,5,194,0,2333,36202
oliveira/04_07/randm05.02.02.11.020_0030.02.aba.beta,True,8,5,0.023213863372802734,0.004189729690551758,0.002475738525390625,0.029879331588745117,27,8,4,6,1,8,36,20,5,123,0,1821,28861
oliveira/04_07/randm05.02.02.11.020_0030.03.aba.beta,True,11,5,0.059549808502197266,0.006594657897949219,0.0009202957153320312,0.06706476211547852,59,11,4,7,1,11,246,21,5,627,0,762,11372
oliveira/04_07/randm05.02.02.11.020_0030.04.aba.beta,True,9,5,0.037880659103393555,0.005877971649169922,0.0008821487426757812,0.04464077949523926,34,9,3,8,1,11,57,24,6,268,0,722,10824
oliveira/04_07/randm05.02.02.11.020_0030.05.aba.beta,True,9,5,0.02883601188659668,0.0050127506256103516,0.0023708343505859375,0.03621959686279297,30,9,4,6,1,9,46,22,5,169,0,1940,30442
oliveira/04_07/randm05.02.02.12.020_0030.01.aba.beta,True,4,3,0.010161638259887695,0.0016930103302001953,0.0006792545318603516,0.012533903121948242,19,4,2,5,0,4,37,11,3,105,0,568,8771
oliveira/04_07/randm05.02.02.12.020_0030.02.aba.beta,True,4,3,0.007873773574829102,0.0017104148864746094,0.0006949901580810547,0.010279178619384766,14,4,2,5,0,4,17,11,3,56,0,562,8700
oliveira/04_07/randm05.02.02.12.020_0030.03.aba.beta,True,4,3,0.015894651412963867,0.0028848648071289062,0.0007832050323486328,0.019562721252441406,20,4,2,7,1,6,39,14,5,112,0,567,8966
oliveira/04_07/randm05.02.02.12.020_0030.04.aba.beta,True,4,3,0.008414506912231445,0.001737833023071289,0.0006749629974365234,0.010827302932739258,15,4,2,4,0,4,18,12,3,71,0,570,8748
oliveira/04_07/randm05.02.02.12.020_0030.05.aba.beta,True,4,3,0.009212017059326172,0.0018160343170166016,0.000732421875,0.011760473251342773,17,4,2,4,0,4,34,12,3,106,0,601,9280
oliveira/04_07/randm05.02.02.13.020_0030.01.aba.beta,True,3,5,0.006985664367675781,0.0014226436614990234,0.0006611347198486328,0.009069442749023438,18,3,4,6,4,3,19,16,5,51,0,541,8576
oliveira/04_07/randm05.02.02.13.020_0030.02.aba.beta,True,9,5,0.04553365707397461,0.005693674087524414,0.0008363723754882812,0.052063703536987305,48,9,4,5,4,9,98,22,5,382,0,684,10106
oliveira/04_07/randm05.02.02.13.020_0030.03.aba.beta,True,3,5,0.007909297943115234,0.0015175342559814453,0.0007042884826660156,0.010131120681762695,19,3,4,5,4,3,32,15,5,96,0,570,8829
oliveira/04_07/randm05.02.02.13.020_0030.04.aba.beta,True,8,5,0.04378032684326172,0.005904674530029297,0.0008311271667480469,0.05051612854003906,41,8,4,8,0,9,94,23,6,363,0,703,10459
oliveira/04_07/randm05.02.02.13.020_0030.05.aba.beta,True,3,5,0.00670170783996582,0.0013904571533203125,0.0006601810455322266,0.00875234603881836,18,3,4,6,4,3,19,15,5,51,0,548,8613
oliveira/04_07/randm05.02.02.14.020_0030.01.aba.beta,True,1,1,0.0012202262878417969,0.0003075599670410156,0.0006594657897949219,0.0021872520446777344,3,1,0,2,0,1,3,3,1,2,0,531,8569
oliveira/04_07/randm05.02.02.14.020_0030.02.aba.beta,True,1,1,0.0009036064147949219,0.00030684471130371094,0.0006780624389648438,0.0018885135650634766,3,1,0,2,0,1,3,3,1,2,0,530,8565
oliveira/04_07/randm05.02.02.14.020_0030.03.aba.beta,True,1,1,0.0008726119995117188,0.0002951622009277344,0.0006704330444335938,0.0018382072448730469,3,1,0,2,0,1,3,3,1,2,0,541,8613
oliveira/04_07/randm05.02.02.14.020_0030.04.aba.beta,True,1,1,0.0008819103240966797,0.0003085136413574219,0.0006477832794189453,0.0018382072448730469,3,1,0,2,0,1,3,3,1,2,0,532,8544
oliveira/04_07/randm05.02.02.14.020_0030.05.aba.beta,True,1,1,0.0011365413665771484,0.00030994415283203125,0.0006551742553710938,0.0021016597747802734,3,1,0,2,0,1,3,3,1,2,0,530,8544
oliveira/04_07/randm05.02.02.15.020_0030.01.aba.beta,True,2,3,0.010535001754760742,0.0015652179718017578,0.0006616115570068359,0.012761831283569336,17,2,1,5,0,4,40,10,4,75,0,537,8584
oliveira/04_07/randm05.02.02.15.020_0030.02.aba.beta,True,3,3,0.005827426910400391,0.0014259815216064453,0.0008039474487304688,0.008057355880737305,12,3,2,5,0,3,15,10,3,44,0,552,8647
oliveira/04_07/randm05.02.02.15.020_0030.03.aba.beta,True,3,3,0.005626201629638672,0.0012667179107666016,0.0006606578826904297,0.007553577423095703,12,3,2,5,0,3,16,10,3,46,0,551,8645
oliveira/04_07/randm05.02.02.15.020_0030.04.aba.beta,True,2,3,0.008327007293701172,0.001684427261352539,0.0007369518280029297,0.01074838638305664,13,2,1,5,0,4,22,11,4,47,0,546,8654
oliveira/04_07/randm05.02.02.15.020_0030.05.aba.beta,True,2,3,0.008223772048950195,0.0016200542449951172,0.0006635189056396484,0.010507345199584961,14,2,1,5,0,4,22,12,4,46,0,549,8644
oliveira/04_07/randm05.02.02.16.020_0030.01.aba.beta,True,1,1,0.0008788108825683594,0.0002968311309814453,0.0006630420684814453,0.00183868408203125,3,1,0,2,0,1,3,3,1,2,0,534,8587
oliveira/04_07/randm05.02.02.16.020_0030.02.aba.beta,True,1,1,0.0009617805480957031,0.00036978721618652344,0.0006384849548339844,0.001970052719116211,3,1,0,2,0,1,3,3,1,2,0,540,8611
oliveira/04_07/randm05.02.02.16.020_0030.03.aba.beta,True,1,1,0.0009377002716064453,0.0003211498260498047,0.0006537437438964844,0.0019125938415527344,3,1,0,2,0,1,3,3,1,2,0,534,8572
oliveira/04_07/randm05.02.02.16.020_0030.04.aba.beta,True,1,1,0.0009517669677734375,0.0003352165222167969,0.0006804466247558594,0.0019674301147460938,3,1,0,2,0,1,3,3,1,2,0,543,8622
oliveira/04_07/randm05.02.02.16.020_0030.05.aba.beta,True,1,1,0.0009391307830810547,0.0003268718719482422,0.00064849853515625,0.0019145011901855469,3,1,0,2,0,1,3,3,1,2,0,543,8624
oliveira/04_07/randm05.02.02.17.020_0030.01.aba.beta,True,10,5,0.033281803131103516,0.005518913269042969,0.0008497238159179688,0.03965044021606445,37,10,4,7,0,10,57,22,5,249,0,696,10303
oliveira/04_07/randm05.02.02.17.020_0030.02.aba.beta,True,8,5,0.028690099716186523,0.004529714584350586,0.0007975101470947266,0.034017324447631836,31,8,3,8,0,9,45,20,5,186,0,682,10230
oliveira/04_07/randm05.02.02.17.020_0030.03.aba.beta,True,9,5,0.10341906547546387,0.013172388076782227,0.0009434223175048828,0.11753487586975098,65,9,2,11,0,21,149,29,15,527,0,786,11602
oliveira/04_07/randm05.02.02.17.020_0030.04.aba.beta,True,9,5,0.06025958061218262,0.0065152645111083984,0.0013129711151123047,0.06808781623840332,45,9,3,6,0,10,172,22,5,451,0,906,13708
oliveira/04_07/randm05.02.02.17.020_0030.05.aba.beta,True,5,5,0.05690956115722656,0.00513005256652832,0.0007996559143066406,0.06283926963806152,40,5,3,7,0,8,230,15,7,423,0,662,10150
oliveira/04_07/randm05.02.02.18.020_0030.01.aba.beta,True,1,1,0.0009055137634277344,0.0002980232238769531,0.0006756782531738281,0.0018792152404785156,3,1,0,2,0,1,3,3,1,2,0,534,8577
oliveira/04_07/randm05.02.02.18.020_0030.02.aba.beta,True,1,1,0.000896453857421875,0.00029277801513671875,0.0006392002105712891,0.0018284320831298828,3,1,0,2,0,1,3,3,1,2,0,535,8592
oliveira/04_07/randm05.02.02.18.020_0030.03.aba.beta,True,1,1,0.0009832382202148438,0.00042891502380371094,0.0006613731384277344,0.002073526382446289,3,1,0,2,0,1,3,3,1,2,0,529,8564
oliveira/04_07/randm05.02.02.18.020_0030.04.aba.beta,True,1,1,0.0009069442749023438,0.00031113624572753906,0.0006489753723144531,0.001867055892944336,3,1,0,2,0,1,3,3,1,2,0,523,8497
oliveira/04_07/randm05.02.02.18.020_0030.05.aba.beta,True,1,1,0.0009152889251708984,0.0003204345703125,0.0006570816040039062,0.0018928050994873047,3,1,0,2,0,1,3,3,1,2,0,533,8555
oliveira/04_07/randm05.02.02.19.020_0030.01.aba.beta,True,3,3,0.005263090133666992,0.0012445449829101562,0.0006721019744873047,0.007179737091064453,11,3,2,5,0,3,14,9,3,35,0,553,8657
oliveira/04_07/randm05.02.02.19.020_0030.02.aba.beta,True,3,3,0.00514674186706543,0.0012068748474121094,0.0006694793701171875,0.0070230960845947266,11,3,2,5,0,3,13,9,3,33,0,557,8667
oliveira/04_07/randm05.02.02.19.020_0030.03.aba.beta,True,2,3,0.0033996105194091797,0.0007607936859130859,0.0008416175842285156,0.005002021789550781,9,2,2,5,0,2,13,8,3,28,0,537,8592
oliveira/04_07/randm05.02.02.19.020_0030.04.aba.beta,True,2,3,0.0033066272735595703,0.0007503032684326172,0.0006651878356933594,0.004722118377685547,9,2,2,5,0,2,10,8,3,22,0,536,8571
oliveira/04_07/randm05.02.02.19.020_0030.05.aba.beta,True,3,3,0.005187034606933594,0.001178741455078125,0.0006844997406005859,0.007050275802612305,11,3,2,5,0,3,13,9,3,33,0,537,8574
oliveira/04_07/randm06.02.02.01.020_0030.01.aba.beta,True,6,4,0.019779682159423828,0.003388643264770508,0.0007481575012207031,0.02391648292541504,24,6,3,6,0,7,32,19,5,182,0,619,9247
oliveira/04_07/randm06.02.02.01.020_0030.02.aba.beta,True,5,4,0.012404441833496094,0.002626180648803711,0.0006875991821289062,0.01571822166442871,21,5,3,5,0,5,26,15,4,103,0,575,8779
oliveira/04_07/randm06.02.02.01.020_0030.03.aba.beta,True,6,4,0.017322301864624023,0.003041982650756836,0.0007345676422119141,0.021098852157592773,23,6,3,5,0,6,33,18,4,142,0,626,9433
oliveira/04_07/randm06.02.02.01.020_0030.04.aba.beta,True,6,4,0.02542877197265625,0.0034134387969970703,0.0007536411285400391,0.02959585189819336,33,6,3,6,0,7,114,18,5,266,0,619,9442
oliveira/04_07/randm06.02.02.01.020_0030.05.aba.beta,True,8,4,0.09284162521362305,0.00597691535949707,0.0008261203765869141,0.09964466094970703,59,8,2,5,0,11,335,22,6,682,0,716,10677
oliveira/04_07/randm06.02.02.02.020_0030.01.aba.beta,True,3,3,0.005250215530395508,0.0011608600616455078,0.0007047653198242188,0.007115840911865234,11,3,2,5,0,3,11,9,3,30,0,573,9040
oliveira/04_07/randm06.02.02.02.020_0030.02.aba.beta,True,2,3,0.0034341812133789062,0.0007488727569580078,0.0006537437438964844,0.0048367977142333984,9,2,2,5,0,2,12,7,3,26,0,521,8482
oliveira/04_07/randm06.02.02.02.020_0030.03.aba.beta,True,2,3,0.003650188446044922,0.0008130073547363281,0.0006678104400634766,0.0051310062408447266,9,2,2,5,0,2,16,8,3,34,0,548,8665
oliveira/04_07/randm06.02.02.02.020_0030.04.aba.beta,True,2,3,0.004179954528808594,0.0007956027984619141,0.0007028579711914062,0.005678415298461914,9,2,2,4,0,2,13,8,3,30,0,547,8639
oliveira/04_07/randm06.02.02.02.020_0030.05.aba.beta,True,3,3,0.0052073001861572266,0.0011937618255615234,0.0006654262542724609,0.007066488265991211,11,3,2,5,0,3,11,9,3,30,0,548,8621
oliveira/04_07/randm06.02.02.03.020_0030.01.aba.beta,True,10,5,0.02655768394470215,0.004805803298950195,0.0026619434356689453,0.03402543067932129,28,10,4,6,0,10,22,19,5,96,0,2072,32383
oliveira/04_07/randm06.02.02.03.020_0030.02.aba.beta,True,10,5,0.02898406982421875,0.005102634429931641,0.0029795169830322266,0.03706622123718262,30,10,4,6,0,10,37,18,5,126,0,2410,37949
oliveira/04_07/randm06.02.02.03.020_0030.03.aba.beta,True,9,5,0.02861762046813965,0.0048940181732177734,0.000946044921875,0.03445768356323242,27,9,3,8,0,10,30,18,5,126,0,790,11913
oliveira/04_07/randm06.02.02.03.020_0030.04.aba.beta,True,11,5,0.035607099533081055,0.006159543991088867,0.0009071826934814453,0.04267382621765137,36,11,3,8,0,12,32,20,5,179,0,749,11042
oliveira/04_07/randm06.02.02.03.020_0030.05.aba.beta,True,8,5,0.05843353271484375,0.0041005611419677734,0.0015430450439453125,0.06407713890075684,40,8,4,5,0,8,169,18,5,325,0,1252,19346
oliveira/04_07/randm06.02.02.04.020_0030.01.aba.beta,True,1,1,0.000888824462890625,0.00029754638671875,0.0006384849548339844,0.0018248558044433594,3,1,0,2,0,1,3,3,1,2,0,525,8535
oliveira/04_07/randm06.02.02.04.020_0030.02.aba.beta,True,1,1,0.0008831024169921875,0.0003001689910888672,0.0006825923919677734,0.0018658638000488281,3,1,0,2,0,1,3,3,1,2,0,531,8571
oliveira/04_07/randm06.02.02.04.020_0030.03.aba.beta,True,1,1,0.0009250640869140625,0.00029397010803222656,0.0006778240203857422,0.0018968582153320312,3,1,0,2,0,1,3,3,1,2,0,535,8590
oliveira/04_07/randm06.02.02.04.020_0030.04.aba.beta,True,1,1,0.0009913444519042969,0.000354766845703125,0.0006430149078369141,0.001989126205444336,3,1,0,2,0,1,3,3,1,2,0,532,8555
oliveira/04_07/randm06.02.02.04.020_0030.05.aba.beta,True,1,1,0.0008847713470458984,0.0003190040588378906,0.0006501674652099609,0.00185394287109375,3,1,0,2,0,1,3,3,1,2,0,525,8541
oliveira/04_07/randm06.02.02.05.020_0030.01.aba.beta,True,6,5,0.1320500373840332,0.01709914207458496,0.0006761550903320312,0.1498253345489502,52,6,2,13,2,22,107,23,19,343,0,576,8844
oliveira/04_07/randm06.02.02.05.020_0030.02.aba.beta,True,7,5,0.07325863838195801,0.00804758071899414,0.0007398128509521484,0.0820460319519043,59,7,2,12,0,14,256,24,10,570,0,635,9460
oliveira/04_07/randm06.02.02.05.020_0030.03.aba.beta,True,3,5,0.009050607681274414,0.0015730857849121094,0.0007135868072509766,0.0113372802734375,19,3,4,7,4,3,41,17,5,112,0,579,9020
oliveira/04_07/randm06.02.02.05.020_0030.04.aba.beta,True,4,5,0.013099193572998047,0.0021910667419433594,0.0007524490356445312,0.016042709350585938,23,4,4,7,4,4,25,16,5,99,0,603,9503
oliveira/04_07/randm06.02.02.05.020_0030.05.aba.beta,True,8,5,0.05294919013977051,0.006870269775390625,0.0009725093841552734,0.060791969299316406,40,8,4,8,0,11,104,28,8,399,0,804,12107
oliveira/04_07/randm06.02.02.06.020_0030.01.aba.beta,True,11,5,0.15760207176208496,0.01464080810546875,0.0010352134704589844,0.1732780933380127,66,11,3,8,4,20,188,37,13,549,0,828,12207
oliveira/04_07/randm06.02.02.06.020_0030.02.aba.beta,True,6,5,0.030893325805664062,0.004805803298950195,0.0007903575897216797,0.03648948669433594,30,6,3,6,2,8,68,23,6,252,0,666,10033
oliveira/04_07/randm06.02.02.06.020_0030.03.aba.beta,True,9,5,0.1676020622253418,0.007834196090698242,0.0008881092071533203,0.17632436752319336,84,9,3,2,1,13,459,27,8,1010,0,736,11085
oliveira/04_07/randm06.02.02.06.020_0030.04.aba.beta,True,6,5,0.15673375129699707,0.011977434158325195,0.0008146762847900391,0.1695258617401123,76,6,2,9,1,21,332,28,18,788,0,689,10454
oliveira/04_07/randm06.02.02.06.020_0030.05.aba.beta,True,5,5,0.04360675811767578,0.00610661506652832,0.0007479190826416016,0.0504612922668457,36,5,2,8,2,11,81,18,9,238,0,612,9419
oliveira/04_07/randm06.02.02.07.020_0030.01.aba.beta,True,8,5,0.03782796859741211,0.006317853927612305,0.0008075237274169922,0.044953346252441406,36,8,3,9,0,12,43,18,8,184,0,666,10091
oliveira/04_07/randm06.02.02.07.020_0030.02.aba.beta,True,6,5,0.07419395446777344,0.008772850036621094,0.0007078647613525391,0.08367466926574707,38,6,3,8,0,14,96,23,12,254,0,591,8897
oliveira/04_07/randm06.02.02.07.020_0030.03.aba.beta,True,11,5,0.08204984664916992,0.007872819900512695,0.0010712146759033203,0.09099388122558594,70,11,3,7,0,13,218,26,6,765,0,922,13523
oliveira/04_07/randm06.02.02.07.020_0030.04.aba.beta,True,8,5,0.03211712837219238,0.005338430404663086,0.0007147789001464844,0.03817033767700195,34,8,3,6,0,10,53,21,6,205,0,595,8893
oliveira/04_07/randm06.02.02.07.020_0030.05.aba.beta,True,11,5,0.036216020584106445,0.005844831466674805,0.0008757114410400391,0.04293656349182129,37,11,4,5,0,11,67,25,5,345,0,746,10928
oliveira/04_07/randm06.02.02.08.020_0030.01.aba.beta,True,6,4,0.015497684478759766,0.0027794837951660156,0.0010459423065185547,0.019323110580444336,21,6,3,6,0,6,25,16,4,124,0,860,13168
oliveira/04_07/randm06.02.02.08.020_0030.02.aba.beta,True,6,4,0.02208876609802246,0.003832578659057617,0.001132965087890625,0.027054309844970703,26,6,2,8,0,8,34,17,5,142,0,909,14325
oliveira/04_07/randm06.02.02.08.020_0030.03.aba.beta,True,6,4,0.01333165168762207,0.0025835037231445312,0.0007104873657226562,0.016625642776489258,19,6,3,6,0,6,27,14,4,83,0,563,8736
oliveira/04_07/randm06.02.02.08.020_0030.04.aba.beta,True,6,4,0.013982295989990234,0.002724170684814453,0.0006985664367675781,0.017405033111572266,19,6,3,6,0,6,31,14,4,95,0,574,8893
oliveira/04_07/randm06.02.02.08.020_0030.05.aba.beta,True,6,4,0.022136449813842773,0.0034627914428710938,0.0008208751678466797,0.026420116424560547,25,6,2,7,0,7,50,18,4,211,0,685,10369
oliveira/04_07/randm06.02.02.09.020_0030.01.aba.beta,True,6,5,0.08169889450073242,0.0065805912017822266,0.0009338855743408203,0.08921337127685547,49,6,4,7,3,11,199,25,10,415,0,763,11769
oliveira/04_07/randm06.02.02.09.020_0030.02.aba.beta,True,5,5,0.04837822914123535,0.0031304359436035156,0.0007376670837402344,0.0522463321685791,36,5,4,5,1,6,217,19,6,407,0,598,9231
oliveira/04_07/randm06.02.02.09.020_0030.03.aba.beta,True,5,5,0.04672598838806152,0.005673885345458984,0.0008046627044677734,0.05320453643798828,37,5,2,11,0,10,97,21,8,269,0,657,10097
oliveira/04_07/randm06.02.02.09.020_0030.04.aba.beta,True,8,5,0.06153726577758789,0.00788736343383789,0.0010013580322265625,0.07042598724365234,47,8,3,12,1,15,130,26,11,339,0,827,12479
oliveira/04_07/randm06.02.02.09.020_0030.05.aba.beta,True,8,5,0.09507536888122559,0.009690284729003906,0.00127410888671875,0.10603976249694824,45,8,2,11,0,18,98,27,13,343,0,973,14989
oliveira/04_07/randm06.02.02.10.020_0030.01.aba.beta,True,5,4,0.012821435928344727,0.002925872802734375,0.0007119178771972656,0.016459226608276367,18,5,2,6,0,6,15,12,4,57,0,559,8644
oliveira/04_07/randm06.02.02.10.020_0030.02.aba.beta,True,4,4,0.009471416473388672,0.0017881393432617188,0.0008261203765869141,0.012085676193237305,16,4,3,6,0,4,29,13,4,96,0,579,8920
oliveira/04_07/randm06.02.02.10.020_0030.03.aba.beta,True,3,4,0.006138801574707031,0.001232147216796875,0.0006935596466064453,0.008064508438110352,14,3,3,5,0,3,16,12,4,48,0,544,8586
oliveira/04_07/randm06.02.02.10.020_0030.04.aba.beta,True,3,4,0.0066606998443603516,0.0012671947479248047,0.0006954669952392578,0.008623361587524414,14,3,3,5,0,3,28,12,4,74,0,571,8857
oliveira/04_07/randm06.02.02.10.020_0030.05.aba.beta,True,5,4,0.010500192642211914,0.0022547245025634766,0.0007839202880859375,0.013538837432861328,18,5,3,6,0,5,15,13,4,57,0,562,8662
oliveira/04_07/randm06.02.02.11.020_0030.01.aba.beta,True,11,6,0.16517186164855957,0.023591279983520508,0.0009708404541015625,0.18973398208618164,56,11,3,10,2,25,114,36,18,479,0,812,12013
oliveira/04_07/randm06.02.02.11.020_0030.02.aba.beta,True,12,6,0.8261358737945557,0.05006241798400879,0.0010304450988769531,0.8772287368774414,117,12,2,12,2,49,355,35,40,1238,0,832,12318
oliveira/04_07/randm06.02.02.11.020_0030.03.aba.beta,True,14,6,1.007741928100586,0.06277298927307129,0.0012671947479248047,1.071782112121582,123,14,3,12,2,47,421,45,37,1242,0,895,12933
oliveira/04_07/randm06.02.02.11.020_0030.04.aba.beta,True,13,6,0.25177574157714844,0.02059459686279297,0.00106048583984375,0.27343082427978516,84,13,3,6,2,23,240,30,14,893,0,824,11907
oliveira/04_07/randm06.02.02.11.020_0030.05.aba.beta,True,10,6,0.15782475471496582,0.014384269714355469,0.0008423328399658203,0.1730513572692871,71,10,4,12,4,20,129,38,15,496,0,723,10453
oliveira/04_07/randm06.02.02.12.020_0030.01.aba.beta,True,3,4,0.006085634231567383,0.0012869834899902344,0.0006952285766601562,0.008067846298217773,15,3,3,6,2,3,18,13,4,53,0,558,8673
oliveira/04_07/randm06.02.02.12.020_0030.02.aba.beta,True,5,4,0.01094365119934082,0.0021631717681884766,0.0006721019744873047,0.013778924942016602,18,5,3,5,2,5,24,12,4,82,0,564,8750
oliveira/04_07/randm06.02.02.12.020_0030.03.aba.beta,True,4,4,0.010566473007202148,0.0018305778503417969,0.000759124755859375,0.01315617561340332,23,4,3,6,2,4,63,11,4,140,0,557,8725
oliveira/04_07/randm06.02.02.12.020_0030.04.aba.beta,True,3,4,0.0060138702392578125,0.0012326240539550781,0.0006806850433349609,0.007927179336547852,15,3,3,6,0,3,20,13,4,61,0,561,8699
oliveira/04_07/randm06.02.02.12.020_0030.05.aba.beta,True,3,4,0.006412029266357422,0.0012798309326171875,0.0006861686706542969,0.008378028869628906,16,3,3,6,0,3,23,14,4,65,0,564,8720
oliveira/04_07/randm06.02.02.13.020_0030.01.aba.beta,True,8,4,0.10454058647155762,0.008717775344848633,0.0008194446563720703,0.11407780647277832,78,8,1,7,0,16,211,24,10,708,0,678,10113
oliveira/04_07/randm06.02.02.13.020_0030.02.aba.beta,True,5,4,0.026818513870239258,0.0028679370880126953,0.0009489059448242188,0.030635356903076172,35,5,3,6,2,5,249,15,4,413,0,688,10578
oliveira/04_07/randm06.02.02.13.020_0030.03.aba.beta,True,3,4,0.04484820365905762,0.0071146488189697266,0.000652313232421875,0.05261516571044922,29,3,1,12,0,14,32,22,13,110,0,548,8618
oliveira/04_07/randm06.02.02.13.020_0030.04.aba.beta,True,5,4,0.023747682571411133,0.003077268600463867,0.0007255077362060547,0.027550458908081055,37,5,3,6,2,5,205,14,4,398,0,600,9159
oliveira/04_07/randm06.02.02.13.020_0030.05.aba.beta,True,3,4,0.044869184494018555,0.005346059799194336,0.00069427490234375,0.05090951919555664,29,3,1,6,0,11,61,19,10,142,0,551,8672
oliveira/04_07/randm06.02.02.14.020_0030.01.aba.beta,True,10,6,0.10007071495056152,0.011825084686279297,0.0007779598236083984,0.11267375946044922,56,10,4,14,0,19,117,27,14,444,0,642,9467
oliveira/04_07/randm06.02.02.14.020_0030.02.aba.beta,True,10,6,0.03314661979675293,0.005785703659057617,0.0007596015930175781,0.039691925048828125,33,10,5,7,0,10,27,23,6,196,0,650,9457
oliveira/04_07/randm06.02.02.14.020_0030.03.aba.beta,True,6,6,0.07211852073669434,0.010828733444213867,0.0008642673492431641,0.08381152153015137,38,6,4,13,0,19,55,26,18,242,0,599,9251
oliveira/04_07/randm06.02.02.14.020_0030.04.aba.beta,True,9,6,0.0783078670501709,0.009098291397094727,0.0009436607360839844,0.08834981918334961,69,9,4,11,3,14,185,26,10,664,0,695,10317
oliveira/04_07/randm06.02.02.14.020_0030.05.aba.beta,True,5,6,0.02773737907409668,0.004019975662231445,0.0007297992706298828,0.03248715400695801,44,5,5,8,13,7,58,23,8,262,0,600,9170
oliveira/04_07/randm06.02.02.15.020_0030.01.aba.beta,True,3,5,0.010428428649902344,0.0015282630920410156,0.0007390975952148438,0.012695789337158203,26,3,4,6,7,3,47,23,5,135,0,586,9189
oliveira/04_07/randm06.02.02.15.020_0030.02.aba.beta,True,6,5,0.051796913146972656,0.0037338733673095703,0.0009281635284423828,0.05645895004272461,65,6,4,6,21,6,200,19,5,620,0,755,11540
oliveira/04_07/randm06.02.02.15.020_0030.03.aba.beta,True,4,5,0.01271200180053711,0.0019927024841308594,0.0007274150848388672,0.015432119369506836,26,4,4,7,10,4,27,19,5,111,0,585,9103
oliveira/04_07/randm06.02.02.15.020_0030.04.aba.beta,True,9,5,0.09862208366394043,0.008875608444213867,0.0007653236389160156,0.10826301574707031,71,9,3,6,0,13,173,25,8,797,0,668,9678
oliveira/04_07/randm06.02.02.15.020_0030.05.aba.beta,True,10,5,0.09011292457580566,0.0069386959075927734,0.0008950233459472656,0.0979466438293457,69,10,4,7,9,10,280,24,5,767,0,760,11216
oliveira/04_07/randm06.02.02.16.020_0030.01.aba.beta,True,4,3,0.007184505462646484,0.0015704631805419922,0.0011196136474609375,0.009874582290649414,14,4,2,4,0,4,11,11,3,38,0,899,14447
oliveira/04_07/randm06.02.02.16.020_0030.02.aba.beta,True,4,3,0.008826494216918945,0.0016524791717529297,0.0009415149688720703,0.011420488357543945,17,4,2,4,0,4,25,11,3,74,0,776,12141
oliveira/04_07/randm06.02.02.16.020_0030.03.aba.beta,True,2,3,0.00318145751953125,0.0008411407470703125,0.0010683536529541016,0.005090951919555664,8,2,2,5,0,2,7,7,3,12,0,837,13591
oliveira/04_07/randm06.02.02.16.020_0030.04.aba.beta,True,2,3,0.003505229949951172,0.0008409023284912109,0.0010657310485839844,0.005411863327026367,8,2,2,5,0,2,7,7,3,12,0,838,13337
oliveira/04_07/randm06.02.02.16.020_0030.05.aba.beta,True,4,3,0.008062124252319336,0.0016827583312988281,0.0009407997131347656,0.01068568229675293,15,4,2,4,0,4,19,12,3,60,0,779,12143
oliveira/04_07/randm06.02.02.17.020_0030.01.aba.beta,True,6,4,0.017005443572998047,0.0028831958770751953,0.0010752677917480469,0.02096390724182129,25,6,3,5,0,6,37,15,4,124,0,869,13484
oliveira/04_07/randm06.02.02.17.020_0030.02.aba.beta,True,7,4,0.019607067108154297,0.0034401416778564453,0.00113677978515625,0.024183988571166992,25,7,3,5,0,7,27,17,4,117,0,909,13943
oliveira/04_07/randm06.02.02.17.020_0030.03.aba.beta,True,7,4,0.02650165557861328,0.004541635513305664,0.0007762908935546875,0.03181958198547363,30,7,2,7,0,9,55,22,5,220,0,648,9697
oliveira/04_07/randm06.02.02.17.020_0030.04.aba.beta,True,5,4,0.016644001007080078,0.003520965576171875,0.0006880760192871094,0.020853042602539062,22,5,2,9,0,7,21,17,5,80,0,560,8670
oliveira/04_07/randm06.02.02.17.020_0030.05.aba.beta,True,7,4,0.01609206199645996,0.003089427947998047,0.0006997585296630859,0.019881248474121094,22,7,3,6,0,7,23,16,4,96,0,575,8747
oliveira/04_07/randm06.02.02.18.020_0030.01.aba.beta,True,12,6,0.08302879333496094,0.010123729705810547,0.0009467601776123047,0.09409928321838379,60,12,4,10,2,14,130,25,7,589,0,712,10122
oliveira/04_07/randm06.02.02.18.020_0030.02.aba.beta,True,10,6,0.04931354522705078,0.006562709808349609,0.0007410049438476562,0.05661725997924805,48,10,5,7,11,12,70,24,8,314,0,621,9162
oliveira/04_07/randm06.02.02.18.020_0030.03.aba.beta,True,16,6,0.09696531295776367,0.013355731964111328,0.0011622905731201172,0.11148333549499512,57,16,4,8,0,20,72,35,9,555,0,978,14199
oliveira/04_07/randm06.02.02.18.020_0030.04.aba.beta,True,10,6,0.08994913101196289,0.010167121887207031,0.0009107589721679688,0.10102701187133789,67,10,4,15,0,17,228,25,12,749,0,749,11400
oliveira/04_07/randm06.02.02.18.020_0030.05.aba.beta,True,14,6,0.15627551078796387,0.014574050903320312,0.0009250640869140625,0.17177462577819824,90,14,5,12,14,22,277,39,14,821,0,802,11708
oliveira/04_07/randm06.02.02.19.020_0030.01.aba.beta,True,1,1,0.0009055137634277344,0.0002999305725097656,0.0006558895111083984,0.0018613338470458984,3,1,0,2,0,1,3,3,1,2,0,533,8572
oliveira/04_07/randm06.02.02.19.020_0030.02.aba.beta,True,1,1,0.0008921623229980469,0.000301361083984375,0.0006518363952636719,0.0018453598022460938,3,1,0,2,0,1,3,3,1,2,0,537,8597
oliveira/04_07/randm06.02.02.19.020_0030.03.aba.beta,True,1,1,0.0008752346038818359,0.00029206275939941406,0.0006546974182128906,0.0018219947814941406,3,1,0,2,0,1,3,3,1,2,0,533,8578
oliveira/04_07/randm06.02.02.19.020_0030.04.aba.beta,True,1,1,0.0008881092071533203,0.0002944469451904297,0.0006525516510009766,0.0018351078033447266,3,1,0,2,0,1,3,3,1,2,0,523,8524
oliveira/04_07/randm06.02.02.19.020_0030.05.aba.beta,True,1,1,0.0008797645568847656,0.00029397010803222656,0.0006496906280517578,0.00182342529296875,3,1,0,2,0,1,3,3,1,2,0,525,8527
oliveira/04_07/randm07.02.02.01.020_0030.01.aba.beta,True,1,1,0.0009002685546875,0.00030493736267089844,0.0006456375122070312,0.0018508434295654297,3,1,0,2,0,1,3,3,1,2,0,529,8553
oliveira/04_07/randm07.02.02.01.020_0030.02.aba.beta,True,1,1,0.000873565673828125,0.0003001689910888672,0.0006959438323974609,0.0018696784973144531,3,1,0,2,0,1,3,3,1,2,0,526,8542
oliveira/04_07/randm07.02.02.01.020_0030.03.aba.beta,True,1,1,0.0008790493011474609,0.00030040740966796875,0.0006549358367919922,0.0018343925476074219,3,1,0,2,0,1,3,3,1,2,0,531,8553
oliveira/04_07/randm07.02.02.01.020_0030.04.aba.beta,True,1,1,0.0008928775787353516,0.00029921531677246094,0.0006527900695800781,0.0018448829650878906,3,1,0,2,0,1,3,3,1,2,0,530,8550
oliveira/04_07/randm07.02.02.01.020_0030.05.aba.beta,True,1,1,0.0009529590606689453,0.0003809928894042969,0.0006544589996337891,0.0019884109497070312,3,1,0,2,0,1,3,3,1,2,0,540,8609
oliveira/04_07/randm07.02.02.02.020_0030.01.aba.beta,True,1,1,0.0009284019470214844,0.0003275871276855469,0.0006601810455322266,0.0019161701202392578,3,1,0,2,0,1,3,3,1,2,0,535,8587
oliveira/04_07/randm07.02.02.02.020_0030.02.aba.beta,True,1,1,0.0008900165557861328,0.00032401084899902344,0.0006685256958007812,0.0018825531005859375,3,1,0,2,0,1,3,3,1,2,0,538,8598
oliveira/04_07/randm07.02.02.02.020_0030.03.aba.beta,True,1,1,0.0009534358978271484,0.0002980232238769531,0.0006949901580810547,0.0019464492797851562,3,1,0,2,0,1,3,3,1,2,0,533,8583
oliveira/04_07/randm07.02.02.02.020_0030.04.aba.beta,True,1,1,0.0008947849273681641,0.00031828880310058594,0.0006508827209472656,0.0018639564514160156,3,1,0,2,0,1,3,3,1,2,0,521,8515
oliveira/04_07/randm07.02.02.02.020_0030.05.aba.beta,True,1,1,0.0008788108825683594,0.0003006458282470703,0.0006604194641113281,0.0018398761749267578,3,1,0,2,0,1,3,3,1,2,0,531,8576
oliveira/04_07/randm07.02.02.03.020_0030.01.aba.beta,True,9,7,0.8477046489715576,0.06611180305480957,0.0009412765502929688,0.9147577285766602,100,9,4,27,5,68,162,40,64,739,0,703,10385
oliveira/04_07/randm07.02.02.03.020_0030.02.aba.beta,True,14,7,0.14215922355651855,0.016687393188476562,0.0008788108825683594,0.15972542762756348,90,14,5,9,8,23,107,35,15,891,0,718,9940
oliveira/04_07/randm07.02.02.03.020_0030.03.aba.beta,True,16,7,1.6599619388580322,0.18860220909118652,0.000993490219116211,1.849557638168335,147,16,3,32,0,136,240,48,124,1289,0,779,10919
oliveira/04_07/randm07.02.02.03.020_0030.04.aba.beta,True,12,7,0.2604217529296875,0.029793739318847656,0.0008983612060546875,0.29111385345458984,91,12,4,16,0,36,125,37,29,804,0,727,10289
oliveira/04_07/randm07.02.02.03.020_0030.05.aba.beta,True,15,7,0.2198772430419922,0.024200439453125,0.0011506080627441406,0.24522829055786133,111,15,5,26,20,36,178,39,27,857,0,953,13886
oliveira/04_07/randm07.02.02.04.020_0030.01.aba.beta,True,9,4,0.027086496353149414,0.004517316818237305,0.001383066177368164,0.03298687934875488,30,9,3,5,2,9,36,22,4,129,0,1115,17307
oliveira/04_07/randm07.02.02.04.020_0030.02.aba.beta,True,7,4,0.027428388595581055,0.004261016845703125,0.001172780990600586,0.032862186431884766,33,7,2,7,2,8,55,21,4,219,0,960,14738
oliveira/04_07/randm07.02.02.04.020_0030.03.aba.beta,True,8,4,0.04930400848388672,0.005114078521728516,0.0026874542236328125,0.05710554122924805,43,8,3,5,2,8,145,19,4,329,0,1554,24373
oliveira/04_07/randm07.02.02.04.020_0030.04.aba.beta,True,9,4,0.03977203369140625,0.005410909652709961,0.001672983169555664,0.046855926513671875,32,9,3,5,2,9,41,22,4,174,0,1188,18682
oliveira/04_07/randm07.02.02.04.020_0030.05.aba.beta,True,7,4,0.023061513900756836,0.003427743911743164,0.0007750988006591797,0.02726435661315918,32,7,3,5,2,7,54,18,4,212,0,656,9909
oliveira/04_07/randm07.02.02.05.020_0030.01.aba.beta,True,11,6,0.1461772918701172,0.01901841163635254,0.0008473396301269531,0.16604304313659668,59,11,3,17,2,28,68,34,21,327,0,705,10345
oliveira/04_07/randm07.02.02.05.020_0030.02.aba.beta,True,9,6,0.05834770202636719,0.0070056915283203125,0.0010218620300292969,0.0663752555847168,55,9,4,9,7,11,110,26,7,432,0,858,12923
oliveira/04_07/randm07.02.02.05.020_0030.03.aba.beta,True,9,6,0.1410834789276123,0.013349771499633789,0.001056671142578125,0.15548992156982422,83,9,3,10,2,20,256,30,15,928,0,853,13045
oliveira/04_07/randm07.02.02.05.020_0030.04.aba.beta,True,8,6,0.03704357147216797,0.004660367965698242,0.0008146762847900391,0.04251861572265625,43,8,5,6,2,8,145,26,6,360,0,687,10153
oliveira/04_07/randm07.02.02.05.020_0030.05.aba.beta,True,8,6,0.05180859565734863,0.00797271728515625,0.0007915496826171875,0.06057286262512207,41,8,4,12,2,13,77,28,10,249,0,663,9887
oliveira/04_07/randm07.02.02.06.020_0030.01.aba.beta,True,5,4,0.012533187866210938,0.0021636486053466797,0.0007658004760742188,0.015462636947631836,20,5,3,6,0,5,30,13,4,85,0,637,9945
oliveira/04_07/randm07.02.02.06.020_0030.02.aba.beta,True,6,4,0.015723228454589844,0.0028510093688964844,0.0009217262268066406,0.01949596405029297,20,6,3,6,0,6,28,15,4,118,0,756,11563
oliveira/04_07/randm07.02.02.06.020_0030.03.aba.beta,True,6,4,0.01439356803894043,0.0027081966400146484,0.00077056884765625,0.017872333526611328,21,6,3,6,0,6,24,16,4,87,0,628,9590
oliveira/04_07/randm07.02.02.06.020_0030.04.aba.beta,True,5,4,0.011571168899536133,0.0021979808807373047,0.0010967254638671875,0.014865875244140625,19,5,3,6,0,5,24,15,4,102,0,891,13951
oliveira/04_07/randm07.02.02.06.020_0030.05.aba.beta,True,6,4,0.015100479125976562,0.0027840137481689453,0.0010917186737060547,0.018976211547851562,21,6,3,6,0,6,21,16,4,85,0,889,13842
oliveira/04_07/randm07.02.02.07.020_0030.01.aba.beta,True,15,6,0.17788958549499512,0.01791214942932129,0.0010330677032470703,0.19683480262756348,98,15,3,9,3,25,181,39,14,1014,0,817,11560
oliveira/04_07/randm07.02.02.07.020_0030.02.aba.beta,True,13,6,0.5770831108093262,0.03839468955993652,0.0013055801391601562,0.6167833805084229,106,13,3,13,3,38,270,38,29,1053,0,991,14419
oliveira/04_07/randm07.02.02.07.020_0030.03.aba.beta,True,13,6,0.24682235717773438,0.020572185516357422,0.0010030269622802734,0.26839756965637207,90,13,3,14,3,30,206,32,21,768,0,787,11330
oliveira/04_07/randm07.02.02.07.020_0030.04.aba.beta,True,9,6,0.0437471866607666,0.0064449310302734375,0.0012595653533935547,0.051451683044433594,41,9,4,8,3,10,61,21,6,254,0,995,15314
oliveira/04_07/randm07.02.02.07.020_0030.05.aba.beta,True,11,6,0.12735509872436523,0.015104055404663086,0.0010478496551513672,0.1435070037841797,60,11,4,9,3,21,112,36,15,440,0,874,12698
oliveira/04_07/randm07.02.02.08.020_0030.01.aba.beta,True,1,1,0.0009257793426513672,0.00030732154846191406,0.0006740093231201172,0.0019071102142333984,3,1,0,2,0,1,3,3,1,2,0,542,8613
oliveira/04_07/randm07.02.02.08.020_0030.02.aba.beta,True,1,1,0.0008957386016845703,0.00033926963806152344,0.0006716251373291016,0.0019066333770751953,3,1,0,2,0,1,3,3,1,2,0,539,8607
oliveira/04_07/randm07.02.02.08.020_0030.03.aba.beta,True,1,1,0.0008873939514160156,0.0003037452697753906,0.0006632804870605469,0.0018544197082519531,3,1,0,2,0,1,3,3,1,2,0,534,8577
oliveira/04_07/randm07.02.02.08.020_0030.04.aba.beta,True,1,1,0.0009045600891113281,0.0003056526184082031,0.0006797313690185547,0.001889944076538086,3,1,0,2,0,1,3,3,1,2,0,536,8592
oliveira/04_07/randm07.02.02.08.020_0030.05.aba.beta,True,1,1,0.0009095668792724609,0.0003218650817871094,0.0007016658782958984,0.0019330978393554688,3,1,0,2,0,1,3,3,1,2,0,536,8587
oliveira/04_07/randm07.02.02.09.020_0030.01.aba.beta,True,5,3,0.01160120964050293,0.0022430419921875,0.0007114410400390625,0.014555692672729492,18,5,2,5,0,5,22,14,3,103,0,580,8846
oliveira/04_07/randm07.02.02.09.020_0030.02.aba.beta,True,5,3,0.011196136474609375,0.0022280216217041016,0.0012059211730957031,0.01463007926940918,18,5,2,4,0,5,26,14,3,77,0,902,14213
oliveira/04_07/randm07.02.02.09.020_0030.03.aba.beta,True,3,3,0.0056416988372802734,0.0012326240539550781,0.0006988048553466797,0.007573127746582031,12,3,2,4,0,3,12,10,3,35,0,553,8644
oliveira/04_07/randm07.02.02.09.020_0030.04.aba.beta,True,3,3,0.006276369094848633,0.0012292861938476562,0.0006604194641113281,0.008166074752807617,12,3,2,5,0,3,21,10,3,67,0,561,8758
oliveira/04_07/randm07.02.02.09.020_0030.05.aba.beta,True,3,3,0.005869150161743164,0.0012412071228027344,0.0006635189056396484,0.007773876190185547,12,3,2,5,0,3,17,10,3,51,0,552,8661
oliveira/04_07/randm07.02.02.10.020_0030.01.aba.beta,True,1,1,0.0009016990661621094,0.0002970695495605469,0.0006663799285888672,0.0018651485443115234,3,1,0,2,0,1,3,3,1,2,0,537,8599
oliveira/04_07/randm07.02.02.10.020_0030.02.aba.beta,True,1,1,0.0008993148803710938,0.0003018379211425781,0.00064849853515625,0.0018496513366699219,3,1,0,2,0,1,3,3,1,2,0,540,8608
oliveira/04_07/randm07.02.02.10.020_0030.03.aba.beta,True,1,1,0.000881195068359375,0.00029397010803222656,0.0006556510925292969,0.0018308162689208984,3,1,0,2,0,1,3,3,1,2,0,527,8497
oliveira/04_07/randm07.02.02.10.020_0030.04.aba.beta,True,1,1,0.0008885860443115234,0.00030350685119628906,0.0006761550903320312,0.0018682479858398438,3,1,0,2,0,1,3,3,1,2,0,537,8603
oliveira/04_07/randm07.02.02.10.020_0030.05.aba.beta,True,1,1,0.0008864402770996094,0.0002949237823486328,0.0006499290466308594,0.0018312931060791016,3,1,0,2,0,1,3,3,1,2,0,528,8551
oliveira/04_07/randm07.02.02.11.020_0030.01.aba.beta,True,11,5,0.09026408195495605,0.009878396987915039,0.0010609626770019531,0.10120344161987305,49,11,3,7,0,15,124,25,8,338,0,789,11715
oliveira/04_07/randm07.02.02.11.020_0030.02.aba.beta,True,7,5,0.019129276275634766,0.0034525394439697266,0.0009796619415283203,0.023561477661132812,25,7,4,5,0,7,32,19,5,161,0,796,12409
oliveira/04_07/randm07.02.02.11.020_0030.03.aba.beta,True,7,5,0.039804697036743164,0.004364490509033203,0.0011887550354003906,0.04535794258117676,36,7,4,7,0,7,187,21,5,434,0,941,14858
oliveira/04_07/randm07.02.02.11.020_0030.04.aba.beta,True,9,5,0.05302071571350098,0.007809162139892578,0.0009210109710693359,0.06175088882446289,48,9,3,9,0,13,53,26,8,306,0,724,10763
oliveira/04_07/randm07.02.02.11.020_0030.05.aba.beta,True,8,5,0.07169032096862793,0.005692958831787109,0.0009601116180419922,0.07834339141845703,55,8,3,6,0,10,190,20,6,595,0,756,11314
oliveira/04_07/randm07.02.02.12.020_0030.01.aba.beta,True,4,3,0.0077381134033203125,0.0017080307006835938,0.0010459423065185547,0.010492086410522461,14,4,2,5,0,4,13,11,3,42,0,817,12904
oliveira/04_07/randm07.02.02.12.020_0030.02.aba.beta,True,3,3,0.00531768798828125,0.0013413429260253906,0.000701904296875,0.007360935211181641,11,3,2,5,0,3,13,9,3,29,0,546,8621
oliveira/04_07/randm07.02.02.12.020_0030.03.aba.beta,True,3,3,0.005833864212036133,0.001451730728149414,0.0006756782531738281,0.007961273193359375,11,3,2,5,0,3,16,9,3,35,0,545,8631
oliveira/04_07/randm07.02.02.12.020_0030.04.aba.beta,True,4,3,0.012291431427001953,0.001802682876586914,0.0010411739349365234,0.01513528823852539,22,4,2,5,0,4,63,10,3,131,0,792,12532
oliveira/04_07/randm07.02.02.12.020_0030.05.aba.beta,True,4,3,0.009751081466674805,0.0018076896667480469,0.001129150390625,0.012687921524047852,19,4,2,5,0,4,32,10,3,93,0,880,13851
oliveira/04_07/randm07.02.02.13.020_0030.01.aba.beta,True,11,7,0.1315617561340332,0.012314558029174805,0.0010013580322265625,0.14487767219543457,73,11,6,11,11,13,190,36,9,670,0,818,11991
oliveira/04_07/randm07.02.02.13.020_0030.02.aba.beta,True,14,7,0.06851887702941895,0.00987696647644043,0.0010714530944824219,0.0794672966003418,53,14,6,8,3,14,71,36,7,622,0,897,13337
oliveira/04_07/randm07.02.02.13.020_0030.03.aba.beta,True,14,7,0.20069026947021484,0.01890087127685547,0.001827239990234375,0.2214183807373047,76,14,5,10,9,21,161,34,13,643,0,1511,22559
oliveira/04_07/randm07.02.02.13.020_0030.04.aba.beta,True,11,7,0.7229747772216797,0.062192440032958984,0.0008606910705566406,0.7860279083251953,116,11,4,28,6,79,250,50,73,1091,0,709,10167
oliveira/04_07/randm07.02.02.13.020_0030.05.aba.beta,True,16,7,0.13731050491333008,0.017335176467895508,0.001216888427734375,0.15586256980895996,77,16,5,12,3,23,98,40,13,618,0,1039,14784
oliveira/04_07/randm07.02.02.14.020_0030.01.aba.beta,True,3,3,0.0065059661865234375,0.0015370845794677734,0.000682830810546875,0.008725881576538086,12,3,2,5,0,3,23,10,3,79,0,577,8908
oliveira/04_07/randm07.02.02.14.020_0030.02.aba.beta,True,3,3,0.005788326263427734,0.0012252330780029297,0.0006709098815917969,0.007684469223022461,12,3,2,5,0,3,16,10,3,51,0,559,8687
oliveira/04_07/randm07.02.02.14.020_0030.03.aba.beta,True,3,3,0.00702977180480957,0.0014209747314453125,0.0008492469787597656,0.009299993515014648,12,3,2,5,0,3,27,10,3,95,0,614,9804
oliveira/04_07/randm07.02.02.14.020_0030.04.aba.beta,True,5,3,0.019010066986083984,0.002329587936401367,0.0007255077362060547,0.022065162658691406,29,5,2,4,0,5,114,13,3,246,0,604,9346
oliveira/04_07/randm07.02.02.14.020_0030.05.aba.beta,True,3,3,0.005192756652832031,0.0011980533599853516,0.0006778240203857422,0.007068634033203125,12,3,2,4,0,3,11,10,3,34,0,551,8634
oliveira/04_07/randm07.02.02.15.020_0030.01.aba.beta,True,9,7,0.09535980224609375,0.011134147644042969,0.0007731914520263672,0.10726714134216309,61,9,5,12,7,16,99,28,13,418,0,655,9562
oliveira/04_07/randm07.02.02.15.020_0030.02.aba.beta,True,14,7,0.6906008720397949,0.058203697204589844,0.0010497570037841797,0.749854326248169,127,14,4,24,0,64,274,46,55,1217,0,849,12387
oliveira/04_07/randm07.02.02.15.020_0030.03.aba.beta,True,9,7,0.16991925239562988,0.017023801803588867,0.0008246898651123047,0.18776774406433105,56,9,5,13,1,24,110,35,21,433,0,689,10203
oliveira/04_07/randm07.02.02.15.020_0030.04.aba.beta,True,10,7,0.15302371978759766,0.02103877067565918,0.0008714199066162109,0.17493391036987305,50,10,5,20,2,31,52,37,27,252,0,722,10655
oliveira/04_07/randm07.02.02.15.020_0030.05.aba.beta,True,18,7,1.2483534812927246,0.06528449058532715,0.001634359359741211,1.315272331237793,150,18,3,8,2,72,376,44,58,1457,0,1345,19928
oliveira/04_07/randm07.02.02.16.020_0030.01.aba.beta,True,6,4,0.014880657196044922,0.0028362274169921875,0.001588582992553711,0.01930546760559082,21,6,3,6,0,6,31,16,4,107,0,1285,20027
oliveira/04_07/randm07.02.02.16.020_0030.02.aba.beta,True,8,4,0.020934104919433594,0.0038461685180664062,0.0019783973693847656,0.026758670806884766,26,8,3,6,0,8,26,19,4,118,0,1591,25049
oliveira/04_07/randm07.02.02.16.020_0030.03.aba.beta,True,4,4,0.014160633087158203,0.0026862621307373047,0.000667572021484375,0.017514467239379883,20,4,2,6,0,6,28,14,5,77,0,552,8646
oliveira/04_07/randm07.02.02.16.020_0030.04.aba.beta,True,3,4,0.013164043426513672,0.0022716522216796875,0.0006554126739501953,0.016091108322143555,19,3,2,7,0,5,30,13,5,104,0,554,8664
oliveira/04_07/randm07.02.02.16.020_0030.05.aba.beta,True,8,4,0.026159048080444336,0.004053831100463867,0.0017359256744384766,0.03194880485534668,37,8,3,6,0,8,124,18,4,279,0,1417,22229
oliveira/04_07/randm07.02.02.17.020_0030.01.aba.beta,True,10,6,0.11563634872436523,0.00927281379699707,0.0010099411010742188,0.12591910362243652,89,10,5,8,19,13,313,36,9,926,0,824,12231
oliveira/04_07/randm07.02.02.17.020_0030.02.aba.beta,True,10,6,0.14890480041503906,0.012922048568725586,0.0011124610900878906,0.16293931007385254,77,10,3,10,3,17,315,32,11,771,0,874,13130
oliveira/04_07/randm07.02.02.17.020_0030.03.aba.beta,True,9,6,0.12507200241088867,0.008769512176513672,0.0009095668792724609,0.1347510814666748,90,9,5,6,17,13,330,32,10,960,0,760,11240
oliveira/04_07/randm07.02.02.17.020_0030.04.aba.beta,True,9,6,0.07276225090026855,0.006361246109008789,0.0008726119995117188,0.07999610900878906,76,9,5,7,3,9,347,29,6,931,0,748,11153
oliveira/04_07/randm07.02.02.17.020_0030.05.aba.beta,True,9,6,0.15336203575134277,0.013683557510375977,0.001039266586303711,0.16808485984802246,62,9,3,10,3,17,197,31,12,572,0,862,12823
oliveira/04_07/randm07.02.02.18.020_0030.01.aba.beta,True,19,7,1.0254335403442383,0.07596325874328613,0.0016667842864990234,1.1030635833740234,205,19,4,23,14,61,666,52,47,2382,0,1422,20714
oliveira/04_07/randm07.02.02.18.020_0030.02.aba.beta,True,11,7,0.5022745132446289,0.07185888290405273,0.0011820793151855469,0.5753154754638672,109,11,4,8,8,36,326,40,30,1174,0,866,12900
oliveira/04_07/randm07.02.02.18.020_0030.03.aba.beta,True,12,7,0.4690282344818115,0.04757261276245117,0.0012972354888916016,0.5178980827331543,116,12,4,7,11,38,424,37,31,1212,0,1032,15289
oliveira/04_07/randm07.02.02.18.020_0030.04.aba.beta,True,18,7,1.2109723091125488,0.14414715766906738,0.0016663074493408203,1.356785774230957,159,18,4,6,17,55,536,47,42,1744,0,1326,19430
oliveira/04_07/randm07.02.02.18.020_0030.05.aba.beta,True,19,7,1.008636474609375,0.07472062110900879,0.002037525177001953,1.0853946208953857,158,19,4,7,8,43,809,49,29,1947,0,1667,24364
oliveira/04_07/randm07.02.02.19.020_0030.01.aba.beta,True,9,5,0.059670209884643555,0.005999088287353516,0.0007898807525634766,0.06645917892456055,43,9,3,8,1,11,118,23,6,338,0,672,9995
oliveira/04_07/randm07.02.02.19.020_0030.02.aba.beta,True,11,5,0.1111762523651123,0.011294126510620117,0.0009126663208007812,0.1233830451965332,70,11,2,9,1,18,201,26,10,749,0,774,11561
oliveira/04_07/randm07.02.02.19.020_0030.03.aba.beta,True,5,5,0.028730392456054688,0.002814054489135742,0.0008671283721923828,0.03241157531738281,37,5,4,7,4,5,190,21,5,336,0,724,11191
oliveira/04_07/randm07.02.02.19.020_0030.04.aba.beta,True,10,5,0.17415261268615723,0.015101194381713867,0.0008590221405029297,0.19011282920837402,81,10,2,13,1,24,219,29,17,755,0,737,10830
oliveira/04_07/randm07.02.02.19.020_0030.05.aba.beta,True,5,5,0.014122962951660156,0.0024034976959228516,0.000881195068359375,0.017407655715942383,26,5,4,7,3,5,47,19,5,130,0,735,11353
oliveira/04_09/randm04.02.02.01.020_0030.01.aba.beta,True,3,3,0.004786014556884766,0.001096963882446289,0.0006644725799560547,0.006547451019287109,12,3,2,5,1,3,12,10,3,32,0,543,8608
oliveira/04_09/randm04.02.02.01.020_0030.02.aba.beta,True,5,4,0.009575843811035156,0.0020024776458740234,0.001405954360961914,0.012984275817871094,16,5,3,5,1,5,13,12,4,40,0,1137,18044
oliveira/04_09/randm04.02.02.01.020_0030.03.aba.beta,True,6,4,0.012592077255249023,0.0025429725646972656,0.0016467571258544922,0.01678180694580078,19,6,3,5,2,6,15,14,4,53,0,1285,20584
oliveira/04_09/randm04.02.02.01.020_0030.04.aba.beta,True,6,4,0.013097047805786133,0.002763032913208008,0.0016388893127441406,0.01749897003173828,19,6,3,5,2,6,17,13,4,57,0,1246,19786
oliveira/04_09/randm04.02.02.01.020_0030.05.aba.beta,True,5,4,0.010423421859741211,0.0022077560424804688,0.0015785694122314453,0.014209747314453125,16,5,3,5,1,5,16,12,4,46,0,1286,20264
oliveira/04_09/randm04.02.02.02.020_0030.01.aba.beta,True,1,1,0.0009000301361083984,0.00031185150146484375,0.0006489753723144531,0.0018608570098876953,3,1,0,2,0,1,3,3,1,2,0,543,8623
oliveira/04_09/randm04.02.02.02.020_0030.02.aba.beta,True,1,1,0.0008933544158935547,0.0002987384796142578,0.0006580352783203125,0.001850128173828125,3,1,0,2,0,1,3,3,1,2,0,537,8598
oliveira/04_09/randm04.02.02.02.020_0030.03.aba.beta,True,1,1,0.0008895397186279297,0.0003020763397216797,0.0006489753723144531,0.0018405914306640625,3,1,0,2,0,1,3,3,1,2,0,527,8532
oliveira/04_09/randm04.02.02.02.020_0030.04.aba.beta,True,1,1,0.0010900497436523438,0.0004010200500488281,0.0008211135864257812,0.002312183380126953,3,1,0,2,0,1,3,3,1,2,0,536,8589
oliveira/04_09/randm04.02.02.02.020_0030.05.aba.beta,True,1,1,0.0009686946868896484,0.00039505958557128906,0.0006434917449951172,0.0020072460174560547,3,1,0,2,0,1,3,3,1,2,0,536,8583
oliveira/04_09/randm04.02.02.03.020_0030.01.aba.beta,True,2,3,0.0037088394165039062,0.0008594989776611328,0.0006861686706542969,0.005254507064819336,11,2,2,5,2,2,13,10,3,27,0,536,8563
oliveira/04_09/randm04.02.02.03.020_0030.02.aba.beta,True,2,3,0.0036919116973876953,0.0007624626159667969,0.0006663799285888672,0.005120754241943359,11,2,2,5,2,2,21,9,3,43,0,545,8658
oliveira/04_09/randm04.02.02.03.020_0030.03.aba.beta,True,2,3,0.0029458999633789062,0.0007791519165039062,0.0006744861602783203,0.004399538040161133,10,2,2,5,2,2,9,9,3,19,0,540,8598
oliveira/04_09/randm04.02.02.03.020_0030.04.aba.beta,True,2,3,0.002877473831176758,0.0007402896881103516,0.0006842613220214844,0.004302024841308594,10,2,2,5,2,2,9,9,3,19,0,543,8612
oliveira/04_09/randm04.02.02.03.020_0030.05.aba.beta,True,3,3,0.005903720855712891,0.0012695789337158203,0.0008194446563720703,0.007992744445800781,14,3,2,5,2,3,18,11,3,51,0,547,8614
oliveira/04_09/randm04.02.02.04.020_0030.01.aba.beta,True,1,1,0.0008842945098876953,0.0003020763397216797,0.0006392002105712891,0.001825571060180664,3,1,0,2,0,1,3,3,1,2,0,529,8558
oliveira/04_09/randm04.02.02.04.020_0030.02.aba.beta,True,1,1,0.0008821487426757812,0.0003006458282470703,0.0006463527679443359,0.0018291473388671875,3,1,0,2,0,1,3,3,1,2,0,531,8570
oliveira/04_09/randm04.02.02.04.020_0030.03.aba.beta,True,1,1,0.0008916854858398438,0.00030684471130371094,0.0006692409515380859,0.0018677711486816406,3,1,0,2,0,1,3,3,1,2,0,532,8571
oliveira/04_09/randm04.02.02.04.020_0030.04.aba.beta,True,1,1,0.0008895397186279297,0.00029754638671875,0.0006527900695800781,0.0018398761749267578,3,1,0,2,0,1,3,3,1,2,0,535,8587
oliveira/04_09/randm04.02.02.04.020_0030.05.aba.beta,True,1,1,0.0008902549743652344,0.00030350685119628906,0.0006823539733886719,0.0018761157989501953,3,1,0,2,0,1,3,3,1,2,0,539,8598
oliveira/04_09/randm04.02.02.05.020_0030.01.aba.beta,True,1,2,0.0013794898986816406,0.0003383159637451172,0.0006608963012695312,0.002378702163696289,5,1,1,4,0,1,5,5,2,6,0,533,8580
oliveira/04_09/randm04.02.02.05.020_0030.02.aba.beta,True,1,2,0.0012836456298828125,0.0003330707550048828,0.0006406307220458984,0.0022573471069335938,5,1,1,4,0,1,5,5,2,6,0,529,8561
oliveira/04_09/randm04.02.02.05.020_0030.03.aba.beta,True,1,2,0.0013279914855957031,0.0003592967987060547,0.0006680488586425781,0.002355337142944336,5,1,1,4,0,1,5,5,2,6,0,538,8604
oliveira/04_09/randm04.02.02.05.020_0030.04.aba.beta,True,1,2,0.001373291015625,0.00034308433532714844,0.0006539821624755859,0.0023703575134277344,5,1,1,4,0,1,5,5,2,6,0,531,8548
oliveira/04_09/randm04.02.02.05.020_0030.05.aba.beta,True,1,2,0.0013952255249023438,0.0003838539123535156,0.0006628036499023438,0.002441883087158203,5,1,1,4,0,1,5,5,2,6,0,528,8549
oliveira/04_09/randm04.02.02.06.020_0030.01.aba.beta,True,3,3,0.006407499313354492,0.0013284683227539062,0.0008404254913330078,0.008576393127441406,14,3,2,4,0,3,27,11,3,76,0,554,8748
oliveira/04_09/randm04.02.02.06.020_0030.02.aba.beta,True,3,3,0.006200313568115234,0.0013577938079833984,0.0006906986236572266,0.00824880599975586,12,3,2,4,0,3,21,10,3,67,0,568,8797
oliveira/04_09/randm04.02.02.06.020_0030.03.aba.beta,True,4,3,0.007979154586791992,0.0017294883728027344,0.0007283687591552734,0.01043701171875,14,4,2,5,0,4,21,11,3,62,0,563,8743
oliveira/04_09/randm04.02.02.06.020_0030.04.aba.beta,True,5,3,0.012900114059448242,0.0022351741790771484,0.0007021427154541016,0.015837430953979492,20,5,2,5,0,5,41,12,3,133,0,590,9046
oliveira/04_09/randm04.02.02.06.020_0030.05.aba.beta,True,3,3,0.006060600280761719,0.0012068748474121094,0.0007328987121582031,0.008000373840332031,12,3,2,4,0,3,17,10,3,48,0,559,8698
oliveira/04_09/randm04.02.02.07.020_0030.01.aba.beta,True,1,2,0.001310110092163086,0.00033473968505859375,0.0006682872772216797,0.0023131370544433594,5,1,1,4,0,1,5,5,2,6,0,531,8557
oliveira/04_09/randm04.02.02.07.020_0030.02.aba.beta,True,1,2,0.0012934207916259766,0.0003304481506347656,0.0006461143493652344,0.0022699832916259766,5,1,1,4,0,1,5,5,2,6,0,531,8567
oliveira/04_09/randm04.02.02.07.020_0030.03.aba.beta,True,1,2,0.001331329345703125,0.0003485679626464844,0.0006589889526367188,0.002338886260986328,5,1,1,4,0,1,5,5,2,6,0,538,8600
oliveira/04_09/randm04.02.02.07.020_0030.04.aba.beta,True,1,2,0.0013775825500488281,0.0003807544708251953,0.0006852149963378906,0.002443552017211914,5,1,1,4,0,1,5,5,2,6,0,538,8598
oliveira/04_09/randm04.02.02.07.020_0030.05.aba.beta,True,1,2,0.0013070106506347656,0.0003440380096435547,0.0006611347198486328,0.002312183380126953,5,1,1,4,0,1,5,5,2,6,0,541,8614
oliveira/04_09/randm04.02.02.08.020_0030.01.aba.beta,True,7,4,0.04615139961242676,0.004322528839111328,0.0009491443634033203,0.051423072814941406,48,7,2,6,2,8,185,19,4,530,0,726,10901
oliveira/04_09/randm04.02.02.08.020_0030.02.aba.beta,True,6,4,0.04214334487915039,0.0036089420318603516,0.0008108615875244141,0.046563148498535156,39,6,2,5,2,7,204,14,4,363,0,639,9888
oliveira/04_09/randm04.02.02.08.020_0030.03.aba.beta,True,6,4,0.01471400260925293,0.002686023712158203,0.0008492469787597656,0.0182492733001709,22,6,3,6,2,6,26,15,4,99,0,677,10450
oliveira/04_09/randm04.02.02.08.020_0030.04.aba.beta,True,5,4,0.010431766510009766,0.0022737979888916016,0.0006806850433349609,0.013386249542236328,17,5,3,6,2,5,13,13,4,53,0,561,8660
oliveira/04_09/randm04.02.02.08.020_0030.05.aba.beta,True,6,4,0.016324520111083984,0.0028629302978515625,0.0007610321044921875,0.019948482513427734,24,6,3,6,2,6,43,19,4,159,0,631,9493
oliveira/04_09/randm04.02.02.09.020_0030.01.aba.beta,True,2,3,0.0055999755859375,0.0012514591217041016,0.0011563301086425781,0.00800776481628418,9,2,2,5,0,2,10,8,3,22,0,541,8608
oliveira/04_09/randm04.02.02.09.020_0030.02.aba.beta,True,2,3,0.003604888916015625,0.0008697509765625,0.0006504058837890625,0.0051250457763671875,9,2,2,5,0,2,14,8,3,30,0,534,8569
oliveira/04_09/randm04.02.02.09.020_0030.03.aba.beta,True,2,3,0.0036458969116210938,0.0008296966552734375,0.0006694793701171875,0.005145072937011719,9,2,2,5,0,2,15,8,3,30,0,545,8636
oliveira/04_09/randm04.02.02.09.020_0030.04.aba.beta,True,2,3,0.0038907527923583984,0.0008056163787841797,0.0006725788116455078,0.005368947982788086,9,2,2,5,0,2,21,8,3,42,0,553,8716
oliveira/04_09/randm04.02.02.09.020_0030.05.aba.beta,True,2,3,0.003668546676635742,0.0008330345153808594,0.0006687641143798828,0.005170345306396484,9,2,2,5,0,2,17,8,3,36,0,549,8669
oliveira/04_09/randm04.02.02.10.020_0030.01.aba.beta,True,2,4,0.00507807731628418,0.0009102821350097656,0.00067138671875,0.006659746170043945,13,2,3,5,2,2,32,12,4,66,0,556,8820
oliveira/04_09/randm04.02.02.10.020_0030.02.aba.beta,True,2,4,0.0043566226959228516,0.0007989406585693359,0.0006520748138427734,0.005807638168334961,13,2,3,6,2,2,20,10,4,42,0,530,8565
oliveira/04_09/randm04.02.02.10.020_0030.03.aba.beta,True,2,4,0.005294322967529297,0.0009479522705078125,0.0006871223449707031,0.0069293975830078125,13,2,3,6,2,2,38,11,4,78,0,562,8955
oliveira/04_09/randm04.02.02.10.020_0030.04.aba.beta,True,2,4,0.004739522933959961,0.0008637905120849609,0.0006916522979736328,0.006294965744018555,13,2,3,5,2,2,30,11,4,62,0,555,8784
oliveira/04_09/randm04.02.02.10.020_0030.05.aba.beta,True,2,4,0.0048372745513916016,0.0008897781372070312,0.0006728172302246094,0.006399869918823242,13,2,3,5,2,2,31,11,4,64,0,560,8819
oliveira/04_09/randm04.02.02.11.020_0030.01.aba.beta,True,8,4,0.018532991409301758,0.0035965442657470703,0.0021131038665771484,0.024242639541625977,24,8,3,6,0,8,24,16,4,82,0,1633,25528
oliveira/04_09/randm04.02.02.11.020_0030.02.aba.beta,True,8,4,0.017894506454467773,0.0035517215728759766,0.0019931793212890625,0.023439407348632812,23,8,3,6,0,8,18,16,4,70,0,1592,25010
oliveira/04_09/randm04.02.02.11.020_0030.03.aba.beta,True,7,4,0.016219615936279297,0.0031278133392333984,0.0011489391326904297,0.020496368408203125,20,7,3,6,0,7,15,14,4,68,0,846,13003
oliveira/04_09/randm04.02.02.11.020_0030.04.aba.beta,True,8,4,0.019896507263183594,0.003676891326904297,0.0012049674987792969,0.024778366088867188,24,8,3,6,0,8,17,13,4,91,0,947,14701
oliveira/04_09/randm04.02.02.11.020_0030.05.aba.beta,True,8,4,0.019457340240478516,0.0037996768951416016,0.0014913082122802734,0.02474832534790039,26,8,3,6,0,8,20,15,4,91,0,1183,19109
oliveira/04_09/randm04.02.02.12.020_0030.01.aba.beta,True,3,3,0.00606083869934082,0.001222848892211914,0.0006763935089111328,0.007960081100463867,12,3,2,5,0,3,18,10,3,55,0,557,8687
oliveira/04_09/randm04.02.02.12.020_0030.02.aba.beta,True,3,3,0.006452322006225586,0.0013453960418701172,0.0006730556488037109,0.008470773696899414,13,3,2,5,0,3,19,10,3,56,0,561,8708
oliveira/04_09/randm04.02.02.12.020_0030.03.aba.beta,True,3,3,0.005827665328979492,0.001210927963256836,0.00067138671875,0.007709980010986328,12,3,2,5,0,3,18,10,3,54,0,564,8717
oliveira/04_09/randm04.02.02.12.020_0030.04.aba.beta,True,3,3,0.006124258041381836,0.0013060569763183594,0.0007081031799316406,0.008138418197631836,11,3,2,5,0,3,10,9,3,28,0,545,8605
oliveira/04_09/randm04.02.02.12.020_0030.05.aba.beta,True,3,3,0.005898952484130859,0.0012362003326416016,0.0006639957427978516,0.0077991485595703125,11,3,2,5,0,3,14,9,3,36,0,544,8613
oliveira/04_09/randm04.02.02.13.020_0030.01.aba.beta,True,1,1,0.0009026527404785156,0.0003380775451660156,0.0006420612335205078,0.001882791519165039,3,1,0,2,0,1,3,3,1,2,0,528,8539
oliveira/04_09/randm04.02.02.13.020_0030.02.aba.beta,True,1,1,0.0011162757873535156,0.00035452842712402344,0.0007290840148925781,0.002199888229370117,3,1,0,2,0,1,3,3,1,2,0,535,8584
oliveira/04_09/randm04.02.02.13.020_0030.03.aba.beta,True,1,1,0.0008857250213623047,0.0002968311309814453,0.0006542205810546875,0.0018367767333984375,3,1,0,2,0,1,3,3,1,2,0,534,8583
oliveira/04_09/randm04.02.02.13.020_0030.04.aba.beta,True,1,1,0.0008869171142578125,0.0002994537353515625,0.0006861686706542969,0.0018725395202636719,3,1,0,2,0,1,3,3,1,2,0,537,8593
oliveira/04_09/randm04.02.02.13.020_0030.05.aba.beta,True,1,1,0.0008804798126220703,0.0002956390380859375,0.0006768703460693359,0.0018529891967773438,3,1,0,2,0,1,3,3,1,2,0,543,8623
oliveira/04_09/randm04.02.02.14.020_0030.01.aba.beta,True,4,4,0.00881338119506836,0.0017237663269042969,0.0006964206695556641,0.01123356819152832,14,4,3,6,0,4,27,11,4,64,0,568,8823
oliveira/04_09/randm04.02.02.14.020_0030.02.aba.beta,True,5,4,0.010321378707885742,0.0020842552185058594,0.0010387897491455078,0.01344442367553711,16,5,3,6,0,5,12,11,4,42,0,553,8624
oliveira/04_09/randm04.02.02.14.020_0030.03.aba.beta,True,3,4,0.008928775787353516,0.001821279525756836,0.0006871223449707031,0.011437177658081055,14,3,2,5,0,4,22,11,4,75,0,562,8757
oliveira/04_09/randm04.02.02.14.020_0030.04.aba.beta,True,4,4,0.00953984260559082,0.001790761947631836,0.0007166862487792969,0.012047290802001953,16,4,3,5,0,4,27,12,4,90,0,595,9229
oliveira/04_09/randm04.02.02.14.020_0030.05.aba.beta,True,4,4,0.007933616638183594,0.0016140937805175781,0.0006690025329589844,0.010216712951660156,14,4,3,6,0,4,13,11,4,36,0,546,8595
oliveira/04_09/randm04.02.02.15.020_0030.01.aba.beta,True,1,2,0.0012805461883544922,0.00035071372985839844,0.0006594657897949219,0.0022907257080078125,5,1,1,4,0,1,5,4,2,6,0,533,8586
oliveira/04_09/randm04.02.02.15.020_0030.02.aba.beta,True,1,2,0.001312255859375,0.0003314018249511719,0.0006690025329589844,0.0023126602172851562,5,1,1,4,0,1,5,5,2,6,0,532,8581
oliveira/04_09/randm04.02.02.15.020_0030.03.aba.beta,True,1,2,0.0013904571533203125,0.00041294097900390625,0.0006597042083740234,0.002463102340698242,5,1,1,4,0,1,5,5,2,6,0,541,8605
oliveira/04_09/randm04.02.02.15.020_0030.04.aba.beta,True,1,2,0.0013079643249511719,0.0003490447998046875,0.0006582736968994141,0.0023152828216552734,5,1,1,4,0,1,5,5,2,6,0,542,8616
oliveira/04_09/randm04.02.02.15.020_0030.05.aba.beta,True,1,2,0.0013267993927001953,0.00034356117248535156,0.000720977783203125,0.002391338348388672,5,1,1,4,0,1,5,5,2,6,0,534,8580
oliveira/04_09/randm04.02.02.16.020_0030.01.aba.beta,True,2,3,0.0030858516693115234,0.0007271766662597656,0.0006620883941650391,0.004475116729736328,11,2,2,4,2,2,11,10,3,25,0,536,8574
oliveira/04_09/randm04.02.02.16.020_0030.02.aba.beta,True,2,3,0.003408193588256836,0.0007605552673339844,0.0006809234619140625,0.004849672317504883,11,2,2,5,2,2,14,9,3,31,0,540,8589
oliveira/04_09/randm04.02.02.16.020_0030.03.aba.beta,True,2,3,0.003300905227661133,0.0007586479187011719,0.0006957054138183594,0.004755258560180664,11,2,2,5,2,2,15,10,3,33,0,546,8632
oliveira/04_09/randm04.02.02.16.020_0030.04.aba.beta,True,2,3,0.003225088119506836,0.0007588863372802734,0.0006880760192871094,0.004672050476074219,11,2,2,5,2,2,14,10,3,31,0,549,8641
oliveira/04_09/randm04.02.02.16.020_0030.05.aba.beta,True,4,3,0.013419389724731445,0.0017249584197998047,0.0007491111755371094,0.01589345932006836,22,4,2,4,2,4,76,12,3,179,0,584,9060
oliveira/04_09/randm04.02.02.17.020_0030.01.aba.beta,True,2,3,0.00354766845703125,0.0008394718170166016,0.0008082389831542969,0.0051953792572021484,9,2,2,5,0,2,15,8,3,30,0,549,8649
oliveira/04_09/randm04.02.02.17.020_0030.02.aba.beta,True,2,3,0.0036666393280029297,0.0007796287536621094,0.0006699562072753906,0.00511622428894043,9,2,2,5,0,2,21,8,3,42,0,553,8710
oliveira/04_09/randm04.02.02.17.020_0030.03.aba.beta,True,2,3,0.003620624542236328,0.0007617473602294922,0.0006909370422363281,0.0050733089447021484,9,2,2,5,0,2,13,8,3,28,0,535,8562
oliveira/04_09/randm04.02.02.17.020_0030.04.aba.beta,True,2,3,0.003424406051635742,0.0007441043853759766,0.0006701946258544922,0.004838705062866211,9,2,2,5,0,2,15,8,3,32,0,535,8572
oliveira/04_09/randm04.02.02.17.020_0030.05.aba.beta,True,2,3,0.003481626510620117,0.0007848739624023438,0.0006690025329589844,0.004935503005981445,9,2,2,5,0,2,16,8,3,32,0,540,8576
oliveira/04_09/randm04.02.02.18.020_0030.01.aba.beta,True,6,4,0.015735149383544922,0.0028340816497802734,0.0008285045623779297,0.019397735595703125,22,6,3,6,0,6,26,17,4,111,0,616,9276
oliveira/04_09/randm04.02.02.18.020_0030.02.aba.beta,True,3,4,0.009097814559936523,0.001729726791381836,0.0007255077362060547,0.011553049087524414,15,3,2,6,0,4,23,12,4,66,0,561,8719
oliveira/04_09/randm04.02.02.18.020_0030.03.aba.beta,True,5,4,0.02997589111328125,0.003889322280883789,0.0007944107055664062,0.034659624099731445,29,5,2,6,0,8,54,18,6,156,0,632,9660
oliveira/04_09/randm04.02.02.18.020_0030.04.aba.beta,True,6,4,0.03123950958251953,0.003774881362915039,0.0009255409240722656,0.035939931869506836,32,6,2,7,0,8,102,16,5,250,0,737,11269
oliveira/04_09/randm04.02.02.18.020_0030.05.aba.beta,True,6,4,0.018945932388305664,0.0030431747436523438,0.0007572174072265625,0.02274632453918457,26,6,3,6,0,6,50,16,4,200,0,611,9348
oliveira/04_09/randm04.02.02.19.020_0030.01.aba.beta,True,3,3,0.008686542510986328,0.0012941360473632812,0.0006742477416992188,0.010654926300048828,21,3,2,5,0,3,65,11,3,135,0,556,8704
oliveira/04_09/randm04.02.02.19.020_0030.02.aba.beta,True,4,3,0.009317874908447266,0.001863241195678711,0.0007112026214599609,0.011892318725585938,16,4,2,5,0,4,27,13,3,111,0,586,8943
oliveira/04_09/randm04.02.02.19.020_0030.03.aba.beta,True,4,3,0.011509418487548828,0.0018062591552734375,0.000675201416015625,0.01399087905883789,24,4,2,5,0,4,62,12,3,147,0,562,8741
oliveira/04_09/randm04.02.02.19.020_0030.04.aba.beta,True,3,3,0.005668163299560547,0.0011947154998779297,0.0006585121154785156,0.007521390914916992,12,3,2,5,0,3,13,10,3,42,0,546,8617
oliveira/04_09/randm04.02.02.19.020_0030.05.aba.beta,True,4,3,0.02006387710571289,0.0025844573974609375,0.0007014274597167969,0.023349761962890625,26,4,1,5,0,6,92,13,4,195,0,573,8836
oliveira/04_09/randm05.02.02.01.020_0030.01.aba.beta,True,3,3,0.005817413330078125,0.0012650489807128906,0.0006930828094482422,0.007775545120239258,14,3,2,4,2,3,16,12,3,44,0,544,8594
oliveira/04_09/randm05.02.02.01.020_0030.02.aba.beta,True,3,3,0.0053026676177978516,0.0011904239654541016,0.0006754398345947266,0.00716853141784668,14,3,2,4,2,3,14,12,3,41,0,549,8628
oliveira/04_09/randm05.02.02.01.020_0030.03.aba.beta,True,4,3,0.007567405700683594,0.001840829849243164,0.0008137226104736328,0.01022195816040039,15,4,2,5,2,4,16,11,3,48,0,562,8687
oliveira/04_09/randm05.02.02.01.020_0030.04.aba.beta,True,3,3,0.005359649658203125,0.0011594295501708984,0.0006647109985351562,0.00718379020690918,14,3,2,5,2,3,18,10,3,44,0,545,8606
oliveira/04_09/randm05.02.02.01.020_0030.05.aba.beta,True,3,3,0.005148410797119141,0.0011365413665771484,0.0006639957427978516,0.006948947906494141,13,3,2,5,2,3,14,10,3,36,0,532,8530
oliveira/04_09/randm05.02.02.02.020_0030.01.aba.beta,True,2,3,0.003000974655151367,0.0007784366607666016,0.0006594657897949219,0.004438877105712891,10,2,2,5,2,2,9,8,3,19,0,524,8509
oliveira/04_09/randm05.02.02.02.020_0030.02.aba.beta,True,2,3,0.0035276412963867188,0.0007665157318115234,0.0006582736968994141,0.004952430725097656,11,2,2,5,2,2,17,9,3,35,0,544,8631
oliveira/04_09/randm05.02.02.02.020_0030.03.aba.beta,True,2,3,0.003730297088623047,0.0008740425109863281,0.0006697177886962891,0.005274057388305664,11,2,2,5,2,2,24,10,3,49,0,544,8682
oliveira/04_09/randm05.02.02.02.020_0030.04.aba.beta,True,2,3,0.0029404163360595703,0.0007250308990478516,0.0006618499755859375,0.004327297210693359,10,2,2,5,2,2,9,9,3,19,0,537,8583
oliveira/04_09/randm05.02.02.02.020_0030.05.aba.beta,True,2,3,0.0029103755950927734,0.0007264614105224609,0.0006475448608398438,0.004284381866455078,10,2,2,5,2,2,9,9,3,19,0,535,8572
oliveira/04_09/randm05.02.02.03.020_0030.01.aba.beta,True,1,1,0.0008931159973144531,0.0002980232238769531,0.0006620883941650391,0.0018532276153564453,3,1,0,2,0,1,3,3,1,2,0,543,8619
oliveira/04_09/randm05.02.02.03.020_0030.02.aba.beta,True,1,1,0.0009369850158691406,0.0002982616424560547,0.000652313232421875,0.0018875598907470703,3,1,0,2,0,1,3,3,1,2,0,538,8597
oliveira/04_09/randm05.02.02.03.020_0030.03.aba.beta,True,1,1,0.0009005069732666016,0.00031185150146484375,0.0006525516510009766,0.0018649101257324219,3,1,0,2,0,1,3,3,1,2,0,537,8598
oliveira/04_09/randm05.02.02.03.020_0030.04.aba.beta,True,1,1,0.0008940696716308594,0.0002970695495605469,0.0006592273712158203,0.0018503665924072266,3,1,0,2,0,1,3,3,1,2,0,534,8583
oliveira/04_09/randm05.02.02.03.020_0030.05.aba.beta,True,1,1,0.0009305477142333984,0.00030303001403808594,0.0008144378662109375,0.002048015594482422,3,1,0,2,0,1,3,3,1,2,0,521,8531
oliveira/04_09/randm05.02.02.04.020_0030.01.aba.beta,True,7,5,0.059363365173339844,0.0071756839752197266,0.0009534358978271484,0.06749248504638672,51,7,3,7,0,14,173,19,11,455,0,729,11013
oliveira/04_09/randm05.02.02.04.020_0030.02.aba.beta,True,2,5,0.01874399185180664,0.003377199172973633,0.0006606578826904297,0.022781848907470703,20,2,3,11,0,7,24,18,9,65,0,543,8616
oliveira/04_09/randm05.02.02.04.020_0030.03.aba.beta,True,6,5,0.0211184024810791,0.0032601356506347656,0.0007269382476806641,0.02510547637939453,28,6,4,6,0,6,39,20,5,201,0,622,9192
oliveira/04_09/randm05.02.02.04.020_0030.04.aba.beta,True,8,5,0.04264998435974121,0.005812168121337891,0.0008442401885986328,0.049306392669677734,37,8,3,7,0,10,71,24,6,229,0,666,10000
oliveira/04_09/randm05.02.02.04.020_0030.05.aba.beta,True,8,5,0.041178226470947266,0.005472421646118164,0.0007526874542236328,0.04740333557128906,34,8,3,6,0,10,68,21,6,223,0,642,9668
oliveira/04_09/randm05.02.02.05.020_0030.01.aba.beta,True,3,4,0.036162614822387695,0.005927324295043945,0.0006771087646484375,0.04276704788208008,26,3,2,12,0,13,30,18,13,103,0,551,8627
oliveira/04_09/randm05.02.02.05.020_0030.02.aba.beta,True,4,4,0.008806705474853516,0.001726388931274414,0.0006935596466064453,0.011226654052734375,15,4,3,6,0,4,15,12,4,58,0,554,8640
oliveira/04_09/randm05.02.02.05.020_0030.03.aba.beta,True,4,4,0.011662483215332031,0.001794576644897461,0.0006918907165527344,0.014148950576782227,21,4,3,6,0,4,84,11,4,154,0,565,8803
oliveira/04_09/randm05.02.02.05.020_0030.04.aba.beta,True,7,4,0.042992353439331055,0.003720521926879883,0.0007846355438232422,0.04749751091003418,44,7,3,6,0,7,167,14,4,510,0,624,9463
oliveira/04_09/randm05.02.02.05.020_0030.05.aba.beta,True,4,4,0.010457277297973633,0.00185394287109375,0.0007283687591552734,0.013039588928222656,16,4,3,6,0,4,37,13,4,101,0,603,9330
oliveira/04_09/randm05.02.02.06.020_0030.01.aba.beta,True,9,5,0.0597991943359375,0.00758671760559082,0.001092672348022461,0.06847858428955078,54,9,3,6,0,13,151,19,8,452,0,844,12676
oliveira/04_09/randm05.02.02.06.020_0030.02.aba.beta,True,5,5,0.05044865608215332,0.006772756576538086,0.0007529258728027344,0.05797433853149414,38,5,3,7,0,12,68,23,11,224,0,582,8831
oliveira/04_09/randm05.02.02.06.020_0030.03.aba.beta,True,7,5,0.0875248908996582,0.007836341857910156,0.000820159912109375,0.09618139266967773,66,7,3,7,0,14,286,23,11,700,0,652,9844
oliveira/04_09/randm05.02.02.06.020_0030.04.aba.beta,True,10,5,0.21925640106201172,0.01647329330444336,0.0010974407196044922,0.23682713508605957,99,10,2,9,0,23,352,30,16,1002,0,859,12719
oliveira/04_09/randm05.02.02.06.020_0030.05.aba.beta,True,8,5,0.06627130508422852,0.008993148803710938,0.0007445812225341797,0.07600903511047363,49,8,3,7,0,15,69,26,11,351,0,631,9238
oliveira/04_09/randm05.02.02.07.020_0030.01.aba.beta,True,8,5,0.07951068878173828,0.0060541629791259766,0.0010552406311035156,0.08662009239196777,55,8,3,6,2,9,351,23,5,673,0,868,13112
oliveira/04_09/randm05.02.02.07.020_0030.02.aba.beta,True,8,5,0.12561845779418945,0.010698318481445312,0.0009510517120361328,0.1372678279876709,72,8,3,8,2,16,350,26,12,771,0,797,12092
oliveira/04_09/randm05.02.02.07.020_0030.03.aba.beta,True,8,5,0.06513762474060059,0.008956432342529297,0.0009033679962158203,0.0749974250793457,48,8,3,10,2,14,104,28,10,348,0,762,11499
oliveira/04_09/randm05.02.02.07.020_0030.04.aba.beta,True,10,5,0.2715332508087158,0.015388965606689453,0.0012998580932617188,0.288222074508667,85,10,2,7,2,21,477,34,14,982,0,1021,15507
oliveira/04_09/randm05.02.02.07.020_0030.05.aba.beta,True,9,5,0.0985267162322998,0.007103919982910156,0.0012044906616210938,0.10683512687683105,54,9,3,6,2,10,343,23,5,659,0,974,14767
oliveira/04_09/randm05.02.02.08.020_0030.01.aba.beta,True,4,3,0.009640693664550781,0.0017867088317871094,0.0009789466857910156,0.012406349182128906,18,4,2,4,0,4,32,12,3,75,0,789,12484
oliveira/04_09/randm05.02.02.08.020_0030.02.aba.beta,True,5,3,0.011176586151123047,0.002234220504760742,0.0012667179107666016,0.01467752456665039,18,5,2,4,0,5,23,14,3,81,0,971,15168
oliveira/04_09/randm05.02.02.08.020_0030.03.aba.beta,True,7,3,0.01596355438232422,0.003079652786254883,0.0006985664367675781,0.01974177360534668,25,7,2,5,0,7,24,15,3,121,0,585,8819
oliveira/04_09/randm05.02.02.08.020_0030.04.aba.beta,True,4,3,0.007742404937744141,0.0018198490142822266,0.0006759166717529297,0.010238170623779297,13,4,2,5,0,4,14,10,3,43,0,554,8652
oliveira/04_09/randm05.02.02.08.020_0030.05.aba.beta,True,4,3,0.00851750373840332,0.001852273941040039,0.0010976791381835938,0.011467456817626953,15,4,2,4,0,4,16,12,3,48,0,851,13362
oliveira/04_09/randm05.02.02.09.020_0030.01.aba.beta,True,4,4,0.01856231689453125,0.0019483566284179688,0.0008091926574707031,0.021319866180419922,28,4,3,6,0,4,212,13,4,344,0,649,10132
oliveira/04_09/randm05.02.02.09.020_0030.02.aba.beta,True,4,4,0.021447181701660156,0.0020284652709960938,0.0007503032684326172,0.024225950241088867,30,4,3,6,2,4,148,13,4,279,0,614,9419
oliveira/04_09/randm05.02.02.09.020_0030.03.aba.beta,True,3,4,0.006874561309814453,0.00133514404296875,0.0006697177886962891,0.008879423141479492,15,3,3,6,2,3,16,12,4,50,0,554,8652
oliveira/04_09/randm05.02.02.09.020_0030.04.aba.beta,True,3,4,0.006736040115356445,0.0013308525085449219,0.0007088184356689453,0.008775711059570312,15,3,3,5,2,3,16,12,4,50,0,550,8635
oliveira/04_09/randm05.02.02.09.020_0030.05.aba.beta,True,5,4,0.014710664749145508,0.0024895668029785156,0.0006985664367675781,0.0178987979888916,24,5,3,6,4,5,40,12,4,143,0,579,8916
oliveira/04_09/randm05.02.02.10.020_0030.01.aba.beta,True,6,5,0.043488264083862305,0.0039272308349609375,0.0007898807525634766,0.04820537567138672,44,6,4,5,1,6,208,18,5,474,0,609,9395
oliveira/04_09/randm05.02.02.10.020_0030.02.aba.beta,True,6,5,0.05145621299743652,0.005490541458129883,0.0007472038269042969,0.0576939582824707,44,6,3,7,0,9,175,20,7,420,0,618,9290
oliveira/04_09/randm05.02.02.10.020_0030.03.aba.beta,True,7,5,0.07423067092895508,0.007367372512817383,0.0007658004760742188,0.08236384391784668,58,7,4,7,5,11,177,30,9,512,0,627,9403
oliveira/04_09/randm05.02.02.10.020_0030.04.aba.beta,True,6,5,0.07656002044677734,0.006345987319946289,0.0007731914520263672,0.08367919921875,50,6,3,5,1,10,144,24,8,397,0,626,9519
oliveira/04_09/randm05.02.02.10.020_0030.05.aba.beta,True,7,5,0.10961270332336426,0.009914398193359375,0.0008299350738525391,0.12035703659057617,56,7,2,7,0,15,153,20,11,434,0,615,9358
oliveira/04_09/randm05.02.02.11.020_0030.01.aba.beta,True,10,5,0.034029245376586914,0.005795001983642578,0.0029032230377197266,0.04272747039794922,35,10,4,6,1,10,48,24,5,194,0,2333,36202
oliveira/04_09/randm05.02.02.11.020_0030.02.aba.beta,True,8,5,0.022634267807006836,0.004178524017333984,0.002279996871948242,0.029092788696289062,27,8,4,6,1,8,36,20,5,123,0,1821,28861
oliveira/04_09/randm05.02.02.11.020_0030.03.aba.beta,True,11,5,0.06020045280456543,0.006395816802978516,0.0009145736694335938,0.06751084327697754,59,11,4,7,1,11,246,21,5,627,0,762,11372
oliveira/04_09/randm05.02.02.11.020_0030.04.aba.beta,True,9,5,0.038847923278808594,0.00603485107421875,0.000858306884765625,0.04574108123779297,34,9,3,8,1,11,57,24,6,268,0,722,10824
oliveira/04_09/randm05.02.02.11.020_0030.05.aba.beta,True,9,5,0.02823805809020996,0.0047910213470458984,0.0024814605712890625,0.03551054000854492,30,9,4,6,1,9,46,22,5,169,0,1940,30442
oliveira/04_09/randm05.02.02.12.020_0030.01.aba.beta,True,4,3,0.009989738464355469,0.001653432846069336,0.0007061958312988281,0.012349367141723633,19,4,2,5,0,4,37,11,3,105,0,568,8771
oliveira/04_09/randm05.02.02.12.020_0030.02.aba.beta,True,4,3,0.007699728012084961,0.0016391277313232422,0.0006718635559082031,0.010010719299316406,14,4,2,5,0,4,17,11,3,56,0,562,8700
oliveira/04_09/randm05.02.02.12.020_0030.03.aba.beta,True,4,3,0.016117095947265625,0.002859354019165039,0.0007171630859375,0.019693613052368164,20,4,2,7,1,6,39,14,5,112,0,567,8966
oliveira/04_09/randm05.02.02.12.020_0030.04.aba.beta,True,4,3,0.008031606674194336,0.0016627311706542969,0.0007271766662597656,0.010421514511108398,15,4,2,4,0,4,18,12,3,71,0,570,8748
oliveira/04_09/randm05.02.02.12.020_0030.05.aba.beta,True,4,3,0.009173154830932617,0.001753091812133789,0.0007236003875732422,0.011649847030639648,17,4,2,4,0,4,34,12,3,106,0,601,9280
oliveira/04_09/randm05.02.02.13.020_0030.01.aba.beta,True,3,5,0.006687641143798828,0.0012912750244140625,0.0006663799285888672,0.008645296096801758,18,3,4,6,4,3,19,16,5,51,0,541,8576
oliveira/04_09/randm05.02.02.13.020_0030.02.aba.beta,True,9,5,0.04674839973449707,0.005526542663574219,0.0008301734924316406,0.05310511589050293,48,9,4,5,4,9,98,22,5,382,0,684,10106
oliveira/04_09/randm05.02.02.13.020_0030.03.aba.beta,True,3,5,0.0077860355377197266,0.001470327377319336,0.0007054805755615234,0.009961843490600586,19,3,4,5,4,3,32,15,5,96,0,570,8829
oliveira/04_09/randm05.02.02.13.020_0030.04.aba.beta,True,8,5,0.04415750503540039,0.005862236022949219,0.0008914470672607422,0.05091118812561035,41,8,4,8,0,9,94,23,6,363,0,703,10459
oliveira/04_09/randm05.02.02.13.020_0030.05.aba.beta,True,3,5,0.006644248962402344,0.0012879371643066406,0.000667572021484375,0.00859975814819336,18,3,4,6,4,3,19,15,5,51,0,548,8613
oliveira/04_09/randm05.02.02.14.020_0030.01.aba.beta,True,1,1,0.0009024143218994141,0.0003123283386230469,0.0006546974182128906,0.0018694400787353516,3,1,0,2,0,1,3,3,1,2,0,531,8569
oliveira/04_09/randm05.02.02.14.020_0030.02.aba.beta,True,1,1,0.0009629726409912109,0.00033664703369140625,0.0006732940673828125,0.0019729137420654297,3,1,0,2,0,1,3,3,1,2,0,530,8565
oliveira/04_09/randm05.02.02.14.020_0030.03.aba.beta,True,1,1,0.0009036064147949219,0.00030612945556640625,0.0006532669067382812,0.0018630027770996094,3,1,0,2,0,1,3,3,1,2,0,541,8613
oliveira/04_09/randm05.02.02.14.020_0030.04.aba.beta,True,1,1,0.0008943080902099609,0.00035071372985839844,0.000652313232421875,0.0018973350524902344,3,1,0,2,0,1,3,3,1,2,0,532,8544
oliveira/04_09/randm05.02.02.14.020_0030.05.aba.beta,True,1,1,0.0008766651153564453,0.0003020763397216797,0.0006866455078125,0.001865386962890625,3,1,0,2,0,1,3,3,1,2,0,530,8544
oliveira/04_09/randm05.02.02.15.020_0030.01.aba.beta,True,2,3,0.010952472686767578,0.0016591548919677734,0.0006809234619140625,0.013292551040649414,17,2,1,5,0,4,40,10,4,75,0,537,8584
oliveira/04_09/randm05.02.02.15.020_0030.02.aba.beta,True,3,3,0.005625247955322266,0.0012111663818359375,0.0006837844848632812,0.007520198822021484,12,3,2,5,0,3,15,10,3,44,0,552,8647
oliveira/04_09/randm05.02.02.15.020_0030.03.aba.beta,True,3,3,0.005989789962768555,0.0013451576232910156,0.0007178783416748047,0.008052825927734375,12,3,2,5,0,3,16,10,3,46,0,551,8645
oliveira/04_09/randm05.02.02.15.020_0030.04.aba.beta,True,2,3,0.008137226104736328,0.0017137527465820312,0.0006635189056396484,0.010514497756958008,13,2,1,5,0,4,22,11,4,47,0,546,8654
oliveira/04_09/randm05.02.02.15.020_0030.05.aba.beta,True,2,3,0.008577346801757812,0.0016548633575439453,0.0006606578826904297,0.010892868041992188,14,2,1,5,0,4,22,12,4,46,0,549,8644
oliveira/04_09/randm05.02.02.16.020_0030.01.aba.beta,True,1,1,0.0008947849273681641,0.00029850006103515625,0.0006458759307861328,0.0018391609191894531,3,1,0,2,0,1,3,3,1,2,0,534,8587
oliveira/04_09/randm05.02.02.16.020_0030.02.aba.beta,True,1,1,0.0008819103240966797,0.00033855438232421875,0.0006558895111083984,0.0018763542175292969,3,1,0,2,0,1,3,3,1,2,0,540,8611
oliveira/04_09/randm05.02.02.16.020_0030.03.aba.beta,True,1,1,0.0008859634399414062,0.00029540061950683594,0.0006468296051025391,0.0018281936645507812,3,1,0,2,0,1,3,3,1,2,0,534,8572
oliveira/04_09/randm05.02.02.16.020_0030.04.aba.beta,True,1,1,0.0008833408355712891,0.0002963542938232422,0.0006678104400634766,0.0018475055694580078,3,1,0,2,0,1,3,3,1,2,0,543,8622
oliveira/04_09/randm05.02.02.16.020_0030.05.aba.beta,True,1,1,0.0008924007415771484,0.0002987384796142578,0.0006530284881591797,0.001844167709350586,3,1,0,2,0,1,3,3,1,2,0,543,8624
oliveira/04_09/randm05.02.02.17.020_0030.01.aba.beta,True,10,5,0.033789873123168945,0.00537109375,0.0008606910705566406,0.040021657943725586,37,10,4,7,0,10,57,22,5,249,0,696,10303
oliveira/04_09/randm05.02.02.17.020_0030.02.aba.beta,True,8,5,0.028526782989501953,0.004492521286010742,0.0008866786956787109,0.033905982971191406,31,8,3,8,0,9,45,20,5,186,0,682,10230
oliveira/04_09/randm05.02.02.17.020_0030.03.aba.beta,True,9,5,0.10512256622314453,0.013329267501831055,0.0009524822235107422,0.11940431594848633,65,9,2,11,0,21,149,29,15,527,0,786,11602
oliveira/04_09/randm05.02.02.17.020_0030.04.aba.beta,True,9,5,0.058969736099243164,0.006384134292602539,0.0010945796966552734,0.06644845008850098,45,9,3,6,0,10,172,22,5,451,0,906,13708
oliveira/04_09/randm05.02.02.17.020_0030.05.aba.beta,True,5,5,0.05735898017883301,0.00512385368347168,0.0008039474487304688,0.06328678131103516,40,5,3,7,0,8,230,15,7,423,0,662,10150
oliveira/04_09/randm05.02.02.18.020_0030.01.aba.beta,True,1,1,0.0008902549743652344,0.0002970695495605469,0.0006508827209472656,0.0018382072448730469,3,1,0,2,0,1,3,3,1,2,0,534,8577
oliveira/04_09/randm05.02.02.18.020_0030.02.aba.beta,True,1,1,0.0009579658508300781,0.00032019615173339844,0.0006556510925292969,0.0019338130950927734,3,1,0,2,0,1,3,3,1,2,0,535,8592
oliveira/04_09/randm05.02.02.18.020_0030.03.aba.beta,True,1,1,0.0008883476257324219,0.0003159046173095703,0.0006475448608398438,0.001851797103881836,3,1,0,2,0,1,3,3,1,2,0,529,8564
oliveira/04_09/randm05.02.02.18.020_0030.04.aba.beta,True,1,1,0.0008823871612548828,0.00029540061950683594,0.0006475448608398438,0.0018253326416015625,3,1,0,2,0,1,3,3,1,2,0,523,8497
oliveira/04_09/randm05.02.02.18.020_0030.05.aba.beta,True,1,1,0.0009014606475830078,0.0002944469451904297,0.0006554126739501953,0.0018513202667236328,3,1,0,2,0,1,3,3,1,2,0,533,8555
oliveira/04_09/randm05.02.02.19.020_0030.01.aba.beta,True,3,3,0.005438089370727539,0.0012085437774658203,0.0006821155548095703,0.00732874870300293,11,3,2,5,0,3,14,9,3,35,0,553,8657
oliveira/04_09/randm05.02.02.19.020_0030.02.aba.beta,True,3,3,0.005207061767578125,0.0011489391326904297,0.0006587505340576172,0.007014751434326172,11,3,2,5,0,3,13,9,3,33,0,557,8667
oliveira/04_09/randm05.02.02.19.020_0030.03.aba.beta,True,2,3,0.003454446792602539,0.0007686614990234375,0.0006587505340576172,0.004881858825683594,9,2,2,5,0,2,13,8,3,28,0,537,8592
oliveira/04_09/randm05.02.02.19.020_0030.04.aba.beta,True,2,3,0.003354787826538086,0.0008282661437988281,0.0006701946258544922,0.004853248596191406,9,2,2,5,0,2,10,8,3,22,0,536,8571
oliveira/04_09/randm05.02.02.19.020_0030.05.aba.beta,True,3,3,0.005196332931518555,0.0011515617370605469,0.0006830692291259766,0.007030963897705078,11,3,2,5,0,3,13,9,3,33,0,537,8574
oliveira/04_09/randm06.02.02.01.020_0030.01.aba.beta,True,6,4,0.02032923698425293,0.0035963058471679688,0.000736236572265625,0.024661779403686523,24,6,3,6,0,7,32,19,5,182,0,619,9247
oliveira/04_09/randm06.02.02.01.020_0030.02.aba.beta,True,5,4,0.01244354248046875,0.002417325973510742,0.0007021427154541016,0.015563011169433594,21,5,3,5,0,5,26,15,4,103,0,575,8779
oliveira/04_09/randm06.02.02.01.020_0030.03.aba.beta,True,6,4,0.017557621002197266,0.003127574920654297,0.0008780956268310547,0.021563291549682617,23,6,3,5,0,6,33,18,4,142,0,626,9433
oliveira/04_09/randm06.02.02.01.020_0030.04.aba.beta,True,6,4,0.025842905044555664,0.003602266311645508,0.0007472038269042969,0.03019237518310547,33,6,3,6,0,7,114,18,5,266,0,619,9442
oliveira/04_09/randm06.02.02.01.020_0030.05.aba.beta,True,8,4,0.09503984451293945,0.0060956478118896484,0.0008604526519775391,0.10199594497680664,59,8,2,5,0,11,335,22,6,682,0,716,10677
oliveira/04_09/randm06.02.02.02.020_0030.01.aba.beta,True,3,3,0.005841970443725586,0.0012958049774169922,0.0006999969482421875,0.007837772369384766,11,3,2,5,0,3,11,9,3,30,0,573,9040
oliveira/04_09/randm06.02.02.02.020_0030.02.aba.beta,True,2,3,0.0034246444702148438,0.0007593631744384766,0.0006546974182128906,0.004838705062866211,9,2,2,5,0,2,12,7,3,26,0,521,8482
oliveira/04_09/randm06.02.02.02.020_0030.03.aba.beta,True,2,3,0.003565549850463867,0.0007607936859130859,0.0006756782531738281,0.005002021789550781,9,2,2,5,0,2,16,8,3,34,0,548,8665
oliveira/04_09/randm06.02.02.02.020_0030.04.aba.beta,True,2,3,0.0039556026458740234,0.0008471012115478516,0.0006887912750244141,0.005491495132446289,9,2,2,4,0,2,13,8,3,30,0,547,8639
oliveira/04_09/randm06.02.02.02.020_0030.05.aba.beta,True,3,3,0.005275726318359375,0.001180410385131836,0.000682830810546875,0.007138967514038086,11,3,2,5,0,3,11,9,3,30,0,548,8621
oliveira/04_09/randm06.02.02.03.020_0030.01.aba.beta,True,10,5,0.026548385620117188,0.00484776496887207,0.0025415420532226562,0.033937692642211914,28,10,4,6,0,10,22,19,5,96,0,2072,32383
oliveira/04_09/randm06.02.02.03.020_0030.02.aba.beta,True,10,5,0.029987335205078125,0.005126953125,0.002995729446411133,0.03811001777648926,30,10,4,6,0,10,37,18,5,126,0,2410,37949
oliveira/04_09/randm06.02.02.03.020_0030.03.aba.beta,True,9,5,0.028900146484375,0.004966259002685547,0.000965118408203125,0.03483152389526367,27,9,3,8,0,10,30,18,5,126,0,790,11913
oliveira/04_09/randm06.02.02.03.020_0030.04.aba.beta,True,11,5,0.03639554977416992,0.006252288818359375,0.0009286403656005859,0.04357647895812988,36,11,3,8,0,12,32,20,5,179,0,749,11042
oliveira/04_09/randm06.02.02.03.020_0030.05.aba.beta,True,8,5,0.059928178787231445,0.004164457321166992,0.0016026496887207031,0.06569528579711914,40,8,4,5,0,8,169,18,5,325,0,1252,19346
oliveira/04_09/randm06.02.02.04.020_0030.01.aba.beta,True,1,1,0.0009746551513671875,0.0003371238708496094,0.0006389617919921875,0.0019507408142089844,3,1,0,2,0,1,3,3,1,2,0,525,8535
oliveira/04_09/randm06.02.02.04.020_0030.02.aba.beta,True,1,1,0.0009119510650634766,0.00031685829162597656,0.0006608963012695312,0.0018897056579589844,3,1,0,2,0,1,3,3,1,2,0,531,8571
oliveira/04_09/randm06.02.02.04.020_0030.03.aba.beta,True,1,1,0.0008816719055175781,0.0002987384796142578,0.0006604194641113281,0.001840829849243164,3,1,0,2,0,1,3,3,1,2,0,535,8590
oliveira/04_09/randm06.02.02.04.020_0030.04.aba.beta,True,1,1,0.0009069442749023438,0.0003294944763183594,0.0006756782531738281,0.0019121170043945312,3,1,0,2,0,1,3,3,1,2,0,532,8555
oliveira/04_09/randm06.02.02.04.020_0030.05.aba.beta,True,1,1,0.0008902549743652344,0.0003008842468261719,0.0006947517395019531,0.0018858909606933594,3,1,0,2,0,1,3,3,1,2,0,525,8541
oliveira/04_09/randm06.02.02.05.020_0030.01.aba.beta,True,6,5,0.13411450386047363,0.017515182495117188,0.0007162094116210938,0.15234589576721191,52,6,2,13,2,22,107,23,19,343,0,576,8844
oliveira/04_09/randm06.02.02.05.020_0030.02.aba.beta,True,7,5,0.07416653633117676,0.007893562316894531,0.0007712841033935547,0.08283138275146484,59,7,2,12,0,14,256,24,10,570,0,635,9460
oliveira/04_09/randm06.02.02.05.020_0030.03.aba.beta,True,3,5,0.00912165641784668,0.0015556812286376953,0.0006973743438720703,0.011374711990356445,19,3,4,7,4,3,41,17,5,112,0,579,9020
oliveira/04_09/randm06.02.02.05.020_0030.04.aba.beta,True,4,5,0.01316213607788086,0.002183198928833008,0.0007236003875732422,0.01606893539428711,23,4,4,7,4,4,25,16,5,99,0,603,9503
oliveira/04_09/randm06.02.02.05.020_0030.05.aba.beta,True,8,5,0.05337786674499512,0.0069849491119384766,0.0009791851043701172,0.06134200096130371,40,8,4,8,0,11,104,28,8,399,0,804,12107
oliveira/04_09/randm06.02.02.06.020_0030.01.aba.beta,True,11,5,0.15957880020141602,0.014765024185180664,0.0009779930114746094,0.1753218173980713,66,11,3,8,4,20,188,37,13,549,0,828,12207
oliveira/04_09/randm06.02.02.06.020_0030.02.aba.beta,True,6,5,0.030992746353149414,0.004848480224609375,0.0007939338684082031,0.03663516044616699,30,6,3,6,2,8,68,23,6,252,0,666,10033
oliveira/04_09/randm06.02.02.06.020_0030.03.aba.beta,True,9,5,0.17034697532653809,0.008165597915649414,0.0008876323699951172,0.17940020561218262,84,9,3,2,1,13,459,27,8,1010,0,736,11085
oliveira/04_09/randm06.02.02.06.020_0030.04.aba.beta,True,6,5,0.1573960781097412,0.012441396713256836,0.0008220672607421875,0.17065954208374023,76,6,2,9,1,21,332,28,18,788,0,689,10454
oliveira/04_09/randm06.02.02.06.020_0030.05.aba.beta,True,5,5,0.044190168380737305,0.006506443023681641,0.0007390975952148438,0.05143570899963379,36,5,2,8,2,11,81,18,9,238,0,612,9419
oliveira/04_09/randm06.02.02.07.020_0030.01.aba.beta,True,8,5,0.03855562210083008,0.006323814392089844,0.0008122920989990234,0.045691728591918945,36,8,3,9,0,12,43,18,8,184,0,666,10091
oliveira/04_09/randm06.02.02.07.020_0030.02.aba.beta,True,6,5,0.07430791854858398,0.008851051330566406,0.00070953369140625,0.08386850357055664,38,6,3,8,0,14,96,23,12,254,0,591,8897
oliveira/04_09/randm06.02.02.07.020_0030.03.aba.beta,True,11,5,0.08312273025512695,0.00798177719116211,0.0010852813720703125,0.09218978881835938,70,11,3,7,0,13,218,26,6,765,0,922,13523
oliveira/04_09/randm06.02.02.07.020_0030.04.aba.beta,True,8,5,0.03256940841674805,0.005172252655029297,0.000720977783203125,0.03846263885498047,34,8,3,6,0,10,53,21,6,205,0,595,8893
oliveira/04_09/randm06.02.02.07.020_0030.05.aba.beta,True,11,5,0.03684568405151367,0.00610804557800293,0.0008831024169921875,0.04383683204650879,37,11,4,5,0,11,67,25,5,345,0,746,10928
oliveira/04_09/randm06.02.02.08.020_0030.01.aba.beta,True,6,4,0.015535116195678711,0.0028493404388427734,0.0010325908660888672,0.01941704750061035,21,6,3,6,0,6,25,16,4,124,0,860,13168
oliveira/04_09/randm06.02.02.08.020_0030.02.aba.beta,True,6,4,0.0232391357421875,0.0041010379791259766,0.0011322498321533203,0.028472423553466797,26,6,2,8,0,8,34,17,5,142,0,909,14325
oliveira/04_09/randm06.02.02.08.020_0030.03.aba.beta,True,6,4,0.013847827911376953,0.0027730464935302734,0.0006899833679199219,0.01731085777282715,19,6,3,6,0,6,27,14,4,83,0,563,8736
oliveira/04_09/randm06.02.02.08.020_0030.04.aba.beta,True,6,4,0.01394510269165039,0.002727985382080078,0.0009620189666748047,0.017635107040405273,19,6,3,6,0,6,31,14,4,95,0,574,8893
oliveira/04_09/randm06.02.02.08.020_0030.05.aba.beta,True,6,4,0.022395849227905273,0.0036478042602539062,0.0008511543273925781,0.026894807815551758,25,6,2,7,0,7,50,18,4,211,0,685,10369
oliveira/04_09/randm06.02.02.09.020_0030.01.aba.beta,True,6,5,0.08074712753295898,0.006406545639038086,0.0009756088256835938,0.08812928199768066,49,6,4,7,3,11,199,25,10,415,0,763,11769
oliveira/04_09/randm06.02.02.09.020_0030.02.aba.beta,True,5,5,0.050148725509643555,0.003307819366455078,0.000850677490234375,0.05430722236633301,36,5,4,5,1,6,217,19,6,407,0,598,9231
oliveira/04_09/randm06.02.02.09.020_0030.03.aba.beta,True,5,5,0.04766035079956055,0.005908012390136719,0.0008137226104736328,0.0543820858001709,37,5,2,11,0,10,97,21,8,269,0,657,10097
oliveira/04_09/randm06.02.02.09.020_0030.04.aba.beta,True,8,5,0.06090998649597168,0.008058547973632812,0.0010242462158203125,0.0699927806854248,47,8,3,12,1,15,130,26,11,339,0,827,12479
oliveira/04_09/randm06.02.02.09.020_0030.05.aba.beta,True,8,5,0.09476590156555176,0.009521961212158203,0.0012288093566894531,0.10551667213439941,45,8,2,11,0,18,98,27,13,343,0,973,14989
oliveira/04_09/randm06.02.02.10.020_0030.01.aba.beta,True,5,4,0.012103796005249023,0.0025908946990966797,0.0006694793701171875,0.01536417007446289,18,5,2,6,0,6,15,12,4,57,0,559,8644
oliveira/04_09/randm06.02.02.10.020_0030.02.aba.beta,True,4,4,0.01004648208618164,0.0018527507781982422,0.0006937980651855469,0.01259303092956543,16,4,3,6,0,4,29,13,4,96,0,579,8920
oliveira/04_09/randm06.02.02.10.020_0030.03.aba.beta,True,3,4,0.006162405014038086,0.0012538433074951172,0.0006794929504394531,0.008095741271972656,14,3,3,5,0,3,16,12,4,48,0,544,8586
oliveira/04_09/randm06.02.02.10.020_0030.04.aba.beta,True,3,4,0.00840306282043457,0.0014903545379638672,0.0007030963897705078,0.010596513748168945,14,3,3,5,0,3,28,12,4,74,0,571,8857
oliveira/04_09/randm06.02.02.10.020_0030.05.aba.beta,True,5,4,0.010463476181030273,0.0021696090698242188,0.0006625652313232422,0.013295650482177734,18,5,3,6,0,5,15,13,4,57,0,562,8662
oliveira/04_09/randm06.02.02.11.020_0030.01.aba.beta,True,11,6,0.16147589683532715,0.02348470687866211,0.0009560585021972656,0.18591666221618652,56,11,3,10,2,25,114,36,18,479,0,812,12013
oliveira/04_09/randm06.02.02.11.020_0030.02.aba.beta,True,12,6,0.8249645233154297,0.05053424835205078,0.0009953975677490234,0.8764941692352295,117,12,2,12,2,49,355,35,40,1238,0,832,12318
oliveira/04_09/randm06.02.02.11.020_0030.03.aba.beta,True,14,6,0.7846224308013916,0.05754828453063965,0.0010716915130615234,0.8432424068450928,123,14,3,12,2,47,421,45,37,1242,0,895,12933
oliveira/04_09/randm06.02.02.11.020_0030.04.aba.beta,True,13,6,0.248793363571167,0.020607709884643555,0.0009505748748779297,0.2703516483306885,84,13,3,6,2,23,240,30,14,893,0,824,11907
oliveira/04_09/randm06.02.02.11.020_0030.05.aba.beta,True,10,6,0.15589451789855957,0.014275550842285156,0.0008454322814941406,0.17101550102233887,71,10,4,12,4,20,129,38,15,496,0,723,10453
oliveira/04_09/randm06.02.02.12.020_0030.01.aba.beta,True,3,4,0.00586247444152832,0.0012209415435791016,0.0006821155548095703,0.007765531539916992,15,3,3,6,2,3,18,13,4,53,0,558,8673
oliveira/04_09/randm06.02.02.12.020_0030.02.aba.beta,True,5,4,0.010458707809448242,0.0021402835845947266,0.0006973743438720703,0.013296365737915039,18,5,3,5,2,5,24,12,4,82,0,564,8750
oliveira/04_09/randm06.02.02.12.020_0030.03.aba.beta,True,4,4,0.010430574417114258,0.001760244369506836,0.0006842613220214844,0.012875080108642578,23,4,3,6,2,4,63,11,4,140,0,557,8725
oliveira/04_09/randm06.02.02.12.020_0030.04.aba.beta,True,3,4,0.00615239143371582,0.0013544559478759766,0.0006844997406005859,0.008191347122192383,15,3,3,6,0,3,20,13,4,61,0,561,8699
oliveira/04_09/randm06.02.02.12.020_0030.05.aba.beta,True,3,4,0.006300210952758789,0.001293182373046875,0.0007002353668212891,0.008293628692626953,16,3,3,6,0,3,23,14,4,65,0,564,8720
oliveira/04_09/randm06.02.02.13.020_0030.01.aba.beta,True,8,4,0.10434389114379883,0.009073734283447266,0.0008261203765869141,0.11424374580383301,78,8,1,7,0,16,211,24,10,708,0,678,10113
oliveira/04_09/randm06.02.02.13.020_0030.02.aba.beta,True,5,4,0.02582383155822754,0.0028564929962158203,0.0008428096771240234,0.029523134231567383,35,5,3,6,2,5,249,15,4,413,0,688,10578
oliveira/04_09/randm06.02.02.13.020_0030.03.aba.beta,True,3,4,0.043410539627075195,0.0069789886474609375,0.0006809234619140625,0.051070451736450195,29,3,1,12,0,14,32,22,13,110,0,548,8618
oliveira/04_09/randm06.02.02.13.020_0030.04.aba.beta,True,5,4,0.023716449737548828,0.0026962757110595703,0.0007622241973876953,0.027174949645996094,37,5,3,6,2,5,205,14,4,398,0,600,9159
oliveira/04_09/randm06.02.02.13.020_0030.05.aba.beta,True,3,4,0.04548978805541992,0.005440950393676758,0.0007083415985107422,0.05163908004760742,29,3,1,6,0,11,61,19,10,142,0,551,8672
oliveira/04_09/randm06.02.02.14.020_0030.01.aba.beta,True,10,6,0.0994563102722168,0.011885404586791992,0.0007612705230712891,0.11210298538208008,56,10,4,14,0,19,117,27,14,444,0,642,9467
oliveira/04_09/randm06.02.02.14.020_0030.02.aba.beta,True,10,6,0.03333592414855957,0.00558924674987793,0.0007724761962890625,0.03969764709472656,33,10,5,7,0,10,27,23,6,196,0,650,9457
oliveira/04_09/randm06.02.02.14.020_0030.03.aba.beta,True,6,6,0.07126927375793457,0.010650634765625,0.0007598400115966797,0.08267974853515625,38,6,4,13,0,19,55,26,18,242,0,599,9251
oliveira/04_09/randm06.02.02.14.020_0030.04.aba.beta,True,9,6,0.07696843147277832,0.008901357650756836,0.0008559226989746094,0.08672571182250977,69,9,4,11,3,14,185,26,10,664,0,695,10317
oliveira/04_09/randm06.02.02.14.020_0030.05.aba.beta,True,5,6,0.028139114379882812,0.004002094268798828,0.0007443428039550781,0.03288555145263672,44,5,5,8,13,7,58,23,8,262,0,600,9170
oliveira/04_09/randm06.02.02.15.020_0030.01.aba.beta,True,3,5,0.01049351692199707,0.0015635490417480469,0.0007143020629882812,0.012771368026733398,26,3,4,6,7,3,47,23,5,135,0,586,9189
oliveira/04_09/randm06.02.02.15.020_0030.02.aba.beta,True,6,5,0.05001997947692871,0.003741025924682617,0.0009300708770751953,0.05469107627868652,65,6,4,6,21,6,200,19,5,620,0,755,11540
oliveira/04_09/randm06.02.02.15.020_0030.03.aba.beta,True,4,5,0.012886285781860352,0.0021708011627197266,0.0009129047393798828,0.01596999168395996,26,4,4,7,10,4,27,19,5,111,0,585,9103
oliveira/04_09/randm06.02.02.15.020_0030.04.aba.beta,True,9,5,0.10007023811340332,0.009073257446289062,0.0007724761962890625,0.10991597175598145,71,9,3,6,0,13,173,25,8,797,0,668,9678
oliveira/04_09/randm06.02.02.15.020_0030.05.aba.beta,True,10,5,0.09161853790283203,0.007183551788330078,0.0009124279022216797,0.09971451759338379,69,10,4,7,9,10,280,24,5,767,0,760,11216
oliveira/04_09/randm06.02.02.16.020_0030.01.aba.beta,True,4,3,0.007530689239501953,0.0017154216766357422,0.0011317729949951172,0.010377883911132812,14,4,2,4,0,4,11,11,3,38,0,899,14447
oliveira/04_09/randm06.02.02.16.020_0030.02.aba.beta,True,4,3,0.008834362030029297,0.0016925334930419922,0.0009334087371826172,0.011460304260253906,17,4,2,4,0,4,25,11,3,74,0,776,12141
oliveira/04_09/randm06.02.02.16.020_0030.03.aba.beta,True,2,3,0.003239154815673828,0.0007519721984863281,0.001066446304321289,0.005057573318481445,8,2,2,5,0,2,7,7,3,12,0,837,13591
oliveira/04_09/randm06.02.02.16.020_0030.04.aba.beta,True,2,3,0.0031397342681884766,0.0007326602935791016,0.0010557174682617188,0.004928112030029297,8,2,2,5,0,2,7,7,3,12,0,838,13337
oliveira/04_09/randm06.02.02.16.020_0030.05.aba.beta,True,4,3,0.00836324691772461,0.0018072128295898438,0.0010752677917480469,0.0112457275390625,15,4,2,4,0,4,19,12,3,60,0,779,12143
oliveira/04_09/randm06.02.02.17.020_0030.01.aba.beta,True,6,4,0.015750646591186523,0.0028095245361328125,0.0010578632354736328,0.01961803436279297,25,6,3,5,0,6,37,15,4,124,0,869,13484
oliveira/04_09/randm06.02.02.17.020_0030.02.aba.beta,True,7,4,0.01834726333618164,0.003235340118408203,0.0011110305786132812,0.022693634033203125,25,7,3,5,0,7,27,17,4,117,0,909,13943
oliveira/04_09/randm06.02.02.17.020_0030.03.aba.beta,True,7,4,0.02626514434814453,0.004563331604003906,0.0007703304290771484,0.031598806381225586,30,7,2,7,0,9,55,22,5,220,0,648,9697
oliveira/04_09/randm06.02.02.17.020_0030.04.aba.beta,True,5,4,0.01568126678466797,0.00304412841796875,0.0006892681121826172,0.019414663314819336,22,5,2,9,0,7,21,17,5,80,0,560,8670
oliveira/04_09/randm06.02.02.17.020_0030.05.aba.beta,True,7,4,0.016493797302246094,0.0032455921173095703,0.0007061958312988281,0.020445585250854492,22,7,3,6,0,7,23,16,4,96,0,575,8747
oliveira/04_09/randm06.02.02.18.020_0030.01.aba.beta,True,12,6,0.07047033309936523,0.008880853652954102,0.0008256435394287109,0.08017683029174805,60,12,4,10,2,14,130,25,7,589,0,712,10122
oliveira/04_09/randm06.02.02.18.020_0030.02.aba.beta,True,10,6,0.04944443702697754,0.006667375564575195,0.0007464885711669922,0.05685830116271973,48,10,5,7,11,12,70,24,8,314,0,621,9162
oliveira/04_09/randm06.02.02.18.020_0030.03.aba.beta,True,16,6,0.09618258476257324,0.013561725616455078,0.0011386871337890625,0.11088299751281738,57,16,4,8,0,20,72,35,9,555,0,978,14199
oliveira/04_09/randm06.02.02.18.020_0030.04.aba.beta,True,10,6,0.0902407169342041,0.009823083877563477,0.0009162425994873047,0.10098004341125488,67,10,4,15,0,17,228,25,12,749,0,749,11400
oliveira/04_09/randm06.02.02.18.020_0030.05.aba.beta,True,14,6,0.15498566627502441,0.014407634735107422,0.0009720325469970703,0.1703653335571289,90,14,5,12,14,22,277,39,14,821,0,802,11708
oliveira/04_09/randm06.02.02.19.020_0030.01.aba.beta,True,1,1,0.0009150505065917969,0.0003032684326171875,0.0006716251373291016,0.001889944076538086,3,1,0,2,0,1,3,3,1,2,0,533,8572
oliveira/04_09/randm06.02.02.19.020_0030.02.aba.beta,True,1,1,0.0009305477142333984,0.0003139972686767578,0.0006570816040039062,0.0019016265869140625,3,1,0,2,0,1,3,3,1,2,0,537,8597
oliveira/04_09/randm06.02.02.19.020_0030.03.aba.beta,True,1,1,0.0009567737579345703,0.0003542900085449219,0.0006577968597412109,0.001968860626220703,3,1,0,2,0,1,3,3,1,2,0,533,8578
oliveira/04_09/randm06.02.02.19.020_0030.04.aba.beta,True,1,1,0.0009465217590332031,0.00036835670471191406,0.0007529258728027344,0.0020678043365478516,3,1,0,2,0,1,3,3,1,2,0,523,8524
oliveira/04_09/randm06.02.02.19.020_0030.05.aba.beta,True,1,1,0.00089263916015625,0.0003294944763183594,0.0006422996520996094,0.0018644332885742188,3,1,0,2,0,1,3,3,1,2,0,525,8527
oliveira/04_09/randm07.02.02.01.020_0030.01.aba.beta,True,1,1,0.0009107589721679688,0.00030517578125,0.0006477832794189453,0.001863718032836914,3,1,0,2,0,1,3,3,1,2,0,529,8553
oliveira/04_09/randm07.02.02.01.020_0030.02.aba.beta,True,1,1,0.0008733272552490234,0.0003020763397216797,0.0006449222564697266,0.0018203258514404297,3,1,0,2,0,1,3,3,1,2,0,526,8542
oliveira/04_09/randm07.02.02.01.020_0030.03.aba.beta,True,1,1,0.0008885860443115234,0.00029850006103515625,0.0006530284881591797,0.0018401145935058594,3,1,0,2,0,1,3,3,1,2,0,531,8553
oliveira/04_09/randm07.02.02.01.020_0030.04.aba.beta,True,1,1,0.0008921623229980469,0.0002970695495605469,0.0006415843963623047,0.0018308162689208984,3,1,0,2,0,1,3,3,1,2,0,530,8550
oliveira/04_09/randm07.02.02.01.020_0030.05.aba.beta,True,1,1,0.0008852481842041016,0.0003063678741455078,0.0006585121154785156,0.001850128173828125,3,1,0,2,0,1,3,3,1,2,0,540,8609
oliveira/04_09/randm07.02.02.02.020_0030.01.aba.beta,True,1,1,0.0008909702301025391,0.0002994537353515625,0.0006628036499023438,0.0018532276153564453,3,1,0,2,0,1,3,3,1,2,0,535,8587
oliveira/04_09/randm07.02.02.02.020_0030.02.aba.beta,True,1,1,0.0008869171142578125,0.00029730796813964844,0.0006659030914306641,0.001850128173828125,3,1,0,2,0,1,3,3,1,2,0,538,8598
oliveira/04_09/randm07.02.02.02.020_0030.03.aba.beta,True,1,1,0.0008764266967773438,0.00029730796813964844,0.0006816387176513672,0.0018553733825683594,3,1,0,2,0,1,3,3,1,2,0,533,8583
oliveira/04_09/randm07.02.02.02.020_0030.04.aba.beta,True,1,1,0.0008902549743652344,0.0002951622009277344,0.0006632804870605469,0.0018486976623535156,3,1,0,2,0,1,3,3,1,2,0,521,8515
oliveira/04_09/randm07.02.02.02.020_0030.05.aba.beta,True,1,1,0.0009076595306396484,0.0002963542938232422,0.0006744861602783203,0.001878499984741211,3,1,0,2,0,1,3,3,1,2,0,531,8576
oliveira/04_09/randm07.02.02.03.020_0030.01.aba.beta,True,9,7,0.7629270553588867,0.06148815155029297,0.0008394718170166016,0.8252546787261963,100,9,4,27,5,68,162,40,64,739,0,703,10385
oliveira/04_09/randm07.02.02.03.020_0030.02.aba.beta,True,14,7,0.14019346237182617,0.016765117645263672,0.0008094310760498047,0.15776801109313965,90,14,5,9,8,23,107,35,15,891,0,718,9940
oliveira/04_09/randm07.02.02.03.020_0030.03.aba.beta,True,16,7,1.6318950653076172,0.17292308807373047,0.0009276866912841797,1.8057458400726318,147,16,3,32,0,136,240,48,124,1289,0,779,10919
oliveira/04_09/randm07.02.02.03.020_0030.04.aba.beta,True,12,7,0.25619053840637207,0.02956414222717285,0.0008401870727539062,0.28659486770629883,91,12,4,16,0,36,125,37,29,804,0,727,10289
oliveira/04_09/randm07.02.02.03.020_0030.05.aba.beta,True,15,7,0.21266508102416992,0.023679494857788086,0.001251220703125,0.237595796585083,111,15,5,26,20,36,178,39,27,857,0,953,13886
oliveira/04_09/randm07.02.02.04.020_0030.01.aba.beta,True,9,4,0.02778339385986328,0.004845619201660156,0.0013575553894042969,0.033986568450927734,30,9,3,5,2,9,36,22,4,129,0,1115,17307
oliveira/04_09/randm07.02.02.04.020_0030.02.aba.beta,True,7,4,0.02764105796813965,0.004268646240234375,0.001157522201538086,0.03306722640991211,33,7,2,7,2,8,55,21,4,219,0,960,14738
oliveira/04_09/randm07.02.02.04.020_0030.03.aba.beta,True,8,4,0.03896975517272949,0.004192352294921875,0.0019290447235107422,0.04509115219116211,43,8,3,5,2,8,145,19,4,329,0,1554,24373
oliveira/04_09/randm07.02.02.04.020_0030.04.aba.beta,True,9,4,0.029260873794555664,0.00456547737121582,0.0014872550964355469,0.03531360626220703,32,9,3,5,2,9,41,22,4,174,0,1188,18682
oliveira/04_09/randm07.02.02.04.020_0030.05.aba.beta,True,7,4,0.02194809913635254,0.0033676624298095703,0.0007975101470947266,0.026113271713256836,32,7,3,5,2,7,54,18,4,212,0,656,9909
oliveira/04_09/randm07.02.02.05.020_0030.01.aba.beta,True,11,6,0.14228320121765137,0.01858830451965332,0.0008399486541748047,0.1617114543914795,59,11,3,17,2,28,68,34,21,327,0,705,10345
oliveira/04_09/randm07.02.02.05.020_0030.02.aba.beta,True,9,6,0.058051347732543945,0.007075071334838867,0.001031637191772461,0.06615805625915527,55,9,4,9,7,11,110,26,7,432,0,858,12923
oliveira/04_09/randm07.02.02.05.020_0030.03.aba.beta,True,9,6,0.14020013809204102,0.013495445251464844,0.0010578632354736328,0.1547534465789795,83,9,3,10,2,20,256,30,15,928,0,853,13045
oliveira/04_09/randm07.02.02.05.020_0030.04.aba.beta,True,8,6,0.03741955757141113,0.00471186637878418,0.0008139610290527344,0.04294538497924805,43,8,5,6,2,8,145,26,6,360,0,687,10153
oliveira/04_09/randm07.02.02.05.020_0030.05.aba.beta,True,8,6,0.051161766052246094,0.0076601505279541016,0.0007979869842529297,0.059619903564453125,41,8,4,12,2,13,77,28,10,249,0,663,9887
oliveira/04_09/randm07.02.02.06.020_0030.01.aba.beta,True,5,4,0.012522220611572266,0.0021877288818359375,0.0008318424224853516,0.015541791915893555,20,5,3,6,0,5,30,13,4,85,0,637,9945
oliveira/04_09/randm07.02.02.06.020_0030.02.aba.beta,True,6,4,0.015272378921508789,0.002749919891357422,0.0010061264038085938,0.019028425216674805,20,6,3,6,0,6,28,15,4,118,0,756,11563
oliveira/04_09/randm07.02.02.06.020_0030.03.aba.beta,True,6,4,0.014377832412719727,0.0027017593383789062,0.0007526874542236328,0.017832279205322266,21,6,3,6,0,6,24,16,4,87,0,628,9590
oliveira/04_09/randm07.02.02.06.020_0030.04.aba.beta,True,5,4,0.012384653091430664,0.0024979114532470703,0.001085042953491211,0.015967607498168945,19,5,3,6,0,5,24,15,4,102,0,891,13951
oliveira/04_09/randm07.02.02.06.020_0030.05.aba.beta,True,6,4,0.01518106460571289,0.0028870105743408203,0.0011017322540283203,0.01916980743408203,21,6,3,6,0,6,21,16,4,85,0,889,13842
oliveira/04_09/randm07.02.02.07.020_0030.01.aba.beta,True,15,6,0.17318320274353027,0.017129898071289062,0.0009279251098632812,0.19124102592468262,98,15,3,9,3,25,181,39,14,1014,0,817,11560
oliveira/04_09/randm07.02.02.07.020_0030.02.aba.beta,True,13,6,0.5022444725036621,0.034462690353393555,0.00115203857421875,0.5378592014312744,106,13,3,13,3,38,270,38,29,1053,0,991,14419
oliveira/04_09/randm07.02.02.07.020_0030.03.aba.beta,True,13,6,0.23444628715515137,0.019710779190063477,0.0009009838104248047,0.25505805015563965,90,13,3,14,3,30,206,32,21,768,0,787,11330
oliveira/04_09/randm07.02.02.07.020_0030.04.aba.beta,True,9,6,0.04248857498168945,0.0060176849365234375,0.0014119148254394531,0.049918174743652344,41,9,4,8,3,10,61,21,6,254,0,995,15314
oliveira/04_09/randm07.02.02.07.020_0030.05.aba.beta,True,11,6,0.12636184692382812,0.015445232391357422,0.0010223388671875,0.14282941818237305,60,11,4,9,3,21,112,36,15,440,0,874,12698
oliveira/04_09/randm07.02.02.08.020_0030.01.aba.beta,True,1,1,0.0008900165557861328,0.0003113746643066406,0.0006608963012695312,0.0018622875213623047,3,1,0,2,0,1,3,3,1,2,0,542,8613
oliveira/04_09/randm07.02.02.08.020_0030.02.aba.beta,True,1,1,0.0009183883666992188,0.00030303001403808594,0.0006525516510009766,0.0018739700317382812,3,1,0,2,0,1,3,3,1,2,0,539,8607
oliveira/04_09/randm07.02.02.08.020_0030.03.aba.beta,True,1,1,0.0009479522705078125,0.00030350685119628906,0.0006859302520751953,0.0019373893737792969,3,1,0,2,0,1,3,3,1,2,0,534,8577
oliveira/04_09/randm07.02.02.08.020_0030.04.aba.beta,True,1,1,0.0009024143218994141,0.0003006458282470703,0.0006556510925292969,0.0018587112426757812,3,1,0,2,0,1,3,3,1,2,0,536,8592
oliveira/04_09/randm07.02.02.08.020_0030.05.aba.beta,True,1,1,0.0009028911590576172,0.00029587745666503906,0.0006477832794189453,0.0018465518951416016,3,1,0,2,0,1,3,3,1,2,0,536,8587
oliveira/04_09/randm07.02.02.09.020_0030.01.aba.beta,True,5,3,0.01170969009399414,0.0023789405822753906,0.0006890296936035156,0.014777660369873047,18,5,2,5,0,5,22,14,3,103,0,580,8846
oliveira/04_09/randm07.02.02.09.020_0030.02.aba.beta,True,5,3,0.011033058166503906,0.0022575855255126953,0.0012617111206054688,0.01455235481262207,18,5,2,4,0,5,26,14,3,77,0,902,14213
oliveira/04_09/randm07.02.02.09.020_0030.03.aba.beta,True,3,3,0.005641937255859375,0.0013010501861572266,0.0006842613220214844,0.007627248764038086,12,3,2,4,0,3,12,10,3,35,0,553,8644
oliveira/04_09/randm07.02.02.09.020_0030.04.aba.beta,True,3,3,0.006240367889404297,0.0012204647064208984,0.0006740093231201172,0.008134841918945312,12,3,2,5,0,3,21,10,3,67,0,561,8758
oliveira/04_09/randm07.02.02.09.020_0030.05.aba.beta,True,3,3,0.006481647491455078,0.0013141632080078125,0.0006730556488037109,0.008468866348266602,12,3,2,5,0,3,17,10,3,51,0,552,8661
oliveira/04_09/randm07.02.02.10.020_0030.01.aba.beta,True,1,1,0.0008771419525146484,0.0003063678741455078,0.0006527900695800781,0.0018362998962402344,3,1,0,2,0,1,3,3,1,2,0,537,8599
oliveira/04_09/randm07.02.02.10.020_0030.02.aba.beta,True,1,1,0.0009465217590332031,0.0003533363342285156,0.0006756782531738281,0.001975536346435547,3,1,0,2,0,1,3,3,1,2,0,540,8608
oliveira/04_09/randm07.02.02.10.020_0030.03.aba.beta,True,1,1,0.0008919239044189453,0.0003120899200439453,0.0006434917449951172,0.0018475055694580078,3,1,0,2,0,1,3,3,1,2,0,527,8497
oliveira/04_09/randm07.02.02.10.020_0030.04.aba.beta,True,1,1,0.0009102821350097656,0.0003216266632080078,0.0007023811340332031,0.0019342899322509766,3,1,0,2,0,1,3,3,1,2,0,537,8603
oliveira/04_09/randm07.02.02.10.020_0030.05.aba.beta,True,1,1,0.0009026527404785156,0.0003018379211425781,0.0006442070007324219,0.0018486976623535156,3,1,0,2,0,1,3,3,1,2,0,528,8551
oliveira/04_09/randm07.02.02.11.020_0030.01.aba.beta,True,11,5,0.08359551429748535,0.009274721145629883,0.0009436607360839844,0.09381389617919922,49,11,3,7,0,15,124,25,8,338,0,789,11715
oliveira/04_09/randm07.02.02.11.020_0030.02.aba.beta,True,7,5,0.01918792724609375,0.0033812522888183594,0.0009996891021728516,0.02356886863708496,25,7,4,5,0,7,32,19,5,161,0,796,12409
oliveira/04_09/randm07.02.02.11.020_0030.03.aba.beta,True,7,5,0.04101300239562988,0.004373311996459961,0.0011928081512451172,0.04657912254333496,36,7,4,7,0,7,187,21,5,434,0,941,14858
oliveira/04_09/randm07.02.02.11.020_0030.04.aba.beta,True,9,5,0.05255627632141113,0.007735013961791992,0.0009260177612304688,0.061217308044433594,48,9,3,9,0,13,53,26,8,306,0,724,10763
oliveira/04_09/randm07.02.02.11.020_0030.05.aba.beta,True,8,5,0.07132744789123535,0.006227970123291016,0.0008943080902099609,0.07844972610473633,55,8,3,6,0,10,190,20,6,595,0,756,11314
oliveira/04_09/randm07.02.02.12.020_0030.01.aba.beta,True,4,3,0.007912874221801758,0.0017120838165283203,0.0009849071502685547,0.010609865188598633,14,4,2,5,0,4,13,11,3,42,0,817,12904
oliveira/04_09/randm07.02.02.12.020_0030.02.aba.beta,True,3,3,0.005209922790527344,0.0012617111206054688,0.0006976127624511719,0.007169246673583984,11,3,2,5,0,3,13,9,3,29,0,546,8621
oliveira/04_09/randm07.02.02.12.020_0030.03.aba.beta,True,3,3,0.005580902099609375,0.0013079643249511719,0.0006618499755859375,0.007550716400146484,11,3,2,5,0,3,16,9,3,35,0,545,8631
oliveira/04_09/randm07.02.02.12.020_0030.04.aba.beta,True,4,3,0.01188039779663086,0.0017056465148925781,0.0009748935699462891,0.014560937881469727,22,4,2,5,0,4,63,10,3,131,0,792,12532
oliveira/04_09/randm07.02.02.12.020_0030.05.aba.beta,True,4,3,0.009672880172729492,0.0017404556274414062,0.0011150836944580078,0.012528419494628906,19,4,2,5,0,4,32,10,3,93,0,880,13851
oliveira/04_09/randm07.02.02.13.020_0030.01.aba.beta,True,11,7,0.11712980270385742,0.01048421859741211,0.0009562969207763672,0.1285703182220459,73,11,6,11,11,13,190,36,9,670,0,818,11991
oliveira/04_09/randm07.02.02.13.020_0030.02.aba.beta,True,14,7,0.06842899322509766,0.010304689407348633,0.0010521411895751953,0.07978582382202148,53,14,6,8,3,14,71,36,7,622,0,897,13337
oliveira/04_09/randm07.02.02.13.020_0030.03.aba.beta,True,14,7,0.19727492332458496,0.01881122589111328,0.001779794692993164,0.2178659439086914,76,14,5,10,9,21,161,34,13,643,0,1511,22559
oliveira/04_09/randm07.02.02.13.020_0030.04.aba.beta,True,11,7,0.7053663730621338,0.06021618843078613,0.0008533000946044922,0.7664358615875244,116,11,4,28,6,79,250,50,73,1091,0,709,10167
oliveira/04_09/randm07.02.02.13.020_0030.05.aba.beta,True,16,7,0.1380603313446045,0.017689228057861328,0.00116729736328125,0.15691685676574707,77,16,5,12,3,23,98,40,13,618,0,1039,14784
oliveira/04_09/randm07.02.02.14.020_0030.01.aba.beta,True,3,3,0.006379127502441406,0.0013077259063720703,0.0006976127624511719,0.008384466171264648,12,3,2,5,0,3,23,10,3,79,0,577,8908
oliveira/04_09/randm07.02.02.14.020_0030.02.aba.beta,True,3,3,0.006153106689453125,0.0013682842254638672,0.0006861686706542969,0.008207559585571289,12,3,2,5,0,3,16,10,3,51,0,559,8687
oliveira/04_09/randm07.02.02.14.020_0030.03.aba.beta,True,3,3,0.0069959163665771484,0.0013277530670166016,0.0007948875427246094,0.00911855697631836,12,3,2,5,0,3,27,10,3,95,0,614,9804
oliveira/04_09/randm07.02.02.14.020_0030.04.aba.beta,True,5,3,0.020006656646728516,0.0023508071899414062,0.0008533000946044922,0.023210763931274414,29,5,2,4,0,5,114,13,3,246,0,604,9346
oliveira/04_09/randm07.02.02.14.020_0030.05.aba.beta,True,3,3,0.005324840545654297,0.0012171268463134766,0.0006735324859619141,0.0072154998779296875,12,3,2,4,0,3,11,10,3,34,0,551,8634
oliveira/04_09/randm07.02.02.15.020_0030.01.aba.beta,True,9,7,0.0965578556060791,0.011400222778320312,0.0007612705230712891,0.1087193489074707,61,9,5,12,7,16,99,28,13,418,0,655,9562
oliveira/04_09/randm07.02.02.15.020_0030.02.aba.beta,True,14,7,0.6922502517700195,0.05894923210144043,0.0010547637939453125,0.7522542476654053,127,14,4,24,0,64,274,46,55,1217,0,849,12387
oliveira/04_09/randm07.02.02.15.020_0030.03.aba.beta,True,9,7,0.173048734664917,0.01725029945373535,0.0008757114410400391,0.19117474555969238,56,9,5,13,1,24,110,35,21,433,0,689,10203
oliveira/04_09/randm07.02.02.15.020_0030.04.aba.beta,True,10,7,0.15199971199035645,0.02104330062866211,0.0008406639099121094,0.17388367652893066,50,10,5,20,2,31,52,37,27,252,0,722,10655
oliveira/04_09/randm07.02.02.15.020_0030.05.aba.beta,True,18,7,1.245168924331665,0.06497645378112793,0.0016405582427978516,1.3117859363555908,150,18,3,8,2,72,376,44,58,1457,0,1345,19928
oliveira/04_09/randm07.02.02.16.020_0030.01.aba.beta,True,6,4,0.015094995498657227,0.002869844436645508,0.001767873764038086,0.01973271369934082,21,6,3,6,0,6,31,16,4,107,0,1285,20027
oliveira/04_09/randm07.02.02.16.020_0030.02.aba.beta,True,8,4,0.020345687866210938,0.003923654556274414,0.0019800662994384766,0.026249408721923828,26,8,3,6,0,8,26,19,4,118,0,1591,25049
oliveira/04_09/randm07.02.02.16.020_0030.03.aba.beta,True,4,4,0.014127731323242188,0.002744436264038086,0.0006747245788574219,0.017546892166137695,20,4,2,6,0,6,28,14,5,77,0,552,8646
oliveira/04_09/randm07.02.02.16.020_0030.04.aba.beta,True,3,4,0.013112306594848633,0.002312898635864258,0.0006892681121826172,0.016114473342895508,19,3,2,7,0,5,30,13,5,104,0,554,8664
oliveira/04_09/randm07.02.02.16.020_0030.05.aba.beta,True,8,4,0.026589632034301758,0.004084110260009766,0.0017578601837158203,0.032431602478027344,37,8,3,6,0,8,124,18,4,279,0,1417,22229
oliveira/04_09/randm07.02.02.17.020_0030.01.aba.beta,True,10,6,0.11464476585388184,0.009253263473510742,0.0009818077087402344,0.12487983703613281,89,10,5,8,19,13,313,36,9,926,0,824,12231
oliveira/04_09/randm07.02.02.17.020_0030.02.aba.beta,True,10,6,0.14462852478027344,0.013090372085571289,0.0010302066802978516,0.15874910354614258,77,10,3,10,3,17,315,32,11,771,0,874,13130
oliveira/04_09/randm07.02.02.17.020_0030.03.aba.beta,True,9,6,0.12345266342163086,0.008847713470458984,0.0009102821350097656,0.1332106590270996,90,9,5,6,17,13,330,32,10,960,0,760,11240
oliveira/04_09/randm07.02.02.17.020_0030.04.aba.beta,True,9,6,0.07372331619262695,0.0066258907318115234,0.0009176731109619141,0.08126688003540039,76,9,5,7,3,9,347,29,6,931,0,748,11153
oliveira/04_09/randm07.02.02.17.020_0030.05.aba.beta,True,9,6,0.15642404556274414,0.013772010803222656,0.001018524169921875,0.17121458053588867,62,9,3,10,3,17,197,31,12,572,0,862,12823
oliveira/04_09/randm07.02.02.18.020_0030.01.aba.beta,True,19,7,1.023592233657837,0.07585644721984863,0.0017027854919433594,1.101151466369629,205,19,4,23,14,61,666,52,47,2382,0,1422,20714
oliveira/04_09/randm07.02.02.18.020_0030.02.aba.beta,True,11,7,0.5030438899993896,0.07167434692382812,0.0010640621185302734,0.575782299041748,109,11,4,8,8,36,326,40,30,1174,0,866,12900
oliveira/04_09/randm07.02.02.18.020_0030.03.aba.beta,True,12,7,0.46201610565185547,0.04759025573730469,0.0012173652648925781,0.5108237266540527,116,12,4,7,11,38,424,37,31,1212,0,1032,15289
oliveira/04_09/randm07.02.02.18.020_0030.04.aba.beta,True,18,7,1.2244255542755127,0.14505600929260254,0.0016908645629882812,1.3711724281311035,159,18,4,6,17,55,536,47,42,1744,0,1326,19430
oliveira/04_09/randm07.02.02.18.020_0030.05.aba.beta,True,19,7,1.0242233276367188,0.07465052604675293,0.0019571781158447266,1.1008310317993164,158,19,4,7,8,43,774,50,29,1932,0,1583,23081
oliveira/04_09/randm07.02.02.19.020_0030.01.aba.beta,True,9,5,0.05879974365234375,0.005975008010864258,0.0008072853088378906,0.0655820369720459,43,9,3,8,1,11,118,23,6,338,0,672,9995
oliveira/04_09/randm07.02.02.19.020_0030.02.aba.beta,True,11,5,0.11205101013183594,0.011192560195922852,0.0009412765502929688,0.12418484687805176,70,11,2,9,1,18,201,26,10,749,0,774,11561
oliveira/04_09/randm07.02.02.19.020_0030.03.aba.beta,True,5,5,0.028774261474609375,0.0028488636016845703,0.0009605884552001953,0.03258371353149414,37,5,4,7,4,5,190,21,5,336,0,724,11191
oliveira/04_09/randm07.02.02.19.020_0030.04.aba.beta,True,10,5,0.175825834274292,0.015416860580444336,0.0008676052093505859,0.19211030006408691,81,10,2,13,1,24,219,29,17,755,0,737,10830
oliveira/04_09/randm07.02.02.19.020_0030.05.aba.beta,True,5,5,0.014141321182250977,0.0023860931396484375,0.0008959770202636719,0.017423391342163086,26,5,4,7,3,5,47,19,5,130,0,735,11353
oliveira/04_09/randm08.02.02.01.020_0030.01.aba.beta,True,13,7,0.34616589546203613,0.03999209403991699,0.0008878707885742188,0.38704586029052734,98,13,4,24,0,48,228,47,40,805,0,761,10843
oliveira/04_09/randm08.02.02.01.020_0030.02.aba.beta,True,12,7,0.12256503105163574,0.013612031936645508,0.0010483264923095703,0.13722538948059082,74,12,5,10,2,18,199,39,12,698,0,893,12973
oliveira/04_09/randm08.02.02.01.020_0030.03.aba.beta,True,15,7,0.12873029708862305,0.014411449432373047,0.0011091232299804688,0.14425086975097656,65,15,5,13,0,20,128,42,11,545,0,944,13901
oliveira/04_09/randm08.02.02.01.020_0030.04.aba.beta,True,21,7,0.4992389678955078,0.03867745399475098,0.0018317699432373047,0.5397481918334961,124,21,4,12,0,44,440,47,28,1445,0,1542,22619
oliveira/04_09/randm08.02.02.01.020_0030.05.aba.beta,True,20,7,0.29474306106567383,0.034856557846069336,0.0014851093292236328,0.3310847282409668,111,20,5,19,3,38,327,48,24,1130,0,1070,14943
oliveira/04_09/randm08.02.02.02.020_0030.01.aba.beta,True,16,6,0.49014902114868164,0.048165321350097656,0.0008962154388427734,0.5392105579376221,91,16,3,25,1,63,118,46,51,675,0,787,10943
oliveira/04_09/randm08.02.02.02.020_0030.02.aba.beta,True,12,6,0.15695738792419434,0.018483400344848633,0.0009105205535888672,0.17635130882263184,66,12,3,12,1,27,156,31,19,535,0,660,9568
oliveira/04_09/randm08.02.02.02.020_0030.03.aba.beta,True,10,6,0.11280083656311035,0.01593923568725586,0.0007417201995849609,0.12948179244995117,62,10,3,18,1,26,82,28,20,439,0,641,9292
oliveira/04_09/randm08.02.02.02.020_0030.04.aba.beta,True,11,6,0.2608163356781006,0.03415870666503906,0.0007722377777099609,0.2957472801208496,74,11,3,22,1,50,242,27,43,640,0,668,9797
oliveira/04_09/randm08.02.02.02.020_0030.05.aba.beta,True,18,6,0.22266530990600586,0.02179551124572754,0.0009577274322509766,0.24541854858398438,113,18,3,8,1,25,219,33,11,1237,0,859,11856
oliveira/04_09/randm08.02.02.03.020_0030.01.aba.beta,True,9,7,0.1623232364654541,0.021063804626464844,0.0008053779602050781,0.18419241905212402,64,9,4,18,2,33,97,35,29,389,0,689,10271
oliveira/04_09/randm08.02.02.03.020_0030.02.aba.beta,True,11,7,0.24743342399597168,0.02257704734802246,0.0009407997131347656,0.2709512710571289,78,11,4,10,0,29,196,39,23,647,0,810,11876
oliveira/04_09/randm08.02.02.03.020_0030.03.aba.beta,True,9,7,0.39045000076293945,0.04445385932922363,0.0011756420135498047,0.4360795021057129,80,9,5,27,7,56,116,47,53,491,0,952,14457
oliveira/04_09/randm08.02.02.03.020_0030.04.aba.beta,True,11,7,0.409670352935791,0.033330440521240234,0.0008220672607421875,0.44382286071777344,75,11,4,15,0,41,244,35,35,668,0,693,10115
oliveira/04_09/randm08.02.02.03.020_0030.05.aba.beta,True,9,7,0.5162394046783447,0.052043914794921875,0.0007700920104980469,0.5690534114837646,81,9,5,30,2,62,135,43,59,528,0,656,9585
oliveira/04_09/randm08.02.02.04.020_0030.01.aba.beta,True,3,6,0.10126638412475586,0.011597394943237305,0.000675201416015625,0.11353898048400879,35,3,3,15,0,18,69,23,19,188,0,558,8738
oliveira/04_09/randm08.02.02.04.020_0030.02.aba.beta,True,11,6,0.12258100509643555,0.01526951789855957,0.0007789134979248047,0.13862943649291992,74,11,5,10,13,21,138,33,16,496,0,664,9723
oliveira/04_09/randm08.02.02.04.020_0030.03.aba.beta,True,10,6,0.1588754653930664,0.015838146209716797,0.0009427070617675781,0.17565631866455078,72,10,3,16,0,22,387,27,16,737,0,783,11727
oliveira/04_09/randm08.02.02.04.020_0030.04.aba.beta,True,13,6,0.10596537590026855,0.009760141372680664,0.0010650157928466797,0.1167905330657959,84,13,5,8,10,13,286,28,6,926,0,784,11267
oliveira/04_09/randm08.02.02.04.020_0030.05.aba.beta,True,9,6,0.17089438438415527,0.016637325286865234,0.0009279251098632812,0.1884596347808838,59,9,3,11,1,23,129,31,18,436,0,752,11314
oliveira/04_09/randm08.02.02.05.020_0030.01.aba.beta,True,5,5,0.016762495040893555,0.0028450489044189453,0.0010266304016113281,0.020634174346923828,25,5,4,6,4,5,36,20,5,134,0,822,12762
oliveira/04_09/randm08.02.02.05.020_0030.02.aba.beta,True,4,5,0.012168645858764648,0.0020248889923095703,0.0007131099700927734,0.014906644821166992,23,4,4,6,4,4,30,19,5,104,0,594,9170
oliveira/04_09/randm08.02.02.05.020_0030.03.aba.beta,True,5,5,0.048616886138916016,0.007357597351074219,0.0007860660552978516,0.056760549545288086,38,5,4,10,4,12,65,29,12,236,0,655,10062
oliveira/04_09/randm08.02.02.05.020_0030.04.aba.beta,True,4,5,0.026710987091064453,0.003577709197998047,0.0008132457733154297,0.03110194206237793,40,4,4,10,10,7,82,19,8,225,0,620,9634
oliveira/04_09/randm08.02.02.05.020_0030.05.aba.beta,True,5,5,0.040961503982543945,0.0046689510345458984,0.0007884502410888672,0.04641890525817871,45,5,3,5,5,8,155,22,7,398,0,611,9217
oliveira/04_09/randm08.02.02.06.020_0030.01.aba.beta,True,12,8,0.3604006767272949,0.031149864196777344,0.0008862018585205078,0.3924367427825928,86,12,5,17,5,35,242,38,29,908,0,734,10706
oliveira/04_09/randm08.02.02.06.020_0030.02.aba.beta,True,13,8,0.7654924392700195,0.06314325332641602,0.0009152889251708984,0.8295509815216064,104,13,5,12,8,43,229,49,36,1002,0,783,11158
oliveira/04_09/randm08.02.02.06.020_0030.03.aba.beta,True,14,8,0.2386486530303955,0.021897554397583008,0.000978708267211914,0.26152491569519043,128,14,6,8,11,21,359,40,14,1421,0,863,12436
oliveira/04_09/randm08.02.02.06.020_0030.04.aba.beta,True,14,8,0.24473118782043457,0.02333235740661621,0.0008792877197265625,0.26894283294677734,82,14,5,11,1,28,172,43,20,716,0,765,10772
oliveira/04_09/randm08.02.02.06.020_0030.05.aba.beta,True,19,8,1.081953525543213,0.10184574127197266,0.001043081283569336,1.1848423480987549,114,19,4,35,1,112,131,51,98,829,0,864,11929
oliveira/04_09/randm08.02.02.07.020_0030.01.aba.beta,True,1,1,0.0008847713470458984,0.00030159950256347656,0.0006589889526367188,0.0018453598022460938,3,1,0,2,0,1,3,3,1,2,0,536,8587
oliveira/04_09/randm08.02.02.07.020_0030.02.aba.beta,True,1,1,0.0009679794311523438,0.0003650188446044922,0.0006575584411621094,0.0019905567169189453,3,1,0,2,0,1,3,3,1,2,0,524,8514
oliveira/04_09/randm08.02.02.07.020_0030.03.aba.beta,True,1,1,0.0008904933929443359,0.00030422210693359375,0.0006561279296875,0.0018508434295654297,3,1,0,2,0,1,3,3,1,2,0,519,8504
oliveira/04_09/randm08.02.02.07.020_0030.04.aba.beta,True,1,1,0.0008823871612548828,0.0003407001495361328,0.0006771087646484375,0.0019001960754394531,3,1,0,2,0,1,3,3,1,2,0,539,8604
oliveira/04_09/randm08.02.02.07.020_0030.05.aba.beta,True,1,1,0.0012035369873046875,0.0003032684326171875,0.0006620883941650391,0.002168893814086914,3,1,0,2,0,1,3,3,1,2,0,530,8566
oliveira/04_09/randm08.02.02.08.020_0030.01.aba.beta,True,14,6,1.8556346893310547,0.12745141983032227,0.0011668205261230469,1.9842529296875,175,14,2,38,7,108,585,56,97,1797,0,939,13505
oliveira/04_09/randm08.02.02.08.020_0030.02.aba.beta,True,9,6,1.421738624572754,0.14884662628173828,0.0011072158813476562,1.5716924667358398,116,9,1,49,0,130,234,53,123,826,0,846,12896
oliveira/04_09/randm08.02.02.08.020_0030.03.aba.beta,True,16,6,0.6537671089172363,0.0554049015045166,0.0014667510986328125,0.7106387615203857,115,16,3,28,6,74,339,47,62,1052,0,1211,18236
oliveira/04_09/randm08.02.02.08.020_0030.04.aba.beta,True,8,6,0.7557411193847656,0.11580777168273926,0.0008525848388671875,0.8724014759063721,96,8,1,46,0,97,132,60,91,580,0,666,9749
oliveira/04_09/randm08.02.02.08.020_0030.05.aba.beta,True,9,6,0.657834529876709,0.05559420585632324,0.001123666763305664,0.7145524024963379,94,9,3,27,3,66,322,39,61,831,0,906,13603
oliveira/04_09/randm08.02.02.09.020_0030.01.aba.beta,True,12,7,0.08671259880065918,0.010566949844360352,0.0015354156494140625,0.0988149642944336,56,12,6,9,4,17,100,35,12,397,0,1247,19041
oliveira/04_09/randm08.02.02.09.020_0030.02.aba.beta,True,17,7,0.9770269393920898,0.04757094383239746,0.0019838809967041016,1.0265817642211914,139,17,4,18,10,48,681,53,36,1560,0,1595,24137
oliveira/04_09/randm08.02.02.09.020_0030.03.aba.beta,True,12,7,0.3681783676147461,0.0490262508392334,0.0012462139129638672,0.41845083236694336,87,12,4,20,5,50,169,38,43,605,0,1029,15420
oliveira/04_09/randm08.02.02.09.020_0030.04.aba.beta,True,14,7,0.23129010200500488,0.016931772232055664,0.0017895698547363281,0.2500114440917969,115,14,5,11,11,19,521,33,11,1215,0,1460,21919
oliveira/04_09/randm08.02.02.09.020_0030.05.aba.beta,True,12,7,0.24080753326416016,0.0300595760345459,0.0017650127410888672,0.2726321220397949,81,12,4,27,0,39,130,35,32,549,0,1326,20216
oliveira/04_09/randm08.02.02.10.020_0030.01.aba.beta,True,26,7,0.6064121723175049,0.03665041923522949,0.00180816650390625,0.6448707580566406,148,26,4,10,0,40,431,44,19,1649,0,1572,22265
oliveira/04_09/randm08.02.02.10.020_0030.02.aba.beta,True,14,7,0.3245201110839844,0.027077913284301758,0.0015590190887451172,0.35315704345703125,113,14,5,13,11,27,432,38,19,1218,0,1308,19618
oliveira/04_09/randm08.02.02.10.020_0030.03.aba.beta,True,12,7,0.36686086654663086,0.04504966735839844,0.0011446475982666016,0.4130551815032959,145,12,5,22,26,44,453,46,38,1456,0,968,14152
oliveira/04_09/randm08.02.02.10.020_0030.04.aba.beta,True,12,7,0.33112406730651855,0.03825497627258301,0.0019974708557128906,0.37137651443481445,112,12,5,19,6,37,515,39,31,1125,0,1629,24910
oliveira/04_09/randm08.02.02.10.020_0030.05.aba.beta,True,16,7,0.47191333770751953,0.032106637954711914,0.002655506134033203,0.5066754817962646,107,16,4,7,3,32,437,41,21,1120,0,2085,32659
oliveira/04_09/randm08.02.02.11.020_0030.01.aba.beta,True,24,8,7.752970218658447,1.1719639301300049,0.0014562606811523438,8.926390409469604,235,24,2,110,2,525,306,69,504,1880,0,1236,17026
oliveira/04_09/randm08.02.02.11.020_0030.02.aba.beta,True,25,8,0.42110204696655273,0.062042951583862305,0.003462553024291992,0.48660755157470703,128,25,5,13,2,41,177,44,22,1057,0,2787,42836
oliveira/04_09/randm08.02.02.11.020_0030.03.aba.beta,True,19,8,0.7964138984680176,0.07627582550048828,0.0016531944274902344,0.8743429183959961,144,19,5,17,10,74,249,49,61,1364,0,1337,19905
oliveira/04_09/randm08.02.02.11.020_0030.04.aba.beta,True,12,8,0.2093808650970459,0.018338918685913086,0.0013926029205322266,0.2291123867034912,81,12,5,10,13,22,171,33,16,716,0,1177,17407
oliveira/04_09/randm08.02.02.11.020_0030.05.aba.beta,True,20,8,0.7093112468719482,0.0715630054473877,0.0017325878143310547,0.782606840133667,139,20,5,18,7,66,224,46,52,1335,0,1409,20272
oliveira/04_09/randm08.02.02.12.020_0030.01.aba.beta,True,7,5,0.05220437049865723,0.005308628082275391,0.0009789466857910156,0.05849194526672363,48,7,3,7,0,9,219,20,6,447,0,747,11463
oliveira/04_09/randm08.02.02.12.020_0030.02.aba.beta,True,5,5,0.02709341049194336,0.0045506954193115234,0.0007562637329101562,0.03240036964416504,25,5,3,10,0,8,43,21,7,174,0,604,9334
oliveira/04_09/randm08.02.02.12.020_0030.03.aba.beta,True,8,5,0.08923602104187012,0.00805521011352539,0.0013701915740966797,0.09866142272949219,51,8,3,6,0,11,228,26,7,544,0,1097,16755
oliveira/04_09/randm08.02.02.12.020_0030.04.aba.beta,True,8,5,0.056542396545410156,0.005167722702026367,0.0009450912475585938,0.06265521049499512,48,8,3,6,0,9,289,17,5,547,0,777,11693
oliveira/04_09/randm08.02.02.12.020_0030.05.aba.beta,True,6,5,0.0861358642578125,0.008064746856689453,0.0008504390716552734,0.09505105018615723,48,6,3,13,0,13,188,27,11,451,0,693,10572
oliveira/04_09/randm08.02.02.13.020_0030.01.aba.beta,True,17,8,1.8327398300170898,0.2073345184326172,0.0015978813171386719,2.0416722297668457,161,17,5,16,5,85,558,55,74,1832,0,1218,17808
oliveira/04_09/randm08.02.02.13.020_0030.02.aba.beta,True,26,8,5.238797187805176,0.3592648506164551,0.00287628173828125,5.600938320159912,238,26,4,23,5,156,832,65,135,2633,0,2290,33890
oliveira/04_09/randm08.02.02.13.020_0030.03.aba.beta,True,19,8,1.2958345413208008,0.08272695541381836,0.0017883777618408203,1.38034987449646,154,19,5,16,22,67,483,55,54,1548,0,1493,22005
oliveira/04_09/randm08.02.02.13.020_0030.04.aba.beta,True,20,8,2.306729555130005,0.2687094211578369,0.0020737648010253906,2.577512741088867,184,20,4,16,5,95,614,66,80,1963,0,1704,25399
oliveira/04_09/randm08.02.02.13.020_0030.05.aba.beta,True,27,8,3.1165244579315186,0.3905665874481201,0.002694845199584961,3.5097858905792236,254,27,4,19,5,112,1050,65,90,3005,0,2099,31264
oliveira/04_09/randm08.02.02.14.020_0030.01.aba.beta,True,17,6,0.44827771186828613,0.029709577560424805,0.0018885135650634766,0.4798758029937744,114,17,4,5,5,21,538,42,9,1317,0,1570,23570
oliveira/04_09/randm08.02.02.14.020_0030.02.aba.beta,True,14,6,0.3789372444152832,0.025255441665649414,0.0016312599182128906,0.4058239459991455,116,14,3,6,5,23,501,39,13,1294,0,1348,20361
oliveira/04_09/randm08.02.02.14.020_0030.03.aba.beta,True,13,6,0.4949831962585449,0.030382871627807617,0.0017108917236328125,0.5270769596099854,102,13,3,5,5,30,411,42,21,1104,0,1274,19368
oliveira/04_09/randm08.02.02.14.020_0030.04.aba.beta,True,7,6,0.20597052574157715,0.016609907150268555,0.0013320446014404297,0.22391247749328613,62,7,3,7,8,19,208,31,16,560,0,1045,16531
oliveira/04_09/randm08.02.02.14.020_0030.05.aba.beta,True,14,6,0.33575987815856934,0.027348995208740234,0.001819610595703125,0.3649284839630127,107,14,4,8,5,30,403,41,21,1194,0,1520,22642
oliveira/04_09/randm08.02.02.15.020_0030.01.aba.beta,True,10,5,0.08531737327575684,0.008637189865112305,0.0009815692901611328,0.09493613243103027,56,10,2,12,2,15,184,28,8,501,0,826,12365
oliveira/04_09/randm08.02.02.15.020_0030.02.aba.beta,True,11,5,0.10350966453552246,0.009912252426147461,0.0012557506561279297,0.11467766761779785,80,11,2,9,2,16,319,29,8,775,0,1041,15815
oliveira/04_09/randm08.02.02.15.020_0030.03.aba.beta,True,9,5,0.04366731643676758,0.006211996078491211,0.0011632442474365234,0.05104255676269531,38,9,3,5,2,10,82,24,5,301,0,964,14634
oliveira/04_09/randm08.02.02.15.020_0030.04.aba.beta,True,8,5,0.07982587814331055,0.009539127349853516,0.0010936260223388672,0.09045863151550293,52,8,2,11,2,15,176,28,10,452,0,879,13427
oliveira/04_09/randm08.02.02.15.020_0030.05.aba.beta,True,18,5,0.22040343284606934,0.014559030532836914,0.0025196075439453125,0.23748207092285156,105,18,3,5,2,19,481,32,5,1169,0,2040,31010
oliveira/04_09/randm08.02.02.16.020_0030.01.aba.beta,True,10,5,0.08655071258544922,0.007787227630615234,0.0009415149688720703,0.09527945518493652,57,10,3,7,3,12,188,25,6,523,0,793,11719
oliveira/04_09/randm08.02.02.16.020_0030.02.aba.beta,True,9,5,0.1175537109375,0.007951974868774414,0.0008606910705566406,0.12636637687683105,67,9,3,8,3,11,344,21,6,779,0,698,10447
oliveira/04_09/randm08.02.02.16.020_0030.03.aba.beta,True,8,5,0.08007264137268066,0.008319616317749023,0.0010561943054199219,0.08944845199584961,54,8,3,10,2,12,248,29,8,590,0,832,12668
oliveira/04_09/randm08.02.02.16.020_0030.04.aba.beta,True,5,5,0.08097505569458008,0.009760379791259766,0.000835418701171875,0.09157085418701172,45,5,3,11,2,17,97,26,16,265,0,657,10102
oliveira/04_09/randm08.02.02.16.020_0030.05.aba.beta,True,3,5,0.07770490646362305,0.00842905044555664,0.0007784366607666016,0.08691239356994629,45,3,3,8,1,15,169,23,16,364,0,619,9762
oliveira/04_09/randm08.02.02.17.020_0030.01.aba.beta,True,12,6,0.12277841567993164,0.01497960090637207,0.0009503364562988281,0.13870835304260254,65,12,4,14,12,25,117,33,18,480,0,801,11736
oliveira/04_09/randm08.02.02.17.020_0030.02.aba.beta,True,15,6,0.10474061965942383,0.012328147888183594,0.001615762710571289,0.11868453025817871,74,15,4,9,0,18,251,29,8,822,0,1331,20198
oliveira/04_09/randm08.02.02.17.020_0030.03.aba.beta,True,14,6,0.11002159118652344,0.013873815536499023,0.0011713504791259766,0.12506675720214844,67,14,4,10,0,20,111,31,11,531,0,955,14112
oliveira/04_09/randm08.02.02.17.020_0030.04.aba.beta,True,12,6,0.07898592948913574,0.012080192565917969,0.0009484291076660156,0.09201455116271973,48,12,4,14,0,20,82,30,13,360,0,782,11465
oliveira/04_09/randm08.02.02.17.020_0030.05.aba.beta,True,15,6,0.08598875999450684,0.011477231979370117,0.001230478286743164,0.09869647026062012,63,15,4,10,0,19,188,33,9,594,0,998,15112
oliveira/04_09/randm08.02.02.18.020_0030.01.aba.beta,True,11,6,0.10697603225708008,0.015796661376953125,0.0009713172912597656,0.12374401092529297,51,11,4,12,2,19,95,30,13,384,0,691,10104
oliveira/04_09/randm08.02.02.18.020_0030.02.aba.beta,True,13,6,1.3577375411987305,0.05345416069030762,0.0018219947814941406,1.4130136966705322,104,13,3,11,2,52,511,41,43,1181,0,1449,22348
oliveira/04_09/randm08.02.02.18.020_0030.03.aba.beta,True,8,6,0.07638788223266602,0.008281707763671875,0.0012235641479492188,0.08589315414428711,45,8,4,4,4,12,158,25,9,345,0,905,13823
oliveira/04_09/randm08.02.02.18.020_0030.04.aba.beta,True,16,6,1.3370041847229004,0.08385252952575684,0.001981973648071289,1.4228386878967285,141,16,2,14,2,79,511,49,66,1416,0,1569,23647
oliveira/04_09/randm08.02.02.18.020_0030.05.aba.beta,True,14,6,0.3769261837005615,0.028584718704223633,0.0018973350524902344,0.4074082374572754,102,14,3,6,2,34,433,37,24,1143,0,1330,20161
oliveira/04_09/randm08.02.02.19.020_0030.01.aba.beta,True,11,8,0.0877842903137207,0.013371944427490234,0.0008401870727539062,0.10199642181396484,70,11,6,9,12,13,126,35,9,630,0,732,10596
oliveira/04_09/randm08.02.02.19.020_0030.02.aba.beta,True,16,8,0.8739404678344727,0.06276059150695801,0.0015511512756347656,0.9382522106170654,145,16,5,20,17,60,420,47,50,1590,0,1242,18920
oliveira/04_09/randm08.02.02.19.020_0030.03.aba.beta,True,12,8,0.1663217544555664,0.018916845321655273,0.0009377002716064453,0.18617630004882812,72,12,6,13,16,24,129,41,19,551,0,797,11489
oliveira/04_09/randm08.02.02.19.020_0030.04.aba.beta,True,13,8,0.1379857063293457,0.0145721435546875,0.0008244514465332031,0.1533823013305664,79,13,6,10,25,18,98,39,12,641,0,713,10341
oliveira/04_09/randm08.02.02.19.020_0030.05.aba.beta,True,20,8,0.7469823360443115,0.06540727615356445,0.0015912055969238281,0.8139808177947998,140,20,5,16,0,58,290,58,44,1568,0,1326,19102
oliveira/04_09/randm09.02.02.01.020_0030.01.aba.beta,True,22,9,2.669510841369629,0.16978788375854492,0.003528594970703125,2.842827320098877,194,22,6,9,22,86,566,56,71,2090,0,2622,40809
oliveira/04_09/randm09.02.02.01.020_0030.02.aba.beta,True,9,7,0.20983099937438965,0.027499675750732422,0.0010857582092285156,0.23841643333435059,63,9,4,9,5,23,156,34,19,521,0,877,13425
oliveira/04_09/randm09.02.02.01.020_0030.03.aba.beta,True,16,9,19.784680604934692,2.158184289932251,0.0016031265258789062,21.944468021392822,188,16,5,51,15,659,379,62,649,1531,0,1234,18317
oliveira/04_09/randm09.02.02.01.020_0030.04.aba.beta,True,22,9,4.872332811355591,0.36784791946411133,0.004227161407470703,5.244407892227173,210,22,5,22,7,164,500,63,148,2219,0,3315,50786
oliveira/04_09/randm09.02.02.01.020_0030.05.aba.beta,True,23,9,6.295241355895996,0.4070100784301758,0.004484653472900391,6.706736087799072,259,23,6,27,50,191,729,66,175,2846,0,3507,54309
oliveira/04_09/randm09.02.02.02.020_0030.01.aba.beta,True,22,8,0.7014675140380859,0.06234240531921387,0.002181529998779297,0.7659914493560791,139,22,4,17,8,64,173,47,47,1131,0,1780,26097
oliveira/04_09/randm09.02.02.02.020_0030.02.aba.beta,True,25,7,0.385692834854126,0.028780698776245117,0.0027818679809570312,0.4172554016113281,123,25,5,8,7,30,252,54,11,1139,0,2177,32634
oliveira/04_09/randm09.02.02.02.020_0030.03.aba.beta,True,26,8,0.45385026931762695,0.03158068656921387,0.002096891403198242,0.48752784729003906,147,26,6,9,2,33,348,54,14,1620,0,1743,25200
oliveira/04_09/randm09.02.02.02.020_0030.04.aba.beta,True,29,8,9.888131380081177,0.5729501247406006,0.002991199493408203,10.464072704315186,249,29,4,52,2,379,347,75,355,2188,0,2364,35428
oliveira/04_09/randm09.02.02.02.020_0030.05.aba.beta,True,27,7,1.3098506927490234,0.07884359359741211,0.0028238296508789062,1.3915181159973145,167,27,3,8,4,73,350,56,50,1643,0,2286,33729
oliveira/04_09/randm09.02.02.03.020_0030.01.aba.beta,True,20,8,0.803844690322876,0.06630754470825195,0.0023272037506103516,0.8724794387817383,185,20,6,22,34,43,758,46,30,2144,0,1884,28355
oliveira/04_09/randm09.02.02.03.020_0030.02.aba.beta,True,14,8,0.27721738815307617,0.026319503784179688,0.001054525375366211,0.30459141731262207,101,14,5,20,5,31,402,42,23,1039,0,889,13245
oliveira/04_09/randm09.02.02.03.020_0030.03.aba.beta,True,18,8,1.9699409008026123,1.1893749237060547,0.0013210773468017578,3.1606369018554688,174,18,4,19,8,100,447,56,87,2067,0,1088,15916
oliveira/04_09/randm09.02.02.03.020_0030.04.aba.beta,True,14,8,0.13003206253051758,0.011438131332397461,0.0013387203216552734,0.1428089141845703,86,14,6,9,9,15,288,35,8,1001,0,1144,16884
oliveira/04_09/randm09.02.02.03.020_0030.05.aba.beta,True,21,8,0.5662631988525391,0.06627488136291504,0.0017077922821044922,0.6342458724975586,153,21,5,13,10,47,588,47,32,1794,0,1408,20380
oliveira/04_09/randm09.02.02.04.020_0030.01.aba.beta,True,18,7,0.4650301933288574,0.03461289405822754,0.001271963119506836,0.5009150505065918,101,18,4,10,0,35,353,42,22,1017,0,1085,15628
oliveira/04_09/randm09.02.02.04.020_0030.02.aba.beta,True,17,7,0.19084620475769043,0.019884347915649414,0.001176595687866211,0.21190714836120605,99,17,5,11,0,24,400,33,13,1086,0,985,14147
oliveira/04_09/randm09.02.02.04.020_0030.03.aba.beta,True,18,7,0.21662425994873047,0.027937889099121094,0.0011911392211914062,0.24575328826904297,73,18,4,9,0,33,109,43,20,604,0,990,14291
oliveira/04_09/randm09.02.02.04.020_0030.04.aba.beta,True,12,7,0.044014930725097656,0.007180690765380859,0.000995635986328125,0.05219125747680664,41,12,6,6,0,12,53,28,7,309,0,839,12289
oliveira/04_09/randm09.02.02.04.020_0030.05.aba.beta,True,21,7,0.3038349151611328,0.03811478614807129,0.0018181800842285156,0.3437678813934326,98,21,4,16,0,43,273,49,27,953,0,1454,21139
oliveira/04_09/randm09.02.02.05.020_0030.01.aba.beta,True,21,8,0.33538174629211426,0.028937816619873047,0.0013625621795654297,0.36568212509155273,118,21,6,10,0,29,304,48,15,1271,0,1133,15899
oliveira/04_09/randm09.02.02.05.020_0030.02.aba.beta,True,16,8,0.4519631862640381,0.05096316337585449,0.0009300708770751953,0.5038564205169678,104,16,5,25,0,55,163,40,45,960,0,747,10224
oliveira/04_09/randm09.02.02.05.020_0030.03.aba.beta,True,27,8,1.8549342155456543,0.1104576587677002,0.001847982406616211,1.9672398567199707,201,27,5,17,4,96,467,56,75,2191,0,1534,21576
oliveira/04_09/randm09.02.02.05.020_0030.04.aba.beta,True,19,8,0.9220564365386963,0.0653219223022461,0.002000570297241211,0.9893789291381836,143,19,5,23,5,60,328,50,47,1504,0,1522,22536
oliveira/04_09/randm09.02.02.05.020_0030.05.aba.beta,True,13,8,0.36688876152038574,0.03264665603637695,0.0009968280792236328,0.40053224563598633,96,13,6,16,14,32,209,39,26,896,0,761,10928
oliveira/04_09/randm09.02.02.06.020_0030.01.aba.beta,True,17,9,3.1973443031311035,0.1900324821472168,0.0013804435729980469,3.3887572288513184,224,17,6,40,4,130,498,61,120,2791,0,1073,15573
oliveira/04_09/randm09.02.02.06.020_0030.02.aba.beta,True,26,9,3.62353515625,0.8358213901519775,0.0014889240264892578,4.460845470428467,236,26,7,18,63,110,568,49,92,2642,0,1232,16895
oliveira/04_09/randm09.02.02.06.020_0030.03.aba.beta,True,22,9,0.9937090873718262,0.06139206886291504,0.0013418197631835938,1.0564429759979248,156,22,6,16,4,57,376,56,42,1902,0,1087,15362
oliveira/04_09/randm09.02.02.06.020_0030.04.aba.beta,True,18,9,5.079411268234253,0.48587799072265625,0.0015933513641357422,5.566882610321045,163,18,6,43,5,289,224,59,278,1301,0,1231,17606
oliveira/04_09/randm09.02.02.06.020_0030.05.aba.beta,True,20,9,0.7599256038665771,0.061211347579956055,0.0015518665313720703,0.8226888179779053,142,20,6,15,17,52,352,48,39,1345,0,1234,17775
oliveira/04_09/randm09.02.02.07.020_0030.01.aba.beta,True,1,1,0.0009002685546875,0.0003161430358886719,0.000629425048828125,0.0018458366394042969,3,1,0,2,0,1,3,3,1,2,0,511,8445
oliveira/04_09/randm09.02.02.07.020_0030.02.aba.beta,True,1,1,0.0008909702301025391,0.00029969215393066406,0.0006895065307617188,0.0018801689147949219,3,1,0,2,0,1,3,3,1,2,0,530,8553
oliveira/04_09/randm09.02.02.07.020_0030.03.aba.beta,True,1,1,0.0009024143218994141,0.0003018379211425781,0.0006537437438964844,0.0018579959869384766,3,1,0,2,0,1,3,3,1,2,0,533,8573
oliveira/04_09/randm09.02.02.07.020_0030.04.aba.beta,True,1,1,0.0009036064147949219,0.0002989768981933594,0.0006532669067382812,0.0018558502197265625,3,1,0,2,0,1,3,3,1,2,0,527,8550
oliveira/04_09/randm09.02.02.07.020_0030.05.aba.beta,True,1,1,0.0009009838104248047,0.00030684471130371094,0.0006704330444335938,0.0018782615661621094,3,1,0,2,0,1,3,3,1,2,0,536,8586
oliveira/04_09/randm09.02.02.08.020_0030.01.aba.beta,True,11,6,0.07614922523498535,0.011406898498535156,0.0008218288421630859,0.0883779525756836,50,11,4,12,1,18,59,25,12,286,0,692,10214
oliveira/04_09/randm09.02.02.08.020_0030.02.aba.beta,True,10,6,0.06724786758422852,0.007376194000244141,0.0009360313415527344,0.07556009292602539,47,10,5,7,1,11,105,27,7,360,0,730,10758
oliveira/04_09/randm09.02.02.08.020_0030.03.aba.beta,True,11,6,0.07393527030944824,0.01094818115234375,0.0010035037994384766,0.08588695526123047,49,11,4,11,1,18,59,29,12,314,0,778,11364
oliveira/04_09/randm09.02.02.08.020_0030.04.aba.beta,True,7,6,0.022684335708618164,0.003762483596801758,0.002628326416015625,0.029075145721435547,33,7,5,6,8,7,34,24,6,128,0,2063,32716
oliveira/04_09/randm09.02.02.08.020_0030.05.aba.beta,True,7,6,0.024449586868286133,0.003759145736694336,0.0024704933166503906,0.03067922592163086,33,7,5,6,8,7,37,24,6,132,0,1942,30903
oliveira/04_09/randm09.02.02.09.020_0030.01.aba.beta,True,24,9,3.54186749458313,0.15904545783996582,0.003242015838623047,3.7041549682617188,180,24,6,14,4,88,765,60,71,2095,0,2444,38002
oliveira/04_09/randm09.02.02.09.020_0030.02.aba.beta,True,16,9,0.817333459854126,0.05716681480407715,0.001363992691040039,0.8758642673492432,142,16,5,23,0,65,385,56,55,1411,0,1144,16674
oliveira/04_09/randm09.02.02.09.020_0030.03.aba.beta,True,14,9,1.015620231628418,0.10522174835205078,0.0009677410125732422,1.121809720993042,169,14,6,43,37,111,315,53,104,1527,0,758,10755
oliveira/04_09/randm09.02.02.09.020_0030.04.aba.beta,True,20,9,0.653156042098999,0.048696041107177734,0.002179861068725586,0.7040319442749023,123,20,7,15,17,45,362,53,33,1230,0,1707,25229
oliveira/04_09/randm09.02.02.09.020_0030.05.aba.beta,True,17,9,3.1207988262176514,0.22860264778137207,0.0018744468688964844,3.35127592086792,165,17,6,28,33,166,415,53,156,1567,0,1507,22320
oliveira/04_09/randm09.02.02.10.020_0030.01.aba.beta,True,16,6,0.15277385711669922,0.014543771743774414,0.0011661052703857422,0.16848373413085938,101,16,4,12,2,21,247,33,10,1175,0,980,14146
oliveira/04_09/randm09.02.02.10.020_0030.02.aba.beta,True,12,6,0.10073661804199219,0.010244369506835938,0.0008909702301025391,0.11187195777893066,77,12,4,9,4,15,167,30,8,747,0,718,10468
oliveira/04_09/randm09.02.02.10.020_0030.03.aba.beta,True,9,6,0.07166147232055664,0.009290933609008789,0.0009255409240722656,0.0818779468536377,53,9,4,10,2,13,98,27,9,340,0,776,11571
oliveira/04_09/randm09.02.02.10.020_0030.04.aba.beta,True,7,6,0.0370786190032959,0.005251646041870117,0.0007188320159912109,0.04304909706115723,40,7,4,8,2,9,61,22,7,254,0,598,8944
oliveira/04_09/randm09.02.02.10.020_0030.05.aba.beta,True,7,6,0.15634632110595703,0.016538619995117188,0.0007171630859375,0.17360210418701172,52,7,4,15,2,25,80,29,23,340,0,610,9010
oliveira/04_09/randm09.02.02.11.020_0030.01.aba.beta,True,17,8,0.6246163845062256,0.04190349578857422,0.00127410888671875,0.6677939891815186,163,17,5,15,3,45,542,50,34,1983,0,1053,15189
oliveira/04_09/randm09.02.02.11.020_0030.02.aba.beta,True,16,8,0.3752121925354004,0.038275718688964844,0.0010662078857421875,0.4145541191101074,100,16,5,17,2,48,196,42,38,893,0,848,12097
oliveira/04_09/randm09.02.02.11.020_0030.03.aba.beta,True,12,8,0.1155085563659668,0.01173090934753418,0.0009639263153076172,0.1282033920288086,82,12,7,16,11,18,193,42,14,759,0,768,11193
oliveira/04_09/randm09.02.02.11.020_0030.04.aba.beta,True,11,8,0.4325449466705322,0.04268002510070801,0.0008134841918945312,0.47603845596313477,107,11,5,16,19,44,172,44,39,963,0,690,9933
oliveira/04_09/randm09.02.02.11.020_0030.05.aba.beta,True,14,8,0.23468017578125,0.028390169143676758,0.0009505748748779297,0.2640209197998047,117,14,6,8,23,25,289,42,18,1327,0,802,11663
oliveira/04_09/randm09.02.02.12.020_0030.01.aba.beta,True,8,8,0.4430058002471924,0.0482180118560791,0.0007216930389404297,0.4919455051422119,67,8,5,30,7,65,75,38,63,346,0,595,8855
oliveira/04_09/randm09.02.02.12.020_0030.02.aba.beta,True,23,8,0.2566866874694824,0.02236342430114746,0.0015649795532226562,0.28061509132385254,102,23,6,15,0,34,277,49,18,877,0,1324,18921
oliveira/04_09/randm09.02.02.12.020_0030.03.aba.beta,True,20,8,0.5185861587524414,0.04367256164550781,0.001219034194946289,0.5634777545928955,115,20,5,17,0,52,308,47,38,1109,0,1051,14751
oliveira/04_09/randm09.02.02.12.020_0030.04.aba.beta,True,22,8,0.839592695236206,0.07985997200012207,0.0015285015106201172,0.9209811687469482,121,22,4,27,0,83,224,51,66,1093,0,1150,16189
oliveira/04_09/randm09.02.02.12.020_0030.05.aba.beta,True,11,8,0.37613868713378906,0.033940792083740234,0.001277923583984375,0.41135740280151367,99,11,6,17,14,32,280,44,28,806,0,930,13560
oliveira/04_09/randm09.02.02.13.020_0030.01.aba.beta,True,14,8,0.3705475330352783,0.04204821586608887,0.001458883285522461,0.41405463218688965,71,14,5,24,0,50,119,40,42,567,0,1204,18176
oliveira/04_09/randm09.02.02.13.020_0030.02.aba.beta,True,21,8,0.6285374164581299,0.04386568069458008,0.002259492874145508,0.6746625900268555,167,21,6,13,17,42,625,53,28,2110,0,1867,27751
oliveira/04_09/randm09.02.02.13.020_0030.03.aba.beta,True,24,8,9.122576475143433,0.9900641441345215,0.0019104480743408203,10.114551067352295,304,24,3,60,0,363,556,79,343,3335,0,1514,21848
oliveira/04_09/randm09.02.02.13.020_0030.04.aba.beta,True,16,8,0.49859094619750977,0.0509333610534668,0.0014390945434570312,0.5509634017944336,139,16,6,25,16,49,265,53,40,1456,0,1078,15780
oliveira/04_09/randm09.02.02.13.020_0030.05.aba.beta,True,25,8,4.613633632659912,0.30087924003601074,0.0021202564239501953,4.916633129119873,193,25,4,45,0,273,418,68,253,1743,0,1699,24521
oliveira/04_09/randm09.02.02.14.020_0030.01.aba.beta,True,9,6,0.05686020851135254,0.0066127777099609375,0.0011222362518310547,0.06459522247314453,43,9,5,7,3,9,117,25,6,398,0,916,13841
oliveira/04_09/randm09.02.02.14.020_0030.02.aba.beta,True,10,6,0.1076805591583252,0.007424592971801758,0.0009989738464355469,0.1161041259765625,72,10,5,6,1,10,273,29,6,748,0,843,12393
oliveira/04_09/randm09.02.02.14.020_0030.03.aba.beta,True,6,6,0.08028364181518555,0.010818004608154297,0.0008156299591064453,0.09191727638244629,54,6,3,16,0,16,211,25,14,514,0,662,10106
oliveira/04_09/randm09.02.02.14.020_0030.04.aba.beta,True,9,6,0.06403756141662598,0.00644230842590332,0.0012054443359375,0.0716853141784668,62,9,5,6,1,9,297,30,6,652,0,998,15264
oliveira/04_09/randm09.02.02.14.020_0030.05.aba.beta,True,6,6,0.1712818145751953,0.019298791885375977,0.0008528232574462891,0.19143342971801758,65,6,4,20,13,27,147,35,26,442,0,699,10680
oliveira/04_09/randm09.02.02.15.020_0030.01.aba.beta,True,15,8,0.2667694091796875,0.018877744674682617,0.0019025802612304688,0.2875497341156006,119,15,6,7,15,21,386,44,13,1294,0,1577,23790
oliveira/04_09/randm09.02.02.15.020_0030.02.aba.beta,True,8,8,0.1096947193145752,0.012720823287963867,0.0013647079467773438,0.1237802505493164,68,8,6,10,18,17,139,36,16,522,0,1110,16971
oliveira/04_09/randm09.02.02.15.020_0030.03.aba.beta,True,10,8,0.24437189102172852,0.024152278900146484,0.0007734298706054688,0.26929759979248047,83,10,6,16,18,32,154,36,29,600,0,650,9648
oliveira/04_09/randm09.02.02.15.020_0030.04.aba.beta,True,17,8,0.31789660453796387,0.027047157287597656,0.0010123252868652344,0.34595608711242676,104,17,6,14,10,29,193,43,19,1006,0,847,11960
oliveira/04_09/randm09.02.02.15.020_0030.05.aba.beta,True,9,8,0.7631471157073975,0.06760549545288086,0.0015995502471923828,0.8323521614074707,77,9,5,31,0,77,151,39,74,523,0,841,13140
oliveira/04_09/randm09.02.02.16.020_0030.01.aba.beta,True,8,6,0.08053040504455566,0.00844120979309082,0.0011637210845947266,0.09013533592224121,52,8,4,8,0,12,130,28,9,434,0,857,13165
oliveira/04_09/randm09.02.02.16.020_0030.02.aba.beta,True,11,6,0.9089334011077881,0.05019187927246094,0.0015053749084472656,0.9606306552886963,99,11,3,16,0,54,356,47,47,941,0,1162,17509
oliveira/04_09/randm09.02.02.16.020_0030.03.aba.beta,True,9,6,0.17742681503295898,0.012613773345947266,0.0014433860778808594,0.1914839744567871,61,9,4,9,0,17,266,29,13,575,0,1156,18005
oliveira/04_09/randm09.02.02.16.020_0030.04.aba.beta,True,5,6,0.1370241641998291,0.013216018676757812,0.0007085800170898438,0.15094876289367676,53,5,3,10,7,21,87,27,20,318,0,583,8885
oliveira/04_09/randm09.02.02.16.020_0030.05.aba.beta,True,5,6,0.019751548767089844,0.0030760765075683594,0.0007665157318115234,0.023594141006469727,25,5,5,7,1,5,48,20,6,163,0,619,9494
oliveira/04_09/randm09.02.02.17.020_0030.01.aba.beta,True,17,9,2.0392062664031982,0.1214742660522461,0.001577138900756836,2.162257671356201,182,17,6,25,1,88,682,56,78,2298,0,1276,19374
oliveira/04_09/randm09.02.02.17.020_0030.02.aba.beta,True,31,9,1.3943212032318115,0.09438323974609375,0.0028133392333984375,1.4915177822113037,185,31,6,11,2,63,608,67,39,2386,0,2217,32771
oliveira/04_09/randm09.02.02.17.020_0030.03.aba.beta,True,20,9,0.3657212257385254,0.030092716217041016,0.0016067028045654297,0.39742064476013184,104,20,7,11,2,33,241,52,21,1058,0,1248,18275
oliveira/04_09/randm09.02.02.17.020_0030.04.aba.beta,True,19,9,3.189756393432617,0.21265530586242676,0.00125885009765625,3.4036705493927,191,19,6,25,3,162,360,54,150,1915,0,1004,14047
oliveira/04_09/randm09.02.02.17.020_0030.05.aba.beta,True,26,9,1.04182767868042,0.07911109924316406,0.0027599334716796875,1.1236987113952637,175,26,6,13,10,67,511,62,48,1984,0,2178,32375
oliveira/04_09/randm09.02.02.18.020_0030.01.aba.beta,True,15,7,0.5550529956817627,0.04721808433532715,0.0012125968933105469,0.6034836769104004,120,15,4,14,2,40,372,41,30,1380,0,954,13818
oliveira/04_09/randm09.02.02.18.020_0030.02.aba.beta,True,18,7,2.066131353378296,0.16896986961364746,0.001116037368774414,2.2362172603607178,156,18,4,35,28,138,243,49,125,1317,0,886,12674
oliveira/04_09/randm09.02.02.18.020_0030.03.aba.beta,True,11,7,0.5325918197631836,0.038951873779296875,0.0013668537139892578,0.5729105472564697,103,11,4,18,11,36,357,35,30,1105,0,1053,15944
oliveira/04_09/randm09.02.02.18.020_0030.04.aba.beta,True,18,7,0.7412903308868408,0.04614114761352539,0.0017473697662353516,0.7891788482666016,130,18,4,14,2,42,431,40,29,1614,0,1414,20679
oliveira/04_09/randm09.02.02.18.020_0030.05.aba.beta,True,17,7,0.3297426700592041,0.026308774948120117,0.001634359359741211,0.35768580436706543,143,17,5,12,2,23,553,41,12,2046,0,1303,19464
oliveira/04_09/randm09.02.02.19.020_0030.01.aba.beta,True,15,8,4.392156362533569,0.53995680809021,0.001481771469116211,4.9335949420928955,196,15,6,74,31,358,329,62,350,1689,0,1192,17795
oliveira/04_09/randm09.02.02.19.020_0030.02.aba.beta,True,15,8,42.94584655761719,2.4362945556640625,0.002389192581176758,45.38453030586243,220,15,3,103,0,1203,520,78,1192,1858,0,1863,28519
oliveira/04_09/randm09.02.02.19.020_0030.03.aba.beta,True,12,8,0.39465832710266113,0.02247309684753418,0.0011034011840820312,0.41823482513427734,145,12,7,10,40,23,377,45,19,1460,0,939,13755
oliveira/04_09/randm09.02.02.19.020_0030.04.aba.beta,True,15,8,8.477808475494385,0.6108782291412354,0.0015151500701904297,9.09020185470581,167,15,4,48,0,435,447,62,425,1647,0,1168,17260
oliveira/04_09/randm09.02.02.19.020_0030.05.aba.beta,True,24,8,1.8875172138214111,0.1297926902770996,0.003042936325073242,2.020352840423584,243,24,5,15,46,87,1053,51,69,3068,0,2421,36662
oliveira/04_10/randm04.02.02.01.020_0030.01.aba.beta,True,3,3,0.004977703094482422,0.0011718273162841797,0.0006778240203857422,0.006827354431152344,12,3,2,5,1,3,12,10,3,32,0,543,8608
oliveira/04_10/randm04.02.02.01.020_0030.02.aba.beta,True,5,4,0.009610414505004883,0.002010345458984375,0.0014197826385498047,0.013040542602539062,16,5,3,5,1,5,13,12,4,40,0,1137,18044
oliveira/04_10/randm04.02.02.01.020_0030.03.aba.beta,True,6,4,0.012463808059692383,0.002493619918823242,0.0016179084777832031,0.016575336456298828,19,6,3,5,2,6,15,14,4,53,0,1285,20584
oliveira/04_10/randm04.02.02.01.020_0030.04.aba.beta,True,6,4,0.013457536697387695,0.0027680397033691406,0.0015892982482910156,0.01781487464904785,19,6,3,5,2,6,17,13,4,57,0,1246,19786
oliveira/04_10/randm04.02.02.01.020_0030.05.aba.beta,True,5,4,0.00999903678894043,0.0020771026611328125,0.0015833377838134766,0.013659477233886719,16,5,3,5,1,5,16,12,4,46,0,1286,20264
oliveira/04_10/randm04.02.02.02.020_0030.01.aba.beta,True,1,1,0.0008966922760009766,0.00030422210693359375,0.0006597042083740234,0.0018606185913085938,3,1,0,2,0,1,3,3,1,2,0,543,8623
oliveira/04_10/randm04.02.02.02.020_0030.02.aba.beta,True,1,1,0.0008957386016845703,0.0003063678741455078,0.0006873607635498047,0.0018894672393798828,3,1,0,2,0,1,3,3,1,2,0,537,8598
oliveira/04_10/randm04.02.02.02.020_0030.03.aba.beta,True,1,1,0.0008935928344726562,0.00030350685119628906,0.0006499290466308594,0.0018470287322998047,3,1,0,2,0,1,3,3,1,2,0,527,8532
oliveira/04_10/randm04.02.02.02.020_0030.04.aba.beta,True,1,1,0.0008857250213623047,0.00029659271240234375,0.0006833076477050781,0.0018656253814697266,3,1,0,2,0,1,3,3,1,2,0,536,8589
oliveira/04_10/randm04.02.02.02.020_0030.05.aba.beta,True,1,1,0.0008790493011474609,0.0003173351287841797,0.0006802082061767578,0.0018765926361083984,3,1,0,2,0,1,3,3,1,2,0,536,8583
oliveira/04_10/randm04.02.02.03.020_0030.01.aba.beta,True,2,3,0.0031392574310302734,0.0007333755493164062,0.0006709098815917969,0.0045435428619384766,11,2,2,5,2,2,13,10,3,27,0,536,8563
oliveira/04_10/randm04.02.02.03.020_0030.02.aba.beta,True,2,3,0.003478527069091797,0.0007648468017578125,0.0006625652313232422,0.0049059391021728516,11,2,2,5,2,2,21,9,3,43,0,545,8658
oliveira/04_10/randm04.02.02.03.020_0030.03.aba.beta,True,2,3,0.002997159957885742,0.0007352828979492188,0.0006771087646484375,0.0044095516204833984,10,2,2,5,2,2,9,9,3,19,0,540,8598
oliveira/04_10/randm04.02.02.03.020_0030.04.aba.beta,True,2,3,0.0028967857360839844,0.000713348388671875,0.0009729862213134766,0.004583120346069336,10,2,2,5,2,2,9,9,3,19,0,543,8612
oliveira/04_10/randm04.02.02.03.020_0030.05.aba.beta,True,3,3,0.0060231685638427734,0.0012784004211425781,0.0007936954498291016,0.008095264434814453,14,3,2,5,2,3,18,11,3,51,0,547,8614
oliveira/04_10/randm04.02.02.04.020_0030.01.aba.beta,True,1,1,0.0008997917175292969,0.00031256675720214844,0.0006492137908935547,0.001861572265625,3,1,0,2,0,1,3,3,1,2,0,529,8558
oliveira/04_10/randm04.02.02.04.020_0030.02.aba.beta,True,1,1,0.0009195804595947266,0.0003056526184082031,0.0006608963012695312,0.001886129379272461,3,1,0,2,0,1,3,3,1,2,0,531,8570
oliveira/04_10/randm04.02.02.04.020_0030.03.aba.beta,True,1,1,0.0008907318115234375,0.000301361083984375,0.0006592273712158203,0.0018513202667236328,3,1,0,2,0,1,3,3,1,2,0,532,8571
oliveira/04_10/randm04.02.02.04.020_0030.04.aba.beta,True,1,1,0.0008885860443115234,0.00030112266540527344,0.0006587505340576172,0.001848459243774414,3,1,0,2,0,1,3,3,1,2,0,535,8587
oliveira/04_10/randm04.02.02.04.020_0030.05.aba.beta,True,1,1,0.0008959770202636719,0.00030517578125,0.0006918907165527344,0.0018930435180664062,3,1,0,2,0,1,3,3,1,2,0,539,8598
oliveira/04_10/randm04.02.02.05.020_0030.01.aba.beta,True,1,2,0.0015921592712402344,0.0003421306610107422,0.0007236003875732422,0.0026578903198242188,5,1,1,4,0,1,5,5,2,6,0,533,8580
oliveira/04_10/randm04.02.02.05.020_0030.02.aba.beta,True,1,2,0.0013282299041748047,0.0003380775451660156,0.0006592273712158203,0.0023255348205566406,5,1,1,4,0,1,5,5,2,6,0,529,8561
oliveira/04_10/randm04.02.02.05.020_0030.03.aba.beta,True,1,2,0.0013017654418945312,0.0003418922424316406,0.0006992816925048828,0.0023429393768310547,5,1,1,4,0,1,5,5,2,6,0,538,8604
oliveira/04_10/randm04.02.02.05.020_0030.04.aba.beta,True,1,2,0.0012979507446289062,0.0003383159637451172,0.0006651878356933594,0.002301454544067383,5,1,1,4,0,1,5,5,2,6,0,531,8548
oliveira/04_10/randm04.02.02.05.020_0030.05.aba.beta,True,1,2,0.001293182373046875,0.0003578662872314453,0.0006544589996337891,0.0023055076599121094,5,1,1,4,0,1,5,5,2,6,0,528,8549
oliveira/04_10/randm04.02.02.06.020_0030.01.aba.beta,True,3,3,0.007164716720581055,0.0013551712036132812,0.0006928443908691406,0.009212732315063477,14,3,2,4,0,3,27,11,3,76,0,554,8748
oliveira/04_10/randm04.02.02.06.020_0030.02.aba.beta,True,3,3,0.006475925445556641,0.0012688636779785156,0.0007567405700683594,0.008501529693603516,12,3,2,4,0,3,21,10,3,67,0,568,8797
oliveira/04_10/randm04.02.02.06.020_0030.03.aba.beta,True,4,3,0.00812840461730957,0.0017726421356201172,0.0006954669952392578,0.010596513748168945,14,4,2,5,0,4,21,11,3,62,0,563,8743
oliveira/04_10/randm04.02.02.06.020_0030.04.aba.beta,True,5,3,0.013289928436279297,0.002233266830444336,0.0007369518280029297,0.016260147094726562,20,5,2,5,0,5,41,12,3,133,0,590,9046
oliveira/04_10/randm04.02.02.06.020_0030.05.aba.beta,True,3,3,0.006373405456542969,0.0012199878692626953,0.0006933212280273438,0.008286714553833008,12,3,2,4,0,3,17,10,3,48,0,559,8698
oliveira/04_10/randm04.02.02.07.020_0030.01.aba.beta,True,1,2,0.0013096332550048828,0.0003457069396972656,0.0006616115570068359,0.0023169517517089844,5,1,1,4,0,1,5,5,2,6,0,531,8557
oliveira/04_10/randm04.02.02.07.020_0030.02.aba.beta,True,1,2,0.0012958049774169922,0.00033545494079589844,0.0006735324859619141,0.0023047924041748047,5,1,1,4,0,1,5,5,2,6,0,531,8567
oliveira/04_10/randm04.02.02.07.020_0030.03.aba.beta,True,1,2,0.0013051033020019531,0.0003342628479003906,0.0006625652313232422,0.002301931381225586,5,1,1,4,0,1,5,5,2,6,0,538,8600
oliveira/04_10/randm04.02.02.07.020_0030.04.aba.beta,True,1,2,0.0013272762298583984,0.0003399848937988281,0.0006725788116455078,0.0023398399353027344,5,1,1,4,0,1,5,5,2,6,0,538,8598
oliveira/04_10/randm04.02.02.07.020_0030.05.aba.beta,True,1,2,0.001294851303100586,0.000335693359375,0.000644683837890625,0.002275228500366211,5,1,1,4,0,1,5,5,2,6,0,541,8614
oliveira/04_10/randm04.02.02.08.020_0030.01.aba.beta,True,7,4,0.044973134994506836,0.004384517669677734,0.0008630752563476562,0.05022072792053223,48,7,2,6,2,8,185,19,4,530,0,726,10901
oliveira/04_10/randm04.02.02.08.020_0030.02.aba.beta,True,6,4,0.041962623596191406,0.0035161972045898438,0.0007860660552978516,0.0462648868560791,39,6,2,5,2,7,204,14,4,363,0,639,9888
oliveira/04_10/randm04.02.02.08.020_0030.03.aba.beta,True,6,4,0.01449131965637207,0.0026886463165283203,0.0008432865142822266,0.018023252487182617,22,6,3,6,2,6,26,15,4,99,0,677,10450
oliveira/04_10/randm04.02.02.08.020_0030.04.aba.beta,True,5,4,0.010872840881347656,0.0021317005157470703,0.0007088184356689453,0.013713359832763672,17,5,3,6,2,5,13,13,4,53,0,561,8660
oliveira/04_10/randm04.02.02.08.020_0030.05.aba.beta,True,6,4,0.016724586486816406,0.0029363632202148438,0.0007691383361816406,0.02043008804321289,24,6,3,6,2,6,43,19,4,159,0,631,9493
oliveira/04_10/randm04.02.02.09.020_0030.01.aba.beta,True,2,3,0.0032720565795898438,0.0007464885711669922,0.0006687641143798828,0.004687309265136719,9,2,2,5,0,2,10,8,3,22,0,541,8608
oliveira/04_10/randm04.02.02.09.020_0030.02.aba.beta,True,2,3,0.003438711166381836,0.0007703304290771484,0.0006635189056396484,0.004872560501098633,9,2,2,5,0,2,14,8,3,30,0,534,8569
oliveira/04_10/randm04.02.02.09.020_0030.03.aba.beta,True,2,3,0.0037496089935302734,0.0009038448333740234,0.0007596015930175781,0.005413055419921875,9,2,2,5,0,2,15,8,3,30,0,545,8636
oliveira/04_10/randm04.02.02.09.020_0030.04.aba.beta,True,2,3,0.0038149356842041016,0.0008127689361572266,0.0006926059722900391,0.005320310592651367,9,2,2,5,0,2,21,8,3,42,0,553,8716
oliveira/04_10/randm04.02.02.09.020_0030.05.aba.beta,True,2,3,0.0036911964416503906,0.0008089542388916016,0.0007085800170898438,0.005208730697631836,9,2,2,5,0,2,17,8,3,36,0,549,8669
oliveira/04_10/randm04.02.02.10.020_0030.01.aba.beta,True,2,4,0.0053844451904296875,0.0009129047393798828,0.0006728172302246094,0.00697016716003418,13,2,3,5,2,2,32,12,4,66,0,556,8820
oliveira/04_10/randm04.02.02.10.020_0030.02.aba.beta,True,2,4,0.004410505294799805,0.0007865428924560547,0.0006659030914306641,0.0058629512786865234,13,2,3,6,2,2,20,10,4,42,0,530,8565
oliveira/04_10/randm04.02.02.10.020_0030.03.aba.beta,True,2,4,0.004996061325073242,0.0008869171142578125,0.0007050037384033203,0.006587982177734375,13,2,3,6,2,2,38,11,4,78,0,562,8955
oliveira/04_10/randm04.02.02.10.020_0030.04.aba.beta,True,2,4,0.004724979400634766,0.0008749961853027344,0.0006887912750244141,0.006288766860961914,13,2,3,5,2,2,30,11,4,62,0,555,8784
oliveira/04_10/randm04.02.02.10.020_0030.05.aba.beta,True,2,4,0.0048885345458984375,0.0008969306945800781,0.0007021427154541016,0.006487607955932617,13,2,3,5,2,2,31,11,4,64,0,560,8819
oliveira/04_10/randm04.02.02.11.020_0030.01.aba.beta,True,8,4,0.018265247344970703,0.0034987926483154297,0.002031087875366211,0.023795127868652344,24,8,3,6,0,8,24,16,4,82,0,1633,25528
oliveira/04_10/randm04.02.02.11.020_0030.02.aba.beta,True,8,4,0.017496824264526367,0.0034494400024414062,0.001997232437133789,0.022943496704101562,23,8,3,6,0,8,18,16,4,70,0,1592,25010
oliveira/04_10/randm04.02.02.11.020_0030.03.aba.beta,True,7,4,0.016125202178955078,0.003233671188354492,0.0010349750518798828,0.020393848419189453,20,7,3,6,0,7,15,14,4,68,0,846,13003
oliveira/04_10/randm04.02.02.11.020_0030.04.aba.beta,True,8,4,0.020244359970092773,0.0037772655487060547,0.0011608600616455078,0.025182485580444336,24,8,3,6,0,8,17,13,4,91,0,947,14701
oliveira/04_10/randm04.02.02.11.020_0030.05.aba.beta,True,8,4,0.018796920776367188,0.003590106964111328,0.0015685558319091797,0.023955583572387695,26,8,3,6,0,8,20,15,4,91,0,1183,19109
oliveira/04_10/randm04.02.02.12.020_0030.01.aba.beta,True,3,3,0.005949974060058594,0.0012047290802001953,0.0007030963897705078,0.007857799530029297,12,3,2,5,0,3,18,10,3,55,0,557,8687
oliveira/04_10/randm04.02.02.12.020_0030.02.aba.beta,True,3,3,0.006455659866333008,0.0013213157653808594,0.0006954669952392578,0.008472442626953125,13,3,2,5,0,3,19,10,3,56,0,561,8708
oliveira/04_10/randm04.02.02.12.020_0030.03.aba.beta,True,3,3,0.005838155746459961,0.0013132095336914062,0.0007064342498779297,0.007857799530029297,12,3,2,5,0,3,18,10,3,54,0,564,8717
oliveira/04_10/randm04.02.02.12.020_0030.04.aba.beta,True,3,3,0.005657196044921875,0.0012197494506835938,0.0006940364837646484,0.007570981979370117,11,3,2,5,0,3,10,9,3,28,0,545,8605
oliveira/04_10/randm04.02.02.12.020_0030.05.aba.beta,True,3,3,0.005845069885253906,0.0012178421020507812,0.0006849765777587891,0.0077478885650634766,11,3,2,5,0,3,14,9,3,36,0,544,8613
oliveira/04_10/randm04.02.02.13.020_0030.01.aba.beta,True,1,1,0.0008862018585205078,0.0002999305725097656,0.0006589889526367188,0.0018451213836669922,3,1,0,2,0,1,3,3,1,2,0,528,8539
oliveira/04_10/randm04.02.02.13.020_0030.02.aba.beta,True,1,1,0.0008764266967773438,0.0003094673156738281,0.0006771087646484375,0.0018630027770996094,3,1,0,2,0,1,3,3,1,2,0,535,8584
oliveira/04_10/randm04.02.02.13.020_0030.03.aba.beta,True,1,1,0.0008852481842041016,0.0003063678741455078,0.0006844997406005859,0.0018761157989501953,3,1,0,2,0,1,3,3,1,2,0,534,8583
oliveira/04_10/randm04.02.02.13.020_0030.04.aba.beta,True,1,1,0.0008897781372070312,0.0003058910369873047,0.0007195472717285156,0.0019152164459228516,3,1,0,2,0,1,3,3,1,2,0,537,8593
oliveira/04_10/randm04.02.02.13.020_0030.05.aba.beta,True,1,1,0.0008952617645263672,0.00030112266540527344,0.0007069110870361328,0.0019032955169677734,3,1,0,2,0,1,3,3,1,2,0,543,8623
oliveira/04_10/randm04.02.02.14.020_0030.01.aba.beta,True,4,4,0.009063959121704102,0.0018088817596435547,0.0006837844848632812,0.011556625366210938,14,4,3,6,0,4,27,11,4,64,0,568,8823
oliveira/04_10/randm04.02.02.14.020_0030.02.aba.beta,True,5,4,0.010331153869628906,0.0021321773529052734,0.0006766319274902344,0.013139963150024414,16,5,3,6,0,5,12,11,4,42,0,553,8624
oliveira/04_10/randm04.02.02.14.020_0030.03.aba.beta,True,3,4,0.008888959884643555,0.0017235279083251953,0.0006837844848632812,0.011296272277832031,14,3,2,5,0,4,22,11,4,75,0,562,8757
oliveira/04_10/randm04.02.02.14.020_0030.04.aba.beta,True,4,4,0.0094451904296875,0.0017764568328857422,0.0008034706115722656,0.012025117874145508,16,4,3,5,0,4,27,12,4,90,0,595,9229
oliveira/04_10/randm04.02.02.14.020_0030.05.aba.beta,True,4,4,0.007944107055664062,0.0016579627990722656,0.0006678104400634766,0.010269880294799805,14,4,3,6,0,4,13,11,4,36,0,546,8595
oliveira/04_10/randm04.02.02.15.020_0030.01.aba.beta,True,1,2,0.0013208389282226562,0.00037026405334472656,0.0006608963012695312,0.002351999282836914,5,1,1,4,0,1,5,4,2,6,0,533,8586
oliveira/04_10/randm04.02.02.15.020_0030.02.aba.beta,True,1,2,0.0015175342559814453,0.0004360675811767578,0.0006487369537353516,0.0026023387908935547,5,1,1,4,0,1,5,5,2,6,0,532,8581
oliveira/04_10/randm04.02.02.15.020_0030.03.aba.beta,True,1,2,0.0012886524200439453,0.0003426074981689453,0.0006759166717529297,0.0023071765899658203,5,1,1,4,0,1,5,5,2,6,0,541,8605
oliveira/04_10/randm04.02.02.15.020_0030.04.aba.beta,True,1,2,0.0013041496276855469,0.00033354759216308594,0.000644683837890625,0.002282381057739258,5,1,1,4,0,1,5,5,2,6,0,542,8616
oliveira/04_10/randm04.02.02.15.020_0030.05.aba.beta,True,1,2,0.0012862682342529297,0.000339508056640625,0.0006618499755859375,0.002287626266479492,5,1,1,4,0,1,5,5,2,6,0,534,8580
oliveira/04_10/randm04.02.02.16.020_0030.01.aba.beta,True,2,3,0.003124713897705078,0.00074005126953125,0.0006780624389648438,0.004542827606201172,11,2,2,4,2,2,11,10,3,25,0,536,8574
oliveira/04_10/randm04.02.02.16.020_0030.02.aba.beta,True,2,3,0.0033774375915527344,0.0007982254028320312,0.0006608963012695312,0.004836559295654297,11,2,2,5,2,2,14,9,3,31,0,540,8589
oliveira/04_10/randm04.02.02.16.020_0030.03.aba.beta,True,2,3,0.0032045841217041016,0.0007491111755371094,0.0006735324859619141,0.004627227783203125,11,2,2,5,2,2,15,10,3,33,0,546,8632
oliveira/04_10/randm04.02.02.16.020_0030.04.aba.beta,True,2,3,0.0031986236572265625,0.0007519721984863281,0.0006704330444335938,0.004621028900146484,11,2,2,5,2,2,14,10,3,31,0,549,8641
oliveira/04_10/randm04.02.02.16.020_0030.05.aba.beta,True,4,3,0.013018131256103516,0.0017647743225097656,0.0007121562957763672,0.015495061874389648,22,4,2,4,2,4,76,12,3,179,0,584,9060
oliveira/04_10/randm04.02.02.17.020_0030.01.aba.beta,True,2,3,0.003539562225341797,0.0007843971252441406,0.0006721019744873047,0.004996061325073242,9,2,2,5,0,2,15,8,3,30,0,549,8649
oliveira/04_10/randm04.02.02.17.020_0030.02.aba.beta,True,2,3,0.0036602020263671875,0.0007848739624023438,0.0006735324859619141,0.005118608474731445,9,2,2,5,0,2,21,8,3,42,0,553,8710
oliveira/04_10/randm04.02.02.17.020_0030.03.aba.beta,True,2,3,0.0033729076385498047,0.0007448196411132812,0.0006656646728515625,0.0047833919525146484,9,2,2,5,0,2,13,8,3,28,0,535,8562
oliveira/04_10/randm04.02.02.17.020_0030.04.aba.beta,True,2,3,0.0034494400024414062,0.0007662773132324219,0.0006766319274902344,0.0048923492431640625,9,2,2,5,0,2,15,8,3,32,0,535,8572
oliveira/04_10/randm04.02.02.17.020_0030.05.aba.beta,True,2,3,0.003484010696411133,0.0007669925689697266,0.0006577968597412109,0.00490880012512207,9,2,2,5,0,2,16,8,3,32,0,540,8576
oliveira/04_10/randm04.02.02.18.020_0030.01.aba.beta,True,6,4,0.014760971069335938,0.0027153491973876953,0.0007493495941162109,0.018225669860839844,22,6,3,6,0,6,26,17,4,111,0,616,9276
oliveira/04_10/randm04.02.02.18.020_0030.02.aba.beta,True,3,4,0.008836746215820312,0.0016589164733886719,0.0006780624389648438,0.011173725128173828,15,3,2,6,0,4,23,12,4,66,0,561,8719
oliveira/04_10/randm04.02.02.18.020_0030.03.aba.beta,True,5,4,0.029230117797851562,0.003924131393432617,0.0008111000061035156,0.033965349197387695,29,5,2,6,0,8,54,18,6,156,0,632,9660
oliveira/04_10/randm04.02.02.18.020_0030.04.aba.beta,True,6,4,0.03160572052001953,0.003787517547607422,0.0009341239929199219,0.036327362060546875,32,6,2,7,0,8,102,16,5,250,0,737,11269
oliveira/04_10/randm04.02.02.18.020_0030.05.aba.beta,True,6,4,0.017867326736450195,0.002873659133911133,0.0007433891296386719,0.021484375,26,6,3,6,0,6,50,16,4,200,0,611,9348
oliveira/04_10/randm04.02.02.19.020_0030.01.aba.beta,True,3,3,0.008177518844604492,0.001251220703125,0.0006804466247558594,0.010109186172485352,21,3,2,5,0,3,65,11,3,135,0,556,8704
oliveira/04_10/randm04.02.02.19.020_0030.02.aba.beta,True,4,3,0.010025501251220703,0.0018582344055175781,0.0006992816925048828,0.012583017349243164,16,4,2,5,0,4,27,13,3,111,0,586,8943
oliveira/04_10/randm04.02.02.19.020_0030.03.aba.beta,True,4,3,0.010636329650878906,0.0017290115356445312,0.0006747245788574219,0.01304006576538086,24,4,2,5,0,4,62,12,3,147,0,562,8741
oliveira/04_10/randm04.02.02.19.020_0030.04.aba.beta,True,3,3,0.005632162094116211,0.0011930465698242188,0.0006644725799560547,0.007489681243896484,12,3,2,5,0,3,13,10,3,42,0,546,8617
oliveira/04_10/randm04.02.02.19.020_0030.05.aba.beta,True,4,3,0.02034735679626465,0.002597332000732422,0.0007045269012451172,0.023649215698242188,26,4,1,5,0,6,92,13,4,195,0,573,8836
oliveira/04_10/randm05.02.02.01.020_0030.01.aba.beta,True,3,3,0.005339384078979492,0.0011723041534423828,0.0006597042083740234,0.0071713924407958984,14,3,2,4,2,3,16,12,3,44,0,544,8594
oliveira/04_10/randm05.02.02.01.020_0030.02.aba.beta,True,3,3,0.005588531494140625,0.0012524127960205078,0.0006787776947021484,0.007519721984863281,14,3,2,4,2,3,14,12,3,41,0,549,8628
oliveira/04_10/randm05.02.02.01.020_0030.03.aba.beta,True,4,3,0.0072672367095947266,0.0015873908996582031,0.0006666183471679688,0.009521245956420898,15,4,2,5,2,4,16,11,3,48,0,562,8687
oliveira/04_10/randm05.02.02.01.020_0030.04.aba.beta,True,3,3,0.005614519119262695,0.0012798309326171875,0.0006554126739501953,0.007549762725830078,14,3,2,5,2,3,18,10,3,44,0,545,8606
oliveira/04_10/randm05.02.02.01.020_0030.05.aba.beta,True,3,3,0.005150794982910156,0.0011851787567138672,0.0006453990936279297,0.006981372833251953,13,3,2,5,2,3,14,10,3,36,0,532,8530
oliveira/04_10/randm05.02.02.02.020_0030.01.aba.beta,True,2,3,0.0029439926147460938,0.0007269382476806641,0.0006926059722900391,0.004363536834716797,10,2,2,5,2,2,9,8,3,19,0,524,8509
oliveira/04_10/randm05.02.02.02.020_0030.02.aba.beta,True,2,3,0.003567934036254883,0.0007688999176025391,0.0006628036499023438,0.004999637603759766,11,2,2,5,2,2,17,9,3,35,0,544,8631
oliveira/04_10/randm05.02.02.02.020_0030.03.aba.beta,True,2,3,0.0036869049072265625,0.0007827281951904297,0.00067901611328125,0.005148649215698242,11,2,2,5,2,2,24,10,3,49,0,544,8682
oliveira/04_10/randm05.02.02.02.020_0030.04.aba.beta,True,2,3,0.0029757022857666016,0.0007281303405761719,0.0006711483001708984,0.004374980926513672,10,2,2,5,2,2,9,9,3,19,0,537,8583
oliveira/04_10/randm05.02.02.02.020_0030.05.aba.beta,True,2,3,0.0029578208923339844,0.0007271766662597656,0.0006749629974365234,0.0043599605560302734,10,2,2,5,2,2,9,9,3,19,0,535,8572
oliveira/04_10/randm05.02.02.03.020_0030.01.aba.beta,True,1,1,0.0008933544158935547,0.0003514289855957031,0.0010533332824707031,0.002298116683959961,3,1,0,2,0,1,3,3,1,2,0,543,8619
oliveira/04_10/randm05.02.02.03.020_0030.02.aba.beta,True,1,1,0.0008981227874755859,0.0002999305725097656,0.0006566047668457031,0.0018546581268310547,3,1,0,2,0,1,3,3,1,2,0,538,8597
oliveira/04_10/randm05.02.02.03.020_0030.03.aba.beta,True,1,1,0.0008900165557861328,0.0003063678741455078,0.0006663799285888672,0.0018627643585205078,3,1,0,2,0,1,3,3,1,2,0,537,8598
oliveira/04_10/randm05.02.02.03.020_0030.04.aba.beta,True,1,1,0.0009067058563232422,0.0003249645233154297,0.0006511211395263672,0.001882791519165039,3,1,0,2,0,1,3,3,1,2,0,534,8583
oliveira/04_10/randm05.02.02.03.020_0030.05.aba.beta,True,1,1,0.0008945465087890625,0.00030541419982910156,0.0006539821624755859,0.00185394287109375,3,1,0,2,0,1,3,3,1,2,0,521,8531
oliveira/04_10/randm05.02.02.04.020_0030.01.aba.beta,True,7,5,0.05912208557128906,0.007164716720581055,0.0009567737579345703,0.06724357604980469,51,7,3,7,0,14,173,19,11,455,0,729,11013
oliveira/04_10/randm05.02.02.04.020_0030.02.aba.beta,True,2,5,0.018824100494384766,0.003415346145629883,0.0006740093231201172,0.022913455963134766,20,2,3,11,0,7,24,18,9,65,0,543,8616
oliveira/04_10/randm05.02.02.04.020_0030.03.aba.beta,True,6,5,0.020674705505371094,0.003200054168701172,0.0007634162902832031,0.02463817596435547,28,6,4,6,0,6,39,20,5,201,0,622,9192
oliveira/04_10/randm05.02.02.04.020_0030.04.aba.beta,True,8,5,0.042789459228515625,0.006040811538696289,0.0009021759033203125,0.04973244667053223,37,8,3,7,0,10,71,24,6,229,0,666,10000
oliveira/04_10/randm05.02.02.04.020_0030.05.aba.beta,True,8,5,0.0406804084777832,0.005501508712768555,0.0007989406585693359,0.046980857849121094,34,8,3,6,0,10,68,21,6,223,0,642,9668
oliveira/04_10/randm05.02.02.05.020_0030.01.aba.beta,True,3,4,0.03603553771972656,0.005888700485229492,0.0006763935089111328,0.04260063171386719,26,3,2,12,0,13,30,18,13,103,0,551,8627
oliveira/04_10/randm05.02.02.05.020_0030.02.aba.beta,True,4,4,0.008304119110107422,0.0016493797302246094,0.0008144378662109375,0.010767936706542969,15,4,3,6,0,4,15,12,4,58,0,554,8640
oliveira/04_10/randm05.02.02.05.020_0030.03.aba.beta,True,4,4,0.011743783950805664,0.0017511844635009766,0.000732421875,0.01422739028930664,21,4,3,6,0,4,84,11,4,154,0,565,8803
oliveira/04_10/randm05.02.02.05.020_0030.04.aba.beta,True,7,4,0.0442197322845459,0.003808736801147461,0.0007450580596923828,0.04877352714538574,44,7,3,6,0,7,167,14,4,510,0,624,9463
oliveira/04_10/randm05.02.02.05.020_0030.05.aba.beta,True,4,4,0.010280609130859375,0.001806020736694336,0.0007495880126953125,0.012836217880249023,16,4,3,6,0,4,37,13,4,101,0,603,9330
oliveira/04_10/randm05.02.02.06.020_0030.01.aba.beta,True,9,5,0.06056404113769531,0.0077745914459228516,0.0010454654693603516,0.06938409805297852,54,9,3,6,0,13,151,19,8,452,0,844,12676
oliveira/04_10/randm05.02.02.06.020_0030.02.aba.beta,True,5,5,0.05032157897949219,0.006609201431274414,0.0007185935974121094,0.05764937400817871,38,5,3,7,0,12,68,23,11,224,0,582,8831
oliveira/04_10/randm05.02.02.06.020_0030.03.aba.beta,True,7,5,0.08601546287536621,0.007794618606567383,0.0008215904235839844,0.09463167190551758,66,7,3,7,0,14,286,23,11,700,0,652,9844
oliveira/04_10/randm05.02.02.06.020_0030.04.aba.beta,True,10,5,0.21555566787719727,0.01610088348388672,0.0010223388671875,0.23267889022827148,99,10,2,9,0,23,352,30,16,1002,0,859,12719
oliveira/04_10/randm05.02.02.06.020_0030.05.aba.beta,True,8,5,0.06582450866699219,0.008823156356811523,0.00075531005859375,0.07540297508239746,49,8,3,7,0,15,69,26,11,351,0,631,9238
oliveira/04_10/randm05.02.02.07.020_0030.01.aba.beta,True,8,5,0.07942056655883789,0.006061077117919922,0.0010383129119873047,0.08651995658874512,55,8,3,6,2,9,351,23,5,673,0,868,13112
oliveira/04_10/randm05.02.02.07.020_0030.02.aba.beta,True,8,5,0.12724781036376953,0.010475635528564453,0.0009889602661132812,0.13871240615844727,72,8,3,8,2,16,350,26,12,771,0,797,12092
oliveira/04_10/randm05.02.02.07.020_0030.03.aba.beta,True,8,5,0.06480550765991211,0.00910043716430664,0.0009503364562988281,0.07485628128051758,48,8,3,10,2,14,104,28,10,348,0,762,11499
oliveira/04_10/randm05.02.02.07.020_0030.04.aba.beta,True,10,5,0.27472829818725586,0.015536069869995117,0.0012564659118652344,0.2915208339691162,85,10,2,7,2,21,477,34,14,982,0,1021,15507
oliveira/04_10/randm05.02.02.07.020_0030.05.aba.beta,True,9,5,0.09957051277160645,0.0072214603424072266,0.0011794567108154297,0.1079714298248291,54,9,3,6,2,10,343,23,5,659,0,974,14767
oliveira/04_10/randm05.02.02.08.020_0030.01.aba.beta,True,4,3,0.009761571884155273,0.0017359256744384766,0.0013267993927001953,0.012824296951293945,18,4,2,4,0,4,32,12,3,75,0,789,12484
oliveira/04_10/randm05.02.02.08.020_0030.02.aba.beta,True,5,3,0.011280298233032227,0.0021965503692626953,0.0011916160583496094,0.014668464660644531,18,5,2,4,0,5,23,14,3,81,0,971,15168
oliveira/04_10/randm05.02.02.08.020_0030.03.aba.beta,True,7,3,0.016341447830200195,0.0032062530517578125,0.0007357597351074219,0.02028346061706543,25,7,2,5,0,7,24,15,3,121,0,585,8819
oliveira/04_10/randm05.02.02.08.020_0030.04.aba.beta,True,4,3,0.0072023868560791016,0.0016028881072998047,0.000682830810546875,0.009488105773925781,13,4,2,5,0,4,14,10,3,43,0,554,8652
oliveira/04_10/randm05.02.02.08.020_0030.05.aba.beta,True,4,3,0.008012771606445312,0.0016932487487792969,0.0010542869567871094,0.010760307312011719,15,4,2,4,0,4,16,12,3,48,0,851,13362
oliveira/04_10/randm05.02.02.09.020_0030.01.aba.beta,True,4,4,0.018145084381103516,0.0019125938415527344,0.0008289813995361328,0.020886659622192383,28,4,3,6,0,4,212,13,4,344,0,649,10132
oliveira/04_10/randm05.02.02.09.020_0030.02.aba.beta,True,4,4,0.021167755126953125,0.0020232200622558594,0.0007688999176025391,0.023959875106811523,30,4,3,6,2,4,148,13,4,279,0,614,9419
oliveira/04_10/randm05.02.02.09.020_0030.03.aba.beta,True,3,4,0.006990671157836914,0.0013427734375,0.0006780624389648438,0.009011507034301758,15,3,3,6,2,3,16,12,4,50,0,554,8652
oliveira/04_10/randm05.02.02.09.020_0030.04.aba.beta,True,3,4,0.006723642349243164,0.0013017654418945312,0.0006670951843261719,0.008692502975463867,15,3,3,5,2,3,16,12,4,50,0,550,8635
oliveira/04_10/randm05.02.02.09.020_0030.05.aba.beta,True,5,4,0.014410018920898438,0.002347707748413086,0.0007450580596923828,0.017502784729003906,24,5,3,6,4,5,40,12,4,143,0,579,8916
oliveira/04_10/randm05.02.02.10.020_0030.01.aba.beta,True,6,5,0.04337906837463379,0.003797292709350586,0.0007596015930175781,0.04793596267700195,44,6,4,5,1,6,208,18,5,474,0,609,9395
oliveira/04_10/randm05.02.02.10.020_0030.02.aba.beta,True,6,5,0.05494523048400879,0.005537986755371094,0.0007998943328857422,0.061283111572265625,44,6,3,7,0,9,175,20,7,420,0,618,9290
oliveira/04_10/randm05.02.02.10.020_0030.03.aba.beta,True,7,5,0.0746307373046875,0.007231235504150391,0.0008721351623535156,0.0827341079711914,58,7,4,7,5,11,177,30,9,512,0,627,9403
oliveira/04_10/randm05.02.02.10.020_0030.04.aba.beta,True,6,5,0.07743668556213379,0.006501674652099609,0.0007665157318115234,0.08470487594604492,50,6,3,5,1,10,144,24,8,397,0,626,9519
oliveira/04_10/randm05.02.02.10.020_0030.05.aba.beta,True,7,5,0.1095736026763916,0.010015249252319336,0.0009076595306396484,0.12049651145935059,56,7,2,7,0,15,153,20,11,434,0,615,9358
oliveira/04_10/randm05.02.02.11.020_0030.01.aba.beta,True,10,5,0.03461027145385742,0.00551915168762207,0.003041505813598633,0.043170928955078125,35,10,4,6,1,10,48,24,5,194,0,2333,36202
oliveira/04_10/randm05.02.02.11.020_0030.02.aba.beta,True,8,5,0.02238297462463379,0.004041194915771484,0.002306222915649414,0.028730392456054688,27,8,4,6,1,8,36,20,5,123,0,1821,28861
oliveira/04_10/randm05.02.02.11.020_0030.03.aba.beta,True,11,5,0.062090396881103516,0.00643610954284668,0.0009210109710693359,0.06944751739501953,59,11,4,7,1,11,246,21,5,627,0,762,11372
oliveira/04_10/randm05.02.02.11.020_0030.04.aba.beta,True,9,5,0.03911447525024414,0.006594419479370117,0.0008885860443115234,0.04659748077392578,34,9,3,8,1,11,57,24,6,268,0,722,10824
oliveira/04_10/randm05.02.02.11.020_0030.05.aba.beta,True,9,5,0.02839207649230957,0.004730224609375,0.0024199485778808594,0.03554224967956543,30,9,4,6,1,9,46,22,5,169,0,1940,30442
oliveira/04_10/randm05.02.02.12.020_0030.01.aba.beta,True,4,3,0.009948492050170898,0.0016906261444091797,0.0007746219635009766,0.012413740158081055,19,4,2,5,0,4,37,11,3,105,0,568,8771
oliveira/04_10/randm05.02.02.12.020_0030.02.aba.beta,True,4,3,0.0077359676361083984,0.0016605854034423828,0.0006773471832275391,0.01007390022277832,14,4,2,5,0,4,17,11,3,56,0,562,8700
oliveira/04_10/randm05.02.02.12.020_0030.03.aba.beta,True,4,3,0.016573429107666016,0.003008604049682617,0.0008213520050048828,0.020403385162353516,20,4,2,7,1,6,39,14,5,112,0,567,8966
oliveira/04_10/randm05.02.02.12.020_0030.04.aba.beta,True,4,3,0.008112192153930664,0.0016646385192871094,0.0006792545318603516,0.010456085205078125,15,4,2,4,0,4,18,12,3,71,0,570,8748
oliveira/04_10/randm05.02.02.12.020_0030.05.aba.beta,True,4,3,0.01037907600402832,0.001956462860107422,0.0007436275482177734,0.013079166412353516,17,4,2,4,0,4,34,12,3,106,0,601,9280
oliveira/04_10/randm05.02.02.13.020_0030.01.aba.beta,True,3,5,0.006594181060791016,0.0013096332550048828,0.0006854534149169922,0.00858926773071289,18,3,4,6,4,3,19,16,5,51,0,541,8576
oliveira/04_10/randm05.02.02.13.020_0030.02.aba.beta,True,9,5,0.04669618606567383,0.005611419677734375,0.0008220672607421875,0.05312967300415039,48,9,4,5,4,9,98,22,5,382,0,684,10106
oliveira/04_10/randm05.02.02.13.020_0030.03.aba.beta,True,3,5,0.007676362991333008,0.0014085769653320312,0.0007004737854003906,0.00978541374206543,19,3,4,5,4,3,32,15,5,96,0,570,8829
oliveira/04_10/randm05.02.02.13.020_0030.04.aba.beta,True,8,5,0.044211387634277344,0.005774497985839844,0.0008513927459716797,0.05083727836608887,41,8,4,8,0,9,94,23,6,363,0,703,10459
oliveira/04_10/randm05.02.02.13.020_0030.05.aba.beta,True,3,5,0.006550312042236328,0.0012805461883544922,0.0007159709930419922,0.008546829223632812,18,3,4,6,4,3,19,15,5,51,0,548,8613
oliveira/04_10/randm05.02.02.14.020_0030.01.aba.beta,True,1,1,0.0008790493011474609,0.00030541419982910156,0.0006618499755859375,0.0018463134765625,3,1,0,2,0,1,3,3,1,2,0,531,8569
oliveira/04_10/randm05.02.02.14.020_0030.02.aba.beta,True,1,1,0.0010704994201660156,0.0003886222839355469,0.0006635189056396484,0.002122640609741211,3,1,0,2,0,1,3,3,1,2,0,530,8565
oliveira/04_10/randm05.02.02.14.020_0030.03.aba.beta,True,1,1,0.0008916854858398438,0.0003020763397216797,0.0006661415100097656,0.001859903335571289,3,1,0,2,0,1,3,3,1,2,0,541,8613
oliveira/04_10/randm05.02.02.14.020_0030.04.aba.beta,True,1,1,0.0008971691131591797,0.0003018379211425781,0.0006620883941650391,0.0018610954284667969,3,1,0,2,0,1,3,3,1,2,0,532,8544
oliveira/04_10/randm05.02.02.14.020_0030.05.aba.beta,True,1,1,0.0008697509765625,0.0002942085266113281,0.0006670951843261719,0.0018310546875,3,1,0,2,0,1,3,3,1,2,0,530,8544
oliveira/04_10/randm05.02.02.15.020_0030.01.aba.beta,True,2,3,0.011232614517211914,0.0018773078918457031,0.0007719993591308594,0.013881921768188477,17,2,1,5,0,4,40,10,4,75,0,537,8584
oliveira/04_10/randm05.02.02.15.020_0030.02.aba.beta,True,3,3,0.0055694580078125,0.0012202262878417969,0.0006768703460693359,0.007466554641723633,12,3,2,5,0,3,15,10,3,44,0,552,8647
oliveira/04_10/randm05.02.02.15.020_0030.03.aba.beta,True,3,3,0.005802631378173828,0.0012657642364501953,0.0006940364837646484,0.007762432098388672,12,3,2,5,0,3,16,10,3,46,0,551,8645
oliveira/04_10/randm05.02.02.15.020_0030.04.aba.beta,True,2,3,0.008056163787841797,0.001596689224243164,0.0007183551788330078,0.010371208190917969,13,2,1,5,0,4,22,11,4,47,0,546,8654
oliveira/04_10/randm05.02.02.15.020_0030.05.aba.beta,True,2,3,0.008793115615844727,0.0017852783203125,0.0006809234619140625,0.011259317398071289,14,2,1,5,0,4,22,12,4,46,0,549,8644
oliveira/04_10/randm05.02.02.16.020_0030.01.aba.beta,True,1,1,0.0008993148803710938,0.0002980232238769531,0.0006635189056396484,0.0018608570098876953,3,1,0,2,0,1,3,3,1,2,0,534,8587
oliveira/04_10/randm05.02.02.16.020_0030.02.aba.beta,True,1,1,0.0008749961853027344,0.00029850006103515625,0.00067901611328125,0.0018525123596191406,3,1,0,2,0,1,3,3,1,2,0,540,8611
oliveira/04_10/randm05.02.02.16.020_0030.03.aba.beta,True,1,1,0.0009038448333740234,0.000301361083984375,0.0006418228149414062,0.0018470287322998047,3,1,0,2,0,1,3,3,1,2,0,534,8572
oliveira/04_10/randm05.02.02.16.020_0030.04.aba.beta,True,1,1,0.0008845329284667969,0.0003006458282470703,0.0006644725799560547,0.0018496513366699219,3,1,0,2,0,1,3,3,1,2,0,543,8622
oliveira/04_10/randm05.02.02.16.020_0030.05.aba.beta,True,1,1,0.0009009838104248047,0.0003070831298828125,0.0006825923919677734,0.0018906593322753906,3,1,0,2,0,1,3,3,1,2,0,543,8624
oliveira/04_10/randm05.02.02.17.020_0030.01.aba.beta,True,10,5,0.03385353088378906,0.005442380905151367,0.0008418560028076172,0.04013776779174805,37,10,4,7,0,10,57,22,5,249,0,696,10303
oliveira/04_10/randm05.02.02.17.020_0030.02.aba.beta,True,8,5,0.029216527938842773,0.0047223567962646484,0.0008378028869628906,0.03477668762207031,31,8,3,8,0,9,45,20,5,186,0,682,10230
oliveira/04_10/randm05.02.02.17.020_0030.03.aba.beta,True,9,5,0.15657663345336914,0.017636775970458984,0.0010232925415039062,0.17523670196533203,65,9,2,11,0,21,149,29,15,527,0,786,11602
oliveira/04_10/randm05.02.02.17.020_0030.04.aba.beta,True,9,5,0.06100630760192871,0.006500959396362305,0.001161813735961914,0.06866908073425293,45,9,3,6,0,10,172,22,5,451,0,906,13708
oliveira/04_10/randm05.02.02.17.020_0030.05.aba.beta,True,5,5,0.05839824676513672,0.0052032470703125,0.0009398460388183594,0.06454133987426758,40,5,3,7,0,8,230,15,7,423,0,662,10150
oliveira/04_10/randm05.02.02.18.020_0030.01.aba.beta,True,1,1,0.0008897781372070312,0.0003063678741455078,0.0006427764892578125,0.0018389225006103516,3,1,0,2,0,1,3,3,1,2,0,534,8577
oliveira/04_10/randm05.02.02.18.020_0030.02.aba.beta,True,1,1,0.0008869171142578125,0.00029969215393066406,0.0006632804870605469,0.0018498897552490234,3,1,0,2,0,1,3,3,1,2,0,535,8592
oliveira/04_10/randm05.02.02.18.020_0030.03.aba.beta,True,1,1,0.0008718967437744141,0.00030422210693359375,0.000682830810546875,0.0018589496612548828,3,1,0,2,0,1,3,3,1,2,0,529,8564
oliveira/04_10/randm05.02.02.18.020_0030.04.aba.beta,True,1,1,0.0008771419525146484,0.0003020763397216797,0.0006775856018066406,0.0018568038940429688,3,1,0,2,0,1,3,3,1,2,0,523,8497
oliveira/04_10/randm05.02.02.18.020_0030.05.aba.beta,True,1,1,0.0009019374847412109,0.00029730796813964844,0.0006580352783203125,0.0018572807312011719,3,1,0,2,0,1,3,3,1,2,0,533,8555
oliveira/04_10/randm05.02.02.19.020_0030.01.aba.beta,True,3,3,0.005202054977416992,0.0011527538299560547,0.0006721019744873047,0.0070269107818603516,11,3,2,5,0,3,14,9,3,35,0,553,8657
oliveira/04_10/randm05.02.02.19.020_0030.02.aba.beta,True,3,3,0.005465269088745117,0.0012969970703125,0.0006887912750244141,0.007451057434082031,11,3,2,5,0,3,13,9,3,33,0,557,8667
oliveira/04_10/randm05.02.02.19.020_0030.03.aba.beta,True,2,3,0.0034208297729492188,0.0008294582366943359,0.0006811618804931641,0.004931449890136719,9,2,2,5,0,2,13,8,3,28,0,537,8592
oliveira/04_10/randm05.02.02.19.020_0030.04.aba.beta,True,2,3,0.003281116485595703,0.0007488727569580078,0.0006575584411621094,0.00468754768371582,9,2,2,5,0,2,10,8,3,22,0,536,8571
oliveira/04_10/randm05.02.02.19.020_0030.05.aba.beta,True,3,3,0.005847454071044922,0.0014157295227050781,0.0008587837219238281,0.008121967315673828,11,3,2,5,0,3,13,9,3,33,0,537,8574
oliveira/04_10/randm06.02.02.01.020_0030.01.aba.beta,True,6,4,0.020038843154907227,0.0034325122833251953,0.000751495361328125,0.024222850799560547,24,6,3,6,0,7,32,19,5,182,0,619,9247
oliveira/04_10/randm06.02.02.01.020_0030.02.aba.beta,True,5,4,0.012710332870483398,0.002457857131958008,0.0007171630859375,0.015885353088378906,21,5,3,5,0,5,26,15,4,103,0,575,8779
oliveira/04_10/randm06.02.02.01.020_0030.03.aba.beta,True,6,4,0.017642736434936523,0.0031723976135253906,0.0007998943328857422,0.021615028381347656,23,6,3,5,0,6,33,18,4,142,0,626,9433
oliveira/04_10/randm06.02.02.01.020_0030.04.aba.beta,True,6,4,0.026067256927490234,0.003556966781616211,0.0007767677307128906,0.030400991439819336,33,6,3,6,0,7,114,18,5,266,0,619,9442
oliveira/04_10/randm06.02.02.01.020_0030.05.aba.beta,True,8,4,0.09686970710754395,0.00628209114074707,0.0008764266967773438,0.10402822494506836,59,8,2,5,0,11,335,22,6,682,0,716,10677
oliveira/04_10/randm06.02.02.02.020_0030.01.aba.beta,True,3,3,0.005212306976318359,0.0011720657348632812,0.0007071495056152344,0.007091522216796875,11,3,2,5,0,3,11,9,3,30,0,573,9040
oliveira/04_10/randm06.02.02.02.020_0030.02.aba.beta,True,2,3,0.0037355422973632812,0.0007798671722412109,0.0006582736968994141,0.005173683166503906,9,2,2,5,0,2,12,7,3,26,0,521,8482
oliveira/04_10/randm06.02.02.02.020_0030.03.aba.beta,True,2,3,0.003653287887573242,0.0007755756378173828,0.0006732940673828125,0.0051021575927734375,9,2,2,5,0,2,16,8,3,34,0,548,8665
oliveira/04_10/randm06.02.02.02.020_0030.04.aba.beta,True,2,3,0.0034775733947753906,0.0007500648498535156,0.0006947517395019531,0.004922389984130859,9,2,2,4,0,2,13,8,3,30,0,547,8639
oliveira/04_10/randm06.02.02.02.020_0030.05.aba.beta,True,3,3,0.005426168441772461,0.00131988525390625,0.0006997585296630859,0.007445812225341797,11,3,2,5,0,3,11,9,3,30,0,548,8621
oliveira/04_10/randm06.02.02.03.020_0030.01.aba.beta,True,10,5,0.02739715576171875,0.0051288604736328125,0.0026769638061523438,0.035202980041503906,28,10,4,6,0,10,22,19,5,96,0,2072,32383
oliveira/04_10/randm06.02.02.03.020_0030.02.aba.beta,True,10,5,0.029143333435058594,0.005003213882446289,0.003099203109741211,0.037245750427246094,30,10,4,6,0,10,37,18,5,126,0,2410,37949
oliveira/04_10/randm06.02.02.03.020_0030.03.aba.beta,True,9,5,0.030941486358642578,0.005411863327026367,0.0009932518005371094,0.037346601486206055,27,9,3,8,0,10,30,18,5,126,0,790,11913
oliveira/04_10/randm06.02.02.03.020_0030.04.aba.beta,True,11,5,0.036527156829833984,0.006295680999755859,0.0008847713470458984,0.04370760917663574,36,11,3,8,0,12,32,20,5,179,0,749,11042
oliveira/04_10/randm06.02.02.03.020_0030.05.aba.beta,True,8,5,0.06694769859313965,0.004756450653076172,0.0016131401062011719,0.07331728935241699,40,8,4,5,0,8,169,18,5,325,0,1252,19346
oliveira/04_10/randm06.02.02.04.020_0030.01.aba.beta,True,1,1,0.001020193099975586,0.00032448768615722656,0.0006518363952636719,0.0019965171813964844,3,1,0,2,0,1,3,3,1,2,0,525,8535
oliveira/04_10/randm06.02.02.04.020_0030.02.aba.beta,True,1,1,0.0009315013885498047,0.00031685829162597656,0.0006451606750488281,0.0018935203552246094,3,1,0,2,0,1,3,3,1,2,0,531,8571
oliveira/04_10/randm06.02.02.04.020_0030.03.aba.beta,True,1,1,0.0008962154388427734,0.00030541419982910156,0.0006642341613769531,0.0018658638000488281,3,1,0,2,0,1,3,3,1,2,0,535,8590
oliveira/04_10/randm06.02.02.04.020_0030.04.aba.beta,True,1,1,0.0008957386016845703,0.0003056526184082031,0.0006573200225830078,0.0018587112426757812,3,1,0,2,0,1,3,3,1,2,0,532,8555
oliveira/04_10/randm06.02.02.04.020_0030.05.aba.beta,True,1,1,0.0008988380432128906,0.00030303001403808594,0.00078582763671875,0.0019876956939697266,3,1,0,2,0,1,3,3,1,2,0,525,8541
oliveira/04_10/randm06.02.02.05.020_0030.01.aba.beta,True,6,5,0.1364133358001709,0.018183231353759766,0.0007343292236328125,0.15533089637756348,52,6,2,13,2,22,107,23,19,343,0,576,8844
oliveira/04_10/randm06.02.02.05.020_0030.02.aba.beta,True,7,5,0.07588505744934082,0.008192062377929688,0.0007574558258056641,0.08483457565307617,59,7,2,12,0,14,256,24,10,570,0,635,9460
oliveira/04_10/randm06.02.02.05.020_0030.03.aba.beta,True,3,5,0.009372234344482422,0.0017147064208984375,0.0007104873657226562,0.011797428131103516,19,3,4,7,4,3,41,17,5,112,0,579,9020
oliveira/04_10/randm06.02.02.05.020_0030.04.aba.beta,True,4,5,0.012403249740600586,0.0020911693572998047,0.0007388591766357422,0.015233278274536133,23,4,4,7,4,4,25,16,5,99,0,603,9503
oliveira/04_10/randm06.02.02.05.020_0030.05.aba.beta,True,8,5,0.05360865592956543,0.007246255874633789,0.0009908676147460938,0.06184577941894531,40,8,4,8,0,11,104,28,8,399,0,804,12107
oliveira/04_10/randm06.02.02.06.020_0030.01.aba.beta,True,11,5,0.1653604507446289,0.015436172485351562,0.0009715557098388672,0.18176817893981934,66,11,3,8,4,20,188,37,13,549,0,828,12207
oliveira/04_10/randm06.02.02.06.020_0030.02.aba.beta,True,6,5,0.03240966796875,0.004939556121826172,0.0007805824279785156,0.03812980651855469,30,6,3,6,2,8,68,23,6,252,0,666,10033
oliveira/04_10/randm06.02.02.06.020_0030.03.aba.beta,True,9,5,0.17150211334228516,0.008020162582397461,0.0008759498596191406,0.18039822578430176,84,9,3,2,1,13,459,27,8,1010,0,736,11085
oliveira/04_10/randm06.02.02.06.020_0030.04.aba.beta,True,6,5,0.16022825241088867,0.012434720993041992,0.000843048095703125,0.1735060214996338,76,6,2,9,1,21,332,28,18,788,0,689,10454
oliveira/04_10/randm06.02.02.06.020_0030.05.aba.beta,True,5,5,0.04511094093322754,0.006584644317626953,0.0008039474487304688,0.05249953269958496,36,5,2,8,2,11,81,18,9,238,0,612,9419
oliveira/04_10/randm06.02.02.07.020_0030.01.aba.beta,True,8,5,0.040544748306274414,0.0067484378814697266,0.0008006095886230469,0.04809379577636719,36,8,3,9,0,12,43,18,8,184,0,666,10091
oliveira/04_10/randm06.02.02.07.020_0030.02.aba.beta,True,6,5,0.07443499565124512,0.008735179901123047,0.00074005126953125,0.08391022682189941,38,6,3,8,0,14,96,23,12,254,0,591,8897
oliveira/04_10/randm06.02.02.07.020_0030.03.aba.beta,True,11,5,0.08568906784057617,0.008542060852050781,0.001070261001586914,0.09530138969421387,70,11,3,7,0,13,218,26,6,765,0,922,13523
oliveira/04_10/randm06.02.02.07.020_0030.04.aba.beta,True,8,5,0.03302145004272461,0.0055425167083740234,0.0008265972137451172,0.03939056396484375,34,8,3,6,0,10,53,21,6,205,0,595,8893
oliveira/04_10/randm06.02.02.07.020_0030.05.aba.beta,True,11,5,0.037012577056884766,0.005898475646972656,0.0009915828704833984,0.04390263557434082,37,11,4,5,0,11,67,25,5,345,0,746,10928
oliveira/04_10/randm06.02.02.08.020_0030.01.aba.beta,True,6,4,0.01658797264099121,0.002843618392944336,0.0010502338409423828,0.02048182487487793,21,6,3,6,0,6,25,16,4,124,0,860,13168
oliveira/04_10/randm06.02.02.08.020_0030.02.aba.beta,True,6,4,0.022668123245239258,0.003916263580322266,0.0011339187622070312,0.027718305587768555,26,6,2,8,0,8,34,17,5,142,0,909,14325
oliveira/04_10/randm06.02.02.08.020_0030.03.aba.beta,True,6,4,0.014375448226928711,0.0027475357055664062,0.0006933212280273438,0.01781630516052246,19,6,3,6,0,6,27,14,4,83,0,563,8736
oliveira/04_10/randm06.02.02.08.020_0030.04.aba.beta,True,6,4,0.015289306640625,0.0029134750366210938,0.0007116794586181641,0.018914461135864258,19,6,3,6,0,6,31,14,4,95,0,574,8893
oliveira/04_10/randm06.02.02.08.020_0030.05.aba.beta,True,6,4,0.02248072624206543,0.0036325454711914062,0.0009491443634033203,0.027062416076660156,25,6,2,7,0,7,50,18,4,211,0,685,10369
oliveira/04_10/randm06.02.02.09.020_0030.01.aba.beta,True,6,5,0.08114075660705566,0.00640869140625,0.0009875297546386719,0.08853697776794434,49,6,4,7,3,11,199,25,10,415,0,763,11769
oliveira/04_10/randm06.02.02.09.020_0030.02.aba.beta,True,5,5,0.0494847297668457,0.003085613250732422,0.0007255077362060547,0.05329585075378418,36,5,4,5,1,6,217,19,6,407,0,598,9231
oliveira/04_10/randm06.02.02.09.020_0030.03.aba.beta,True,5,5,0.0489044189453125,0.0057849884033203125,0.0008068084716796875,0.0554962158203125,37,5,2,11,0,10,97,21,8,269,0,657,10097
oliveira/04_10/randm06.02.02.09.020_0030.04.aba.beta,True,8,5,0.0605623722076416,0.00791621208190918,0.0010039806365966797,0.06948256492614746,47,8,3,12,1,15,130,26,11,339,0,827,12479
oliveira/04_10/randm06.02.02.09.020_0030.05.aba.beta,True,8,5,0.09498977661132812,0.009588241577148438,0.001171112060546875,0.10574913024902344,45,8,2,11,0,18,98,27,13,343,0,973,14989
oliveira/04_10/randm06.02.02.10.020_0030.01.aba.beta,True,5,4,0.01217198371887207,0.0024995803833007812,0.0006732940673828125,0.015344858169555664,18,5,2,6,0,6,15,12,4,57,0,559,8644
oliveira/04_10/randm06.02.02.10.020_0030.02.aba.beta,True,4,4,0.009387016296386719,0.0018258094787597656,0.0006959438323974609,0.011908769607543945,16,4,3,6,0,4,29,13,4,96,0,579,8920
oliveira/04_10/randm06.02.02.10.020_0030.03.aba.beta,True,3,4,0.006306648254394531,0.0013756752014160156,0.0006914138793945312,0.008373737335205078,14,3,3,5,0,3,16,12,4,48,0,544,8586
oliveira/04_10/randm06.02.02.10.020_0030.04.aba.beta,True,3,4,0.006654024124145508,0.0012824535369873047,0.0006892681121826172,0.00862574577331543,14,3,3,5,0,3,28,12,4,74,0,571,8857
oliveira/04_10/randm06.02.02.10.020_0030.05.aba.beta,True,5,4,0.010744810104370117,0.002250194549560547,0.0006651878356933594,0.013660192489624023,18,5,3,6,0,5,15,13,4,57,0,562,8662
oliveira/04_10/randm06.02.02.11.020_0030.01.aba.beta,True,11,6,0.16112470626831055,0.023783445358276367,0.0010650157928466797,0.1859731674194336,56,11,3,10,2,25,114,36,18,479,0,812,12013
oliveira/04_10/randm06.02.02.11.020_0030.02.aba.beta,True,12,6,0.8326356410980225,0.05098915100097656,0.00109100341796875,0.8847157955169678,117,12,2,12,2,49,355,35,40,1238,0,832,12318
oliveira/04_10/randm06.02.02.11.020_0030.03.aba.beta,True,14,6,0.7929530143737793,0.05913686752319336,0.0011088848114013672,0.853198766708374,123,14,3,12,2,47,421,45,37,1242,0,895,12933
oliveira/04_10/randm06.02.02.11.020_0030.04.aba.beta,True,13,6,0.25149059295654297,0.020280838012695312,0.0009829998016357422,0.272754430770874,84,13,3,6,2,23,240,30,14,893,0,824,11907
oliveira/04_10/randm06.02.02.11.020_0030.05.aba.beta,True,10,6,0.1568596363067627,0.014793157577514648,0.000946044921875,0.17259883880615234,71,10,4,12,4,20,129,38,15,496,0,723,10453
oliveira/04_10/randm06.02.02.12.020_0030.01.aba.beta,True,3,4,0.005984306335449219,0.0012524127960205078,0.0006725788116455078,0.007909297943115234,15,3,3,6,2,3,18,13,4,53,0,558,8673
oliveira/04_10/randm06.02.02.12.020_0030.02.aba.beta,True,5,4,0.010551214218139648,0.0021500587463378906,0.0007960796356201172,0.013497352600097656,18,5,3,5,2,5,24,12,4,82,0,564,8750
oliveira/04_10/randm06.02.02.12.020_0030.03.aba.beta,True,4,4,0.010249853134155273,0.0017654895782470703,0.0006852149963378906,0.012700557708740234,23,4,3,6,2,4,63,11,4,140,0,557,8725
oliveira/04_10/randm06.02.02.12.020_0030.04.aba.beta,True,3,4,0.006355762481689453,0.0012526512145996094,0.0006861686706542969,0.00829458236694336,15,3,3,6,0,3,20,13,4,61,0,561,8699
oliveira/04_10/randm06.02.02.12.020_0030.05.aba.beta,True,3,4,0.006322145462036133,0.0012793540954589844,0.0006649494171142578,0.008266448974609375,16,3,3,6,0,3,23,14,4,65,0,564,8720
oliveira/04_10/randm06.02.02.13.020_0030.01.aba.beta,True,8,4,0.10508894920349121,0.008963584899902344,0.0008318424224853516,0.1148843765258789,78,8,1,7,0,16,211,24,10,708,0,678,10113
oliveira/04_10/randm06.02.02.13.020_0030.02.aba.beta,True,5,4,0.02615666389465332,0.002752065658569336,0.0008728504180908203,0.029781579971313477,35,5,3,6,2,5,249,15,4,413,0,688,10578
oliveira/04_10/randm06.02.02.13.020_0030.03.aba.beta,True,3,4,0.04414534568786621,0.007189750671386719,0.0006704330444335938,0.05200552940368652,29,3,1,12,0,14,32,22,13,110,0,548,8618
oliveira/04_10/randm06.02.02.13.020_0030.04.aba.beta,True,5,4,0.023595809936523438,0.0026531219482421875,0.0007436275482177734,0.0269925594329834,37,5,3,6,2,5,205,14,4,398,0,600,9159
oliveira/04_10/randm06.02.02.13.020_0030.05.aba.beta,True,3,4,0.04571652412414551,0.005440711975097656,0.0007195472717285156,0.05187678337097168,29,3,1,6,0,11,61,19,10,142,0,551,8672
oliveira/04_10/randm06.02.02.14.020_0030.01.aba.beta,True,10,6,0.10207414627075195,0.012196779251098633,0.0008034706115722656,0.11507439613342285,56,10,4,14,0,19,117,27,14,444,0,642,9467
oliveira/04_10/randm06.02.02.14.020_0030.02.aba.beta,True,10,6,0.03363752365112305,0.00559544563293457,0.0007953643798828125,0.04002833366394043,33,10,5,7,0,10,27,23,6,196,0,650,9457
oliveira/04_10/randm06.02.02.14.020_0030.03.aba.beta,True,6,6,0.07134723663330078,0.010741949081420898,0.0007367134094238281,0.08282589912414551,38,6,4,13,0,19,55,26,18,242,0,599,9251
oliveira/04_10/randm06.02.02.14.020_0030.04.aba.beta,True,9,6,0.07742547988891602,0.009069442749023438,0.0008404254913330078,0.08733534812927246,69,9,4,11,3,14,185,26,10,664,0,695,10317
oliveira/04_10/randm06.02.02.14.020_0030.05.aba.beta,True,5,6,0.029437780380249023,0.004080295562744141,0.0007321834564208984,0.03425025939941406,44,5,5,8,13,7,58,23,8,262,0,600,9170
oliveira/04_10/randm06.02.02.15.020_0030.01.aba.beta,True,3,5,0.010197639465332031,0.0015044212341308594,0.0007226467132568359,0.012424707412719727,26,3,4,6,7,3,47,23,5,135,0,586,9189
oliveira/04_10/randm06.02.02.15.020_0030.02.aba.beta,True,6,5,0.05024838447570801,0.003813028335571289,0.0009152889251708984,0.054976701736450195,65,6,4,6,21,6,200,19,5,620,0,755,11540
oliveira/04_10/randm06.02.02.15.020_0030.03.aba.beta,True,4,5,0.013150691986083984,0.0020182132720947266,0.0007460117340087891,0.0159149169921875,26,4,4,7,10,4,27,19,5,111,0,585,9103
oliveira/04_10/randm06.02.02.15.020_0030.04.aba.beta,True,9,5,0.0994420051574707,0.009288787841796875,0.0007879734039306641,0.10951876640319824,71,9,3,6,0,13,173,25,8,797,0,668,9678
oliveira/04_10/randm06.02.02.15.020_0030.05.aba.beta,True,10,5,0.09009933471679688,0.007013559341430664,0.00090789794921875,0.09802079200744629,69,10,4,7,9,10,280,24,5,767,0,760,11216
oliveira/04_10/randm06.02.02.16.020_0030.01.aba.beta,True,4,3,0.007372379302978516,0.001674652099609375,0.0011205673217773438,0.010167598724365234,14,4,2,4,0,4,11,11,3,38,0,899,14447
oliveira/04_10/randm06.02.02.16.020_0030.02.aba.beta,True,4,3,0.00884556770324707,0.00174713134765625,0.0009508132934570312,0.011543512344360352,17,4,2,4,0,4,25,11,3,74,0,776,12141
oliveira/04_10/randm06.02.02.16.020_0030.03.aba.beta,True,2,3,0.0033147335052490234,0.0007960796356201172,0.001047372817993164,0.005158185958862305,8,2,2,5,0,2,7,7,3,12,0,837,13591
oliveira/04_10/randm06.02.02.16.020_0030.04.aba.beta,True,2,3,0.0031375885009765625,0.0007305145263671875,0.0010309219360351562,0.004899024963378906,8,2,2,5,0,2,7,7,3,12,0,838,13337
oliveira/04_10/randm06.02.02.16.020_0030.05.aba.beta,True,4,3,0.008516550064086914,0.0017330646514892578,0.0011162757873535156,0.011365890502929688,15,4,2,4,0,4,19,12,3,60,0,779,12143
oliveira/04_10/randm06.02.02.17.020_0030.01.aba.beta,True,6,4,0.015978574752807617,0.0028815269470214844,0.0010764598846435547,0.019936561584472656,25,6,3,5,0,6,37,15,4,124,0,869,13484
oliveira/04_10/randm06.02.02.17.020_0030.02.aba.beta,True,7,4,0.0186769962310791,0.003361225128173828,0.001165151596069336,0.023203372955322266,25,7,3,5,0,7,27,17,4,117,0,909,13943
oliveira/04_10/randm06.02.02.17.020_0030.03.aba.beta,True,7,4,0.026727914810180664,0.004607677459716797,0.0007853507995605469,0.03212094306945801,30,7,2,7,0,9,55,22,5,220,0,648,9697
oliveira/04_10/randm06.02.02.17.020_0030.04.aba.beta,True,5,4,0.015866518020629883,0.003124237060546875,0.0006990432739257812,0.01968979835510254,22,5,2,9,0,7,21,17,5,80,0,560,8670
oliveira/04_10/randm06.02.02.17.020_0030.05.aba.beta,True,7,4,0.016465425491333008,0.003467082977294922,0.0007014274597167969,0.020633935928344727,22,7,3,6,0,7,23,16,4,96,0,575,8747
oliveira/04_10/randm06.02.02.18.020_0030.01.aba.beta,True,12,6,0.0721890926361084,0.009034395217895508,0.0008628368377685547,0.08208632469177246,60,12,4,10,2,14,130,25,7,589,0,712,10122
oliveira/04_10/randm06.02.02.18.020_0030.02.aba.beta,True,10,6,0.04983186721801758,0.006669044494628906,0.0007627010345458984,0.05726361274719238,48,10,5,7,11,12,70,24,8,314,0,621,9162
oliveira/04_10/randm06.02.02.18.020_0030.03.aba.beta,True,16,6,0.0965883731842041,0.01333165168762207,0.0011601448059082031,0.11108016967773438,57,16,4,8,0,20,72,35,9,555,0,978,14199
oliveira/04_10/randm06.02.02.18.020_0030.04.aba.beta,True,10,6,0.0893392562866211,0.00998830795288086,0.000926971435546875,0.10025453567504883,67,10,4,15,0,17,228,25,12,749,0,749,11400
oliveira/04_10/randm06.02.02.18.020_0030.05.aba.beta,True,14,6,0.15631628036499023,0.014671564102172852,0.0009593963623046875,0.17194724082946777,90,14,5,12,14,22,277,39,14,821,0,802,11708
oliveira/04_10/randm06.02.02.19.020_0030.01.aba.beta,True,1,1,0.001117706298828125,0.0003943443298339844,0.000667572021484375,0.0021796226501464844,3,1,0,2,0,1,3,3,1,2,0,533,8572
oliveira/04_10/randm06.02.02.19.020_0030.02.aba.beta,True,1,1,0.0009090900421142578,0.0003044605255126953,0.0006635189056396484,0.0018770694732666016,3,1,0,2,0,1,3,3,1,2,0,537,8597
oliveira/04_10/randm06.02.02.19.020_0030.03.aba.beta,True,1,1,0.0008909702301025391,0.0002994537353515625,0.000667572021484375,0.0018579959869384766,3,1,0,2,0,1,3,3,1,2,0,533,8578
oliveira/04_10/randm06.02.02.19.020_0030.04.aba.beta,True,1,1,0.0008783340454101562,0.00030493736267089844,0.0006685256958007812,0.001851797103881836,3,1,0,2,0,1,3,3,1,2,0,523,8524
oliveira/04_10/randm06.02.02.19.020_0030.05.aba.beta,True,1,1,0.0011475086212158203,0.0005309581756591797,0.0006513595581054688,0.0023298263549804688,3,1,0,2,0,1,3,3,1,2,0,525,8527
oliveira/04_10/randm07.02.02.01.020_0030.01.aba.beta,True,1,1,0.0008914470672607422,0.00030303001403808594,0.0006473064422607422,0.0018417835235595703,3,1,0,2,0,1,3,3,1,2,0,529,8553
oliveira/04_10/randm07.02.02.01.020_0030.02.aba.beta,True,1,1,0.0008900165557861328,0.00030040740966796875,0.0006532669067382812,0.0018436908721923828,3,1,0,2,0,1,3,3,1,2,0,526,8542
oliveira/04_10/randm07.02.02.01.020_0030.03.aba.beta,True,1,1,0.0009751319885253906,0.0003066062927246094,0.0006418228149414062,0.0019235610961914062,3,1,0,2,0,1,3,3,1,2,0,531,8553
oliveira/04_10/randm07.02.02.01.020_0030.04.aba.beta,True,1,1,0.0010800361633300781,0.0005276203155517578,0.0006411075592041016,0.0022487640380859375,3,1,0,2,0,1,3,3,1,2,0,530,8550
oliveira/04_10/randm07.02.02.01.020_0030.05.aba.beta,True,1,1,0.0009126663208007812,0.0003170967102050781,0.0006451606750488281,0.0018749237060546875,3,1,0,2,0,1,3,3,1,2,0,540,8609
oliveira/04_10/randm07.02.02.02.020_0030.01.aba.beta,True,1,1,0.0008893013000488281,0.0003077983856201172,0.0006589889526367188,0.001856088638305664,3,1,0,2,0,1,3,3,1,2,0,535,8587
oliveira/04_10/randm07.02.02.02.020_0030.02.aba.beta,True,1,1,0.0008788108825683594,0.0003006458282470703,0.0006639957427978516,0.0018434524536132812,3,1,0,2,0,1,3,3,1,2,0,538,8598
oliveira/04_10/randm07.02.02.02.020_0030.03.aba.beta,True,1,1,0.0010499954223632812,0.0004773139953613281,0.0008838176727294922,0.0024111270904541016,3,1,0,2,0,1,3,3,1,2,0,533,8583
oliveira/04_10/randm07.02.02.02.020_0030.04.aba.beta,True,1,1,0.0008895397186279297,0.0003056526184082031,0.0006814002990722656,0.0018765926361083984,3,1,0,2,0,1,3,3,1,2,0,521,8515
oliveira/04_10/randm07.02.02.02.020_0030.05.aba.beta,True,1,1,0.0009064674377441406,0.0002963542938232422,0.0006682872772216797,0.0018711090087890625,3,1,0,2,0,1,3,3,1,2,0,531,8576
oliveira/04_10/randm07.02.02.03.020_0030.01.aba.beta,True,9,7,0.7663905620574951,0.06204867362976074,0.0008351802825927734,0.8292744159698486,100,9,4,27,5,68,162,40,64,739,0,703,10385
oliveira/04_10/randm07.02.02.03.020_0030.02.aba.beta,True,14,7,0.13911938667297363,0.016733884811401367,0.000797271728515625,0.15665054321289062,90,14,5,9,8,23,107,35,15,891,0,718,9940
oliveira/04_10/randm07.02.02.03.020_0030.03.aba.beta,True,16,7,1.6320784091949463,0.17543292045593262,0.0009312629699707031,1.8084425926208496,147,16,3,32,0,136,240,48,124,1289,0,779,10919
oliveira/04_10/randm07.02.02.03.020_0030.04.aba.beta,True,12,7,0.25856757164001465,0.02993941307067871,0.0008678436279296875,0.28937482833862305,91,12,4,16,0,36,125,37,29,804,0,727,10289
oliveira/04_10/randm07.02.02.03.020_0030.05.aba.beta,True,15,7,0.21610236167907715,0.02433180809020996,0.0011801719665527344,0.24161434173583984,111,15,5,26,20,36,178,39,27,857,0,953,13886
oliveira/04_10/randm07.02.02.04.020_0030.01.aba.beta,True,9,4,0.027462244033813477,0.004637241363525391,0.001397848129272461,0.03349733352661133,30,9,3,5,2,9,36,22,4,129,0,1115,17307
oliveira/04_10/randm07.02.02.04.020_0030.02.aba.beta,True,7,4,0.027295827865600586,0.004103660583496094,0.0011606216430664062,0.032560110092163086,33,7,2,7,2,8,55,21,4,219,0,960,14738
oliveira/04_10/randm07.02.02.04.020_0030.03.aba.beta,True,8,4,0.038575172424316406,0.004326581954956055,0.0020720958709716797,0.04497385025024414,43,8,3,5,2,8,145,19,4,329,0,1554,24373
oliveira/04_10/randm07.02.02.04.020_0030.04.aba.beta,True,9,4,0.02898693084716797,0.00461578369140625,0.0015363693237304688,0.03513908386230469,32,9,3,5,2,9,41,22,4,174,0,1188,18682
oliveira/04_10/randm07.02.02.04.020_0030.05.aba.beta,True,7,4,0.0217282772064209,0.0034453868865966797,0.00079345703125,0.025967121124267578,32,7,3,5,2,7,54,18,4,212,0,656,9909
oliveira/04_10/randm07.02.02.05.020_0030.01.aba.beta,True,11,6,0.14423894882202148,0.018952369689941406,0.0009520053863525391,0.16414332389831543,59,11,3,17,2,28,68,34,21,327,0,705,10345
oliveira/04_10/randm07.02.02.05.020_0030.02.aba.beta,True,9,6,0.05855965614318848,0.007185935974121094,0.0010941028594970703,0.06683969497680664,55,9,4,9,7,11,110,26,7,432,0,858,12923
oliveira/04_10/randm07.02.02.05.020_0030.03.aba.beta,True,9,6,0.14356231689453125,0.013701915740966797,0.0011415481567382812,0.15840578079223633,83,9,3,10,2,20,256,30,15,928,0,853,13045
oliveira/04_10/randm07.02.02.05.020_0030.04.aba.beta,True,8,6,0.0377192497253418,0.004753828048706055,0.0008153915405273438,0.043288469314575195,43,8,5,6,2,8,145,26,6,360,0,687,10153
oliveira/04_10/randm07.02.02.05.020_0030.05.aba.beta,True,8,6,0.05113387107849121,0.0078122615814208984,0.0007894039154052734,0.05973553657531738,41,8,4,12,2,13,77,28,10,249,0,663,9887
oliveira/04_10/randm07.02.02.06.020_0030.01.aba.beta,True,5,4,0.01255178451538086,0.0022466182708740234,0.0008153915405273438,0.015613794326782227,20,5,3,6,0,5,30,13,4,85,0,637,9945
oliveira/04_10/randm07.02.02.06.020_0030.02.aba.beta,True,6,4,0.015320539474487305,0.0027201175689697266,0.0009028911590576172,0.01894354820251465,20,6,3,6,0,6,28,15,4,118,0,756,11563
oliveira/04_10/randm07.02.02.06.020_0030.03.aba.beta,True,6,4,0.014497041702270508,0.0028333663940429688,0.0007448196411132812,0.018075227737426758,21,6,3,6,0,6,24,16,4,87,0,628,9590
oliveira/04_10/randm07.02.02.06.020_0030.04.aba.beta,True,5,4,0.011560916900634766,0.002216815948486328,0.001096487045288086,0.01487421989440918,19,5,3,6,0,5,24,15,4,102,0,891,13951
oliveira/04_10/randm07.02.02.06.020_0030.05.aba.beta,True,6,4,0.015412330627441406,0.002871274948120117,0.0012407302856445312,0.019524335861206055,21,6,3,6,0,6,21,16,4,85,0,889,13842
oliveira/04_10/randm07.02.02.07.020_0030.01.aba.beta,True,15,6,0.1729888916015625,0.017456531524658203,0.0009441375732421875,0.1913895606994629,98,15,3,9,3,25,181,39,14,1014,0,817,11560
oliveira/04_10/randm07.02.02.07.020_0030.02.aba.beta,True,13,6,0.509911298751831,0.03515338897705078,0.001255035400390625,0.5463197231292725,106,13,3,13,3,38,270,38,29,1053,0,991,14419
oliveira/04_10/randm07.02.02.07.020_0030.03.aba.beta,True,13,6,0.2391982078552246,0.020188331604003906,0.0009224414825439453,0.26030898094177246,90,13,3,14,3,30,206,32,21,768,0,787,11330
oliveira/04_10/randm07.02.02.07.020_0030.04.aba.beta,True,9,6,0.04079771041870117,0.005918979644775391,0.0012264251708984375,0.047943115234375,41,9,4,8,3,10,61,21,6,254,0,995,15314
oliveira/04_10/randm07.02.02.07.020_0030.05.aba.beta,True,11,6,0.1295332908630371,0.015313863754272461,0.0010170936584472656,0.14586424827575684,60,11,4,9,3,21,112,36,15,440,0,874,12698
oliveira/04_10/randm07.02.02.08.020_0030.01.aba.beta,True,1,1,0.0008955001831054688,0.0003066062927246094,0.0006585121154785156,0.0018606185913085938,3,1,0,2,0,1,3,3,1,2,0,542,8613
oliveira/04_10/randm07.02.02.08.020_0030.02.aba.beta,True,1,1,0.0009038448333740234,0.00029754638671875,0.0006527900695800781,0.0018541812896728516,3,1,0,2,0,1,3,3,1,2,0,539,8607
oliveira/04_10/randm07.02.02.08.020_0030.03.aba.beta,True,1,1,0.0009145736694335938,0.0003008842468261719,0.000667572021484375,0.0018830299377441406,3,1,0,2,0,1,3,3,1,2,0,534,8577
oliveira/04_10/randm07.02.02.08.020_0030.04.aba.beta,True,1,1,0.0008816719055175781,0.00031304359436035156,0.0006520748138427734,0.0018467903137207031,3,1,0,2,0,1,3,3,1,2,0,536,8592
oliveira/04_10/randm07.02.02.08.020_0030.05.aba.beta,True,1,1,0.0008821487426757812,0.0002968311309814453,0.0006542205810546875,0.001833200454711914,3,1,0,2,0,1,3,3,1,2,0,536,8587
oliveira/04_10/randm07.02.02.09.020_0030.01.aba.beta,True,5,3,0.01163482666015625,0.0021941661834716797,0.0007016658782958984,0.014530658721923828,18,5,2,5,0,5,22,14,3,103,0,580,8846
oliveira/04_10/randm07.02.02.09.020_0030.02.aba.beta,True,5,3,0.010972023010253906,0.0021479129791259766,0.0011224746704101562,0.014242410659790039,18,5,2,4,0,5,26,14,3,77,0,902,14213
oliveira/04_10/randm07.02.02.09.020_0030.03.aba.beta,True,3,3,0.005719661712646484,0.0012252330780029297,0.0006887912750244141,0.007633686065673828,12,3,2,4,0,3,12,10,3,35,0,553,8644
oliveira/04_10/randm07.02.02.09.020_0030.04.aba.beta,True,3,3,0.00620722770690918,0.0012276172637939453,0.0006873607635498047,0.00812220573425293,12,3,2,5,0,3,21,10,3,67,0,561,8758
oliveira/04_10/randm07.02.02.09.020_0030.05.aba.beta,True,3,3,0.0063974857330322266,0.0013515949249267578,0.0007174015045166016,0.008466482162475586,12,3,2,5,0,3,17,10,3,51,0,552,8661
oliveira/04_10/randm07.02.02.10.020_0030.01.aba.beta,True,1,1,0.0008831024169921875,0.0002989768981933594,0.0006494522094726562,0.0018315315246582031,3,1,0,2,0,1,3,3,1,2,0,537,8599
oliveira/04_10/randm07.02.02.10.020_0030.02.aba.beta,True,1,1,0.0009009838104248047,0.0003066062927246094,0.0006556510925292969,0.001863241195678711,3,1,0,2,0,1,3,3,1,2,0,540,8608
oliveira/04_10/randm07.02.02.10.020_0030.03.aba.beta,True,1,1,0.0009028911590576172,0.00030493736267089844,0.0006890296936035156,0.0018968582153320312,3,1,0,2,0,1,3,3,1,2,0,527,8497
oliveira/04_10/randm07.02.02.10.020_0030.04.aba.beta,True,1,1,0.0008933544158935547,0.0003228187561035156,0.0006682872772216797,0.00188446044921875,3,1,0,2,0,1,3,3,1,2,0,537,8603
oliveira/04_10/randm07.02.02.10.020_0030.05.aba.beta,True,1,1,0.0008883476257324219,0.0003066062927246094,0.0006880760192871094,0.0018830299377441406,3,1,0,2,0,1,3,3,1,2,0,528,8551
oliveira/04_10/randm07.02.02.11.020_0030.01.aba.beta,True,11,5,0.08343744277954102,0.00908803939819336,0.0009555816650390625,0.09348106384277344,49,11,3,7,0,15,124,25,8,338,0,789,11715
oliveira/04_10/randm07.02.02.11.020_0030.02.aba.beta,True,7,5,0.019143342971801758,0.003426074981689453,0.0009908676147460938,0.023560285568237305,25,7,4,5,0,7,32,19,5,161,0,796,12409
oliveira/04_10/randm07.02.02.11.020_0030.03.aba.beta,True,7,5,0.041098594665527344,0.004614114761352539,0.001209259033203125,0.04692196846008301,36,7,4,7,0,7,187,21,5,434,0,941,14858
oliveira/04_10/randm07.02.02.11.020_0030.04.aba.beta,True,9,5,0.05263066291809082,0.007615804672241211,0.0008533000946044922,0.06109976768493652,48,9,3,9,0,13,53,26,8,306,0,724,10763
oliveira/04_10/randm07.02.02.11.020_0030.05.aba.beta,True,8,5,0.07287478446960449,0.0060596466064453125,0.0009100437164306641,0.07984447479248047,55,8,3,6,0,10,190,20,6,595,0,756,11314
oliveira/04_10/randm07.02.02.12.020_0030.01.aba.beta,True,4,3,0.007815837860107422,0.0016677379608154297,0.001033782958984375,0.010517358779907227,14,4,2,5,0,4,13,11,3,42,0,817,12904
oliveira/04_10/randm07.02.02.12.020_0030.02.aba.beta,True,3,3,0.005198001861572266,0.0011670589447021484,0.0006892681121826172,0.007054328918457031,11,3,2,5,0,3,13,9,3,29,0,546,8621
oliveira/04_10/randm07.02.02.12.020_0030.03.aba.beta,True,3,3,0.005423307418823242,0.0011944770812988281,0.0006902217864990234,0.007308006286621094,11,3,2,5,0,3,16,9,3,35,0,545,8631
oliveira/04_10/randm07.02.02.12.020_0030.04.aba.beta,True,4,3,0.011916399002075195,0.001734018325805664,0.0009799003601074219,0.014630317687988281,22,4,2,5,0,4,63,10,3,131,0,792,12532
oliveira/04_10/randm07.02.02.12.020_0030.05.aba.beta,True,4,3,0.009496927261352539,0.0016951560974121094,0.0010972023010253906,0.012289285659790039,19,4,2,5,0,4,32,10,3,93,0,880,13851
oliveira/04_10/randm07.02.02.13.020_0030.01.aba.beta,True,11,7,0.1178593635559082,0.010624408721923828,0.0009582042694091797,0.1294419765472412,73,11,6,11,11,13,190,36,9,670,0,818,11991
oliveira/04_10/randm07.02.02.13.020_0030.02.aba.beta,True,14,7,0.0690758228302002,0.00993490219116211,0.0010950565338134766,0.08010578155517578,53,14,6,8,3,14,71,36,7,622,0,897,13337
oliveira/04_10/randm07.02.02.13.020_0030.03.aba.beta,True,14,7,0.20098090171813965,0.01923990249633789,0.0018055438995361328,0.22202634811401367,76,14,5,10,9,21,161,34,13,643,0,1511,22559
oliveira/04_10/randm07.02.02.13.020_0030.04.aba.beta,True,11,7,0.7162134647369385,0.06139636039733887,0.0008158683776855469,0.7784256935119629,116,11,4,28,6,79,250,50,73,1091,0,709,10167
oliveira/04_10/randm07.02.02.13.020_0030.05.aba.beta,True,16,7,0.14046669006347656,0.01758122444152832,0.001230478286743164,0.15927839279174805,77,16,5,12,3,23,98,40,13,618,0,1039,14784
oliveira/04_10/randm07.02.02.14.020_0030.01.aba.beta,True,3,3,0.006941556930541992,0.0014913082122802734,0.0007185935974121094,0.009151458740234375,12,3,2,5,0,3,23,10,3,79,0,577,8908
oliveira/04_10/randm07.02.02.14.020_0030.02.aba.beta,True,3,3,0.005880594253540039,0.001280069351196289,0.0006885528564453125,0.00784921646118164,12,3,2,5,0,3,16,10,3,51,0,559,8687
oliveira/04_10/randm07.02.02.14.020_0030.03.aba.beta,True,3,3,0.006750345230102539,0.001363992691040039,0.0007650852203369141,0.008879423141479492,12,3,2,5,0,3,27,10,3,95,0,614,9804
oliveira/04_10/randm07.02.02.14.020_0030.04.aba.beta,True,5,3,0.019292593002319336,0.002245664596557617,0.0007548332214355469,0.0222930908203125,29,5,2,4,0,5,114,13,3,246,0,604,9346
oliveira/04_10/randm07.02.02.14.020_0030.05.aba.beta,True,3,3,0.0055086612701416016,0.0012447834014892578,0.00069427490234375,0.007447719573974609,12,3,2,4,0,3,11,10,3,34,0,551,8634
oliveira/04_10/randm07.02.02.15.020_0030.01.aba.beta,True,9,7,0.09671759605407715,0.011341571807861328,0.0008206367492675781,0.10887980461120605,61,9,5,12,7,16,99,28,13,418,0,655,9562
oliveira/04_10/randm07.02.02.15.020_0030.02.aba.beta,True,14,7,0.6929948329925537,0.05899500846862793,0.0010743141174316406,0.7530641555786133,127,14,4,24,0,64,274,46,55,1217,0,849,12387
oliveira/04_10/randm07.02.02.15.020_0030.03.aba.beta,True,9,7,0.1712193489074707,0.017628192901611328,0.001065969467163086,0.18991351127624512,56,9,5,13,1,24,110,35,21,433,0,689,10203
oliveira/04_10/randm07.02.02.15.020_0030.04.aba.beta,True,10,7,0.15584373474121094,0.021942138671875,0.0008721351623535156,0.17865800857543945,50,10,5,20,2,31,52,37,27,252,0,722,10655
oliveira/04_10/randm07.02.02.15.020_0030.05.aba.beta,True,18,7,1.2610490322113037,0.06682682037353516,0.0017688274383544922,1.3296446800231934,150,18,3,8,2,72,376,44,58,1457,0,1345,19928
oliveira/04_10/randm07.02.02.16.020_0030.01.aba.beta,True,6,4,0.015161991119384766,0.003095388412475586,0.0015625953674316406,0.019819974899291992,21,6,3,6,0,6,31,16,4,107,0,1285,20027
oliveira/04_10/randm07.02.02.16.020_0030.02.aba.beta,True,8,4,0.02092146873474121,0.003839254379272461,0.0019676685333251953,0.026728391647338867,26,8,3,6,0,8,26,19,4,118,0,1591,25049
oliveira/04_10/randm07.02.02.16.020_0030.03.aba.beta,True,4,4,0.013900041580200195,0.0026657581329345703,0.0006685256958007812,0.017234325408935547,20,4,2,6,0,6,28,14,5,77,0,552,8646
oliveira/04_10/randm07.02.02.16.020_0030.04.aba.beta,True,3,4,0.013614177703857422,0.002327442169189453,0.0006988048553466797,0.016640424728393555,19,3,2,7,0,5,30,13,5,104,0,554,8664
oliveira/04_10/randm07.02.02.16.020_0030.05.aba.beta,True,8,4,0.02721571922302246,0.004224300384521484,0.0018680095672607422,0.03330802917480469,37,8,3,6,0,8,124,18,4,279,0,1417,22229
oliveira/04_10/randm07.02.02.17.020_0030.01.aba.beta,True,10,6,0.11674261093139648,0.009503602981567383,0.0011358261108398438,0.1273820400238037,89,10,5,8,19,13,313,36,9,926,0,824,12231
oliveira/04_10/randm07.02.02.17.020_0030.02.aba.beta,True,10,6,0.14753293991088867,0.013290882110595703,0.0010271072387695312,0.1618509292602539,77,10,3,10,3,17,315,32,11,771,0,874,13130
oliveira/04_10/randm07.02.02.17.020_0030.03.aba.beta,True,9,6,0.12476682662963867,0.0087127685546875,0.0008797645568847656,0.13435935974121094,90,9,5,6,17,13,330,32,10,960,0,760,11240
oliveira/04_10/randm07.02.02.17.020_0030.04.aba.beta,True,9,6,0.07502865791320801,0.006441593170166016,0.0010471343994140625,0.08251738548278809,76,9,5,7,3,9,347,29,6,931,0,748,11153
oliveira/04_10/randm07.02.02.17.020_0030.05.aba.beta,True,9,6,0.15394902229309082,0.013765811920166016,0.0010285377502441406,0.16874337196350098,62,9,3,10,3,17,197,31,12,572,0,862,12823
oliveira/04_10/randm07.02.02.18.020_0030.01.aba.beta,True,19,7,1.0474505424499512,0.07831263542175293,0.0017244815826416016,1.1274876594543457,205,19,4,23,14,61,666,52,47,2382,0,1422,20714
oliveira/04_10/randm07.02.02.18.020_0030.02.aba.beta,True,11,7,0.5050172805786133,0.07308292388916016,0.0010828971862792969,0.5791831016540527,109,11,4,8,8,36,326,40,30,1174,0,866,12900
oliveira/04_10/randm07.02.02.18.020_0030.03.aba.beta,True,12,7,0.46635985374450684,0.04770684242248535,0.0012350082397460938,0.5153017044067383,116,12,4,7,11,38,424,37,31,1212,0,1032,15289
oliveira/04_10/randm07.02.02.18.020_0030.04.aba.beta,True,18,7,1.2238106727600098,0.14724397659301758,0.0017004013061523438,1.3727550506591797,159,18,4,6,17,55,536,47,42,1744,0,1326,19430
oliveira/04_10/randm07.02.02.18.020_0030.05.aba.beta,True,19,7,1.0272605419158936,0.07548737525939941,0.0019655227661132812,1.1047134399414062,158,19,4,7,8,43,774,50,29,1932,0,1583,23081
oliveira/04_10/randm07.02.02.19.020_0030.01.aba.beta,True,9,5,0.060056209564208984,0.0059201717376708984,0.0008296966552734375,0.06680607795715332,43,9,3,8,1,11,118,23,6,338,0,672,9995
oliveira/04_10/randm07.02.02.19.020_0030.02.aba.beta,True,11,5,0.11202049255371094,0.011235713958740234,0.0009615421295166016,0.12421774864196777,70,11,2,9,1,18,201,26,10,749,0,774,11561
oliveira/04_10/randm07.02.02.19.020_0030.03.aba.beta,True,5,5,0.02929973602294922,0.002720355987548828,0.0009052753448486328,0.03292536735534668,37,5,4,7,4,5,190,21,5,336,0,724,11191
oliveira/04_10/randm07.02.02.19.020_0030.04.aba.beta,True,10,5,0.17592978477478027,0.015549421310424805,0.0008976459503173828,0.19237685203552246,81,10,2,13,1,24,219,29,17,755,0,737,10830
oliveira/04_10/randm07.02.02.19.020_0030.05.aba.beta,True,5,5,0.014112710952758789,0.0024557113647460938,0.0008835792541503906,0.017452001571655273,26,5,4,7,3,5,47,19,5,130,0,735,11353
oliveira/04_10/randm08.02.02.01.020_0030.01.aba.beta,True,13,7,0.348954439163208,0.0403139591217041,0.0009992122650146484,0.39026761054992676,98,13,4,24,0,48,228,47,40,805,0,761,10843
oliveira/04_10/randm08.02.02.01.020_0030.02.aba.beta,True,12,7,0.1218411922454834,0.013814210891723633,0.0010495185852050781,0.1367049217224121,74,12,5,10,2,18,199,39,12,698,0,893,12973
oliveira/04_10/randm08.02.02.01.020_0030.03.aba.beta,True,15,7,0.12996959686279297,0.015057086944580078,0.0011131763458251953,0.14613986015319824,65,15,5,13,0,20,128,42,11,545,0,944,13901
oliveira/04_10/randm08.02.02.01.020_0030.04.aba.beta,True,21,7,0.6282985210418701,0.044516801834106445,0.00213623046875,0.6749515533447266,124,21,4,12,0,44,440,47,28,1445,0,1542,22619
oliveira/04_10/randm08.02.02.01.020_0030.05.aba.beta,True,20,7,0.2995569705963135,0.03619742393493652,0.0013980865478515625,0.33715248107910156,111,20,5,19,3,38,327,48,24,1130,0,1070,14943
oliveira/04_10/randm08.02.02.02.020_0030.01.aba.beta,True,16,6,0.5074970722198486,0.05041861534118652,0.0009624958038330078,0.5588781833648682,91,16,3,25,1,63,118,46,51,675,0,787,10943
oliveira/04_10/randm08.02.02.02.020_0030.02.aba.beta,True,12,6,0.15430951118469238,0.01821422576904297,0.0007863044738769531,0.1733100414276123,66,12,3,12,1,27,156,31,19,535,0,660,9568
oliveira/04_10/randm08.02.02.02.020_0030.03.aba.beta,True,10,6,0.11381077766418457,0.01591801643371582,0.0007417201995849609,0.13047051429748535,62,10,3,18,1,26,82,28,20,439,0,641,9292
oliveira/04_10/randm08.02.02.02.020_0030.04.aba.beta,True,11,6,0.2668628692626953,0.035800933837890625,0.0007734298706054688,0.3034372329711914,74,11,3,22,1,50,242,27,43,640,0,668,9797
oliveira/04_10/randm08.02.02.02.020_0030.05.aba.beta,True,18,6,0.22393798828125,0.02154064178466797,0.0009799003601074219,0.2464585304260254,113,18,3,8,1,25,219,33,11,1237,0,859,11856
oliveira/04_10/randm08.02.02.03.020_0030.01.aba.beta,True,9,7,0.16270160675048828,0.021294832229614258,0.0008771419525146484,0.1848735809326172,64,9,4,18,2,33,97,35,29,389,0,689,10271
oliveira/04_10/randm08.02.02.03.020_0030.02.aba.beta,True,11,7,0.2519400119781494,0.02296924591064453,0.0009605884552001953,0.27586984634399414,78,11,4,10,0,29,196,39,23,647,0,810,11876
oliveira/04_10/randm08.02.02.03.020_0030.03.aba.beta,True,9,7,0.38301539421081543,0.044588565826416016,0.0011889934539794922,0.42879295349121094,80,9,5,27,7,56,116,47,53,491,0,952,14457
oliveira/04_10/randm08.02.02.03.020_0030.04.aba.beta,True,11,7,0.4174025058746338,0.03396964073181152,0.0008602142333984375,0.45223236083984375,75,11,4,15,0,41,244,35,35,668,0,693,10115
oliveira/04_10/randm08.02.02.03.020_0030.05.aba.beta,True,9,7,0.5198554992675781,0.0529322624206543,0.0007836818695068359,0.5735714435577393,81,9,5,30,2,62,135,43,59,528,0,656,9585
oliveira/04_10/randm08.02.02.04.020_0030.01.aba.beta,True,3,6,0.1030418872833252,0.012043476104736328,0.0007021427154541016,0.11578750610351562,35,3,3,15,0,18,69,23,19,188,0,558,8738
oliveira/04_10/randm08.02.02.04.020_0030.02.aba.beta,True,11,6,0.12382388114929199,0.015401601791381836,0.0007798671722412109,0.14000535011291504,74,11,5,10,13,21,138,33,16,496,0,664,9723
oliveira/04_10/randm08.02.02.04.020_0030.03.aba.beta,True,10,6,0.16305017471313477,0.01620006561279297,0.0009517669677734375,0.18020200729370117,72,10,3,16,0,22,387,27,16,737,0,783,11727
oliveira/04_10/randm08.02.02.04.020_0030.04.aba.beta,True,13,6,0.10585474967956543,0.009629011154174805,0.0009131431579589844,0.11639690399169922,84,13,5,8,10,13,286,28,6,926,0,784,11267
oliveira/04_10/randm08.02.02.04.020_0030.05.aba.beta,True,9,6,0.16816210746765137,0.01651763916015625,0.0008966922760009766,0.1855764389038086,59,9,3,11,1,23,129,31,18,436,0,752,11314
oliveira/04_10/randm08.02.02.05.020_0030.01.aba.beta,True,5,5,0.016614913940429688,0.0027496814727783203,0.0009927749633789062,0.020357370376586914,25,5,4,6,4,5,36,20,5,134,0,822,12762
oliveira/04_10/randm08.02.02.05.020_0030.02.aba.beta,True,4,5,0.012217521667480469,0.0020661354064941406,0.0007345676422119141,0.015018224716186523,23,4,4,6,4,4,30,19,5,104,0,594,9170
oliveira/04_10/randm08.02.02.05.020_0030.03.aba.beta,True,5,5,0.04816436767578125,0.006926298141479492,0.0008146762847900391,0.05590534210205078,38,5,4,10,4,12,65,29,12,236,0,655,10062
oliveira/04_10/randm08.02.02.05.020_0030.04.aba.beta,True,4,5,0.02644968032836914,0.003804922103881836,0.0007884502410888672,0.031043052673339844,40,4,4,10,10,7,82,19,8,225,0,620,9634
oliveira/04_10/randm08.02.02.05.020_0030.05.aba.beta,True,5,5,0.03520655632019043,0.00471186637878418,0.0007634162902832031,0.04068183898925781,45,5,3,5,5,8,155,22,7,398,0,611,9217
oliveira/04_10/randm08.02.02.06.020_0030.01.aba.beta,True,12,8,0.3612244129180908,0.031111717224121094,0.00103759765625,0.3933737277984619,86,12,5,17,5,35,242,38,29,908,0,734,10706
oliveira/04_10/randm08.02.02.06.020_0030.02.aba.beta,True,13,8,0.7667291164398193,0.06591248512268066,0.0009670257568359375,0.8336086273193359,104,13,5,12,8,43,229,49,36,1002,0,783,11158
oliveira/04_10/randm08.02.02.06.020_0030.03.aba.beta,True,14,8,0.24627017974853516,0.02320265769958496,0.0011203289031982422,0.27059316635131836,128,14,6,8,11,21,359,40,14,1421,0,863,12436
oliveira/04_10/randm08.02.02.06.020_0030.04.aba.beta,True,14,8,0.24585413932800293,0.023800134658813477,0.0008974075317382812,0.2705516815185547,82,14,5,11,1,28,172,43,20,716,0,765,10772
oliveira/04_10/randm08.02.02.06.020_0030.05.aba.beta,True,19,8,1.0958454608917236,0.10373735427856445,0.0010387897491455078,1.2006216049194336,114,19,4,35,1,112,131,51,98,829,0,864,11929
oliveira/04_10/randm08.02.02.07.020_0030.01.aba.beta,True,1,1,0.0009272098541259766,0.00030112266540527344,0.0006663799285888672,0.0018947124481201172,3,1,0,2,0,1,3,3,1,2,0,536,8587
oliveira/04_10/randm08.02.02.07.020_0030.02.aba.beta,True,1,1,0.000881195068359375,0.00030159950256347656,0.0006499290466308594,0.001832723617553711,3,1,0,2,0,1,3,3,1,2,0,524,8514
oliveira/04_10/randm08.02.02.07.020_0030.03.aba.beta,True,1,1,0.0009903907775878906,0.0003895759582519531,0.0006525516510009766,0.0020325183868408203,3,1,0,2,0,1,3,3,1,2,0,519,8504
oliveira/04_10/randm08.02.02.07.020_0030.04.aba.beta,True,1,1,0.0008971691131591797,0.0002999305725097656,0.0006608963012695312,0.0018579959869384766,3,1,0,2,0,1,3,3,1,2,0,539,8604
oliveira/04_10/randm08.02.02.07.020_0030.05.aba.beta,True,1,1,0.001020193099975586,0.0003533363342285156,0.0006630420684814453,0.002036571502685547,3,1,0,2,0,1,3,3,1,2,0,530,8566
oliveira/04_10/randm08.02.02.08.020_0030.01.aba.beta,True,14,6,1.7565398216247559,0.13156819343566895,0.0011587142944335938,1.8892667293548584,175,14,2,38,7,108,585,56,97,1797,0,939,13505
oliveira/04_10/randm08.02.02.08.020_0030.02.aba.beta,True,9,6,1.4374747276306152,0.1518256664276123,0.001112222671508789,1.5904126167297363,116,9,1,49,0,130,234,53,123,826,0,846,12896
oliveira/04_10/randm08.02.02.08.020_0030.03.aba.beta,True,16,6,0.6658029556274414,0.057160377502441406,0.0017085075378417969,0.7246718406677246,115,16,3,28,6,74,339,47,62,1052,0,1211,18236
oliveira/04_10/randm08.02.02.08.020_0030.04.aba.beta,True,8,6,0.7598812580108643,0.11703991889953613,0.0008413791656494141,0.8777625560760498,96,8,1,46,0,97,132,60,91,580,0,666,9749
oliveira/04_10/randm08.02.02.08.020_0030.05.aba.beta,True,9,6,0.6600475311279297,0.05656862258911133,0.0011091232299804688,0.7177252769470215,94,9,3,27,3,66,322,39,61,831,0,906,13603
oliveira/04_10/randm08.02.02.09.020_0030.01.aba.beta,True,12,7,0.08688592910766602,0.010746002197265625,0.0015010833740234375,0.09913301467895508,56,12,6,9,4,17,100,35,12,397,0,1247,19041
oliveira/04_10/randm08.02.02.09.020_0030.02.aba.beta,True,17,7,1.0718390941619873,0.05238771438598633,0.002073049545288086,1.1262998580932617,139,17,4,18,10,48,681,53,36,1560,0,1595,24137
oliveira/04_10/randm08.02.02.09.020_0030.03.aba.beta,True,12,7,0.3734884262084961,0.049736738204956055,0.0012621879577636719,0.4244873523712158,87,12,4,20,5,50,169,38,43,605,0,1029,15420
oliveira/04_10/randm08.02.02.09.020_0030.04.aba.beta,True,14,7,0.23070073127746582,0.017099380493164062,0.0017757415771484375,0.24957585334777832,115,14,5,11,11,19,521,33,11,1215,0,1460,21919
oliveira/04_10/randm08.02.02.09.020_0030.05.aba.beta,True,12,7,0.23713040351867676,0.029074907302856445,0.0016067028045654297,0.26781201362609863,81,12,4,27,0,39,130,35,32,549,0,1326,20216
oliveira/04_10/randm08.02.02.10.020_0030.01.aba.beta,True,26,7,0.6103236675262451,0.037445068359375,0.0019307136535644531,0.6496994495391846,148,26,4,10,0,40,431,44,19,1649,0,1572,22265
oliveira/04_10/randm08.02.02.10.020_0030.02.aba.beta,True,14,7,0.3263838291168213,0.02762293815612793,0.0015902519226074219,0.35559701919555664,113,14,5,13,11,27,432,38,19,1218,0,1308,19618
oliveira/04_10/randm08.02.02.10.020_0030.03.aba.beta,True,12,7,0.3666958808898926,0.04596996307373047,0.0011935234069824219,0.41385936737060547,145,12,5,22,26,44,453,46,38,1456,0,968,14152
oliveira/04_10/randm08.02.02.10.020_0030.04.aba.beta,True,12,7,0.3309459686279297,0.03847050666809082,0.0020020008087158203,0.37141847610473633,112,12,5,19,6,37,515,39,31,1125,0,1629,24910
oliveira/04_10/randm08.02.02.10.020_0030.05.aba.beta,True,16,7,0.47398996353149414,0.03227043151855469,0.0026230812072753906,0.5088834762573242,107,16,4,7,3,32,437,41,21,1120,0,2085,32659
oliveira/04_10/randm08.02.02.11.020_0030.01.aba.beta,True,24,8,7.753845691680908,1.182772159576416,0.0014472007751464844,8.93806505203247,235,24,2,110,2,525,306,69,504,1880,0,1236,17026
oliveira/04_10/randm08.02.02.11.020_0030.02.aba.beta,True,25,8,0.4241664409637451,0.0631096363067627,0.0035538673400878906,0.4908299446105957,128,25,5,13,2,41,177,44,22,1057,0,2787,42836
oliveira/04_10/randm08.02.02.11.020_0030.03.aba.beta,True,19,8,0.8032426834106445,0.07703351974487305,0.001596212387084961,0.8818724155426025,144,19,5,17,10,74,249,49,61,1364,0,1337,19905
oliveira/04_10/randm08.02.02.11.020_0030.04.aba.beta,True,12,8,0.2066490650177002,0.018561124801635742,0.0014297962188720703,0.226639986038208,81,12,5,10,13,22,171,33,16,716,0,1177,17407
oliveira/04_10/randm08.02.02.11.020_0030.05.aba.beta,True,20,8,0.7031416893005371,0.07085776329040527,0.0016336441040039062,0.7756330966949463,139,20,5,18,7,66,224,46,52,1335,0,1409,20272
oliveira/04_10/randm08.02.02.12.020_0030.01.aba.beta,True,7,5,0.05214643478393555,0.005336284637451172,0.0009207725524902344,0.05840349197387695,48,7,3,7,0,9,219,20,6,447,0,747,11463
oliveira/04_10/randm08.02.02.12.020_0030.02.aba.beta,True,5,5,0.027134418487548828,0.00448918342590332,0.0007474422454833984,0.03237104415893555,25,5,3,10,0,8,43,21,7,174,0,604,9334
oliveira/04_10/randm08.02.02.12.020_0030.03.aba.beta,True,8,5,0.08820438385009766,0.008056640625,0.0013153553009033203,0.09757637977600098,51,8,3,6,0,11,228,26,7,544,0,1097,16755
oliveira/04_10/randm08.02.02.12.020_0030.04.aba.beta,True,8,5,0.056314945220947266,0.00510859489440918,0.0009369850158691406,0.062360525131225586,48,8,3,6,0,9,289,17,5,547,0,777,11693
oliveira/04_10/randm08.02.02.12.020_0030.05.aba.beta,True,6,5,0.08532357215881348,0.007737159729003906,0.0008432865142822266,0.09390401840209961,48,6,3,13,0,13,188,27,11,451,0,693,10572
oliveira/04_10/randm08.02.02.13.020_0030.01.aba.beta,True,17,8,1.8625679016113281,0.20851755142211914,0.0015099048614501953,2.0725953578948975,161,17,5,16,5,85,558,55,74,1832,0,1218,17808
oliveira/04_10/randm08.02.02.13.020_0030.02.aba.beta,True,26,8,5.277193069458008,0.3676314353942871,0.0028595924377441406,5.647684097290039,238,26,4,23,5,156,832,65,135,2633,0,2290,33890
oliveira/04_10/randm08.02.02.13.020_0030.03.aba.beta,True,19,8,1.3155500888824463,0.08474516868591309,0.0018444061279296875,1.402139663696289,154,19,5,16,22,67,483,55,54,1548,0,1493,22005
oliveira/04_10/randm08.02.02.13.020_0030.04.aba.beta,True,20,8,2.3529999256134033,0.2774519920349121,0.002181529998779297,2.6326334476470947,184,20,4,16,5,95,614,66,80,1963,0,1704,25399
oliveira/04_10/randm08.02.02.13.020_0030.05.aba.beta,True,27,8,3.146082639694214,0.3963301181793213,0.0025768280029296875,3.544989585876465,254,27,4,19,5,112,1050,65,90,3005,0,2099,31264
oliveira/04_10/randm08.02.02.14.020_0030.01.aba.beta,True,17,6,0.4485292434692383,0.030261754989624023,0.0019292831420898438,0.48072028160095215,114,17,4,5,5,21,538,42,9,1317,0,1570,23570
oliveira/04_10/randm08.02.02.14.020_0030.02.aba.beta,True,14,6,0.38150811195373535,0.025539398193359375,0.0016255378723144531,0.4086730480194092,116,14,3,6,5,23,501,39,13,1294,0,1348,20361
oliveira/04_10/randm08.02.02.14.020_0030.03.aba.beta,True,11,6,0.4569051265716553,0.028303861618041992,0.0012357234954833984,0.48644471168518066,90,11,3,5,5,28,355,39,21,957,0,933,14005
oliveira/04_10/randm08.02.02.14.020_0030.04.aba.beta,True,7,6,0.2133028507232666,0.017230987548828125,0.001348733901977539,0.23188257217407227,62,7,3,7,8,19,208,31,16,560,0,1045,16531
oliveira/04_10/randm08.02.02.14.020_0030.05.aba.beta,True,14,6,0.3379085063934326,0.027746915817260742,0.0018508434295654297,0.3675062656402588,107,14,4,8,5,30,403,41,21,1194,0,1520,22642
oliveira/04_10/randm08.02.02.15.020_0030.01.aba.beta,True,10,5,0.08463191986083984,0.008385896682739258,0.0010073184967041016,0.0940251350402832,56,10,2,12,2,15,184,28,8,501,0,826,12365
oliveira/04_10/randm08.02.02.15.020_0030.02.aba.beta,True,11,5,0.10464668273925781,0.01000523567199707,0.0012865066528320312,0.11593842506408691,80,11,2,9,2,16,319,29,8,775,0,1041,15815
oliveira/04_10/randm08.02.02.15.020_0030.03.aba.beta,True,9,5,0.04347062110900879,0.006102323532104492,0.001157999038696289,0.05073094367980957,38,9,3,5,2,10,82,24,5,301,0,964,14634
oliveira/04_10/randm08.02.02.15.020_0030.04.aba.beta,True,8,5,0.08234834671020508,0.009866952896118164,0.0010733604431152344,0.09328866004943848,52,8,2,11,2,15,176,28,10,452,0,879,13427
oliveira/04_10/randm08.02.02.15.020_0030.05.aba.beta,True,18,5,0.22104191780090332,0.014783620834350586,0.002519845962524414,0.23834538459777832,105,18,3,5,2,19,481,32,5,1169,0,2040,31010
oliveira/04_10/randm08.02.02.16.020_0030.01.aba.beta,True,10,5,0.08895087242126465,0.008168935775756836,0.0011553764343261719,0.09827518463134766,57,10,3,7,3,12,188,25,6,523,0,793,11719
oliveira/04_10/randm08.02.02.16.020_0030.02.aba.beta,True,9,5,0.11940121650695801,0.007869482040405273,0.0008480548858642578,0.12811875343322754,67,9,3,8,3,11,344,21,6,779,0,698,10447
oliveira/04_10/randm08.02.02.16.020_0030.03.aba.beta,True,8,5,0.07825779914855957,0.007970809936523438,0.0011234283447265625,0.08735203742980957,54,8,3,10,2,12,248,29,8,590,0,832,12668
oliveira/04_10/randm08.02.02.16.020_0030.04.aba.beta,True,5,5,0.08013272285461426,0.00949859619140625,0.0008852481842041016,0.09051656723022461,45,5,3,11,2,17,97,26,16,265,0,657,10102
oliveira/04_10/randm08.02.02.16.020_0030.05.aba.beta,True,3,5,0.07732939720153809,0.008496284484863281,0.0007717609405517578,0.08659744262695312,45,3,3,8,1,15,169,23,16,364,0,619,9762
oliveira/04_10/randm08.02.02.17.020_0030.01.aba.beta,True,12,6,0.12235307693481445,0.015022039413452148,0.0009310245513916016,0.1383061408996582,65,12,4,14,12,25,117,33,18,480,0,801,11736
oliveira/04_10/randm08.02.02.17.020_0030.02.aba.beta,True,15,6,0.10483860969543457,0.012506961822509766,0.0016164779663085938,0.11896204948425293,74,15,4,9,0,18,251,29,8,822,0,1331,20198
oliveira/04_10/randm08.02.02.17.020_0030.03.aba.beta,True,14,6,0.10887408256530762,0.013787031173706055,0.0011763572692871094,0.12383747100830078,67,14,4,10,0,20,111,31,11,531,0,955,14112
oliveira/04_10/randm08.02.02.17.020_0030.04.aba.beta,True,12,6,0.07797980308532715,0.012000560760498047,0.0009226799011230469,0.09090304374694824,48,12,4,14,0,20,82,30,13,360,0,782,11465
oliveira/04_10/randm08.02.02.17.020_0030.05.aba.beta,True,15,6,0.08544635772705078,0.011661052703857422,0.0012125968933105469,0.09832000732421875,63,15,4,10,0,19,188,33,9,594,0,998,15112
oliveira/04_10/randm08.02.02.18.020_0030.01.aba.beta,True,11,6,0.10850834846496582,0.01566338539123535,0.0008032321929931641,0.12497496604919434,51,11,4,12,2,19,95,30,13,384,0,691,10104
oliveira/04_10/randm08.02.02.18.020_0030.02.aba.beta,True,13,6,1.375739336013794,0.05466866493225098,0.0019562244415283203,1.4323642253875732,104,13,3,11,2,52,511,41,43,1181,0,1449,22348
oliveira/04_10/randm08.02.02.18.020_0030.03.aba.beta,True,8,6,0.07836604118347168,0.008250951766967773,0.0011200904846191406,0.0877370834350586,45,8,4,4,4,12,158,25,9,345,0,905,13823
oliveira/04_10/randm08.02.02.18.020_0030.04.aba.beta,True,16,6,1.3379731178283691,0.08475637435913086,0.002038717269897461,1.4247682094573975,141,16,2,14,2,79,511,49,66,1416,0,1569,23647
oliveira/04_10/randm08.02.02.18.020_0030.05.aba.beta,True,14,6,0.37343692779541016,0.027714014053344727,0.0016207695007324219,0.4027717113494873,102,14,3,6,2,34,433,37,24,1143,0,1330,20161
oliveira/04_10/randm08.02.02.19.020_0030.01.aba.beta,True,11,8,0.08760714530944824,0.013700246810913086,0.0008592605590820312,0.10216665267944336,70,11,6,9,12,13,126,35,9,630,0,732,10596
oliveira/04_10/randm08.02.02.19.020_0030.02.aba.beta,True,16,8,0.8859493732452393,0.0642247200012207,0.0015521049499511719,0.9517261981964111,145,16,5,20,17,60,420,47,50,1590,0,1242,18920
oliveira/04_10/randm08.02.02.19.020_0030.03.aba.beta,True,12,8,0.17475175857543945,0.019051313400268555,0.0009770393371582031,0.1947801113128662,72,12,6,13,16,24,129,41,19,551,0,797,11489
oliveira/04_10/randm08.02.02.19.020_0030.04.aba.beta,True,13,8,0.13724064826965332,0.014643192291259766,0.0008399486541748047,0.1527237892150879,79,13,6,10,25,18,98,39,12,641,0,713,10341
oliveira/04_10/randm08.02.02.19.020_0030.05.aba.beta,True,20,8,0.7447702884674072,0.0667107105255127,0.0015718936920166016,0.8130528926849365,140,20,5,16,0,58,290,58,44,1568,0,1326,19102
oliveira/04_10/randm09.02.02.01.020_0030.01.aba.beta,True,22,9,2.5409839153289795,0.16454601287841797,0.0035562515258789062,2.7090861797332764,194,22,6,9,22,86,566,56,71,2090,0,2622,40809
oliveira/04_10/randm09.02.02.01.020_0030.02.aba.beta,True,9,7,0.21382641792297363,0.027277708053588867,0.001093149185180664,0.24219727516174316,63,9,4,9,5,23,156,34,19,521,0,877,13425
oliveira/04_10/randm09.02.02.01.020_0030.03.aba.beta,True,16,9,19.912702083587646,2.1827924251556396,0.0014197826385498047,22.096914291381836,189,16,5,51,15,659,381,63,649,1577,0,1092,16085
oliveira/04_10/randm09.02.02.01.020_0030.04.aba.beta,True,22,9,4.900097608566284,0.37212061882019043,0.004209995269775391,5.27642822265625,209,22,5,22,7,164,499,63,148,2213,0,3315,50786
oliveira/04_10/randm09.02.02.01.020_0030.05.aba.beta,True,23,9,6.313655853271484,0.4086942672729492,0.004534482955932617,6.726884603500366,259,23,6,27,50,191,729,66,175,2846,0,3507,54309
oliveira/04_10/randm09.02.02.02.020_0030.01.aba.beta,True,22,8,0.7042884826660156,0.06264185905456543,0.0021066665649414062,0.7690370082855225,139,22,4,17,8,64,173,47,47,1131,0,1780,26097
oliveira/04_10/randm09.02.02.02.020_0030.02.aba.beta,True,25,7,0.3918037414550781,0.029384374618530273,0.0028460025787353516,0.42403411865234375,123,25,5,8,7,30,252,54,11,1139,0,2177,32634
oliveira/04_10/randm09.02.02.02.020_0030.03.aba.beta,True,26,8,0.45107245445251465,0.032863616943359375,0.0020799636840820312,0.48601603507995605,147,26,6,9,2,33,348,54,14,1620,0,1743,25200
